stim1,stim2,stim3,stim4,stim5,stim6,stim7,stim8,stim9,pos9,pos8,sizeok,pos6,pos7,pos4,pos5,pos2,pos3,pos1,pos14,pos15,pos16,size7,pos10,pos11,pos12,pos13,sernum,setsize,size8,size9,trialtype,stim12,stim13,stim10,stim11,stim16,stim14,stim15,ser,size4,size5,size6,size16,size14,size15,size12,size13,size10,size11,size1,posok,ok,size2,size3,numtrial,trialtypenum,n,mouse_main1.leftButton_mean,mouse_main1.leftButton_raw,mouse_main1.leftButton_std,mouse_main1.midButton_mean,mouse_main1.midButton_raw,mouse_main1.midButton_std,mouse_main1.rightButton_mean,mouse_main1.rightButton_raw,mouse_main1.rightButton_std,mouse_main1.time_mean,mouse_main1.time_raw,mouse_main1.time_std,mouse_main1.x_mean,mouse_main1.x_raw,mouse_main1.y_mean,mouse_main1.y_raw,mouse_main2.leftButton_mean,mouse_main2.leftButton_raw,mouse_main2.leftButton_std,mouse_main2.midButton_mean,mouse_main2.midButton_raw,mouse_main2.midButton_std,mouse_main2.rightButton_mean,mouse_main2.rightButton_raw,mouse_main2.rightButton_std,mouse_main2.time_mean,mouse_main2.time_raw,mouse_main2.time_std,mouse_main2.x_mean,mouse_main2.x_raw,mouse_main2.y_mean,mouse_main2.y_raw,order
tray1.png,01.png,02.png,03.png,04.png,05.png,06.png,07.png,00.png,"[-238, -98]","[212, 52]","[150, 100]","[-88, 52]","[62, 52]","[212, 202]","[-238, 52]","[-88, 202]","[62, 202]","[-238, 202]","[-88, -248]","[62, -248]","[212, -248]","[100, 100]","[-88, -98]","[62, -98]","[212, -98]","[-238, -248]",1,8,"[100, 100]","[100, 100]",tray,00.png,00.png,00.png,00.png,00.png,00.png,00.png,m,"[100, 100]","[100, 100]","[100, 100]","[100, 100]","[100, 100]","[100, 100]","[100, 100]","[100, 100]","[100, 100]","[100, 100]","[100, 100]","[0, -375]",ok.png,"[100, 100]","[100, 100]",1,1,1,1,1,0,0,0,0,0,0,0,2.2496740818,2.249674081802368,0,-252,-252,198,198,1,1,0,0,0,0,0,0,0,2.52855730057,2.528557300567627,0,28,28,-362,-362,156
08.png,tray1.png,09.png,00.png,10.png,11.png,12.png,13.png,00.png,"[-213, -74]","[237, 76]","[150, 100]","[-63, 76]","[87, 76]","[237, 226]","[-213, 76]","[-63, 226]","[87, 226]","[-213, 226]","[-63, -224]","[87, -224]","[237, -224]","[100, 100]","[-63, -74]","[87, -74]","[237, -74]","[-213, -224]",1,8,"[100, 100]","[100, 100]",tray,00.png,00.png,14.png,00.png,00.png,00.png,00.png,m,"[100, 100]","[100, 100]","[100, 100]","[100, 100]","[100, 100]","[100, 100]","[100, 100]","[100, 100]","[100, 100]","[100, 100]","[100, 100]","[0, -375]",ok.png,"[100, 100]","[100, 100]",2,1,1,1,1,0,0,0,0,0,0,0,1.38717591763,1.387175917625427,0,-44,-44,280,280,1,1,0,0,0,0,0,0,0,0.670075654984,0.6700756549835205,0,2,2,-358,-358,151
00.png,00.png,tray1.png,15.png,16.png,17.png,18.png,19.png,20.png,"[-234, -83]","[216, 67]","[150, 100]","[-84, 67]","[66, 67]","[216, 217]","[-234, 67]","[-84, 217]","[66, 217]","[-234, 217]","[-84, -233]","[66, -233]","[216, -233]","[100, 100]","[-84, -83]","[66, -83]","[216, -83]","[-234, -233]",1,8,"[100, 100]","[100, 100]",tray,00.png,00.png,21.png,00.png,00.png,00.png,00.png,m,"[100, 100]","[100, 100]","[100, 100]","[100, 100]","[100, 100]","[100, 100]","[100, 100]","[100, 100]","[100, 100]","[100, 100]","[100, 100]","[0, -375]",ok.png,"[100, 100]","[100, 100]",3,1,1,1,1,0,0,0,0,0,0,0,1.31018471718,1.310184717178345,0,71,71,209,209,1,1,0,0,0,0,0,0,0,0.773971438408,0.773971438407898,0,3,3,-370,-370,61
22.png,23.png,24.png,tray1.png,00.png,00.png,25.png,26.png,00.png,"[-247, -82]","[203, 68]","[150, 100]","[-97, 68]","[53, 68]","[203, 218]","[-247, 68]","[-97, 218]","[53, 218]","[-247, 218]","[-97, -232]","[53, -232]","[203, -232]","[100, 100]","[-97, -82]","[53, -82]","[203, -82]","[-247, -232]",1,8,"[100, 100]","[100, 100]",tray,28.png,00.png,00.png,27.png,00.png,00.png,00.png,m,"[100, 100]","[100, 100]","[100, 100]","[100, 100]","[100, 100]","[100, 100]","[100, 100]","[100, 100]","[100, 100]","[100, 100]","[100, 100]","[0, -375]",ok.png,"[100, 100]","[100, 100]",4,1,1,1,1,0,0,0,0,0,0,0,2.0878508091,2.08785080909729,0,202,202,236,236,1,1,0,0,0,0,0,0,0,0.794923484325,0.7949234843254089,0,54,54,-364,-364,210
00.png,00.png,00.png,00.png,tray1.png,29.png,30.png,31.png,32.png,"[-243, -91]","[207, 59]","[150, 100]","[-93, 59]","[57, 59]","[207, 209]","[-243, 59]","[-93, 209]","[57, 209]","[-243, 209]","[-93, -241]","[57, -241]","[207, -241]","[100, 100]","[-93, -91]","[57, -91]","[207, -91]","[-243, -241]",1,8,"[100, 100]","[100, 100]",tray,01.png,00.png,33.png,34.png,00.png,00.png,00.png,m,"[100, 100]","[100, 100]","[100, 100]","[100, 100]","[100, 100]","[100, 100]","[100, 100]","[100, 100]","[100, 100]","[100, 100]","[100, 100]","[0, -375]",ok.png,"[100, 100]","[100, 100]",5,1,1,1,1,0,0,0,0,0,0,0,1.74091517925,1.740915179252625,0,-259,-259,50,50,1,1,0,0,0,0,0,0,0,0.628611862659,0.6286118626594543,0,-29,-29,-367,-367,259
01.png,34.png,00.png,00.png,04.png,tray1.png,00.png,00.png,06.png,"[-210, -60]","[240, 90]","[150, 100]","[-60, 90]","[90, 90]","[240, 240]","[-210, 90]","[-60, 240]","[90, 240]","[-210, 240]","[-60, -210]","[90, -210]","[240, -210]","[100, 100]","[-60, -60]","[90, -60]","[240, -60]","[-210, -210]",1,8,"[100, 100]","[100, 100]",tray,00.png,17.png,15.png,00.png,00.png,23.png,00.png,m,"[100, 100]","[100, 100]","[100, 100]","[100, 100]","[100, 100]","[100, 100]","[100, 100]","[100, 100]","[100, 100]","[100, 100]","[100, 100]","[0, -375]",ok.png,"[100, 100]","[100, 100]",6,1,1,1,1,0,0,0,0,0,0,0,1.22177016735,1.221770167350769,0,-39,-39,85,85,1,1,0,0,0,0,0,0,0,1.40009236336,1.400092363357544,0,10,10,-382,-382,26
00.png,00.png,00.png,00.png,07.png,03.png,tray1.png,25.png,00.png,"[-227, -84]","[223, 66]","[150, 100]","[-77, 66]","[73, 66]","[223, 216]","[-227, 66]","[-77, 216]","[73, 216]","[-227, 216]","[-77, -234]","[73, -234]","[223, -234]","[100, 100]","[-77, -84]","[73, -84]","[223, -84]","[-227, -234]",1,8,"[100, 100]","[100, 100]",tray,00.png,06.png,00.png,00.png,14.png,22.png,09.png,m,"[100, 100]","[100, 100]","[100, 100]","[100, 100]","[100, 100]","[100, 100]","[100, 100]","[100, 100]","[100, 100]","[100, 100]","[100, 100]","[0, -375]",ok.png,"[100, 100]","[100, 100]",7,1,1,1,1,0,0,0,0,0,0,0,1.04287540913,1.042875409126282,0,76,76,65,65,1,1,0,0,0,0,0,0,0,0.703422367573,0.7034223675727844,0,5,5,-378,-378,352
00.png,05.png,33.png,07.png,00.png,00.png,27.png,tray1.png,00.png,"[-237, -98]","[213, 52]","[150, 100]","[-87, 52]","[63, 52]","[213, 202]","[-237, 52]","[-87, 202]","[63, 202]","[-237, 202]","[-87, -248]","[63, -248]","[213, -248]","[100, 100]","[-87, -98]","[63, -98]","[213, -98]","[-237, -248]",1,8,"[100, 100]","[100, 100]",tray,31.png,00.png,17.png,30.png,00.png,00.png,00.png,m,"[100, 100]","[100, 100]","[100, 100]","[100, 100]","[100, 100]","[100, 100]","[100, 100]","[100, 100]","[100, 100]","[100, 100]","[100, 100]","[0, -375]",ok.png,"[100, 100]","[100, 100]",8,1,1,1,1,0,0,0,0,0,0,0,2.49157905579,2.491579055786133,0,245,245,53,53,1,1,0,0,0,0,0,0,0,0.754405975342,0.7544059753417969,0,-31,-31,-381,-381,87
00.png,00.png,00.png,00.png,00.png,00.png,00.png,00.png,tray1.png,"[-229, -93]","[221, 57]","[150, 100]","[-79, 57]","[71, 57]","[221, 207]","[-229, 57]","[-79, 207]","[71, 207]","[-229, 207]","[-79, -243]","[71, -243]","[221, -243]","[100, 100]","[-79, -93]","[71, -93]","[221, -93]","[-229, -243]",1,8,"[100, 100]","[100, 100]",tray,27.png,21.png,29.png,23.png,33.png,25.png,31.png,m,"[100, 100]","[100, 100]","[100, 100]","[100, 100]","[100, 100]","[100, 100]","[100, 100]","[100, 100]","[100, 100]","[100, 100]","[100, 100]","[0, -375]",ok.png,"[100, 100]","[100, 100]",9,1,1,1,1,0,0,0,0,0,0,0,1.84353590012,1.843535900115967,0,-229,-229,-92,-92,1,1,0,0,0,0,0,0,0,0.732515156269,0.7325151562690735,0,8,8,-390,-390,215
00.png,00.png,00.png,00.png,14.png,16.png,18.png,20.png,22.png,"[-234, -79]","[216, 71]","[150, 100]","[-84, 71]","[66, 71]","[216, 221]","[-234, 71]","[-84, 221]","[66, 221]","[-234, 221]","[-84, -229]","[66, -229]","[216, -229]","[100, 100]","[-84, -79]","[66, -79]","[216, -79]","[-234, -229]",1,8,"[100, 100]","[100, 100]",tray,26.png,00.png,tray1.png,24.png,00.png,00.png,00.png,m,"[100, 100]","[100, 100]","[100, 100]","[100, 100]","[100, 100]","[100, 100]","[100, 100]","[100, 100]","[100, 100]","[100, 100]","[100, 100]","[0, -375]",ok.png,"[100, 100]","[100, 100]",10,1,1,1,1,0,0,0,0,0,0,0,1.19910991192,1.19910991191864,0,-108,-108,-74,-74,1,1,0,0,0,0,0,0,0,0.658485352993,0.6584853529930115,0,-8,-8,-377,-377,329
00.png,00.png,00.png,00.png,13.png,10.png,00.png,00.png,16.png,"[-207, -53]","[243, 97]","[150, 100]","[-57, 97]","[93, 97]","[243, 247]","[-207, 97]","[-57, 247]","[93, 247]","[-207, 247]","[-57, -203]","[93, -203]","[243, -203]","[100, 100]","[-57, -53]","[93, -53]","[243, -53]","[-207, -203]",1,8,"[100, 100]","[100, 100]",tray,21.png,24.png,19.png,tray1.png,00.png,27.png,00.png,m,"[100, 100]","[100, 100]","[100, 100]","[100, 100]","[100, 100]","[100, 100]","[100, 100]","[100, 100]","[100, 100]","[100, 100]","[100, 100]","[0, -375]",ok.png,"[100, 100]","[100, 100]",11,1,1,1,1,0,0,0,0,0,0,0,1.56088590622,1.560885906219482,0,56,56,-51,-51,1,1,0,0,0,0,0,0,0,0.649118483067,0.6491184830665588,0,22,22,-406,-406,221
10.png,15.png,20.png,25.png,00.png,00.png,00.png,00.png,21.png,"[-230, -67]","[220, 83]","[150, 100]","[-80, 83]","[70, 83]","[220, 233]","[-230, 83]","[-80, 233]","[70, 233]","[-230, 233]","[-80, -217]","[70, -217]","[220, -217]","[100, 100]","[-80, -67]","[70, -67]","[220, -67]","[-230, -217]",1,8,"[100, 100]","[100, 100]",tray,tray1.png,00.png,16.png,11.png,00.png,00.png,00.png,m,"[100, 100]","[100, 100]","[100, 100]","[100, 100]","[100, 100]","[100, 100]","[100, 100]","[100, 100]","[100, 100]","[100, 100]","[100, 100]","[0, -375]",ok.png,"[100, 100]","[100, 100]",12,1,1,1,1,0,0,0,0,0,0,0,2.08714842796,2.087148427963257,0,234,234,-59,-59,1,1,0,0,0,0,0,0,0,0.670028448105,0.6700284481048584,0,32,32,-366,-366,318
00.png,00.png,00.png,00.png,00.png,00.png,00.png,00.png,03.png,"[-201, -84]","[249, 66]","[150, 100]","[-51, 66]","[99, 66]","[249, 216]","[-201, 66]","[-51, 216]","[99, 216]","[-201, 216]","[-51, -234]","[99, -234]","[249, -234]","[100, 100]","[-51, -84]","[99, -84]","[249, -84]","[-201, -234]",1,8,"[100, 100]","[100, 100]",tray,08.png,tray1.png,01.png,07.png,04.png,05.png,02.png,m,"[100, 100]","[100, 100]","[100, 100]","[100, 100]","[100, 100]","[100, 100]","[100, 100]","[100, 100]","[100, 100]","[100, 100]","[100, 100]","[0, -375]",ok.png,"[100, 100]","[100, 100]",13,1,1,1,1,0,0,0,0,0,0,0,1.21854841709,1.21854841709137,0,-197,-197,-217,-217,1,1,0,0,0,0,0,0,0,0.824640333652,0.8246403336524963,0,-12,-12,-389,-389,341
29.png,00.png,00.png,16.png,00.png,00.png,33.png,08.png,13.png,"[-246, -76]","[204, 74]","[150, 100]","[-96, 74]","[54, 74]","[204, 224]","[-246, 74]","[-96, 224]","[54, 224]","[-246, 224]","[-96, -226]","[54, -226]","[204, -226]","[100, 100]","[-96, -76]","[54, -76]","[204, -76]","[-246, -226]",1,8,"[100, 100]","[100, 100]",tray,00.png,23.png,00.png,00.png,00.png,tray1.png,12.png,m,"[100, 100]","[100, 100]","[100, 100]","[100, 100]","[100, 100]","[100, 100]","[100, 100]","[100, 100]","[100, 100]","[100, 100]","[100, 100]","[0, -375]",ok.png,"[100, 100]","[100, 100]",14,1,1,1,1,0,0,0,0,0,0,0,1.3704470396,1.370447039604187,0,-94,-94,-208,-208,1,1,0,0,0,0,0,0,0,0.987394630909,0.987394630908966,0,-8,-8,-374,-374,443
00.png,00.png,00.png,00.png,00.png,00.png,00.png,33.png,27.png,"[-212, -68]","[238, 82]","[150, 100]","[-62, 82]","[88, 82]","[238, 232]","[-212, 82]","[-62, 232]","[88, 232]","[-212, 232]","[-62, -218]","[88, -218]","[238, -218]","[100, 100]","[-62, -68]","[88, -68]","[238, -68]","[-212, -218]",1,8,"[100, 100]","[100, 100]",tray,13.png,07.png,23.png,17.png,00.png,03.png,tray1.png,m,"[100, 100]","[100, 100]","[100, 100]","[100, 100]","[100, 100]","[100, 100]","[100, 100]","[100, 100]","[100, 100]","[100, 100]","[100, 100]","[0, -375]",ok.png,"[100, 100]","[100, 100]",15,1,1,1,1,0,0,0,0,0,0,0,1.59051787853,1.59051787853241,0,84,84,-242,-242,1,1,0,0,0,0,0,0,0,0.557350456715,0.5573504567146301,0,8,8,-364,-364,65
04.png,20.png,30.png,02.png,00.png,00.png,00.png,00.png,00.png,"[-203, -70]","[247, 80]","[150, 100]","[-53, 80]","[97, 80]","[247, 230]","[-203, 80]","[-53, 230]","[97, 230]","[-203, 230]","[-53, -220]","[97, -220]","[247, -220]","[100, 100]","[-53, -70]","[97, -70]","[247, -70]","[-203, -220]",1,8,"[100, 100]","[100, 100]",tray,00.png,14.png,00.png,00.png,tray1.png,07.png,17.png,m,"[100, 100]","[100, 100]","[100, 100]","[100, 100]","[100, 100]","[100, 100]","[100, 100]","[100, 100]","[100, 100]","[100, 100]","[100, 100]","[0, -375]",ok.png,"[100, 100]","[100, 100]",16,1,1,1,1,0,0,0,0,0,0,0,1.32451164722,1.324511647224426,0,249,249,-237,-237,1,1,0,0,0,0,0,0,0,0.66894698143,0.6689469814300537,0,-9,-9,-400,-400,120
00.png,19.png,29.png,00.png,00.png,02.png,32.png,00.png,00.png,"[-211, -83]","[239, 67]","[150, 100]","[-61, 67]","[89, 67]","[239, 217]","[-211, 67]","[-61, 217]","[89, 217]","[-211, 217]","[-61, -233]","[89, -233]","[239, -233]","[100, 100]","[-61, -83]","[89, -83]","[239, -83]","[-211, -233]",1,8,"[100, 100]","[100, 100]",tray,00.png,00.png,22.png,16.png,00.png,04.png,tray1.png,m,"[100, 100]","[100, 100]","[100, 100]","[100, 100]","[100, 100]","[100, 100]","[100, 100]","[100, 100]","[100, 100]","[100, 100]","[100, 100]","[0, -375]",ok.png,"[100, 100]","[100, 100]",17,1,1,1,1,0,0,0,0,0,0,0,1.2323807478,1.232380747795105,0,95,95,-227,-227,1,1,0,0,0,0,0,0,0,0.670209109783,0.6702091097831726,0,2,2,-373,-373,272
00.png,00.png,00.png,05.png,21.png,00.png,00.png,00.png,00.png,"[-223, -73]","[227, 77]","[150, 100]","[-73, 77]","[77, 77]","[227, 227]","[-223, 77]","[-73, 227]","[77, 227]","[-223, 227]","[-73, -223]","[77, -223]","[227, -223]","[100, 100]","[-73, -73]","[77, -73]","[227, -73]","[-223, -223]",1,8,"[100, 100]","[100, 100]",tray,25.png,03.png,27.png,28.png,00.png,tray1.png,08.png,m,"[100, 100]","[100, 100]","[100, 100]","[100, 100]","[100, 100]","[100, 100]","[100, 100]","[100, 100]","[100, 100]","[100, 100]","[100, 100]","[0, -375]",ok.png,"[100, 100]","[100, 100]",18,1,1,1,1,0,0,0,0,0,0,0,1.51923394203,1.51923394203186,0,-93,-93,-222,-222,1,1,0,0,0,0,0,0,0,0.589023888111,0.5890238881111145,0,-27,-27,-372,-372,419
06.png,00.png,15.png,17.png,00.png,00.png,16.png,00.png,00.png,"[-247, -51]","[203, 99]","[150, 100]","[-97, 99]","[53, 99]","[203, 249]","[-247, 99]","[-97, 249]","[53, 249]","[-247, 249]","[-97, -201]","[53, -201]","[203, -201]","[100, 100]","[-97, -51]","[53, -51]","[203, -51]","[-247, -201]",1,8,"[100, 100]","[100, 100]",tray,23.png,tray1.png,09.png,00.png,00.png,00.png,07.png,m,"[100, 100]","[100, 100]","[100, 100]","[100, 100]","[100, 100]","[100, 100]","[100, 100]","[100, 100]","[100, 100]","[100, 100]","[100, 100]","[0, -375]",ok.png,"[100, 100]","[100, 100]",19,1,1,1,1,0,0,0,0,0,0,0,2.71648168564,2.716481685638428,0,-252,-252,-193,-193,1,1,0,0,0,0,0,0,0,0.641689002514,0.6416890025138855,0,-37,-37,-361,-361,124
00.png,11.png,00.png,00.png,12.png,00.png,00.png,34.png,00.png,"[-208, -90]","[242, 60]","[150, 100]","[-58, 60]","[92, 60]","[242, 210]","[-208, 60]","[-58, 210]","[92, 210]","[-208, 210]","[-58, -240]","[92, -240]","[242, -240]","[100, 100]","[-58, -90]","[92, -90]","[242, -90]","[-208, -240]",1,8,"[100, 100]","[100, 100]",tray,tray1.png,31.png,30.png,08.png,00.png,00.png,32.png,m,"[100, 100]","[100, 100]","[100, 100]","[100, 100]","[100, 100]","[100, 100]","[100, 100]","[100, 100]","[100, 100]","[100, 100]","[100, 100]","[0, -375]",ok.png,"[100, 100]","[100, 100]",20,1,1,1,1,0,0,0,0,0,0,0,1.98423826694,1.984238266944885,0,219,219,-92,-92,1,1,0,0,0,0,0,0,0,0.774909555912,0.7749095559120178,0,-21,-21,-358,-358,379
00.png,00.png,00.png,00.png,00.png,00.png,24.png,27.png,07.png,"[-216, -95]","[234, 55]","[150, 100]","[-66, 55]","[84, 55]","[234, 205]","[-216, 55]","[-66, 205]","[84, 205]","[-216, 205]","[-66, -245]","[84, -245]","[234, -245]","[100, 100]","[-66, -95]","[84, -95]","[234, -95]","[-216, -245]",1,8,"[100, 100]","[100, 100]",tray,10.png,13.png,09.png,tray1.png,00.png,16.png,00.png,m,"[100, 100]","[100, 100]","[100, 100]","[100, 100]","[100, 100]","[100, 100]","[100, 100]","[100, 100]","[100, 100]","[100, 100]","[100, 100]","[0, -375]",ok.png,"[100, 100]","[100, 100]",21,1,1,1,1,0,0,0,0,0,0,0,1.32597076893,1.325970768928528,0,83,83,-95,-95,1,1,0,0,0,0,0,0,0,0.639796376228,0.6397963762283325,0,37,37,-379,-379,302
00.png,00.png,25.png,00.png,33.png,00.png,05.png,00.png,01.png,"[-204, -92]","[246, 58]","[150, 100]","[-54, 58]","[96, 58]","[246, 208]","[-204, 58]","[-54, 208]","[96, 208]","[-204, 208]","[-54, -242]","[96, -242]","[246, -242]","[100, 100]","[-54, -92]","[96, -92]","[246, -92]","[-204, -242]",1,8,"[100, 100]","[100, 100]",tray,10.png,00.png,tray1.png,00.png,30.png,20.png,00.png,m,"[100, 100]","[100, 100]","[100, 100]","[100, 100]","[100, 100]","[100, 100]","[100, 100]","[100, 100]","[100, 100]","[100, 100]","[100, 100]","[0, -375]",ok.png,"[100, 100]","[100, 100]",22,1,1,1,1,0,0,0,0,0,0,0,0.986948132515,0.9869481325149536,0,-75,-75,-89,-89,1,1,0,0,0,0,0,0,0,0.731253087521,0.7312530875205994,0,-10,-10,-375,-375,293
00.png,00.png,00.png,18.png,00.png,14.png,00.png,09.png,tray1.png,"[-214, -81]","[236, 69]","[150, 100]","[-64, 69]","[86, 69]","[236, 219]","[-214, 69]","[-64, 219]","[86, 219]","[-214, 219]","[-64, -231]","[86, -231]","[236, -231]","[100, 100]","[-64, -81]","[86, -81]","[236, -81]","[-214, -231]",1,8,"[100, 100]","[100, 100]",tray,00.png,26.png,02.png,04.png,00.png,24.png,00.png,m,"[100, 100]","[100, 100]","[100, 100]","[100, 100]","[100, 100]","[100, 100]","[100, 100]","[100, 100]","[100, 100]","[100, 100]","[100, 100]","[0, -375]",ok.png,"[100, 100]","[100, 100]",23,1,1,1,1,0,0,0,0,0,0,0,1.093978405,1.093978404998779,0,-219,-219,-86,-86,1,1,0,0,0,0,0,0,0,0.648431122303,0.648431122303009,0,-20,-20,-379,-379,428
00.png,14.png,00.png,00.png,11.png,07.png,00.png,tray1.png,18.png,"[-216, -66]","[234, 84]","[150, 100]","[-66, 84]","[84, 84]","[234, 234]","[-216, 84]","[-66, 234]","[84, 234]","[-216, 234]","[-66, -216]","[84, -216]","[234, -216]","[100, 100]","[-66, -66]","[84, -66]","[234, -66]","[-216, -216]",1,8,"[100, 100]","[100, 100]",tray,30.png,09.png,00.png,00.png,19.png,00.png,00.png,m,"[100, 100]","[100, 100]","[100, 100]","[100, 100]","[100, 100]","[100, 100]","[100, 100]","[100, 100]","[100, 100]","[100, 100]","[100, 100]","[0, -375]",ok.png,"[100, 100]","[100, 100]",24,1,1,1,1,0,0,0,0,0,0,0,1.16844987869,1.168449878692627,0,213,213,71,71,1,1,0,0,0,0,0,0,0,0.766236126423,0.7662361264228821,0,-27,-27,-389,-389,193
31.png,00.png,13.png,00.png,23.png,00.png,tray1.png,00.png,33.png,"[-212, -59]","[238, 91]","[150, 100]","[-62, 91]","[88, 91]","[238, 241]","[-212, 91]","[-62, 241]","[88, 241]","[-212, 241]","[-62, -209]","[88, -209]","[238, -209]","[100, 100]","[-62, -59]","[88, -59]","[238, -59]","[-212, -209]",1,8,"[100, 100]","[100, 100]",tray,00.png,19.png,00.png,14.png,00.png,00.png,29.png,m,"[100, 100]","[100, 100]","[100, 100]","[100, 100]","[100, 100]","[100, 100]","[100, 100]","[100, 100]","[100, 100]","[100, 100]","[100, 100]","[0, -375]",ok.png,"[100, 100]","[100, 100]",25,1,1,1,1,0,0,0,0,0,0,0,2.32533216476,2.325332164764404,0,71,71,112,112,1,1,0,0,0,0,0,0,0,0.700359344482,0.7003593444824219,0,-3,-3,-378,-378,409
00.png,00.png,00.png,00.png,00.png,00.png,00.png,00.png,07.png,"[-238, -51]","[212, 99]","[150, 100]","[-88, 99]","[62, 99]","[212, 249]","[-238, 99]","[-88, 249]","[62, 249]","[-238, 249]","[-88, -201]","[62, -201]","[212, -201]","[100, 100]","[-88, -51]","[62, -51]","[212, -51]","[-238, -201]",1,8,"[100, 100]","[100, 100]",tray,04.png,03.png,06.png,05.png,tray2.png,02.png,01.png,m,"[100, 100]","[100, 100]","[100, 100]","[100, 100]","[100, 100]","[100, 100]","[100, 100]","[100, 100]","[100, 100]","[100, 100]","[100, 100]","[0, -375]",ok.png,"[100, 100]","[100, 100]",26,1,1,1,1,0,0,0,0,0,0,0,0.949450850487,0.9494508504867554,0,201,201,-221,-221,1,1,0,0,0,0,0,0,0,0.407918959856,0.4079189598560333,0,-16,-16,-417,-417,141
00.png,00.png,00.png,00.png,00.png,00.png,14.png,00.png,13.png,"[-241, -87]","[209, 63]","[150, 100]","[-91, 63]","[59, 63]","[209, 213]","[-241, 63]","[-91, 213]","[59, 213]","[-241, 213]","[-91, -237]","[59, -237]","[209, -237]","[100, 100]","[-91, -87]","[59, -87]","[209, -87]","[-241, -237]",1,8,"[100, 100]","[100, 100]",tray,10.png,00.png,12.png,11.png,08.png,09.png,tray2.png,m,"[100, 100]","[100, 100]","[100, 100]","[100, 100]","[100, 100]","[100, 100]","[100, 100]","[100, 100]","[100, 100]","[100, 100]","[100, 100]","[0, -375]",ok.png,"[100, 100]","[100, 100]",27,1,1,1,1,0,0,0,0,0,0,0,1.25896501541,1.258965015411377,0,55,55,-223,-223,1,1,0,0,0,0,0,0,0,0.468661546707,0.4686615467071533,0,6,6,-415,-415,425
00.png,00.png,00.png,00.png,00.png,00.png,21.png,20.png,19.png,"[-240, -84]","[210, 66]","[150, 100]","[-90, 66]","[60, 66]","[210, 216]","[-240, 66]","[-90, 216]","[60, 216]","[-240, 216]","[-90, -234]","[60, -234]","[210, -234]","[100, 100]","[-90, -84]","[60, -84]","[210, -84]","[-240, -234]",1,8,"[100, 100]","[100, 100]",tray,16.png,15.png,18.png,17.png,00.png,tray2.png,00.png,m,"[100, 100]","[100, 100]","[100, 100]","[100, 100]","[100, 100]","[100, 100]","[100, 100]","[100, 100]","[100, 100]","[100, 100]","[100, 100]","[0, -375]",ok.png,"[100, 100]","[100, 100]",28,1,1,1,1,0,0,0,0,0,0,0,1.19981920719,1.199819207191467,0,-132,-132,-237,-237,1,1,0,0,0,0,0,0,0,0.634982764721,0.6349827647209167,0,-2,-2,-397,-397,190
00.png,00.png,00.png,00.png,00.png,00.png,31.png,27.png,26.png,"[-226, -82]","[224, 68]","[150, 100]","[-76, 68]","[74, 68]","[224, 218]","[-226, 68]","[-76, 218]","[74, 218]","[-226, 218]","[-76, -232]","[74, -232]","[224, -232]","[100, 100]","[-76, -82]","[74, -82]","[224, -82]","[-226, -232]",1,8,"[100, 100]","[100, 100]",tray,00.png,tray2.png,28.png,00.png,22.png,24.png,23.png,m,"[100, 100]","[100, 100]","[100, 100]","[100, 100]","[100, 100]","[100, 100]","[100, 100]","[100, 100]","[100, 100]","[100, 100]","[100, 100]","[0, -375]",ok.png,"[100, 100]","[100, 100]",29,1,1,1,1,0,0,0,0,0,0,0,1.87212646008,1.872126460075378,0,-213,-213,-224,-224,1,1,0,0,0,0,0,0,0,0.811270296574,0.8112702965736389,0,27,27,-385,-385,353
00.png,00.png,00.png,00.png,01.png,34.png,33.png,32.png,31.png,"[-236, -64]","[214, 86]","[150, 100]","[-86, 86]","[64, 86]","[214, 236]","[-236, 86]","[-86, 236]","[64, 236]","[-236, 236]","[-86, -214]","[64, -214]","[214, -214]","[100, 100]","[-86, -64]","[64, -64]","[214, -64]","[-236, -214]",1,8,"[100, 100]","[100, 100]",tray,tray2.png,00.png,30.png,29.png,00.png,00.png,00.png,m,"[100, 100]","[100, 100]","[100, 100]","[100, 100]","[100, 100]","[100, 100]","[100, 100]","[100, 100]","[100, 100]","[100, 100]","[100, 100]","[0, -375]",ok.png,"[100, 100]","[100, 100]",30,1,1,1,1,0,0,0,0,0,0,0,1.15531289577,1.155312895774841,0,243,243,-51,-51,1,1,0,0,0,0,0,0,0,0.577635407448,0.5776354074478149,0,7,7,-359,-359,69
00.png,00.png,23.png,17.png,00.png,00.png,15.png,06.png,00.png,"[-218, -71]","[232, 79]","[150, 100]","[-68, 79]","[82, 79]","[232, 229]","[-218, 79]","[-68, 229]","[82, 229]","[-218, 229]","[-68, -221]","[82, -221]","[232, -221]","[100, 100]","[-68, -71]","[82, -71]","[232, -71]","[-218, -221]",1,8,"[100, 100]","[100, 100]",tray,04.png,00.png,00.png,tray2.png,01.png,00.png,34.png,m,"[100, 100]","[100, 100]","[100, 100]","[100, 100]","[100, 100]","[100, 100]","[100, 100]","[100, 100]","[100, 100]","[100, 100]","[100, 100]","[0, -375]",ok.png,"[100, 100]","[100, 100]",31,1,1,1,1,0,0,0,0,0,0,0,1.30836498737,1.308364987373352,0,88,88,-46,-46,1,1,0,0,0,0,0,0,0,1.06308913231,1.06308913230896,0,12,12,-382,-382,243
14.png,09.png,22.png,06.png,00.png,00.png,00.png,00.png,25.png,"[-208, -82]","[242, 68]","[150, 100]","[-58, 68]","[92, 68]","[242, 218]","[-208, 68]","[-58, 218]","[92, 218]","[-208, 218]","[-58, -232]","[92, -232]","[242, -232]","[100, 100]","[-58, -82]","[92, -82]","[242, -82]","[-208, -232]",1,8,"[100, 100]","[100, 100]",tray,07.png,00.png,tray2.png,03.png,00.png,00.png,00.png,m,"[100, 100]","[100, 100]","[100, 100]","[100, 100]","[100, 100]","[100, 100]","[100, 100]","[100, 100]","[100, 100]","[100, 100]","[100, 100]","[0, -375]",ok.png,"[100, 100]","[100, 100]",32,1,1,1,1,0,0,0,0,0,0,0,1.24674665928,1.24674665927887,0,-64,-64,-78,-78,1,1,0,0,0,0,0,0,0,0.73602938652,0.7360293865203857,0,-15,-15,-399,-399,263
00.png,00.png,00.png,00.png,31.png,30.png,17.png,00.png,tray2.png,"[-205, -50]","[245, 100]","[150, 100]","[-55, 100]","[95, 100]","[245, 250]","[-205, 100]","[-55, 250]","[95, 250]","[-205, 250]","[-55, -200]","[95, -200]","[245, -200]","[100, 100]","[-55, -50]","[95, -50]","[245, -50]","[-205, -200]",1,8,"[100, 100]","[100, 100]",tray,00.png,07.png,27.png,00.png,00.png,33.png,05.png,m,"[100, 100]","[100, 100]","[100, 100]","[100, 100]","[100, 100]","[100, 100]","[100, 100]","[100, 100]","[100, 100]","[100, 100]","[100, 100]","[0, -375]",ok.png,"[100, 100]","[100, 100]",33,1,1,1,1,0,0,0,0,0,0,0,1.34083688259,1.340836882591248,0,-245,-245,-52,-52,1,1,0,0,0,0,0,0,0,0.807269215584,0.8072692155838013,0,-19,-19,-400,-400,403
33.png,31.png,25.png,21.png,27.png,23.png,29.png,tray2.png,00.png,"[-202, -93]","[248, 57]","[150, 100]","[-52, 57]","[98, 57]","[248, 207]","[-202, 57]","[-52, 207]","[98, 207]","[-202, 207]","[-52, -243]","[98, -243]","[248, -243]","[100, 100]","[-52, -93]","[98, -93]","[248, -93]","[-202, -243]",1,8,"[100, 100]","[100, 100]",tray,00.png,00.png,00.png,00.png,00.png,00.png,00.png,m,"[100, 100]","[100, 100]","[100, 100]","[100, 100]","[100, 100]","[100, 100]","[100, 100]","[100, 100]","[100, 100]","[100, 100]","[100, 100]","[0, -375]",ok.png,"[100, 100]","[100, 100]",34,1,1,1,1,0,0,0,0,0,0,0,1.55808436871,1.55808436870575,0,262,262,36,36,1,1,0,0,0,0,0,0,0,0.903634250164,0.903634250164032,0,30,30,-371,-371,304
00.png,00.png,00.png,00.png,26.png,24.png,tray2.png,22.png,20.png,"[-219, -59]","[231, 91]","[150, 100]","[-69, 91]","[81, 91]","[231, 241]","[-219, 91]","[-69, 241]","[81, 241]","[-219, 241]","[-69, -209]","[81, -209]","[231, -209]","[100, 100]","[-69, -59]","[81, -59]","[231, -59]","[-219, -209]",1,8,"[100, 100]","[100, 100]",tray,14.png,00.png,18.png,16.png,00.png,00.png,00.png,m,"[100, 100]","[100, 100]","[100, 100]","[100, 100]","[100, 100]","[100, 100]","[100, 100]","[100, 100]","[100, 100]","[100, 100]","[100, 100]","[0, -375]",ok.png,"[100, 100]","[100, 100]",35,1,1,1,1,0,0,0,0,0,0,0,1.06277608871,1.0627760887146,0,83,83,107,107,1,1,0,0,0,0,0,0,0,0.542074859142,0.5420748591423035,0,-5,-5,-393,-393,115
00.png,00.png,27.png,24.png,21.png,tray2.png,19.png,16.png,00.png,"[-208, -95]","[242, 55]","[150, 100]","[-58, 55]","[92, 55]","[242, 205]","[-208, 55]","[-58, 205]","[92, 205]","[-208, 205]","[-58, -245]","[92, -245]","[242, -245]","[100, 100]","[-58, -95]","[92, -95]","[242, -95]","[-208, -245]",1,8,"[100, 100]","[100, 100]",tray,13.png,00.png,00.png,10.png,00.png,00.png,00.png,m,"[100, 100]","[100, 100]","[100, 100]","[100, 100]","[100, 100]","[100, 100]","[100, 100]","[100, 100]","[100, 100]","[100, 100]","[100, 100]","[0, -375]",ok.png,"[100, 100]","[100, 100]",36,1,1,1,1,0,0,0,0,0,0,0,0.808704376221,0.8087043762207031,0,-56,-56,45,45,1,1,0,0,0,0,0,0,0,0.658121347427,0.6581213474273682,0,-10,-10,-385,-385,292
00.png,00.png,00.png,00.png,tray2.png,11.png,16.png,21.png,00.png,"[-231, -53]","[219, 97]","[150, 100]","[-81, 97]","[69, 97]","[219, 247]","[-231, 97]","[-81, 247]","[69, 247]","[-231, 247]","[-81, -203]","[69, -203]","[219, -203]","[100, 100]","[-81, -53]","[69, -53]","[219, -53]","[-231, -203]",1,8,"[100, 100]","[100, 100]",tray,00.png,25.png,00.png,00.png,10.png,20.png,15.png,m,"[100, 100]","[100, 100]","[100, 100]","[100, 100]","[100, 100]","[100, 100]","[100, 100]","[100, 100]","[100, 100]","[100, 100]","[100, 100]","[0, -375]",ok.png,"[100, 100]","[100, 100]",37,1,1,1,1,0,0,0,0,0,0,0,1.17899608612,1.178996086120605,0,-214,-214,100,100,1,1,0,0,0,0,0,0,0,1.37117397785,1.371173977851868,0,-5,-5,-361,-361,297
04.png,02.png,05.png,tray2.png,08.png,07.png,01.png,03.png,00.png,"[-245, -52]","[205, 98]","[150, 100]","[-95, 98]","[55, 98]","[205, 248]","[-245, 98]","[-95, 248]","[55, 248]","[-245, 248]","[-95, -202]","[55, -202]","[205, -202]","[100, 100]","[-95, -52]","[55, -52]","[205, -52]","[-245, -202]",1,8,"[100, 100]","[100, 100]",tray,00.png,00.png,00.png,00.png,00.png,00.png,00.png,m,"[100, 100]","[100, 100]","[100, 100]","[100, 100]","[100, 100]","[100, 100]","[100, 100]","[100, 100]","[100, 100]","[100, 100]","[100, 100]","[0, -375]",ok.png,"[100, 100]","[100, 100]",38,1,1,1,1,0,0,0,0,0,0,0,1.02623748779,1.026237487792969,0,214,214,247,247,1,1,0,0,0,0,0,0,0,1.91975355148,1.919753551483154,0,7,7,-367,-367,371
00.png,12.png,tray2.png,23.png,00.png,00.png,00.png,13.png,08.png,"[-231, -91]","[219, 59]","[150, 100]","[-81, 59]","[69, 59]","[219, 209]","[-231, 59]","[-81, 209]","[69, 209]","[-231, 209]","[-81, -241]","[69, -241]","[219, -241]","[100, 100]","[-81, -91]","[69, -91]","[219, -91]","[-231, -241]",1,8,"[100, 100]","[100, 100]",tray,00.png,16.png,33.png,00.png,29.png,00.png,00.png,m,"[100, 100]","[100, 100]","[100, 100]","[100, 100]","[100, 100]","[100, 100]","[100, 100]","[100, 100]","[100, 100]","[100, 100]","[100, 100]","[0, -375]",ok.png,"[100, 100]","[100, 100]",39,1,1,1,1,0,0,0,0,0,0,0,1.38914513588,1.389145135879517,0,71,71,207,207,1,1,0,0,0,0,0,0,0,1.46899712086,1.468997120857239,0,-7,-7,-366,-366,317
00.png,tray2.png,03.png,07.png,13.png,17.png,23.png,27.png,33.png,"[-213, -82]","[237, 68]","[150, 100]","[-63, 68]","[87, 68]","[237, 218]","[-213, 68]","[-63, 218]","[87, 218]","[-213, 218]","[-63, -232]","[87, -232]","[237, -232]","[100, 100]","[-63, -82]","[87, -82]","[237, -82]","[-213, -232]",1,8,"[100, 100]","[100, 100]",tray,00.png,00.png,00.png,00.png,00.png,00.png,00.png,m,"[100, 100]","[100, 100]","[100, 100]","[100, 100]","[100, 100]","[100, 100]","[100, 100]","[100, 100]","[100, 100]","[100, 100]","[100, 100]","[0, -375]",ok.png,"[100, 100]","[100, 100]",40,1,1,1,1,0,0,0,0,0,0,0,1.26252484322,1.262524843215942,0,-49,-49,199,199,1,1,0,0,0,0,0,0,0,0.936173915863,0.9361739158630372,0,6,6,-391,-391,142
tray2.png,17.png,07.png,14.png,00.png,00.png,00.png,00.png,00.png,"[-201, -82]","[249, 68]","[150, 100]","[-51, 68]","[99, 68]","[249, 218]","[-201, 68]","[-51, 218]","[99, 218]","[-201, 218]","[-51, -232]","[99, -232]","[249, -232]","[100, 100]","[-51, -82]","[99, -82]","[249, -82]","[-201, -232]",1,8,"[100, 100]","[100, 100]",tray,00.png,02.png,00.png,00.png,04.png,30.png,20.png,m,"[100, 100]","[100, 100]","[100, 100]","[100, 100]","[100, 100]","[100, 100]","[100, 100]","[100, 100]","[100, 100]","[100, 100]","[100, 100]","[0, -375]",ok.png,"[100, 100]","[100, 100]",41,1,1,1,1,0,0,0,0,0,0,0,1.07770454884,1.077704548835754,0,-186,-186,223,223,1,1,0,0,0,0,0,0,0,0.791713416576,0.7917134165763855,0,-43,-43,-389,-389,126
00.png,tray2.png,04.png,00.png,00.png,16.png,22.png,00.png,00.png,"[-207, -50]","[243, 100]","[150, 100]","[-57, 100]","[93, 100]","[243, 250]","[-207, 100]","[-57, 250]","[93, 250]","[-207, 250]","[-57, -200]","[93, -200]","[243, -200]","[100, 100]","[-57, -50]","[93, -50]","[243, -50]","[-207, -200]",1,8,"[100, 100]","[100, 100]",tray,00.png,00.png,32.png,02.png,00.png,29.png,19.png,m,"[100, 100]","[100, 100]","[100, 100]","[100, 100]","[100, 100]","[100, 100]","[100, 100]","[100, 100]","[100, 100]","[100, 100]","[100, 100]","[0, -375]",ok.png,"[100, 100]","[100, 100]",42,1,1,1,1,0,0,0,0,0,0,0,0.919156908989,0.9191569089889526,0,-72,-72,249,249,1,1,0,0,0,0,0,0,0,0.826434731483,0.8264347314834595,0,-1,-1,-375,-375,300
00.png,08.png,tray2.png,03.png,25.png,28.png,27.png,00.png,00.png,"[-227, -53]","[223, 97]","[150, 100]","[-77, 97]","[73, 97]","[223, 247]","[-227, 97]","[-77, 247]","[73, 247]","[-227, 247]","[-77, -203]","[73, -203]","[223, -203]","[100, 100]","[-77, -53]","[73, -53]","[223, -53]","[-227, -203]",1,8,"[100, 100]","[100, 100]",tray,21.png,05.png,00.png,00.png,00.png,00.png,00.png,m,"[100, 100]","[100, 100]","[100, 100]","[100, 100]","[100, 100]","[100, 100]","[100, 100]","[100, 100]","[100, 100]","[100, 100]","[100, 100]","[0, -375]",ok.png,"[100, 100]","[100, 100]",43,1,1,1,1,0,0,0,0,0,0,0,1.62114202976,1.621142029762268,0,81,81,269,269,1,1,0,0,0,0,0,0,0,0.686870992184,0.6868709921836853,0,-17,-17,-387,-387,348
00.png,07.png,00.png,tray2.png,23.png,00.png,09.png,00.png,00.png,"[-243, -76]","[207, 74]","[150, 100]","[-93, 74]","[57, 74]","[207, 224]","[-243, 74]","[-93, 224]","[57, 224]","[-243, 224]","[-93, -226]","[57, -226]","[207, -226]","[100, 100]","[-93, -76]","[57, -76]","[207, -76]","[-243, -226]",1,8,"[100, 100]","[100, 100]",tray,00.png,17.png,16.png,00.png,06.png,15.png,00.png,m,"[100, 100]","[100, 100]","[100, 100]","[100, 100]","[100, 100]","[100, 100]","[100, 100]","[100, 100]","[100, 100]","[100, 100]","[100, 100]","[0, -375]",ok.png,"[100, 100]","[100, 100]",44,1,1,1,1,0,0,0,0,0,0,0,2.40021824837,2.40021824836731,0,200,200,237,237,1,1,0,0,0,0,0,0,0,1.00780344009,1.007803440093994,0,25,25,-389,-389,176
00.png,32.png,00.png,31.png,tray2.png,08.png,30.png,00.png,34.png,"[-243, -52]","[207, 98]","[150, 100]","[-93, 98]","[57, 98]","[207, 248]","[-243, 98]","[-93, 248]","[57, 248]","[-243, 248]","[-93, -202]","[57, -202]","[207, -202]","[100, 100]","[-93, -52]","[57, -52]","[207, -52]","[-243, -202]",1,8,"[100, 100]","[100, 100]",tray,12.png,00.png,00.png,00.png,00.png,00.png,11.png,m,"[100, 100]","[100, 100]","[100, 100]","[100, 100]","[100, 100]","[100, 100]","[100, 100]","[100, 100]","[100, 100]","[100, 100]","[100, 100]","[0, -375]",ok.png,"[100, 100]","[100, 100]",45,1,1,1,1,0,0,0,0,0,0,0,1.28035986423,1.280359864234924,0,-249,-249,111,111,1,1,0,0,0,0,0,0,0,0.794849276543,0.7948492765426636,0,-4,-4,-402,-402,397
00.png,00.png,16.png,13.png,10.png,tray2.png,09.png,07.png,27.png,"[-241, -56]","[209, 94]","[150, 100]","[-91, 94]","[59, 94]","[209, 244]","[-241, 94]","[-91, 244]","[59, 244]","[-241, 244]","[-91, -206]","[59, -206]","[209, -206]","[100, 100]","[-91, -56]","[59, -56]","[209, -56]","[-241, -206]",1,8,"[100, 100]","[100, 100]",tray,00.png,00.png,24.png,00.png,00.png,00.png,00.png,m,"[100, 100]","[100, 100]","[100, 100]","[100, 100]","[100, 100]","[100, 100]","[100, 100]","[100, 100]","[100, 100]","[100, 100]","[100, 100]","[0, -375]",ok.png,"[100, 100]","[100, 100]",46,1,1,1,1,0,0,0,0,0,0,0,1.09498119354,1.09498119354248,0,-113,-113,90,90,1,1,0,0,0,0,0,0,0,0.699141442776,0.6991414427757263,0,24,24,-409,-409,306
30.png,00.png,20.png,00.png,10.png,00.png,tray2.png,01.png,00.png,"[-232, -58]","[218, 92]","[150, 100]","[-82, 92]","[68, 92]","[218, 242]","[-232, 92]","[-82, 242]","[68, 242]","[-232, 242]","[-82, -208]","[68, -208]","[218, -208]","[100, 100]","[-82, -58]","[68, -58]","[218, -58]","[-232, -208]",1,8,"[100, 100]","[100, 100]",tray,33.png,00.png,05.png,00.png,00.png,25.png,00.png,m,"[100, 100]","[100, 100]","[100, 100]","[100, 100]","[100, 100]","[100, 100]","[100, 100]","[100, 100]","[100, 100]","[100, 100]","[100, 100]","[0, -375]",ok.png,"[100, 100]","[100, 100]",47,1,1,1,1,0,0,0,0,0,0,0,0.95162332058,0.9516233205795288,0,65,65,88,88,1,1,0,0,0,0,0,0,0,1.27702581882,1.277025818824768,0,-6,-6,-356,-356,252
00.png,00.png,24.png,26.png,00.png,04.png,02.png,tray2.png,09.png,"[-234, -60]","[216, 90]","[150, 100]","[-84, 90]","[66, 90]","[216, 240]","[-234, 90]","[-84, 240]","[66, 240]","[-234, 240]","[-84, -210]","[66, -210]","[216, -210]","[100, 100]","[-84, -60]","[66, -60]","[216, -60]","[-234, -210]",1,8,"[100, 100]","[100, 100]",tray,00.png,18.png,00.png,14.png,00.png,00.png,00.png,m,"[100, 100]","[100, 100]","[100, 100]","[100, 100]","[100, 100]","[100, 100]","[100, 100]","[100, 100]","[100, 100]","[100, 100]","[100, 100]","[0, -375]",ok.png,"[100, 100]","[100, 100]",48,1,1,1,1,0,0,0,0,0,0,0,1.33006250858,1.330062508583069,0,204,204,93,93,1,1,0,0,0,0,0,0,0,0.966674149036,0.9666741490364076,0,3,3,-389,-389,441
19.png,00.png,00.png,09.png,30.png,00.png,00.png,18.png,tray2.png,"[-227, -86]","[223, 64]","[150, 100]","[-77, 64]","[73, 64]","[223, 214]","[-227, 64]","[-77, 214]","[73, 214]","[-227, 214]","[-77, -236]","[73, -236]","[223, -236]","[100, 100]","[-77, -86]","[73, -86]","[223, -86]","[-227, -236]",1,8,"[100, 100]","[100, 100]",tray,11.png,00.png,00.png,07.png,00.png,00.png,14.png,m,"[100, 100]","[100, 100]","[100, 100]","[100, 100]","[100, 100]","[100, 100]","[100, 100]","[100, 100]","[100, 100]","[100, 100]","[100, 100]","[0, -375]",ok.png,"[100, 100]","[100, 100]",49,1,1,1,1,0,0,0,0,0,0,0,1.60679864883,1.606798648834229,0,-219,-219,-75,-75,1,1,0,0,0,0,0,0,0,1.14325594902,1.143255949020386,0,32,32,-379,-379,270
00.png,29.png,00.png,19.png,00.png,14.png,00.png,33.png,00.png,"[-200, -75]","[250, 75]","[150, 100]","[-50, 75]","[100, 75]","[250, 225]","[-200, 75]","[-50, 225]","[100, 225]","[-200, 225]","[-50, -225]","[100, -225]","[250, -225]","[100, 100]","[-50, -75]","[100, -75]","[250, -75]","[-200, -225]",1,8,"[100, 100]","[100, 100]",tray,23.png,00.png,tray2.png,00.png,31.png,13.png,00.png,m,"[100, 100]","[100, 100]","[100, 100]","[100, 100]","[100, 100]","[100, 100]","[100, 100]","[100, 100]","[100, 100]","[100, 100]","[100, 100]","[0, -375]",ok.png,"[100, 100]","[100, 100]",50,1,1,1,1,0,0,0,0,0,0,0,1.2154468298,1.215446829795837,0,-57,-57,-28,-28,1,1,0,0,0,0,0,0,0,0.779415249825,0.7794152498245239,0,32,32,-364,-364,251
dots1.png,01.png,02.png,03.png,04.png,05.png,06.png,07.png,00.png,"[-213, -87]","[237, 63]","[150, 100]","[-63, 63]","[87, 63]","[237, 213]","[-213, 63]","[-63, 213]","[87, 213]","[-213, 213]","[-63, -237]","[87, -237]","[237, -237]","[100, 100]","[-63, -87]","[87, -87]","[237, -87]","[-213, -237]",1,8,"[100, 100]","[100, 100]",dots,00.png,00.png,00.png,00.png,00.png,00.png,00.png,m,"[100, 100]","[100, 100]","[100, 100]","[100, 100]","[100, 100]","[100, 100]","[100, 100]","[100, 100]","[100, 100]","[100, 100]","[100, 100]","[0, -375]",ok.png,"[100, 100]","[100, 100]",51,2,1,1,1,0,0,0,0,0,0,0,1.21293151379,1.212931513786316,0,-202,-202,198,198,1,1,0,0,0,0,0,0,0,0.665956556797,0.6659565567970276,0,-1,-1,-382,-382,70
08.png,dots1.png,09.png,00.png,10.png,11.png,12.png,13.png,00.png,"[-227, -95]","[223, 55]","[150, 100]","[-77, 55]","[73, 55]","[223, 205]","[-227, 55]","[-77, 205]","[73, 205]","[-227, 205]","[-77, -245]","[73, -245]","[223, -245]","[100, 100]","[-77, -95]","[73, -95]","[223, -95]","[-227, -245]",1,8,"[100, 100]","[100, 100]",dots,00.png,00.png,14.png,00.png,00.png,00.png,00.png,m,"[100, 100]","[100, 100]","[100, 100]","[100, 100]","[100, 100]","[100, 100]","[100, 100]","[100, 100]","[100, 100]","[100, 100]","[100, 100]","[0, -375]",ok.png,"[100, 100]","[100, 100]",52,2,1,1,1,0,0,0,0,0,0,0,0.936850607395,0.936850607395172,0,-65,-65,196,196,1,1,0,0,0,0,0,0,0,0.701579332352,0.7015793323516846,0,38,38,-375,-375,232
00.png,00.png,dots1.png,15.png,16.png,17.png,18.png,19.png,20.png,"[-209, -76]","[241, 74]","[150, 100]","[-59, 74]","[91, 74]","[241, 224]","[-209, 74]","[-59, 224]","[91, 224]","[-209, 224]","[-59, -226]","[91, -226]","[241, -226]","[100, 100]","[-59, -76]","[91, -76]","[241, -76]","[-209, -226]",1,8,"[100, 100]","[100, 100]",dots,00.png,00.png,21.png,00.png,00.png,00.png,00.png,m,"[100, 100]","[100, 100]","[100, 100]","[100, 100]","[100, 100]","[100, 100]","[100, 100]","[100, 100]","[100, 100]","[100, 100]","[100, 100]","[0, -375]",ok.png,"[100, 100]","[100, 100]",53,2,1,1,1,0,0,0,0,0,0,0,1.31328332424,1.313283324241638,0,94,94,235,235,1,1,0,0,0,0,0,0,0,0.682506561279,0.6825065612792969,0,48,48,-370,-370,99
22.png,23.png,24.png,dots1.png,00.png,00.png,25.png,26.png,00.png,"[-226, -79]","[224, 71]","[150, 100]","[-76, 71]","[74, 71]","[224, 221]","[-226, 71]","[-76, 221]","[74, 221]","[-226, 221]","[-76, -229]","[74, -229]","[224, -229]","[100, 100]","[-76, -79]","[74, -79]","[224, -79]","[-226, -229]",1,8,"[100, 100]","[100, 100]",dots,28.png,00.png,00.png,27.png,00.png,00.png,00.png,m,"[100, 100]","[100, 100]","[100, 100]","[100, 100]","[100, 100]","[100, 100]","[100, 100]","[100, 100]","[100, 100]","[100, 100]","[100, 100]","[0, -375]",ok.png,"[100, 100]","[100, 100]",54,2,1,1,1,0,0,0,0,0,0,0,3.59949469566,3.599494695663452,0,201,201,221,221,1,1,0,0,0,0,0,0,0,0.888497531414,0.888497531414032,0,10,10,-377,-377,92
00.png,00.png,00.png,00.png,dots1.png,29.png,30.png,31.png,32.png,"[-250, -94]","[200, 56]","[150, 100]","[-100, 56]","[50, 56]","[200, 206]","[-250, 56]","[-100, 206]","[50, 206]","[-250, 206]","[-100, -244]","[50, -244]","[200, -244]","[100, 100]","[-100, -94]","[50, -94]","[200, -94]","[-250, -244]",1,8,"[100, 100]","[100, 100]",dots,01.png,00.png,33.png,34.png,00.png,00.png,00.png,m,"[100, 100]","[100, 100]","[100, 100]","[100, 100]","[100, 100]","[100, 100]","[100, 100]","[100, 100]","[100, 100]","[100, 100]","[100, 100]","[0, -375]",ok.png,"[100, 100]","[100, 100]",55,2,1,1,1,0,0,0,0,0,0,0,1.43295454979,1.432954549789429,0,-221,-221,42,42,1,1,0,0,0,0,0,0,0,0.762280881405,0.7622808814048767,0,18,18,-359,-359,363
01.png,34.png,00.png,00.png,04.png,dots1.png,00.png,00.png,06.png,"[-224, -65]","[226, 85]","[150, 100]","[-74, 85]","[76, 85]","[226, 235]","[-224, 85]","[-74, 235]","[76, 235]","[-224, 235]","[-74, -215]","[76, -215]","[226, -215]","[100, 100]","[-74, -65]","[76, -65]","[226, -65]","[-224, -215]",1,8,"[100, 100]","[100, 100]",dots,00.png,17.png,15.png,00.png,00.png,23.png,00.png,m,"[100, 100]","[100, 100]","[100, 100]","[100, 100]","[100, 100]","[100, 100]","[100, 100]","[100, 100]","[100, 100]","[100, 100]","[100, 100]","[0, -375]",ok.png,"[100, 100]","[100, 100]",56,2,1,1,1,0,0,0,0,0,0,0,1.65216982365,1.652169823646545,0,-50,-50,65,65,1,1,0,0,0,0,0,0,0,0.876105964184,0.8761059641838074,0,45,45,-388,-388,159
00.png,00.png,00.png,00.png,07.png,03.png,dots1.png,25.png,00.png,"[-210, -99]","[240, 51]","[150, 100]","[-60, 51]","[90, 51]","[240, 201]","[-210, 51]","[-60, 201]","[90, 201]","[-210, 201]","[-60, -249]","[90, -249]","[240, -249]","[100, 100]","[-60, -99]","[90, -99]","[240, -99]","[-210, -249]",1,8,"[100, 100]","[100, 100]",dots,00.png,06.png,00.png,00.png,14.png,22.png,09.png,m,"[100, 100]","[100, 100]","[100, 100]","[100, 100]","[100, 100]","[100, 100]","[100, 100]","[100, 100]","[100, 100]","[100, 100]","[100, 100]","[0, -375]",ok.png,"[100, 100]","[100, 100]",57,2,1,1,1,0,0,0,0,0,0,0,1.14791762829,1.147917628288269,0,103,103,45,45,1,1,0,0,0,0,0,0,0,1.07779681683,1.077796816825867,0,37,37,-385,-385,186
00.png,05.png,33.png,07.png,00.png,00.png,27.png,dots1.png,00.png,"[-245, -72]","[205, 78]","[150, 100]","[-95, 78]","[55, 78]","[205, 228]","[-245, 78]","[-95, 228]","[55, 228]","[-245, 228]","[-95, -222]","[55, -222]","[205, -222]","[100, 100]","[-95, -72]","[55, -72]","[205, -72]","[-245, -222]",1,8,"[100, 100]","[100, 100]",dots,31.png,00.png,17.png,30.png,00.png,00.png,00.png,m,"[100, 100]","[100, 100]","[100, 100]","[100, 100]","[100, 100]","[100, 100]","[100, 100]","[100, 100]","[100, 100]","[100, 100]","[100, 100]","[0, -375]",ok.png,"[100, 100]","[100, 100]",58,2,1,1,1,0,0,0,0,0,0,0,1.94752061367,1.947520613670349,0,26,26,-370,-370,1,1,0,0,0,0,0,0,0,1.80799555779,1.807995557785034,0,-15,-15,-379,-379,101
00.png,00.png,00.png,00.png,00.png,00.png,00.png,00.png,dots1.png,"[-230, -75]","[220, 75]","[150, 100]","[-80, 75]","[70, 75]","[220, 225]","[-230, 75]","[-80, 225]","[70, 225]","[-230, 225]","[-80, -225]","[70, -225]","[220, -225]","[100, 100]","[-80, -75]","[70, -75]","[220, -75]","[-230, -225]",1,8,"[100, 100]","[100, 100]",dots,27.png,21.png,29.png,23.png,33.png,25.png,31.png,m,"[100, 100]","[100, 100]","[100, 100]","[100, 100]","[100, 100]","[100, 100]","[100, 100]","[100, 100]","[100, 100]","[100, 100]","[100, 100]","[0, -375]",ok.png,"[100, 100]","[100, 100]",59,2,1,1,1,0,0,0,0,0,0,0,1.51521170139,1.515211701393127,0,-244,-244,-72,-72,1,1,0,0,0,0,0,0,0,0.773774385452,0.7737743854522705,0,13,13,-394,-394,424
00.png,00.png,00.png,00.png,14.png,16.png,18.png,20.png,22.png,"[-245, -92]","[205, 58]","[150, 100]","[-95, 58]","[55, 58]","[205, 208]","[-245, 58]","[-95, 208]","[55, 208]","[-245, 208]","[-95, -242]","[55, -242]","[205, -242]","[100, 100]","[-95, -92]","[55, -92]","[205, -92]","[-245, -242]",1,8,"[100, 100]","[100, 100]",dots,26.png,00.png,dots1.png,24.png,00.png,00.png,00.png,m,"[100, 100]","[100, 100]","[100, 100]","[100, 100]","[100, 100]","[100, 100]","[100, 100]","[100, 100]","[100, 100]","[100, 100]","[100, 100]","[0, -375]",ok.png,"[100, 100]","[100, 100]",60,2,1,1,1,0,0,0,0,0,0,0,1.25953602791,1.259536027908325,0,-82,-82,-73,-73,1,1,0,0,0,0,0,0,0,0.702142119408,0.7021421194076538,0,-10,-10,-354,-354,219
00.png,00.png,00.png,00.png,13.png,10.png,00.png,00.png,16.png,"[-227, -74]","[223, 76]","[150, 100]","[-77, 76]","[73, 76]","[223, 226]","[-227, 76]","[-77, 226]","[73, 226]","[-227, 226]","[-77, -224]","[73, -224]","[223, -224]","[100, 100]","[-77, -74]","[73, -74]","[223, -74]","[-227, -224]",1,8,"[100, 100]","[100, 100]",dots,21.png,24.png,19.png,dots1.png,00.png,27.png,00.png,m,"[100, 100]","[100, 100]","[100, 100]","[100, 100]","[100, 100]","[100, 100]","[100, 100]","[100, 100]","[100, 100]","[100, 100]","[100, 100]","[0, -375]",ok.png,"[100, 100]","[100, 100]",61,2,1,1,1,0,0,0,0,0,0,0,0.949071824551,0.9490718245506288,0,52,52,-83,-83,1,1,0,0,0,0,0,0,0,0.887143075466,0.887143075466156,0,-16,-16,-372,-372,82
10.png,15.png,20.png,25.png,00.png,00.png,00.png,00.png,21.png,"[-211, -91]","[239, 59]","[150, 100]","[-61, 59]","[89, 59]","[239, 209]","[-211, 59]","[-61, 209]","[89, 209]","[-211, 209]","[-61, -241]","[89, -241]","[239, -241]","[100, 100]","[-61, -91]","[89, -91]","[239, -91]","[-211, -241]",1,8,"[100, 100]","[100, 100]",dots,dots1.png,00.png,16.png,11.png,00.png,00.png,00.png,m,"[100, 100]","[100, 100]","[100, 100]","[100, 100]","[100, 100]","[100, 100]","[100, 100]","[100, 100]","[100, 100]","[100, 100]","[100, 100]","[0, -375]",ok.png,"[100, 100]","[100, 100]",62,2,1,1,1,0,0,0,0,0,0,0,1.49152326584,1.491523265838623,0,252,252,-89,-89,1,1,0,0,0,0,0,0,0,1.2955840826,1.295584082603455,0,39,39,-375,-375,416
00.png,00.png,00.png,00.png,00.png,00.png,00.png,00.png,03.png,"[-239, -87]","[211, 63]","[150, 100]","[-89, 63]","[61, 63]","[211, 213]","[-239, 63]","[-89, 213]","[61, 213]","[-239, 213]","[-89, -237]","[61, -237]","[211, -237]","[100, 100]","[-89, -87]","[61, -87]","[211, -87]","[-239, -237]",1,8,"[100, 100]","[100, 100]",dots,08.png,dots1.png,01.png,07.png,04.png,05.png,02.png,m,"[100, 100]","[100, 100]","[100, 100]","[100, 100]","[100, 100]","[100, 100]","[100, 100]","[100, 100]","[100, 100]","[100, 100]","[100, 100]","[0, -375]",ok.png,"[100, 100]","[100, 100]",63,2,1,1,1,0,0,0,0,0,0,0,1.24457728863,1.244577288627625,0,-247,-247,-229,-229,1,1,0,0,0,0,0,0,0,0.613120675087,0.6131206750869751,0,-52,-52,-346,-346,57
29.png,00.png,00.png,16.png,00.png,00.png,33.png,08.png,13.png,"[-236, -97]","[214, 53]","[150, 100]","[-86, 53]","[64, 53]","[214, 203]","[-236, 53]","[-86, 203]","[64, 203]","[-236, 203]","[-86, -247]","[64, -247]","[214, -247]","[100, 100]","[-86, -97]","[64, -97]","[214, -97]","[-236, -247]",1,8,"[100, 100]","[100, 100]",dots,00.png,23.png,00.png,00.png,00.png,dots1.png,12.png,m,"[100, 100]","[100, 100]","[100, 100]","[100, 100]","[100, 100]","[100, 100]","[100, 100]","[100, 100]","[100, 100]","[100, 100]","[100, 100]","[0, -375]",ok.png,"[100, 100]","[100, 100]",64,2,1,1,1,0,0,0,0,0,0,0,1.55865526199,1.558655261993408,0,-99,-99,-250,-250,1,1,0,0,0,0,0,0,0,0.486311465502,0.4863114655017853,0,-19,-19,-361,-361,149
00.png,00.png,00.png,00.png,00.png,00.png,00.png,33.png,27.png,"[-226, -51]","[224, 99]","[150, 100]","[-76, 99]","[74, 99]","[224, 249]","[-226, 99]","[-76, 249]","[74, 249]","[-226, 249]","[-76, -201]","[74, -201]","[224, -201]","[100, 100]","[-76, -51]","[74, -51]","[224, -51]","[-226, -201]",1,8,"[100, 100]","[100, 100]",dots,13.png,07.png,23.png,17.png,00.png,03.png,dots1.png,m,"[100, 100]","[100, 100]","[100, 100]","[100, 100]","[100, 100]","[100, 100]","[100, 100]","[100, 100]","[100, 100]","[100, 100]","[100, 100]","[0, -375]",ok.png,"[100, 100]","[100, 100]",65,2,1,1,1,0,0,0,0,0,0,0,1.87386786938,1.873867869377136,0,72,72,-196,-196,1,1,0,0,0,0,0,0,0,0.466282099485,0.4662820994853973,0,21,21,-385,-385,72
04.png,20.png,30.png,02.png,00.png,00.png,00.png,00.png,00.png,"[-204, -65]","[246, 85]","[150, 100]","[-54, 85]","[96, 85]","[246, 235]","[-204, 85]","[-54, 235]","[96, 235]","[-204, 235]","[-54, -215]","[96, -215]","[246, -215]","[100, 100]","[-54, -65]","[96, -65]","[246, -65]","[-204, -215]",1,8,"[100, 100]","[100, 100]",dots,00.png,14.png,00.png,00.png,dots1.png,07.png,17.png,m,"[100, 100]","[100, 100]","[100, 100]","[100, 100]","[100, 100]","[100, 100]","[100, 100]","[100, 100]","[100, 100]","[100, 100]","[100, 100]","[0, -375]",ok.png,"[100, 100]","[100, 100]",66,2,1,1,1,0,0,0,0,0,0,0,1.69289398193,1.692893981933594,0,233,233,-221,-221,1,1,0,0,0,0,0,0,0,1.11208438873,1.11208438873291,0,17,17,-372,-372,36
00.png,19.png,29.png,00.png,00.png,02.png,32.png,00.png,00.png,"[-231, -60]","[219, 90]","[150, 100]","[-81, 90]","[69, 90]","[219, 240]","[-231, 90]","[-81, 240]","[69, 240]","[-231, 240]","[-81, -210]","[69, -210]","[219, -210]","[100, 100]","[-81, -60]","[69, -60]","[219, -60]","[-231, -210]",1,8,"[100, 100]","[100, 100]",dots,00.png,00.png,22.png,16.png,00.png,04.png,dots1.png,m,"[100, 100]","[100, 100]","[100, 100]","[100, 100]","[100, 100]","[100, 100]","[100, 100]","[100, 100]","[100, 100]","[100, 100]","[100, 100]","[0, -375]",ok.png,"[100, 100]","[100, 100]",67,2,1,1,1,0,0,0,0,0,0,0,2.02677464485,2.026774644851685,0,78,78,-224,-224,1,1,0,0,0,0,0,0,0,0.90762847662,0.9076284766197203,0,-27,-27,-434,-434,25
00.png,00.png,00.png,05.png,21.png,00.png,00.png,00.png,00.png,"[-219, -83]","[231, 67]","[150, 100]","[-69, 67]","[81, 67]","[231, 217]","[-219, 67]","[-69, 217]","[81, 217]","[-219, 217]","[-69, -233]","[81, -233]","[231, -233]","[100, 100]","[-69, -83]","[81, -83]","[231, -83]","[-219, -233]",1,8,"[100, 100]","[100, 100]",dots,25.png,03.png,27.png,28.png,00.png,dots1.png,08.png,m,"[100, 100]","[100, 100]","[100, 100]","[100, 100]","[100, 100]","[100, 100]","[100, 100]","[100, 100]","[100, 100]","[100, 100]","[100, 100]","[0, -375]",ok.png,"[100, 100]","[100, 100]",68,2,1,1,1,0,0,0,0,0,0,0,1.26215803623,1.262158036231995,0,-74,-74,-228,-228,1,1,0,0,0,0,0,0,0,0.81150496006,0.8115049600601196,0,-10,-10,-377,-377,305
06.png,00.png,15.png,17.png,00.png,00.png,16.png,00.png,00.png,"[-239, -60]","[211, 90]","[150, 100]","[-89, 90]","[61, 90]","[211, 240]","[-239, 90]","[-89, 240]","[61, 240]","[-239, 240]","[-89, -210]","[61, -210]","[211, -210]","[100, 100]","[-89, -60]","[61, -60]","[211, -60]","[-239, -210]",1,8,"[100, 100]","[100, 100]",dots,23.png,dots1.png,09.png,00.png,00.png,00.png,07.png,m,"[100, 100]","[100, 100]","[100, 100]","[100, 100]","[100, 100]","[100, 100]","[100, 100]","[100, 100]","[100, 100]","[100, 100]","[100, 100]","[0, -375]",ok.png,"[100, 100]","[100, 100]",69,2,1,1,1,0,0,0,0,0,0,0,1.8363660574,1.836366057395935,0,-249,-249,-197,-197,1,1,0,0,0,0,0,0,0,0.612051188946,0.6120511889457703,0,-27,-27,-379,-379,11
00.png,11.png,00.png,00.png,12.png,00.png,00.png,34.png,00.png,"[-210, -53]","[240, 97]","[150, 100]","[-60, 97]","[90, 97]","[240, 247]","[-210, 97]","[-60, 247]","[90, 247]","[-210, 247]","[-60, -203]","[90, -203]","[240, -203]","[100, 100]","[-60, -53]","[90, -53]","[240, -53]","[-210, -203]",1,8,"[100, 100]","[100, 100]",dots,dots1.png,31.png,30.png,08.png,00.png,00.png,32.png,m,"[100, 100]","[100, 100]","[100, 100]","[100, 100]","[100, 100]","[100, 100]","[100, 100]","[100, 100]","[100, 100]","[100, 100]","[100, 100]","[0, -375]",ok.png,"[100, 100]","[100, 100]",70,2,1,1,1,0,0,0,0,0,0,0,2.15611386299,2.156113862991333,0,248,248,-40,-40,1,1,0,0,0,0,0,0,0,0.622176229954,0.6221762299537659,0,-10,-10,-410,-410,64
00.png,00.png,00.png,00.png,00.png,00.png,24.png,27.png,07.png,"[-223, -68]","[227, 82]","[150, 100]","[-73, 82]","[77, 82]","[227, 232]","[-223, 82]","[-73, 232]","[77, 232]","[-223, 232]","[-73, -218]","[77, -218]","[227, -218]","[100, 100]","[-73, -68]","[77, -68]","[227, -68]","[-223, -218]",1,8,"[100, 100]","[100, 100]",dots,10.png,13.png,09.png,dots1.png,00.png,16.png,00.png,m,"[100, 100]","[100, 100]","[100, 100]","[100, 100]","[100, 100]","[100, 100]","[100, 100]","[100, 100]","[100, 100]","[100, 100]","[100, 100]","[0, -375]",ok.png,"[100, 100]","[100, 100]",71,2,1,1,1,0,0,0,0,0,0,0,1.12710344791,1.127103447914124,0,62,62,-57,-57,1,1,0,0,0,0,0,0,0,1.0418446064,1.041844606399536,0,-9,-9,-378,-378,41
00.png,00.png,25.png,00.png,33.png,00.png,05.png,00.png,01.png,"[-230, -65]","[220, 85]","[150, 100]","[-80, 85]","[70, 85]","[220, 235]","[-230, 85]","[-80, 235]","[70, 235]","[-230, 235]","[-80, -215]","[70, -215]","[220, -215]","[100, 100]","[-80, -65]","[70, -65]","[220, -65]","[-230, -215]",1,8,"[100, 100]","[100, 100]",dots,10.png,00.png,dots1.png,00.png,30.png,20.png,00.png,m,"[100, 100]","[100, 100]","[100, 100]","[100, 100]","[100, 100]","[100, 100]","[100, 100]","[100, 100]","[100, 100]","[100, 100]","[100, 100]","[0, -375]",ok.png,"[100, 100]","[100, 100]",72,2,1,1,1,0,0,0,0,0,0,0,0.949191212654,0.9491912126541138,0,-53,-53,-39,-39,1,1,0,0,0,0,0,0,0,0.594238460064,0.5942384600639343,0,34,34,-401,-401,271
00.png,00.png,00.png,18.png,00.png,14.png,00.png,09.png,dots1.png,"[-204, -66]","[246, 84]","[150, 100]","[-54, 84]","[96, 84]","[246, 234]","[-204, 84]","[-54, 234]","[96, 234]","[-204, 234]","[-54, -216]","[96, -216]","[246, -216]","[100, 100]","[-54, -66]","[96, -66]","[246, -66]","[-204, -216]",1,8,"[100, 100]","[100, 100]",dots,00.png,26.png,02.png,04.png,00.png,24.png,00.png,m,"[100, 100]","[100, 100]","[100, 100]","[100, 100]","[100, 100]","[100, 100]","[100, 100]","[100, 100]","[100, 100]","[100, 100]","[100, 100]","[0, -375]",ok.png,"[100, 100]","[100, 100]",73,2,1,1,1,0,0,0,0,0,0,0,1.497428298,1.497428297996521,0,-198,-198,-67,-67,1,1,0,0,0,0,0,0,0,0.468299567699,0.4682995676994324,0,-37,-37,-357,-357,107
00.png,14.png,00.png,00.png,11.png,07.png,00.png,dots1.png,18.png,"[-205, -86]","[245, 64]","[150, 100]","[-55, 64]","[95, 64]","[245, 214]","[-205, 64]","[-55, 214]","[95, 214]","[-205, 214]","[-55, -236]","[95, -236]","[245, -236]","[100, 100]","[-55, -86]","[95, -86]","[245, -86]","[-205, -236]",1,8,"[100, 100]","[100, 100]",dots,30.png,09.png,00.png,00.png,19.png,00.png,00.png,m,"[100, 100]","[100, 100]","[100, 100]","[100, 100]","[100, 100]","[100, 100]","[100, 100]","[100, 100]","[100, 100]","[100, 100]","[100, 100]","[0, -375]",ok.png,"[100, 100]","[100, 100]",74,2,1,1,1,0,0,0,0,0,0,0,1.48060965538,1.480609655380249,0,240,240,64,64,1,1,0,0,0,0,0,0,0,1.20047056675,1.200470566749573,0,-11,-11,-360,-360,2
31.png,00.png,13.png,00.png,23.png,00.png,dots1.png,00.png,33.png,"[-247, -77]","[203, 73]","[150, 100]","[-97, 73]","[53, 73]","[203, 223]","[-247, 73]","[-97, 223]","[53, 223]","[-247, 223]","[-97, -227]","[53, -227]","[203, -227]","[100, 100]","[-97, -77]","[53, -77]","[203, -77]","[-247, -227]",1,8,"[100, 100]","[100, 100]",dots,00.png,19.png,00.png,14.png,00.png,00.png,29.png,m,"[100, 100]","[100, 100]","[100, 100]","[100, 100]","[100, 100]","[100, 100]","[100, 100]","[100, 100]","[100, 100]","[100, 100]","[100, 100]","[0, -375]",ok.png,"[100, 100]","[100, 100]",75,2,1,1,1,0,0,0,0,0,0,0,1.98002910614,1.980029106140137,0,44,44,70,70,1,1,0,0,0,0,0,0,0,2.24977302551,2.249773025512695,0,26,26,-394,-394,253
00.png,00.png,00.png,00.png,00.png,00.png,00.png,00.png,07.png,"[-207, -91]","[243, 59]","[150, 100]","[-57, 59]","[93, 59]","[243, 209]","[-207, 59]","[-57, 209]","[93, 209]","[-207, 209]","[-57, -241]","[93, -241]","[243, -241]","[100, 100]","[-57, -91]","[93, -91]","[243, -91]","[-207, -241]",1,8,"[100, 100]","[100, 100]",dots,04.png,03.png,06.png,05.png,dots2.png,02.png,01.png,m,"[100, 100]","[100, 100]","[100, 100]","[100, 100]","[100, 100]","[100, 100]","[100, 100]","[100, 100]","[100, 100]","[100, 100]","[100, 100]","[0, -375]",ok.png,"[100, 100]","[100, 100]",76,2,1,1,1,0,0,0,0,0,0,0,1.90520119667,1.905201196670532,0,-13,-13,-379,-379,1,1,0,0,0,0,0,0,0,2.43386602402,2.433866024017334,0,17,17,-337,-337,354
00.png,00.png,00.png,00.png,00.png,00.png,14.png,00.png,13.png,"[-237, -86]","[213, 64]","[150, 100]","[-87, 64]","[63, 64]","[213, 214]","[-237, 64]","[-87, 214]","[63, 214]","[-237, 214]","[-87, -236]","[63, -236]","[213, -236]","[100, 100]","[-87, -86]","[63, -86]","[213, -86]","[-237, -236]",1,8,"[100, 100]","[100, 100]",dots,10.png,00.png,12.png,11.png,08.png,09.png,dots2.png,m,"[100, 100]","[100, 100]","[100, 100]","[100, 100]","[100, 100]","[100, 100]","[100, 100]","[100, 100]","[100, 100]","[100, 100]","[100, 100]","[0, -375]",ok.png,"[100, 100]","[100, 100]",77,2,1,1,1,0,0,0,0,0,0,0,1.28139710426,1.281397104263306,0,64,64,-212,-212,1,1,0,0,0,0,0,0,0,0.450487494469,0.450487494468689,0,-11,-11,-356,-356,40
00.png,00.png,00.png,00.png,00.png,00.png,21.png,20.png,19.png,"[-231, -93]","[219, 57]","[150, 100]","[-81, 57]","[69, 57]","[219, 207]","[-231, 57]","[-81, 207]","[69, 207]","[-231, 207]","[-81, -243]","[69, -243]","[219, -243]","[100, 100]","[-81, -93]","[69, -93]","[219, -93]","[-231, -243]",1,8,"[100, 100]","[100, 100]",dots,16.png,15.png,18.png,17.png,00.png,dots2.png,00.png,m,"[100, 100]","[100, 100]","[100, 100]","[100, 100]","[100, 100]","[100, 100]","[100, 100]","[100, 100]","[100, 100]","[100, 100]","[100, 100]","[0, -375]",ok.png,"[100, 100]","[100, 100]",78,2,1,1,1,0,0,0,0,0,0,0,2.46778845787,2.467788457870483,0,-106,-106,-233,-233,1,1,0,0,0,0,0,0,0,0.0525946654379,0.05259466543793678,0,-106,-106,-233,-233,241
00.png,00.png,00.png,00.png,00.png,00.png,31.png,27.png,26.png,"[-245, -78]","[205, 72]","[150, 100]","[-95, 72]","[55, 72]","[205, 222]","[-245, 72]","[-95, 222]","[55, 222]","[-245, 222]","[-95, -228]","[55, -228]","[205, -228]","[100, 100]","[-95, -78]","[55, -78]","[205, -78]","[-245, -228]",1,8,"[100, 100]","[100, 100]",dots,00.png,dots2.png,28.png,00.png,22.png,24.png,23.png,m,"[100, 100]","[100, 100]","[100, 100]","[100, 100]","[100, 100]","[100, 100]","[100, 100]","[100, 100]","[100, 100]","[100, 100]","[100, 100]","[0, -375]",ok.png,"[100, 100]","[100, 100]",79,2,1,1,1,0,0,0,0,0,0,0,2.69978523254,2.699785232543945,0,-229,-229,-218,-218,1,1,0,0,0,0,0,0,0,0.482747942209,0.4827479422092438,0,-54,-54,-377,-377,144
00.png,00.png,00.png,00.png,01.png,34.png,33.png,32.png,31.png,"[-210, -62]","[240, 88]","[150, 100]","[-60, 88]","[90, 88]","[240, 238]","[-210, 88]","[-60, 238]","[90, 238]","[-210, 238]","[-60, -212]","[90, -212]","[240, -212]","[100, 100]","[-60, -62]","[90, -62]","[240, -62]","[-210, -212]",1,8,"[100, 100]","[100, 100]",dots,dots2.png,00.png,30.png,29.png,00.png,00.png,00.png,m,"[100, 100]","[100, 100]","[100, 100]","[100, 100]","[100, 100]","[100, 100]","[100, 100]","[100, 100]","[100, 100]","[100, 100]","[100, 100]","[0, -375]",ok.png,"[100, 100]","[100, 100]",80,2,1,1,1,0,0,0,0,0,0,0,1.31284201145,1.312842011451721,0,233,233,-42,-42,1,1,0,0,0,0,0,0,0,1.27365875244,1.273658752441406,0,-7,-7,-375,-375,338
00.png,00.png,23.png,17.png,00.png,00.png,15.png,06.png,00.png,"[-212, -52]","[238, 98]","[150, 100]","[-62, 98]","[88, 98]","[238, 248]","[-212, 98]","[-62, 248]","[88, 248]","[-212, 248]","[-62, -202]","[88, -202]","[238, -202]","[100, 100]","[-62, -52]","[88, -52]","[238, -52]","[-212, -202]",1,8,"[100, 100]","[100, 100]",dots,04.png,00.png,00.png,dots2.png,01.png,00.png,34.png,m,"[100, 100]","[100, 100]","[100, 100]","[100, 100]","[100, 100]","[100, 100]","[100, 100]","[100, 100]","[100, 100]","[100, 100]","[100, 100]","[0, -375]",ok.png,"[100, 100]","[100, 100]",81,2,1,1,1,0,0,0,0,0,0,0,1.13311886787,1.133118867874146,0,117,117,-31,-31,1,1,0,0,0,0,0,0,0,0.752363860607,0.7523638606071472,0,42,42,-352,-352,231
14.png,09.png,22.png,06.png,00.png,00.png,00.png,00.png,25.png,"[-239, -55]","[211, 95]","[150, 100]","[-89, 95]","[61, 95]","[211, 245]","[-239, 95]","[-89, 245]","[61, 245]","[-239, 245]","[-89, -205]","[61, -205]","[211, -205]","[100, 100]","[-89, -55]","[61, -55]","[211, -55]","[-239, -205]",1,8,"[100, 100]","[100, 100]",dots,07.png,00.png,dots2.png,03.png,00.png,00.png,00.png,m,"[100, 100]","[100, 100]","[100, 100]","[100, 100]","[100, 100]","[100, 100]","[100, 100]","[100, 100]","[100, 100]","[100, 100]","[100, 100]","[0, -375]",ok.png,"[100, 100]","[100, 100]",82,2,1,1,1,0,0,0,0,0,0,0,0.95322239399,0.953222393989563,0,-95,-95,-53,-53,1,1,0,0,0,0,0,0,0,0.700228691101,0.7002286911010742,0,-23,-23,-409,-409,369
00.png,00.png,00.png,00.png,31.png,30.png,17.png,00.png,dots2.png,"[-216, -79]","[234, 71]","[150, 100]","[-66, 71]","[84, 71]","[234, 221]","[-216, 71]","[-66, 221]","[84, 221]","[-216, 221]","[-66, -229]","[84, -229]","[234, -229]","[100, 100]","[-66, -79]","[84, -79]","[234, -79]","[-216, -229]",1,8,"[100, 100]","[100, 100]",dots,00.png,07.png,27.png,00.png,00.png,33.png,05.png,m,"[100, 100]","[100, 100]","[100, 100]","[100, 100]","[100, 100]","[100, 100]","[100, 100]","[100, 100]","[100, 100]","[100, 100]","[100, 100]","[0, -375]",ok.png,"[100, 100]","[100, 100]",83,2,1,1,1,0,0,0,0,0,0,0,1.21636366844,1.216363668441772,0,-235,-235,-71,-71,1,1,0,0,0,0,0,0,0,0.607499659061,0.6074996590614319,0,13,13,-388,-388,422
33.png,31.png,25.png,21.png,27.png,23.png,29.png,dots2.png,00.png,"[-235, -96]","[215, 54]","[150, 100]","[-85, 54]","[65, 54]","[215, 204]","[-235, 54]","[-85, 204]","[65, 204]","[-235, 204]","[-85, -246]","[65, -246]","[215, -246]","[100, 100]","[-85, -96]","[65, -96]","[215, -96]","[-235, -246]",1,8,"[100, 100]","[100, 100]",dots,00.png,00.png,00.png,00.png,00.png,00.png,00.png,m,"[100, 100]","[100, 100]","[100, 100]","[100, 100]","[100, 100]","[100, 100]","[100, 100]","[100, 100]","[100, 100]","[100, 100]","[100, 100]","[0, -375]",ok.png,"[100, 100]","[100, 100]",84,2,1,1,1,0,0,0,0,0,0,0,1.99465954304,1.994659543037415,0,200,200,38,38,1,1,0,0,0,0,0,0,0,0.860434532166,0.8604345321655273,0,36,36,-375,-375,81
00.png,00.png,00.png,00.png,26.png,24.png,dots2.png,22.png,20.png,"[-226, -56]","[224, 94]","[150, 100]","[-76, 94]","[74, 94]","[224, 244]","[-226, 94]","[-76, 244]","[74, 244]","[-226, 244]","[-76, -206]","[74, -206]","[224, -206]","[100, 100]","[-76, -56]","[74, -56]","[224, -56]","[-226, -206]",1,8,"[100, 100]","[100, 100]",dots,14.png,00.png,18.png,16.png,00.png,00.png,00.png,m,"[100, 100]","[100, 100]","[100, 100]","[100, 100]","[100, 100]","[100, 100]","[100, 100]","[100, 100]","[100, 100]","[100, 100]","[100, 100]","[0, -375]",ok.png,"[100, 100]","[100, 100]",85,2,1,1,1,0,0,0,0,0,0,0,2.30543088913,2.305430889129639,0,104,104,93,93,1,1,0,0,0,0,0,0,0,1.63231420517,1.632314205169678,0,31,31,-350,-350,0
00.png,00.png,27.png,24.png,21.png,dots2.png,19.png,16.png,00.png,"[-227, -72]","[223, 78]","[150, 100]","[-77, 78]","[73, 78]","[223, 228]","[-227, 78]","[-77, 228]","[73, 228]","[-227, 228]","[-77, -222]","[73, -222]","[223, -222]","[100, 100]","[-77, -72]","[73, -72]","[223, -72]","[-227, -222]",1,8,"[100, 100]","[100, 100]",dots,13.png,00.png,00.png,10.png,00.png,00.png,00.png,m,"[100, 100]","[100, 100]","[100, 100]","[100, 100]","[100, 100]","[100, 100]","[100, 100]","[100, 100]","[100, 100]","[100, 100]","[100, 100]","[0, -375]",ok.png,"[100, 100]","[100, 100]",86,2,1,1,1,0,0,0,0,0,0,0,1.29047012329,1.290470123291016,0,-98,-98,65,65,1,1,0,1,1,0,1,1,0,0.360449939966,0.3604499399662018,0,37,37,-539,-539,284
00.png,00.png,00.png,00.png,dots2.png,11.png,16.png,21.png,00.png,"[-216, -84]","[234, 66]","[150, 100]","[-66, 66]","[84, 66]","[234, 216]","[-216, 66]","[-66, 216]","[84, 216]","[-216, 216]","[-66, -234]","[84, -234]","[234, -234]","[100, 100]","[-66, -84]","[84, -84]","[234, -84]","[-216, -234]",1,8,"[100, 100]","[100, 100]",dots,00.png,25.png,00.png,00.png,10.png,20.png,15.png,m,"[100, 100]","[100, 100]","[100, 100]","[100, 100]","[100, 100]","[100, 100]","[100, 100]","[100, 100]","[100, 100]","[100, 100]","[100, 100]","[0, -375]",ok.png,"[100, 100]","[100, 100]",87,2,1,1,1,0,0,0,0,0,0,0,2.55776548386,2.557765483856201,0,-184,-184,82,82,1,1,0,0,0,0,0,0,0,0.54441255331,0.5444125533103943,0,-8,-8,-397,-397,80
04.png,02.png,05.png,dots2.png,08.png,07.png,01.png,03.png,00.png,"[-220, -58]","[230, 92]","[150, 100]","[-70, 92]","[80, 92]","[230, 242]","[-220, 92]","[-70, 242]","[80, 242]","[-220, 242]","[-70, -208]","[80, -208]","[230, -208]","[100, 100]","[-70, -58]","[80, -58]","[230, -58]","[-220, -208]",1,8,"[100, 100]","[100, 100]",dots,00.png,00.png,00.png,00.png,00.png,00.png,00.png,m,"[100, 100]","[100, 100]","[100, 100]","[100, 100]","[100, 100]","[100, 100]","[100, 100]","[100, 100]","[100, 100]","[100, 100]","[100, 100]","[0, -375]",ok.png,"[100, 100]","[100, 100]",88,2,1,1,1,0,0,0,0,0,0,0,1.11790180206,1.117901802062988,0,236,236,245,245,1,1,0,0,0,0,0,0,0,0.778320431709,0.7783204317092896,0,0,0,-376,-376,220
00.png,12.png,dots2.png,23.png,00.png,00.png,00.png,13.png,08.png,"[-242, -59]","[208, 91]","[150, 100]","[-92, 91]","[58, 91]","[208, 241]","[-242, 91]","[-92, 241]","[58, 241]","[-242, 241]","[-92, -209]","[58, -209]","[208, -209]","[100, 100]","[-92, -59]","[58, -59]","[208, -59]","[-242, -209]",1,8,"[100, 100]","[100, 100]",dots,00.png,16.png,33.png,00.png,29.png,00.png,00.png,m,"[100, 100]","[100, 100]","[100, 100]","[100, 100]","[100, 100]","[100, 100]","[100, 100]","[100, 100]","[100, 100]","[100, 100]","[100, 100]","[0, -375]",ok.png,"[100, 100]","[100, 100]",89,2,1,1,1,0,0,0,0,0,0,0,1.29734051228,1.297340512275696,0,51,51,221,221,1,1,0,0,0,0,0,0,0,0.624323010445,0.6243230104446411,0,-11,-11,-381,-381,121
00.png,dots2.png,03.png,07.png,13.png,17.png,23.png,27.png,33.png,"[-239, -68]","[211, 82]","[150, 100]","[-89, 82]","[61, 82]","[211, 232]","[-239, 82]","[-89, 232]","[61, 232]","[-239, 232]","[-89, -218]","[61, -218]","[211, -218]","[100, 100]","[-89, -68]","[61, -68]","[211, -68]","[-239, -218]",1,8,"[100, 100]","[100, 100]",dots,00.png,00.png,00.png,00.png,00.png,00.png,00.png,m,"[100, 100]","[100, 100]","[100, 100]","[100, 100]","[100, 100]","[100, 100]","[100, 100]","[100, 100]","[100, 100]","[100, 100]","[100, 100]","[0, -375]",ok.png,"[100, 100]","[100, 100]",90,2,1,1,1,0,0,0,0,0,0,0,1.1542276144,1.154227614402771,0,-83,-83,231,231,1,1,0,0,0,0,0,0,0,0.766882717609,0.7668827176094055,0,-2,-2,-377,-377,247
dots2.png,17.png,07.png,14.png,00.png,00.png,00.png,00.png,00.png,"[-238, -97]","[212, 53]","[150, 100]","[-88, 53]","[62, 53]","[212, 203]","[-238, 53]","[-88, 203]","[62, 203]","[-238, 203]","[-88, -247]","[62, -247]","[212, -247]","[100, 100]","[-88, -97]","[62, -97]","[212, -97]","[-238, -247]",1,8,"[100, 100]","[100, 100]",dots,00.png,02.png,00.png,00.png,04.png,30.png,20.png,m,"[100, 100]","[100, 100]","[100, 100]","[100, 100]","[100, 100]","[100, 100]","[100, 100]","[100, 100]","[100, 100]","[100, 100]","[100, 100]","[0, -375]",ok.png,"[100, 100]","[100, 100]",91,2,1,1,1,0,0,0,0,0,0,0,0.828989326954,0.8289893269538879,0,-223,-223,221,221,1,1,0,0,0,0,0,0,0,0.734428286552,0.7344282865524292,0,3,3,-374,-374,233
00.png,dots2.png,04.png,00.png,00.png,16.png,22.png,00.png,00.png,"[-244, -51]","[206, 99]","[150, 100]","[-94, 99]","[56, 99]","[206, 249]","[-244, 99]","[-94, 249]","[56, 249]","[-244, 249]","[-94, -201]","[56, -201]","[206, -201]","[100, 100]","[-94, -51]","[56, -51]","[206, -51]","[-244, -201]",1,8,"[100, 100]","[100, 100]",dots,00.png,00.png,32.png,02.png,00.png,29.png,19.png,m,"[100, 100]","[100, 100]","[100, 100]","[100, 100]","[100, 100]","[100, 100]","[100, 100]","[100, 100]","[100, 100]","[100, 100]","[100, 100]","[0, -375]",ok.png,"[100, 100]","[100, 100]",92,2,1,1,1,0,0,0,0,0,0,0,1.2636551857,1.263655185699463,0,-88,-88,239,239,1,1,0,0,0,0,0,0,0,0.763321936131,0.7633219361305237,0,23,23,-377,-377,10
00.png,08.png,dots2.png,03.png,25.png,28.png,27.png,00.png,00.png,"[-223, -82]","[227, 68]","[150, 100]","[-73, 68]","[77, 68]","[227, 218]","[-223, 68]","[-73, 218]","[77, 218]","[-223, 218]","[-73, -232]","[77, -232]","[227, -232]","[100, 100]","[-73, -82]","[77, -82]","[227, -82]","[-223, -232]",1,8,"[100, 100]","[100, 100]",dots,21.png,05.png,00.png,00.png,00.png,00.png,00.png,m,"[100, 100]","[100, 100]","[100, 100]","[100, 100]","[100, 100]","[100, 100]","[100, 100]","[100, 100]","[100, 100]","[100, 100]","[100, 100]","[0, -375]",ok.png,"[100, 100]","[100, 100]",93,2,1,1,1,0,0,0,0,0,0,0,1.11654257774,1.11654257774353,0,91,91,203,203,1,1,0,0,0,0,0,0,0,0.879523396492,0.8795233964920044,0,25,25,-378,-378,132
00.png,07.png,00.png,dots2.png,23.png,00.png,09.png,00.png,00.png,"[-224, -87]","[226, 63]","[150, 100]","[-74, 63]","[76, 63]","[226, 213]","[-224, 63]","[-74, 213]","[76, 213]","[-224, 213]","[-74, -237]","[76, -237]","[226, -237]","[100, 100]","[-74, -87]","[76, -87]","[226, -87]","[-224, -237]",1,8,"[100, 100]","[100, 100]",dots,00.png,17.png,16.png,00.png,06.png,15.png,00.png,m,"[100, 100]","[100, 100]","[100, 100]","[100, 100]","[100, 100]","[100, 100]","[100, 100]","[100, 100]","[100, 100]","[100, 100]","[100, 100]","[0, -375]",ok.png,"[100, 100]","[100, 100]",94,2,1,1,1,0,0,0,0,0,0,0,2.30638813972,2.306388139724731,0,241,241,257,257,1,1,0,0,0,0,0,0,0,0.718938469887,0.7189384698867798,0,-18,-18,-397,-397,395
00.png,32.png,00.png,31.png,dots2.png,08.png,30.png,00.png,34.png,"[-204, -65]","[246, 85]","[150, 100]","[-54, 85]","[96, 85]","[246, 235]","[-204, 85]","[-54, 235]","[96, 235]","[-204, 235]","[-54, -215]","[96, -215]","[246, -215]","[100, 100]","[-54, -65]","[96, -65]","[246, -65]","[-204, -215]",1,8,"[100, 100]","[100, 100]",dots,12.png,00.png,00.png,00.png,00.png,00.png,11.png,m,"[100, 100]","[100, 100]","[100, 100]","[100, 100]","[100, 100]","[100, 100]","[100, 100]","[100, 100]","[100, 100]","[100, 100]","[100, 100]","[0, -375]",ok.png,"[100, 100]","[100, 100]",95,2,1,1,1,0,0,0,0,0,0,0,1.19656634331,1.196566343307495,0,-188,-188,81,81,1,1,0,0,0,0,0,0,0,0.718850195408,0.7188501954078674,0,33,33,-381,-381,216
00.png,00.png,16.png,13.png,10.png,dots2.png,09.png,07.png,27.png,"[-214, -74]","[236, 76]","[150, 100]","[-64, 76]","[86, 76]","[236, 226]","[-214, 76]","[-64, 226]","[86, 226]","[-214, 226]","[-64, -224]","[86, -224]","[236, -224]","[100, 100]","[-64, -74]","[86, -74]","[236, -74]","[-214, -224]",1,8,"[100, 100]","[100, 100]",dots,00.png,00.png,24.png,00.png,00.png,00.png,00.png,m,"[100, 100]","[100, 100]","[100, 100]","[100, 100]","[100, 100]","[100, 100]","[100, 100]","[100, 100]","[100, 100]","[100, 100]","[100, 100]","[0, -375]",ok.png,"[100, 100]","[100, 100]",96,2,1,1,1,0,0,0,0,0,0,0,0.963867425919,0.9638674259185792,0,-66,-66,81,81,1,1,0,0,0,0,0,0,0,0.91979187727,0.9197918772697448,0,-7,-7,-375,-375,370
30.png,00.png,20.png,00.png,10.png,00.png,dots2.png,01.png,00.png,"[-249, -81]","[201, 69]","[150, 100]","[-99, 69]","[51, 69]","[201, 219]","[-249, 69]","[-99, 219]","[51, 219]","[-249, 219]","[-99, -231]","[51, -231]","[201, -231]","[100, 100]","[-99, -81]","[51, -81]","[201, -81]","[-249, -231]",1,8,"[100, 100]","[100, 100]",dots,33.png,00.png,05.png,00.png,00.png,25.png,00.png,m,"[100, 100]","[100, 100]","[100, 100]","[100, 100]","[100, 100]","[100, 100]","[100, 100]","[100, 100]","[100, 100]","[100, 100]","[100, 100]","[0, -375]",ok.png,"[100, 100]","[100, 100]",97,2,1,1,1,0,0,0,0,0,0,0,1.13652944565,1.136529445648193,0,51,51,54,54,1,1,0,0,0,0,0,0,0,0.561808288097,0.5618082880973816,0,46,46,-348,-348,204
00.png,00.png,24.png,26.png,00.png,04.png,02.png,dots2.png,09.png,"[-200, -53]","[250, 97]","[150, 100]","[-50, 97]","[100, 97]","[250, 247]","[-200, 97]","[-50, 247]","[100, 247]","[-200, 247]","[-50, -203]","[100, -203]","[250, -203]","[100, 100]","[-50, -53]","[100, -53]","[250, -53]","[-200, -203]",1,8,"[100, 100]","[100, 100]",dots,00.png,18.png,00.png,14.png,00.png,00.png,00.png,m,"[100, 100]","[100, 100]","[100, 100]","[100, 100]","[100, 100]","[100, 100]","[100, 100]","[100, 100]","[100, 100]","[100, 100]","[100, 100]","[0, -375]",ok.png,"[100, 100]","[100, 100]",98,2,1,1,1,0,0,0,0,0,0,0,2.29159665108,2.291596651077271,0,278,278,93,93,1,1,0,0,0,0,0,0,0,0.577831745148,0.5778317451477051,0,16,16,-382,-382,201
19.png,00.png,00.png,09.png,30.png,00.png,00.png,18.png,dots2.png,"[-239, -55]","[211, 95]","[150, 100]","[-89, 95]","[61, 95]","[211, 245]","[-239, 95]","[-89, 245]","[61, 245]","[-239, 245]","[-89, -205]","[61, -205]","[211, -205]","[100, 100]","[-89, -55]","[61, -55]","[211, -55]","[-239, -205]",1,8,"[100, 100]","[100, 100]",dots,11.png,00.png,00.png,07.png,00.png,00.png,14.png,m,"[100, 100]","[100, 100]","[100, 100]","[100, 100]","[100, 100]","[100, 100]","[100, 100]","[100, 100]","[100, 100]","[100, 100]","[100, 100]","[0, -375]",ok.png,"[100, 100]","[100, 100]",99,2,1,1,1,0,0,0,0,0,0,0,1.15364336967,1.153643369674683,0,-240,-240,-41,-41,1,1,0,0,0,0,0,0,0,0.654181480408,0.6541814804077148,0,-4,-4,-361,-361,213
00.png,29.png,00.png,19.png,00.png,14.png,00.png,33.png,00.png,"[-223, -92]","[227, 58]","[150, 100]","[-73, 58]","[77, 58]","[227, 208]","[-223, 58]","[-73, 208]","[77, 208]","[-223, 208]","[-73, -242]","[77, -242]","[227, -242]","[100, 100]","[-73, -92]","[77, -92]","[227, -92]","[-223, -242]",1,8,"[100, 100]","[100, 100]",dots,23.png,00.png,dots2.png,00.png,31.png,13.png,00.png,m,"[100, 100]","[100, 100]","[100, 100]","[100, 100]","[100, 100]","[100, 100]","[100, 100]","[100, 100]","[100, 100]","[100, 100]","[100, 100]","[0, -375]",ok.png,"[100, 100]","[100, 100]",100,2,1,1,1,0,0,0,0,0,0,0,1.21761214733,1.217612147331238,0,-54,-54,-87,-87,1,1,0,0,0,0,0,0,0,0.757243514061,0.7572435140609741,0,31,31,-354,-354,429
dots1.png,01.png,02.png,03.png,04.png,05.png,06.png,tray1.png,00.png,"[-229, -90]","[221, 60]","[150, 100]","[-79, 60]","[71, 60]","[221, 210]","[-229, 60]","[-79, 210]","[71, 210]","[-229, 210]","[-79, -240]","[71, -240]","[221, -240]","[100, 100]","[-79, -90]","[71, -90]","[221, -90]","[-229, -240]",1,8,"[100, 100]","[100, 100]",both,00.png,00.png,00.png,00.png,00.png,00.png,00.png,m,"[100, 100]","[100, 100]","[100, 100]","[100, 100]","[100, 100]","[100, 100]","[100, 100]","[100, 100]","[100, 100]","[100, 100]","[100, 100]","[0, -375]",ok.png,"[100, 100]","[100, 100]",101,3,1,1,1,0,0,0,0,0,0,0,1.80825316906,1.808253169059753,0,-221,-221,206,206,1,1,0,0,0,0,0,0,0,0.702598512173,0.702598512172699,0,212,212,61,61,17
08.png,dots1.png,09.png,00.png,10.png,11.png,tray1.png,13.png,00.png,"[-226, -89]","[224, 61]","[150, 100]","[-76, 61]","[74, 61]","[224, 211]","[-226, 61]","[-76, 211]","[74, 211]","[-226, 211]","[-76, -239]","[74, -239]","[224, -239]","[100, 100]","[-76, -89]","[74, -89]","[224, -89]","[-226, -239]",1,8,"[100, 100]","[100, 100]",both,00.png,00.png,14.png,00.png,00.png,00.png,00.png,m,"[100, 100]","[100, 100]","[100, 100]","[100, 100]","[100, 100]","[100, 100]","[100, 100]","[100, 100]","[100, 100]","[100, 100]","[100, 100]","[0, -375]",ok.png,"[100, 100]","[100, 100]",102,3,1,1,1,0,0,0,0,0,0,0,0.968533575535,0.9685335755348206,0,-66,-66,213,213,1,1,0,0,0,0,0,0,0,0.432007223368,0.432007223367691,0,49,49,107,107,152
00.png,00.png,dots1.png,15.png,16.png,tray1.png,18.png,19.png,20.png,"[-202, -59]","[248, 91]","[150, 100]","[-52, 91]","[98, 91]","[248, 241]","[-202, 91]","[-52, 241]","[98, 241]","[-202, 241]","[-52, -209]","[98, -209]","[248, -209]","[100, 100]","[-52, -59]","[98, -59]","[248, -59]","[-202, -209]",1,8,"[100, 100]","[100, 100]",both,00.png,00.png,21.png,00.png,00.png,00.png,00.png,m,"[100, 100]","[100, 100]","[100, 100]","[100, 100]","[100, 100]","[100, 100]","[100, 100]","[100, 100]","[100, 100]","[100, 100]","[100, 100]","[0, -375]",ok.png,"[100, 100]","[100, 100]",103,3,1,1,1,0,0,0,0,0,0,0,1.09502398968,1.095023989677429,0,-54,-54,123,123,1,1,0,0,0,0,0,0,0,0.51609569788,0.5160956978797913,0,93,93,243,243,258
22.png,23.png,24.png,dots1.png,00.png,00.png,25.png,26.png,00.png,"[-203, -73]","[247, 77]","[150, 100]","[-53, 77]","[97, 77]","[247, 227]","[-203, 77]","[-53, 227]","[97, 227]","[-203, 227]","[-53, -223]","[97, -223]","[247, -223]","[100, 100]","[-53, -73]","[97, -73]","[247, -73]","[-203, -223]",1,8,"[100, 100]","[100, 100]",both,28.png,00.png,00.png,tray1.png,00.png,00.png,00.png,m,"[100, 100]","[100, 100]","[100, 100]","[100, 100]","[100, 100]","[100, 100]","[100, 100]","[100, 100]","[100, 100]","[100, 100]","[100, 100]","[0, -375]",ok.png,"[100, 100]","[100, 100]",104,3,1,1,1,0,0,0,0,0,0,0,2.167283535,2.167283535003662,0,64,64,-63,-63,1,1,0,0,0,0,0,0,0,2.70871567726,2.708715677261353,0,6,6,-366,-366,171
00.png,00.png,00.png,00.png,dots1.png,29.png,30.png,31.png,32.png,"[-210, -55]","[240, 95]","[150, 100]","[-60, 95]","[90, 95]","[240, 245]","[-210, 95]","[-60, 245]","[90, 245]","[-210, 245]","[-60, -205]","[90, -205]","[240, -205]","[100, 100]","[-60, -55]","[90, -55]","[240, -55]","[-210, -205]",1,8,"[100, 100]","[100, 100]",both,tray1.png,00.png,33.png,34.png,00.png,00.png,00.png,m,"[100, 100]","[100, 100]","[100, 100]","[100, 100]","[100, 100]","[100, 100]","[100, 100]","[100, 100]","[100, 100]","[100, 100]","[100, 100]","[0, -375]",ok.png,"[100, 100]","[100, 100]",105,3,1,1,1,0,0,0,0,0,0,0,1.32540559769,1.325405597686768,0,209,209,-43,-43,1,1,0,0,0,0,0,0,0,0.0744003131986,0.07440031319856644,0,209,209,-43,-43,102
01.png,tray1.png,00.png,00.png,04.png,dots1.png,00.png,00.png,06.png,"[-227, -63]","[223, 87]","[150, 100]","[-77, 87]","[73, 87]","[223, 237]","[-227, 87]","[-77, 237]","[73, 237]","[-227, 237]","[-77, -213]","[73, -213]","[223, -213]","[100, 100]","[-77, -63]","[73, -63]","[223, -63]","[-227, -213]",1,8,"[100, 100]","[100, 100]",both,00.png,17.png,15.png,00.png,00.png,23.png,00.png,m,"[100, 100]","[100, 100]","[100, 100]","[100, 100]","[100, 100]","[100, 100]","[100, 100]","[100, 100]","[100, 100]","[100, 100]","[100, 100]","[0, -375]",ok.png,"[100, 100]","[100, 100]",106,3,1,1,1,0,0,0,0,0,0,0,1.0914491415,1.09144914150238,0,-65,-65,75,75,1,1,0,0,0,0,0,0,0,1.4921028614,1.492102861404419,0,-60,-60,232,232,67
00.png,00.png,00.png,00.png,07.png,03.png,dots1.png,25.png,00.png,"[-227, -73]","[223, 77]","[150, 100]","[-77, 77]","[73, 77]","[223, 227]","[-227, 77]","[-77, 227]","[73, 227]","[-227, 227]","[-77, -223]","[73, -223]","[223, -223]","[100, 100]","[-77, -73]","[73, -73]","[223, -73]","[-227, -223]",1,8,"[100, 100]","[100, 100]",both,00.png,06.png,00.png,00.png,14.png,tray1.png,09.png,m,"[100, 100]","[100, 100]","[100, 100]","[100, 100]","[100, 100]","[100, 100]","[100, 100]","[100, 100]","[100, 100]","[100, 100]","[100, 100]","[0, -375]",ok.png,"[100, 100]","[100, 100]",107,3,1,1,1,0,0,0,0,0,0,0,1.01568210125,1.015682101249695,0,75,75,64,64,1,1,0,0,0,0,0,0,0,0.511804461479,0.511804461479187,0,-49,-49,-206,-206,365
00.png,05.png,33.png,07.png,00.png,00.png,27.png,dots1.png,00.png,"[-228, -69]","[222, 81]","[150, 100]","[-78, 81]","[72, 81]","[222, 231]","[-228, 81]","[-78, 231]","[72, 231]","[-228, 231]","[-78, -219]","[72, -219]","[222, -219]","[100, 100]","[-78, -69]","[72, -69]","[222, -69]","[-228, -219]",1,8,"[100, 100]","[100, 100]",both,31.png,00.png,tray1.png,30.png,00.png,00.png,00.png,m,"[100, 100]","[100, 100]","[100, 100]","[100, 100]","[100, 100]","[100, 100]","[100, 100]","[100, 100]","[100, 100]","[100, 100]","[100, 100]","[0, -375]",ok.png,"[100, 100]","[100, 100]",108,3,1,1,1,0,0,0,0,0,0,0,0.932626485825,0.932626485824585,0,-83,-83,-85,-85,1,1,0,0,0,0,0,0,0,1.46675896645,1.466758966445923,0,200,200,76,76,145
00.png,00.png,00.png,00.png,00.png,00.png,00.png,00.png,dots1.png,"[-235, -94]","[215, 56]","[150, 100]","[-85, 56]","[65, 56]","[215, 206]","[-235, 56]","[-85, 206]","[65, 206]","[-235, 206]","[-85, -244]","[65, -244]","[215, -244]","[100, 100]","[-85, -94]","[65, -94]","[215, -94]","[-235, -244]",1,8,"[100, 100]","[100, 100]",both,tray1.png,21.png,29.png,23.png,33.png,25.png,31.png,m,"[100, 100]","[100, 100]","[100, 100]","[100, 100]","[100, 100]","[100, 100]","[100, 100]","[100, 100]","[100, 100]","[100, 100]","[100, 100]","[0, -375]",ok.png,"[100, 100]","[100, 100]",109,3,1,1,1,0,0,0,0,0,0,0,1.34135007858,1.341350078582764,0,227,227,-82,-82,1,1,0,0,0,0,0,0,0,0.83942091465,0.8394209146499634,0,-199,-199,-68,-68,445
00.png,00.png,00.png,00.png,14.png,tray1.png,18.png,20.png,22.png,"[-208, -70]","[242, 80]","[150, 100]","[-58, 80]","[92, 80]","[242, 230]","[-208, 80]","[-58, 230]","[92, 230]","[-208, 230]","[-58, -220]","[92, -220]","[242, -220]","[100, 100]","[-58, -70]","[92, -70]","[242, -70]","[-208, -220]",1,8,"[100, 100]","[100, 100]",both,26.png,00.png,dots1.png,24.png,00.png,00.png,00.png,m,"[100, 100]","[100, 100]","[100, 100]","[100, 100]","[100, 100]","[100, 100]","[100, 100]","[100, 100]","[100, 100]","[100, 100]","[100, 100]","[0, -375]",ok.png,"[100, 100]","[100, 100]",110,3,1,1,1,0,0,0,0,0,0,0,1.12616229057,1.12616229057312,0,-57,-57,78,78,1,1,0,0,0,0,0,0,0,0.538953661919,0.5389536619186401,0,-56,-56,-48,-48,50
00.png,00.png,00.png,00.png,13.png,10.png,00.png,00.png,16.png,"[-235, -88]","[215, 62]","[150, 100]","[-85, 62]","[65, 62]","[215, 212]","[-235, 62]","[-85, 212]","[65, 212]","[-235, 212]","[-85, -238]","[65, -238]","[215, -238]","[100, 100]","[-85, -88]","[65, -88]","[215, -88]","[-235, -238]",1,8,"[100, 100]","[100, 100]",both,21.png,tray1.png,19.png,dots1.png,00.png,27.png,00.png,m,"[100, 100]","[100, 100]","[100, 100]","[100, 100]","[100, 100]","[100, 100]","[100, 100]","[100, 100]","[100, 100]","[100, 100]","[100, 100]","[0, -375]",ok.png,"[100, 100]","[100, 100]",111,3,1,1,1,0,0,0,0,0,0,0,1.61613988876,1.616139888763428,0,61,61,-99,-99,1,1,0,0,0,0,0,0,0,1.08002305031,1.080023050308228,0,-261,-261,-231,-231,320
10.png,15.png,20.png,25.png,00.png,00.png,00.png,00.png,21.png,"[-210, -78]","[240, 72]","[150, 100]","[-60, 72]","[90, 72]","[240, 222]","[-210, 72]","[-60, 222]","[90, 222]","[-210, 222]","[-60, -228]","[90, -228]","[240, -228]","[100, 100]","[-60, -78]","[90, -78]","[240, -78]","[-210, -228]",1,8,"[100, 100]","[100, 100]",both,dots1.png,00.png,16.png,tray1.png,00.png,00.png,00.png,m,"[100, 100]","[100, 100]","[100, 100]","[100, 100]","[100, 100]","[100, 100]","[100, 100]","[100, 100]","[100, 100]","[100, 100]","[100, 100]","[0, -375]",ok.png,"[100, 100]","[100, 100]",112,3,1,1,1,0,0,0,0,0,0,0,0.967918097973,0.96791809797287,0,88,88,-60,-60,1,1,0,0,0,0,0,0,0,1.54304134846,1.543041348457336,0,234,234,-63,-63,255
00.png,00.png,00.png,00.png,00.png,00.png,00.png,00.png,tray1.png,"[-200, -65]","[250, 85]","[150, 100]","[-50, 85]","[100, 85]","[250, 235]","[-200, 85]","[-50, 235]","[100, 235]","[-200, 235]","[-50, -215]","[100, -215]","[250, -215]","[100, 100]","[-50, -65]","[100, -65]","[250, -65]","[-200, -215]",1,8,"[100, 100]","[100, 100]",both,08.png,dots1.png,01.png,07.png,04.png,05.png,02.png,m,"[100, 100]","[100, 100]","[100, 100]","[100, 100]","[100, 100]","[100, 100]","[100, 100]","[100, 100]","[100, 100]","[100, 100]","[100, 100]","[0, -375]",ok.png,"[100, 100]","[100, 100]",113,3,1,1,1,0,0,0,0,0,0,0,1.32918465137,1.329184651374817,0,-198,-198,-15,-15,1,1,0,0,0,0,0,0,0,0.807306170464,0.807306170463562,0,-48,-48,-372,-372,155
29.png,00.png,00.png,16.png,00.png,00.png,33.png,tray1.png,13.png,"[-214, -99]","[236, 51]","[150, 100]","[-64, 51]","[86, 51]","[236, 201]","[-214, 51]","[-64, 201]","[86, 201]","[-214, 201]","[-64, -249]","[86, -249]","[236, -249]","[100, 100]","[-64, -99]","[86, -99]","[236, -99]","[-214, -249]",1,8,"[100, 100]","[100, 100]",both,00.png,23.png,00.png,00.png,00.png,dots1.png,12.png,m,"[100, 100]","[100, 100]","[100, 100]","[100, 100]","[100, 100]","[100, 100]","[100, 100]","[100, 100]","[100, 100]","[100, 100]","[100, 100]","[0, -375]",ok.png,"[100, 100]","[100, 100]",114,3,1,1,1,0,0,0,0,0,0,0,1.3133534193,1.313353419303894,0,231,231,44,44,1,1,0,0,0,0,0,0,0,0.932034254074,0.9320342540740968,0,-59,-59,-252,-252,316
00.png,00.png,00.png,00.png,00.png,00.png,00.png,33.png,27.png,"[-250, -97]","[200, 53]","[150, 100]","[-100, 53]","[50, 53]","[200, 203]","[-250, 53]","[-100, 203]","[50, 203]","[-250, 203]","[-100, -247]","[50, -247]","[200, -247]","[100, 100]","[-100, -97]","[50, -97]","[200, -97]","[-250, -247]",1,8,"[100, 100]","[100, 100]",both,tray1.png,07.png,23.png,17.png,00.png,03.png,dots1.png,m,"[100, 100]","[100, 100]","[100, 100]","[100, 100]","[100, 100]","[100, 100]","[100, 100]","[100, 100]","[100, 100]","[100, 100]","[100, 100]","[0, -375]",ok.png,"[100, 100]","[100, 100]",115,3,1,1,1,0,0,0,0,0,0,0,1.67243254185,1.672432541847229,0,164,164,-101,-101,1,1,0,0,0,0,0,0,0,0.665681123734,0.6656811237335205,0,-14,-14,-392,-392,386
04.png,20.png,30.png,tray1.png,00.png,00.png,00.png,00.png,00.png,"[-200, -89]","[250, 61]","[150, 100]","[-50, 61]","[100, 61]","[250, 211]","[-200, 61]","[-50, 211]","[100, 211]","[-200, 211]","[-50, -239]","[100, -239]","[250, -239]","[100, 100]","[-50, -89]","[100, -89]","[250, -89]","[-200, -239]",1,8,"[100, 100]","[100, 100]",both,00.png,14.png,00.png,00.png,dots1.png,07.png,17.png,m,"[100, 100]","[100, 100]","[100, 100]","[100, 100]","[100, 100]","[100, 100]","[100, 100]","[100, 100]","[100, 100]","[100, 100]","[100, 100]","[0, -375]",ok.png,"[100, 100]","[100, 100]",116,3,1,1,1,0,0,0,0,0,0,0,1.32794284821,1.327942848205566,0,253,253,204,204,1,1,0,0,0,0,0,0,0,0.680336475372,0.6803364753723145,0,255,255,-234,-234,79
00.png,19.png,29.png,00.png,00.png,tray1.png,32.png,00.png,00.png,"[-207, -67]","[243, 83]","[150, 100]","[-57, 83]","[93, 83]","[243, 233]","[-207, 83]","[-57, 233]","[93, 233]","[-207, 233]","[-57, -217]","[93, -217]","[243, -217]","[100, 100]","[-57, -67]","[93, -67]","[243, -67]","[-207, -217]",1,8,"[100, 100]","[100, 100]",both,00.png,00.png,22.png,16.png,00.png,04.png,dots1.png,m,"[100, 100]","[100, 100]","[100, 100]","[100, 100]","[100, 100]","[100, 100]","[100, 100]","[100, 100]","[100, 100]","[100, 100]","[100, 100]","[0, -375]",ok.png,"[100, 100]","[100, 100]",117,3,1,1,1,0,0,0,0,0,0,0,1.09046244621,1.090462446212769,0,-61,-61,67,67,1,1,0,0,0,0,0,0,0,0.645263433456,0.6452634334564209,0,75,75,-211,-211,21
00.png,00.png,00.png,05.png,21.png,00.png,00.png,00.png,00.png,"[-233, -72]","[217, 78]","[150, 100]","[-83, 78]","[67, 78]","[217, 228]","[-233, 78]","[-83, 228]","[67, 228]","[-233, 228]","[-83, -222]","[67, -222]","[217, -222]","[100, 100]","[-83, -72]","[67, -72]","[217, -72]","[-233, -222]",1,8,"[100, 100]","[100, 100]",both,25.png,03.png,tray1.png,28.png,00.png,dots1.png,08.png,m,"[100, 100]","[100, 100]","[100, 100]","[100, 100]","[100, 100]","[100, 100]","[100, 100]","[100, 100]","[100, 100]","[100, 100]","[100, 100]","[0, -375]",ok.png,"[100, 100]","[100, 100]",118,3,1,1,1,0,0,0,0,0,0,0,1.29139006138,1.291390061378479,0,-68,-68,-73,-73,1,1,0,0,0,0,0,0,0,0.594158053398,0.5941580533981323,0,-54,-54,-212,-212,146
06.png,00.png,15.png,17.png,00.png,00.png,16.png,00.png,00.png,"[-221, -56]","[229, 94]","[150, 100]","[-71, 94]","[79, 94]","[229, 244]","[-221, 94]","[-71, 244]","[79, 244]","[-221, 244]","[-71, -206]","[79, -206]","[229, -206]","[100, 100]","[-71, -56]","[79, -56]","[229, -56]","[-221, -206]",1,8,"[100, 100]","[100, 100]",both,23.png,dots1.png,tray1.png,00.png,00.png,00.png,07.png,m,"[100, 100]","[100, 100]","[100, 100]","[100, 100]","[100, 100]","[100, 100]","[100, 100]","[100, 100]","[100, 100]","[100, 100]","[100, 100]","[0, -375]",ok.png,"[100, 100]","[100, 100]",119,3,1,1,1,0,0,0,0,0,0,0,1.29095864296,1.290958642959595,0,-83,-83,-48,-48,1,1,0,0,0,0,0,0,0,0.765627861023,0.7656278610229492,0,31,31,-399,-399,312
00.png,11.png,00.png,00.png,12.png,00.png,00.png,tray1.png,00.png,"[-226, -74]","[224, 76]","[150, 100]","[-76, 76]","[74, 76]","[224, 226]","[-226, 76]","[-76, 226]","[74, 226]","[-226, 226]","[-76, -224]","[74, -224]","[224, -224]","[100, 100]","[-76, -74]","[74, -74]","[224, -74]","[-226, -224]",1,8,"[100, 100]","[100, 100]",both,dots1.png,31.png,30.png,08.png,00.png,00.png,32.png,m,"[100, 100]","[100, 100]","[100, 100]","[100, 100]","[100, 100]","[100, 100]","[100, 100]","[100, 100]","[100, 100]","[100, 100]","[100, 100]","[0, -375]",ok.png,"[100, 100]","[100, 100]",120,3,1,1,1,0,0,0,0,0,0,0,1.41608297825,1.416082978248596,0,237,237,-86,-86,1,1,0,0,0,0,0,0,0,0.532580673695,0.5325806736946106,0,217,217,51,51,432
00.png,00.png,00.png,00.png,00.png,00.png,24.png,27.png,07.png,"[-226, -89]","[224, 61]","[150, 100]","[-76, 61]","[74, 61]","[224, 211]","[-226, 61]","[-76, 211]","[74, 211]","[-226, 211]","[-76, -239]","[74, -239]","[224, -239]","[100, 100]","[-76, -89]","[74, -89]","[224, -89]","[-226, -239]",1,8,"[100, 100]","[100, 100]",both,10.png,13.png,09.png,dots1.png,00.png,16.png,00.png,m,"[100, 100]","[100, 100]","[100, 100]","[100, 100]","[100, 100]","[100, 100]","[100, 100]","[100, 100]","[100, 100]","[100, 100]","[100, 100]","[0, -375]",ok.png,"[100, 100]","[100, 100]",121,3,1,1,1,0,0,0,0,0,0,0,1.6501660347,1.650166034698486,0,85,85,-99,-99,1,1,0,0,0,0,0,0,0,0.558270096779,0.5582700967788696,0,5,5,-354,-354,148
00.png,00.png,25.png,00.png,tray1.png,00.png,05.png,00.png,01.png,"[-206, -94]","[244, 56]","[150, 100]","[-56, 56]","[94, 56]","[244, 206]","[-206, 56]","[-56, 206]","[94, 206]","[-206, 206]","[-56, -244]","[94, -244]","[244, -244]","[100, 100]","[-56, -94]","[94, -94]","[244, -94]","[-206, -244]",1,8,"[100, 100]","[100, 100]",both,10.png,00.png,dots1.png,00.png,30.png,20.png,00.png,m,"[100, 100]","[100, 100]","[100, 100]","[100, 100]","[100, 100]","[100, 100]","[100, 100]","[100, 100]","[100, 100]","[100, 100]","[100, 100]","[0, -375]",ok.png,"[100, 100]","[100, 100]",122,3,1,1,1,0,0,0,0,0,0,0,1.19642734528,1.196427345275879,0,-66,-66,-82,-82,1,1,0,0,0,0,0,0,0,0.592144668102,0.5921446681022644,0,-206,-206,58,58,291
00.png,00.png,00.png,18.png,00.png,14.png,00.png,09.png,dots1.png,"[-219, -79]","[231, 71]","[150, 100]","[-69, 71]","[81, 71]","[231, 221]","[-219, 71]","[-69, 221]","[81, 221]","[-219, 221]","[-69, -229]","[81, -229]","[231, -229]","[100, 100]","[-69, -79]","[81, -79]","[231, -79]","[-219, -229]",1,8,"[100, 100]","[100, 100]",both,00.png,26.png,02.png,04.png,00.png,tray1.png,00.png,m,"[100, 100]","[100, 100]","[100, 100]","[100, 100]","[100, 100]","[100, 100]","[100, 100]","[100, 100]","[100, 100]","[100, 100]","[100, 100]","[0, -375]",ok.png,"[100, 100]","[100, 100]",123,3,1,1,1,0,0,0,0,0,0,0,1.07531201839,1.07531201839447,0,-220,-220,-68,-68,1,1,0,0,0,0,0,0,0,0.574408531189,0.5744085311889648,0,-72,-72,-215,-215,440
00.png,tray1.png,00.png,00.png,11.png,07.png,00.png,dots1.png,18.png,"[-237, -75]","[213, 75]","[150, 100]","[-87, 75]","[63, 75]","[213, 225]","[-237, 75]","[-87, 225]","[63, 225]","[-237, 225]","[-87, -225]","[63, -225]","[213, -225]","[100, 100]","[-87, -75]","[63, -75]","[213, -75]","[-237, -225]",1,8,"[100, 100]","[100, 100]",both,30.png,09.png,00.png,00.png,19.png,00.png,00.png,m,"[100, 100]","[100, 100]","[100, 100]","[100, 100]","[100, 100]","[100, 100]","[100, 100]","[100, 100]","[100, 100]","[100, 100]","[100, 100]","[0, -375]",ok.png,"[100, 100]","[100, 100]",124,3,1,1,1,0,0,0,0,0,0,0,0.983709335327,0.9837093353271484,0,-72,-72,239,239,1,1,0,0,0,0,0,0,0,0.83952832222,0.8395283222198486,0,24,24,-368,-368,182
tray1.png,00.png,13.png,00.png,23.png,00.png,dots1.png,00.png,33.png,"[-225, -59]","[225, 91]","[150, 100]","[-75, 91]","[75, 91]","[225, 241]","[-225, 91]","[-75, 241]","[75, 241]","[-225, 241]","[-75, -209]","[75, -209]","[225, -209]","[100, 100]","[-75, -59]","[75, -59]","[225, -59]","[-225, -209]",1,8,"[100, 100]","[100, 100]",both,00.png,19.png,00.png,14.png,00.png,00.png,29.png,m,"[100, 100]","[100, 100]","[100, 100]","[100, 100]","[100, 100]","[100, 100]","[100, 100]","[100, 100]","[100, 100]","[100, 100]","[100, 100]","[0, -375]",ok.png,"[100, 100]","[100, 100]",125,3,1,1,1,0,0,0,0,0,0,0,1.60449719429,1.604497194290161,0,-236,-236,262,262,1,1,0,0,0,0,0,0,0,0.65444147586800006,0.6544414758682251,0,49,49,95,95,108
00.png,00.png,00.png,00.png,00.png,00.png,00.png,00.png,07.png,"[-200, -98]","[250, 52]","[150, 100]","[-50, 52]","[100, 52]","[250, 202]","[-200, 52]","[-50, 202]","[100, 202]","[-200, 202]","[-50, -248]","[100, -248]","[250, -248]","[100, 100]","[-50, -98]","[100, -98]","[250, -98]","[-200, -248]",1,8,"[100, 100]","[100, 100]",both,04.png,03.png,06.png,tray2.png,dots2.png,02.png,01.png,m,"[100, 100]","[100, 100]","[100, 100]","[100, 100]","[100, 100]","[100, 100]","[100, 100]","[100, 100]","[100, 100]","[100, 100]","[100, 100]","[0, -375]",ok.png,"[100, 100]","[100, 100]",126,3,1,1,1,0,0,0,0,0,0,0,0.946705341339,0.9467053413391112,0,111,111,-61,-61,1,1,0,0,0,0,0,0,0,0.543225049973,0.5432250499725342,0,241,241,-255,-255,47
00.png,00.png,00.png,00.png,00.png,00.png,14.png,00.png,13.png,"[-245, -60]","[205, 90]","[150, 100]","[-95, 90]","[55, 90]","[205, 240]","[-245, 90]","[-95, 240]","[55, 240]","[-245, 240]","[-95, -210]","[55, -210]","[205, -210]","[100, 100]","[-95, -60]","[55, -60]","[205, -60]","[-245, -210]",1,8,"[100, 100]","[100, 100]",both,10.png,00.png,tray2.png,11.png,08.png,09.png,dots2.png,m,"[100, 100]","[100, 100]","[100, 100]","[100, 100]","[100, 100]","[100, 100]","[100, 100]","[100, 100]","[100, 100]","[100, 100]","[100, 100]","[0, -375]",ok.png,"[100, 100]","[100, 100]",127,3,1,1,1,0,0,0,0,0,0,0,0.845373749733,0.8453737497329712,0,-95,-95,-16,-16,1,1,0,0,0,0,0,0,0,0.541086792946,0.5410867929458618,0,55,55,-192,-192,261
00.png,00.png,00.png,00.png,00.png,00.png,21.png,tray2.png,19.png,"[-202, -75]","[248, 75]","[150, 100]","[-52, 75]","[98, 75]","[248, 225]","[-202, 75]","[-52, 225]","[98, 225]","[-202, 225]","[-52, -225]","[98, -225]","[248, -225]","[100, 100]","[-52, -75]","[98, -75]","[248, -75]","[-202, -225]",1,8,"[100, 100]","[100, 100]",both,16.png,15.png,18.png,17.png,00.png,dots2.png,00.png,m,"[100, 100]","[100, 100]","[100, 100]","[100, 100]","[100, 100]","[100, 100]","[100, 100]","[100, 100]","[100, 100]","[100, 100]","[100, 100]","[0, -375]",ok.png,"[100, 100]","[100, 100]",128,3,1,1,1,0,0,0,0,0,0,0,1.41937208176,1.419372081756592,0,-41,-41,-227,-227,1,1,0,0,0,0,0,0,0,0.529835522175,0.5298355221748352,0,254,254,102,102,324
00.png,00.png,00.png,00.png,00.png,00.png,31.png,27.png,26.png,"[-211, -80]","[239, 70]","[150, 100]","[-61, 70]","[89, 70]","[239, 220]","[-211, 70]","[-61, 220]","[89, 220]","[-211, 220]","[-61, -230]","[89, -230]","[239, -230]","[100, 100]","[-61, -80]","[89, -80]","[239, -80]","[-211, -230]",1,8,"[100, 100]","[100, 100]",both,00.png,dots2.png,28.png,00.png,tray2.png,24.png,23.png,m,"[100, 100]","[100, 100]","[100, 100]","[100, 100]","[100, 100]","[100, 100]","[100, 100]","[100, 100]","[100, 100]","[100, 100]","[100, 100]","[0, -375]",ok.png,"[100, 100]","[100, 100]",129,3,1,1,1,0,0,0,0,0,0,0,1.85722887516,1.857228875160217,0,216,216,-228,-228,1,1,0,0,0,0,0,0,0,0.883148491383,0.8831484913825989,0,-272,-272,-222,-222,438
00.png,00.png,00.png,00.png,01.png,34.png,33.png,32.png,tray2.png,"[-216, -90]","[234, 60]","[150, 100]","[-66, 60]","[84, 60]","[234, 210]","[-216, 60]","[-66, 210]","[84, 210]","[-216, 210]","[-66, -240]","[84, -240]","[234, -240]","[100, 100]","[-66, -90]","[84, -90]","[234, -90]","[-216, -240]",1,8,"[100, 100]","[100, 100]",both,dots2.png,00.png,30.png,29.png,00.png,00.png,00.png,m,"[100, 100]","[100, 100]","[100, 100]","[100, 100]","[100, 100]","[100, 100]","[100, 100]","[100, 100]","[100, 100]","[100, 100]","[100, 100]","[0, -375]",ok.png,"[100, 100]","[100, 100]",130,3,1,1,1,0,0,0,0,0,0,0,0.982650816441,0.9826508164405824,0,-206,-206,-75,-75,1,1,0,0,0,0,0,0,0,0.527562141418,0.527562141418457,0,221,221,-93,-93,266
00.png,00.png,23.png,17.png,00.png,00.png,15.png,06.png,00.png,"[-250, -96]","[200, 54]","[150, 100]","[-100, 54]","[50, 54]","[200, 204]","[-250, 54]","[-100, 204]","[50, 204]","[-250, 204]","[-100, -246]","[50, -246]","[200, -246]","[100, 100]","[-100, -96]","[50, -96]","[200, -96]","[-250, -246]",1,8,"[100, 100]","[100, 100]",both,04.png,00.png,00.png,dots2.png,01.png,00.png,tray2.png,m,"[100, 100]","[100, 100]","[100, 100]","[100, 100]","[100, 100]","[100, 100]","[100, 100]","[100, 100]","[100, 100]","[100, 100]","[100, 100]","[0, -375]",ok.png,"[100, 100]","[100, 100]",131,3,1,1,1,0,0,0,0,0,0,0,1.88545680046,1.885456800460815,0,25,25,-85,-85,1,1,0,0,0,0,0,0,0,0.682292401791,0.6822924017906189,0,35,35,-270,-270,130
14.png,09.png,22.png,tray2.png,00.png,00.png,00.png,00.png,25.png,"[-231, -54]","[219, 96]","[150, 100]","[-81, 96]","[69, 96]","[219, 246]","[-231, 96]","[-81, 246]","[69, 246]","[-231, 246]","[-81, -204]","[69, -204]","[219, -204]","[100, 100]","[-81, -54]","[69, -54]","[219, -54]","[-231, -204]",1,8,"[100, 100]","[100, 100]",both,07.png,00.png,dots2.png,03.png,00.png,00.png,00.png,m,"[100, 100]","[100, 100]","[100, 100]","[100, 100]","[100, 100]","[100, 100]","[100, 100]","[100, 100]","[100, 100]","[100, 100]","[100, 100]","[0, -375]",ok.png,"[100, 100]","[100, 100]",132,3,1,1,1,0,0,0,0,0,0,0,2.13294577599,2.132945775985718,0,-87,-87,-18,-18,1,1,0,0,0,0,0,0,0,0.519404292107,0.5194042921066284,0,183,183,249,249,339
00.png,00.png,00.png,00.png,31.png,30.png,17.png,00.png,dots2.png,"[-241, -92]","[209, 58]","[150, 100]","[-91, 58]","[59, 58]","[209, 208]","[-241, 58]","[-91, 208]","[59, 208]","[-241, 208]","[-91, -242]","[59, -242]","[209, -242]","[100, 100]","[-91, -92]","[59, -92]","[209, -92]","[-241, -242]",1,8,"[100, 100]","[100, 100]",both,00.png,07.png,tray2.png,00.png,00.png,33.png,05.png,m,"[100, 100]","[100, 100]","[100, 100]","[100, 100]","[100, 100]","[100, 100]","[100, 100]","[100, 100]","[100, 100]","[100, 100]","[100, 100]","[0, -375]",ok.png,"[100, 100]","[100, 100]",133,3,1,1,1,0,0,0,0,0,0,0,1.1666367054,1.16663670539856,0,-78,-78,-110,-110,1,1,0,0,0,0,0,0,0,0.502678453922,0.5026784539222717,0,-244,-244,-80,-80,343
33.png,31.png,tray2.png,21.png,27.png,23.png,29.png,dots2.png,00.png,"[-211, -100]","[239, 50]","[150, 100]","[-61, 50]","[89, 50]","[239, 200]","[-211, 50]","[-61, 200]","[89, 200]","[-211, 200]","[-61, -250]","[89, -250]","[239, -250]","[100, 100]","[-61, -100]","[89, -100]","[239, -100]","[-211, -250]",1,8,"[100, 100]","[100, 100]",both,00.png,00.png,00.png,00.png,00.png,00.png,00.png,m,"[100, 100]","[100, 100]","[100, 100]","[100, 100]","[100, 100]","[100, 100]","[100, 100]","[100, 100]","[100, 100]","[100, 100]","[100, 100]","[0, -375]",ok.png,"[100, 100]","[100, 100]",134,3,1,1,1,0,0,0,0,0,0,0,1.2956815958,1.295681595802307,0,107,107,207,207,1,1,0,0,0,0,0,0,0,0.81045126915,0.8104512691497803,0,8,8,-374,-374,208
00.png,00.png,00.png,00.png,26.png,24.png,dots2.png,22.png,20.png,"[-218, -74]","[232, 76]","[150, 100]","[-68, 76]","[82, 76]","[232, 226]","[-218, 76]","[-68, 226]","[82, 226]","[-218, 226]","[-68, -224]","[82, -224]","[232, -224]","[100, 100]","[-68, -74]","[82, -74]","[232, -74]","[-218, -224]",1,8,"[100, 100]","[100, 100]",both,tray2.png,00.png,18.png,16.png,00.png,00.png,00.png,m,"[100, 100]","[100, 100]","[100, 100]","[100, 100]","[100, 100]","[100, 100]","[100, 100]","[100, 100]","[100, 100]","[100, 100]","[100, 100]","[0, -375]",ok.png,"[100, 100]","[100, 100]",135,3,1,1,1,0,0,0,0,0,0,0,1.30768966675,1.307689666748047,0,82,82,97,97,1,1,0,0,0,0,0,0,0,0.532932758331,0.5329327583312988,0,223,223,-85,-85,319
00.png,00.png,27.png,24.png,21.png,dots2.png,19.png,16.png,00.png,"[-248, -87]","[202, 63]","[150, 100]","[-98, 63]","[52, 63]","[202, 213]","[-248, 63]","[-98, 213]","[52, 213]","[-248, 213]","[-98, -237]","[52, -237]","[202, -237]","[100, 100]","[-98, -87]","[52, -87]","[202, -87]","[-248, -237]",1,8,"[100, 100]","[100, 100]",both,13.png,00.png,00.png,tray2.png,00.png,00.png,00.png,m,"[100, 100]","[100, 100]","[100, 100]","[100, 100]","[100, 100]","[100, 100]","[100, 100]","[100, 100]","[100, 100]","[100, 100]","[100, 100]","[0, -375]",ok.png,"[100, 100]","[100, 100]",136,3,1,1,1,0,0,0,0,0,0,0,1.24984622002,1.249846220016479,0,59,59,-70,-70,1,1,0,0,0,0,0,0,0,0.524404704571,0.5244047045707703,0,-109,-109,78,78,274
00.png,00.png,00.png,00.png,dots2.png,11.png,16.png,21.png,00.png,"[-226, -50]","[224, 100]","[150, 100]","[-76, 100]","[74, 100]","[224, 250]","[-226, 100]","[-76, 250]","[74, 250]","[-226, 250]","[-76, -200]","[74, -200]","[224, -200]","[100, 100]","[-76, -50]","[74, -50]","[224, -50]","[-226, -200]",1,8,"[100, 100]","[100, 100]",both,00.png,tray2.png,00.png,00.png,10.png,20.png,15.png,m,"[100, 100]","[100, 100]","[100, 100]","[100, 100]","[100, 100]","[100, 100]","[100, 100]","[100, 100]","[100, 100]","[100, 100]","[100, 100]","[0, -375]",ok.png,"[100, 100]","[100, 100]",137,3,1,1,1,0,0,0,0,0,0,0,2.24393677711,2.243936777114868,0,-220,-220,-204,-204,1,1,0,0,0,0,0,0,0,0.543201088905,0.5432010889053345,0,-215,-215,106,106,236
tray2.png,02.png,05.png,dots2.png,08.png,07.png,01.png,03.png,00.png,"[-203, -53]","[247, 97]","[150, 100]","[-53, 97]","[97, 97]","[247, 247]","[-203, 97]","[-53, 247]","[97, 247]","[-203, 247]","[-53, -203]","[97, -203]","[247, -203]","[100, 100]","[-53, -53]","[97, -53]","[247, -53]","[-203, -203]",1,8,"[100, 100]","[100, 100]",both,00.png,00.png,00.png,00.png,00.png,00.png,00.png,m,"[100, 100]","[100, 100]","[100, 100]","[100, 100]","[100, 100]","[100, 100]","[100, 100]","[100, 100]","[100, 100]","[100, 100]","[100, 100]","[0, -375]",ok.png,"[100, 100]","[100, 100]",138,3,1,1,1,0,0,0,0,0,0,0,1.02944350243,1.029443502426147,0,-186,-186,227,227,1,1,0,0,0,0,0,0,0,0.904066026211,0.9040660262107848,0,264,264,256,256,131
00.png,12.png,dots2.png,23.png,00.png,00.png,00.png,tray2.png,08.png,"[-232, -96]","[218, 54]","[150, 100]","[-82, 54]","[68, 54]","[218, 204]","[-232, 54]","[-82, 204]","[68, 204]","[-232, 204]","[-82, -246]","[68, -246]","[218, -246]","[100, 100]","[-82, -96]","[68, -96]","[218, -96]","[-232, -246]",1,8,"[100, 100]","[100, 100]",both,00.png,16.png,33.png,00.png,29.png,00.png,00.png,m,"[100, 100]","[100, 100]","[100, 100]","[100, 100]","[100, 100]","[100, 100]","[100, 100]","[100, 100]","[100, 100]","[100, 100]","[100, 100]","[0, -375]",ok.png,"[100, 100]","[100, 100]",139,3,1,1,1,0,0,0,0,0,0,0,0.984589219093,0.9845892190933228,0,74,74,196,196,1,1,0,0,0,0,0,0,0,0.0522559694946,0.05225596949458122,0,74,74,196,196,138
00.png,dots2.png,03.png,07.png,13.png,17.png,tray2.png,27.png,33.png,"[-244, -60]","[206, 90]","[150, 100]","[-94, 90]","[56, 90]","[206, 240]","[-244, 90]","[-94, 240]","[56, 240]","[-244, 240]","[-94, -210]","[56, -210]","[206, -210]","[100, 100]","[-94, -60]","[56, -60]","[206, -60]","[-244, -210]",1,8,"[100, 100]","[100, 100]",both,00.png,00.png,00.png,00.png,00.png,00.png,00.png,m,"[100, 100]","[100, 100]","[100, 100]","[100, 100]","[100, 100]","[100, 100]","[100, 100]","[100, 100]","[100, 100]","[100, 100]","[100, 100]","[0, -375]",ok.png,"[100, 100]","[100, 100]",140,3,1,1,1,0,0,0,0,0,0,0,1.00148105621,1.001481056213379,0,53,53,99,99,1,1,0,0,0,0,0,0,0,0.449246615171,0.4492466151714325,0,-74,-74,220,220,298
dots2.png,17.png,07.png,14.png,00.png,00.png,00.png,00.png,00.png,"[-231, -89]","[219, 61]","[150, 100]","[-81, 61]","[69, 61]","[219, 211]","[-231, 61]","[-81, 211]","[69, 211]","[-231, 211]","[-81, -239]","[69, -239]","[219, -239]","[100, 100]","[-81, -89]","[69, -89]","[219, -89]","[-231, -239]",1,8,"[100, 100]","[100, 100]",both,00.png,02.png,00.png,00.png,04.png,tray2.png,20.png,m,"[100, 100]","[100, 100]","[100, 100]","[100, 100]","[100, 100]","[100, 100]","[100, 100]","[100, 100]","[100, 100]","[100, 100]","[100, 100]","[0, -375]",ok.png,"[100, 100]","[100, 100]",141,3,1,1,1,0,0,0,0,0,0,0,1.18527257442,1.185272574424744,0,-226,-226,204,204,1,1,0,0,0,0,0,0,0,0.967699170113,0.96769917011261,0,-47,-47,-232,-232,332
00.png,dots2.png,04.png,00.png,00.png,16.png,22.png,00.png,00.png,"[-218, -89]","[232, 61]","[150, 100]","[-68, 61]","[82, 61]","[232, 211]","[-218, 61]","[-68, 211]","[82, 211]","[-218, 211]","[-68, -239]","[82, -239]","[232, -239]","[100, 100]","[-68, -89]","[82, -89]","[232, -89]","[-218, -239]",1,8,"[100, 100]","[100, 100]",both,00.png,00.png,32.png,tray2.png,00.png,29.png,19.png,m,"[100, 100]","[100, 100]","[100, 100]","[100, 100]","[100, 100]","[100, 100]","[100, 100]","[100, 100]","[100, 100]","[100, 100]","[100, 100]","[0, -375]",ok.png,"[100, 100]","[100, 100]",142,3,1,1,1,0,0,0,0,0,0,0,1.52477252483,1.524772524833679,0,-96,-96,218,218,1,1,0,0,0,0,0,0,0,0.652083933353,0.6520839333534241,0,66,66,-94,-94,374
00.png,08.png,dots2.png,03.png,25.png,tray2.png,27.png,00.png,00.png,"[-205, -100]","[245, 50]","[150, 100]","[-55, 50]","[95, 50]","[245, 200]","[-205, 50]","[-55, 200]","[95, 200]","[-205, 200]","[-55, -250]","[95, -250]","[245, -250]","[100, 100]","[-55, -100]","[95, -100]","[245, -100]","[-205, -250]",1,8,"[100, 100]","[100, 100]",both,21.png,05.png,00.png,00.png,00.png,00.png,00.png,m,"[100, 100]","[100, 100]","[100, 100]","[100, 100]","[100, 100]","[100, 100]","[100, 100]","[100, 100]","[100, 100]","[100, 100]","[100, 100]","[0, -375]",ok.png,"[100, 100]","[100, 100]",143,3,1,1,1,0,0,0,0,0,0,0,0.950306475163,0.950306475162506,0,-69,-69,61,61,1,1,0,0,0,0,0,0,0,0.499546706676,0.4995467066764832,0,84,84,193,193,307
00.png,07.png,00.png,dots2.png,23.png,00.png,09.png,00.png,00.png,"[-215, -65]","[235, 85]","[150, 100]","[-65, 85]","[85, 85]","[235, 235]","[-215, 85]","[-65, 235]","[85, 235]","[-215, 235]","[-65, -215]","[85, -215]","[235, -215]","[100, 100]","[-65, -65]","[85, -65]","[235, -65]","[-215, -215]",1,8,"[100, 100]","[100, 100]",both,00.png,tray2.png,16.png,00.png,06.png,15.png,00.png,m,"[100, 100]","[100, 100]","[100, 100]","[100, 100]","[100, 100]","[100, 100]","[100, 100]","[100, 100]","[100, 100]","[100, 100]","[100, 100]","[0, -375]",ok.png,"[100, 100]","[100, 100]",144,3,1,1,1,0,0,0,0,0,0,0,2.75700879097,2.757008790969849,0,-220,-220,-213,-213,1,1,0,0,0,0,0,0,0,0.719769835472,0.7197698354721069,0,266,266,219,219,185
00.png,tray2.png,00.png,31.png,dots2.png,08.png,30.png,00.png,34.png,"[-217, -83]","[233, 67]","[150, 100]","[-67, 67]","[83, 67]","[233, 217]","[-217, 67]","[-67, 217]","[83, 217]","[-217, 217]","[-67, -233]","[83, -233]","[233, -233]","[100, 100]","[-67, -83]","[83, -83]","[233, -83]","[-217, -233]",1,8,"[100, 100]","[100, 100]",both,12.png,00.png,00.png,00.png,00.png,00.png,11.png,m,"[100, 100]","[100, 100]","[100, 100]","[100, 100]","[100, 100]","[100, 100]","[100, 100]","[100, 100]","[100, 100]","[100, 100]","[100, 100]","[0, -375]",ok.png,"[100, 100]","[100, 100]",145,3,1,1,1,0,0,0,0,0,0,0,1.25973176956,1.259731769561768,0,-56,-56,237,237,1,1,0,0,0,0,0,0,0,0.578850626945,0.5788506269454956,0,-208,-208,76,76,328
00.png,00.png,16.png,tray2.png,10.png,dots2.png,09.png,07.png,27.png,"[-215, -71]","[235, 79]","[150, 100]","[-65, 79]","[85, 79]","[235, 229]","[-215, 79]","[-65, 229]","[85, 229]","[-215, 229]","[-65, -221]","[85, -221]","[235, -221]","[100, 100]","[-65, -71]","[85, -71]","[235, -71]","[-215, -221]",1,8,"[100, 100]","[100, 100]",both,00.png,00.png,24.png,00.png,00.png,00.png,00.png,m,"[100, 100]","[100, 100]","[100, 100]","[100, 100]","[100, 100]","[100, 100]","[100, 100]","[100, 100]","[100, 100]","[100, 100]","[100, 100]","[0, -375]",ok.png,"[100, 100]","[100, 100]",146,3,1,1,1,0,0,0,0,0,0,0,1.02970719337,1.029707193374634,0,249,249,230,230,1,1,0,0,0,0,0,0,0,0.543838441372,0.5438384413719177,0,-78,-78,66,66,31
30.png,00.png,20.png,00.png,10.png,00.png,dots2.png,01.png,00.png,"[-205, -60]","[245, 90]","[150, 100]","[-55, 90]","[95, 90]","[245, 240]","[-205, 90]","[-55, 240]","[95, 240]","[-205, 240]","[-55, -210]","[95, -210]","[245, -210]","[100, 100]","[-55, -60]","[95, -60]","[245, -60]","[-205, -210]",1,8,"[100, 100]","[100, 100]",both,33.png,00.png,tray2.png,00.png,00.png,25.png,00.png,m,"[100, 100]","[100, 100]","[100, 100]","[100, 100]","[100, 100]","[100, 100]","[100, 100]","[100, 100]","[100, 100]","[100, 100]","[100, 100]","[0, -375]",ok.png,"[100, 100]","[100, 100]",147,3,1,1,1,0,0,0,0,0,0,0,1.63209080696,1.63209080696106,0,-68,-68,-70,-70,1,1,0,0,0,0,0,0,0,0.520673930645,0.520673930644989,0,64,64,63,63,299
00.png,00.png,24.png,26.png,00.png,04.png,02.png,dots2.png,09.png,"[-229, -80]","[221, 70]","[150, 100]","[-79, 70]","[71, 70]","[221, 220]","[-229, 70]","[-79, 220]","[71, 220]","[-229, 220]","[-79, -230]","[71, -230]","[221, -230]","[100, 100]","[-79, -80]","[71, -80]","[221, -80]","[-229, -230]",1,8,"[100, 100]","[100, 100]",both,00.png,18.png,00.png,tray2.png,00.png,00.png,00.png,m,"[100, 100]","[100, 100]","[100, 100]","[100, 100]","[100, 100]","[100, 100]","[100, 100]","[100, 100]","[100, 100]","[100, 100]","[100, 100]","[0, -375]",ok.png,"[100, 100]","[100, 100]",148,3,1,1,1,0,0,0,0,0,0,0,0.811797499657,0.8117974996566772,0,217,217,47,47,1,1,0,0,0,0,0,0,0,0.393745303154,0.3937453031539917,0,83,83,-80,-80,226
tray2.png,00.png,00.png,09.png,30.png,00.png,00.png,18.png,dots2.png,"[-250, -89]","[200, 61]","[150, 100]","[-100, 61]","[50, 61]","[200, 211]","[-250, 61]","[-100, 211]","[50, 211]","[-250, 211]","[-100, -239]","[50, -239]","[200, -239]","[100, 100]","[-100, -89]","[50, -89]","[200, -89]","[-250, -239]",1,8,"[100, 100]","[100, 100]",both,11.png,00.png,00.png,07.png,00.png,00.png,14.png,m,"[100, 100]","[100, 100]","[100, 100]","[100, 100]","[100, 100]","[100, 100]","[100, 100]","[100, 100]","[100, 100]","[100, 100]","[100, 100]","[0, -375]",ok.png,"[100, 100]","[100, 100]",149,3,1,1,1,0,0,0,0,0,0,0,1.01179385185,1.011793851852417,0,-243,-243,217,217,1,1,0,0,0,0,0,0,0,0.57748144865,0.5774814486503601,0,-257,-257,-114,-114,49
00.png,29.png,00.png,19.png,00.png,14.png,00.png,33.png,00.png,"[-235, -63]","[215, 87]","[150, 100]","[-85, 87]","[65, 87]","[215, 237]","[-235, 87]","[-85, 237]","[65, 237]","[-235, 237]","[-85, -213]","[65, -213]","[215, -213]","[100, 100]","[-85, -63]","[65, -63]","[215, -63]","[-235, -213]",1,8,"[100, 100]","[100, 100]",both,23.png,00.png,dots2.png,00.png,31.png,tray2.png,00.png,m,"[100, 100]","[100, 100]","[100, 100]","[100, 100]","[100, 100]","[100, 100]","[100, 100]","[100, 100]","[100, 100]","[100, 100]","[100, 100]","[0, -375]",ok.png,"[100, 100]","[100, 100]",150,3,1,1,1,0,0,0,0,0,0,0,1.7759578228,1.775957822799683,0,-81,-81,-212,-212,1,1,0,0,0,0,0,0,0,2.29231405258,2.292314052581787,0,-84,-84,-210,-210,322
tray1.png,01.png,02.png,03.png,04.png,05.png,06.png,07.png,08.png,"[-202, -79]","[248, 71]","[150, 100]","[-52, 71]","[98, 71]","[248, 221]","[-202, 71]","[-52, 221]","[98, 221]","[-202, 221]","[-52, -229]","[98, -229]","[248, -229]","[100, 100]","[-52, -79]","[98, -79]","[248, -79]","[-202, -229]",1,12,"[100, 100]","[100, 100]",tray,11.png,00.png,09.png,10.png,00.png,00.png,00.png,m,"[100, 100]","[100, 100]","[100, 100]","[100, 100]","[100, 100]","[100, 100]","[100, 100]","[100, 100]","[100, 100]","[100, 100]","[100, 100]","[0, -375]",ok.png,"[100, 100]","[100, 100]",151,1,1,1,1,0,0,0,0,0,0,0,0.947147011757,0.947147011756897,0,-165,-165,232,232,1,1,0,0,0,0,0,0,0,1.79541611671,1.795416116714478,0,25,25,-376,-376,382
08.png,tray1.png,09.png,00.png,10.png,11.png,12.png,13.png,00.png,"[-250, -78]","[200, 72]","[150, 100]","[-100, 72]","[50, 72]","[200, 222]","[-250, 72]","[-100, 222]","[50, 222]","[-250, 222]","[-100, -228]","[50, -228]","[200, -228]","[100, 100]","[-100, -78]","[50, -78]","[200, -78]","[-250, -228]",1,12,"[100, 100]","[100, 100]",tray,33.png,32.png,14.png,34.png,00.png,31.png,00.png,m,"[100, 100]","[100, 100]","[100, 100]","[100, 100]","[100, 100]","[100, 100]","[100, 100]","[100, 100]","[100, 100]","[100, 100]","[100, 100]","[0, -375]",ok.png,"[100, 100]","[100, 100]",152,1,1,1,1,0,0,0,0,0,0,0,1.86751127243,1.86751127243042,0,-98,-98,208,208,1,1,0,0,0,0,0,0,0,2.20006656647,2.200066566467285,0,-43,-43,-378,-378,373
00.png,00.png,tray1.png,15.png,16.png,17.png,18.png,19.png,20.png,"[-234, -84]","[216, 66]","[150, 100]","[-84, 66]","[66, 66]","[216, 216]","[-234, 66]","[-84, 216]","[66, 216]","[-234, 216]","[-84, -234]","[66, -234]","[216, -234]","[100, 100]","[-84, -84]","[66, -84]","[216, -84]","[-234, -234]",1,12,"[100, 100]","[100, 100]",tray,23.png,24.png,21.png,22.png,00.png,25.png,00.png,m,"[100, 100]","[100, 100]","[100, 100]","[100, 100]","[100, 100]","[100, 100]","[100, 100]","[100, 100]","[100, 100]","[100, 100]","[100, 100]","[0, -375]",ok.png,"[100, 100]","[100, 100]",153,1,1,1,1,0,0,0,0,0,0,0,1.8658311367,1.865831136703491,0,90,90,212,212,1,1,0,0,0,0,0,0,0,0.829034507275,0.8290345072746277,0,-10,-10,-376,-376,347
22.png,23.png,24.png,tray1.png,00.png,00.png,25.png,26.png,00.png,"[-207, -95]","[243, 55]","[150, 100]","[-57, 55]","[93, 55]","[243, 205]","[-207, 55]","[-57, 205]","[93, 205]","[-207, 205]","[-57, -245]","[93, -245]","[243, -245]","[100, 100]","[-57, -95]","[93, -95]","[243, -95]","[-207, -245]",1,12,"[100, 100]","[100, 100]",tray,28.png,29.png,00.png,27.png,32.png,30.png,31.png,m,"[100, 100]","[100, 100]","[100, 100]","[100, 100]","[100, 100]","[100, 100]","[100, 100]","[100, 100]","[100, 100]","[100, 100]","[100, 100]","[0, -375]",ok.png,"[100, 100]","[100, 100]",154,1,1,1,1,0,0,0,0,0,0,0,2.60190463066,2.601904630661011,0,239,239,204,204,1,1,0,0,0,0,0,0,0,1.54775846004,1.547758460044861,0,2,2,-365,-365,277
02.png,04.png,06.png,08.png,tray1.png,29.png,30.png,31.png,32.png,"[-203, -71]","[247, 79]","[150, 100]","[-53, 79]","[97, 79]","[247, 229]","[-203, 79]","[-53, 229]","[97, 229]","[-203, 229]","[-53, -221]","[97, -221]","[247, -221]","[100, 100]","[-53, -71]","[97, -71]","[247, -71]","[-203, -221]",1,12,"[100, 100]","[100, 100]",tray,01.png,00.png,33.png,34.png,00.png,00.png,00.png,m,"[100, 100]","[100, 100]","[100, 100]","[100, 100]","[100, 100]","[100, 100]","[100, 100]","[100, 100]","[100, 100]","[100, 100]","[100, 100]","[0, -375]",ok.png,"[100, 100]","[100, 100]",155,1,1,1,1,0,0,0,0,0,0,0,1.43288207054,1.432882070541382,0,-207,-207,93,93,1,1,0,0,0,0,0,0,0,0.775159597397,0.7751595973968506,0,-4,-4,-392,-392,34
01.png,34.png,07.png,27.png,04.png,tray1.png,00.png,00.png,06.png,"[-240, -84]","[210, 66]","[150, 100]","[-90, 66]","[60, 66]","[210, 216]","[-240, 66]","[-90, 216]","[60, 216]","[-240, 216]","[-90, -234]","[60, -234]","[210, -234]","[100, 100]","[-90, -84]","[60, -84]","[210, -84]","[-240, -234]",1,12,"[100, 100]","[100, 100]",tray,29.png,17.png,15.png,09.png,00.png,23.png,00.png,m,"[100, 100]","[100, 100]","[100, 100]","[100, 100]","[100, 100]","[100, 100]","[100, 100]","[100, 100]","[100, 100]","[100, 100]","[100, 100]","[0, -375]",ok.png,"[100, 100]","[100, 100]",156,1,1,1,1,0,0,0,0,0,0,0,1.35381484032,1.353814840316772,0,-72,-72,93,93,1,1,0,0,0,0,0,0,0,1.06247675419,1.062476754188538,0,8,8,-389,-389,437
00.png,00.png,02.png,05.png,07.png,03.png,tray1.png,25.png,18.png,"[-210, -95]","[240, 55]","[150, 100]","[-60, 55]","[90, 55]","[240, 205]","[-210, 55]","[-60, 205]","[90, 205]","[-210, 205]","[-60, -245]","[90, -245]","[240, -245]","[100, 100]","[-60, -95]","[90, -95]","[240, -95]","[-210, -245]",1,12,"[100, 100]","[100, 100]",tray,00.png,06.png,14.png,00.png,17.png,22.png,09.png,m,"[100, 100]","[100, 100]","[100, 100]","[100, 100]","[100, 100]","[100, 100]","[100, 100]","[100, 100]","[100, 100]","[100, 100]","[100, 100]","[0, -375]",ok.png,"[100, 100]","[100, 100]",157,1,1,1,1,0,0,0,0,0,0,0,1.03082489967,1.030824899673462,0,98,98,69,69,1,1,0,0,0,0,0,0,0,1.05777573586,1.057775735855103,0,-11,-11,-415,-415,129
00.png,05.png,33.png,07.png,20.png,15.png,27.png,tray1.png,30.png,"[-250, -64]","[200, 86]","[150, 100]","[-100, 86]","[50, 86]","[200, 236]","[-250, 86]","[-100, 236]","[50, 236]","[-250, 236]","[-100, -214]","[50, -214]","[200, -214]","[100, 100]","[-100, -64]","[50, -64]","[200, -64]","[-250, -214]",1,12,"[100, 100]","[100, 100]",tray,31.png,00.png,17.png,25.png,00.png,00.png,33.png,m,"[100, 100]","[100, 100]","[100, 100]","[100, 100]","[100, 100]","[100, 100]","[100, 100]","[100, 100]","[100, 100]","[100, 100]","[100, 100]","[0, -375]",ok.png,"[100, 100]","[100, 100]",158,1,1,1,1,0,0,0,0,0,0,0,2.41635704041,2.416357040405273,0,222,222,67,67,1,1,0,0,0,0,0,0,0,0.982822179794,0.9828221797943116,0,26,26,-388,-388,160
07.png,10.png,13.png,16.png,00.png,00.png,00.png,00.png,tray1.png,"[-214, -98]","[236, 52]","[150, 100]","[-64, 52]","[86, 52]","[236, 202]","[-214, 52]","[-64, 202]","[86, 202]","[-214, 202]","[-64, -248]","[86, -248]","[236, -248]","[100, 100]","[-64, -98]","[86, -98]","[236, -98]","[-214, -248]",1,12,"[100, 100]","[100, 100]",tray,27.png,21.png,29.png,23.png,33.png,25.png,31.png,m,"[100, 100]","[100, 100]","[100, 100]","[100, 100]","[100, 100]","[100, 100]","[100, 100]","[100, 100]","[100, 100]","[100, 100]","[100, 100]","[0, -375]",ok.png,"[100, 100]","[100, 100]",159,1,1,1,1,0,0,0,0,0,0,0,1.22177875042,1.221778750419617,0,-210,-210,-91,-91,1,1,0,0,0,0,0,0,0,0.932223796844,0.9322237968444824,0,28,28,-379,-379,430
09.png,07.png,05.png,03.png,14.png,16.png,18.png,20.png,22.png,"[-225, -77]","[225, 73]","[150, 100]","[-75, 73]","[75, 73]","[225, 223]","[-225, 73]","[-75, 223]","[75, 223]","[-225, 223]","[-75, -227]","[75, -227]","[225, -227]","[100, 100]","[-75, -77]","[75, -77]","[225, -77]","[-225, -227]",1,12,"[100, 100]","[100, 100]",tray,26.png,00.png,tray1.png,24.png,00.png,00.png,00.png,m,"[100, 100]","[100, 100]","[100, 100]","[100, 100]","[100, 100]","[100, 100]","[100, 100]","[100, 100]","[100, 100]","[100, 100]","[100, 100]","[0, -375]",ok.png,"[100, 100]","[100, 100]",160,1,1,1,1,0,0,0,0,0,0,0,1.34098613262,1.340986132621765,0,-61,-61,-92,-92,1,1,0,0,0,0,0,0,0,1.15041542053,1.150415420532227,0,41,41,-393,-393,174
00.png,00.png,33.png,31.png,13.png,10.png,34.png,32.png,16.png,"[-227, -66]","[223, 84]","[150, 100]","[-77, 84]","[73, 84]","[223, 234]","[-227, 84]","[-77, 234]","[73, 234]","[-227, 234]","[-77, -216]","[73, -216]","[223, -216]","[100, 100]","[-77, -66]","[73, -66]","[223, -66]","[-227, -216]",1,12,"[100, 100]","[100, 100]",tray,21.png,24.png,19.png,tray1.png,00.png,27.png,00.png,m,"[100, 100]","[100, 100]","[100, 100]","[100, 100]","[100, 100]","[100, 100]","[100, 100]","[100, 100]","[100, 100]","[100, 100]","[100, 100]","[0, -375]",ok.png,"[100, 100]","[100, 100]",161,1,1,1,1,0,0,0,0,0,0,0,1.52431917191,1.524319171905518,0,79,79,-59,-59,1,1,0,0,0,0,0,0,0,1.29722595215,1.297225952148438,0,21,21,-380,-380,39
10.png,15.png,20.png,25.png,00.png,00.png,04.png,17.png,21.png,"[-200, -81]","[250, 69]","[150, 100]","[-50, 69]","[100, 69]","[250, 219]","[-200, 69]","[-50, 219]","[100, 219]","[-200, 219]","[-50, -231]","[100, -231]","[250, -231]","[100, 100]","[-50, -81]","[100, -81]","[250, -81]","[-200, -231]",1,12,"[100, 100]","[100, 100]",tray,tray1.png,00.png,16.png,11.png,34.png,00.png,27.png,m,"[100, 100]","[100, 100]","[100, 100]","[100, 100]","[100, 100]","[100, 100]","[100, 100]","[100, 100]","[100, 100]","[100, 100]","[100, 100]","[0, -375]",ok.png,"[100, 100]","[100, 100]",162,1,1,1,1,0,0,0,0,0,0,0,3.01279520988,3.012795209884644,0,260,260,-67,-67,1,1,0,0,0,0,0,0,0,0.6231752038,0.6231752038002014,0,74,74,-326,-326,205
00.png,00.png,20.png,24.png,28.png,32.png,00.png,00.png,03.png,"[-214, -74]","[236, 76]","[150, 100]","[-64, 76]","[86, 76]","[236, 226]","[-214, 76]","[-64, 226]","[86, 226]","[-214, 226]","[-64, -224]","[86, -224]","[236, -224]","[100, 100]","[-64, -74]","[86, -74]","[236, -74]","[-214, -224]",1,12,"[100, 100]","[100, 100]",tray,08.png,tray1.png,01.png,07.png,04.png,05.png,02.png,m,"[100, 100]","[100, 100]","[100, 100]","[100, 100]","[100, 100]","[100, 100]","[100, 100]","[100, 100]","[100, 100]","[100, 100]","[100, 100]","[0, -375]",ok.png,"[100, 100]","[100, 100]",163,1,1,1,1,0,0,0,0,0,0,0,2.43231320381,2.432313203811646,0,-232,-232,-210,-210,1,1,0,0,0,0,0,0,0,0.732720434666,0.7327204346656799,0,-7,-7,-365,-365,396
29.png,00.png,06.png,16.png,00.png,03.png,33.png,08.png,13.png,"[-224, -54]","[226, 96]","[150, 100]","[-74, 96]","[76, 96]","[226, 246]","[-224, 96]","[-74, 246]","[76, 246]","[-224, 246]","[-74, -204]","[76, -204]","[226, -204]","[100, 100]","[-74, -54]","[76, -54]","[226, -54]","[-224, -204]",1,12,"[100, 100]","[100, 100]",tray,00.png,23.png,28.png,00.png,01.png,tray1.png,12.png,m,"[100, 100]","[100, 100]","[100, 100]","[100, 100]","[100, 100]","[100, 100]","[100, 100]","[100, 100]","[100, 100]","[100, 100]","[100, 100]","[0, -375]",ok.png,"[100, 100]","[100, 100]",164,1,1,1,1,0,0,0,0,0,0,0,2.22899413109,2.228994131088257,0,-57,-57,-195,-195,1,1,0,0,0,0,0,0,0,0.465958803892,0.4659588038921356,0,17,17,-389,-389,83
00.png,00.png,00.png,16.png,14.png,06.png,04.png,33.png,27.png,"[-214, -94]","[236, 56]","[150, 100]","[-64, 56]","[86, 56]","[236, 206]","[-214, 56]","[-64, 206]","[86, 206]","[-214, 206]","[-64, -244]","[86, -244]","[236, -244]","[100, 100]","[-64, -94]","[86, -94]","[236, -94]","[-214, -244]",1,12,"[100, 100]","[100, 100]",tray,13.png,07.png,23.png,17.png,00.png,03.png,tray1.png,m,"[100, 100]","[100, 100]","[100, 100]","[100, 100]","[100, 100]","[100, 100]","[100, 100]","[100, 100]","[100, 100]","[100, 100]","[100, 100]","[0, -375]",ok.png,"[100, 100]","[100, 100]",165,1,1,1,1,0,0,0,0,0,0,0,1.53775215149,1.537752151489258,0,73,73,-238,-238,1,1,0,0,0,0,0,0,0,0.738044500351,0.7380445003509521,0,39,39,-391,-391,407
04.png,20.png,30.png,02.png,00.png,00.png,03.png,04.png,24.png,"[-242, -68]","[208, 82]","[150, 100]","[-92, 82]","[58, 82]","[208, 232]","[-242, 82]","[-92, 232]","[58, 232]","[-242, 232]","[-92, -218]","[58, -218]","[208, -218]","[100, 100]","[-92, -68]","[58, -68]","[208, -68]","[-242, -218]",1,12,"[100, 100]","[100, 100]",tray,00.png,14.png,23.png,00.png,tray1.png,07.png,17.png,m,"[100, 100]","[100, 100]","[100, 100]","[100, 100]","[100, 100]","[100, 100]","[100, 100]","[100, 100]","[100, 100]","[100, 100]","[100, 100]","[0, -375]",ok.png,"[100, 100]","[100, 100]",166,1,1,1,1,0,0,0,0,0,0,0,2.46665978432,2.466659784317017,0,234,234,-195,-195,1,1,0,0,0,0,0,0,0,0.607864677906,0.6078646779060364,0,-39,-39,-347,-347,209
03.png,19.png,29.png,00.png,00.png,02.png,32.png,11.png,12.png,"[-232, -67]","[218, 83]","[150, 100]","[-82, 83]","[68, 83]","[218, 233]","[-232, 83]","[-82, 233]","[68, 233]","[-232, 233]","[-82, -217]","[68, -217]","[218, -217]","[100, 100]","[-82, -67]","[68, -67]","[218, -67]","[-232, -217]",1,12,"[100, 100]","[100, 100]",tray,00.png,00.png,22.png,16.png,18.png,04.png,tray1.png,m,"[100, 100]","[100, 100]","[100, 100]","[100, 100]","[100, 100]","[100, 100]","[100, 100]","[100, 100]","[100, 100]","[100, 100]","[100, 100]","[0, -375]",ok.png,"[100, 100]","[100, 100]",167,1,1,1,1,0,0,0,0,0,0,0,1.48166143894,1.481661438941956,0,59,59,-228,-228,1,1,0,0,0,0,0,0,0,0.753496289253,0.7534962892532349,0,24,24,-389,-389,269
16.png,13.png,11.png,05.png,21.png,00.png,00.png,00.png,00.png,"[-249, -93]","[201, 57]","[150, 100]","[-99, 57]","[51, 57]","[201, 207]","[-249, 57]","[-99, 207]","[51, 207]","[-249, 207]","[-99, -243]","[51, -243]","[201, -243]","[100, 100]","[-99, -93]","[51, -93]","[201, -93]","[-249, -243]",1,12,"[100, 100]","[100, 100]",tray,25.png,03.png,27.png,28.png,15.png,tray1.png,08.png,m,"[100, 100]","[100, 100]","[100, 100]","[100, 100]","[100, 100]","[100, 100]","[100, 100]","[100, 100]","[100, 100]","[100, 100]","[100, 100]","[0, -375]",ok.png,"[100, 100]","[100, 100]",168,1,1,1,1,0,0,0,0,0,0,0,1.67818117142,1.678181171417236,0,-117,-117,-264,-264,1,1,0,0,0,0,0,0,0,0.438244074583,0.4382440745830536,0,26,26,-359,-359,265
06.png,21.png,15.png,17.png,00.png,00.png,16.png,28.png,29.png,"[-206, -71]","[244, 79]","[150, 100]","[-56, 79]","[94, 79]","[244, 229]","[-206, 79]","[-56, 229]","[94, 229]","[-206, 229]","[-56, -221]","[94, -221]","[244, -221]","[100, 100]","[-56, -71]","[94, -71]","[244, -71]","[-206, -221]",1,12,"[100, 100]","[100, 100]",tray,23.png,tray1.png,09.png,00.png,00.png,14.png,07.png,m,"[100, 100]","[100, 100]","[100, 100]","[100, 100]","[100, 100]","[100, 100]","[100, 100]","[100, 100]","[100, 100]","[100, 100]","[100, 100]","[0, -375]",ok.png,"[100, 100]","[100, 100]",169,1,1,1,1,0,0,0,0,0,0,0,2.9015583992,2.901558399200439,0,-199,-199,-205,-205,1,1,0,0,0,0,0,0,0,1.32835233212,1.328352332115173,0,0,0,-407,-407,18
00.png,11.png,01.png,28.png,12.png,00.png,00.png,34.png,15.png,"[-248, -60]","[202, 90]","[150, 100]","[-98, 90]","[52, 90]","[202, 240]","[-248, 90]","[-98, 240]","[52, 240]","[-248, 240]","[-98, -210]","[52, -210]","[202, -210]","[100, 100]","[-98, -60]","[52, -60]","[202, -60]","[-248, -210]",1,12,"[100, 100]","[100, 100]",tray,tray1.png,31.png,30.png,08.png,00.png,21.png,32.png,m,"[100, 100]","[100, 100]","[100, 100]","[100, 100]","[100, 100]","[100, 100]","[100, 100]","[100, 100]","[100, 100]","[100, 100]","[100, 100]","[0, -375]",ok.png,"[100, 100]","[100, 100]",170,1,1,1,1,0,0,0,0,0,0,0,1.52475440502,1.524754405021667,0,203,203,-26,-26,1,1,0,0,0,0,0,0,0,0.718977510929,0.7189775109291077,0,32,32,-380,-380,355
00.png,00.png,12.png,04.png,32.png,31.png,24.png,27.png,07.png,"[-225, -90]","[225, 60]","[150, 100]","[-75, 60]","[75, 60]","[225, 210]","[-225, 60]","[-75, 210]","[75, 210]","[-225, 210]","[-75, -240]","[75, -240]","[225, -240]","[100, 100]","[-75, -90]","[75, -90]","[225, -90]","[-225, -240]",1,12,"[100, 100]","[100, 100]",tray,10.png,13.png,09.png,tray1.png,00.png,16.png,00.png,m,"[100, 100]","[100, 100]","[100, 100]","[100, 100]","[100, 100]","[100, 100]","[100, 100]","[100, 100]","[100, 100]","[100, 100]","[100, 100]","[0, -375]",ok.png,"[100, 100]","[100, 100]",171,1,1,1,1,0,0,0,0,0,0,0,1.83750128746,1.837501287460327,0,76,76,-98,-98,1,1,0,0,0,0,0,0,0,0.609836339951,0.6098363399505615,0,15,15,-399,-399,55
00.png,00.png,25.png,12.png,33.png,19.png,05.png,00.png,01.png,"[-213, -100]","[237, 50]","[150, 100]","[-63, 50]","[87, 50]","[237, 200]","[-213, 50]","[-63, 200]","[87, 200]","[-213, 200]","[-63, -250]","[87, -250]","[237, -250]","[100, 100]","[-63, -100]","[87, -100]","[237, -100]","[-213, -250]",1,12,"[100, 100]","[100, 100]",tray,10.png,34.png,tray1.png,07.png,30.png,20.png,00.png,m,"[100, 100]","[100, 100]","[100, 100]","[100, 100]","[100, 100]","[100, 100]","[100, 100]","[100, 100]","[100, 100]","[100, 100]","[100, 100]","[0, -375]",ok.png,"[100, 100]","[100, 100]",172,1,1,1,1,0,0,0,0,0,0,0,1.61620688438,1.616206884384155,0,-103,-103,-94,-94,1,1,0,0,0,0,0,0,0,0.593419730663,0.5934197306632996,0,-13,-13,-401,-401,282
11.png,13.png,17.png,18.png,00.png,14.png,00.png,09.png,tray1.png,"[-222, -88]","[228, 62]","[150, 100]","[-72, 62]","[78, 62]","[228, 212]","[-222, 62]","[-72, 212]","[78, 212]","[-222, 212]","[-72, -238]","[78, -238]","[228, -238]","[100, 100]","[-72, -88]","[78, -88]","[228, -88]","[-222, -238]",1,12,"[100, 100]","[100, 100]",tray,30.png,26.png,02.png,04.png,00.png,24.png,00.png,m,"[100, 100]","[100, 100]","[100, 100]","[100, 100]","[100, 100]","[100, 100]","[100, 100]","[100, 100]","[100, 100]","[100, 100]","[100, 100]","[0, -375]",ok.png,"[100, 100]","[100, 100]",173,1,1,1,1,0,0,0,0,0,0,0,2.41561794281,2.415617942810059,0,-201,-201,-77,-77,1,1,0,0,0,0,0,0,0,0.577748298645,0.5777482986450195,0,-40,-40,-373,-373,446
00.png,14.png,10.png,20.png,11.png,07.png,00.png,tray1.png,18.png,"[-217, -97]","[233, 53]","[150, 100]","[-67, 53]","[83, 53]","[233, 203]","[-217, 53]","[-67, 203]","[83, 203]","[-217, 203]","[-67, -247]","[83, -247]","[233, -247]","[100, 100]","[-67, -97]","[83, -97]","[233, -97]","[-217, -247]",1,12,"[100, 100]","[100, 100]",tray,30.png,09.png,31.png,00.png,19.png,00.png,03.png,m,"[100, 100]","[100, 100]","[100, 100]","[100, 100]","[100, 100]","[100, 100]","[100, 100]","[100, 100]","[100, 100]","[100, 100]","[100, 100]","[0, -375]",ok.png,"[100, 100]","[100, 100]",174,1,1,1,1,0,0,0,0,0,0,0,1.79026007652,1.790260076522827,0,260,260,47,47,1,1,0,0,0,0,0,0,0,1.54076623917,1.54076623916626,0,13,13,-410,-410,19
31.png,03.png,13.png,00.png,23.png,21.png,tray1.png,00.png,33.png,"[-242, -63]","[208, 87]","[150, 100]","[-92, 87]","[58, 87]","[208, 237]","[-242, 87]","[-92, 237]","[58, 237]","[-242, 237]","[-92, -213]","[58, -213]","[208, -213]","[100, 100]","[-92, -63]","[58, -63]","[208, -63]","[-242, -213]",1,12,"[100, 100]","[100, 100]",tray,00.png,19.png,00.png,14.png,26.png,32.png,29.png,m,"[100, 100]","[100, 100]","[100, 100]","[100, 100]","[100, 100]","[100, 100]","[100, 100]","[100, 100]","[100, 100]","[100, 100]","[100, 100]","[0, -375]",ok.png,"[100, 100]","[100, 100]",175,1,1,1,1,0,0,0,0,0,0,0,1.71476364136,1.714763641357422,0,61,61,80,80,1,1,0,0,0,0,0,0,0,0.780354678631,0.7803546786308289,0,-13,-13,-355,-355,357
00.png,00.png,00.png,00.png,11.png,10.png,09.png,08.png,07.png,"[-209, -50]","[241, 100]","[150, 100]","[-59, 100]","[91, 100]","[241, 250]","[-209, 100]","[-59, 250]","[91, 250]","[-209, 250]","[-59, -200]","[91, -200]","[241, -200]","[100, 100]","[-59, -50]","[91, -50]","[241, -50]","[-209, -200]",1,12,"[100, 100]","[100, 100]",tray,04.png,03.png,06.png,05.png,tray2.png,02.png,01.png,m,"[100, 100]","[100, 100]","[100, 100]","[100, 100]","[100, 100]","[100, 100]","[100, 100]","[100, 100]","[100, 100]","[100, 100]","[100, 100]","[0, -375]",ok.png,"[100, 100]","[100, 100]",176,1,1,1,1,0,0,0,0,0,0,0,1.59209299088,1.592092990875244,0,215,215,-185,-185,1,1,0,0,0,0,0,0,0,0.683556199074,0.6835561990737915,0,29,29,-388,-388,85
00.png,00.png,31.png,32.png,33.png,34.png,14.png,00.png,13.png,"[-247, -95]","[203, 55]","[150, 100]","[-97, 55]","[53, 55]","[203, 205]","[-247, 55]","[-97, 205]","[53, 205]","[-247, 205]","[-97, -245]","[53, -245]","[203, -245]","[100, 100]","[-97, -95]","[53, -95]","[203, -95]","[-247, -245]",1,12,"[100, 100]","[100, 100]",tray,10.png,00.png,12.png,11.png,08.png,09.png,tray2.png,m,"[100, 100]","[100, 100]","[100, 100]","[100, 100]","[100, 100]","[100, 100]","[100, 100]","[100, 100]","[100, 100]","[100, 100]","[100, 100]","[0, -375]",ok.png,"[100, 100]","[100, 100]",177,1,1,1,1,0,0,0,0,0,0,0,1.51427662373,1.514276623725891,0,54,54,-230,-230,1,1,0,0,0,0,0,0,0,0.931893646717,0.9318936467170716,0,10,10,-403,-403,212
00.png,00.png,25.png,24.png,23.png,22.png,21.png,20.png,19.png,"[-228, -54]","[222, 96]","[150, 100]","[-78, 96]","[72, 96]","[222, 246]","[-228, 96]","[-78, 246]","[72, 246]","[-228, 246]","[-78, -204]","[72, -204]","[222, -204]","[100, 100]","[-78, -54]","[72, -54]","[222, -54]","[-228, -204]",1,12,"[100, 100]","[100, 100]",tray,16.png,15.png,18.png,17.png,00.png,tray2.png,00.png,m,"[100, 100]","[100, 100]","[100, 100]","[100, 100]","[100, 100]","[100, 100]","[100, 100]","[100, 100]","[100, 100]","[100, 100]","[100, 100]","[0, -375]",ok.png,"[100, 100]","[100, 100]",178,1,1,1,1,0,0,0,0,0,0,0,2.26038455963,2.260384559631348,0,-82,-82,-194,-194,1,1,0,0,0,0,0,0,0,0.917537987232,0.9175379872322084,0,21,21,-380,-380,90
33.png,32.png,30.png,29.png,00.png,00.png,31.png,27.png,26.png,"[-244, -90]","[206, 60]","[150, 100]","[-94, 60]","[56, 60]","[206, 210]","[-244, 60]","[-94, 210]","[56, 210]","[-244, 210]","[-94, -240]","[56, -240]","[206, -240]","[100, 100]","[-94, -90]","[56, -90]","[206, -90]","[-244, -240]",1,12,"[100, 100]","[100, 100]",tray,00.png,tray2.png,28.png,00.png,22.png,24.png,23.png,m,"[100, 100]","[100, 100]","[100, 100]","[100, 100]","[100, 100]","[100, 100]","[100, 100]","[100, 100]","[100, 100]","[100, 100]","[100, 100]","[0, -375]",ok.png,"[100, 100]","[100, 100]",179,1,1,1,1,0,0,0,0,0,0,0,2.17137956619,2.171379566192627,0,-224,-224,-237,-237,1,1,0,0,0,0,0,0,0,0.572548747063,0.5725487470626831,0,-22,-22,-387,-387,59
00.png,00.png,00.png,00.png,01.png,34.png,33.png,32.png,31.png,"[-235, -70]","[215, 80]","[150, 100]","[-85, 80]","[65, 80]","[215, 230]","[-235, 80]","[-85, 230]","[65, 230]","[-235, 230]","[-85, -220]","[65, -220]","[215, -220]","[100, 100]","[-85, -70]","[65, -70]","[215, -70]","[-235, -220]",1,12,"[100, 100]","[100, 100]",tray,tray2.png,08.png,30.png,29.png,02.png,06.png,04.png,m,"[100, 100]","[100, 100]","[100, 100]","[100, 100]","[100, 100]","[100, 100]","[100, 100]","[100, 100]","[100, 100]","[100, 100]","[100, 100]","[0, -375]",ok.png,"[100, 100]","[100, 100]",180,1,1,1,1,0,0,0,0,0,0,0,0.96337890625,0.96337890625,0,200,200,-86,-86,1,1,0,0,0,0,0,0,0,0.60796391964,0.6079639196395874,0,-7,-7,-375,-375,358
00.png,00.png,23.png,17.png,29.png,09.png,15.png,06.png,00.png,"[-250, -51]","[200, 99]","[150, 100]","[-100, 99]","[50, 99]","[200, 249]","[-250, 99]","[-100, 249]","[50, 249]","[-250, 249]","[-100, -201]","[50, -201]","[200, -201]","[100, 100]","[-100, -51]","[50, -51]","[200, -51]","[-250, -201]",1,12,"[100, 100]","[100, 100]",tray,04.png,27.png,00.png,tray2.png,01.png,07.png,34.png,m,"[100, 100]","[100, 100]","[100, 100]","[100, 100]","[100, 100]","[100, 100]","[100, 100]","[100, 100]","[100, 100]","[100, 100]","[100, 100]","[0, -375]",ok.png,"[100, 100]","[100, 100]",181,1,1,1,1,0,0,0,0,0,0,0,2.65069055557,2.65069055557251,0,64,64,-74,-74,1,1,0,0,0,0,0,0,0,2.21237635612,2.212376356124878,0,21,21,-367,-367,28
17.png,09.png,22.png,06.png,00.png,00.png,14.png,18.png,25.png,"[-227, -99]","[223, 51]","[150, 100]","[-77, 51]","[73, 51]","[223, 201]","[-227, 51]","[-77, 201]","[73, 201]","[-227, 201]","[-77, -249]","[73, -249]","[223, -249]","[100, 100]","[-77, -99]","[73, -99]","[223, -99]","[-227, -249]",1,12,"[100, 100]","[100, 100]",tray,07.png,05.png,tray2.png,03.png,00.png,02.png,00.png,m,"[100, 100]","[100, 100]","[100, 100]","[100, 100]","[100, 100]","[100, 100]","[100, 100]","[100, 100]","[100, 100]","[100, 100]","[100, 100]","[0, -375]",ok.png,"[100, 100]","[100, 100]",182,1,1,1,1,0,0,0,0,0,0,0,1.17082691193,1.17082691192627,0,-86,-86,-99,-99,1,1,0,0,0,0,0,0,0,0.902009189129,0.9020091891288756,0,22,22,-380,-380,421
00.png,33.png,00.png,00.png,31.png,25.png,17.png,30.png,tray2.png,"[-240, -88]","[210, 62]","[150, 100]","[-90, 62]","[60, 62]","[210, 212]","[-240, 62]","[-90, 212]","[60, 212]","[-240, 212]","[-90, -238]","[60, -238]","[210, -238]","[100, 100]","[-90, -88]","[60, -88]","[210, -88]","[-240, -238]",1,12,"[100, 100]","[100, 100]",tray,20.png,07.png,27.png,15.png,00.png,33.png,05.png,m,"[100, 100]","[100, 100]","[100, 100]","[100, 100]","[100, 100]","[100, 100]","[100, 100]","[100, 100]","[100, 100]","[100, 100]","[100, 100]","[0, -375]",ok.png,"[100, 100]","[100, 100]",183,1,1,1,1,0,0,0,0,0,0,0,1.51216471195,1.512164711952209,0,-230,-230,-68,-68,1,1,0,0,0,0,0,0,0,0.758224010468,0.7582240104675293,0,-15,-15,-417,-417,308
33.png,31.png,25.png,21.png,27.png,23.png,29.png,tray2.png,00.png,"[-239, -87]","[211, 63]","[150, 100]","[-89, 63]","[61, 63]","[211, 213]","[-239, 63]","[-89, 213]","[61, 213]","[-239, 213]","[-89, -237]","[61, -237]","[211, -237]","[100, 100]","[-89, -87]","[61, -87]","[211, -87]","[-239, -237]",1,12,"[100, 100]","[100, 100]",tray,00.png,16.png,00.png,00.png,07.png,13.png,10.png,m,"[100, 100]","[100, 100]","[100, 100]","[100, 100]","[100, 100]","[100, 100]","[100, 100]","[100, 100]","[100, 100]","[100, 100]","[100, 100]","[0, -375]",ok.png,"[100, 100]","[100, 100]",184,1,1,1,1,0,0,0,0,0,0,0,1.79026758671,1.790267586708069,0,196,196,77,77,1,1,0,0,0,0,0,0,0,0.562102854252,0.5621028542518616,0,16,16,-370,-370,377
00.png,00.png,00.png,00.png,26.png,24.png,tray2.png,22.png,20.png,"[-230, -94]","[220, 56]","[150, 100]","[-80, 56]","[70, 56]","[220, 206]","[-230, 56]","[-80, 206]","[70, 206]","[-230, 206]","[-80, -244]","[70, -244]","[220, -244]","[100, 100]","[-80, -94]","[70, -94]","[220, -94]","[-230, -244]",1,12,"[100, 100]","[100, 100]",tray,14.png,03.png,18.png,16.png,09.png,05.png,07.png,m,"[100, 100]","[100, 100]","[100, 100]","[100, 100]","[100, 100]","[100, 100]","[100, 100]","[100, 100]","[100, 100]","[100, 100]","[100, 100]","[0, -375]",ok.png,"[100, 100]","[100, 100]",185,1,1,1,1,0,0,0,0,0,0,0,1.27798581123,1.277985811233521,0,88,88,72,72,1,1,0,0,0,0,0,0,0,0.684656441212,0.6846564412117004,0,35,35,-343,-343,260
00.png,00.png,27.png,24.png,21.png,tray2.png,19.png,16.png,32.png,"[-207, -50]","[243, 100]","[150, 100]","[-57, 100]","[93, 100]","[243, 250]","[-207, 100]","[-57, 250]","[93, 250]","[-207, 250]","[-57, -200]","[93, -200]","[243, -200]","[100, 100]","[-57, -50]","[93, -50]","[243, -50]","[-207, -200]",1,12,"[100, 100]","[100, 100]",tray,13.png,31.png,34.png,10.png,00.png,33.png,00.png,m,"[100, 100]","[100, 100]","[100, 100]","[100, 100]","[100, 100]","[100, 100]","[100, 100]","[100, 100]","[100, 100]","[100, 100]","[100, 100]","[0, -375]",ok.png,"[100, 100]","[100, 100]",186,1,1,1,1,0,0,0,0,0,0,0,1.44938719273,1.449387192726135,0,-54,-54,107,107,1,1,0,0,0,0,0,0,0,0.938468515873,0.9384685158729552,0,-7,-7,-347,-347,314
34.png,27.png,00.png,00.png,tray2.png,11.png,16.png,21.png,17.png,"[-210, -82]","[240, 68]","[150, 100]","[-60, 68]","[90, 68]","[240, 218]","[-210, 68]","[-60, 218]","[90, 218]","[-210, 218]","[-60, -232]","[90, -232]","[240, -232]","[100, 100]","[-60, -82]","[90, -82]","[240, -82]","[-210, -232]",1,12,"[100, 100]","[100, 100]",tray,00.png,25.png,04.png,00.png,10.png,20.png,15.png,m,"[100, 100]","[100, 100]","[100, 100]","[100, 100]","[100, 100]","[100, 100]","[100, 100]","[100, 100]","[100, 100]","[100, 100]","[100, 100]","[0, -375]",ok.png,"[100, 100]","[100, 100]",187,1,1,1,1,0,0,0,0,0,0,0,1.0615478754,1.061547875404358,0,-189,-189,86,86,1,1,0,0,0,0,0,0,0,1.6875692606,1.687569260597229,0,24,24,-352,-352,415
04.png,02.png,05.png,tray2.png,08.png,07.png,01.png,03.png,00.png,"[-248, -61]","[202, 89]","[150, 100]","[-98, 89]","[52, 89]","[202, 239]","[-248, 89]","[-98, 239]","[52, 239]","[-248, 239]","[-98, -211]","[52, -211]","[202, -211]","[100, 100]","[-98, -61]","[52, -61]","[202, -61]","[-248, -211]",1,12,"[100, 100]","[100, 100]",tray,28.png,24.png,00.png,32.png,00.png,20.png,00.png,m,"[100, 100]","[100, 100]","[100, 100]","[100, 100]","[100, 100]","[100, 100]","[100, 100]","[100, 100]","[100, 100]","[100, 100]","[100, 100]","[0, -375]",ok.png,"[100, 100]","[100, 100]",188,1,1,1,1,0,0,0,0,0,0,0,0.931513547897,0.9315135478973388,0,197,197,241,241,1,1,0,0,0,0,0,0,0,1.84345793724,1.843457937240601,0,31,31,-368,-368,389
01.png,12.png,tray2.png,23.png,00.png,00.png,28.png,13.png,08.png,"[-207, -67]","[243, 83]","[150, 100]","[-57, 83]","[93, 83]","[243, 233]","[-207, 83]","[-57, 233]","[93, 233]","[-207, 233]","[-57, -217]","[93, -217]","[243, -217]","[100, 100]","[-57, -67]","[93, -67]","[243, -67]","[-207, -217]",1,12,"[100, 100]","[100, 100]",tray,00.png,16.png,33.png,03.png,29.png,06.png,00.png,m,"[100, 100]","[100, 100]","[100, 100]","[100, 100]","[100, 100]","[100, 100]","[100, 100]","[100, 100]","[100, 100]","[100, 100]","[100, 100]","[0, -375]",ok.png,"[100, 100]","[100, 100]",189,1,1,1,1,0,0,0,0,0,0,0,3.04157400131,3.041574001312256,0,115,115,249,249,1,1,0,0,0,0,0,0,0,0.624589204788,0.624589204788208,0,0,0,-363,-363,78
00.png,tray2.png,03.png,07.png,13.png,17.png,23.png,27.png,33.png,"[-248, -98]","[202, 52]","[150, 100]","[-98, 52]","[52, 52]","[202, 202]","[-248, 52]","[-98, 202]","[52, 202]","[-248, 202]","[-98, -248]","[52, -248]","[202, -248]","[100, 100]","[-98, -98]","[52, -98]","[202, -98]","[-248, -248]",1,12,"[100, 100]","[100, 100]",tray,14.png,16.png,04.png,06.png,00.png,00.png,00.png,m,"[100, 100]","[100, 100]","[100, 100]","[100, 100]","[100, 100]","[100, 100]","[100, 100]","[100, 100]","[100, 100]","[100, 100]","[100, 100]","[0, -375]",ok.png,"[100, 100]","[100, 100]",190,1,1,1,1,0,0,0,0,0,0,0,1.18335604668,1.183356046676636,0,-81,-81,200,200,1,1,0,0,0,0,0,0,0,1.54140388966,1.541403889656067,0,6,6,-376,-376,20
tray2.png,17.png,07.png,14.png,00.png,00.png,23.png,24.png,04.png,"[-213, -83]","[237, 67]","[150, 100]","[-63, 67]","[87, 67]","[237, 217]","[-213, 67]","[-63, 217]","[87, 217]","[-213, 217]","[-63, -233]","[87, -233]","[237, -233]","[100, 100]","[-63, -83]","[87, -83]","[237, -83]","[-213, -233]",1,12,"[100, 100]","[100, 100]",tray,00.png,02.png,03.png,00.png,04.png,30.png,20.png,m,"[100, 100]","[100, 100]","[100, 100]","[100, 100]","[100, 100]","[100, 100]","[100, 100]","[100, 100]","[100, 100]","[100, 100]","[100, 100]","[0, -375]",ok.png,"[100, 100]","[100, 100]",191,1,1,1,1,0,0,0,0,0,0,0,1.06153082848,1.061530828475952,0,-214,-214,240,240,1,1,0,0,0,0,0,0,0,0.870872914791,0.8708729147911072,0,-23,-23,-391,-391,181
18.png,tray2.png,04.png,00.png,00.png,16.png,22.png,12.png,11.png,"[-217, -100]","[233, 50]","[150, 100]","[-67, 50]","[83, 50]","[233, 200]","[-217, 50]","[-67, 200]","[83, 200]","[-217, 200]","[-67, -250]","[83, -250]","[233, -250]","[100, 100]","[-67, -100]","[83, -100]","[233, -100]","[-217, -250]",1,12,"[100, 100]","[100, 100]",tray,00.png,00.png,32.png,02.png,03.png,29.png,19.png,m,"[100, 100]","[100, 100]","[100, 100]","[100, 100]","[100, 100]","[100, 100]","[100, 100]","[100, 100]","[100, 100]","[100, 100]","[100, 100]","[0, -375]",ok.png,"[100, 100]","[100, 100]",192,1,1,1,1,0,0,0,0,0,0,0,1.11781656742,1.117816567420959,0,-43,-43,195,195,1,1,0,0,0,0,0,0,0,2.18547344208,2.185473442077637,0,45,45,-389,-389,140
15.png,08.png,tray2.png,03.png,25.png,28.png,27.png,00.png,00.png,"[-210, -99]","[240, 51]","[150, 100]","[-60, 51]","[90, 51]","[240, 201]","[-210, 51]","[-60, 201]","[90, 201]","[-210, 201]","[-60, -249]","[90, -249]","[240, -249]","[100, 100]","[-60, -99]","[90, -99]","[240, -99]","[-210, -249]",1,12,"[100, 100]","[100, 100]",tray,21.png,05.png,00.png,00.png,16.png,11.png,13.png,m,"[100, 100]","[100, 100]","[100, 100]","[100, 100]","[100, 100]","[100, 100]","[100, 100]","[100, 100]","[100, 100]","[100, 100]","[100, 100]","[0, -375]",ok.png,"[100, 100]","[100, 100]",193,1,1,1,1,0,0,0,0,0,0,0,1.29241335392,1.292413353919983,0,77,77,195,195,1,1,0,0,0,0,0,0,0,1.07578420639,1.075784206390381,0,-23,-23,-395,-395,192
00.png,07.png,14.png,tray2.png,23.png,00.png,09.png,29.png,28.png,"[-227, -50]","[223, 100]","[150, 100]","[-77, 100]","[73, 100]","[223, 250]","[-227, 100]","[-77, 250]","[73, 250]","[-227, 250]","[-77, -200]","[73, -200]","[223, -200]","[100, 100]","[-77, -50]","[73, -50]","[223, -50]","[-227, -200]",1,12,"[100, 100]","[100, 100]",tray,00.png,17.png,16.png,00.png,06.png,15.png,21.png,m,"[100, 100]","[100, 100]","[100, 100]","[100, 100]","[100, 100]","[100, 100]","[100, 100]","[100, 100]","[100, 100]","[100, 100]","[100, 100]","[0, -375]",ok.png,"[100, 100]","[100, 100]",194,1,1,1,1,0,0,0,0,0,0,0,3.06853914261,3.068539142608643,0,240,240,245,245,1,1,0,0,0,0,0,0,0,0.829577088356,0.8295770883560181,0,33,33,-359,-359,289
00.png,32.png,21.png,31.png,tray2.png,08.png,30.png,15.png,34.png,"[-238, -62]","[212, 88]","[150, 100]","[-88, 88]","[62, 88]","[212, 238]","[-238, 88]","[-88, 238]","[62, 238]","[-238, 238]","[-88, -212]","[62, -212]","[212, -212]","[100, 100]","[-88, -62]","[62, -62]","[212, -62]","[-238, -212]",1,12,"[100, 100]","[100, 100]",tray,12.png,28.png,00.png,00.png,00.png,01.png,11.png,m,"[100, 100]","[100, 100]","[100, 100]","[100, 100]","[100, 100]","[100, 100]","[100, 100]","[100, 100]","[100, 100]","[100, 100]","[100, 100]","[0, -375]",ok.png,"[100, 100]","[100, 100]",195,1,1,1,1,0,0,0,0,0,0,0,1.96413874626,1.964138746261597,0,-220,-220,72,72,1,1,0,0,0,0,0,0,0,1.67378973961,1.673789739608765,0,-10,-10,-378,-378,439
00.png,00.png,16.png,13.png,10.png,tray2.png,09.png,07.png,27.png,"[-249, -99]","[201, 51]","[150, 100]","[-99, 51]","[51, 51]","[201, 201]","[-249, 51]","[-99, 201]","[51, 201]","[-249, 201]","[-99, -249]","[51, -249]","[201, -249]","[100, 100]","[-99, -99]","[51, -99]","[201, -99]","[-249, -249]",1,12,"[100, 100]","[100, 100]",tray,32.png,04.png,24.png,31.png,00.png,12.png,00.png,m,"[100, 100]","[100, 100]","[100, 100]","[100, 100]","[100, 100]","[100, 100]","[100, 100]","[100, 100]","[100, 100]","[100, 100]","[100, 100]","[0, -375]",ok.png,"[100, 100]","[100, 100]",196,1,1,1,1,0,0,0,0,0,0,0,1.05637848377,1.056378483772278,0,-93,-93,41,41,1,1,0,0,0,0,0,0,0,1.46678948402,1.466789484024048,0,22,22,-412,-412,14
30.png,00.png,20.png,34.png,10.png,07.png,tray2.png,01.png,00.png,"[-228, -59]","[222, 91]","[150, 100]","[-78, 91]","[72, 91]","[222, 241]","[-228, 91]","[-78, 241]","[72, 241]","[-228, 241]","[-78, -209]","[72, -209]","[222, -209]","[100, 100]","[-78, -59]","[72, -59]","[222, -59]","[-228, -209]",1,12,"[100, 100]","[100, 100]",tray,33.png,12.png,05.png,19.png,00.png,25.png,00.png,m,"[100, 100]","[100, 100]","[100, 100]","[100, 100]","[100, 100]","[100, 100]","[100, 100]","[100, 100]","[100, 100]","[100, 100]","[100, 100]","[0, -375]",ok.png,"[100, 100]","[100, 100]",197,1,1,1,1,0,0,0,0,0,0,0,1.50664699078,1.506646990776062,0,71,71,104,104,1,1,0,0,0,0,0,0,0,1.00190973282,1.001909732818604,0,1,1,-373,-373,323
00.png,00.png,24.png,26.png,30.png,04.png,02.png,tray2.png,09.png,"[-246, -74]","[204, 76]","[150, 100]","[-96, 76]","[54, 76]","[204, 226]","[-246, 76]","[-96, 226]","[54, 226]","[-246, 226]","[-96, -224]","[54, -224]","[204, -224]","[100, 100]","[-96, -74]","[54, -74]","[204, -74]","[-246, -224]",1,12,"[100, 100]","[100, 100]",tray,00.png,18.png,00.png,14.png,11.png,17.png,13.png,m,"[100, 100]","[100, 100]","[100, 100]","[100, 100]","[100, 100]","[100, 100]","[100, 100]","[100, 100]","[100, 100]","[100, 100]","[100, 100]","[0, -375]",ok.png,"[100, 100]","[100, 100]",198,1,1,1,1,0,0,0,0,0,0,0,1.00824546814,1.008245468139648,0,203,203,59,59,1,1,0,0,0,0,0,0,0,1.12883114815,1.128831148147583,0,35,35,-383,-383,262
19.png,03.png,00.png,09.png,30.png,00.png,31.png,18.png,tray2.png,"[-227, -85]","[223, 65]","[150, 100]","[-77, 65]","[73, 65]","[223, 215]","[-227, 65]","[-77, 215]","[73, 215]","[-227, 215]","[-77, -235]","[73, -235]","[223, -235]","[100, 100]","[-77, -85]","[73, -85]","[223, -85]","[-227, -235]",1,12,"[100, 100]","[100, 100]",tray,11.png,20.png,00.png,07.png,00.png,10.png,14.png,m,"[100, 100]","[100, 100]","[100, 100]","[100, 100]","[100, 100]","[100, 100]","[100, 100]","[100, 100]","[100, 100]","[100, 100]","[100, 100]","[0, -375]",ok.png,"[100, 100]","[100, 100]",199,1,1,1,1,0,0,0,0,0,0,0,1.04637396336,1.046373963356018,0,-230,-230,-83,-83,1,1,0,0,0,0,0,0,0,2.41982531548,2.419825315475464,0,-2,-2,-372,-372,294
26.png,29.png,32.png,19.png,00.png,14.png,00.png,33.png,00.png,"[-216, -92]","[234, 58]","[150, 100]","[-66, 58]","[84, 58]","[234, 208]","[-216, 58]","[-66, 208]","[84, 208]","[-216, 208]","[-66, -242]","[84, -242]","[234, -242]","[100, 100]","[-66, -92]","[84, -92]","[234, -92]","[-216, -242]",1,12,"[100, 100]","[100, 100]",tray,23.png,00.png,tray2.png,21.png,31.png,13.png,03.png,m,"[100, 100]","[100, 100]","[100, 100]","[100, 100]","[100, 100]","[100, 100]","[100, 100]","[100, 100]","[100, 100]","[100, 100]","[100, 100]","[0, -375]",ok.png,"[100, 100]","[100, 100]",200,1,1,1,1,0,0,0,0,0,0,0,2.92804884911,2.928048849105835,0,-53,-53,-75,-75,1,1,0,0,0,0,0,0,0,0.685631155968,0.6856311559677124,0,7,7,-361,-361,393
dots1.png,01.png,02.png,03.png,04.png,05.png,06.png,07.png,08.png,"[-249, -75]","[201, 75]","[150, 100]","[-99, 75]","[51, 75]","[201, 225]","[-249, 75]","[-99, 225]","[51, 225]","[-249, 225]","[-99, -225]","[51, -225]","[201, -225]","[100, 100]","[-99, -75]","[51, -75]","[201, -75]","[-249, -225]",1,12,"[100, 100]","[100, 100]",dots,11.png,00.png,09.png,10.png,00.png,00.png,00.png,m,"[100, 100]","[100, 100]","[100, 100]","[100, 100]","[100, 100]","[100, 100]","[100, 100]","[100, 100]","[100, 100]","[100, 100]","[100, 100]","[0, -375]",ok.png,"[100, 100]","[100, 100]",201,2,1,1,1,0,0,0,0,0,0,0,1.07086551189,1.070865511894226,0,-255,-255,216,216,1,1,0,0,0,0,0,0,0,1.0288926363,1.028892636299133,0,-6,-6,-370,-370,331
08.png,dots1.png,09.png,00.png,10.png,11.png,12.png,13.png,00.png,"[-230, -51]","[220, 99]","[150, 100]","[-80, 99]","[70, 99]","[220, 249]","[-230, 99]","[-80, 249]","[70, 249]","[-230, 249]","[-80, -201]","[70, -201]","[220, -201]","[100, 100]","[-80, -51]","[70, -51]","[220, -51]","[-230, -201]",1,12,"[100, 100]","[100, 100]",dots,33.png,32.png,14.png,34.png,00.png,31.png,00.png,m,"[100, 100]","[100, 100]","[100, 100]","[100, 100]","[100, 100]","[100, 100]","[100, 100]","[100, 100]","[100, 100]","[100, 100]","[100, 100]","[0, -375]",ok.png,"[100, 100]","[100, 100]",202,2,1,1,1,0,0,0,0,0,0,0,1.85440778732,1.854407787322998,0,-90,-90,230,230,1,1,0,0,0,0,0,0,0,0.669757843018,0.6697578430175781,0,14,14,-355,-355,74
00.png,00.png,dots1.png,15.png,16.png,17.png,18.png,19.png,20.png,"[-213, -56]","[237, 94]","[150, 100]","[-63, 94]","[87, 94]","[237, 244]","[-213, 94]","[-63, 244]","[87, 244]","[-213, 244]","[-63, -206]","[87, -206]","[237, -206]","[100, 100]","[-63, -56]","[87, -56]","[237, -56]","[-213, -206]",1,12,"[100, 100]","[100, 100]",dots,23.png,24.png,21.png,22.png,00.png,25.png,00.png,m,"[100, 100]","[100, 100]","[100, 100]","[100, 100]","[100, 100]","[100, 100]","[100, 100]","[100, 100]","[100, 100]","[100, 100]","[100, 100]","[0, -375]",ok.png,"[100, 100]","[100, 100]",203,2,1,1,1,0,0,0,0,0,0,0,1.42048978806,1.42048978805542,0,96,96,229,229,1,1,0,0,0,0,0,0,0,1.76652789116,1.766527891159058,0,21,21,-376,-376,75
22.png,23.png,24.png,dots1.png,00.png,00.png,25.png,26.png,00.png,"[-209, -76]","[241, 74]","[150, 100]","[-59, 74]","[91, 74]","[241, 224]","[-209, 74]","[-59, 224]","[91, 224]","[-209, 224]","[-59, -226]","[91, -226]","[241, -226]","[100, 100]","[-59, -76]","[91, -76]","[241, -76]","[-209, -226]",1,12,"[100, 100]","[100, 100]",dots,28.png,29.png,00.png,27.png,32.png,30.png,31.png,m,"[100, 100]","[100, 100]","[100, 100]","[100, 100]","[100, 100]","[100, 100]","[100, 100]","[100, 100]","[100, 100]","[100, 100]","[100, 100]","[0, -375]",ok.png,"[100, 100]","[100, 100]",204,2,1,1,1,0,0,0,0,0,0,0,2.68317699432,2.68317699432373,0,217,217,232,232,1,1,0,0,0,0,0,0,0,0.9659704566,0.9659704566001892,0,-1,-1,-373,-373,275
02.png,04.png,06.png,08.png,dots1.png,29.png,30.png,31.png,32.png,"[-244, -72]","[206, 78]","[150, 100]","[-94, 78]","[56, 78]","[206, 228]","[-244, 78]","[-94, 228]","[56, 228]","[-244, 228]","[-94, -222]","[56, -222]","[206, -222]","[100, 100]","[-94, -72]","[56, -72]","[206, -72]","[-244, -222]",1,12,"[100, 100]","[100, 100]",dots,01.png,00.png,33.png,34.png,00.png,00.png,00.png,m,"[100, 100]","[100, 100]","[100, 100]","[100, 100]","[100, 100]","[100, 100]","[100, 100]","[100, 100]","[100, 100]","[100, 100]","[100, 100]","[0, -375]",ok.png,"[100, 100]","[100, 100]",205,2,1,1,1,0,0,0,0,0,0,0,1.55530595779,1.555305957794189,0,-218,-218,79,79,1,1,0,0,0,0,0,0,0,0.904112875462,0.9041128754615784,0,-17,-17,-380,-380,114
01.png,34.png,07.png,27.png,04.png,dots1.png,00.png,00.png,06.png,"[-227, -91]","[223, 59]","[150, 100]","[-77, 59]","[73, 59]","[223, 209]","[-227, 59]","[-77, 209]","[73, 209]","[-227, 209]","[-77, -241]","[73, -241]","[223, -241]","[100, 100]","[-77, -91]","[73, -91]","[223, -91]","[-227, -241]",1,12,"[100, 100]","[100, 100]",dots,29.png,17.png,15.png,09.png,00.png,23.png,00.png,m,"[100, 100]","[100, 100]","[100, 100]","[100, 100]","[100, 100]","[100, 100]","[100, 100]","[100, 100]","[100, 100]","[100, 100]","[100, 100]","[0, -375]",ok.png,"[100, 100]","[100, 100]",206,2,1,1,1,0,0,0,0,0,0,0,1.19618546963,1.19618546962738,0,-94,-94,61,61,1,1,0,0,0,0,0,0,0,1.29392004013,1.293920040130615,0,32,32,-400,-400,264
00.png,00.png,02.png,05.png,07.png,03.png,dots1.png,25.png,18.png,"[-215, -68]","[235, 82]","[150, 100]","[-65, 82]","[85, 82]","[235, 232]","[-215, 82]","[-65, 232]","[85, 232]","[-215, 232]","[-65, -218]","[85, -218]","[235, -218]","[100, 100]","[-65, -68]","[85, -68]","[235, -68]","[-215, -218]",1,12,"[100, 100]","[100, 100]",dots,00.png,06.png,14.png,00.png,17.png,22.png,09.png,m,"[100, 100]","[100, 100]","[100, 100]","[100, 100]","[100, 100]","[100, 100]","[100, 100]","[100, 100]","[100, 100]","[100, 100]","[100, 100]","[0, -375]",ok.png,"[100, 100]","[100, 100]",207,2,1,1,1,0,0,0,0,0,0,0,1.3715596199,1.371559619903564,0,84,84,78,78,1,1,0,0,0,0,0,0,0,1.35651934147,1.356519341468811,0,25,25,-346,-346,46
00.png,05.png,33.png,07.png,20.png,15.png,27.png,dots1.png,30.png,"[-216, -80]","[234, 70]","[150, 100]","[-66, 70]","[84, 70]","[234, 220]","[-216, 70]","[-66, 220]","[84, 220]","[-216, 220]","[-66, -230]","[84, -230]","[234, -230]","[100, 100]","[-66, -80]","[84, -80]","[234, -80]","[-216, -230]",1,12,"[100, 100]","[100, 100]",dots,31.png,00.png,17.png,25.png,00.png,00.png,33.png,m,"[100, 100]","[100, 100]","[100, 100]","[100, 100]","[100, 100]","[100, 100]","[100, 100]","[100, 100]","[100, 100]","[100, 100]","[100, 100]","[0, -375]",ok.png,"[100, 100]","[100, 100]",208,2,1,1,1,0,0,0,0,0,0,0,2.33344435692,2.333444356918335,0,241,241,74,74,1,1,0,0,0,0,0,0,0,0.753373801708,0.7533738017082214,0,19,19,-396,-396,254
07.png,10.png,13.png,16.png,00.png,00.png,00.png,00.png,dots1.png,"[-241, -73]","[209, 77]","[150, 100]","[-91, 77]","[59, 77]","[209, 227]","[-241, 77]","[-91, 227]","[59, 227]","[-241, 227]","[-91, -223]","[59, -223]","[209, -223]","[100, 100]","[-91, -73]","[59, -73]","[209, -73]","[-241, -223]",1,12,"[100, 100]","[100, 100]",dots,27.png,21.png,29.png,23.png,33.png,25.png,31.png,m,"[100, 100]","[100, 100]","[100, 100]","[100, 100]","[100, 100]","[100, 100]","[100, 100]","[100, 100]","[100, 100]","[100, 100]","[100, 100]","[0, -375]",ok.png,"[100, 100]","[100, 100]",209,2,1,1,1,0,0,0,0,0,0,0,1.27586746216,1.275867462158203,0,-222,-222,-106,-106,1,1,0,0,0,0,0,0,0,1.7620677948,1.762067794799805,0,26,26,-362,-362,147
09.png,07.png,05.png,03.png,14.png,16.png,18.png,20.png,22.png,"[-200, -64]","[250, 86]","[150, 100]","[-50, 86]","[100, 86]","[250, 236]","[-200, 86]","[-50, 236]","[100, 236]","[-200, 236]","[-50, -214]","[100, -214]","[250, -214]","[100, 100]","[-50, -64]","[100, -64]","[250, -64]","[-200, -214]",1,12,"[100, 100]","[100, 100]",dots,26.png,00.png,dots1.png,24.png,00.png,00.png,00.png,m,"[100, 100]","[100, 100]","[100, 100]","[100, 100]","[100, 100]","[100, 100]","[100, 100]","[100, 100]","[100, 100]","[100, 100]","[100, 100]","[0, -375]",ok.png,"[100, 100]","[100, 100]",210,2,1,1,1,0,0,0,0,0,0,0,1.27672076225,1.276720762252808,0,-20,-20,-60,-60,1,1,0,0,0,0,0,0,0,1.42117440701,1.42117440700531,0,14,14,-380,-380,135
00.png,00.png,33.png,31.png,13.png,10.png,34.png,32.png,16.png,"[-221, -59]","[229, 91]","[150, 100]","[-71, 91]","[79, 91]","[229, 241]","[-221, 91]","[-71, 241]","[79, 241]","[-221, 241]","[-71, -209]","[79, -209]","[229, -209]","[100, 100]","[-71, -59]","[79, -59]","[229, -59]","[-221, -209]",1,12,"[100, 100]","[100, 100]",dots,21.png,24.png,19.png,dots1.png,00.png,27.png,00.png,m,"[100, 100]","[100, 100]","[100, 100]","[100, 100]","[100, 100]","[100, 100]","[100, 100]","[100, 100]","[100, 100]","[100, 100]","[100, 100]","[0, -375]",ok.png,"[100, 100]","[100, 100]",211,2,1,1,1,0,0,0,0,0,0,0,1.07738292217,1.077382922172546,0,61,61,-61,-61,1,1,0,0,0,0,0,0,0,0.966451466084,0.9664514660835266,0,-28,-28,-373,-373,350
10.png,15.png,20.png,25.png,00.png,00.png,04.png,17.png,21.png,"[-248, -56]","[202, 94]","[150, 100]","[-98, 94]","[52, 94]","[202, 244]","[-248, 94]","[-98, 244]","[52, 244]","[-248, 244]","[-98, -206]","[52, -206]","[202, -206]","[100, 100]","[-98, -56]","[52, -56]","[202, -56]","[-248, -206]",1,12,"[100, 100]","[100, 100]",dots,dots1.png,00.png,16.png,11.png,34.png,00.png,27.png,m,"[100, 100]","[100, 100]","[100, 100]","[100, 100]","[100, 100]","[100, 100]","[100, 100]","[100, 100]","[100, 100]","[100, 100]","[100, 100]","[0, -375]",ok.png,"[100, 100]","[100, 100]",212,2,1,1,1,0,0,0,0,0,0,0,1.18315351009,1.183153510093689,0,184,184,-71,-71,1,1,0,0,0,0,0,0,0,1.15263545513,1.152635455131531,0,30,30,-353,-353,273
00.png,00.png,20.png,24.png,28.png,32.png,00.png,00.png,03.png,"[-241, -56]","[209, 94]","[150, 100]","[-91, 94]","[59, 94]","[209, 244]","[-241, 94]","[-91, 244]","[59, 244]","[-241, 244]","[-91, -206]","[59, -206]","[209, -206]","[100, 100]","[-91, -56]","[59, -56]","[209, -56]","[-241, -206]",1,12,"[100, 100]","[100, 100]",dots,08.png,dots1.png,01.png,07.png,04.png,05.png,02.png,m,"[100, 100]","[100, 100]","[100, 100]","[100, 100]","[100, 100]","[100, 100]","[100, 100]","[100, 100]","[100, 100]","[100, 100]","[100, 100]","[0, -375]",ok.png,"[100, 100]","[100, 100]",213,2,1,1,1,0,0,0,0,0,0,0,1.63463962078,1.634639620780945,0,-241,-241,-214,-214,1,1,0,0,0,0,0,0,0,0.752169191837,0.7521691918373108,0,15,15,-362,-362,197
29.png,00.png,06.png,16.png,00.png,03.png,33.png,08.png,13.png,"[-225, -58]","[225, 92]","[150, 100]","[-75, 92]","[75, 92]","[225, 242]","[-225, 92]","[-75, 242]","[75, 242]","[-225, 242]","[-75, -208]","[75, -208]","[225, -208]","[100, 100]","[-75, -58]","[75, -58]","[225, -58]","[-225, -208]",1,12,"[100, 100]","[100, 100]",dots,00.png,23.png,28.png,00.png,01.png,dots1.png,12.png,m,"[100, 100]","[100, 100]","[100, 100]","[100, 100]","[100, 100]","[100, 100]","[100, 100]","[100, 100]","[100, 100]","[100, 100]","[100, 100]","[0, -375]",ok.png,"[100, 100]","[100, 100]",214,2,1,1,1,0,0,0,0,0,0,0,1.60133266449,1.601332664489746,0,-84,-84,-186,-186,1,1,0,0,0,0,0,0,0,1.20484483242,1.204844832420349,0,-28,-28,-382,-382,303
00.png,00.png,00.png,16.png,14.png,06.png,04.png,33.png,27.png,"[-220, -99]","[230, 51]","[150, 100]","[-70, 51]","[80, 51]","[230, 201]","[-220, 51]","[-70, 201]","[80, 201]","[-220, 201]","[-70, -249]","[80, -249]","[230, -249]","[100, 100]","[-70, -99]","[80, -99]","[230, -99]","[-220, -249]",1,12,"[100, 100]","[100, 100]",dots,13.png,07.png,23.png,17.png,00.png,03.png,dots1.png,m,"[100, 100]","[100, 100]","[100, 100]","[100, 100]","[100, 100]","[100, 100]","[100, 100]","[100, 100]","[100, 100]","[100, 100]","[100, 100]","[0, -375]",ok.png,"[100, 100]","[100, 100]",215,2,1,1,1,0,0,0,0,0,0,0,1.6857881546,1.685788154602051,0,87,87,-234,-234,1,1,0,0,0,0,0,0,0,1.30823266506,1.308232665061951,0,10,10,-368,-368,392
04.png,20.png,30.png,02.png,00.png,00.png,03.png,04.png,24.png,"[-244, -51]","[206, 99]","[150, 100]","[-94, 99]","[56, 99]","[206, 249]","[-244, 99]","[-94, 249]","[56, 249]","[-244, 249]","[-94, -201]","[56, -201]","[206, -201]","[100, 100]","[-94, -51]","[56, -51]","[206, -51]","[-244, -201]",1,12,"[100, 100]","[100, 100]",dots,00.png,14.png,23.png,00.png,dots1.png,07.png,17.png,m,"[100, 100]","[100, 100]","[100, 100]","[100, 100]","[100, 100]","[100, 100]","[100, 100]","[100, 100]","[100, 100]","[100, 100]","[100, 100]","[0, -375]",ok.png,"[100, 100]","[100, 100]",216,2,1,1,1,0,0,0,0,0,0,0,1.20103061199,1.201030611991882,0,245,245,-175,-175,1,1,0,0,0,0,0,0,0,1.09118747711,1.091187477111816,0,3,3,-355,-355,267
03.png,19.png,29.png,00.png,00.png,02.png,32.png,11.png,12.png,"[-204, -88]","[246, 62]","[150, 100]","[-54, 62]","[96, 62]","[246, 212]","[-204, 62]","[-54, 212]","[96, 212]","[-204, 212]","[-54, -238]","[96, -238]","[246, -238]","[100, 100]","[-54, -88]","[96, -88]","[246, -88]","[-204, -238]",1,12,"[100, 100]","[100, 100]",dots,00.png,00.png,22.png,16.png,18.png,04.png,dots1.png,m,"[100, 100]","[100, 100]","[100, 100]","[100, 100]","[100, 100]","[100, 100]","[100, 100]","[100, 100]","[100, 100]","[100, 100]","[100, 100]","[0, -375]",ok.png,"[100, 100]","[100, 100]",217,2,1,1,1,0,0,0,0,0,0,0,1.26638901234,1.266389012336731,0,75,75,-230,-230,1,1,0,0,0,0,0,0,0,0.965715229511,0.965715229511261,0,16,16,-379,-379,42
16.png,13.png,11.png,05.png,21.png,00.png,00.png,00.png,00.png,"[-202, -90]","[248, 60]","[150, 100]","[-52, 60]","[98, 60]","[248, 210]","[-202, 60]","[-52, 210]","[98, 210]","[-202, 210]","[-52, -240]","[98, -240]","[248, -240]","[100, 100]","[-52, -90]","[98, -90]","[248, -90]","[-202, -240]",1,12,"[100, 100]","[100, 100]",dots,25.png,03.png,27.png,28.png,15.png,dots1.png,08.png,m,"[100, 100]","[100, 100]","[100, 100]","[100, 100]","[100, 100]","[100, 100]","[100, 100]","[100, 100]","[100, 100]","[100, 100]","[100, 100]","[0, -375]",ok.png,"[100, 100]","[100, 100]",218,2,1,1,1,0,0,0,0,0,0,0,2.24106407166,2.241064071655273,0,-40,-40,-244,-244,1,1,0,0,0,0,0,0,0,1.13512265682,1.135122656822205,0,23,23,-383,-383,94
06.png,21.png,15.png,17.png,00.png,00.png,16.png,28.png,29.png,"[-234, -57]","[216, 93]","[150, 100]","[-84, 93]","[66, 93]","[216, 243]","[-234, 93]","[-84, 243]","[66, 243]","[-234, 243]","[-84, -207]","[66, -207]","[216, -207]","[100, 100]","[-84, -57]","[66, -57]","[216, -57]","[-234, -207]",1,12,"[100, 100]","[100, 100]",dots,23.png,dots1.png,09.png,00.png,00.png,14.png,07.png,m,"[100, 100]","[100, 100]","[100, 100]","[100, 100]","[100, 100]","[100, 100]","[100, 100]","[100, 100]","[100, 100]","[100, 100]","[100, 100]","[0, -375]",ok.png,"[100, 100]","[100, 100]",219,2,1,1,1,0,0,0,0,0,0,0,1.30692636967,1.306926369667053,0,-228,-228,-201,-201,1,1,0,0,0,0,0,0,0,0.937387049198,0.9373870491981506,0,-19,-19,-367,-367,385
00.png,11.png,01.png,28.png,12.png,00.png,00.png,34.png,15.png,"[-211, -80]","[239, 70]","[150, 100]","[-61, 70]","[89, 70]","[239, 220]","[-211, 70]","[-61, 220]","[89, 220]","[-211, 220]","[-61, -230]","[89, -230]","[239, -230]","[100, 100]","[-61, -80]","[89, -80]","[239, -80]","[-211, -230]",1,12,"[100, 100]","[100, 100]",dots,dots1.png,31.png,30.png,08.png,00.png,21.png,32.png,m,"[100, 100]","[100, 100]","[100, 100]","[100, 100]","[100, 100]","[100, 100]","[100, 100]","[100, 100]","[100, 100]","[100, 100]","[100, 100]","[0, -375]",ok.png,"[100, 100]","[100, 100]",220,2,1,1,1,0,0,0,0,0,0,0,2.40089797974,2.400897979736328,0,237,237,-85,-85,1,1,0,0,0,0,0,0,0,0.654476761818,0.6544767618179321,0,-10,-10,-337,-337,287
00.png,00.png,12.png,04.png,32.png,31.png,24.png,27.png,07.png,"[-248, -75]","[202, 75]","[150, 100]","[-98, 75]","[52, 75]","[202, 225]","[-248, 75]","[-98, 225]","[52, 225]","[-248, 225]","[-98, -225]","[52, -225]","[202, -225]","[100, 100]","[-98, -75]","[52, -75]","[202, -75]","[-248, -225]",1,12,"[100, 100]","[100, 100]",dots,10.png,13.png,09.png,dots1.png,00.png,16.png,00.png,m,"[100, 100]","[100, 100]","[100, 100]","[100, 100]","[100, 100]","[100, 100]","[100, 100]","[100, 100]","[100, 100]","[100, 100]","[100, 100]","[0, -375]",ok.png,"[100, 100]","[100, 100]",221,2,1,1,1,0,0,0,0,0,0,0,1.84860265255,1.848602652549744,0,46,46,-54,-54,1,1,0,0,0,0,0,0,0,1.29736483097,1.297364830970764,0,2,2,-381,-381,335
00.png,00.png,25.png,12.png,33.png,19.png,05.png,00.png,01.png,"[-236, -76]","[214, 74]","[150, 100]","[-86, 74]","[64, 74]","[214, 224]","[-236, 74]","[-86, 224]","[64, 224]","[-236, 224]","[-86, -226]","[64, -226]","[214, -226]","[100, 100]","[-86, -76]","[64, -76]","[214, -76]","[-236, -226]",1,12,"[100, 100]","[100, 100]",dots,10.png,34.png,dots1.png,07.png,30.png,20.png,00.png,m,"[100, 100]","[100, 100]","[100, 100]","[100, 100]","[100, 100]","[100, 100]","[100, 100]","[100, 100]","[100, 100]","[100, 100]","[100, 100]","[0, -375]",ok.png,"[100, 100]","[100, 100]",222,2,1,1,1,0,0,0,0,0,0,0,0.826151788235,0.8261517882347107,0,-80,-80,-65,-65,1,1,0,0,0,0,0,0,0,1.63882267475,1.638822674751282,0,13,13,-388,-388,163
11.png,13.png,17.png,18.png,00.png,14.png,00.png,09.png,dots1.png,"[-209, -74]","[241, 76]","[150, 100]","[-59, 76]","[91, 76]","[241, 226]","[-209, 76]","[-59, 226]","[91, 226]","[-209, 226]","[-59, -224]","[91, -224]","[241, -224]","[100, 100]","[-59, -74]","[91, -74]","[241, -74]","[-209, -224]",1,12,"[100, 100]","[100, 100]",dots,30.png,26.png,02.png,04.png,00.png,24.png,00.png,m,"[100, 100]","[100, 100]","[100, 100]","[100, 100]","[100, 100]","[100, 100]","[100, 100]","[100, 100]","[100, 100]","[100, 100]","[100, 100]","[0, -375]",ok.png,"[100, 100]","[100, 100]",223,2,1,1,1,0,0,0,0,0,0,0,2.3662981987,2.366298198699951,0,-182,-182,-53,-53,1,1,0,0,0,0,0,0,0,0.82484215498,0.8248421549797058,0,-6,-6,-366,-366,96
00.png,14.png,10.png,20.png,11.png,07.png,00.png,dots1.png,18.png,"[-218, -78]","[232, 72]","[150, 100]","[-68, 72]","[82, 72]","[232, 222]","[-218, 72]","[-68, 222]","[82, 222]","[-218, 222]","[-68, -228]","[82, -228]","[232, -228]","[100, 100]","[-68, -78]","[82, -78]","[232, -78]","[-218, -228]",1,12,"[100, 100]","[100, 100]",dots,30.png,09.png,31.png,00.png,19.png,00.png,03.png,m,"[100, 100]","[100, 100]","[100, 100]","[100, 100]","[100, 100]","[100, 100]","[100, 100]","[100, 100]","[100, 100]","[100, 100]","[100, 100]","[0, -375]",ok.png,"[100, 100]","[100, 100]",224,2,1,1,1,0,0,0,0,0,0,0,1.14997172356,1.149971723556519,0,241,241,79,79,1,1,0,0,0,0,0,0,0,1.20377707481,1.203777074813843,0,15,15,-396,-396,406
31.png,03.png,13.png,00.png,23.png,21.png,dots1.png,00.png,33.png,"[-210, -81]","[240, 69]","[150, 100]","[-60, 69]","[90, 69]","[240, 219]","[-210, 69]","[-60, 219]","[90, 219]","[-210, 219]","[-60, -231]","[90, -231]","[240, -231]","[100, 100]","[-60, -81]","[90, -81]","[240, -81]","[-210, -231]",1,12,"[100, 100]","[100, 100]",dots,00.png,19.png,00.png,14.png,26.png,32.png,29.png,m,"[100, 100]","[100, 100]","[100, 100]","[100, 100]","[100, 100]","[100, 100]","[100, 100]","[100, 100]","[100, 100]","[100, 100]","[100, 100]","[0, -375]",ok.png,"[100, 100]","[100, 100]",225,2,1,1,1,0,0,0,0,0,0,0,1.23028314114,1.230283141136169,0,101,101,76,76,1,1,0,0,0,0,0,0,0,1.60194706917,1.601947069168091,0,26,26,-390,-390,84
00.png,00.png,00.png,00.png,11.png,10.png,09.png,08.png,07.png,"[-221, -69]","[229, 81]","[150, 100]","[-71, 81]","[79, 81]","[229, 231]","[-221, 81]","[-71, 231]","[79, 231]","[-221, 231]","[-71, -219]","[79, -219]","[229, -219]","[100, 100]","[-71, -69]","[79, -69]","[229, -69]","[-221, -219]",1,12,"[100, 100]","[100, 100]",dots,04.png,03.png,06.png,05.png,dots2.png,02.png,01.png,m,"[100, 100]","[100, 100]","[100, 100]","[100, 100]","[100, 100]","[100, 100]","[100, 100]","[100, 100]","[100, 100]","[100, 100]","[100, 100]","[0, -375]",ok.png,"[100, 100]","[100, 100]",226,2,1,1,1,0,0,0,0,0,0,0,1.75014698505,1.750146985054016,0,223,223,-201,-201,1,1,0,0,0,0,0,0,0,0.874358415604,0.8743584156036377,0,-2,-2,-363,-363,436
00.png,00.png,31.png,32.png,33.png,34.png,14.png,00.png,13.png,"[-233, -99]","[217, 51]","[150, 100]","[-83, 51]","[67, 51]","[217, 201]","[-233, 51]","[-83, 201]","[67, 201]","[-233, 201]","[-83, -249]","[67, -249]","[217, -249]","[100, 100]","[-83, -99]","[67, -99]","[217, -99]","[-233, -249]",1,12,"[100, 100]","[100, 100]",dots,10.png,00.png,12.png,11.png,08.png,09.png,dots2.png,m,"[100, 100]","[100, 100]","[100, 100]","[100, 100]","[100, 100]","[100, 100]","[100, 100]","[100, 100]","[100, 100]","[100, 100]","[100, 100]","[0, -375]",ok.png,"[100, 100]","[100, 100]",227,2,1,1,1,0,0,0,0,0,0,0,1.40488743782,1.404887437820435,0,72,72,-246,-246,1,1,0,0,0,0,0,0,0,1.15231347084,1.152313470840454,0,35,35,-368,-368,125
00.png,00.png,25.png,24.png,23.png,22.png,21.png,20.png,19.png,"[-207, -73]","[243, 77]","[150, 100]","[-57, 77]","[93, 77]","[243, 227]","[-207, 77]","[-57, 227]","[93, 227]","[-207, 227]","[-57, -223]","[93, -223]","[243, -223]","[100, 100]","[-57, -73]","[93, -73]","[243, -73]","[-207, -223]",1,12,"[100, 100]","[100, 100]",dots,16.png,15.png,18.png,17.png,00.png,dots2.png,00.png,m,"[100, 100]","[100, 100]","[100, 100]","[100, 100]","[100, 100]","[100, 100]","[100, 100]","[100, 100]","[100, 100]","[100, 100]","[100, 100]","[0, -375]",ok.png,"[100, 100]","[100, 100]",228,2,1,1,1,0,0,0,0,0,0,0,2.58814740181,2.588147401809692,0,-59,-59,-217,-217,1,1,0,0,0,0,0,0,0,1.67393505573,1.673935055732727,0,30,30,-402,-402,6
33.png,32.png,30.png,29.png,00.png,00.png,31.png,27.png,26.png,"[-206, -59]","[244, 91]","[150, 100]","[-56, 91]","[94, 91]","[244, 241]","[-206, 91]","[-56, 241]","[94, 241]","[-206, 241]","[-56, -209]","[94, -209]","[244, -209]","[100, 100]","[-56, -59]","[94, -59]","[244, -59]","[-206, -209]",1,12,"[100, 100]","[100, 100]",dots,00.png,dots2.png,28.png,00.png,22.png,24.png,23.png,m,"[100, 100]","[100, 100]","[100, 100]","[100, 100]","[100, 100]","[100, 100]","[100, 100]","[100, 100]","[100, 100]","[100, 100]","[100, 100]","[0, -375]",ok.png,"[100, 100]","[100, 100]",229,2,1,1,1,0,0,0,0,0,0,0,2.43648529053,2.436485290527344,0,-211,-211,-184,-184,1,1,0,0,0,0,0,0,0,1.02470135689,1.024701356887817,0,27,27,-392,-392,16
00.png,00.png,00.png,00.png,01.png,34.png,33.png,32.png,31.png,"[-249, -71]","[201, 79]","[150, 100]","[-99, 79]","[51, 79]","[201, 229]","[-249, 79]","[-99, 229]","[51, 229]","[-249, 229]","[-99, -221]","[51, -221]","[201, -221]","[100, 100]","[-99, -71]","[51, -71]","[201, -71]","[-249, -221]",1,12,"[100, 100]","[100, 100]",dots,dots2.png,08.png,30.png,29.png,02.png,06.png,04.png,m,"[100, 100]","[100, 100]","[100, 100]","[100, 100]","[100, 100]","[100, 100]","[100, 100]","[100, 100]","[100, 100]","[100, 100]","[100, 100]","[0, -375]",ok.png,"[100, 100]","[100, 100]",230,2,1,1,1,0,0,0,0,0,0,0,1.16456246376,1.164562463760376,0,230,230,-78,-78,1,1,0,0,0,0,0,0,0,1.63496434689,1.634964346885681,0,-8,-8,-375,-375,118
00.png,00.png,23.png,17.png,29.png,09.png,15.png,06.png,00.png,"[-207, -59]","[243, 91]","[150, 100]","[-57, 91]","[93, 91]","[243, 241]","[-207, 91]","[-57, 241]","[93, 241]","[-207, 241]","[-57, -209]","[93, -209]","[243, -209]","[100, 100]","[-57, -59]","[93, -59]","[243, -59]","[-207, -209]",1,12,"[100, 100]","[100, 100]",dots,04.png,27.png,00.png,dots2.png,01.png,07.png,34.png,m,"[100, 100]","[100, 100]","[100, 100]","[100, 100]","[100, 100]","[100, 100]","[100, 100]","[100, 100]","[100, 100]","[100, 100]","[100, 100]","[0, -375]",ok.png,"[100, 100]","[100, 100]",231,2,1,1,1,0,0,0,0,0,0,0,1.18317818642,1.183178186416626,0,105,105,-64,-64,1,1,0,0,0,0,0,0,0,2.07541203499,2.075412034988403,0,10,10,-383,-383,433
17.png,09.png,22.png,06.png,00.png,00.png,14.png,18.png,25.png,"[-243, -65]","[207, 85]","[150, 100]","[-93, 85]","[57, 85]","[207, 235]","[-243, 85]","[-93, 235]","[57, 235]","[-243, 235]","[-93, -215]","[57, -215]","[207, -215]","[100, 100]","[-93, -65]","[57, -65]","[207, -65]","[-243, -215]",1,12,"[100, 100]","[100, 100]",dots,07.png,05.png,dots2.png,03.png,00.png,02.png,00.png,m,"[100, 100]","[100, 100]","[100, 100]","[100, 100]","[100, 100]","[100, 100]","[100, 100]","[100, 100]","[100, 100]","[100, 100]","[100, 100]","[0, -375]",ok.png,"[100, 100]","[100, 100]",232,2,1,1,1,0,0,0,0,0,0,0,1.49955797195,1.499557971954346,0,-82,-82,-57,-57,1,1,0,0,0,0,0,0,0,0.949819326401,0.9498193264007568,0,-17,-17,-363,-363,191
00.png,33.png,00.png,00.png,31.png,25.png,17.png,30.png,dots2.png,"[-242, -71]","[208, 79]","[150, 100]","[-92, 79]","[58, 79]","[208, 229]","[-242, 79]","[-92, 229]","[58, 229]","[-242, 229]","[-92, -221]","[58, -221]","[208, -221]","[100, 100]","[-92, -71]","[58, -71]","[208, -71]","[-242, -221]",1,12,"[100, 100]","[100, 100]",dots,20.png,07.png,27.png,15.png,00.png,33.png,05.png,m,"[100, 100]","[100, 100]","[100, 100]","[100, 100]","[100, 100]","[100, 100]","[100, 100]","[100, 100]","[100, 100]","[100, 100]","[100, 100]","[0, -375]",ok.png,"[100, 100]","[100, 100]",233,2,1,1,1,0,0,0,0,0,0,0,1.94743299484,1.947432994842529,0,-236,-236,-59,-59,1,1,0,0,0,0,0,0,0,0.73359555006,0.7335955500602722,0,-8,-8,-371,-371,394
33.png,31.png,25.png,21.png,27.png,23.png,29.png,dots2.png,00.png,"[-243, -92]","[207, 58]","[150, 100]","[-93, 58]","[57, 58]","[207, 208]","[-243, 58]","[-93, 208]","[57, 208]","[-243, 208]","[-93, -242]","[57, -242]","[207, -242]","[100, 100]","[-93, -92]","[57, -92]","[207, -92]","[-243, -242]",1,12,"[100, 100]","[100, 100]",dots,00.png,16.png,00.png,00.png,07.png,13.png,10.png,m,"[100, 100]","[100, 100]","[100, 100]","[100, 100]","[100, 100]","[100, 100]","[100, 100]","[100, 100]","[100, 100]","[100, 100]","[100, 100]","[0, -375]",ok.png,"[100, 100]","[100, 100]",234,2,1,1,1,0,0,0,0,0,0,0,3.59999895096,3.599998950958252,0,199,199,76,76,1,1,0,0,0,0,0,0,0,0.63658118248,0.6365811824798584,0,-19,-19,-386,-386,250
00.png,00.png,00.png,00.png,26.png,24.png,dots2.png,22.png,20.png,"[-246, -69]","[204, 81]","[150, 100]","[-96, 81]","[54, 81]","[204, 231]","[-246, 81]","[-96, 231]","[54, 231]","[-246, 231]","[-96, -219]","[54, -219]","[204, -219]","[100, 100]","[-96, -69]","[54, -69]","[204, -69]","[-246, -219]",1,12,"[100, 100]","[100, 100]",dots,14.png,03.png,18.png,16.png,09.png,05.png,07.png,m,"[100, 100]","[100, 100]","[100, 100]","[100, 100]","[100, 100]","[100, 100]","[100, 100]","[100, 100]","[100, 100]","[100, 100]","[100, 100]","[0, -375]",ok.png,"[100, 100]","[100, 100]",235,2,1,1,1,0,0,0,0,0,0,0,0.884791016579,0.8847910165786743,0,61,61,62,62,1,1,0,0,0,0,0,0,0,1.13802492619,1.138024926185608,0,26,26,-372,-372,228
00.png,00.png,27.png,24.png,21.png,dots2.png,19.png,16.png,32.png,"[-222, -55]","[228, 95]","[150, 100]","[-72, 95]","[78, 95]","[228, 245]","[-222, 95]","[-72, 245]","[78, 245]","[-222, 245]","[-72, -205]","[78, -205]","[228, -205]","[100, 100]","[-72, -55]","[78, -55]","[228, -55]","[-222, -205]",1,12,"[100, 100]","[100, 100]",dots,13.png,31.png,34.png,10.png,00.png,33.png,00.png,m,"[100, 100]","[100, 100]","[100, 100]","[100, 100]","[100, 100]","[100, 100]","[100, 100]","[100, 100]","[100, 100]","[100, 100]","[100, 100]","[0, -375]",ok.png,"[100, 100]","[100, 100]",236,2,1,1,1,0,0,0,0,0,0,0,1.38394534588,1.383945345878601,0,-95,-95,103,103,1,1,0,0,0,0,0,0,0,0.863921403885,0.8639214038848877,0,4,4,-349,-349,51
34.png,27.png,00.png,00.png,dots2.png,11.png,16.png,21.png,17.png,"[-224, -84]","[226, 66]","[150, 100]","[-74, 66]","[76, 66]","[226, 216]","[-224, 66]","[-74, 216]","[76, 216]","[-224, 216]","[-74, -234]","[76, -234]","[226, -234]","[100, 100]","[-74, -84]","[76, -84]","[226, -84]","[-224, -234]",1,12,"[100, 100]","[100, 100]",dots,00.png,25.png,04.png,00.png,10.png,20.png,15.png,m,"[100, 100]","[100, 100]","[100, 100]","[100, 100]","[100, 100]","[100, 100]","[100, 100]","[100, 100]","[100, 100]","[100, 100]","[100, 100]","[0, -375]",ok.png,"[100, 100]","[100, 100]",237,2,1,1,1,0,0,0,0,0,0,0,1.31128466129,1.31128466129303,0,-227,-227,68,68,1,1,0,0,0,0,0,0,0,2.91216421127,2.912164211273193,0,14,14,-370,-370,188
04.png,02.png,05.png,dots2.png,08.png,07.png,01.png,03.png,00.png,"[-233, -83]","[217, 67]","[150, 100]","[-83, 67]","[67, 67]","[217, 217]","[-233, 67]","[-83, 217]","[67, 217]","[-233, 217]","[-83, -233]","[67, -233]","[217, -233]","[100, 100]","[-83, -83]","[67, -83]","[217, -83]","[-233, -233]",1,12,"[100, 100]","[100, 100]",dots,28.png,24.png,00.png,32.png,00.png,20.png,00.png,m,"[100, 100]","[100, 100]","[100, 100]","[100, 100]","[100, 100]","[100, 100]","[100, 100]","[100, 100]","[100, 100]","[100, 100]","[100, 100]","[0, -375]",ok.png,"[100, 100]","[100, 100]",238,2,1,1,1,0,0,0,0,0,0,0,1.34353899956,1.343538999557495,0,205,205,215,215,1,1,0,0,0,0,0,0,0,1.41565907001,1.415659070014954,0,35,35,-375,-375,66
01.png,12.png,dots2.png,23.png,00.png,00.png,28.png,13.png,08.png,"[-206, -78]","[244, 72]","[150, 100]","[-56, 72]","[94, 72]","[244, 222]","[-206, 72]","[-56, 222]","[94, 222]","[-206, 222]","[-56, -228]","[94, -228]","[244, -228]","[100, 100]","[-56, -78]","[94, -78]","[244, -78]","[-206, -228]",1,12,"[100, 100]","[100, 100]",dots,00.png,16.png,33.png,03.png,29.png,06.png,00.png,m,"[100, 100]","[100, 100]","[100, 100]","[100, 100]","[100, 100]","[100, 100]","[100, 100]","[100, 100]","[100, 100]","[100, 100]","[100, 100]","[0, -375]",ok.png,"[100, 100]","[100, 100]",239,2,1,1,1,0,0,0,0,0,0,0,1.08852469921,1.088524699211121,0,112,112,243,243,1,1,0,0,0,0,0,0,0,1.94686722755,1.946867227554321,0,-9,-9,-386,-386,340
00.png,dots2.png,03.png,07.png,13.png,17.png,23.png,27.png,33.png,"[-215, -68]","[235, 82]","[150, 100]","[-65, 82]","[85, 82]","[235, 232]","[-215, 82]","[-65, 232]","[85, 232]","[-215, 232]","[-65, -218]","[85, -218]","[235, -218]","[100, 100]","[-65, -68]","[85, -68]","[235, -68]","[-215, -218]",1,12,"[100, 100]","[100, 100]",dots,14.png,16.png,04.png,06.png,00.png,00.png,00.png,m,"[100, 100]","[100, 100]","[100, 100]","[100, 100]","[100, 100]","[100, 100]","[100, 100]","[100, 100]","[100, 100]","[100, 100]","[100, 100]","[0, -375]",ok.png,"[100, 100]","[100, 100]",240,2,1,1,1,0,0,0,0,0,0,0,2.69846534729,2.698465347290039,0,-55,-55,232,232,1,1,0,0,0,0,0,0,0,1.18505263329,1.185052633285522,0,25,25,-343,-343,218
dots2.png,17.png,07.png,14.png,00.png,00.png,23.png,24.png,04.png,"[-206, -94]","[244, 56]","[150, 100]","[-56, 56]","[94, 56]","[244, 206]","[-206, 56]","[-56, 206]","[94, 206]","[-206, 206]","[-56, -244]","[94, -244]","[244, -244]","[100, 100]","[-56, -94]","[94, -94]","[244, -94]","[-206, -244]",1,12,"[100, 100]","[100, 100]",dots,00.png,02.png,03.png,00.png,04.png,30.png,20.png,m,"[100, 100]","[100, 100]","[100, 100]","[100, 100]","[100, 100]","[100, 100]","[100, 100]","[100, 100]","[100, 100]","[100, 100]","[100, 100]","[0, -375]",ok.png,"[100, 100]","[100, 100]",241,2,1,1,1,0,0,0,0,0,0,0,1.31139755249,1.311397552490234,0,-193,-193,220,220,1,1,0,0,0,0,0,0,0,1.74381840229,1.743818402290344,0,-3,-3,-387,-387,109
18.png,dots2.png,04.png,00.png,00.png,16.png,22.png,12.png,11.png,"[-237, -53]","[213, 97]","[150, 100]","[-87, 97]","[63, 97]","[213, 247]","[-237, 97]","[-87, 247]","[63, 247]","[-237, 247]","[-87, -203]","[63, -203]","[213, -203]","[100, 100]","[-87, -53]","[63, -53]","[213, -53]","[-237, -203]",1,12,"[100, 100]","[100, 100]",dots,00.png,00.png,32.png,02.png,03.png,29.png,19.png,m,"[100, 100]","[100, 100]","[100, 100]","[100, 100]","[100, 100]","[100, 100]","[100, 100]","[100, 100]","[100, 100]","[100, 100]","[100, 100]","[0, -375]",ok.png,"[100, 100]","[100, 100]",242,2,1,1,1,0,0,0,0,0,0,0,1.16969037056,1.169690370559692,0,-82,-82,224,224,1,1,0,0,0,0,0,0,0,1.11137342453,1.111373424530029,0,44,44,-363,-363,360
15.png,08.png,dots2.png,03.png,25.png,28.png,27.png,00.png,00.png,"[-203, -85]","[247, 65]","[150, 100]","[-53, 65]","[97, 65]","[247, 215]","[-203, 65]","[-53, 215]","[97, 215]","[-203, 215]","[-53, -235]","[97, -235]","[247, -235]","[100, 100]","[-53, -85]","[97, -85]","[247, -85]","[-203, -235]",1,12,"[100, 100]","[100, 100]",dots,21.png,05.png,00.png,00.png,16.png,11.png,13.png,m,"[100, 100]","[100, 100]","[100, 100]","[100, 100]","[100, 100]","[100, 100]","[100, 100]","[100, 100]","[100, 100]","[100, 100]","[100, 100]","[0, -375]",ok.png,"[100, 100]","[100, 100]",243,2,1,1,1,0,0,0,0,0,0,0,1.02529799938,1.025297999382019,0,115,115,208,208,1,1,0,0,0,0,0,0,0,1.9480191469200001,1.94801914691925,0,21,21,-395,-395,117
00.png,07.png,14.png,dots2.png,23.png,00.png,09.png,29.png,28.png,"[-203, -87]","[247, 63]","[150, 100]","[-53, 63]","[97, 63]","[247, 213]","[-203, 63]","[-53, 213]","[97, 213]","[-203, 213]","[-53, -237]","[97, -237]","[247, -237]","[100, 100]","[-53, -87]","[97, -87]","[247, -87]","[-203, -237]",1,12,"[100, 100]","[100, 100]",dots,00.png,17.png,16.png,00.png,06.png,15.png,21.png,m,"[100, 100]","[100, 100]","[100, 100]","[100, 100]","[100, 100]","[100, 100]","[100, 100]","[100, 100]","[100, 100]","[100, 100]","[100, 100]","[0, -375]",ok.png,"[100, 100]","[100, 100]",244,2,1,1,1,0,0,0,0,0,0,0,3.04507565498,3.045075654983521,0,276,276,209,209,1,1,0,0,0,0,0,0,0,2.19976639748,2.199766397476196,0,-20,-20,-354,-354,234
00.png,32.png,21.png,31.png,dots2.png,08.png,30.png,15.png,34.png,"[-220, -83]","[230, 67]","[150, 100]","[-70, 67]","[80, 67]","[230, 217]","[-220, 67]","[-70, 217]","[80, 217]","[-220, 217]","[-70, -233]","[80, -233]","[230, -233]","[100, 100]","[-70, -83]","[80, -83]","[230, -83]","[-220, -233]",1,12,"[100, 100]","[100, 100]",dots,12.png,28.png,00.png,00.png,00.png,01.png,11.png,m,"[100, 100]","[100, 100]","[100, 100]","[100, 100]","[100, 100]","[100, 100]","[100, 100]","[100, 100]","[100, 100]","[100, 100]","[100, 100]","[0, -375]",ok.png,"[100, 100]","[100, 100]",245,2,1,1,1,0,0,0,0,0,0,0,1.20405352116,1.204053521156311,0,-195,-195,81,81,1,1,0,0,0,0,0,0,0,0.916692614555,0.9166926145553588,0,-19,-19,-374,-374,112
00.png,00.png,16.png,13.png,10.png,dots2.png,09.png,07.png,27.png,"[-207, -60]","[243, 90]","[150, 100]","[-57, 90]","[93, 90]","[243, 240]","[-207, 90]","[-57, 240]","[93, 240]","[-207, 240]","[-57, -210]","[93, -210]","[243, -210]","[100, 100]","[-57, -60]","[93, -60]","[243, -60]","[-207, -210]",1,12,"[100, 100]","[100, 100]",dots,32.png,04.png,24.png,31.png,00.png,12.png,00.png,m,"[100, 100]","[100, 100]","[100, 100]","[100, 100]","[100, 100]","[100, 100]","[100, 100]","[100, 100]","[100, 100]","[100, 100]","[100, 100]","[0, -375]",ok.png,"[100, 100]","[100, 100]",246,2,1,1,1,0,0,0,0,0,0,0,1.29691946507,1.296919465065002,0,-60,-60,94,94,1,1,0,0,0,0,0,0,0,1.77756130695,1.77756130695343,0,40,40,-368,-368,364
30.png,00.png,20.png,34.png,10.png,07.png,dots2.png,01.png,00.png,"[-206, -63]","[244, 87]","[150, 100]","[-56, 87]","[94, 87]","[244, 237]","[-206, 87]","[-56, 237]","[94, 237]","[-206, 237]","[-56, -213]","[94, -213]","[244, -213]","[100, 100]","[-56, -63]","[94, -63]","[244, -63]","[-206, -213]",1,12,"[100, 100]","[100, 100]",dots,33.png,12.png,05.png,19.png,00.png,25.png,00.png,m,"[100, 100]","[100, 100]","[100, 100]","[100, 100]","[100, 100]","[100, 100]","[100, 100]","[100, 100]","[100, 100]","[100, 100]","[100, 100]","[0, -375]",ok.png,"[100, 100]","[100, 100]",247,2,1,1,1,0,0,0,0,0,0,0,1.04611492157,1.046114921569824,0,100,100,71,71,1,1,0,0,0,0,0,0,0,1.09500062466,1.095000624656677,0,-1,-1,-415,-415,119
00.png,00.png,24.png,26.png,30.png,04.png,02.png,dots2.png,09.png,"[-233, -69]","[217, 81]","[150, 100]","[-83, 81]","[67, 81]","[217, 231]","[-233, 81]","[-83, 231]","[67, 231]","[-233, 231]","[-83, -219]","[67, -219]","[217, -219]","[100, 100]","[-83, -69]","[67, -69]","[217, -69]","[-233, -219]",1,12,"[100, 100]","[100, 100]",dots,00.png,18.png,00.png,14.png,11.png,17.png,13.png,m,"[100, 100]","[100, 100]","[100, 100]","[100, 100]","[100, 100]","[100, 100]","[100, 100]","[100, 100]","[100, 100]","[100, 100]","[100, 100]","[0, -375]",ok.png,"[100, 100]","[100, 100]",248,2,1,1,1,0,0,0,0,0,0,0,1.20095908642,1.200959086418152,0,224,224,90,90,1,1,0,0,0,0,0,0,0,1.12167668343,1.121676683425903,0,-11,-11,-369,-369,399
19.png,03.png,00.png,09.png,30.png,00.png,31.png,18.png,dots2.png,"[-203, -81]","[247, 69]","[150, 100]","[-53, 69]","[97, 69]","[247, 219]","[-203, 69]","[-53, 219]","[97, 219]","[-203, 219]","[-53, -231]","[97, -231]","[247, -231]","[100, 100]","[-53, -81]","[97, -81]","[247, -81]","[-203, -231]",1,12,"[100, 100]","[100, 100]",dots,11.png,20.png,00.png,07.png,00.png,10.png,14.png,m,"[100, 100]","[100, 100]","[100, 100]","[100, 100]","[100, 100]","[100, 100]","[100, 100]","[100, 100]","[100, 100]","[100, 100]","[100, 100]","[0, -375]",ok.png,"[100, 100]","[100, 100]",249,2,1,1,1,0,0,0,0,0,0,0,1.1660810709,1.166081070899963,0,-214,-214,-96,-96,1,1,0,0,0,0,0,0,0,1.04360413551,1.043604135513306,0,-10,-10,-374,-374,207
26.png,29.png,32.png,19.png,00.png,14.png,00.png,33.png,00.png,"[-220, -96]","[230, 54]","[150, 100]","[-70, 54]","[80, 54]","[230, 204]","[-220, 54]","[-70, 204]","[80, 204]","[-220, 204]","[-70, -246]","[80, -246]","[230, -246]","[100, 100]","[-70, -96]","[80, -96]","[230, -96]","[-220, -246]",1,12,"[100, 100]","[100, 100]",dots,23.png,00.png,dots2.png,21.png,31.png,13.png,03.png,m,"[100, 100]","[100, 100]","[100, 100]","[100, 100]","[100, 100]","[100, 100]","[100, 100]","[100, 100]","[100, 100]","[100, 100]","[100, 100]","[0, -375]",ok.png,"[100, 100]","[100, 100]",250,2,1,1,1,0,0,0,0,0,0,0,1.85165679455,1.851656794548035,0,-74,-74,-103,-103,1,1,0,0,0,0,0,0,0,1.01343405247,1.013434052467346,0,15,15,-380,-380,73
tray1.png,01.png,02.png,03.png,04.png,05.png,06.png,07.png,08.png,"[-238, -68]","[212, 82]","[150, 100]","[-88, 82]","[62, 82]","[212, 232]","[-238, 82]","[-88, 232]","[62, 232]","[-238, 232]","[-88, -218]","[62, -218]","[212, -218]","[100, 100]","[-88, -68]","[62, -68]","[212, -68]","[-238, -218]",1,12,"[100, 100]","[100, 100]",both,dots1.png,00.png,09.png,10.png,00.png,00.png,00.png,m,"[100, 100]","[100, 100]","[100, 100]","[100, 100]","[100, 100]","[100, 100]","[100, 100]","[100, 100]","[100, 100]","[100, 100]","[100, 100]","[0, -375]",ok.png,"[100, 100]","[100, 100]",251,3,1,1,1,0,0,0,0,0,0,0,1.05671751499,1.05671751499176,0,-273,-273,229,229,1,1,0,0,0,0,0,0,0,1.54461681843,1.54461681842804,0,225,225,-67,-67,187
08.png,tray1.png,09.png,00.png,10.png,11.png,12.png,13.png,00.png,"[-201, -62]","[249, 88]","[150, 100]","[-51, 88]","[99, 88]","[249, 238]","[-201, 88]","[-51, 238]","[99, 238]","[-201, 238]","[-51, -212]","[99, -212]","[249, -212]","[100, 100]","[-51, -62]","[99, -62]","[249, -62]","[-201, -212]",1,12,"[100, 100]","[100, 100]",both,33.png,32.png,14.png,dots1.png,00.png,31.png,00.png,m,"[100, 100]","[100, 100]","[100, 100]","[100, 100]","[100, 100]","[100, 100]","[100, 100]","[100, 100]","[100, 100]","[100, 100]","[100, 100]","[0, -375]",ok.png,"[100, 100]","[100, 100]",252,3,1,1,1,0,0,0,0,0,0,0,0.994063913822,0.994063913822174,0,99,99,-17,-17,1,1,0,0,0,0,0,0,0,0.0525471121073,0.05254711210727692,0,99,99,-17,-17,164
00.png,00.png,tray1.png,15.png,16.png,17.png,18.png,19.png,20.png,"[-216, -52]","[234, 98]","[150, 100]","[-66, 98]","[84, 98]","[234, 248]","[-216, 98]","[-66, 248]","[84, 248]","[-216, 248]","[-66, -202]","[84, -202]","[234, -202]","[100, 100]","[-66, -52]","[84, -52]","[234, -52]","[-216, -202]",1,12,"[100, 100]","[100, 100]",both,23.png,24.png,dots1.png,22.png,00.png,25.png,00.png,m,"[100, 100]","[100, 100]","[100, 100]","[100, 100]","[100, 100]","[100, 100]","[100, 100]","[100, 100]","[100, 100]","[100, 100]","[100, 100]","[0, -375]",ok.png,"[100, 100]","[100, 100]",253,3,1,1,1,0,0,0,0,0,0,0,1.51626908779,1.516269087791443,0,102,102,259,259,1,1,0,0,0,0,0,0,0,0.715951442719,0.7159514427185059,0,-49,-49,-77,-77,9
22.png,23.png,24.png,tray1.png,00.png,00.png,25.png,dots1.png,00.png,"[-235, -51]","[215, 99]","[150, 100]","[-85, 99]","[65, 99]","[215, 249]","[-235, 99]","[-85, 249]","[65, 249]","[-235, 249]","[-85, -201]","[65, -201]","[215, -201]","[100, 100]","[-85, -51]","[65, -51]","[215, -51]","[-235, -201]",1,12,"[100, 100]","[100, 100]",both,28.png,29.png,00.png,27.png,32.png,30.png,31.png,m,"[100, 100]","[100, 100]","[100, 100]","[100, 100]","[100, 100]","[100, 100]","[100, 100]","[100, 100]","[100, 100]","[100, 100]","[100, 100]","[0, -375]",ok.png,"[100, 100]","[100, 100]",254,3,1,1,1,0,0,0,0,0,0,0,1.56005322933,1.56005322933197,0,211,211,103,103,1,1,0,0,0,0,0,0,0,0.572976052761,0.5729760527610779,0,223,223,219,219,29
02.png,04.png,06.png,08.png,tray1.png,29.png,dots1.png,31.png,32.png,"[-202, -71]","[248, 79]","[150, 100]","[-52, 79]","[98, 79]","[248, 229]","[-202, 79]","[-52, 229]","[98, 229]","[-202, 229]","[-52, -221]","[98, -221]","[248, -221]","[100, 100]","[-52, -71]","[98, -71]","[248, -71]","[-202, -221]",1,12,"[100, 100]","[100, 100]",both,01.png,00.png,33.png,34.png,00.png,00.png,00.png,m,"[100, 100]","[100, 100]","[100, 100]","[100, 100]","[100, 100]","[100, 100]","[100, 100]","[100, 100]","[100, 100]","[100, 100]","[100, 100]","[0, -375]",ok.png,"[100, 100]","[100, 100]",255,3,1,1,1,0,0,0,0,0,0,0,1.06043231487,1.060432314872742,0,91,91,86,86,1,1,0,0,0,0,0,0,0,0.889740824699,0.8897408246994019,0,-197,-197,86,86,198
01.png,34.png,07.png,27.png,dots1.png,tray1.png,00.png,00.png,06.png,"[-248, -79]","[202, 71]","[150, 100]","[-98, 71]","[52, 71]","[202, 221]","[-248, 71]","[-98, 221]","[52, 221]","[-248, 221]","[-98, -229]","[52, -229]","[202, -229]","[100, 100]","[-98, -79]","[52, -79]","[202, -79]","[-248, -229]",1,12,"[100, 100]","[100, 100]",both,29.png,17.png,15.png,09.png,00.png,23.png,00.png,m,"[100, 100]","[100, 100]","[100, 100]","[100, 100]","[100, 100]","[100, 100]","[100, 100]","[100, 100]","[100, 100]","[100, 100]","[100, 100]","[0, -375]",ok.png,"[100, 100]","[100, 100]",256,3,1,1,1,0,0,0,0,0,0,0,1.51652157307,1.516521573066711,0,-224,-224,84,84,1,1,0,0,0,0,0,0,0,3.59723854065,3.597238540649414,0,-234,-234,103,103,173
00.png,00.png,02.png,dots1.png,07.png,03.png,tray1.png,25.png,18.png,"[-209, -61]","[241, 89]","[150, 100]","[-59, 89]","[91, 89]","[241, 239]","[-209, 89]","[-59, 239]","[91, 239]","[-209, 239]","[-59, -211]","[91, -211]","[241, -211]","[100, 100]","[-59, -61]","[91, -61]","[241, -61]","[-209, -211]",1,12,"[100, 100]","[100, 100]",both,00.png,06.png,14.png,00.png,17.png,22.png,09.png,m,"[100, 100]","[100, 100]","[100, 100]","[100, 100]","[100, 100]","[100, 100]","[100, 100]","[100, 100]","[100, 100]","[100, 100]","[100, 100]","[0, -375]",ok.png,"[100, 100]","[100, 100]",257,3,1,1,1,0,0,0,0,0,0,0,0.952848792076,0.9528487920761108,0,100,100,110,110,1,1,0,0,0,0,0,0,0,0.573054790497,0.5730547904968262,0,242,242,231,231,390
00.png,05.png,dots1.png,07.png,20.png,15.png,27.png,tray1.png,30.png,"[-225, -86]","[225, 64]","[150, 100]","[-75, 64]","[75, 64]","[225, 214]","[-225, 64]","[-75, 214]","[75, 214]","[-225, 214]","[-75, -236]","[75, -236]","[225, -236]","[100, 100]","[-75, -86]","[75, -86]","[225, -86]","[-225, -236]",1,12,"[100, 100]","[100, 100]",both,31.png,00.png,17.png,25.png,00.png,00.png,33.png,m,"[100, 100]","[100, 100]","[100, 100]","[100, 100]","[100, 100]","[100, 100]","[100, 100]","[100, 100]","[100, 100]","[100, 100]","[100, 100]","[0, -375]",ok.png,"[100, 100]","[100, 100]",258,3,1,1,1,0,0,0,0,0,0,0,1.48070144653,1.480701446533203,0,60,60,223,223,1,1,0,0,0,0,0,0,0,2.09183263779,2.091832637786865,0,-7,-7,-374,-374,98
07.png,dots1.png,13.png,16.png,00.png,00.png,00.png,00.png,tray1.png,"[-248, -54]","[202, 96]","[150, 100]","[-98, 96]","[52, 96]","[202, 246]","[-248, 96]","[-98, 246]","[52, 246]","[-248, 246]","[-98, -204]","[52, -204]","[202, -204]","[100, 100]","[-98, -54]","[52, -54]","[202, -54]","[-248, -204]",1,12,"[100, 100]","[100, 100]",both,27.png,21.png,29.png,23.png,33.png,25.png,31.png,m,"[100, 100]","[100, 100]","[100, 100]","[100, 100]","[100, 100]","[100, 100]","[100, 100]","[100, 100]","[100, 100]","[100, 100]","[100, 100]","[0, -375]",ok.png,"[100, 100]","[100, 100]",259,3,1,1,1,0,0,0,0,0,0,0,1.1956012249,1.195601224899292,0,-95,-95,242,242,1,1,0,0,0,0,0,0,0,1.01650524139,1.016505241394043,0,-239,-239,-54,-54,178
dots1.png,07.png,05.png,03.png,14.png,16.png,18.png,20.png,22.png,"[-243, -70]","[207, 80]","[150, 100]","[-93, 80]","[57, 80]","[207, 230]","[-243, 80]","[-93, 230]","[57, 230]","[-243, 230]","[-93, -220]","[57, -220]","[207, -220]","[100, 100]","[-93, -70]","[57, -70]","[207, -70]","[-243, -220]",1,12,"[100, 100]","[100, 100]",both,26.png,00.png,tray1.png,24.png,00.png,00.png,00.png,m,"[100, 100]","[100, 100]","[100, 100]","[100, 100]","[100, 100]","[100, 100]","[100, 100]","[100, 100]","[100, 100]","[100, 100]","[100, 100]","[0, -375]",ok.png,"[100, 100]","[100, 100]",260,3,1,1,1,0,0,0,0,0,0,0,1.36025428772,1.360254287719727,0,-228,-228,227,227,1,1,0,0,0,0,0,0,0,0.858386933804,0.8583869338035583,0,-56,-56,-76,-76,414
00.png,00.png,dots1.png,31.png,13.png,10.png,34.png,32.png,16.png,"[-220, -53]","[230, 97]","[150, 100]","[-70, 97]","[80, 97]","[230, 247]","[-220, 97]","[-70, 247]","[80, 247]","[-220, 247]","[-70, -203]","[80, -203]","[230, -203]","[100, 100]","[-70, -53]","[80, -53]","[230, -53]","[-220, -203]",1,12,"[100, 100]","[100, 100]",both,21.png,24.png,19.png,tray1.png,00.png,27.png,00.png,m,"[100, 100]","[100, 100]","[100, 100]","[100, 100]","[100, 100]","[100, 100]","[100, 100]","[100, 100]","[100, 100]","[100, 100]","[100, 100]","[0, -375]",ok.png,"[100, 100]","[100, 100]",261,3,1,1,1,0,0,0,0,0,0,0,1.61609399319,1.616093993186951,0,82,82,277,277,1,1,0,0,0,0,0,0,0,0.452734857798,0.4527348577976227,0,80,80,-57,-57,448
10.png,15.png,20.png,dots1.png,00.png,00.png,04.png,17.png,21.png,"[-218, -65]","[232, 85]","[150, 100]","[-68, 85]","[82, 85]","[232, 235]","[-218, 85]","[-68, 235]","[82, 235]","[-218, 235]","[-68, -215]","[82, -215]","[232, -215]","[100, 100]","[-68, -65]","[82, -65]","[232, -65]","[-218, -215]",1,12,"[100, 100]","[100, 100]",both,tray1.png,00.png,16.png,11.png,34.png,00.png,27.png,m,"[100, 100]","[100, 100]","[100, 100]","[100, 100]","[100, 100]","[100, 100]","[100, 100]","[100, 100]","[100, 100]","[100, 100]","[100, 100]","[0, -375]",ok.png,"[100, 100]","[100, 100]",262,3,1,1,1,0,0,0,0,0,0,0,2.66605710983,2.666057109832764,0,230,230,239,239,1,1,0,0,0,0,0,0,0,0.73290002346,0.7329000234603882,0,202,202,-25,-25,123
00.png,00.png,20.png,24.png,dots1.png,32.png,00.png,00.png,03.png,"[-232, -98]","[218, 52]","[150, 100]","[-82, 52]","[68, 52]","[218, 202]","[-232, 52]","[-82, 202]","[68, 202]","[-232, 202]","[-82, -248]","[68, -248]","[218, -248]","[100, 100]","[-82, -98]","[68, -98]","[218, -98]","[-232, -248]",1,12,"[100, 100]","[100, 100]",both,08.png,tray1.png,01.png,07.png,04.png,05.png,02.png,m,"[100, 100]","[100, 100]","[100, 100]","[100, 100]","[100, 100]","[100, 100]","[100, 100]","[100, 100]","[100, 100]","[100, 100]","[100, 100]","[0, -375]",ok.png,"[100, 100]","[100, 100]",263,3,1,1,1,0,0,0,0,0,0,0,1.22082388401,1.220823884010315,0,-254,-254,62,62,1,1,0,0,0,0,0,0,0,1.29208898544,1.292088985443115,0,-227,-227,-239,-239,309
29.png,00.png,06.png,16.png,00.png,dots1.png,33.png,08.png,13.png,"[-209, -82]","[241, 68]","[150, 100]","[-59, 68]","[91, 68]","[241, 218]","[-209, 68]","[-59, 218]","[91, 218]","[-209, 218]","[-59, -232]","[91, -232]","[241, -232]","[100, 100]","[-59, -82]","[91, -82]","[241, -82]","[-209, -232]",1,12,"[100, 100]","[100, 100]",both,00.png,23.png,28.png,00.png,01.png,tray1.png,12.png,m,"[100, 100]","[100, 100]","[100, 100]","[100, 100]","[100, 100]","[100, 100]","[100, 100]","[100, 100]","[100, 100]","[100, 100]","[100, 100]","[0, -375]",ok.png,"[100, 100]","[100, 100]",264,3,1,1,1,0,0,0,0,0,0,0,1.03055465221,1.03055465221405,0,-71,-71,79,79,1,1,0,0,0,0,0,0,0,0.667110860348,0.6671108603477478,0,-51,-51,-235,-235,239
00.png,00.png,00.png,16.png,14.png,06.png,dots1.png,33.png,27.png,"[-209, -83]","[241, 67]","[150, 100]","[-59, 67]","[91, 67]","[241, 217]","[-209, 67]","[-59, 217]","[91, 217]","[-209, 217]","[-59, -233]","[91, -233]","[241, -233]","[100, 100]","[-59, -83]","[91, -83]","[241, -83]","[-209, -233]",1,12,"[100, 100]","[100, 100]",both,13.png,07.png,23.png,17.png,00.png,03.png,tray1.png,m,"[100, 100]","[100, 100]","[100, 100]","[100, 100]","[100, 100]","[100, 100]","[100, 100]","[100, 100]","[100, 100]","[100, 100]","[100, 100]","[0, -375]",ok.png,"[100, 100]","[100, 100]",265,3,1,1,1,0,0,0,0,0,0,0,1.18542516232,1.185425162315369,0,83,83,78,78,1,1,0,0,0,0,0,0,0,1.2338514328,1.233851432800293,0,102,102,-259,-259,290
04.png,20.png,30.png,02.png,00.png,00.png,03.png,dots1.png,24.png,"[-208, -81]","[242, 69]","[150, 100]","[-58, 69]","[92, 69]","[242, 219]","[-208, 69]","[-58, 219]","[92, 219]","[-208, 219]","[-58, -231]","[92, -231]","[242, -231]","[100, 100]","[-58, -81]","[92, -81]","[242, -81]","[-208, -231]",1,12,"[100, 100]","[100, 100]",both,00.png,14.png,23.png,00.png,tray1.png,07.png,17.png,m,"[100, 100]","[100, 100]","[100, 100]","[100, 100]","[100, 100]","[100, 100]","[100, 100]","[100, 100]","[100, 100]","[100, 100]","[100, 100]","[0, -375]",ok.png,"[100, 100]","[100, 100]",266,3,1,1,1,0,0,0,0,0,0,0,1.37062454224,1.370624542236328,0,253,253,63,63,1,1,0,0,0,0,0,0,0,0.859612762928,0.859612762928009,0,251,251,-231,-231,283
03.png,19.png,29.png,00.png,00.png,02.png,32.png,11.png,dots1.png,"[-226, -65]","[224, 85]","[150, 100]","[-76, 85]","[74, 85]","[224, 235]","[-226, 85]","[-76, 235]","[74, 235]","[-226, 235]","[-76, -215]","[74, -215]","[224, -215]","[100, 100]","[-76, -65]","[74, -65]","[224, -65]","[-226, -215]",1,12,"[100, 100]","[100, 100]",both,00.png,00.png,22.png,16.png,18.png,04.png,tray1.png,m,"[100, 100]","[100, 100]","[100, 100]","[100, 100]","[100, 100]","[100, 100]","[100, 100]","[100, 100]","[100, 100]","[100, 100]","[100, 100]","[0, -375]",ok.png,"[100, 100]","[100, 100]",267,3,1,1,1,0,0,0,0,0,0,0,1.71123600006,1.711236000061035,0,-227,-227,-45,-45,1,1,0,0,0,0,0,0,0,0.719295322895,0.71929532289505,0,72,72,-228,-228,168
16.png,13.png,11.png,05.png,21.png,00.png,00.png,00.png,00.png,"[-237, -76]","[213, 74]","[150, 100]","[-87, 74]","[63, 74]","[213, 224]","[-237, 74]","[-87, 224]","[63, 224]","[-237, 224]","[-87, -226]","[63, -226]","[213, -226]","[100, 100]","[-87, -76]","[63, -76]","[213, -76]","[-237, -226]",1,12,"[100, 100]","[100, 100]",both,25.png,03.png,dots1.png,28.png,15.png,tray1.png,08.png,m,"[100, 100]","[100, 100]","[100, 100]","[100, 100]","[100, 100]","[100, 100]","[100, 100]","[100, 100]","[100, 100]","[100, 100]","[100, 100]","[0, -375]",ok.png,"[100, 100]","[100, 100]",268,3,1,1,1,0,0,0,0,0,0,0,1.44737553596,1.447375535964966,0,-85,-85,-78,-78,1,1,0,0,0,0,0,0,0,0.623222768307,0.6232227683067322,0,-93,-93,-224,-224,71
06.png,21.png,15.png,17.png,00.png,00.png,16.png,28.png,29.png,"[-213, -90]","[237, 60]","[150, 100]","[-63, 60]","[87, 60]","[237, 210]","[-213, 60]","[-63, 210]","[87, 210]","[-213, 210]","[-63, -240]","[87, -240]","[237, -240]","[100, 100]","[-63, -90]","[87, -90]","[237, -90]","[-213, -240]",1,12,"[100, 100]","[100, 100]",both,dots1.png,tray1.png,09.png,00.png,00.png,14.png,07.png,m,"[100, 100]","[100, 100]","[100, 100]","[100, 100]","[100, 100]","[100, 100]","[100, 100]","[100, 100]","[100, 100]","[100, 100]","[100, 100]","[0, -375]",ok.png,"[100, 100]","[100, 100]",269,3,1,1,1,0,0,0,0,0,0,0,1.6835719347,1.683571934700012,0,242,242,-90,-90,1,1,0,0,0,0,0,0,0,0.666892230511,0.6668922305107117,0,-199,-199,-229,-229,38
00.png,11.png,01.png,28.png,12.png,00.png,00.png,34.png,15.png,"[-248, -83]","[202, 67]","[150, 100]","[-98, 67]","[52, 67]","[202, 217]","[-248, 67]","[-98, 217]","[52, 217]","[-248, 217]","[-98, -233]","[52, -233]","[202, -233]","[100, 100]","[-98, -83]","[52, -83]","[202, -83]","[-248, -233]",1,12,"[100, 100]","[100, 100]",both,tray1.png,31.png,30.png,08.png,00.png,21.png,dots1.png,m,"[100, 100]","[100, 100]","[100, 100]","[100, 100]","[100, 100]","[100, 100]","[100, 100]","[100, 100]","[100, 100]","[100, 100]","[100, 100]","[0, -375]",ok.png,"[100, 100]","[100, 100]",270,3,1,1,1,0,0,0,0,0,0,0,1.36762559414,1.367625594139099,0,43,43,-246,-246,1,1,0,0,0,0,0,0,0,0.561980009079,0.5619800090789795,0,-1,-1,-380,-380,154
00.png,00.png,12.png,dots1.png,32.png,31.png,24.png,27.png,07.png,"[-230, -60]","[220, 90]","[150, 100]","[-80, 90]","[70, 90]","[220, 240]","[-230, 90]","[-80, 240]","[70, 240]","[-230, 240]","[-80, -210]","[70, -210]","[220, -210]","[100, 100]","[-80, -60]","[70, -60]","[220, -60]","[-230, -210]",1,12,"[100, 100]","[100, 100]",both,10.png,13.png,09.png,tray1.png,00.png,16.png,00.png,m,"[100, 100]","[100, 100]","[100, 100]","[100, 100]","[100, 100]","[100, 100]","[100, 100]","[100, 100]","[100, 100]","[100, 100]","[100, 100]","[0, -375]",ok.png,"[100, 100]","[100, 100]",271,3,1,1,1,0,0,0,0,0,0,0,1.39970397949,1.399703979492188,0,65,65,-26,-26,1,1,0,0,0,0,0,0,0,0.736530959606,0.7365309596061707,0,178,178,252,252,111
00.png,00.png,25.png,12.png,dots1.png,19.png,05.png,00.png,01.png,"[-218, -71]","[232, 79]","[150, 100]","[-68, 79]","[82, 79]","[232, 229]","[-218, 79]","[-68, 229]","[82, 229]","[-218, 229]","[-68, -221]","[82, -221]","[232, -221]","[100, 100]","[-68, -71]","[82, -71]","[232, -71]","[-218, -221]",1,12,"[100, 100]","[100, 100]",both,10.png,34.png,tray1.png,07.png,30.png,20.png,00.png,m,"[100, 100]","[100, 100]","[100, 100]","[100, 100]","[100, 100]","[100, 100]","[100, 100]","[100, 100]","[100, 100]","[100, 100]","[100, 100]","[0, -375]",ok.png,"[100, 100]","[100, 100]",272,3,1,1,1,0,0,0,0,0,0,0,1.2187615633,1.218761563301086,0,-209,-209,104,104,1,1,0,0,0,0,0,0,0,0.515074789524,0.5150747895240784,0,-80,-80,-66,-66,162
11.png,13.png,17.png,18.png,00.png,dots1.png,00.png,09.png,tray1.png,"[-223, -64]","[227, 86]","[150, 100]","[-73, 86]","[77, 86]","[227, 236]","[-223, 86]","[-73, 236]","[77, 236]","[-223, 236]","[-73, -214]","[77, -214]","[227, -214]","[100, 100]","[-73, -64]","[77, -64]","[227, -64]","[-223, -214]",1,12,"[100, 100]","[100, 100]",both,30.png,26.png,02.png,04.png,00.png,24.png,00.png,m,"[100, 100]","[100, 100]","[100, 100]","[100, 100]","[100, 100]","[100, 100]","[100, 100]","[100, 100]","[100, 100]","[100, 100]","[100, 100]","[0, -375]",ok.png,"[100, 100]","[100, 100]",273,3,1,1,1,0,0,0,0,0,0,0,1.04717350006,1.047173500061035,0,-83,-83,74,74,1,1,0,0,0,0,0,0,0,0.5925360322,0.5925360321998596,0,-204,-204,-52,-52,359
00.png,14.png,10.png,20.png,11.png,07.png,00.png,tray1.png,18.png,"[-213, -92]","[237, 58]","[150, 100]","[-63, 58]","[87, 58]","[237, 208]","[-213, 58]","[-63, 208]","[87, 208]","[-213, 208]","[-63, -242]","[87, -242]","[237, -242]","[100, 100]","[-63, -92]","[87, -92]","[237, -92]","[-213, -242]",1,12,"[100, 100]","[100, 100]",both,30.png,09.png,31.png,00.png,dots1.png,00.png,03.png,m,"[100, 100]","[100, 100]","[100, 100]","[100, 100]","[100, 100]","[100, 100]","[100, 100]","[100, 100]","[100, 100]","[100, 100]","[100, 100]","[0, -375]",ok.png,"[100, 100]","[100, 100]",274,3,1,1,1,0,0,0,0,0,0,0,1.06271696091,1.062716960906982,0,238,238,80,80,1,1,0,0,0,0,0,0,0,0.776339232922,0.7763392329216003,0,232,232,-257,-257,214
31.png,03.png,13.png,00.png,23.png,21.png,tray1.png,00.png,33.png,"[-239, -78]","[211, 72]","[150, 100]","[-89, 72]","[61, 72]","[211, 222]","[-239, 72]","[-89, 222]","[61, 222]","[-239, 222]","[-89, -228]","[61, -228]","[211, -228]","[100, 100]","[-89, -78]","[61, -78]","[211, -78]","[-239, -228]",1,12,"[100, 100]","[100, 100]",both,00.png,19.png,00.png,14.png,26.png,32.png,dots1.png,m,"[100, 100]","[100, 100]","[100, 100]","[100, 100]","[100, 100]","[100, 100]","[100, 100]","[100, 100]","[100, 100]","[100, 100]","[100, 100]","[0, -375]",ok.png,"[100, 100]","[100, 100]",275,3,1,1,1,0,0,0,0,0,0,0,1.28922343254,1.289223432540894,0,59,59,-220,-220,1,1,0,0,0,0,0,0,0,1.82763826847,1.827638268470764,0,52,52,71,71,104
00.png,00.png,00.png,00.png,dots2.png,10.png,09.png,08.png,07.png,"[-244, -66]","[206, 84]","[150, 100]","[-94, 84]","[56, 84]","[206, 234]","[-244, 84]","[-94, 234]","[56, 234]","[-244, 234]","[-94, -216]","[56, -216]","[206, -216]","[100, 100]","[-94, -66]","[56, -66]","[206, -66]","[-244, -216]",1,12,"[100, 100]","[100, 100]",both,04.png,03.png,06.png,05.png,tray2.png,02.png,01.png,m,"[100, 100]","[100, 100]","[100, 100]","[100, 100]","[100, 100]","[100, 100]","[100, 100]","[100, 100]","[100, 100]","[100, 100]","[100, 100]","[0, -375]",ok.png,"[100, 100]","[100, 100]",276,3,1,1,1,0,0,0,0,0,0,0,1.17180538177,1.171805381774902,0,-261,-261,92,92,1,1,0,0,0,0,0,0,0,1.18702423573,1.187024235725403,0,193,193,-212,-212,143
00.png,00.png,31.png,32.png,33.png,dots2.png,14.png,00.png,13.png,"[-224, -54]","[226, 96]","[150, 100]","[-74, 96]","[76, 96]","[226, 246]","[-224, 96]","[-74, 246]","[76, 246]","[-224, 246]","[-74, -204]","[76, -204]","[226, -204]","[100, 100]","[-74, -54]","[76, -54]","[226, -54]","[-224, -204]",1,12,"[100, 100]","[100, 100]",both,10.png,00.png,12.png,11.png,08.png,09.png,tray2.png,m,"[100, 100]","[100, 100]","[100, 100]","[100, 100]","[100, 100]","[100, 100]","[100, 100]","[100, 100]","[100, 100]","[100, 100]","[100, 100]","[0, -375]",ok.png,"[100, 100]","[100, 100]",277,3,1,1,1,0,0,0,0,0,0,0,1.11071562767,1.110715627670288,0,-80,-80,101,101,1,1,0,0,0,0,0,0,0,0.664599359035,0.6645993590354919,0,39,39,-218,-218,60
00.png,00.png,25.png,24.png,23.png,22.png,dots2.png,20.png,19.png,"[-238, -61]","[212, 89]","[150, 100]","[-88, 89]","[62, 89]","[212, 239]","[-238, 89]","[-88, 239]","[62, 239]","[-238, 239]","[-88, -211]","[62, -211]","[212, -211]","[100, 100]","[-88, -61]","[62, -61]","[212, -61]","[-238, -211]",1,12,"[100, 100]","[100, 100]",both,16.png,15.png,18.png,17.png,00.png,tray2.png,00.png,m,"[100, 100]","[100, 100]","[100, 100]","[100, 100]","[100, 100]","[100, 100]","[100, 100]","[100, 100]","[100, 100]","[100, 100]","[100, 100]","[0, -375]",ok.png,"[100, 100]","[100, 100]",278,3,1,1,1,0,0,0,0,0,0,0,1.08845317364,1.08845317363739,0,62,62,92,92,1,1,0,0,0,0,0,0,0,0.914570450783,0.914570450782776,0,-98,-98,-163,-163,400
33.png,32.png,30.png,29.png,00.png,00.png,31.png,dots2.png,26.png,"[-218, -91]","[232, 59]","[150, 100]","[-68, 59]","[82, 59]","[232, 209]","[-218, 59]","[-68, 209]","[82, 209]","[-218, 209]","[-68, -241]","[82, -241]","[232, -241]","[100, 100]","[-68, -91]","[82, -91]","[232, -91]","[-218, -241]",1,12,"[100, 100]","[100, 100]",both,00.png,tray2.png,28.png,00.png,22.png,24.png,23.png,m,"[100, 100]","[100, 100]","[100, 100]","[100, 100]","[100, 100]","[100, 100]","[100, 100]","[100, 100]","[100, 100]","[100, 100]","[100, 100]","[0, -375]",ok.png,"[100, 100]","[100, 100]",279,3,1,1,1,0,0,0,0,0,0,0,1.78145873547,1.781458735466003,0,-184,-184,-252,-252,1,1,0,0,0,0,0,0,0,1.075553298,1.075553297996521,0,203,203,43,43,44
00.png,00.png,00.png,00.png,01.png,34.png,33.png,32.png,dots2.png,"[-234, -76]","[216, 74]","[150, 100]","[-84, 74]","[66, 74]","[216, 224]","[-234, 74]","[-84, 224]","[66, 224]","[-234, 224]","[-84, -226]","[66, -226]","[216, -226]","[100, 100]","[-84, -76]","[66, -76]","[216, -76]","[-234, -226]",1,12,"[100, 100]","[100, 100]",both,tray2.png,08.png,30.png,29.png,02.png,06.png,04.png,m,"[100, 100]","[100, 100]","[100, 100]","[100, 100]","[100, 100]","[100, 100]","[100, 100]","[100, 100]","[100, 100]","[100, 100]","[100, 100]","[0, -375]",ok.png,"[100, 100]","[100, 100]",280,3,1,1,1,0,0,0,0,0,0,0,0.852963685989,0.8529636859893799,0,214,214,-67,-67,1,1,0,0,0,0,0,0,0,0.636320471764,0.6363204717636108,0,-219,-219,-72,-72,326
00.png,00.png,23.png,17.png,29.png,09.png,15.png,06.png,00.png,"[-211, -95]","[239, 55]","[150, 100]","[-61, 55]","[89, 55]","[239, 205]","[-211, 55]","[-61, 205]","[89, 205]","[-211, 205]","[-61, -245]","[89, -245]","[239, -245]","[100, 100]","[-61, -95]","[89, -95]","[239, -95]","[-211, -245]",1,12,"[100, 100]","[100, 100]",both,04.png,27.png,00.png,tray2.png,01.png,dots2.png,34.png,m,"[100, 100]","[100, 100]","[100, 100]","[100, 100]","[100, 100]","[100, 100]","[100, 100]","[100, 100]","[100, 100]","[100, 100]","[100, 100]","[0, -375]",ok.png,"[100, 100]","[100, 100]",281,3,1,1,1,0,0,0,0,0,0,0,2.10817909241,2.108179092407227,0,97,97,-87,-87,1,1,0,0,0,0,0,0,0,0.540829896927,0.5408298969268799,0,-46,-46,-232,-232,4
17.png,09.png,22.png,06.png,00.png,00.png,14.png,18.png,25.png,"[-232, -61]","[218, 89]","[150, 100]","[-82, 89]","[68, 89]","[218, 239]","[-232, 89]","[-82, 239]","[68, 239]","[-232, 239]","[-82, -211]","[68, -211]","[218, -211]","[100, 100]","[-82, -61]","[68, -61]","[218, -61]","[-232, -211]",1,12,"[100, 100]","[100, 100]",both,07.png,dots2.png,tray2.png,03.png,00.png,02.png,00.png,m,"[100, 100]","[100, 100]","[100, 100]","[100, 100]","[100, 100]","[100, 100]","[100, 100]","[100, 100]","[100, 100]","[100, 100]","[100, 100]","[0, -375]",ok.png,"[100, 100]","[100, 100]",282,3,1,1,1,0,0,0,0,0,0,0,1.72489786148,1.724897861480713,0,-72,-72,-39,-39,1,1,0,0,0,0,0,0,0,1.67292964458,1.672929644584656,0,-211,-211,-214,-214,122
00.png,dots2.png,00.png,00.png,31.png,25.png,17.png,30.png,tray2.png,"[-218, -84]","[232, 66]","[150, 100]","[-68, 66]","[82, 66]","[232, 216]","[-218, 66]","[-68, 216]","[82, 216]","[-218, 216]","[-68, -234]","[82, -234]","[232, -234]","[100, 100]","[-68, -84]","[82, -84]","[232, -84]","[-218, -234]",1,12,"[100, 100]","[100, 100]",both,20.png,07.png,27.png,15.png,00.png,33.png,05.png,m,"[100, 100]","[100, 100]","[100, 100]","[100, 100]","[100, 100]","[100, 100]","[100, 100]","[100, 100]","[100, 100]","[100, 100]","[100, 100]","[0, -375]",ok.png,"[100, 100]","[100, 100]",283,3,1,1,1,0,0,0,0,0,0,0,1.32467281818,1.324672818183899,0,-77,-77,216,216,1,1,0,0,0,0,0,0,0,0.649098277092,0.64909827709198,0,-195,-195,-56,-56,179
33.png,31.png,dots2.png,21.png,27.png,23.png,29.png,tray2.png,00.png,"[-236, -69]","[214, 81]","[150, 100]","[-86, 81]","[64, 81]","[214, 231]","[-236, 81]","[-86, 231]","[64, 231]","[-236, 231]","[-86, -219]","[64, -219]","[214, -219]","[100, 100]","[-86, -69]","[64, -69]","[214, -69]","[-236, -219]",1,12,"[100, 100]","[100, 100]",both,00.png,16.png,00.png,00.png,07.png,13.png,10.png,m,"[100, 100]","[100, 100]","[100, 100]","[100, 100]","[100, 100]","[100, 100]","[100, 100]","[100, 100]","[100, 100]","[100, 100]","[100, 100]","[0, -375]",ok.png,"[100, 100]","[100, 100]",284,3,1,1,1,0,0,0,0,0,0,0,2.24130392075,2.24130392074585,0,229,229,68,68,1,1,0,0,0,0,0,0,0,0.765824556351,0.765824556350708,0,22,22,-347,-347,103
00.png,00.png,00.png,00.png,26.png,24.png,tray2.png,22.png,20.png,"[-203, -80]","[247, 70]","[150, 100]","[-53, 70]","[97, 70]","[247, 220]","[-203, 70]","[-53, 220]","[97, 220]","[-203, 220]","[-53, -230]","[97, -230]","[247, -230]","[100, 100]","[-53, -80]","[97, -80]","[247, -80]","[-203, -230]",1,12,"[100, 100]","[100, 100]",both,14.png,03.png,18.png,16.png,09.png,dots2.png,07.png,m,"[100, 100]","[100, 100]","[100, 100]","[100, 100]","[100, 100]","[100, 100]","[100, 100]","[100, 100]","[100, 100]","[100, 100]","[100, 100]","[0, -375]",ok.png,"[100, 100]","[100, 100]",285,3,1,1,1,0,0,0,0,0,0,0,1.24464023113,1.244640231132507,0,113,113,79,79,1,1,0,0,0,0,0,0,0,0.919663906097,0.919663906097412,0,-71,-71,-187,-187,383
00.png,00.png,27.png,24.png,21.png,tray2.png,19.png,16.png,32.png,"[-200, -54]","[250, 96]","[150, 100]","[-50, 96]","[100, 96]","[250, 246]","[-200, 96]","[-50, 246]","[100, 246]","[-200, 246]","[-50, -204]","[100, -204]","[250, -204]","[100, 100]","[-50, -54]","[100, -54]","[250, -54]","[-200, -204]",1,12,"[100, 100]","[100, 100]",both,dots2.png,31.png,34.png,10.png,00.png,33.png,00.png,m,"[100, 100]","[100, 100]","[100, 100]","[100, 100]","[100, 100]","[100, 100]","[100, 100]","[100, 100]","[100, 100]","[100, 100]","[100, 100]","[0, -375]",ok.png,"[100, 100]","[100, 100]",286,3,1,1,1,0,0,0,0,0,0,0,1.57111668587,1.57111668586731,0,-47,-47,102,102,1,1,0,0,0,0,0,0,0,1.37846004963,1.378460049629211,0,244,244,-40,-40,387
34.png,27.png,00.png,00.png,tray2.png,11.png,16.png,21.png,17.png,"[-210, -77]","[240, 73]","[150, 100]","[-60, 73]","[90, 73]","[240, 223]","[-210, 73]","[-60, 223]","[90, 223]","[-210, 223]","[-60, -227]","[90, -227]","[240, -227]","[100, 100]","[-60, -77]","[90, -77]","[240, -77]","[-210, -227]",1,12,"[100, 100]","[100, 100]",both,00.png,dots2.png,04.png,00.png,10.png,20.png,15.png,m,"[100, 100]","[100, 100]","[100, 100]","[100, 100]","[100, 100]","[100, 100]","[100, 100]","[100, 100]","[100, 100]","[100, 100]","[100, 100]","[0, -375]",ok.png,"[100, 100]","[100, 100]",287,3,1,1,1,0,0,0,0,0,0,0,1.24679756165,1.246797561645508,0,-195,-195,-219,-219,1,1,0,0,0,0,0,0,0,0.62851023674,0.6285102367401123,0,-201,-201,89,89,426
04.png,02.png,05.png,tray2.png,08.png,07.png,01.png,03.png,00.png,"[-207, -87]","[243, 63]","[150, 100]","[-57, 63]","[93, 63]","[243, 213]","[-207, 63]","[-57, 213]","[93, 213]","[-207, 213]","[-57, -237]","[93, -237]","[243, -237]","[100, 100]","[-57, -87]","[93, -87]","[243, -87]","[-207, -237]",1,12,"[100, 100]","[100, 100]",both,28.png,24.png,00.png,32.png,00.png,dots2.png,00.png,m,"[100, 100]","[100, 100]","[100, 100]","[100, 100]","[100, 100]","[100, 100]","[100, 100]","[100, 100]","[100, 100]","[100, 100]","[100, 100]","[0, -375]",ok.png,"[100, 100]","[100, 100]",288,3,1,1,1,0,0,0,0,0,0,0,2.05943775177,2.05943775177002,0,244,244,214,214,1,1,0,0,0,0,0,0,0,0.0523462891579,0.05234628915786743,0,244,244,214,214,48
01.png,12.png,tray2.png,23.png,00.png,00.png,28.png,13.png,08.png,"[-248, -83]","[202, 67]","[150, 100]","[-98, 67]","[52, 67]","[202, 217]","[-248, 67]","[-98, 217]","[52, 217]","[-248, 217]","[-98, -233]","[52, -233]","[202, -233]","[100, 100]","[-98, -83]","[52, -83]","[202, -83]","[-248, -233]",1,12,"[100, 100]","[100, 100]",both,00.png,16.png,dots2.png,03.png,29.png,06.png,00.png,m,"[100, 100]","[100, 100]","[100, 100]","[100, 100]","[100, 100]","[100, 100]","[100, 100]","[100, 100]","[100, 100]","[100, 100]","[100, 100]","[0, -375]",ok.png,"[100, 100]","[100, 100]",289,3,1,1,1,0,0,0,0,0,0,0,1.06184387207,1.061843872070312,0,19,19,212,212,1,1,0,0,0,0,0,0,0,1.63591742516,1.63591742515564,0,-94,-94,-69,-69,334
00.png,tray2.png,03.png,07.png,13.png,17.png,23.png,27.png,dots2.png,"[-238, -69]","[212, 81]","[150, 100]","[-88, 81]","[62, 81]","[212, 231]","[-238, 81]","[-88, 231]","[62, 231]","[-238, 231]","[-88, -219]","[62, -219]","[212, -219]","[100, 100]","[-88, -69]","[62, -69]","[212, -69]","[-238, -219]",1,12,"[100, 100]","[100, 100]",both,14.png,16.png,04.png,06.png,00.png,00.png,00.png,m,"[100, 100]","[100, 100]","[100, 100]","[100, 100]","[100, 100]","[100, 100]","[100, 100]","[100, 100]","[100, 100]","[100, 100]","[100, 100]","[0, -375]",ok.png,"[100, 100]","[100, 100]",290,3,1,1,1,0,0,0,0,0,0,0,1.45386254787,1.453862547874451,0,-56,-56,227,227,1,1,0,0,0,0,0,0,0,0.574238479137,0.5742384791374207,0,-240,-240,-74,-74,177
tray2.png,17.png,07.png,14.png,00.png,00.png,23.png,dots2.png,04.png,"[-218, -85]","[232, 65]","[150, 100]","[-68, 65]","[82, 65]","[232, 215]","[-218, 65]","[-68, 215]","[82, 215]","[-218, 215]","[-68, -235]","[82, -235]","[232, -235]","[100, 100]","[-68, -85]","[82, -85]","[232, -85]","[-218, -235]",1,12,"[100, 100]","[100, 100]",both,00.png,02.png,03.png,00.png,04.png,30.png,20.png,m,"[100, 100]","[100, 100]","[100, 100]","[100, 100]","[100, 100]","[100, 100]","[100, 100]","[100, 100]","[100, 100]","[100, 100]","[100, 100]","[0, -375]",ok.png,"[100, 100]","[100, 100]",291,3,1,1,1,0,0,0,0,0,0,0,1.43941617012,1.439416170120239,0,-211,-211,211,211,1,1,0,0,0,0,0,0,0,0.638659894466,0.6386598944664001,0,241,241,69,69,180
18.png,tray2.png,04.png,00.png,00.png,16.png,dots2.png,12.png,11.png,"[-209, -92]","[241, 58]","[150, 100]","[-59, 58]","[91, 58]","[241, 208]","[-209, 58]","[-59, 208]","[91, 208]","[-209, 208]","[-59, -242]","[91, -242]","[241, -242]","[100, 100]","[-59, -92]","[91, -92]","[241, -92]","[-209, -242]",1,12,"[100, 100]","[100, 100]",both,00.png,00.png,32.png,02.png,03.png,29.png,19.png,m,"[100, 100]","[100, 100]","[100, 100]","[100, 100]","[100, 100]","[100, 100]","[100, 100]","[100, 100]","[100, 100]","[100, 100]","[100, 100]","[0, -375]",ok.png,"[100, 100]","[100, 100]",292,3,1,1,1,0,0,0,0,0,0,0,1.30847585201,1.308475852012634,0,74,74,70,70,1,1,0,0,0,0,0,0,0,0.0884330198169,0.08843301981687546,0,74,74,70,70,381
15.png,08.png,tray2.png,03.png,25.png,dots2.png,27.png,00.png,00.png,"[-232, -60]","[218, 90]","[150, 100]","[-82, 90]","[68, 90]","[218, 240]","[-232, 90]","[-82, 240]","[68, 240]","[-232, 240]","[-82, -210]","[68, -210]","[218, -210]","[100, 100]","[-82, -60]","[68, -60]","[218, -60]","[-232, -210]",1,12,"[100, 100]","[100, 100]",both,21.png,05.png,00.png,00.png,16.png,11.png,13.png,m,"[100, 100]","[100, 100]","[100, 100]","[100, 100]","[100, 100]","[100, 100]","[100, 100]","[100, 100]","[100, 100]","[100, 100]","[100, 100]","[0, -375]",ok.png,"[100, 100]","[100, 100]",293,3,1,1,1,0,0,0,0,0,0,0,1.01271283627,1.012712836265564,0,-62,-62,91,91,1,1,0,0,0,0,0,0,0,0.502439677715,0.5024396777153015,0,44,44,232,232,30
00.png,07.png,14.png,tray2.png,23.png,00.png,09.png,29.png,28.png,"[-243, -97]","[207, 53]","[150, 100]","[-93, 53]","[57, 53]","[207, 203]","[-243, 53]","[-93, 203]","[57, 203]","[-243, 203]","[-93, -247]","[57, -247]","[207, -247]","[100, 100]","[-93, -97]","[57, -97]","[207, -97]","[-243, -247]",1,12,"[100, 100]","[100, 100]",both,00.png,17.png,16.png,00.png,dots2.png,15.png,21.png,m,"[100, 100]","[100, 100]","[100, 100]","[100, 100]","[100, 100]","[100, 100]","[100, 100]","[100, 100]","[100, 100]","[100, 100]","[100, 100]","[0, -375]",ok.png,"[100, 100]","[100, 100]",294,3,1,1,1,0,0,0,0,0,0,0,1.49924182892,1.499241828918457,0,217,217,-233,-233,1,1,0,0,0,0,0,0,0,1.89992189407,1.899921894073486,0,199,199,231,231,447
00.png,32.png,21.png,31.png,tray2.png,08.png,30.png,15.png,34.png,"[-247, -57]","[203, 93]","[150, 100]","[-97, 93]","[53, 93]","[203, 243]","[-247, 93]","[-97, 243]","[53, 243]","[-247, 243]","[-97, -207]","[53, -207]","[203, -207]","[100, 100]","[-97, -57]","[53, -57]","[203, -57]","[-247, -207]",1,12,"[100, 100]","[100, 100]",both,12.png,28.png,00.png,00.png,00.png,01.png,dots2.png,m,"[100, 100]","[100, 100]","[100, 100]","[100, 100]","[100, 100]","[100, 100]","[100, 100]","[100, 100]","[100, 100]","[100, 100]","[100, 100]","[0, -375]",ok.png,"[100, 100]","[100, 100]",295,3,1,1,1,0,0,0,0,0,0,0,1.67605519295,1.676055192947388,0,-225,-225,82,82,1,1,0,0,0,0,0,0,0,0.546122431755,0.5461224317550659,0,27,27,-186,-186,100
00.png,00.png,16.png,13.png,10.png,tray2.png,09.png,07.png,27.png,"[-236, -51]","[214, 99]","[150, 100]","[-86, 99]","[64, 99]","[214, 249]","[-236, 99]","[-86, 249]","[64, 249]","[-236, 249]","[-86, -201]","[64, -201]","[214, -201]","[100, 100]","[-86, -51]","[64, -51]","[214, -51]","[-236, -201]",1,12,"[100, 100]","[100, 100]",both,32.png,04.png,24.png,31.png,00.png,dots2.png,00.png,m,"[100, 100]","[100, 100]","[100, 100]","[100, 100]","[100, 100]","[100, 100]","[100, 100]","[100, 100]","[100, 100]","[100, 100]","[100, 100]","[0, -375]",ok.png,"[100, 100]","[100, 100]",296,3,1,1,1,0,0,0,0,0,0,0,0.893419265747,0.8934192657470703,0,-80,-80,100,100,1,1,0,0,0,0,0,0,0,0.77409183979,0.7740918397903442,0,-107,-107,-211,-211,229
30.png,00.png,20.png,34.png,10.png,07.png,tray2.png,01.png,00.png,"[-221, -50]","[229, 100]","[150, 100]","[-71, 100]","[79, 100]","[229, 250]","[-221, 100]","[-71, 250]","[79, 250]","[-221, 250]","[-71, -200]","[79, -200]","[229, -200]","[100, 100]","[-71, -50]","[79, -50]","[229, -50]","[-221, -200]",1,12,"[100, 100]","[100, 100]",both,33.png,dots2.png,05.png,19.png,00.png,25.png,00.png,m,"[100, 100]","[100, 100]","[100, 100]","[100, 100]","[100, 100]","[100, 100]","[100, 100]","[100, 100]","[100, 100]","[100, 100]","[100, 100]","[0, -375]",ok.png,"[100, 100]","[100, 100]",297,3,1,1,1,0,0,0,0,0,0,0,1.04056811333,1.040568113327026,0,61,61,117,117,1,1,0,0,0,0,0,0,0,0.827159702778,0.8271597027778625,0,-215,-215,-180,-180,286
00.png,00.png,24.png,26.png,30.png,04.png,02.png,tray2.png,09.png,"[-221, -51]","[229, 99]","[150, 100]","[-71, 99]","[79, 99]","[229, 249]","[-221, 99]","[-71, 249]","[79, 249]","[-221, 249]","[-71, -201]","[79, -201]","[229, -201]","[100, 100]","[-71, -51]","[79, -51]","[229, -51]","[-221, -201]",1,12,"[100, 100]","[100, 100]",both,00.png,18.png,00.png,dots2.png,11.png,17.png,13.png,m,"[100, 100]","[100, 100]","[100, 100]","[100, 100]","[100, 100]","[100, 100]","[100, 100]","[100, 100]","[100, 100]","[100, 100]","[100, 100]","[0, -375]",ok.png,"[100, 100]","[100, 100]",298,3,1,1,1,0,0,0,0,0,0,0,0.891486287117,0.8914862871170044,0,86,86,-38,-38,1,1,0,0,0,0,0,0,0,0.374239385128,0.3742393851280212,0,214,214,83,83,346
19.png,dots2.png,00.png,09.png,30.png,00.png,31.png,18.png,tray2.png,"[-218, -50]","[232, 100]","[150, 100]","[-68, 100]","[82, 100]","[232, 250]","[-218, 100]","[-68, 250]","[82, 250]","[-218, 250]","[-68, -200]","[82, -200]","[232, -200]","[100, 100]","[-68, -50]","[82, -50]","[232, -50]","[-218, -200]",1,12,"[100, 100]","[100, 100]",both,11.png,20.png,00.png,07.png,00.png,10.png,14.png,m,"[100, 100]","[100, 100]","[100, 100]","[100, 100]","[100, 100]","[100, 100]","[100, 100]","[100, 100]","[100, 100]","[100, 100]","[100, 100]","[0, -375]",ok.png,"[100, 100]","[100, 100]",299,3,1,1,1,0,0,0,0,0,0,0,1.30739927292,1.307399272918701,0,-224,-224,-34,-34,1,1,0,0,0,0,0,0,0,0.527788996696,0.5277889966964722,0,-81,-81,270,270,45
26.png,29.png,32.png,dots2.png,00.png,14.png,00.png,33.png,00.png,"[-204, -54]","[246, 96]","[150, 100]","[-54, 96]","[96, 96]","[246, 246]","[-204, 96]","[-54, 246]","[96, 246]","[-204, 246]","[-54, -204]","[96, -204]","[246, -204]","[100, 100]","[-54, -54]","[96, -54]","[246, -54]","[-204, -204]",1,12,"[100, 100]","[100, 100]",both,23.png,00.png,tray2.png,21.png,31.png,13.png,03.png,m,"[100, 100]","[100, 100]","[100, 100]","[100, 100]","[100, 100]","[100, 100]","[100, 100]","[100, 100]","[100, 100]","[100, 100]","[100, 100]","[0, -375]",ok.png,"[100, 100]","[100, 100]",300,3,1,1,1,0,0,0,0,0,0,0,1.74614346027,1.746143460273743,0,-48,-48,-74,-74,1,1,0,0,0,0,0,0,0,1.09671711922,1.096717119216919,0,260,260,242,242,410
tray1.png,01.png,02.png,03.png,04.png,05.png,06.png,07.png,08.png,"[-217, -89]","[233, 61]","[150, 100]","[-67, 61]","[83, 61]","[233, 211]","[-217, 61]","[-67, 211]","[83, 211]","[-217, 211]","[-67, -239]","[83, -239]","[233, -239]","[100, 100]","[-67, -89]","[83, -89]","[233, -89]","[-217, -239]",1,16,"[100, 100]","[100, 100]",tray,11.png,12.png,09.png,10.png,15.png,13.png,14.png,m,"[100, 100]","[100, 100]","[100, 100]","[100, 100]","[100, 100]","[100, 100]","[100, 100]","[100, 100]","[100, 100]","[100, 100]","[100, 100]","[0, -375]",ok.png,"[100, 100]","[100, 100]",301,1,1,1,1,0,0,0,0,0,0,0,2.93491601944,2.934916019439697,0,-216,-216,205,205,1,1,0,0,0,0,0,0,0,1.04113543034,1.041135430335999,0,-3,-3,-375,-375,257
08.png,tray1.png,09.png,01.png,10.png,11.png,12.png,13.png,15.png,"[-231, -83]","[219, 67]","[150, 100]","[-81, 67]","[69, 67]","[219, 217]","[-231, 67]","[-81, 217]","[69, 217]","[-231, 217]","[-81, -233]","[69, -233]","[219, -233]","[100, 100]","[-81, -83]","[69, -83]","[219, -83]","[-231, -233]",1,16,"[100, 100]","[100, 100]",tray,33.png,32.png,14.png,34.png,23.png,31.png,22.png,m,"[100, 100]","[100, 100]","[100, 100]","[100, 100]","[100, 100]","[100, 100]","[100, 100]","[100, 100]","[100, 100]","[100, 100]","[100, 100]","[0, -375]",ok.png,"[100, 100]","[100, 100]",302,1,1,1,1,0,0,0,0,0,0,0,2.98267006874,2.982670068740845,0,-104,-104,216,216,1,1,0,0,0,0,0,0,0,0.900810420513,0.9008104205131532,0,-5,-5,-393,-393,169
05.png,06.png,tray1.png,15.png,16.png,17.png,18.png,19.png,20.png,"[-222, -88]","[228, 62]","[150, 100]","[-72, 62]","[78, 62]","[228, 212]","[-222, 62]","[-72, 212]","[78, 212]","[-222, 212]","[-72, -238]","[78, -238]","[228, -238]","[100, 100]","[-72, -88]","[78, -88]","[228, -88]","[-222, -238]",1,16,"[100, 100]","[100, 100]",tray,23.png,24.png,21.png,22.png,27.png,25.png,30.png,m,"[100, 100]","[100, 100]","[100, 100]","[100, 100]","[100, 100]","[100, 100]","[100, 100]","[100, 100]","[100, 100]","[100, 100]","[100, 100]","[0, -375]",ok.png,"[100, 100]","[100, 100]",303,1,1,1,1,0,0,0,0,0,0,0,4.21168613434,4.211686134338379,0,77,77,221,221,1,1,0,0,0,0,0,0,0,0.732595205307,0.7325952053070068,0,29,29,-354,-354,244
22.png,23.png,24.png,tray1.png,03.png,12.png,25.png,26.png,02.png,"[-239, -85]","[211, 65]","[150, 100]","[-89, 65]","[61, 65]","[211, 215]","[-239, 65]","[-89, 215]","[61, 215]","[-239, 215]","[-89, -235]","[61, -235]","[211, -235]","[100, 100]","[-89, -85]","[61, -85]","[211, -85]","[-239, -235]",1,16,"[100, 100]","[100, 100]",tray,28.png,29.png,08.png,27.png,32.png,30.png,31.png,m,"[100, 100]","[100, 100]","[100, 100]","[100, 100]","[100, 100]","[100, 100]","[100, 100]","[100, 100]","[100, 100]","[100, 100]","[100, 100]","[0, -375]",ok.png,"[100, 100]","[100, 100]",304,1,1,1,1,0,0,0,0,0,0,0,3.71672320366,3.716723203659058,0,209,209,205,205,1,1,0,0,0,0,0,0,0,0.888945400715,0.8889454007148743,0,-34,-34,-383,-383,431
02.png,04.png,06.png,08.png,tray1.png,29.png,30.png,31.png,32.png,"[-215, -99]","[235, 51]","[150, 100]","[-65, 51]","[85, 51]","[235, 201]","[-215, 51]","[-65, 201]","[85, 201]","[-215, 201]","[-65, -249]","[85, -249]","[235, -249]","[100, 100]","[-65, -99]","[85, -99]","[235, -99]","[-215, -249]",1,16,"[100, 100]","[100, 100]",tray,01.png,22.png,33.png,34.png,28.png,24.png,26.png,m,"[100, 100]","[100, 100]","[100, 100]","[100, 100]","[100, 100]","[100, 100]","[100, 100]","[100, 100]","[100, 100]","[100, 100]","[100, 100]","[0, -375]",ok.png,"[100, 100]","[100, 100]",305,1,1,1,1,0,0,0,0,0,0,0,1.16759943962,1.167599439620972,0,-204,-204,57,57,1,1,0,0,0,0,0,0,0,0.98317939043,0.9831793904304504,0,21,21,-385,-385,375
01.png,34.png,07.png,27.png,04.png,tray1.png,11.png,26.png,06.png,"[-228, -84]","[222, 66]","[150, 100]","[-78, 66]","[72, 66]","[222, 216]","[-228, 66]","[-78, 216]","[72, 216]","[-228, 216]","[-78, -234]","[72, -234]","[222, -234]","[100, 100]","[-78, -84]","[72, -84]","[222, -84]","[-228, -234]",1,16,"[100, 100]","[100, 100]",tray,29.png,17.png,15.png,09.png,32.png,23.png,30.png,m,"[100, 100]","[100, 100]","[100, 100]","[100, 100]","[100, 100]","[100, 100]","[100, 100]","[100, 100]","[100, 100]","[100, 100]","[100, 100]","[0, -375]",ok.png,"[100, 100]","[100, 100]",306,1,1,1,1,0,0,0,0,0,0,0,2.25967741013,2.259677410125732,0,-116,-116,34,34,1,1,0,0,0,0,0,0,0,2.07085728645,2.070857286453247,0,11,11,-374,-374,206
12.png,24.png,02.png,05.png,07.png,03.png,tray1.png,25.png,18.png,"[-218, -59]","[232, 91]","[150, 100]","[-68, 91]","[82, 91]","[232, 241]","[-218, 91]","[-68, 241]","[82, 241]","[-218, 241]","[-68, -209]","[82, -209]","[232, -209]","[100, 100]","[-68, -59]","[82, -59]","[232, -59]","[-218, -209]",1,16,"[100, 100]","[100, 100]",tray,27.png,06.png,14.png,13.png,17.png,22.png,09.png,m,"[100, 100]","[100, 100]","[100, 100]","[100, 100]","[100, 100]","[100, 100]","[100, 100]","[100, 100]","[100, 100]","[100, 100]","[100, 100]","[0, -375]",ok.png,"[100, 100]","[100, 100]",307,1,1,1,1,0,0,0,0,0,0,0,3.4083673954,3.408367395401001,0,74,74,92,92,1,1,0,0,0,0,0,0,0,0.829312622547,0.8293126225471497,0,8,8,-369,-369,62
13.png,05.png,33.png,07.png,20.png,15.png,27.png,tray1.png,30.png,"[-223, -95]","[227, 55]","[150, 100]","[-73, 55]","[77, 55]","[227, 205]","[-223, 55]","[-73, 205]","[77, 205]","[-223, 205]","[-73, -245]","[77, -245]","[227, -245]","[100, 100]","[-73, -95]","[77, -95]","[227, -95]","[-223, -245]",1,16,"[100, 100]","[100, 100]",tray,31.png,09.png,17.png,25.png,22.png,01.png,33.png,m,"[100, 100]","[100, 100]","[100, 100]","[100, 100]","[100, 100]","[100, 100]","[100, 100]","[100, 100]","[100, 100]","[100, 100]","[100, 100]","[0, -375]",ok.png,"[100, 100]","[100, 100]",308,1,1,1,1,0,0,0,0,0,0,0,1.9456474781,1.945647478103638,0,225,225,67,67,1,1,0,0,0,0,0,0,0,2.33804321289,2.338043212890625,0,-35,-35,-368,-368,281
07.png,10.png,13.png,16.png,02.png,08.png,04.png,06.png,tray1.png,"[-218, -60]","[232, 90]","[150, 100]","[-68, 90]","[82, 90]","[232, 240]","[-218, 90]","[-68, 240]","[82, 240]","[-218, 240]","[-68, -210]","[82, -210]","[232, -210]","[100, 100]","[-68, -60]","[82, -60]","[232, -60]","[-218, -210]",1,16,"[100, 100]","[100, 100]",tray,27.png,21.png,29.png,23.png,33.png,25.png,31.png,m,"[100, 100]","[100, 100]","[100, 100]","[100, 100]","[100, 100]","[100, 100]","[100, 100]","[100, 100]","[100, 100]","[100, 100]","[100, 100]","[0, -375]",ok.png,"[100, 100]","[100, 100]",309,1,1,1,1,0,0,0,0,0,0,0,2.05784106255,2.057841062545776,0,-232,-232,-35,-35,1,1,0,0,0,0,0,0,0,0.796549260616,0.7965492606163025,0,-21,-21,-382,-382,378
09.png,07.png,05.png,03.png,14.png,16.png,18.png,20.png,22.png,"[-246, -68]","[204, 82]","[150, 100]","[-96, 82]","[54, 82]","[204, 232]","[-246, 82]","[-96, 232]","[54, 232]","[-246, 232]","[-96, -218]","[54, -218]","[204, -218]","[100, 100]","[-96, -68]","[54, -68]","[204, -68]","[-246, -218]",1,16,"[100, 100]","[100, 100]",tray,26.png,21.png,tray1.png,24.png,30.png,27.png,32.png,m,"[100, 100]","[100, 100]","[100, 100]","[100, 100]","[100, 100]","[100, 100]","[100, 100]","[100, 100]","[100, 100]","[100, 100]","[100, 100]","[0, -375]",ok.png,"[100, 100]","[100, 100]",310,1,1,1,1,0,0,0,0,0,0,0,1.34561729431,1.345617294311523,0,-73,-73,-67,-67,1,1,0,0,0,0,0,0,0,2.19374847412,2.193748474121094,0,14,14,-373,-373,95
05.png,14.png,33.png,31.png,13.png,10.png,34.png,32.png,16.png,"[-223, -68]","[227, 82]","[150, 100]","[-73, 82]","[77, 82]","[227, 232]","[-223, 82]","[-73, 232]","[77, 232]","[-223, 232]","[-73, -218]","[77, -218]","[227, -218]","[100, 100]","[-73, -68]","[77, -68]","[227, -68]","[-223, -218]",1,16,"[100, 100]","[100, 100]",tray,21.png,24.png,19.png,tray1.png,01.png,27.png,18.png,m,"[100, 100]","[100, 100]","[100, 100]","[100, 100]","[100, 100]","[100, 100]","[100, 100]","[100, 100]","[100, 100]","[100, 100]","[100, 100]","[0, -375]",ok.png,"[100, 100]","[100, 100]",311,1,1,1,1,0,0,0,0,0,0,0,2.43014502525,2.430145025253296,0,57,57,-67,-67,1,1,0,0,0,0,0,0,0,1.18300163746,1.183001637458801,0,12,12,-380,-380,165
10.png,15.png,20.png,25.png,09.png,24.png,04.png,17.png,21.png,"[-212, -95]","[238, 55]","[150, 100]","[-62, 55]","[88, 55]","[238, 205]","[-212, 55]","[-62, 205]","[88, 205]","[-212, 205]","[-62, -245]","[88, -245]","[238, -245]","[100, 100]","[-62, -95]","[88, -95]","[238, -95]","[-212, -245]",1,16,"[100, 100]","[100, 100]",tray,tray1.png,18.png,16.png,11.png,34.png,08.png,27.png,m,"[100, 100]","[100, 100]","[100, 100]","[100, 100]","[100, 100]","[100, 100]","[100, 100]","[100, 100]","[100, 100]","[100, 100]","[100, 100]","[0, -375]",ok.png,"[100, 100]","[100, 100]",312,1,1,1,1,0,0,0,0,0,0,0,3.27463555336,3.274635553359985,0,238,238,-90,-90,1,1,0,0,0,0,0,0,0,2.20108556747,2.201085567474365,0,20,20,-361,-361,89
16.png,10.png,20.png,24.png,28.png,32.png,29.png,26.png,03.png,"[-225, -60]","[225, 90]","[150, 100]","[-75, 90]","[75, 90]","[225, 240]","[-225, 90]","[-75, 240]","[75, 240]","[-225, 240]","[-75, -210]","[75, -210]","[225, -210]","[100, 100]","[-75, -60]","[75, -60]","[225, -60]","[-225, -210]",1,16,"[100, 100]","[100, 100]",tray,08.png,tray1.png,01.png,07.png,04.png,05.png,02.png,m,"[100, 100]","[100, 100]","[100, 100]","[100, 100]","[100, 100]","[100, 100]","[100, 100]","[100, 100]","[100, 100]","[100, 100]","[100, 100]","[0, -375]",ok.png,"[100, 100]","[100, 100]",313,1,1,1,1,0,0,0,0,0,0,0,4.89610385895,4.896103858947754,0,-209,-209,-192,-192,1,1,0,0,0,0,0,0,0,0.628606379032,0.628606379032135,0,-11,-11,-347,-347,56
29.png,17.png,06.png,16.png,15.png,03.png,33.png,08.png,13.png,"[-221, -87]","[229, 63]","[150, 100]","[-71, 63]","[79, 63]","[229, 213]","[-221, 63]","[-71, 213]","[79, 213]","[-221, 213]","[-71, -237]","[79, -237]","[229, -237]","[100, 100]","[-71, -87]","[79, -87]","[229, -87]","[-221, -237]",1,16,"[100, 100]","[100, 100]",tray,10.png,23.png,28.png,02.png,01.png,tray1.png,12.png,m,"[100, 100]","[100, 100]","[100, 100]","[100, 100]","[100, 100]","[100, 100]","[100, 100]","[100, 100]","[100, 100]","[100, 100]","[100, 100]","[0, -375]",ok.png,"[100, 100]","[100, 100]",314,1,1,1,1,0,0,0,0,0,0,0,2.91807174683,2.918071746826172,0,-77,-77,-230,-230,1,1,0,0,0,0,0,0,0,0.605721354485,0.6057213544845581,0,-3,-3,-359,-359,33
32.png,30.png,08.png,16.png,14.png,06.png,04.png,33.png,27.png,"[-227, -75]","[223, 75]","[150, 100]","[-77, 75]","[73, 75]","[223, 225]","[-227, 75]","[-77, 225]","[73, 225]","[-227, 225]","[-77, -225]","[73, -225]","[223, -225]","[100, 100]","[-77, -75]","[73, -75]","[223, -75]","[-227, -225]",1,16,"[100, 100]","[100, 100]",tray,13.png,07.png,23.png,17.png,24.png,03.png,tray1.png,m,"[100, 100]","[100, 100]","[100, 100]","[100, 100]","[100, 100]","[100, 100]","[100, 100]","[100, 100]","[100, 100]","[100, 100]","[100, 100]","[0, -375]",ok.png,"[100, 100]","[100, 100]",315,1,1,1,1,0,0,0,0,0,0,0,2.06349825859,2.063498258590698,0,92,92,-226,-226,1,1,0,0,0,0,0,0,0,1.05704665184,1.05704665184021,0,38,38,-364,-364,376
04.png,20.png,30.png,02.png,12.png,16.png,03.png,04.png,24.png,"[-230, -52]","[220, 98]","[150, 100]","[-80, 98]","[70, 98]","[220, 248]","[-230, 98]","[-80, 248]","[70, 248]","[-230, 248]","[-80, -202]","[70, -202]","[220, -202]","[100, 100]","[-80, -52]","[70, -52]","[220, -52]","[-230, -202]",1,16,"[100, 100]","[100, 100]",tray,27.png,14.png,23.png,33.png,tray1.png,07.png,17.png,m,"[100, 100]","[100, 100]","[100, 100]","[100, 100]","[100, 100]","[100, 100]","[100, 100]","[100, 100]","[100, 100]","[100, 100]","[100, 100]","[0, -375]",ok.png,"[100, 100]","[100, 100]",316,1,1,1,1,0,0,0,0,0,0,0,7.48442554474,7.48442554473877,0,243,243,-222,-222,1,1,0,0,0,0,0,0,0,0.93310713768,0.9331071376800536,0,0,0,-378,-378,8
03.png,19.png,29.png,09.png,25.png,02.png,32.png,11.png,12.png,"[-250, -55]","[200, 95]","[150, 100]","[-100, 95]","[50, 95]","[200, 245]","[-250, 95]","[-100, 245]","[50, 245]","[-250, 245]","[-100, -205]","[50, -205]","[200, -205]","[100, 100]","[-100, -55]","[50, -55]","[200, -55]","[-250, -205]",1,16,"[100, 100]","[100, 100]",tray,31.png,13.png,22.png,16.png,18.png,04.png,tray1.png,m,"[100, 100]","[100, 100]","[100, 100]","[100, 100]","[100, 100]","[100, 100]","[100, 100]","[100, 100]","[100, 100]","[100, 100]","[100, 100]","[0, -375]",ok.png,"[100, 100]","[100, 100]",317,1,1,1,1,0,0,0,0,0,0,0,2.55194163322,2.551941633224487,0,55,55,-215,-215,1,1,0,0,0,0,0,0,0,1.51160228252,1.511602282524109,0,16,16,-380,-380,367
16.png,13.png,11.png,05.png,21.png,30.png,07.png,23.png,01.png,"[-246, -86]","[204, 64]","[150, 100]","[-96, 64]","[54, 64]","[204, 214]","[-246, 64]","[-96, 214]","[54, 214]","[-246, 214]","[-96, -236]","[54, -236]","[204, -236]","[100, 100]","[-96, -86]","[54, -86]","[204, -86]","[-246, -236]",1,16,"[100, 100]","[100, 100]",tray,25.png,03.png,27.png,28.png,15.png,tray1.png,08.png,m,"[100, 100]","[100, 100]","[100, 100]","[100, 100]","[100, 100]","[100, 100]","[100, 100]","[100, 100]","[100, 100]","[100, 100]","[100, 100]","[0, -375]",ok.png,"[100, 100]","[100, 100]",318,1,1,1,1,0,0,0,0,0,0,0,6.30432462692,6.304324626922607,0,-114,-114,-212,-212,1,1,0,0,0,0,0,0,0,0.842587530613,0.8425875306129456,0,-13,-13,-385,-385,315
06.png,21.png,15.png,17.png,20.png,05.png,16.png,28.png,29.png,"[-206, -71]","[244, 79]","[150, 100]","[-56, 79]","[94, 79]","[244, 229]","[-206, 79]","[-56, 229]","[94, 229]","[-206, 229]","[-56, -221]","[94, -221]","[244, -221]","[100, 100]","[-56, -71]","[94, -71]","[244, -71]","[-206, -221]",1,16,"[100, 100]","[100, 100]",tray,23.png,tray1.png,09.png,02.png,32.png,14.png,07.png,m,"[100, 100]","[100, 100]","[100, 100]","[100, 100]","[100, 100]","[100, 100]","[100, 100]","[100, 100]","[100, 100]","[100, 100]","[100, 100]","[0, -375]",ok.png,"[100, 100]","[100, 100]",319,1,1,1,1,0,0,0,0,0,0,0,2.5122492313400002,2.512249231338501,0,-179,-179,-218,-218,1,1,0,0,0,0,0,0,0,0.791686713696,0.7916867136955261,0,-45,-45,-367,-367,222
06.png,11.png,01.png,28.png,12.png,17.png,19.png,34.png,15.png,"[-240, -56]","[210, 94]","[150, 100]","[-90, 94]","[60, 94]","[210, 244]","[-240, 94]","[-90, 244]","[60, 244]","[-240, 244]","[-90, -206]","[60, -206]","[210, -206]","[100, 100]","[-90, -56]","[60, -56]","[210, -56]","[-240, -206]",1,16,"[100, 100]","[100, 100]",tray,tray1.png,31.png,30.png,08.png,03.png,21.png,32.png,m,"[100, 100]","[100, 100]","[100, 100]","[100, 100]","[100, 100]","[100, 100]","[100, 100]","[100, 100]","[100, 100]","[100, 100]","[100, 100]","[0, -375]",ok.png,"[100, 100]","[100, 100]",320,1,1,1,1,0,0,0,0,0,0,0,2.75644254684,2.756442546844482,0,218,218,-62,-62,1,1,0,0,0,0,0,0,0,1.64169478416,1.641694784164429,0,11,11,-376,-376,13
09.png,03.png,12.png,04.png,32.png,31.png,24.png,27.png,07.png,"[-249, -91]","[201, 59]","[150, 100]","[-99, 59]","[51, 59]","[201, 209]","[-249, 59]","[-99, 209]","[51, 209]","[-249, 209]","[-99, -241]","[51, -241]","[201, -241]","[100, 100]","[-99, -91]","[51, -91]","[201, -91]","[-249, -241]",1,16,"[100, 100]","[100, 100]",tray,10.png,13.png,09.png,tray1.png,28.png,16.png,22.png,m,"[100, 100]","[100, 100]","[100, 100]","[100, 100]","[100, 100]","[100, 100]","[100, 100]","[100, 100]","[100, 100]","[100, 100]","[100, 100]","[0, -375]",ok.png,"[100, 100]","[100, 100]",321,1,1,1,1,0,0,0,0,0,0,0,6.49038553238,6.49038553237915,0,83,83,-104,-104,1,1,0,0,0,0,0,0,0,0.643160820007,0.6431608200073242,0,6,6,-365,-365,136
18.png,14.png,25.png,12.png,33.png,19.png,05.png,08.png,01.png,"[-220, -97]","[230, 53]","[150, 100]","[-70, 53]","[80, 53]","[230, 203]","[-220, 53]","[-70, 203]","[80, 203]","[-220, 203]","[-70, -247]","[80, -247]","[230, -247]","[100, 100]","[-70, -97]","[80, -97]","[230, -97]","[-220, -247]",1,16,"[100, 100]","[100, 100]",tray,10.png,34.png,tray1.png,07.png,30.png,20.png,26.png,m,"[100, 100]","[100, 100]","[100, 100]","[100, 100]","[100, 100]","[100, 100]","[100, 100]","[100, 100]","[100, 100]","[100, 100]","[100, 100]","[0, -375]",ok.png,"[100, 100]","[100, 100]",322,1,1,1,1,0,0,0,0,0,0,0,2.21383571625,2.213835716247559,0,-95,-95,-87,-87,1,1,0,0,0,0,0,0,0,2.35895752907,2.358957529067993,0,-7,-7,-372,-372,296
11.png,13.png,17.png,18.png,21.png,14.png,25.png,09.png,tray1.png,"[-225, -52]","[225, 98]","[150, 100]","[-75, 98]","[75, 98]","[225, 248]","[-225, 98]","[-75, 248]","[75, 248]","[-225, 248]","[-75, -202]","[75, -202]","[225, -202]","[100, 100]","[-75, -52]","[75, -52]","[225, -52]","[-225, -202]",1,16,"[100, 100]","[100, 100]",tray,30.png,26.png,02.png,04.png,01.png,24.png,33.png,m,"[100, 100]","[100, 100]","[100, 100]","[100, 100]","[100, 100]","[100, 100]","[100, 100]","[100, 100]","[100, 100]","[100, 100]","[100, 100]","[0, -375]",ok.png,"[100, 100]","[100, 100]",323,1,1,1,1,0,0,0,0,0,0,0,2.53643989563,2.536439895629883,0,-228,-228,-46,-46,1,1,0,0,0,0,0,0,0,0.577299416065,0.5772994160652161,0,-5,-5,-395,-395,336
08.png,14.png,10.png,20.png,11.png,07.png,22.png,tray1.png,18.png,"[-229, -82]","[221, 68]","[150, 100]","[-79, 68]","[71, 68]","[221, 218]","[-229, 68]","[-79, 218]","[71, 218]","[-229, 218]","[-79, -232]","[71, -232]","[221, -232]","[100, 100]","[-79, -82]","[71, -82]","[221, -82]","[-229, -232]",1,16,"[100, 100]","[100, 100]",tray,30.png,09.png,31.png,26.png,19.png,29.png,03.png,m,"[100, 100]","[100, 100]","[100, 100]","[100, 100]","[100, 100]","[100, 100]","[100, 100]","[100, 100]","[100, 100]","[100, 100]","[100, 100]","[0, -375]",ok.png,"[100, 100]","[100, 100]",324,1,1,1,1,0,0,0,0,0,0,0,2.34297442436,2.342974424362183,0,238,238,125,125,1,1,0,0,0,0,0,0,0,1.66751897335,1.667518973350525,0,15,15,-383,-383,391
31.png,03.png,13.png,11.png,23.png,21.png,tray1.png,30.png,33.png,"[-234, -78]","[216, 72]","[150, 100]","[-84, 72]","[66, 72]","[216, 222]","[-234, 72]","[-84, 222]","[66, 222]","[-234, 222]","[-84, -228]","[66, -228]","[216, -228]","[100, 100]","[-84, -78]","[66, -78]","[216, -78]","[-234, -228]",1,16,"[100, 100]","[100, 100]",tray,05.png,19.png,15.png,14.png,26.png,32.png,29.png,m,"[100, 100]","[100, 100]","[100, 100]","[100, 100]","[100, 100]","[100, 100]","[100, 100]","[100, 100]","[100, 100]","[100, 100]","[100, 100]","[0, -375]",ok.png,"[100, 100]","[100, 100]",325,1,1,1,1,0,0,0,0,0,0,0,1.68372619152,1.683726191520691,0,57,57,73,73,1,1,0,0,0,0,0,0,0,1.35778784752,1.357787847518921,0,-29,-29,-396,-396,235
15.png,14.png,13.png,12.png,11.png,10.png,09.png,08.png,07.png,"[-209, -61]","[241, 89]","[150, 100]","[-59, 89]","[91, 89]","[241, 239]","[-209, 89]","[-59, 239]","[91, 239]","[-209, 239]","[-59, -211]","[91, -211]","[241, -211]","[100, 100]","[-59, -61]","[91, -61]","[241, -61]","[-209, -211]",1,16,"[100, 100]","[100, 100]",tray,04.png,03.png,06.png,05.png,tray2.png,02.png,01.png,m,"[100, 100]","[100, 100]","[100, 100]","[100, 100]","[100, 100]","[100, 100]","[100, 100]","[100, 100]","[100, 100]","[100, 100]","[100, 100]","[0, -375]",ok.png,"[100, 100]","[100, 100]",326,1,1,1,1,0,0,0,0,0,0,0,7.67603969574,7.676039695739746,0,236,236,-217,-217,1,1,0,0,0,0,0,0,0,0.762495398521,0.7624953985214233,0,-8,-8,-386,-386,313
23.png,22.png,31.png,32.png,33.png,34.png,14.png,15.png,13.png,"[-206, -74]","[244, 76]","[150, 100]","[-56, 76]","[94, 76]","[244, 226]","[-206, 76]","[-56, 226]","[94, 226]","[-206, 226]","[-56, -224]","[94, -224]","[244, -224]","[100, 100]","[-56, -74]","[94, -74]","[244, -74]","[-206, -224]",1,16,"[100, 100]","[100, 100]",tray,10.png,01.png,12.png,11.png,08.png,09.png,tray2.png,m,"[100, 100]","[100, 100]","[100, 100]","[100, 100]","[100, 100]","[100, 100]","[100, 100]","[100, 100]","[100, 100]","[100, 100]","[100, 100]","[0, -375]",ok.png,"[100, 100]","[100, 100]",327,1,1,1,1,0,0,0,0,0,0,0,1.87597501278,1.875975012779236,0,82,82,-232,-232,1,1,0,0,0,0,0,0,0,1.41641688347,1.416416883468628,0,-23,-23,-392,-392,196
27.png,30.png,25.png,24.png,23.png,22.png,21.png,20.png,19.png,"[-232, -74]","[218, 76]","[150, 100]","[-82, 76]","[68, 76]","[218, 226]","[-232, 76]","[-82, 226]","[68, 226]","[-232, 226]","[-82, -224]","[68, -224]","[218, -224]","[100, 100]","[-82, -74]","[68, -74]","[218, -74]","[-232, -224]",1,16,"[100, 100]","[100, 100]",tray,16.png,15.png,18.png,17.png,05.png,tray2.png,06.png,m,"[100, 100]","[100, 100]","[100, 100]","[100, 100]","[100, 100]","[100, 100]","[100, 100]","[100, 100]","[100, 100]","[100, 100]","[100, 100]","[0, -375]",ok.png,"[100, 100]","[100, 100]",328,1,1,1,1,0,0,0,0,0,0,0,2.43022036552,2.430220365524292,0,-89,-89,-230,-230,1,1,0,0,0,0,0,0,0,0.886386334896,0.8863863348960876,0,-33,-33,-396,-396,351
33.png,32.png,30.png,29.png,08.png,02.png,31.png,27.png,26.png,"[-237, -83]","[213, 67]","[150, 100]","[-87, 67]","[63, 67]","[213, 217]","[-237, 67]","[-87, 217]","[63, 217]","[-237, 217]","[-87, -233]","[63, -233]","[213, -233]","[100, 100]","[-87, -83]","[63, -83]","[213, -83]","[-237, -233]",1,16,"[100, 100]","[100, 100]",tray,03.png,tray2.png,28.png,12.png,22.png,24.png,23.png,m,"[100, 100]","[100, 100]","[100, 100]","[100, 100]","[100, 100]","[100, 100]","[100, 100]","[100, 100]","[100, 100]","[100, 100]","[100, 100]","[0, -375]",ok.png,"[100, 100]","[100, 100]",329,1,1,1,1,0,0,0,0,0,0,0,6.53167486191,6.531674861907959,0,-216,-216,-233,-233,1,1,0,0,0,0,0,0,0,0.811016798019,0.8110167980194092,0,29,29,-375,-375,203
28.png,26.png,24.png,22.png,01.png,34.png,33.png,32.png,31.png,"[-216, -66]","[234, 84]","[150, 100]","[-66, 84]","[84, 84]","[234, 234]","[-216, 84]","[-66, 234]","[84, 234]","[-216, 234]","[-66, -216]","[84, -216]","[234, -216]","[100, 100]","[-66, -66]","[84, -66]","[234, -66]","[-216, -216]",1,16,"[100, 100]","[100, 100]",tray,tray2.png,08.png,30.png,29.png,02.png,06.png,04.png,m,"[100, 100]","[100, 100]","[100, 100]","[100, 100]","[100, 100]","[100, 100]","[100, 100]","[100, 100]","[100, 100]","[100, 100]","[100, 100]","[0, -375]",ok.png,"[100, 100]","[100, 100]",330,1,1,1,1,0,0,0,0,0,0,0,2.31590628624,2.315906286239624,0,224,224,-45,-45,1,1,0,0,0,0,0,0,0,0.611907184124,0.6119071841239929,0,-8,-8,-360,-360,211
32.png,30.png,23.png,17.png,29.png,09.png,15.png,06.png,26.png,"[-211, -50]","[239, 100]","[150, 100]","[-61, 100]","[89, 100]","[239, 250]","[-211, 100]","[-61, 250]","[89, 250]","[-211, 250]","[-61, -200]","[89, -200]","[239, -200]","[100, 100]","[-61, -50]","[89, -50]","[239, -50]","[-211, -200]",1,16,"[100, 100]","[100, 100]",tray,04.png,27.png,11.png,tray2.png,01.png,07.png,34.png,m,"[100, 100]","[100, 100]","[100, 100]","[100, 100]","[100, 100]","[100, 100]","[100, 100]","[100, 100]","[100, 100]","[100, 100]","[100, 100]","[0, -375]",ok.png,"[100, 100]","[100, 100]",331,1,1,1,1,0,0,0,0,0,0,0,1.37161672115,1.371616721153259,0,75,75,-46,-46,1,1,0,0,0,0,0,0,0,1.8410243988,1.841024398803711,0,-29,-29,-357,-357,405
17.png,09.png,22.png,06.png,27.png,13.png,14.png,18.png,25.png,"[-237, -100]","[213, 50]","[150, 100]","[-87, 50]","[63, 50]","[213, 200]","[-237, 50]","[-87, 200]","[63, 200]","[-237, 200]","[-87, -250]","[63, -250]","[213, -250]","[100, 100]","[-87, -100]","[63, -100]","[213, -100]","[-237, -250]",1,16,"[100, 100]","[100, 100]",tray,07.png,05.png,tray2.png,03.png,12.png,02.png,24.png,m,"[100, 100]","[100, 100]","[100, 100]","[100, 100]","[100, 100]","[100, 100]","[100, 100]","[100, 100]","[100, 100]","[100, 100]","[100, 100]","[0, -375]",ok.png,"[100, 100]","[100, 100]",332,1,1,1,1,0,0,0,0,0,0,0,1.49528181553,1.49528181552887,0,-114,-114,-111,-111,1,1,0,0,0,0,0,0,0,0.653633415699,0.6536334156990051,0,-16,-16,-368,-368,223
22.png,33.png,01.png,09.png,31.png,25.png,17.png,30.png,tray2.png,"[-206, -94]","[244, 56]","[150, 100]","[-56, 56]","[94, 56]","[244, 206]","[-206, 56]","[-56, 206]","[94, 206]","[-206, 206]","[-56, -244]","[94, -244]","[244, -244]","[100, 100]","[-56, -94]","[94, -94]","[244, -94]","[-206, -244]",1,16,"[100, 100]","[100, 100]",tray,20.png,07.png,27.png,15.png,13.png,33.png,05.png,m,"[100, 100]","[100, 100]","[100, 100]","[100, 100]","[100, 100]","[100, 100]","[100, 100]","[100, 100]","[100, 100]","[100, 100]","[100, 100]","[0, -375]",ok.png,"[100, 100]","[100, 100]",333,1,1,1,1,0,0,0,0,0,0,0,2.73408603668,2.734086036682129,0,-227,-227,-84,-84,1,1,0,0,0,0,0,0,0,0.868523240089,0.8685232400894165,0,-24,-24,-357,-357,420
33.png,31.png,25.png,21.png,27.png,23.png,29.png,tray2.png,06.png,"[-240, -79]","[210, 71]","[150, 100]","[-90, 71]","[60, 71]","[210, 221]","[-240, 71]","[-90, 221]","[60, 221]","[-240, 221]","[-90, -229]","[60, -229]","[210, -229]","[100, 100]","[-90, -79]","[60, -79]","[210, -79]","[-240, -229]",1,16,"[100, 100]","[100, 100]",tray,02.png,16.png,04.png,08.png,07.png,13.png,10.png,m,"[100, 100]","[100, 100]","[100, 100]","[100, 100]","[100, 100]","[100, 100]","[100, 100]","[100, 100]","[100, 100]","[100, 100]","[100, 100]","[0, -375]",ok.png,"[100, 100]","[100, 100]",334,1,1,1,1,0,0,0,0,0,0,0,1.82395160198,1.823951601982117,0,224,224,75,75,1,1,0,0,0,0,0,0,0,1.85954606533,1.859546065330505,0,10,10,-359,-359,342
30.png,32.png,27.png,21.png,26.png,24.png,tray2.png,22.png,20.png,"[-223, -57]","[227, 93]","[150, 100]","[-73, 93]","[77, 93]","[227, 243]","[-223, 93]","[-73, 243]","[77, 243]","[-223, 243]","[-73, -207]","[77, -207]","[227, -207]","[100, 100]","[-73, -57]","[77, -57]","[227, -57]","[-223, -207]",1,16,"[100, 100]","[100, 100]",tray,14.png,03.png,18.png,16.png,09.png,05.png,07.png,m,"[100, 100]","[100, 100]","[100, 100]","[100, 100]","[100, 100]","[100, 100]","[100, 100]","[100, 100]","[100, 100]","[100, 100]","[100, 100]","[0, -375]",ok.png,"[100, 100]","[100, 100]",335,1,1,1,1,0,0,0,0,0,0,0,2.95254802704,2.952548027038574,0,78,78,82,82,1,1,0,0,0,0,0,0,0,0.682319104671,0.6823191046714783,0,-40,-40,-369,-369,442
01.png,18.png,27.png,24.png,21.png,tray2.png,19.png,16.png,32.png,"[-241, -60]","[209, 90]","[150, 100]","[-91, 90]","[59, 90]","[209, 240]","[-241, 90]","[-91, 240]","[59, 240]","[-241, 240]","[-91, -210]","[59, -210]","[209, -210]","[100, 100]","[-91, -60]","[59, -60]","[209, -60]","[-241, -210]",1,16,"[100, 100]","[100, 100]",tray,13.png,31.png,34.png,10.png,05.png,33.png,14.png,m,"[100, 100]","[100, 100]","[100, 100]","[100, 100]","[100, 100]","[100, 100]","[100, 100]","[100, 100]","[100, 100]","[100, 100]","[100, 100]","[0, -375]",ok.png,"[100, 100]","[100, 100]",336,1,1,1,1,0,0,0,0,0,0,0,1.11441111565,1.114411115646362,0,-91,-91,94,94,1,1,0,0,0,0,0,0,0,2.52902650833,2.529026508331299,0,16,16,-411,-411,93
34.png,27.png,08.png,18.png,tray2.png,11.png,16.png,21.png,17.png,"[-238, -100]","[212, 50]","[150, 100]","[-88, 50]","[62, 50]","[212, 200]","[-238, 50]","[-88, 200]","[62, 200]","[-238, 200]","[-88, -250]","[62, -250]","[212, -250]","[100, 100]","[-88, -100]","[62, -100]","[212, -100]","[-238, -250]",1,16,"[100, 100]","[100, 100]",tray,09.png,25.png,04.png,24.png,10.png,20.png,15.png,m,"[100, 100]","[100, 100]","[100, 100]","[100, 100]","[100, 100]","[100, 100]","[100, 100]","[100, 100]","[100, 100]","[100, 100]","[100, 100]","[0, -375]",ok.png,"[100, 100]","[100, 100]",337,1,1,1,1,0,0,0,0,0,0,0,1.37163591385,1.371635913848877,0,-231,-231,57,57,1,1,0,0,0,0,0,0,0,0.877106010914,0.8771060109138489,0,-1,-1,-344,-344,398
04.png,02.png,05.png,tray2.png,08.png,07.png,01.png,03.png,26.png,"[-243, -77]","[207, 73]","[150, 100]","[-93, 73]","[57, 73]","[207, 223]","[-243, 73]","[-93, 223]","[57, 223]","[-243, 223]","[-93, -227]","[57, -227]","[207, -227]","[100, 100]","[-93, -77]","[57, -77]","[207, -77]","[-243, -227]",1,16,"[100, 100]","[100, 100]",tray,28.png,24.png,29.png,32.png,16.png,20.png,10.png,m,"[100, 100]","[100, 100]","[100, 100]","[100, 100]","[100, 100]","[100, 100]","[100, 100]","[100, 100]","[100, 100]","[100, 100]","[100, 100]","[0, -375]",ok.png,"[100, 100]","[100, 100]",338,1,1,1,1,0,0,0,0,0,0,0,1.75607728958,1.756077289581299,0,223,223,220,220,1,1,0,0,0,0,0,0,0,1.40450704098,1.404507040977478,0,-42,-42,-372,-372,310
01.png,12.png,tray2.png,23.png,10.png,02.png,28.png,13.png,08.png,"[-241, -92]","[209, 58]","[150, 100]","[-91, 58]","[59, 58]","[209, 208]","[-241, 58]","[-91, 208]","[59, 208]","[-241, 208]","[-91, -242]","[59, -242]","[209, -242]","[100, 100]","[-91, -92]","[59, -92]","[209, -92]","[-241, -242]",1,16,"[100, 100]","[100, 100]",tray,15.png,16.png,33.png,03.png,29.png,06.png,17.png,m,"[100, 100]","[100, 100]","[100, 100]","[100, 100]","[100, 100]","[100, 100]","[100, 100]","[100, 100]","[100, 100]","[100, 100]","[100, 100]","[0, -375]",ok.png,"[100, 100]","[100, 100]",339,1,1,1,1,0,0,0,0,0,0,0,2.83796167374,2.837961673736572,0,66,66,223,223,1,1,0,0,0,0,0,0,0,0.955005526543,0.9550055265426636,0,19,19,-376,-376,199
24.png,tray2.png,03.png,07.png,13.png,17.png,23.png,27.png,33.png,"[-217, -64]","[233, 86]","[150, 100]","[-67, 86]","[83, 86]","[233, 236]","[-217, 86]","[-67, 236]","[83, 236]","[-217, 236]","[-67, -214]","[83, -214]","[233, -214]","[100, 100]","[-67, -64]","[83, -64]","[233, -64]","[-217, -214]",1,16,"[100, 100]","[100, 100]",tray,14.png,16.png,04.png,06.png,32.png,08.png,30.png,m,"[100, 100]","[100, 100]","[100, 100]","[100, 100]","[100, 100]","[100, 100]","[100, 100]","[100, 100]","[100, 100]","[100, 100]","[100, 100]","[0, -375]",ok.png,"[100, 100]","[100, 100]",340,1,1,1,1,0,0,0,0,0,0,0,1.1687759161,1.168775916099548,0,-60,-60,226,226,1,1,0,0,0,0,0,0,0,2.01446652412,2.014466524124146,0,9,9,-364,-364,22
tray2.png,17.png,07.png,14.png,27.png,33.png,23.png,24.png,04.png,"[-204, -53]","[246, 97]","[150, 100]","[-54, 97]","[96, 97]","[246, 247]","[-204, 97]","[-54, 247]","[96, 247]","[-204, 247]","[-54, -203]","[96, -203]","[246, -203]","[100, 100]","[-54, -53]","[96, -53]","[246, -53]","[-204, -203]",1,16,"[100, 100]","[100, 100]",tray,12.png,02.png,03.png,16.png,04.png,30.png,20.png,m,"[100, 100]","[100, 100]","[100, 100]","[100, 100]","[100, 100]","[100, 100]","[100, 100]","[100, 100]","[100, 100]","[100, 100]","[100, 100]","[0, -375]",ok.png,"[100, 100]","[100, 100]",341,1,1,1,1,0,0,0,0,0,0,0,2.12255263329,2.122552633285522,0,-184,-184,263,263,1,1,0,0,0,0,0,0,0,0.871709406376,0.871709406375885,0,18,18,-393,-393,330
18.png,tray2.png,04.png,13.png,31.png,16.png,22.png,12.png,11.png,"[-235, -95]","[215, 55]","[150, 100]","[-85, 55]","[65, 55]","[215, 205]","[-235, 55]","[-85, 205]","[65, 205]","[-235, 205]","[-85, -245]","[65, -245]","[215, -245]","[100, 100]","[-85, -95]","[65, -95]","[215, -95]","[-235, -245]",1,16,"[100, 100]","[100, 100]",tray,25.png,09.png,32.png,02.png,03.png,29.png,19.png,m,"[100, 100]","[100, 100]","[100, 100]","[100, 100]","[100, 100]","[100, 100]","[100, 100]","[100, 100]","[100, 100]","[100, 100]","[100, 100]","[0, -375]",ok.png,"[100, 100]","[100, 100]",342,1,1,1,1,0,0,0,0,0,0,0,3.19875764847,3.198757648468018,0,-110,-110,209,209,1,1,0,0,0,0,0,0,0,1.02683997154,1.026839971542358,0,0,0,-348,-348,195
15.png,08.png,tray2.png,03.png,25.png,28.png,27.png,01.png,23.png,"[-247, -69]","[203, 81]","[150, 100]","[-97, 81]","[53, 81]","[203, 231]","[-247, 81]","[-97, 231]","[53, 231]","[-247, 231]","[-97, -219]","[53, -219]","[203, -219]","[100, 100]","[-97, -69]","[53, -69]","[203, -69]","[-247, -219]",1,16,"[100, 100]","[100, 100]",tray,21.png,05.png,07.png,30.png,16.png,11.png,13.png,m,"[100, 100]","[100, 100]","[100, 100]","[100, 100]","[100, 100]","[100, 100]","[100, 100]","[100, 100]","[100, 100]","[100, 100]","[100, 100]","[0, -375]",ok.png,"[100, 100]","[100, 100]",343,1,1,1,1,0,0,0,0,0,0,0,1.41511642933,1.415116429328918,0,79,79,248,248,1,1,0,0,0,0,0,0,0,0.967541098595,0.9675410985946656,0,-10,-10,-375,-375,137
32.png,07.png,14.png,tray2.png,23.png,02.png,09.png,29.png,28.png,"[-249, -91]","[201, 59]","[150, 100]","[-99, 59]","[51, 59]","[201, 209]","[-249, 59]","[-99, 209]","[51, 209]","[-249, 209]","[-99, -241]","[51, -241]","[201, -241]","[100, 100]","[-99, -91]","[51, -91]","[201, -91]","[-249, -241]",1,16,"[100, 100]","[100, 100]",tray,20.png,17.png,16.png,05.png,06.png,15.png,21.png,m,"[100, 100]","[100, 100]","[100, 100]","[100, 100]","[100, 100]","[100, 100]","[100, 100]","[100, 100]","[100, 100]","[100, 100]","[100, 100]","[0, -375]",ok.png,"[100, 100]","[100, 100]",344,1,1,1,1,0,0,0,0,0,0,0,1.21530377865,1.215303778648376,0,197,197,211,211,1,1,0,0,0,0,0,0,0,2.01272678375,2.012726783752441,0,-20,-20,-374,-374,88
03.png,32.png,21.png,31.png,tray2.png,08.png,30.png,15.png,34.png,"[-248, -69]","[202, 81]","[150, 100]","[-98, 81]","[52, 81]","[202, 231]","[-248, 81]","[-98, 231]","[52, 231]","[-248, 231]","[-98, -219]","[52, -219]","[202, -219]","[100, 100]","[-98, -69]","[52, -69]","[202, -69]","[-248, -219]",1,16,"[100, 100]","[100, 100]",tray,12.png,28.png,19.png,17.png,06.png,01.png,11.png,m,"[100, 100]","[100, 100]","[100, 100]","[100, 100]","[100, 100]","[100, 100]","[100, 100]","[100, 100]","[100, 100]","[100, 100]","[100, 100]","[0, -375]",ok.png,"[100, 100]","[100, 100]",345,1,1,1,1,0,0,0,0,0,0,0,1.63694036007,1.636940360069275,0,-229,-229,87,87,1,1,0,0,0,0,0,0,0,1.27622568607,1.276225686073303,0,19,19,-403,-403,161
28.png,22.png,16.png,13.png,10.png,tray2.png,09.png,07.png,27.png,"[-249, -60]","[201, 90]","[150, 100]","[-99, 90]","[51, 90]","[201, 240]","[-249, 90]","[-99, 240]","[51, 240]","[-249, 240]","[-99, -210]","[51, -210]","[201, -210]","[100, 100]","[-99, -60]","[51, -60]","[201, -60]","[-249, -210]",1,16,"[100, 100]","[100, 100]",tray,32.png,04.png,24.png,31.png,09.png,12.png,03.png,m,"[100, 100]","[100, 100]","[100, 100]","[100, 100]","[100, 100]","[100, 100]","[100, 100]","[100, 100]","[100, 100]","[100, 100]","[100, 100]","[0, -375]",ok.png,"[100, 100]","[100, 100]",346,1,1,1,1,0,0,0,0,0,0,0,1.01828968525,1.018289685249329,0,-109,-109,94,94,1,1,0,0,0,0,0,0,0,1.22845971584,1.228459715843201,0,4,4,-355,-355,362
30.png,26.png,20.png,34.png,10.png,07.png,tray2.png,01.png,08.png,"[-235, -86]","[215, 64]","[150, 100]","[-85, 64]","[65, 64]","[215, 214]","[-235, 64]","[-85, 214]","[65, 214]","[-235, 214]","[-85, -236]","[65, -236]","[215, -236]","[100, 100]","[-85, -86]","[65, -86]","[215, -86]","[-235, -236]",1,16,"[100, 100]","[100, 100]",tray,33.png,12.png,05.png,19.png,18.png,25.png,14.png,m,"[100, 100]","[100, 100]","[100, 100]","[100, 100]","[100, 100]","[100, 100]","[100, 100]","[100, 100]","[100, 100]","[100, 100]","[100, 100]","[0, -375]",ok.png,"[100, 100]","[100, 100]",347,1,1,1,1,0,0,0,0,0,0,0,1.30782449245,1.307824492454529,0,36,36,80,80,1,1,0,0,0,0,0,0,0,2.41727924347,2.417279243469238,0,-18,-18,-370,-370,411
01.png,33.png,24.png,26.png,30.png,04.png,02.png,tray2.png,09.png,"[-242, -87]","[208, 63]","[150, 100]","[-92, 63]","[58, 63]","[208, 213]","[-242, 63]","[-92, 213]","[58, 213]","[-242, 213]","[-92, -237]","[58, -237]","[208, -237]","[100, 100]","[-92, -87]","[58, -87]","[208, -87]","[-242, -237]",1,16,"[100, 100]","[100, 100]",tray,21.png,18.png,25.png,14.png,11.png,17.png,13.png,m,"[100, 100]","[100, 100]","[100, 100]","[100, 100]","[100, 100]","[100, 100]","[100, 100]","[100, 100]","[100, 100]","[100, 100]","[100, 100]","[0, -375]",ok.png,"[100, 100]","[100, 100]",348,1,1,1,1,0,0,0,0,0,0,0,1.33706986904,1.337069869041443,0,208,208,85,85,1,1,0,0,0,0,0,0,0,0.05253924429419999,0.05253924429416656,0,208,208,85,85,356
19.png,03.png,29.png,09.png,30.png,26.png,31.png,18.png,tray2.png,"[-225, -87]","[225, 63]","[150, 100]","[-75, 63]","[75, 63]","[225, 213]","[-225, 63]","[-75, 213]","[75, 213]","[-225, 213]","[-75, -237]","[75, -237]","[225, -237]","[100, 100]","[-75, -87]","[75, -87]","[225, -87]","[-225, -237]",1,16,"[100, 100]","[100, 100]",tray,11.png,20.png,22.png,07.png,08.png,10.png,14.png,m,"[100, 100]","[100, 100]","[100, 100]","[100, 100]","[100, 100]","[100, 100]","[100, 100]","[100, 100]","[100, 100]","[100, 100]","[100, 100]","[0, -375]",ok.png,"[100, 100]","[100, 100]",349,1,1,1,1,0,0,0,0,0,0,0,1.65352666378,1.653526663780212,0,-212,-212,-70,-70,1,1,0,0,0,0,0,0,0,1.2293266058,1.229326605796814,0,8,8,-385,-385,110
26.png,29.png,32.png,19.png,05.png,14.png,15.png,33.png,30.png,"[-250, -51]","[200, 99]","[150, 100]","[-100, 99]","[50, 99]","[200, 249]","[-250, 99]","[-100, 249]","[50, 249]","[-250, 249]","[-100, -201]","[50, -201]","[200, -201]","[100, 100]","[-100, -51]","[50, -51]","[200, -51]","[-250, -201]",1,16,"[100, 100]","[100, 100]",tray,23.png,11.png,tray2.png,21.png,31.png,13.png,03.png,m,"[100, 100]","[100, 100]","[100, 100]","[100, 100]","[100, 100]","[100, 100]","[100, 100]","[100, 100]","[100, 100]","[100, 100]","[100, 100]","[0, -375]",ok.png,"[100, 100]","[100, 100]",350,1,1,1,1,0,0,0,0,0,0,0,1.24680483341,1.24680483341217,0,-80,-80,-49,-49,1,1,0,0,0,0,0,0,0,0.978111922741,0.9781119227409364,0,1,1,-401,-401,279
dots1.png,01.png,02.png,03.png,04.png,05.png,06.png,07.png,08.png,"[-235, -54]","[215, 96]","[150, 100]","[-85, 96]","[65, 96]","[215, 246]","[-235, 96]","[-85, 246]","[65, 246]","[-235, 246]","[-85, -204]","[65, -204]","[215, -204]","[100, 100]","[-85, -54]","[65, -54]","[215, -54]","[-235, -204]",1,16,"[100, 100]","[100, 100]",dots,11.png,12.png,09.png,10.png,15.png,13.png,14.png,m,"[100, 100]","[100, 100]","[100, 100]","[100, 100]","[100, 100]","[100, 100]","[100, 100]","[100, 100]","[100, 100]","[100, 100]","[100, 100]","[0, -375]",ok.png,"[100, 100]","[100, 100]",351,2,1,1,1,0,0,0,0,0,0,0,1.15015816689,1.150158166885376,0,-257,-257,238,238,1,1,0,0,0,0,0,0,0,0.0524225793779,0.05242257937788963,0,-257,-257,238,238,184
08.png,dots1.png,09.png,01.png,10.png,11.png,12.png,13.png,15.png,"[-225, -77]","[225, 73]","[150, 100]","[-75, 73]","[75, 73]","[225, 223]","[-225, 73]","[-75, 223]","[75, 223]","[-225, 223]","[-75, -227]","[75, -227]","[225, -227]","[100, 100]","[-75, -77]","[75, -77]","[225, -77]","[-225, -227]",1,16,"[100, 100]","[100, 100]",dots,33.png,32.png,14.png,34.png,23.png,31.png,22.png,m,"[100, 100]","[100, 100]","[100, 100]","[100, 100]","[100, 100]","[100, 100]","[100, 100]","[100, 100]","[100, 100]","[100, 100]","[100, 100]","[0, -375]",ok.png,"[100, 100]","[100, 100]",352,2,1,1,1,0,0,0,0,0,0,0,1.21667635441,1.216676354408264,0,-87,-87,233,233,1,1,0,0,0,0,0,0,0,1.49703145027,1.497031450271606,0,32,32,-359,-359,227
05.png,06.png,dots1.png,15.png,16.png,17.png,18.png,19.png,20.png,"[-226, -66]","[224, 84]","[150, 100]","[-76, 84]","[74, 84]","[224, 234]","[-226, 84]","[-76, 234]","[74, 234]","[-226, 234]","[-76, -216]","[74, -216]","[224, -216]","[100, 100]","[-76, -66]","[74, -66]","[224, -66]","[-226, -216]",1,16,"[100, 100]","[100, 100]",dots,23.png,24.png,21.png,22.png,27.png,25.png,30.png,m,"[100, 100]","[100, 100]","[100, 100]","[100, 100]","[100, 100]","[100, 100]","[100, 100]","[100, 100]","[100, 100]","[100, 100]","[100, 100]","[0, -375]",ok.png,"[100, 100]","[100, 100]",353,2,1,1,1,0,0,0,0,0,0,0,1.55604112148,1.556041121482849,0,65,65,216,216,1,1,0,0,0,0,0,0,0,0.052294626832,0.05229462683200836,0,65,65,216,216,200
22.png,23.png,24.png,dots1.png,03.png,12.png,25.png,26.png,02.png,"[-241, -75]","[209, 75]","[150, 100]","[-91, 75]","[59, 75]","[209, 225]","[-241, 75]","[-91, 225]","[59, 225]","[-241, 225]","[-91, -225]","[59, -225]","[209, -225]","[100, 100]","[-91, -75]","[59, -75]","[209, -75]","[-241, -225]",1,16,"[100, 100]","[100, 100]",dots,28.png,29.png,08.png,27.png,32.png,30.png,31.png,m,"[100, 100]","[100, 100]","[100, 100]","[100, 100]","[100, 100]","[100, 100]","[100, 100]","[100, 100]","[100, 100]","[100, 100]","[100, 100]","[0, -375]",ok.png,"[100, 100]","[100, 100]",354,2,1,1,1,0,0,0,0,0,0,0,2.28667259216,2.286672592163086,0,218,218,218,218,1,1,0,0,0,0,0,0,0,1.59034514427,1.590345144271851,0,19,19,-384,-384,5
02.png,04.png,06.png,08.png,dots1.png,29.png,30.png,31.png,32.png,"[-247, -91]","[203, 59]","[150, 100]","[-97, 59]","[53, 59]","[203, 209]","[-247, 59]","[-97, 209]","[53, 209]","[-247, 209]","[-97, -241]","[53, -241]","[203, -241]","[100, 100]","[-97, -91]","[53, -91]","[203, -91]","[-247, -241]",1,16,"[100, 100]","[100, 100]",dots,01.png,22.png,33.png,34.png,28.png,24.png,26.png,m,"[100, 100]","[100, 100]","[100, 100]","[100, 100]","[100, 100]","[100, 100]","[100, 100]","[100, 100]","[100, 100]","[100, 100]","[100, 100]","[0, -375]",ok.png,"[100, 100]","[100, 100]",355,2,1,1,1,0,0,0,0,0,0,0,1.0938450098,1.093845009803772,0,-252,-252,41,41,1,1,0,0,0,0,0,0,0,1.7936245203,1.793624520301819,0,-8,-8,-367,-367,37
01.png,34.png,07.png,27.png,04.png,dots1.png,11.png,26.png,06.png,"[-204, -69]","[246, 81]","[150, 100]","[-54, 81]","[96, 81]","[246, 231]","[-204, 81]","[-54, 231]","[96, 231]","[-204, 231]","[-54, -219]","[96, -219]","[246, -219]","[100, 100]","[-54, -69]","[96, -69]","[246, -69]","[-204, -219]",1,16,"[100, 100]","[100, 100]",dots,29.png,17.png,15.png,09.png,32.png,23.png,30.png,m,"[100, 100]","[100, 100]","[100, 100]","[100, 100]","[100, 100]","[100, 100]","[100, 100]","[100, 100]","[100, 100]","[100, 100]","[100, 100]","[0, -375]",ok.png,"[100, 100]","[100, 100]",356,2,1,1,1,0,0,0,0,0,0,0,1.06062555313,1.060625553131104,0,-56,-56,84,84,1,1,0,0,0,0,0,0,0,2.43587827682,2.435878276824951,0,10,10,-344,-344,183
12.png,24.png,02.png,05.png,07.png,03.png,dots1.png,25.png,18.png,"[-201, -63]","[249, 87]","[150, 100]","[-51, 87]","[99, 87]","[249, 237]","[-201, 87]","[-51, 237]","[99, 237]","[-201, 237]","[-51, -213]","[99, -213]","[249, -213]","[100, 100]","[-51, -63]","[99, -63]","[249, -63]","[-201, -213]",1,16,"[100, 100]","[100, 100]",dots,27.png,06.png,14.png,13.png,17.png,22.png,09.png,m,"[100, 100]","[100, 100]","[100, 100]","[100, 100]","[100, 100]","[100, 100]","[100, 100]","[100, 100]","[100, 100]","[100, 100]","[100, 100]","[0, -375]",ok.png,"[100, 100]","[100, 100]",357,2,1,1,1,0,0,0,0,0,0,0,1.16794764996,1.16794764995575,0,95,95,75,75,1,1,0,0,0,0,0,0,0,2.26302194595,2.263021945953369,0,1,1,-362,-362,224
13.png,05.png,33.png,07.png,20.png,15.png,27.png,dots1.png,30.png,"[-215, -94]","[235, 56]","[150, 100]","[-65, 56]","[85, 56]","[235, 206]","[-215, 56]","[-65, 206]","[85, 206]","[-215, 206]","[-65, -244]","[85, -244]","[235, -244]","[100, 100]","[-65, -94]","[85, -94]","[235, -94]","[-215, -244]",1,16,"[100, 100]","[100, 100]",dots,31.png,09.png,17.png,25.png,22.png,01.png,33.png,m,"[100, 100]","[100, 100]","[100, 100]","[100, 100]","[100, 100]","[100, 100]","[100, 100]","[100, 100]","[100, 100]","[100, 100]","[100, 100]","[0, -375]",ok.png,"[100, 100]","[100, 100]",358,2,1,1,1,0,0,0,0,0,0,0,1.38294494152,1.382944941520691,0,222,222,44,44,1,1,0,0,0,0,0,0,0,1.64961075783,1.649610757827759,0,22,22,-369,-369,105
07.png,10.png,13.png,16.png,02.png,08.png,04.png,06.png,dots1.png,"[-205, -68]","[245, 82]","[150, 100]","[-55, 82]","[95, 82]","[245, 232]","[-205, 82]","[-55, 232]","[95, 232]","[-205, 232]","[-55, -218]","[95, -218]","[245, -218]","[100, 100]","[-55, -68]","[95, -68]","[245, -68]","[-205, -218]",1,16,"[100, 100]","[100, 100]",dots,27.png,21.png,29.png,23.png,33.png,25.png,31.png,m,"[100, 100]","[100, 100]","[100, 100]","[100, 100]","[100, 100]","[100, 100]","[100, 100]","[100, 100]","[100, 100]","[100, 100]","[100, 100]","[0, -375]",ok.png,"[100, 100]","[100, 100]",359,2,1,1,1,0,0,0,0,0,0,0,2.79170584679,2.791705846786499,0,-231,-231,-73,-73,1,1,0,0,0,0,0,0,0,1.43772578239,1.437725782394409,0,-5,-5,-390,-390,245
09.png,07.png,05.png,03.png,14.png,16.png,18.png,20.png,22.png,"[-218, -82]","[232, 68]","[150, 100]","[-68, 68]","[82, 68]","[232, 218]","[-218, 68]","[-68, 218]","[82, 218]","[-218, 218]","[-68, -232]","[82, -232]","[232, -232]","[100, 100]","[-68, -82]","[82, -82]","[232, -82]","[-218, -232]",1,16,"[100, 100]","[100, 100]",dots,26.png,21.png,dots1.png,24.png,30.png,27.png,32.png,m,"[100, 100]","[100, 100]","[100, 100]","[100, 100]","[100, 100]","[100, 100]","[100, 100]","[100, 100]","[100, 100]","[100, 100]","[100, 100]","[0, -375]",ok.png,"[100, 100]","[100, 100]",360,2,1,1,1,0,0,0,0,0,0,0,2.06920838356,2.069208383560181,0,-60,-60,-95,-95,1,1,0,0,0,0,0,0,0,0.593149125576,0.5931491255760193,0,2,2,-374,-374,158
05.png,14.png,33.png,31.png,13.png,10.png,34.png,32.png,16.png,"[-222, -94]","[228, 56]","[150, 100]","[-72, 56]","[78, 56]","[228, 206]","[-222, 56]","[-72, 206]","[78, 206]","[-222, 206]","[-72, -244]","[78, -244]","[228, -244]","[100, 100]","[-72, -94]","[78, -94]","[228, -94]","[-222, -244]",1,16,"[100, 100]","[100, 100]",dots,21.png,24.png,19.png,dots1.png,01.png,27.png,18.png,m,"[100, 100]","[100, 100]","[100, 100]","[100, 100]","[100, 100]","[100, 100]","[100, 100]","[100, 100]","[100, 100]","[100, 100]","[100, 100]","[0, -375]",ok.png,"[100, 100]","[100, 100]",361,2,1,1,1,0,0,0,0,0,0,0,1.40375602245,1.403756022453308,0,86,86,-84,-84,1,1,0,0,0,0,0,0,0,1.63798868656,1.637988686561584,0,32,32,-371,-371,166
10.png,15.png,20.png,25.png,09.png,24.png,04.png,17.png,21.png,"[-247, -76]","[203, 74]","[150, 100]","[-97, 74]","[53, 74]","[203, 224]","[-247, 74]","[-97, 224]","[53, 224]","[-247, 224]","[-97, -226]","[53, -226]","[203, -226]","[100, 100]","[-97, -76]","[53, -76]","[203, -76]","[-247, -226]",1,16,"[100, 100]","[100, 100]",dots,dots1.png,18.png,16.png,11.png,34.png,08.png,27.png,m,"[100, 100]","[100, 100]","[100, 100]","[100, 100]","[100, 100]","[100, 100]","[100, 100]","[100, 100]","[100, 100]","[100, 100]","[100, 100]","[0, -375]",ok.png,"[100, 100]","[100, 100]",362,2,1,1,1,0,0,0,0,0,0,0,2.29080843925,2.290808439254761,0,191,191,-92,-92,1,1,0,0,0,0,0,0,0,1.74522936344,1.745229363441467,0,49,49,-389,-389,97
16.png,10.png,20.png,24.png,28.png,32.png,29.png,26.png,03.png,"[-214, -92]","[236, 58]","[150, 100]","[-64, 58]","[86, 58]","[236, 208]","[-214, 58]","[-64, 208]","[86, 208]","[-214, 208]","[-64, -242]","[86, -242]","[236, -242]","[100, 100]","[-64, -92]","[86, -92]","[236, -92]","[-214, -242]",1,16,"[100, 100]","[100, 100]",dots,08.png,dots1.png,01.png,07.png,04.png,05.png,02.png,m,"[100, 100]","[100, 100]","[100, 100]","[100, 100]","[100, 100]","[100, 100]","[100, 100]","[100, 100]","[100, 100]","[100, 100]","[100, 100]","[0, -375]",ok.png,"[100, 100]","[100, 100]",363,2,1,1,1,0,0,0,0,0,0,0,1.46292042732,1.462920427322388,0,-177,-177,-251,-251,1,1,0,0,0,0,0,0,0,1.94715762138,1.947157621383667,0,-8,-8,-397,-397,153
29.png,17.png,06.png,16.png,15.png,03.png,33.png,08.png,13.png,"[-200, -99]","[250, 51]","[150, 100]","[-50, 51]","[100, 51]","[250, 201]","[-200, 51]","[-50, 201]","[100, 201]","[-200, 201]","[-50, -249]","[100, -249]","[250, -249]","[100, 100]","[-50, -99]","[100, -99]","[250, -99]","[-200, -249]",1,16,"[100, 100]","[100, 100]",dots,10.png,23.png,28.png,02.png,01.png,dots1.png,12.png,m,"[100, 100]","[100, 100]","[100, 100]","[100, 100]","[100, 100]","[100, 100]","[100, 100]","[100, 100]","[100, 100]","[100, 100]","[100, 100]","[0, -375]",ok.png,"[100, 100]","[100, 100]",364,2,1,1,1,0,0,0,0,0,0,0,1.94880354404,1.948803544044495,0,-51,-51,-237,-237,1,1,0,0,0,0,0,0,0,1.21602737904,1.21602737903595,0,6,6,-375,-375,43
32.png,30.png,08.png,16.png,14.png,06.png,04.png,33.png,27.png,"[-233, -92]","[217, 58]","[150, 100]","[-83, 58]","[67, 58]","[217, 208]","[-233, 58]","[-83, 208]","[67, 208]","[-233, 208]","[-83, -242]","[67, -242]","[217, -242]","[100, 100]","[-83, -92]","[67, -92]","[217, -92]","[-233, -242]",1,16,"[100, 100]","[100, 100]",dots,13.png,07.png,23.png,17.png,24.png,03.png,dots1.png,m,"[100, 100]","[100, 100]","[100, 100]","[100, 100]","[100, 100]","[100, 100]","[100, 100]","[100, 100]","[100, 100]","[100, 100]","[100, 100]","[0, -375]",ok.png,"[100, 100]","[100, 100]",365,2,1,1,1,0,0,0,0,0,0,0,1.04576146603,1.045761466026306,0,65,65,-223,-223,1,1,0,0,0,0,0,0,0,2.99243402481,2.992434024810791,0,-3,-3,-367,-367,327
04.png,20.png,30.png,02.png,12.png,16.png,03.png,04.png,24.png,"[-210, -97]","[240, 53]","[150, 100]","[-60, 53]","[90, 53]","[240, 203]","[-210, 53]","[-60, 203]","[90, 203]","[-210, 203]","[-60, -247]","[90, -247]","[240, -247]","[100, 100]","[-60, -97]","[90, -97]","[240, -97]","[-210, -247]",1,16,"[100, 100]","[100, 100]",dots,27.png,14.png,23.png,33.png,dots1.png,07.png,17.png,m,"[100, 100]","[100, 100]","[100, 100]","[100, 100]","[100, 100]","[100, 100]","[100, 100]","[100, 100]","[100, 100]","[100, 100]","[100, 100]","[0, -375]",ok.png,"[100, 100]","[100, 100]",366,2,1,1,1,0,0,0,0,0,0,0,1.52433359623,1.524333596229553,0,275,275,-238,-238,1,1,0,0,0,0,0,0,0,1.53117120266,1.531171202659607,0,31,31,-363,-363,372
03.png,19.png,29.png,09.png,25.png,02.png,32.png,11.png,12.png,"[-201, -64]","[249, 86]","[150, 100]","[-51, 86]","[99, 86]","[249, 236]","[-201, 86]","[-51, 236]","[99, 236]","[-201, 236]","[-51, -214]","[99, -214]","[249, -214]","[100, 100]","[-51, -64]","[99, -64]","[249, -64]","[-201, -214]",1,16,"[100, 100]","[100, 100]",dots,31.png,13.png,22.png,16.png,18.png,04.png,dots1.png,m,"[100, 100]","[100, 100]","[100, 100]","[100, 100]","[100, 100]","[100, 100]","[100, 100]","[100, 100]","[100, 100]","[100, 100]","[100, 100]","[0, -375]",ok.png,"[100, 100]","[100, 100]",367,2,1,1,1,0,0,0,0,0,0,0,1.45350766182,1.453507661819458,0,104,104,-229,-229,1,1,0,0,0,0,0,0,0,0.0521413572133,0.05214135721325874,0,104,104,-229,-229,91
16.png,13.png,11.png,05.png,21.png,30.png,07.png,23.png,01.png,"[-206, -50]","[244, 100]","[150, 100]","[-56, 100]","[94, 100]","[244, 250]","[-206, 100]","[-56, 250]","[94, 250]","[-206, 250]","[-56, -200]","[94, -200]","[244, -200]","[100, 100]","[-56, -50]","[94, -50]","[244, -50]","[-206, -200]",1,16,"[100, 100]","[100, 100]",dots,25.png,03.png,27.png,28.png,15.png,dots1.png,08.png,m,"[100, 100]","[100, 100]","[100, 100]","[100, 100]","[100, 100]","[100, 100]","[100, 100]","[100, 100]","[100, 100]","[100, 100]","[100, 100]","[0, -375]",ok.png,"[100, 100]","[100, 100]",368,2,1,1,1,0,0,0,0,0,0,0,1.60667347908,1.6066734790802,0,-51,-51,-174,-174,1,1,0,0,0,0,0,0,0,0.501788258553,0.5017882585525513,0,27,27,-382,-382,345
06.png,21.png,15.png,17.png,20.png,05.png,16.png,28.png,29.png,"[-203, -98]","[247, 52]","[150, 100]","[-53, 52]","[97, 52]","[247, 202]","[-203, 52]","[-53, 202]","[97, 202]","[-203, 202]","[-53, -248]","[97, -248]","[247, -248]","[100, 100]","[-53, -98]","[97, -98]","[247, -98]","[-203, -248]",1,16,"[100, 100]","[100, 100]",dots,23.png,dots1.png,09.png,02.png,32.png,14.png,07.png,m,"[100, 100]","[100, 100]","[100, 100]","[100, 100]","[100, 100]","[100, 100]","[100, 100]","[100, 100]","[100, 100]","[100, 100]","[100, 100]","[0, -375]",ok.png,"[100, 100]","[100, 100]",369,2,1,1,1,0,0,0,0,0,0,0,3.6065018177,3.606501817703247,0,-183,-183,-247,-247,1,1,0,0,0,0,0,0,0,1.43559777737,1.435597777366638,0,-15,-15,-383,-383,76
06.png,11.png,01.png,28.png,12.png,17.png,19.png,34.png,15.png,"[-232, -93]","[218, 57]","[150, 100]","[-82, 57]","[68, 57]","[218, 207]","[-232, 57]","[-82, 207]","[68, 207]","[-232, 207]","[-82, -243]","[68, -243]","[218, -243]","[100, 100]","[-82, -93]","[68, -93]","[218, -93]","[-232, -243]",1,16,"[100, 100]","[100, 100]",dots,dots1.png,31.png,30.png,08.png,03.png,21.png,32.png,m,"[100, 100]","[100, 100]","[100, 100]","[100, 100]","[100, 100]","[100, 100]","[100, 100]","[100, 100]","[100, 100]","[100, 100]","[100, 100]","[0, -375]",ok.png,"[100, 100]","[100, 100]",370,2,1,1,1,0,0,0,0,0,0,0,2.02997541428,2.029975414276123,0,205,205,-69,-69,1,1,0,0,0,0,0,0,0,1.52725839615,1.527258396148682,0,23,23,-357,-357,321
09.png,03.png,12.png,04.png,32.png,31.png,24.png,27.png,07.png,"[-216, -90]","[234, 60]","[150, 100]","[-66, 60]","[84, 60]","[234, 210]","[-216, 60]","[-66, 210]","[84, 210]","[-216, 210]","[-66, -240]","[84, -240]","[234, -240]","[100, 100]","[-66, -90]","[84, -90]","[234, -90]","[-216, -240]",1,16,"[100, 100]","[100, 100]",dots,10.png,13.png,09.png,dots1.png,28.png,16.png,22.png,m,"[100, 100]","[100, 100]","[100, 100]","[100, 100]","[100, 100]","[100, 100]","[100, 100]","[100, 100]","[100, 100]","[100, 100]","[100, 100]","[0, -375]",ok.png,"[100, 100]","[100, 100]",371,2,1,1,1,0,0,0,0,0,0,0,1.09123122692,1.091231226921082,0,97,97,-64,-64,1,1,0,0,0,0,0,0,0,3.16242551804,3.162425518035889,0,9,9,-397,-397,106
18.png,14.png,25.png,12.png,33.png,19.png,05.png,08.png,01.png,"[-241, -75]","[209, 75]","[150, 100]","[-91, 75]","[59, 75]","[209, 225]","[-241, 75]","[-91, 225]","[59, 225]","[-241, 225]","[-91, -225]","[59, -225]","[209, -225]","[100, 100]","[-91, -75]","[59, -75]","[209, -75]","[-241, -225]",1,16,"[100, 100]","[100, 100]",dots,10.png,34.png,dots1.png,07.png,30.png,20.png,26.png,m,"[100, 100]","[100, 100]","[100, 100]","[100, 100]","[100, 100]","[100, 100]","[100, 100]","[100, 100]","[100, 100]","[100, 100]","[100, 100]","[0, -375]",ok.png,"[100, 100]","[100, 100]",372,2,1,1,1,0,0,0,0,0,0,0,1.71920907497,1.71920907497406,0,-93,-93,-54,-54,1,1,0,0,0,0,0,0,0,1.09251689911,1.092516899108887,0,-27,-27,-404,-404,32
11.png,13.png,17.png,18.png,21.png,14.png,25.png,09.png,dots1.png,"[-241, -50]","[209, 100]","[150, 100]","[-91, 100]","[59, 100]","[209, 250]","[-241, 100]","[-91, 250]","[59, 250]","[-241, 250]","[-91, -200]","[59, -200]","[209, -200]","[100, 100]","[-91, -50]","[59, -50]","[209, -50]","[-241, -200]",1,16,"[100, 100]","[100, 100]",dots,30.png,26.png,02.png,04.png,01.png,24.png,33.png,m,"[100, 100]","[100, 100]","[100, 100]","[100, 100]","[100, 100]","[100, 100]","[100, 100]","[100, 100]","[100, 100]","[100, 100]","[100, 100]","[0, -375]",ok.png,"[100, 100]","[100, 100]",373,2,1,1,1,0,0,0,0,0,0,0,1.48183214664,1.481832146644592,0,-262,-262,-61,-61,1,1,0,0,0,0,0,0,0,2.65018105507,2.65018105506897,0,11,11,-356,-356,157
08.png,14.png,10.png,20.png,11.png,07.png,22.png,dots1.png,18.png,"[-236, -98]","[214, 52]","[150, 100]","[-86, 52]","[64, 52]","[214, 202]","[-236, 52]","[-86, 202]","[64, 202]","[-236, 202]","[-86, -248]","[64, -248]","[214, -248]","[100, 100]","[-86, -98]","[64, -98]","[214, -98]","[-236, -248]",1,16,"[100, 100]","[100, 100]",dots,30.png,09.png,31.png,26.png,19.png,29.png,03.png,m,"[100, 100]","[100, 100]","[100, 100]","[100, 100]","[100, 100]","[100, 100]","[100, 100]","[100, 100]","[100, 100]","[100, 100]","[100, 100]","[0, -375]",ok.png,"[100, 100]","[100, 100]",374,2,1,1,1,0,0,0,0,0,0,0,1.68690419197,1.686904191970825,0,196,196,51,51,1,1,0,0,0,0,0,0,0,0.898536324501,0.8985363245010376,0,-1,-1,-396,-396,366
31.png,03.png,13.png,11.png,23.png,21.png,dots1.png,30.png,33.png,"[-207, -71]","[243, 79]","[150, 100]","[-57, 79]","[93, 79]","[243, 229]","[-207, 79]","[-57, 229]","[93, 229]","[-207, 229]","[-57, -221]","[93, -221]","[243, -221]","[100, 100]","[-57, -71]","[93, -71]","[243, -71]","[-207, -221]",1,16,"[100, 100]","[100, 100]",dots,05.png,19.png,15.png,14.png,26.png,32.png,29.png,m,"[100, 100]","[100, 100]","[100, 100]","[100, 100]","[100, 100]","[100, 100]","[100, 100]","[100, 100]","[100, 100]","[100, 100]","[100, 100]","[0, -375]",ok.png,"[100, 100]","[100, 100]",375,2,1,1,1,0,0,0,0,0,0,0,1.04211652279,1.042116522789001,0,68,68,75,75,1,1,0,0,0,0,0,0,0,1.52783477306,1.52783477306366,0,27,27,-368,-368,53
15.png,14.png,13.png,12.png,11.png,10.png,09.png,08.png,07.png,"[-215, -70]","[235, 80]","[150, 100]","[-65, 80]","[85, 80]","[235, 230]","[-215, 80]","[-65, 230]","[85, 230]","[-215, 230]","[-65, -220]","[85, -220]","[235, -220]","[100, 100]","[-65, -70]","[85, -70]","[235, -70]","[-215, -220]",1,16,"[100, 100]","[100, 100]",dots,04.png,03.png,06.png,05.png,dots2.png,02.png,01.png,m,"[100, 100]","[100, 100]","[100, 100]","[100, 100]","[100, 100]","[100, 100]","[100, 100]","[100, 100]","[100, 100]","[100, 100]","[100, 100]","[0, -375]",ok.png,"[100, 100]","[100, 100]",376,2,1,1,1,0,0,0,0,0,0,0,1.96215856075,1.962158560752869,0,236,236,-210,-210,1,1,0,0,0,0,0,0,0,2.15413403511,2.154134035110474,0,7,7,-380,-380,12
23.png,22.png,31.png,32.png,33.png,34.png,14.png,15.png,13.png,"[-244, -54]","[206, 96]","[150, 100]","[-94, 96]","[56, 96]","[206, 246]","[-244, 96]","[-94, 246]","[56, 246]","[-244, 246]","[-94, -204]","[56, -204]","[206, -204]","[100, 100]","[-94, -54]","[56, -54]","[206, -54]","[-244, -204]",1,16,"[100, 100]","[100, 100]",dots,10.png,01.png,12.png,11.png,08.png,09.png,dots2.png,m,"[100, 100]","[100, 100]","[100, 100]","[100, 100]","[100, 100]","[100, 100]","[100, 100]","[100, 100]","[100, 100]","[100, 100]","[100, 100]","[0, -375]",ok.png,"[100, 100]","[100, 100]",377,2,1,1,1,0,0,0,0,0,0,0,4.06648111343,4.066481113433838,0,44,44,-209,-209,1,1,0,0,0,0,0,0,0,1.37433683872,1.374336838722229,0,3,3,-372,-372,189
27.png,30.png,25.png,24.png,23.png,22.png,21.png,20.png,19.png,"[-225, -56]","[225, 94]","[150, 100]","[-75, 94]","[75, 94]","[225, 244]","[-225, 94]","[-75, 244]","[75, 244]","[-225, 244]","[-75, -206]","[75, -206]","[225, -206]","[100, 100]","[-75, -56]","[75, -56]","[225, -56]","[-225, -206]",1,16,"[100, 100]","[100, 100]",dots,16.png,15.png,18.png,17.png,05.png,dots2.png,06.png,m,"[100, 100]","[100, 100]","[100, 100]","[100, 100]","[100, 100]","[100, 100]","[100, 100]","[100, 100]","[100, 100]","[100, 100]","[100, 100]","[0, -375]",ok.png,"[100, 100]","[100, 100]",378,2,1,1,1,0,0,0,0,0,0,0,4.76008796692,4.760087966918945,0,-97,-97,-201,-201,1,1,0,0,0,0,0,0,0,0.858165621758,0.8581656217575073,0,-6,-6,-370,-370,285
33.png,32.png,30.png,29.png,08.png,02.png,31.png,27.png,26.png,"[-211, -97]","[239, 53]","[150, 100]","[-61, 53]","[89, 53]","[239, 203]","[-211, 53]","[-61, 203]","[89, 203]","[-211, 203]","[-61, -247]","[89, -247]","[239, -247]","[100, 100]","[-61, -97]","[89, -97]","[239, -97]","[-211, -247]",1,16,"[100, 100]","[100, 100]",dots,03.png,dots2.png,28.png,12.png,22.png,24.png,23.png,m,"[100, 100]","[100, 100]","[100, 100]","[100, 100]","[100, 100]","[100, 100]","[100, 100]","[100, 100]","[100, 100]","[100, 100]","[100, 100]","[0, -375]",ok.png,"[100, 100]","[100, 100]",379,2,1,1,1,0,0,0,0,0,0,0,5.21195459366,5.211954593658447,0,-194,-194,-241,-241,1,1,0,0,0,0,0,0,0,0.494222640991,0.4942226409912109,0,-45,-45,-346,-346,237
28.png,26.png,24.png,22.png,01.png,34.png,33.png,32.png,31.png,"[-214, -90]","[236, 60]","[150, 100]","[-64, 60]","[86, 60]","[236, 210]","[-214, 60]","[-64, 210]","[86, 210]","[-214, 210]","[-64, -240]","[86, -240]","[236, -240]","[100, 100]","[-64, -90]","[86, -90]","[236, -90]","[-214, -240]",1,16,"[100, 100]","[100, 100]",dots,dots2.png,08.png,30.png,29.png,02.png,06.png,04.png,m,"[100, 100]","[100, 100]","[100, 100]","[100, 100]","[100, 100]","[100, 100]","[100, 100]","[100, 100]","[100, 100]","[100, 100]","[100, 100]","[0, -375]",ok.png,"[100, 100]","[100, 100]",380,2,1,1,1,0,0,0,0,0,0,0,3.80406737328,3.804067373275757,0,214,214,-121,-121,1,1,0,0,0,0,0,0,0,1.22182428837,1.221824288368225,0,-4,-4,-371,-371,116
32.png,30.png,23.png,17.png,29.png,09.png,15.png,06.png,26.png,"[-231, -94]","[219, 56]","[150, 100]","[-81, 56]","[69, 56]","[219, 206]","[-231, 56]","[-81, 206]","[69, 206]","[-231, 206]","[-81, -244]","[69, -244]","[219, -244]","[100, 100]","[-81, -94]","[69, -94]","[219, -94]","[-231, -244]",1,16,"[100, 100]","[100, 100]",dots,04.png,27.png,11.png,dots2.png,01.png,07.png,34.png,m,"[100, 100]","[100, 100]","[100, 100]","[100, 100]","[100, 100]","[100, 100]","[100, 100]","[100, 100]","[100, 100]","[100, 100]","[100, 100]","[0, -375]",ok.png,"[100, 100]","[100, 100]",381,2,1,1,1,0,0,0,0,0,0,0,2.46577644348,2.465776443481445,0,71,71,-108,-108,1,1,0,0,0,0,0,0,0,0.539928734303,0.5399287343025208,0,-15,-15,-351,-351,63
17.png,09.png,22.png,06.png,27.png,13.png,14.png,18.png,25.png,"[-207, -52]","[243, 98]","[150, 100]","[-57, 98]","[93, 98]","[243, 248]","[-207, 98]","[-57, 248]","[93, 248]","[-207, 248]","[-57, -202]","[93, -202]","[243, -202]","[100, 100]","[-57, -52]","[93, -52]","[243, -52]","[-207, -202]",1,16,"[100, 100]","[100, 100]",dots,07.png,05.png,dots2.png,03.png,12.png,02.png,24.png,m,"[100, 100]","[100, 100]","[100, 100]","[100, 100]","[100, 100]","[100, 100]","[100, 100]","[100, 100]","[100, 100]","[100, 100]","[100, 100]","[0, -375]",ok.png,"[100, 100]","[100, 100]",382,2,1,1,1,0,0,0,0,0,0,0,1.74995708466,1.749957084655762,0,-71,-71,-11,-11,1,1,0,0,0,0,0,0,0,3.7123708725,3.712370872497559,0,28,28,-394,-394,139
22.png,33.png,01.png,09.png,31.png,25.png,17.png,30.png,dots2.png,"[-227, -89]","[223, 61]","[150, 100]","[-77, 61]","[73, 61]","[223, 211]","[-227, 61]","[-77, 211]","[73, 211]","[-227, 211]","[-77, -239]","[73, -239]","[223, -239]","[100, 100]","[-77, -89]","[73, -89]","[223, -89]","[-227, -239]",1,16,"[100, 100]","[100, 100]",dots,20.png,07.png,27.png,15.png,13.png,33.png,05.png,m,"[100, 100]","[100, 100]","[100, 100]","[100, 100]","[100, 100]","[100, 100]","[100, 100]","[100, 100]","[100, 100]","[100, 100]","[100, 100]","[0, -375]",ok.png,"[100, 100]","[100, 100]",383,2,1,1,1,0,0,0,0,0,0,0,2.32082676888,2.320826768875122,0,-230,-230,-68,-68,1,1,0,0,0,0,0,0,0,1.01217973232,1.012179732322693,0,-16,-16,-392,-392,58
33.png,31.png,25.png,21.png,27.png,23.png,29.png,dots2.png,06.png,"[-225, -67]","[225, 83]","[150, 100]","[-75, 83]","[75, 83]","[225, 233]","[-225, 83]","[-75, 233]","[75, 233]","[-225, 233]","[-75, -217]","[75, -217]","[225, -217]","[100, 100]","[-75, -67]","[75, -67]","[225, -67]","[-225, -217]",1,16,"[100, 100]","[100, 100]",dots,02.png,16.png,04.png,08.png,07.png,13.png,10.png,m,"[100, 100]","[100, 100]","[100, 100]","[100, 100]","[100, 100]","[100, 100]","[100, 100]","[100, 100]","[100, 100]","[100, 100]","[100, 100]","[0, -375]",ok.png,"[100, 100]","[100, 100]",384,2,1,1,1,0,0,0,0,0,0,0,2.91768884659,2.917688846588135,0,188,188,74,74,1,1,0,0,0,0,0,0,0,1.39794754982,1.397947549819946,0,-26,-26,-380,-380,401
30.png,32.png,27.png,21.png,26.png,24.png,dots2.png,22.png,20.png,"[-241, -89]","[209, 61]","[150, 100]","[-91, 61]","[59, 61]","[209, 211]","[-241, 61]","[-91, 211]","[59, 211]","[-241, 211]","[-91, -239]","[59, -239]","[209, -239]","[100, 100]","[-91, -89]","[59, -89]","[209, -89]","[-241, -239]",1,16,"[100, 100]","[100, 100]",dots,14.png,03.png,18.png,16.png,09.png,05.png,07.png,m,"[100, 100]","[100, 100]","[100, 100]","[100, 100]","[100, 100]","[100, 100]","[100, 100]","[100, 100]","[100, 100]","[100, 100]","[100, 100]","[0, -375]",ok.png,"[100, 100]","[100, 100]",385,2,1,1,1,0,0,0,0,0,0,0,0.931556642056,0.9315566420555116,0,63,63,96,96,1,1,0,0,0,0,0,0,0,1.45239174366,1.452391743659973,0,8,8,-358,-358,434
01.png,18.png,27.png,24.png,21.png,dots2.png,19.png,16.png,32.png,"[-200, -61]","[250, 89]","[150, 100]","[-50, 89]","[100, 89]","[250, 239]","[-200, 89]","[-50, 239]","[100, 239]","[-200, 239]","[-50, -211]","[100, -211]","[250, -211]","[100, 100]","[-50, -61]","[100, -61]","[250, -61]","[-200, -211]",1,16,"[100, 100]","[100, 100]",dots,13.png,31.png,34.png,10.png,05.png,33.png,14.png,m,"[100, 100]","[100, 100]","[100, 100]","[100, 100]","[100, 100]","[100, 100]","[100, 100]","[100, 100]","[100, 100]","[100, 100]","[100, 100]","[0, -375]",ok.png,"[100, 100]","[100, 100]",386,2,1,1,1,0,0,0,0,0,0,0,2.21287035942,2.212870359420776,0,-42,-42,111,111,1,1,0,0,0,0,0,0,0,1.65787506104,1.657875061035156,0,19,19,-382,-382,3
34.png,27.png,08.png,18.png,dots2.png,11.png,16.png,21.png,17.png,"[-213, -66]","[237, 84]","[150, 100]","[-63, 84]","[87, 84]","[237, 234]","[-213, 84]","[-63, 234]","[87, 234]","[-213, 234]","[-63, -216]","[87, -216]","[237, -216]","[100, 100]","[-63, -66]","[87, -66]","[237, -66]","[-213, -216]",1,16,"[100, 100]","[100, 100]",dots,09.png,25.png,04.png,24.png,10.png,20.png,15.png,m,"[100, 100]","[100, 100]","[100, 100]","[100, 100]","[100, 100]","[100, 100]","[100, 100]","[100, 100]","[100, 100]","[100, 100]","[100, 100]","[0, -375]",ok.png,"[100, 100]","[100, 100]",387,2,1,1,1,0,0,0,0,0,0,0,2.60947751999,2.609477519989014,0,-205,-205,92,92,1,1,0,0,0,0,0,0,0,0.624433875084,0.6244338750839233,0,-13,-13,-385,-385,402
04.png,02.png,05.png,dots2.png,08.png,07.png,01.png,03.png,26.png,"[-231, -72]","[219, 78]","[150, 100]","[-81, 78]","[69, 78]","[219, 228]","[-231, 78]","[-81, 228]","[69, 228]","[-231, 228]","[-81, -222]","[69, -222]","[219, -222]","[100, 100]","[-81, -72]","[69, -72]","[219, -72]","[-231, -222]",1,16,"[100, 100]","[100, 100]",dots,28.png,24.png,29.png,32.png,16.png,20.png,10.png,m,"[100, 100]","[100, 100]","[100, 100]","[100, 100]","[100, 100]","[100, 100]","[100, 100]","[100, 100]","[100, 100]","[100, 100]","[100, 100]","[0, -375]",ok.png,"[100, 100]","[100, 100]",388,2,1,1,1,0,0,0,0,0,0,0,2.35290241241,2.352902412414551,0,215,215,220,220,1,1,0,0,0,0,0,0,0,1.6394289732,1.639428973197937,0,10,10,-384,-384,249
01.png,12.png,dots2.png,23.png,10.png,02.png,28.png,13.png,08.png,"[-200, -63]","[250, 87]","[150, 100]","[-50, 87]","[100, 87]","[250, 237]","[-200, 87]","[-50, 237]","[100, 237]","[-200, 237]","[-50, -213]","[100, -213]","[250, -213]","[100, 100]","[-50, -63]","[100, -63]","[250, -63]","[-200, -213]",1,16,"[100, 100]","[100, 100]",dots,15.png,16.png,33.png,03.png,29.png,06.png,17.png,m,"[100, 100]","[100, 100]","[100, 100]","[100, 100]","[100, 100]","[100, 100]","[100, 100]","[100, 100]","[100, 100]","[100, 100]","[100, 100]","[0, -375]",ok.png,"[100, 100]","[100, 100]",389,2,1,1,1,0,0,0,0,0,0,0,1.9331612587,1.93316125869751,0,90,90,226,226,1,1,0,0,0,0,0,0,0,4.77560424805,4.775604248046875,0,18,18,-364,-364,175
24.png,dots2.png,03.png,07.png,13.png,17.png,23.png,27.png,33.png,"[-220, -72]","[230, 78]","[150, 100]","[-70, 78]","[80, 78]","[230, 228]","[-220, 78]","[-70, 228]","[80, 228]","[-220, 228]","[-70, -222]","[80, -222]","[230, -222]","[100, 100]","[-70, -72]","[80, -72]","[230, -72]","[-220, -222]",1,16,"[100, 100]","[100, 100]",dots,14.png,16.png,04.png,06.png,32.png,08.png,30.png,m,"[100, 100]","[100, 100]","[100, 100]","[100, 100]","[100, 100]","[100, 100]","[100, 100]","[100, 100]","[100, 100]","[100, 100]","[100, 100]","[0, -375]",ok.png,"[100, 100]","[100, 100]",390,2,1,1,1,0,0,0,0,0,0,0,1.54231095314,1.542310953140259,0,-59,-59,221,221,1,1,0,0,0,0,0,0,0,2.05420970917,2.05420970916748,0,13,13,-386,-386,167
dots2.png,17.png,07.png,14.png,27.png,33.png,23.png,24.png,04.png,"[-225, -88]","[225, 62]","[150, 100]","[-75, 62]","[75, 62]","[225, 212]","[-225, 62]","[-75, 212]","[75, 212]","[-225, 212]","[-75, -238]","[75, -238]","[225, -238]","[100, 100]","[-75, -88]","[75, -88]","[225, -88]","[-225, -238]",1,16,"[100, 100]","[100, 100]",dots,12.png,02.png,03.png,16.png,04.png,30.png,20.png,m,"[100, 100]","[100, 100]","[100, 100]","[100, 100]","[100, 100]","[100, 100]","[100, 100]","[100, 100]","[100, 100]","[100, 100]","[100, 100]","[0, -375]",ok.png,"[100, 100]","[100, 100]",391,2,1,1,1,0,0,0,0,0,0,0,2.7255859375,2.7255859375,0,-211,-211,197,197,1,1,0,0,0,0,0,0,0,1.60602140427,1.606021404266357,0,22,22,-342,-342,276
18.png,dots2.png,04.png,13.png,31.png,16.png,22.png,12.png,11.png,"[-225, -84]","[225, 66]","[150, 100]","[-75, 66]","[75, 66]","[225, 216]","[-225, 66]","[-75, 216]","[75, 216]","[-225, 216]","[-75, -234]","[75, -234]","[225, -234]","[100, 100]","[-75, -84]","[75, -84]","[225, -84]","[-225, -234]",1,16,"[100, 100]","[100, 100]",dots,25.png,09.png,32.png,02.png,03.png,29.png,19.png,m,"[100, 100]","[100, 100]","[100, 100]","[100, 100]","[100, 100]","[100, 100]","[100, 100]","[100, 100]","[100, 100]","[100, 100]","[100, 100]","[0, -375]",ok.png,"[100, 100]","[100, 100]",392,2,1,1,1,0,0,0,0,0,0,0,3.93386149406,3.933861494064331,0,-80,-80,229,229,1,1,0,0,0,0,0,0,0,1.38480305672,1.384803056716919,0,2,2,-382,-382,238
15.png,08.png,dots2.png,03.png,25.png,28.png,27.png,01.png,23.png,"[-243, -74]","[207, 76]","[150, 100]","[-93, 76]","[57, 76]","[207, 226]","[-243, 76]","[-93, 226]","[57, 226]","[-243, 226]","[-93, -224]","[57, -224]","[207, -224]","[100, 100]","[-93, -74]","[57, -74]","[207, -74]","[-243, -224]",1,16,"[100, 100]","[100, 100]",dots,21.png,05.png,07.png,30.png,16.png,11.png,13.png,m,"[100, 100]","[100, 100]","[100, 100]","[100, 100]","[100, 100]","[100, 100]","[100, 100]","[100, 100]","[100, 100]","[100, 100]","[100, 100]","[0, -375]",ok.png,"[100, 100]","[100, 100]",393,2,1,1,1,0,0,0,0,0,0,0,1.46347808838,1.463478088378906,0,45,45,229,229,1,1,0,0,0,0,0,0,0,1.2919921875,1.2919921875,0,17,17,-384,-384,52
32.png,07.png,14.png,dots2.png,23.png,02.png,09.png,29.png,28.png,"[-212, -58]","[238, 92]","[150, 100]","[-62, 92]","[88, 92]","[238, 242]","[-212, 92]","[-62, 242]","[88, 242]","[-212, 242]","[-62, -208]","[88, -208]","[238, -208]","[100, 100]","[-62, -58]","[88, -58]","[238, -58]","[-212, -208]",1,16,"[100, 100]","[100, 100]",dots,20.png,17.png,16.png,05.png,06.png,15.png,21.png,m,"[100, 100]","[100, 100]","[100, 100]","[100, 100]","[100, 100]","[100, 100]","[100, 100]","[100, 100]","[100, 100]","[100, 100]","[100, 100]","[0, -375]",ok.png,"[100, 100]","[100, 100]",394,2,1,1,1,0,0,0,0,0,0,0,1.57862579823,1.578625798225403,0,237,237,231,231,1,1,0,0,0,0,0,0,0,2.10314369202,2.103143692016602,0,-12,-12,-377,-377,413
03.png,32.png,21.png,31.png,dots2.png,08.png,30.png,15.png,34.png,"[-206, -67]","[244, 83]","[150, 100]","[-56, 83]","[94, 83]","[244, 233]","[-206, 83]","[-56, 233]","[94, 233]","[-206, 233]","[-56, -217]","[94, -217]","[244, -217]","[100, 100]","[-56, -67]","[94, -67]","[244, -67]","[-206, -217]",1,16,"[100, 100]","[100, 100]",dots,12.png,28.png,19.png,17.png,06.png,01.png,11.png,m,"[100, 100]","[100, 100]","[100, 100]","[100, 100]","[100, 100]","[100, 100]","[100, 100]","[100, 100]","[100, 100]","[100, 100]","[100, 100]","[0, -375]",ok.png,"[100, 100]","[100, 100]",395,2,1,1,1,0,0,0,0,0,0,0,1.1542301178,1.154230117797852,0,-173,-173,91,91,1,1,0,0,0,0,0,0,0,2.66703176498,2.667031764984131,0,18,18,-390,-390,150
28.png,22.png,16.png,13.png,10.png,dots2.png,09.png,07.png,27.png,"[-202, -90]","[248, 60]","[150, 100]","[-52, 60]","[98, 60]","[248, 210]","[-202, 60]","[-52, 210]","[98, 210]","[-202, 210]","[-52, -240]","[98, -240]","[248, -240]","[100, 100]","[-52, -90]","[98, -90]","[248, -90]","[-202, -240]",1,16,"[100, 100]","[100, 100]",dots,32.png,04.png,24.png,31.png,09.png,12.png,03.png,m,"[100, 100]","[100, 100]","[100, 100]","[100, 100]","[100, 100]","[100, 100]","[100, 100]","[100, 100]","[100, 100]","[100, 100]","[100, 100]","[0, -375]",ok.png,"[100, 100]","[100, 100]",396,2,1,1,1,0,0,0,0,0,0,0,1.07406711578,1.074067115783691,0,-37,-37,48,48,1,1,0,0,0,0,0,0,0,2.27799105644,2.277991056442261,0,9,9,-399,-399,256
30.png,26.png,20.png,34.png,10.png,07.png,dots2.png,01.png,08.png,"[-228, -60]","[222, 90]","[150, 100]","[-78, 90]","[72, 90]","[222, 240]","[-228, 90]","[-78, 240]","[72, 240]","[-228, 240]","[-78, -210]","[72, -210]","[222, -210]","[100, 100]","[-78, -60]","[72, -60]","[222, -60]","[-228, -210]",1,16,"[100, 100]","[100, 100]",dots,33.png,12.png,05.png,19.png,18.png,25.png,14.png,m,"[100, 100]","[100, 100]","[100, 100]","[100, 100]","[100, 100]","[100, 100]","[100, 100]","[100, 100]","[100, 100]","[100, 100]","[100, 100]","[0, -375]",ok.png,"[100, 100]","[100, 100]",397,2,1,1,1,0,0,0,0,0,0,0,0.857568919659,0.8575689196586609,0,51,51,108,108,1,1,0,0,0,0,0,0,0,2.78965044022,2.789650440216064,0,-6,-6,-368,-368,128
01.png,33.png,24.png,26.png,30.png,04.png,02.png,dots2.png,09.png,"[-247, -69]","[203, 81]","[150, 100]","[-97, 81]","[53, 81]","[203, 231]","[-247, 81]","[-97, 231]","[53, 231]","[-247, 231]","[-97, -219]","[53, -219]","[203, -219]","[100, 100]","[-97, -69]","[53, -69]","[203, -69]","[-247, -219]",1,16,"[100, 100]","[100, 100]",dots,21.png,18.png,25.png,14.png,11.png,17.png,13.png,m,"[100, 100]","[100, 100]","[100, 100]","[100, 100]","[100, 100]","[100, 100]","[100, 100]","[100, 100]","[100, 100]","[100, 100]","[100, 100]","[0, -375]",ok.png,"[100, 100]","[100, 100]",398,2,1,1,1,0,0,0,0,0,0,0,1.21832478046,1.218324780464172,0,171,171,79,79,1,1,0,0,0,0,0,0,0,1.40008068085,1.400080680847168,0,15,15,-392,-392,217
19.png,03.png,29.png,09.png,30.png,26.png,31.png,18.png,dots2.png,"[-217, -58]","[233, 92]","[150, 100]","[-67, 92]","[83, 92]","[233, 242]","[-217, 92]","[-67, 242]","[83, 242]","[-217, 242]","[-67, -208]","[83, -208]","[233, -208]","[100, 100]","[-67, -58]","[83, -58]","[233, -58]","[-217, -208]",1,16,"[100, 100]","[100, 100]",dots,11.png,20.png,22.png,07.png,08.png,10.png,14.png,m,"[100, 100]","[100, 100]","[100, 100]","[100, 100]","[100, 100]","[100, 100]","[100, 100]","[100, 100]","[100, 100]","[100, 100]","[100, 100]","[0, -375]",ok.png,"[100, 100]","[100, 100]",399,2,1,1,1,0,0,0,0,0,0,0,1.91662657261,1.916626572608948,0,-223,-223,-44,-44,1,1,0,0,0,0,0,0,0,1.17155528069,1.171555280685425,0,-3,-3,-385,-385,15
26.png,29.png,32.png,19.png,05.png,14.png,15.png,33.png,30.png,"[-223, -96]","[227, 54]","[150, 100]","[-73, 54]","[77, 54]","[227, 204]","[-223, 54]","[-73, 204]","[77, 204]","[-223, 204]","[-73, -246]","[77, -246]","[227, -246]","[100, 100]","[-73, -96]","[77, -96]","[227, -96]","[-223, -246]",1,16,"[100, 100]","[100, 100]",dots,23.png,11.png,dots2.png,21.png,31.png,13.png,03.png,m,"[100, 100]","[100, 100]","[100, 100]","[100, 100]","[100, 100]","[100, 100]","[100, 100]","[100, 100]","[100, 100]","[100, 100]","[100, 100]","[0, -375]",ok.png,"[100, 100]","[100, 100]",400,2,1,1,1,0,0,0,0,0,0,0,1.35274124146,1.352741241455078,0,-44,-44,-101,-101,1,1,0,0,0,0,0,0,0,2.8406419754,2.840641975402832,0,-7,-7,-383,-383,311
tray1.png,01.png,02.png,03.png,04.png,05.png,06.png,07.png,08.png,"[-200, -61]","[250, 89]","[150, 100]","[-50, 89]","[100, 89]","[250, 239]","[-200, 89]","[-50, 239]","[100, 239]","[-200, 239]","[-50, -211]","[100, -211]","[250, -211]","[100, 100]","[-50, -61]","[100, -61]","[250, -61]","[-200, -211]",1,16,"[100, 100]","[100, 100]",both,11.png,12.png,09.png,10.png,dots1.png,13.png,14.png,m,"[100, 100]","[100, 100]","[100, 100]","[100, 100]","[100, 100]","[100, 100]","[100, 100]","[100, 100]","[100, 100]","[100, 100]","[100, 100]","[0, -375]",ok.png,"[100, 100]","[100, 100]",401,3,1,1,1,0,0,0,0,0,0,0,3.38394403458,3.383944034576416,0,-221,-221,247,247,1,1,0,0,0,0,0,0,0,1.09156620502,1.091566205024719,0,239,239,-231,-231,172
08.png,tray1.png,09.png,01.png,10.png,11.png,12.png,13.png,15.png,"[-221, -91]","[229, 59]","[150, 100]","[-71, 59]","[79, 59]","[229, 209]","[-221, 59]","[-71, 209]","[79, 209]","[-221, 209]","[-71, -241]","[79, -241]","[229, -241]","[100, 100]","[-71, -91]","[79, -91]","[229, -91]","[-221, -241]",1,16,"[100, 100]","[100, 100]",both,33.png,32.png,14.png,34.png,23.png,31.png,dots1.png,m,"[100, 100]","[100, 100]","[100, 100]","[100, 100]","[100, 100]","[100, 100]","[100, 100]","[100, 100]","[100, 100]","[100, 100]","[100, 100]","[0, -375]",ok.png,"[100, 100]","[100, 100]",402,3,1,1,1,0,0,0,0,0,0,0,1.22980046272,1.229800462722778,0,-48,-48,218,218,1,1,0,0,0,0,0,0,0,0.628812670708,0.6288126707077026,0,97,97,-241,-241,337
05.png,06.png,tray1.png,15.png,16.png,17.png,18.png,19.png,20.png,"[-244, -89]","[206, 61]","[150, 100]","[-94, 61]","[56, 61]","[206, 211]","[-244, 61]","[-94, 211]","[56, 211]","[-244, 211]","[-94, -239]","[56, -239]","[206, -239]","[100, 100]","[-94, -89]","[56, -89]","[206, -89]","[-244, -239]",1,16,"[100, 100]","[100, 100]",both,23.png,24.png,21.png,22.png,27.png,dots1.png,30.png,m,"[100, 100]","[100, 100]","[100, 100]","[100, 100]","[100, 100]","[100, 100]","[100, 100]","[100, 100]","[100, 100]","[100, 100]","[100, 100]","[0, -375]",ok.png,"[100, 100]","[100, 100]",403,3,1,1,1,0,0,0,0,0,0,0,2.10255169868,2.102551698684692,0,-110,-110,-245,-245,1,1,0,0,0,0,0,0,0,1.560374856,1.560374855995178,0,69,69,214,214,194
22.png,23.png,24.png,tray1.png,03.png,12.png,25.png,26.png,02.png,"[-203, -80]","[247, 70]","[150, 100]","[-53, 70]","[97, 70]","[247, 220]","[-203, 70]","[-53, 220]","[97, 220]","[-203, 220]","[-53, -230]","[97, -230]","[247, -230]","[100, 100]","[-53, -80]","[97, -80]","[247, -80]","[-203, -230]",1,16,"[100, 100]","[100, 100]",both,28.png,dots1.png,08.png,27.png,32.png,30.png,31.png,m,"[100, 100]","[100, 100]","[100, 100]","[100, 100]","[100, 100]","[100, 100]","[100, 100]","[100, 100]","[100, 100]","[100, 100]","[100, 100]","[0, -375]",ok.png,"[100, 100]","[100, 100]",404,3,1,1,1,0,0,0,0,0,0,0,1.89976894855,1.899768948554993,0,-203,-203,-206,-206,1,1,0,0,0,0,0,0,0,1.4388961792,1.438896179199219,0,244,244,219,219,134
02.png,04.png,06.png,08.png,tray1.png,29.png,30.png,31.png,32.png,"[-213, -57]","[237, 93]","[150, 100]","[-63, 93]","[87, 93]","[237, 243]","[-213, 93]","[-63, 243]","[87, 243]","[-213, 243]","[-63, -207]","[87, -207]","[237, -207]","[100, 100]","[-63, -57]","[87, -57]","[237, -57]","[-213, -207]",1,16,"[100, 100]","[100, 100]",both,dots1.png,22.png,33.png,34.png,28.png,24.png,26.png,m,"[100, 100]","[100, 100]","[100, 100]","[100, 100]","[100, 100]","[100, 100]","[100, 100]","[100, 100]","[100, 100]","[100, 100]","[100, 100]","[0, -375]",ok.png,"[100, 100]","[100, 100]",405,3,1,1,1,0,0,0,0,0,0,0,1.16626441479,1.166264414787292,0,-214,-214,106,106,1,1,0,0,0,0,0,0,0,0.59542798996,0.5954279899597168,0,272,272,-44,-44,423
01.png,34.png,07.png,27.png,04.png,tray1.png,11.png,26.png,06.png,"[-202, -78]","[248, 72]","[150, 100]","[-52, 72]","[98, 72]","[248, 222]","[-202, 72]","[-52, 222]","[98, 222]","[-202, 222]","[-52, -228]","[98, -228]","[248, -228]","[100, 100]","[-52, -78]","[98, -78]","[248, -78]","[-202, -228]",1,16,"[100, 100]","[100, 100]",both,29.png,17.png,15.png,dots1.png,32.png,23.png,30.png,m,"[100, 100]","[100, 100]","[100, 100]","[100, 100]","[100, 100]","[100, 100]","[100, 100]","[100, 100]","[100, 100]","[100, 100]","[100, 100]","[0, -375]",ok.png,"[100, 100]","[100, 100]",406,3,1,1,1,0,0,0,0,0,0,0,1.35277283192,1.352772831916809,0,-24,-24,89,89,1,1,0,0,0,0,0,0,0,0.410256654024,0.4102566540241241,0,54,54,-18,-18,202
12.png,24.png,02.png,05.png,07.png,03.png,tray1.png,25.png,18.png,"[-211, -93]","[239, 57]","[150, 100]","[-61, 57]","[89, 57]","[239, 207]","[-211, 57]","[-61, 207]","[89, 207]","[-211, 207]","[-61, -243]","[89, -243]","[239, -243]","[100, 100]","[-61, -93]","[89, -93]","[239, -93]","[-211, -243]",1,16,"[100, 100]","[100, 100]",both,27.png,06.png,dots1.png,13.png,17.png,22.png,09.png,m,"[100, 100]","[100, 100]","[100, 100]","[100, 100]","[100, 100]","[100, 100]","[100, 100]","[100, 100]","[100, 100]","[100, 100]","[100, 100]","[0, -375]",ok.png,"[100, 100]","[100, 100]",407,3,1,1,1,0,0,0,0,0,0,0,1.67238223553,1.672382235527039,0,78,78,54,54,1,1,0,0,0,0,0,0,0,0.388102740049,0.3881027400493622,0,-82,-82,-126,-126,280
13.png,05.png,33.png,07.png,20.png,15.png,27.png,tray1.png,dots1.png,"[-216, -96]","[234, 54]","[150, 100]","[-66, 54]","[84, 54]","[234, 204]","[-216, 54]","[-66, 204]","[84, 204]","[-216, 204]","[-66, -246]","[84, -246]","[234, -246]","[100, 100]","[-66, -96]","[84, -96]","[234, -96]","[-216, -246]",1,16,"[100, 100]","[100, 100]",both,31.png,09.png,17.png,25.png,22.png,01.png,33.png,m,"[100, 100]","[100, 100]","[100, 100]","[100, 100]","[100, 100]","[100, 100]","[100, 100]","[100, 100]","[100, 100]","[100, 100]","[100, 100]","[0, -375]",ok.png,"[100, 100]","[100, 100]",408,3,1,1,1,0,0,0,0,0,0,0,1.61849200726,1.618492007255554,0,198,198,53,53,1,1,0,0,0,0,0,0,0,0.824218153954,0.8242181539535522,0,-241,-241,-115,-115,133
07.png,10.png,13.png,16.png,02.png,08.png,04.png,dots1.png,tray1.png,"[-235, -86]","[215, 64]","[150, 100]","[-85, 64]","[65, 64]","[215, 214]","[-235, 64]","[-85, 214]","[65, 214]","[-235, 214]","[-85, -236]","[65, -236]","[215, -236]","[100, 100]","[-85, -86]","[65, -86]","[215, -86]","[-235, -236]",1,16,"[100, 100]","[100, 100]",both,27.png,21.png,29.png,23.png,33.png,25.png,31.png,m,"[100, 100]","[100, 100]","[100, 100]","[100, 100]","[100, 100]","[100, 100]","[100, 100]","[100, 100]","[100, 100]","[100, 100]","[100, 100]","[0, -375]",ok.png,"[100, 100]","[100, 100]",409,3,1,1,1,0,0,0,0,0,0,0,1.64123129845,1.641231298446655,0,232,232,71,71,1,1,0,0,0,0,0,0,0,1.09115934372,1.091159343719482,0,-239,-239,-73,-73,248
09.png,07.png,05.png,03.png,14.png,16.png,dots1.png,20.png,22.png,"[-227, -73]","[223, 77]","[150, 100]","[-77, 77]","[73, 77]","[223, 227]","[-227, 77]","[-77, 227]","[73, 227]","[-227, 227]","[-77, -223]","[73, -223]","[223, -223]","[100, 100]","[-77, -73]","[73, -73]","[223, -73]","[-227, -223]",1,16,"[100, 100]","[100, 100]",both,26.png,21.png,tray1.png,24.png,30.png,27.png,32.png,m,"[100, 100]","[100, 100]","[100, 100]","[100, 100]","[100, 100]","[100, 100]","[100, 100]","[100, 100]","[100, 100]","[100, 100]","[100, 100]","[0, -375]",ok.png,"[100, 100]","[100, 100]",410,3,1,1,1,0,0,0,0,0,0,0,2.05792927742,2.057929277420044,0,91,91,111,111,1,1,0,0,0,0,0,0,0,0.885268628597,0.8852686285972595,0,-69,-69,-60,-60,384
05.png,14.png,33.png,31.png,13.png,dots1.png,34.png,32.png,16.png,"[-211, -72]","[239, 78]","[150, 100]","[-61, 78]","[89, 78]","[239, 228]","[-211, 78]","[-61, 228]","[89, 228]","[-211, 228]","[-61, -222]","[89, -222]","[239, -222]","[100, 100]","[-61, -72]","[89, -72]","[239, -72]","[-211, -222]",1,16,"[100, 100]","[100, 100]",both,21.png,24.png,19.png,tray1.png,01.png,27.png,18.png,m,"[100, 100]","[100, 100]","[100, 100]","[100, 100]","[100, 100]","[100, 100]","[100, 100]","[100, 100]","[100, 100]","[100, 100]","[100, 100]","[0, -375]",ok.png,"[100, 100]","[100, 100]",411,3,1,1,1,0,0,0,0,0,0,0,1.22324240208,1.223242402076721,0,-67,-67,72,72,1,1,0,0,0,0,0,0,0,1.13809370995,1.138093709945679,0,97,97,-75,-75,325
10.png,15.png,20.png,25.png,dots1.png,24.png,04.png,17.png,21.png,"[-218, -68]","[232, 82]","[150, 100]","[-68, 82]","[82, 82]","[232, 232]","[-218, 82]","[-68, 232]","[82, 232]","[-218, 232]","[-68, -218]","[82, -218]","[232, -218]","[100, 100]","[-68, -68]","[82, -68]","[232, -68]","[-218, -218]",1,16,"[100, 100]","[100, 100]",both,tray1.png,18.png,16.png,11.png,34.png,08.png,27.png,m,"[100, 100]","[100, 100]","[100, 100]","[100, 100]","[100, 100]","[100, 100]","[100, 100]","[100, 100]","[100, 100]","[100, 100]","[100, 100]","[0, -375]",ok.png,"[100, 100]","[100, 100]",412,3,1,1,1,0,0,0,0,0,0,0,1.6034206152,1.603420615196228,0,-206,-206,77,77,1,1,0,0,0,0,0,0,0,1.21825122833,1.21825122833252,0,247,247,-72,-72,240
16.png,10.png,20.png,dots1.png,28.png,32.png,29.png,26.png,03.png,"[-224, -66]","[226, 84]","[150, 100]","[-74, 84]","[76, 84]","[226, 234]","[-224, 84]","[-74, 234]","[76, 234]","[-224, 234]","[-74, -216]","[76, -216]","[226, -216]","[100, 100]","[-74, -66]","[76, -66]","[226, -66]","[-224, -216]",1,16,"[100, 100]","[100, 100]",both,08.png,tray1.png,01.png,07.png,04.png,05.png,02.png,m,"[100, 100]","[100, 100]","[100, 100]","[100, 100]","[100, 100]","[100, 100]","[100, 100]","[100, 100]","[100, 100]","[100, 100]","[100, 100]","[0, -375]",ok.png,"[100, 100]","[100, 100]",413,3,1,1,1,0,0,0,0,0,0,0,2.05358099937,2.05358099937439,0,225,225,234,234,1,1,0,0,0,0,0,0,0,0.920765519142,0.9207655191421508,0,-208,-208,-211,-211,77
29.png,17.png,dots1.png,16.png,15.png,03.png,33.png,08.png,13.png,"[-214, -99]","[236, 51]","[150, 100]","[-64, 51]","[86, 51]","[236, 201]","[-214, 51]","[-64, 201]","[86, 201]","[-214, 201]","[-64, -249]","[86, -249]","[236, -249]","[100, 100]","[-64, -99]","[86, -99]","[236, -99]","[-214, -249]",1,16,"[100, 100]","[100, 100]",both,10.png,23.png,28.png,02.png,01.png,tray1.png,12.png,m,"[100, 100]","[100, 100]","[100, 100]","[100, 100]","[100, 100]","[100, 100]","[100, 100]","[100, 100]","[100, 100]","[100, 100]","[100, 100]","[0, -375]",ok.png,"[100, 100]","[100, 100]",414,3,1,1,1,0,0,0,0,0,0,0,2.16697192192,2.166971921920776,0,100,100,213,213,1,1,0,0,0,0,0,0,0,0.653522193432,0.6535221934318542,0,-62,-62,-224,-224,1
32.png,dots1.png,08.png,16.png,14.png,06.png,04.png,33.png,27.png,"[-246, -77]","[204, 73]","[150, 100]","[-96, 73]","[54, 73]","[204, 223]","[-246, 73]","[-96, 223]","[54, 223]","[-246, 223]","[-96, -227]","[54, -227]","[204, -227]","[100, 100]","[-96, -77]","[54, -77]","[204, -77]","[-246, -227]",1,16,"[100, 100]","[100, 100]",both,13.png,07.png,23.png,17.png,24.png,03.png,tray1.png,m,"[100, 100]","[100, 100]","[100, 100]","[100, 100]","[100, 100]","[100, 100]","[100, 100]","[100, 100]","[100, 100]","[100, 100]","[100, 100]","[0, -375]",ok.png,"[100, 100]","[100, 100]",415,3,1,1,1,0,0,0,0,0,0,0,1.86959207058,1.869592070579529,0,-105,-105,224,224,1,1,0,0,0,0,0,0,0,1.15383732319,1.153837323188782,0,17,17,-227,-227,278
dots1.png,20.png,30.png,02.png,12.png,16.png,03.png,04.png,24.png,"[-226, -88]","[224, 62]","[150, 100]","[-76, 62]","[74, 62]","[224, 212]","[-226, 62]","[-76, 212]","[74, 212]","[-226, 212]","[-76, -238]","[74, -238]","[224, -238]","[100, 100]","[-76, -88]","[74, -88]","[224, -88]","[-226, -238]",1,16,"[100, 100]","[100, 100]",both,27.png,14.png,23.png,33.png,tray1.png,07.png,17.png,m,"[100, 100]","[100, 100]","[100, 100]","[100, 100]","[100, 100]","[100, 100]","[100, 100]","[100, 100]","[100, 100]","[100, 100]","[100, 100]","[0, -375]",ok.png,"[100, 100]","[100, 100]",416,3,1,1,1,0,0,0,0,0,0,0,2.20051407814,2.200514078140259,0,221,221,-231,-231,1,1,0,0,0,0,0,0,0,1.06237137318,1.062371373176575,0,-243,-243,216,216,35
03.png,dots1.png,29.png,09.png,25.png,02.png,32.png,11.png,12.png,"[-220, -51]","[230, 99]","[150, 100]","[-70, 99]","[80, 99]","[230, 249]","[-220, 99]","[-70, 249]","[80, 249]","[-220, 249]","[-70, -201]","[80, -201]","[230, -201]","[100, 100]","[-70, -51]","[80, -51]","[230, -51]","[-220, -201]",1,16,"[100, 100]","[100, 100]",both,31.png,13.png,22.png,16.png,18.png,04.png,tray1.png,m,"[100, 100]","[100, 100]","[100, 100]","[100, 100]","[100, 100]","[100, 100]","[100, 100]","[100, 100]","[100, 100]","[100, 100]","[100, 100]","[0, -375]",ok.png,"[100, 100]","[100, 100]",417,3,1,1,1,0,0,0,0,0,0,0,1.07960355282,1.079603552818298,0,83,83,-204,-204,1,1,0,0,0,0,0,0,0,1.15134084225,1.151340842247009,0,-99,-99,275,275,86
16.png,13.png,dots1.png,05.png,21.png,30.png,07.png,23.png,01.png,"[-202, -97]","[248, 53]","[150, 100]","[-52, 53]","[98, 53]","[248, 203]","[-202, 53]","[-52, 203]","[98, 203]","[-202, 203]","[-52, -247]","[98, -247]","[248, -247]","[100, 100]","[-52, -97]","[98, -97]","[248, -97]","[-202, -247]",1,16,"[100, 100]","[100, 100]",both,25.png,03.png,27.png,28.png,15.png,tray1.png,08.png,m,"[100, 100]","[100, 100]","[100, 100]","[100, 100]","[100, 100]","[100, 100]","[100, 100]","[100, 100]","[100, 100]","[100, 100]","[100, 100]","[0, -375]",ok.png,"[100, 100]","[100, 100]",418,3,1,1,1,0,0,0,0,0,0,0,1.67426931858,1.674269318580627,0,-73,-73,-251,-251,1,1,0,0,0,0,0,0,0,0.649117410183,0.6491174101829529,0,82,82,212,212,230
06.png,21.png,15.png,dots1.png,20.png,05.png,16.png,28.png,29.png,"[-205, -54]","[245, 96]","[150, 100]","[-55, 96]","[95, 96]","[245, 246]","[-205, 96]","[-55, 246]","[95, 246]","[-205, 246]","[-55, -204]","[95, -204]","[245, -204]","[100, 100]","[-55, -54]","[95, -54]","[245, -54]","[-205, -204]",1,16,"[100, 100]","[100, 100]",both,23.png,tray1.png,09.png,02.png,32.png,14.png,07.png,m,"[100, 100]","[100, 100]","[100, 100]","[100, 100]","[100, 100]","[100, 100]","[100, 100]","[100, 100]","[100, 100]","[100, 100]","[100, 100]","[0, -375]",ok.png,"[100, 100]","[100, 100]",419,3,1,1,1,0,0,0,0,0,0,0,2.01679229736,2.016792297363281,0,-178,-178,-185,-185,1,1,0,0,0,0,0,0,0,0.622360289097,0.6223602890968323,0,244,244,239,239,344
06.png,11.png,01.png,28.png,dots1.png,17.png,19.png,34.png,15.png,"[-203, -69]","[247, 81]","[150, 100]","[-53, 81]","[97, 81]","[247, 231]","[-203, 81]","[-53, 231]","[97, 231]","[-203, 231]","[-53, -219]","[97, -219]","[247, -219]","[100, 100]","[-53, -69]","[97, -69]","[247, -69]","[-203, -219]",1,16,"[100, 100]","[100, 100]",both,tray1.png,31.png,30.png,08.png,03.png,21.png,32.png,m,"[100, 100]","[100, 100]","[100, 100]","[100, 100]","[100, 100]","[100, 100]","[100, 100]","[100, 100]","[100, 100]","[100, 100]","[100, 100]","[0, -375]",ok.png,"[100, 100]","[100, 100]",420,3,1,1,1,0,0,0,0,0,0,0,1.13734853268,1.137348532676697,0,-164,-164,82,82,1,1,0,0,0,0,0,0,0,1.08012020588,1.080120205879211,0,259,259,-61,-61,427
09.png,03.png,12.png,04.png,32.png,dots1.png,24.png,27.png,07.png,"[-234, -72]","[216, 78]","[150, 100]","[-84, 78]","[66, 78]","[216, 228]","[-234, 78]","[-84, 228]","[66, 228]","[-234, 228]","[-84, -222]","[66, -222]","[216, -222]","[100, 100]","[-84, -72]","[66, -72]","[216, -72]","[-234, -222]",1,16,"[100, 100]","[100, 100]",both,10.png,13.png,09.png,tray1.png,28.png,16.png,22.png,m,"[100, 100]","[100, 100]","[100, 100]","[100, 100]","[100, 100]","[100, 100]","[100, 100]","[100, 100]","[100, 100]","[100, 100]","[100, 100]","[0, -375]",ok.png,"[100, 100]","[100, 100]",421,3,1,1,1,0,0,0,0,0,0,0,1.26000988483,1.26000988483429,0,-72,-72,83,83,1,1,0,0,0,0,0,0,0,0.673392176628,0.6733921766281128,0,80,80,-74,-74,288
18.png,14.png,25.png,12.png,33.png,19.png,dots1.png,08.png,01.png,"[-230, -58]","[220, 92]","[150, 100]","[-80, 92]","[70, 92]","[220, 242]","[-230, 92]","[-80, 242]","[70, 242]","[-230, 242]","[-80, -208]","[70, -208]","[220, -208]","[100, 100]","[-80, -58]","[70, -58]","[220, -58]","[-230, -208]",1,16,"[100, 100]","[100, 100]",both,10.png,34.png,tray1.png,07.png,30.png,20.png,26.png,m,"[100, 100]","[100, 100]","[100, 100]","[100, 100]","[100, 100]","[100, 100]","[100, 100]","[100, 100]","[100, 100]","[100, 100]","[100, 100]","[0, -375]",ok.png,"[100, 100]","[100, 100]",422,3,1,1,1,0,0,0,0,0,0,0,1.27467107773,1.274671077728271,0,76,76,87,87,1,1,0,0,0,0,0,0,0,0.652434647083,0.6524346470832825,0,-68,-68,-37,-37,404
11.png,13.png,17.png,18.png,21.png,14.png,25.png,dots1.png,tray1.png,"[-245, -92]","[205, 58]","[150, 100]","[-95, 58]","[55, 58]","[205, 208]","[-245, 58]","[-95, 208]","[55, 208]","[-245, 208]","[-95, -242]","[55, -242]","[205, -242]","[100, 100]","[-95, -92]","[55, -92]","[205, -92]","[-245, -242]",1,16,"[100, 100]","[100, 100]",both,30.png,26.png,02.png,04.png,01.png,24.png,33.png,m,"[100, 100]","[100, 100]","[100, 100]","[100, 100]","[100, 100]","[100, 100]","[100, 100]","[100, 100]","[100, 100]","[100, 100]","[100, 100]","[0, -375]",ok.png,"[100, 100]","[100, 100]",423,3,1,1,1,0,0,0,0,0,0,0,1.16767191887,1.167671918869019,0,195,195,73,73,1,1,0,0,0,0,0,0,0,0.719996631145,0.7199966311454773,0,-271,-271,-101,-101,408
08.png,14.png,10.png,20.png,11.png,07.png,22.png,tray1.png,dots1.png,"[-241, -69]","[209, 81]","[150, 100]","[-91, 81]","[59, 81]","[209, 231]","[-241, 81]","[-91, 231]","[59, 231]","[-241, 231]","[-91, -219]","[59, -219]","[209, -219]","[100, 100]","[-91, -69]","[59, -69]","[209, -69]","[-241, -219]",1,16,"[100, 100]","[100, 100]",both,30.png,09.png,31.png,26.png,19.png,29.png,03.png,m,"[100, 100]","[100, 100]","[100, 100]","[100, 100]","[100, 100]","[100, 100]","[100, 100]","[100, 100]","[100, 100]","[100, 100]","[100, 100]","[0, -375]",ok.png,"[100, 100]","[100, 100]",424,3,1,1,1,0,0,0,0,0,0,0,1.90716218948,1.907162189483643,0,224,224,82,82,1,1,0,0,0,0,0,0,0,0.554469108582,0.554469108581543,0,-199,-199,-54,-54,170
31.png,03.png,13.png,11.png,23.png,21.png,tray1.png,30.png,33.png,"[-217, -60]","[233, 90]","[150, 100]","[-67, 90]","[83, 90]","[233, 240]","[-217, 90]","[-67, 240]","[83, 240]","[-217, 240]","[-67, -210]","[83, -210]","[233, -210]","[100, 100]","[-67, -60]","[83, -60]","[233, -60]","[-217, -210]",1,16,"[100, 100]","[100, 100]",both,05.png,19.png,dots1.png,14.png,26.png,32.png,29.png,m,"[100, 100]","[100, 100]","[100, 100]","[100, 100]","[100, 100]","[100, 100]","[100, 100]","[100, 100]","[100, 100]","[100, 100]","[100, 100]","[0, -375]",ok.png,"[100, 100]","[100, 100]",425,3,1,1,1,0,0,0,0,0,0,0,1.18868899345,1.188688993453979,0,83,83,97,97,1,1,0,0,0,0,0,0,0,0.623997688293,0.623997688293457,0,-59,-59,-56,-56,361
dots2.png,14.png,13.png,12.png,11.png,10.png,09.png,08.png,07.png,"[-229, -82]","[221, 68]","[150, 100]","[-79, 68]","[71, 68]","[221, 218]","[-229, 68]","[-79, 218]","[71, 218]","[-229, 218]","[-79, -232]","[71, -232]","[221, -232]","[100, 100]","[-79, -82]","[71, -82]","[221, -82]","[-229, -232]",1,16,"[100, 100]","[100, 100]",both,04.png,03.png,06.png,05.png,tray2.png,02.png,01.png,m,"[100, 100]","[100, 100]","[100, 100]","[100, 100]","[100, 100]","[100, 100]","[100, 100]","[100, 100]","[100, 100]","[100, 100]","[100, 100]","[0, -375]",ok.png,"[100, 100]","[100, 100]",426,3,1,1,1,0,0,0,0,0,0,0,1.24464535713,1.244645357131958,0,-211,-211,228,228,1,1,0,0,0,0,0,0,0,1.03100562096,1.031005620956421,0,215,215,-247,-247,333
23.png,dots2.png,31.png,32.png,33.png,34.png,14.png,15.png,13.png,"[-236, -77]","[214, 73]","[150, 100]","[-86, 73]","[64, 73]","[214, 223]","[-236, 73]","[-86, 223]","[64, 223]","[-236, 223]","[-86, -227]","[64, -227]","[214, -227]","[100, 100]","[-86, -77]","[64, -77]","[214, -77]","[-236, -227]",1,16,"[100, 100]","[100, 100]",both,10.png,01.png,12.png,11.png,08.png,09.png,tray2.png,m,"[100, 100]","[100, 100]","[100, 100]","[100, 100]","[100, 100]","[100, 100]","[100, 100]","[100, 100]","[100, 100]","[100, 100]","[100, 100]","[0, -375]",ok.png,"[100, 100]","[100, 100]",427,3,1,1,1,0,0,0,0,0,0,0,2.13484048843,2.134840488433838,0,-90,-90,209,209,1,1,0,0,0,0,0,0,0,1.02999663353,1.029996633529663,0,44,44,-197,-197,418
27.png,30.png,dots2.png,24.png,23.png,22.png,21.png,20.png,19.png,"[-202, -77]","[248, 73]","[150, 100]","[-52, 73]","[98, 73]","[248, 223]","[-202, 73]","[-52, 223]","[98, 223]","[-202, 223]","[-52, -227]","[98, -227]","[248, -227]","[100, 100]","[-52, -77]","[98, -77]","[248, -77]","[-202, -227]",1,16,"[100, 100]","[100, 100]",both,16.png,15.png,18.png,17.png,05.png,tray2.png,06.png,m,"[100, 100]","[100, 100]","[100, 100]","[100, 100]","[100, 100]","[100, 100]","[100, 100]","[100, 100]","[100, 100]","[100, 100]","[100, 100]","[0, -375]",ok.png,"[100, 100]","[100, 100]",428,3,1,1,1,0,0,0,0,0,0,0,1.24167537689,1.24167537689209,0,98,98,223,223,1,1,0,0,0,0,0,0,0,1.46427595615,1.46427595615387,0,-42,-42,-224,-224,113
33.png,32.png,30.png,dots2.png,08.png,02.png,31.png,27.png,26.png,"[-217, -96]","[233, 54]","[150, 100]","[-67, 54]","[83, 54]","[233, 204]","[-217, 54]","[-67, 204]","[83, 204]","[-217, 204]","[-67, -246]","[83, -246]","[233, -246]","[100, 100]","[-67, -96]","[83, -96]","[233, -96]","[-217, -246]",1,16,"[100, 100]","[100, 100]",both,03.png,tray2.png,28.png,12.png,22.png,24.png,23.png,m,"[100, 100]","[100, 100]","[100, 100]","[100, 100]","[100, 100]","[100, 100]","[100, 100]","[100, 100]","[100, 100]","[100, 100]","[100, 100]","[0, -375]",ok.png,"[100, 100]","[100, 100]",429,3,1,1,1,0,0,0,0,0,0,0,2.46605277061,2.466052770614624,0,-208,-208,-220,-220,1,1,0,0,0,0,0,0,0,0.891003906727,0.8910039067268372,0,-6,-6,-350,-350,68
28.png,26.png,24.png,22.png,dots2.png,34.png,33.png,32.png,31.png,"[-245, -98]","[205, 52]","[150, 100]","[-95, 52]","[55, 52]","[205, 202]","[-245, 52]","[-95, 202]","[55, 202]","[-245, 202]","[-95, -248]","[55, -248]","[205, -248]","[100, 100]","[-95, -98]","[55, -98]","[205, -98]","[-245, -248]",1,16,"[100, 100]","[100, 100]",both,tray2.png,08.png,30.png,29.png,02.png,06.png,04.png,m,"[100, 100]","[100, 100]","[100, 100]","[100, 100]","[100, 100]","[100, 100]","[100, 100]","[100, 100]","[100, 100]","[100, 100]","[100, 100]","[0, -375]",ok.png,"[100, 100]","[100, 100]",430,3,1,1,1,0,0,0,0,0,0,0,1.07463359833,1.074633598327637,0,-240,-240,52,52,1,1,0,0,0,0,0,0,0,1.12296521664,1.122965216636658,0,211,211,-75,-75,380
32.png,30.png,23.png,17.png,29.png,dots2.png,15.png,06.png,26.png,"[-248, -92]","[202, 58]","[150, 100]","[-98, 58]","[52, 58]","[202, 208]","[-248, 58]","[-98, 208]","[52, 208]","[-248, 208]","[-98, -242]","[52, -242]","[202, -242]","[100, 100]","[-98, -92]","[52, -92]","[202, -92]","[-248, -242]",1,16,"[100, 100]","[100, 100]",both,04.png,27.png,11.png,tray2.png,01.png,07.png,34.png,m,"[100, 100]","[100, 100]","[100, 100]","[100, 100]","[100, 100]","[100, 100]","[100, 100]","[100, 100]","[100, 100]","[100, 100]","[100, 100]","[0, -375]",ok.png,"[100, 100]","[100, 100]",431,3,1,1,1,0,0,0,0,0,0,0,1.78035879135,1.780358791351318,0,62,62,-67,-67,1,1,0,0,0,0,0,0,0,0.340898841619,0.3408988416194916,0,-60,-60,56,56,127
17.png,09.png,22.png,06.png,27.png,13.png,dots2.png,18.png,25.png,"[-229, -76]","[221, 74]","[150, 100]","[-79, 74]","[71, 74]","[221, 224]","[-229, 74]","[-79, 224]","[71, 224]","[-229, 224]","[-79, -226]","[71, -226]","[221, -226]","[100, 100]","[-79, -76]","[71, -76]","[221, -76]","[-229, -226]",1,16,"[100, 100]","[100, 100]",both,07.png,05.png,tray2.png,03.png,12.png,02.png,24.png,m,"[100, 100]","[100, 100]","[100, 100]","[100, 100]","[100, 100]","[100, 100]","[100, 100]","[100, 100]","[100, 100]","[100, 100]","[100, 100]","[0, -375]",ok.png,"[100, 100]","[100, 100]",432,3,1,1,1,0,0,0,0,0,0,0,1.13390028477,1.133900284767151,0,78,78,73,73,1,1,0,0,0,0,0,0,0,0.627753794193,0.6277537941932678,0,-47,-47,-58,-58,23
22.png,33.png,01.png,09.png,31.png,25.png,17.png,dots2.png,tray2.png,"[-226, -86]","[224, 64]","[150, 100]","[-76, 64]","[74, 64]","[224, 214]","[-226, 64]","[-76, 214]","[74, 214]","[-226, 214]","[-76, -236]","[74, -236]","[224, -236]","[100, 100]","[-76, -86]","[74, -86]","[224, -86]","[-226, -236]",1,16,"[100, 100]","[100, 100]",both,20.png,07.png,27.png,15.png,13.png,33.png,05.png,m,"[100, 100]","[100, 100]","[100, 100]","[100, 100]","[100, 100]","[100, 100]","[100, 100]","[100, 100]","[100, 100]","[100, 100]","[100, 100]","[0, -375]",ok.png,"[100, 100]","[100, 100]",433,3,1,1,1,0,0,0,0,0,0,0,1.05865907669,1.058659076690674,0,238,238,81,81,1,1,0,0,0,0,0,0,0,0.774860262871,0.7748602628707886,0,-246,-246,-74,-74,242
33.png,31.png,25.png,21.png,27.png,23.png,29.png,tray2.png,dots2.png,"[-215, -92]","[235, 58]","[150, 100]","[-65, 58]","[85, 58]","[235, 208]","[-215, 58]","[-65, 208]","[85, 208]","[-215, 208]","[-65, -242]","[85, -242]","[235, -242]","[100, 100]","[-65, -92]","[85, -92]","[235, -92]","[-215, -242]",1,16,"[100, 100]","[100, 100]",both,02.png,16.png,04.png,08.png,07.png,13.png,10.png,m,"[100, 100]","[100, 100]","[100, 100]","[100, 100]","[100, 100]","[100, 100]","[100, 100]","[100, 100]","[100, 100]","[100, 100]","[100, 100]","[0, -375]",ok.png,"[100, 100]","[100, 100]",434,3,1,1,1,0,0,0,0,0,0,0,2.41039514542,2.41039514541626,0,-220,-220,-88,-88,1,1,0,0,0,0,0,0,0,0.794931709766,0.7949317097663879,0,242,242,103,103,444
30.png,32.png,27.png,21.png,26.png,24.png,tray2.png,22.png,20.png,"[-212, -72]","[238, 78]","[150, 100]","[-62, 78]","[88, 78]","[238, 228]","[-212, 78]","[-62, 228]","[88, 228]","[-212, 228]","[-62, -222]","[88, -222]","[238, -222]","[100, 100]","[-62, -72]","[88, -72]","[238, -72]","[-212, -222]",1,16,"[100, 100]","[100, 100]",both,14.png,03.png,dots2.png,16.png,09.png,05.png,07.png,m,"[100, 100]","[100, 100]","[100, 100]","[100, 100]","[100, 100]","[100, 100]","[100, 100]","[100, 100]","[100, 100]","[100, 100]","[100, 100]","[0, -375]",ok.png,"[100, 100]","[100, 100]",435,3,1,1,1,0,0,0,0,0,0,0,0.902629435062,0.9026294350624084,0,-74,-74,-68,-68,1,1,0,0,0,0,0,0,0,0.721340477467,0.7213404774665833,0,97,97,95,95,388
01.png,18.png,27.png,24.png,21.png,tray2.png,19.png,16.png,32.png,"[-218, -96]","[232, 54]","[150, 100]","[-68, 54]","[82, 54]","[232, 204]","[-218, 54]","[-68, 204]","[82, 204]","[-218, 204]","[-68, -246]","[82, -246]","[232, -246]","[100, 100]","[-68, -96]","[82, -96]","[232, -96]","[-218, -246]",1,16,"[100, 100]","[100, 100]",both,13.png,31.png,34.png,dots2.png,05.png,33.png,14.png,m,"[100, 100]","[100, 100]","[100, 100]","[100, 100]","[100, 100]","[100, 100]","[100, 100]","[100, 100]","[100, 100]","[100, 100]","[100, 100]","[0, -375]",ok.png,"[100, 100]","[100, 100]",436,3,1,1,1,0,0,0,0,0,0,0,0.969315648079,0.9693156480789183,0,-43,-43,48,48,1,1,0,0,0,0,0,0,0,0.388006597757,0.3880065977573395,0,49,49,-85,-85,449
34.png,27.png,08.png,18.png,tray2.png,11.png,16.png,21.png,17.png,"[-204, -84]","[246, 66]","[150, 100]","[-54, 66]","[96, 66]","[246, 216]","[-204, 66]","[-54, 216]","[96, 216]","[-204, 216]","[-54, -234]","[96, -234]","[246, -234]","[100, 100]","[-54, -84]","[96, -84]","[246, -84]","[-204, -234]",1,16,"[100, 100]","[100, 100]",both,dots2.png,25.png,04.png,24.png,10.png,20.png,15.png,m,"[100, 100]","[100, 100]","[100, 100]","[100, 100]","[100, 100]","[100, 100]","[100, 100]","[100, 100]","[100, 100]","[100, 100]","[100, 100]","[0, -375]",ok.png,"[100, 100]","[100, 100]",437,3,1,1,1,0,0,0,0,0,0,0,1.24914586544,1.249145865440369,0,-193,-193,56,56,1,1,0,0,0,0,0,0,0,0.0524352379143,0.05243523791432381,0,-193,-193,56,56,27
04.png,02.png,05.png,tray2.png,08.png,07.png,01.png,03.png,26.png,"[-207, -65]","[243, 85]","[150, 100]","[-57, 85]","[93, 85]","[243, 235]","[-207, 85]","[-57, 235]","[93, 235]","[-207, 235]","[-57, -215]","[93, -215]","[243, -215]","[100, 100]","[-57, -65]","[93, -65]","[243, -65]","[-207, -215]",1,16,"[100, 100]","[100, 100]",both,28.png,dots2.png,29.png,32.png,16.png,20.png,10.png,m,"[100, 100]","[100, 100]","[100, 100]","[100, 100]","[100, 100]","[100, 100]","[100, 100]","[100, 100]","[100, 100]","[100, 100]","[100, 100]","[0, -375]",ok.png,"[100, 100]","[100, 100]",438,3,1,1,1,0,0,0,0,0,0,0,1.36728954315,1.367289543151855,0,265,265,246,246,1,1,0,0,0,0,0,0,0,1.40551662445,1.405516624450684,0,-220,-220,-208,-208,412
01.png,12.png,tray2.png,23.png,10.png,02.png,28.png,13.png,08.png,"[-208, -68]","[242, 82]","[150, 100]","[-58, 82]","[92, 82]","[242, 232]","[-208, 82]","[-58, 232]","[92, 232]","[-208, 232]","[-58, -218]","[92, -218]","[242, -218]","[100, 100]","[-58, -68]","[92, -68]","[242, -68]","[-208, -218]",1,16,"[100, 100]","[100, 100]",both,15.png,16.png,33.png,03.png,29.png,dots2.png,17.png,m,"[100, 100]","[100, 100]","[100, 100]","[100, 100]","[100, 100]","[100, 100]","[100, 100]","[100, 100]","[100, 100]","[100, 100]","[100, 100]","[0, -375]",ok.png,"[100, 100]","[100, 100]",439,3,1,1,1,0,0,0,0,0,0,0,1.48067367077,1.480673670768738,0,97,97,224,224,1,1,0,0,0,0,0,0,0,0.660956799984,0.6609567999839783,0,-64,-64,-217,-217,435
24.png,tray2.png,03.png,07.png,13.png,17.png,23.png,27.png,33.png,"[-206, -61]","[244, 89]","[150, 100]","[-56, 89]","[94, 89]","[244, 239]","[-206, 89]","[-56, 239]","[94, 239]","[-206, 239]","[-56, -211]","[94, -211]","[244, -211]","[100, 100]","[-56, -61]","[94, -61]","[244, -61]","[-206, -211]",1,16,"[100, 100]","[100, 100]",both,14.png,16.png,04.png,06.png,32.png,08.png,dots2.png,m,"[100, 100]","[100, 100]","[100, 100]","[100, 100]","[100, 100]","[100, 100]","[100, 100]","[100, 100]","[100, 100]","[100, 100]","[100, 100]","[0, -375]",ok.png,"[100, 100]","[100, 100]",440,3,1,1,1,0,0,0,0,0,0,0,1.5285063982,1.528506398200989,0,-41,-41,249,249,1,1,0,0,0,0,0,0,0,0.571139931679,0.571139931678772,0,102,102,-237,-237,368
tray2.png,17.png,07.png,14.png,27.png,33.png,23.png,24.png,04.png,"[-220, -84]","[230, 66]","[150, 100]","[-70, 66]","[80, 66]","[230, 216]","[-220, 66]","[-70, 216]","[80, 216]","[-220, 216]","[-70, -234]","[80, -234]","[230, -234]","[100, 100]","[-70, -84]","[80, -84]","[230, -84]","[-220, -234]",1,16,"[100, 100]","[100, 100]",both,12.png,02.png,03.png,16.png,dots2.png,30.png,20.png,m,"[100, 100]","[100, 100]","[100, 100]","[100, 100]","[100, 100]","[100, 100]","[100, 100]","[100, 100]","[100, 100]","[100, 100]","[100, 100]","[0, -375]",ok.png,"[100, 100]","[100, 100]",441,3,1,1,1,0,0,0,0,0,0,0,1.04180693626,1.041806936264038,0,-209,-209,231,231,1,1,0,0,0,0,0,0,0,2.07643651962,2.076436519622803,0,207,207,-230,-230,301
18.png,tray2.png,04.png,13.png,31.png,16.png,22.png,12.png,11.png,"[-201, -53]","[249, 97]","[150, 100]","[-51, 97]","[99, 97]","[249, 247]","[-201, 97]","[-51, 247]","[99, 247]","[-201, 247]","[-51, -203]","[99, -203]","[249, -203]","[100, 100]","[-51, -53]","[99, -53]","[249, -53]","[-201, -203]",1,16,"[100, 100]","[100, 100]",both,25.png,09.png,32.png,02.png,03.png,29.png,dots2.png,m,"[100, 100]","[100, 100]","[100, 100]","[100, 100]","[100, 100]","[100, 100]","[100, 100]","[100, 100]","[100, 100]","[100, 100]","[100, 100]","[0, -375]",ok.png,"[100, 100]","[100, 100]",442,3,1,1,1,0,0,0,0,0,0,0,1.38828611374,1.388286113739014,0,-59,-59,241,241,1,1,0,0,0,0,0,0,0,0.625079810619,0.6250798106193542,0,109,109,-226,-226,54
15.png,08.png,tray2.png,03.png,25.png,28.png,27.png,01.png,23.png,"[-204, -76]","[246, 74]","[150, 100]","[-54, 74]","[96, 74]","[246, 224]","[-204, 74]","[-54, 224]","[96, 224]","[-204, 224]","[-54, -226]","[96, -226]","[246, -226]","[100, 100]","[-54, -76]","[96, -76]","[246, -76]","[-204, -226]",1,16,"[100, 100]","[100, 100]",both,21.png,05.png,07.png,30.png,16.png,dots2.png,13.png,m,"[100, 100]","[100, 100]","[100, 100]","[100, 100]","[100, 100]","[100, 100]","[100, 100]","[100, 100]","[100, 100]","[100, 100]","[100, 100]","[0, -375]",ok.png,"[100, 100]","[100, 100]",443,3,1,1,1,0,0,0,0,0,0,0,5.57599830627,5.575998306274414,0,49,49,-405,-405,1,1,0,0,0,0,0,0,0,1.01328313351,1.013283133506775,0,-7,-7,-362,-362,295
32.png,07.png,14.png,tray2.png,23.png,02.png,09.png,29.png,28.png,"[-228, -64]","[222, 86]","[150, 100]","[-78, 86]","[72, 86]","[222, 236]","[-228, 86]","[-78, 236]","[72, 236]","[-228, 236]","[-78, -214]","[72, -214]","[222, -214]","[100, 100]","[-78, -64]","[72, -64]","[222, -64]","[-228, -214]",1,16,"[100, 100]","[100, 100]",both,20.png,dots2.png,16.png,05.png,06.png,15.png,21.png,m,"[100, 100]","[100, 100]","[100, 100]","[100, 100]","[100, 100]","[100, 100]","[100, 100]","[100, 100]","[100, 100]","[100, 100]","[100, 100]","[0, -375]",ok.png,"[100, 100]","[100, 100]",444,3,1,1,1,0,0,0,0,0,0,0,1.74613523483,1.746135234832764,0,238,238,220,220,1,1,0,0,0,0,0,0,0,0.704278707504,0.7042787075042725,0,-234,-234,-220,-220,417
03.png,32.png,21.png,31.png,tray2.png,08.png,30.png,15.png,34.png,"[-245, -92]","[205, 58]","[150, 100]","[-95, 58]","[55, 58]","[205, 208]","[-245, 58]","[-95, 208]","[55, 208]","[-245, 208]","[-95, -242]","[55, -242]","[205, -242]","[100, 100]","[-95, -92]","[55, -92]","[205, -92]","[-245, -242]",1,16,"[100, 100]","[100, 100]",both,dots2.png,28.png,19.png,17.png,06.png,01.png,11.png,m,"[100, 100]","[100, 100]","[100, 100]","[100, 100]","[100, 100]","[100, 100]","[100, 100]","[100, 100]","[100, 100]","[100, 100]","[100, 100]","[0, -375]",ok.png,"[100, 100]","[100, 100]",445,3,1,1,1,0,0,0,0,0,0,0,1.32295298576,1.32295298576355,0,-230,-230,70,70,1,1,0,0,0,0,0,0,0,0.593786180019,0.5937861800193787,0,190,190,-83,-83,225
28.png,22.png,16.png,13.png,10.png,tray2.png,09.png,07.png,27.png,"[-230, -67]","[220, 83]","[150, 100]","[-80, 83]","[70, 83]","[220, 233]","[-230, 83]","[-80, 233]","[70, 233]","[-230, 233]","[-80, -217]","[70, -217]","[220, -217]","[100, 100]","[-80, -67]","[70, -67]","[220, -67]","[-230, -217]",1,16,"[100, 100]","[100, 100]",both,32.png,04.png,24.png,dots2.png,09.png,12.png,03.png,m,"[100, 100]","[100, 100]","[100, 100]","[100, 100]","[100, 100]","[100, 100]","[100, 100]","[100, 100]","[100, 100]","[100, 100]","[100, 100]","[0, -375]",ok.png,"[100, 100]","[100, 100]",446,3,1,1,1,0,0,0,0,0,0,0,1.36728239059,1.367282390594482,0,-73,-73,98,98,1,1,0,0,0,0,0,0,0,0.736748158932,0.7367481589317322,0,55,55,-50,-50,246
30.png,26.png,20.png,34.png,10.png,07.png,tray2.png,01.png,08.png,"[-234, -89]","[216, 61]","[150, 100]","[-84, 61]","[66, 61]","[216, 211]","[-234, 61]","[-84, 211]","[66, 211]","[-234, 211]","[-84, -239]","[66, -239]","[216, -239]","[100, 100]","[-84, -89]","[66, -89]","[216, -89]","[-234, -239]",1,16,"[100, 100]","[100, 100]",both,33.png,12.png,dots2.png,19.png,18.png,25.png,14.png,m,"[100, 100]","[100, 100]","[100, 100]","[100, 100]","[100, 100]","[100, 100]","[100, 100]","[100, 100]","[100, 100]","[100, 100]","[100, 100]","[0, -375]",ok.png,"[100, 100]","[100, 100]",447,3,1,1,1,0,0,0,0,0,0,0,1.31113278866,1.311132788658142,0,-71,-71,-70,-70,1,1,0,0,0,0,0,0,0,0.353992074728,0.3539920747280121,0,46,46,60,60,268
01.png,33.png,24.png,26.png,30.png,04.png,02.png,tray2.png,dots2.png,"[-234, -89]","[216, 61]","[150, 100]","[-84, 61]","[66, 61]","[216, 211]","[-234, 61]","[-84, 211]","[66, 211]","[-234, 211]","[-84, -239]","[66, -239]","[216, -239]","[100, 100]","[-84, -89]","[66, -89]","[216, -89]","[-234, -239]",1,16,"[100, 100]","[100, 100]",both,21.png,18.png,25.png,14.png,11.png,17.png,13.png,m,"[100, 100]","[100, 100]","[100, 100]","[100, 100]","[100, 100]","[100, 100]","[100, 100]","[100, 100]","[100, 100]","[100, 100]","[100, 100]","[0, -375]",ok.png,"[100, 100]","[100, 100]",448,3,1,1,1,0,0,0,0,0,0,0,1.60020709038,1.600207090377808,0,-231,-231,-92,-92,1,1,0,0,0,0,0,0,0,1.3306055069,1.330605506896973,0,218,218,43,43,24
19.png,03.png,29.png,09.png,30.png,26.png,31.png,dots2.png,tray2.png,"[-250, -53]","[200, 97]","[150, 100]","[-100, 97]","[50, 97]","[200, 247]","[-250, 97]","[-100, 247]","[50, 247]","[-250, 247]","[-100, -203]","[50, -203]","[200, -203]","[100, 100]","[-100, -53]","[50, -53]","[200, -53]","[-250, -203]",1,16,"[100, 100]","[100, 100]",both,11.png,20.png,22.png,07.png,08.png,10.png,14.png,m,"[100, 100]","[100, 100]","[100, 100]","[100, 100]","[100, 100]","[100, 100]","[100, 100]","[100, 100]","[100, 100]","[100, 100]","[100, 100]","[0, -375]",ok.png,"[100, 100]","[100, 100]",449,3,1,1,1,0,0,0,0,0,0,0,1.02972054482,1.029720544815063,0,186,186,99,99,1,1,0,0,0,0,0,0,0,1.06067585945,1.060675859451294,0,-224,-224,-46,-46,349
26.png,29.png,32.png,19.png,05.png,14.png,dots2.png,33.png,30.png,"[-222, -86]","[228, 64]","[150, 100]","[-72, 64]","[78, 64]","[228, 214]","[-222, 64]","[-72, 214]","[78, 214]","[-222, 214]","[-72, -236]","[78, -236]","[228, -236]","[100, 100]","[-72, -86]","[78, -86]","[228, -86]","[-222, -236]",1,16,"[100, 100]","[100, 100]",both,23.png,11.png,tray2.png,21.png,31.png,13.png,03.png,m,"[100, 100]","[100, 100]","[100, 100]","[100, 100]","[100, 100]","[100, 100]","[100, 100]","[100, 100]","[100, 100]","[100, 100]","[100, 100]","[0, -375]",ok.png,"[100, 100]","[100, 100]",450,3,1,1,1,0,0,0,0,0,0,0,1.23332250118,1.233322501182556,0,85,85,82,82,1,1,0,0,0,0,0,0,0,0.515293776989,0.5152937769889832,0,-27,-27,-61,-61,7
NA,NA,NA,NA,NA,NA,NA,NA,NA,NA,NA,NA,NA,NA,NA,NA,NA,NA,NA,NA,NA,NA,NA,NA,NA,NA,NA,NA,NA,NA,NA,NA,NA,NA,NA,NA,NA,NA,NA,NA,NA,NA,NA,NA,NA,NA,NA,NA,NA,NA,NA,NA,NA,NA,NA,NA,NA,NA,NA,NA,NA,NA,NA,NA,NA,NA,NA,NA,NA,NA,NA,NA,NA,NA,NA,NA,NA,NA,NA,NA,NA,NA,NA,NA,NA,NA,NA,NA,NA,NA,NA
extraInfo,NA,NA,NA,NA,NA,NA,NA,NA,NA,NA,NA,NA,NA,NA,NA,NA,NA,NA,NA,NA,NA,NA,NA,NA,NA,NA,NA,NA,NA,NA,NA,NA,NA,NA,NA,NA,NA,NA,NA,NA,NA,NA,NA,NA,NA,NA,NA,NA,NA,NA,NA,NA,NA,NA,NA,NA,NA,NA,NA,NA,NA,NA,NA,NA,NA,NA,NA,NA,NA,NA,NA,NA,NA,NA,NA,NA,NA,NA,NA,NA,NA,NA,NA,NA,NA,NA,NA,NA,NA,NA
expName,sharexp,NA,NA,NA,NA,NA,NA,NA,NA,NA,NA,NA,NA,NA,NA,NA,NA,NA,NA,NA,NA,NA,NA,NA,NA,NA,NA,NA,NA,NA,NA,NA,NA,NA,NA,NA,NA,NA,NA,NA,NA,NA,NA,NA,NA,NA,NA,NA,NA,NA,NA,NA,NA,NA,NA,NA,NA,NA,NA,NA,NA,NA,NA,NA,NA,NA,NA,NA,NA,NA,NA,NA,NA,NA,NA,NA,NA,NA,NA,NA,NA,NA,NA,NA,NA,NA,NA,NA,NA,NA
age,19,NA,NA,NA,NA,NA,NA,NA,NA,NA,NA,NA,NA,NA,NA,NA,NA,NA,NA,NA,NA,NA,NA,NA,NA,NA,NA,NA,NA,NA,NA,NA,NA,NA,NA,NA,NA,NA,NA,NA,NA,NA,NA,NA,NA,NA,NA,NA,NA,NA,NA,NA,NA,NA,NA,NA,NA,NA,NA,NA,NA,NA,NA,NA,NA,NA,NA,NA,NA,NA,NA,NA,NA,NA,NA,NA,NA,NA,NA,NA,NA,NA,NA,NA,NA,NA,NA,NA,NA,NA
frameRate,NA,NA,NA,NA,NA,NA,NA,NA,NA,NA,NA,NA,NA,NA,NA,NA,NA,NA,NA,NA,NA,NA,NA,NA,NA,NA,NA,NA,NA,NA,NA,NA,NA,NA,NA,NA,NA,NA,NA,NA,NA,NA,NA,NA,NA,NA,NA,NA,NA,NA,NA,NA,NA,NA,NA,NA,NA,NA,NA,NA,NA,NA,NA,NA,NA,NA,NA,NA,NA,NA,NA,NA,NA,NA,NA,NA,NA,NA,NA,NA,NA,NA,NA,NA,NA,NA,NA,NA,NA,NA
session,1,NA,NA,NA,NA,NA,NA,NA,NA,NA,NA,NA,NA,NA,NA,NA,NA,NA,NA,NA,NA,NA,NA,NA,NA,NA,NA,NA,NA,NA,NA,NA,NA,NA,NA,NA,NA,NA,NA,NA,NA,NA,NA,NA,NA,NA,NA,NA,NA,NA,NA,NA,NA,NA,NA,NA,NA,NA,NA,NA,NA,NA,NA,NA,NA,NA,NA,NA,NA,NA,NA,NA,NA,NA,NA,NA,NA,NA,NA,NA,NA,NA,NA,NA,NA,NA,NA,NA,NA,NA
date,2019_01_14_1051,NA,NA,NA,NA,NA,NA,NA,NA,NA,NA,NA,NA,NA,NA,NA,NA,NA,NA,NA,NA,NA,NA,NA,NA,NA,NA,NA,NA,NA,NA,NA,NA,NA,NA,NA,NA,NA,NA,NA,NA,NA,NA,NA,NA,NA,NA,NA,NA,NA,NA,NA,NA,NA,NA,NA,NA,NA,NA,NA,NA,NA,NA,NA,NA,NA,NA,NA,NA,NA,NA,NA,NA,NA,NA,NA,NA,NA,NA,NA,NA,NA,NA,NA,NA,NA,NA,NA,NA,NA
surname,shilova,NA,NA,NA,NA,NA,NA,NA,NA,NA,NA,NA,NA,NA,NA,NA,NA,NA,NA,NA,NA,NA,NA,NA,NA,NA,NA,NA,NA,NA,NA,NA,NA,NA,NA,NA,NA,NA,NA,NA,NA,NA,NA,NA,NA,NA,NA,NA,NA,NA,NA,NA,NA,NA,NA,NA,NA,NA,NA,NA,NA,NA,NA,NA,NA,NA,NA,NA,NA,NA,NA,NA,NA,NA,NA,NA,NA,NA,NA,NA,NA,NA,NA,NA,NA,NA,NA,NA,NA,NA
