stim1,stim2,stim3,stim4,stim5,stim6,stim7,stim8,stim9,pos9,pos8,sizeok,pos6,pos7,pos4,pos5,pos2,pos3,pos1,pos14,pos15,pos16,size7,pos10,pos11,pos12,pos13,sernum,setsize,size8,size9,trialtype,stim12,stim13,stim10,stim11,stim16,stim14,stim15,ser,size4,size5,size6,size16,size14,size15,size12,size13,size10,size11,size1,posok,ok,size2,size3,numtrial,trialtypenum,n,mouse_main1.leftButton_mean,mouse_main1.leftButton_raw,mouse_main1.leftButton_std,mouse_main1.midButton_mean,mouse_main1.midButton_raw,mouse_main1.midButton_std,mouse_main1.rightButton_mean,mouse_main1.rightButton_raw,mouse_main1.rightButton_std,mouse_main1.time_mean,mouse_main1.time_raw,mouse_main1.time_std,mouse_main1.x_mean,mouse_main1.x_raw,mouse_main1.y_mean,mouse_main1.y_raw,mouse_main2.leftButton_mean,mouse_main2.leftButton_raw,mouse_main2.leftButton_std,mouse_main2.midButton_mean,mouse_main2.midButton_raw,mouse_main2.midButton_std,mouse_main2.rightButton_mean,mouse_main2.rightButton_raw,mouse_main2.rightButton_std,mouse_main2.time_mean,mouse_main2.time_raw,mouse_main2.time_std,mouse_main2.x_mean,mouse_main2.x_raw,mouse_main2.y_mean,mouse_main2.y_raw,order
tray1.png,01.png,02.png,03.png,04.png,05.png,06.png,07.png,00.png,"[-238, -98]","[212, 52]","[150, 100]","[-88, 52]","[62, 52]","[212, 202]","[-238, 52]","[-88, 202]","[62, 202]","[-238, 202]","[-88, -248]","[62, -248]","[212, -248]","[100, 100]","[-88, -98]","[62, -98]","[212, -98]","[-238, -248]",1,8,"[100, 100]","[100, 100]",tray,00.png,00.png,00.png,00.png,00.png,00.png,00.png,m,"[100, 100]","[100, 100]","[100, 100]","[100, 100]","[100, 100]","[100, 100]","[100, 100]","[100, 100]","[100, 100]","[100, 100]","[100, 100]","[0, -375]",ok.png,"[100, 100]","[100, 100]",1,1,1,1,1,0,0,0,0,0,0,0,1.04148566723,1.041485667228699,0,-212,-212,211,211,1,1,0,0,0,0,0,0,0,0.968560934067,0.96856093406677235,0,27,27,-384,-384,34
08.png,tray1.png,09.png,00.png,10.png,11.png,12.png,13.png,00.png,"[-213, -74]","[237, 76]","[150, 100]","[-63, 76]","[87, 76]","[237, 226]","[-213, 76]","[-63, 226]","[87, 226]","[-213, 226]","[-63, -224]","[87, -224]","[237, -224]","[100, 100]","[-63, -74]","[87, -74]","[237, -74]","[-213, -224]",1,8,"[100, 100]","[100, 100]",tray,00.png,00.png,14.png,00.png,00.png,00.png,00.png,m,"[100, 100]","[100, 100]","[100, 100]","[100, 100]","[100, 100]","[100, 100]","[100, 100]","[100, 100]","[100, 100]","[100, 100]","[100, 100]","[0, -375]",ok.png,"[100, 100]","[100, 100]",2,1,1,1,1,0,0,0,0,0,0,0,5.03760147095,5.037601470947266,0,-62,-62,236,236,1,1,0,0,0,0,0,0,0,0.591900765896,0.5919007658958435,0,-15,-15,-386,-386,24
00.png,00.png,tray1.png,15.png,16.png,17.png,18.png,19.png,20.png,"[-234, -83]","[216, 67]","[150, 100]","[-84, 67]","[66, 67]","[216, 217]","[-234, 67]","[-84, 217]","[66, 217]","[-234, 217]","[-84, -233]","[66, -233]","[216, -233]","[100, 100]","[-84, -83]","[66, -83]","[216, -83]","[-234, -233]",1,8,"[100, 100]","[100, 100]",tray,00.png,00.png,21.png,00.png,00.png,00.png,00.png,m,"[100, 100]","[100, 100]","[100, 100]","[100, 100]","[100, 100]","[100, 100]","[100, 100]","[100, 100]","[100, 100]","[100, 100]","[100, 100]","[0, -375]",ok.png,"[100, 100]","[100, 100]",3,1,1,1,1,0,0,0,0,0,0,0,0.860021948814,0.8600219488143921,0,51,51,225,225,1,1,0,0,0,0,0,0,0,0.158174693584,0.1581746935844421,0,54,54,225,225,133
22.png,23.png,24.png,tray1.png,00.png,00.png,25.png,26.png,00.png,"[-247, -82]","[203, 68]","[150, 100]","[-97, 68]","[53, 68]","[203, 218]","[-247, 68]","[-97, 218]","[53, 218]","[-247, 218]","[-97, -232]","[53, -232]","[203, -232]","[100, 100]","[-97, -82]","[53, -82]","[203, -82]","[-247, -232]",1,8,"[100, 100]","[100, 100]",tray,28.png,00.png,00.png,27.png,00.png,00.png,00.png,m,"[100, 100]","[100, 100]","[100, 100]","[100, 100]","[100, 100]","[100, 100]","[100, 100]","[100, 100]","[100, 100]","[100, 100]","[100, 100]","[0, -375]",ok.png,"[100, 100]","[100, 100]",4,1,1,1,1,0,0,0,0,0,0,0,1.55466377735,1.554663777351379,0,174,174,221,221,1,1,0,0,0,0,0,0,0,0.18457877636,0.1845787763595581,0,184,184,204,204,319
00.png,00.png,00.png,00.png,tray1.png,29.png,30.png,31.png,32.png,"[-243, -91]","[207, 59]","[150, 100]","[-93, 59]","[57, 59]","[207, 209]","[-243, 59]","[-93, 209]","[57, 209]","[-243, 209]","[-93, -241]","[57, -241]","[207, -241]","[100, 100]","[-93, -91]","[57, -91]","[207, -91]","[-243, -241]",1,8,"[100, 100]","[100, 100]",tray,01.png,00.png,33.png,34.png,00.png,00.png,00.png,m,"[100, 100]","[100, 100]","[100, 100]","[100, 100]","[100, 100]","[100, 100]","[100, 100]","[100, 100]","[100, 100]","[100, 100]","[100, 100]","[0, -375]",ok.png,"[100, 100]","[100, 100]",5,1,1,1,1,0,0,0,0,0,0,0,2.04135680199,2.041356801986694,0,-214,-214,60,60,1,1,0,0,0,0,0,0,0,0.63437688350699994,0.6343768835067749,0,1,1,-363,-363,241
01.png,34.png,00.png,00.png,04.png,tray1.png,00.png,00.png,06.png,"[-210, -60]","[240, 90]","[150, 100]","[-60, 90]","[90, 90]","[240, 240]","[-210, 90]","[-60, 240]","[90, 240]","[-210, 240]","[-60, -210]","[90, -210]","[240, -210]","[100, 100]","[-60, -60]","[90, -60]","[240, -60]","[-210, -210]",1,8,"[100, 100]","[100, 100]",tray,00.png,17.png,15.png,00.png,00.png,23.png,00.png,m,"[100, 100]","[100, 100]","[100, 100]","[100, 100]","[100, 100]","[100, 100]","[100, 100]","[100, 100]","[100, 100]","[100, 100]","[100, 100]","[0, -375]",ok.png,"[100, 100]","[100, 100]",6,1,1,1,1,0,0,0,0,0,0,0,1.07371640205,1.073716402053833,0,-53,-53,68,68,1,1,0,0,0,0,0,0,0,0.482677131891,0.4826771318912506,0,-59,-59,63,63,380
00.png,00.png,00.png,00.png,07.png,03.png,tray1.png,25.png,00.png,"[-227, -84]","[223, 66]","[150, 100]","[-77, 66]","[73, 66]","[223, 216]","[-227, 66]","[-77, 216]","[73, 216]","[-227, 216]","[-77, -234]","[73, -234]","[223, -234]","[100, 100]","[-77, -84]","[73, -84]","[223, -84]","[-227, -234]",1,8,"[100, 100]","[100, 100]",tray,00.png,06.png,00.png,00.png,14.png,22.png,09.png,m,"[100, 100]","[100, 100]","[100, 100]","[100, 100]","[100, 100]","[100, 100]","[100, 100]","[100, 100]","[100, 100]","[100, 100]","[100, 100]","[0, -375]",ok.png,"[100, 100]","[100, 100]",7,1,1,1,1,0,0,0,0,0,0,0,0.762132048607,0.7621320486068726,0,81,81,60,60,1,1,0,0,0,0,0,0,0,0.174015164375,0.1740151643753052,0,78,78,59,59,414
00.png,05.png,33.png,07.png,00.png,00.png,27.png,tray1.png,00.png,"[-237, -98]","[213, 52]","[150, 100]","[-87, 52]","[63, 52]","[213, 202]","[-237, 52]","[-87, 202]","[63, 202]","[-237, 202]","[-87, -248]","[63, -248]","[213, -248]","[100, 100]","[-87, -98]","[63, -98]","[213, -98]","[-237, -248]",1,8,"[100, 100]","[100, 100]",tray,31.png,00.png,17.png,30.png,00.png,00.png,00.png,m,"[100, 100]","[100, 100]","[100, 100]","[100, 100]","[100, 100]","[100, 100]","[100, 100]","[100, 100]","[100, 100]","[100, 100]","[100, 100]","[0, -375]",ok.png,"[100, 100]","[100, 100]",8,1,1,1,1,0,0,0,0,0,0,0,1.2569950819,1.25699508190155,0,237,237,45,45,1,1,0,0,0,0,0,0,0,0.158491507173,0.1584915071725845,0,237,237,45,45,138
00.png,00.png,00.png,00.png,00.png,00.png,00.png,00.png,tray1.png,"[-229, -93]","[221, 57]","[150, 100]","[-79, 57]","[71, 57]","[221, 207]","[-229, 57]","[-79, 207]","[71, 207]","[-229, 207]","[-79, -243]","[71, -243]","[221, -243]","[100, 100]","[-79, -93]","[71, -93]","[221, -93]","[-229, -243]",1,8,"[100, 100]","[100, 100]",tray,27.png,21.png,29.png,23.png,33.png,25.png,31.png,m,"[100, 100]","[100, 100]","[100, 100]","[100, 100]","[100, 100]","[100, 100]","[100, 100]","[100, 100]","[100, 100]","[100, 100]","[100, 100]","[0, -375]",ok.png,"[100, 100]","[100, 100]",9,1,1,1,1,0,0,0,0,0,0,0,1.55726289749,1.557262897491455,0,-195,-195,-104,-104,1,1,0,0,0,0,0,0,0,1.09439373016,1.094393730163574,0,-232,-232,-70,-70,178
00.png,00.png,00.png,00.png,14.png,16.png,18.png,20.png,22.png,"[-234, -79]","[216, 71]","[150, 100]","[-84, 71]","[66, 71]","[216, 221]","[-234, 71]","[-84, 221]","[66, 221]","[-234, 221]","[-84, -229]","[66, -229]","[216, -229]","[100, 100]","[-84, -79]","[66, -79]","[216, -79]","[-234, -229]",1,8,"[100, 100]","[100, 100]",tray,26.png,00.png,tray1.png,24.png,00.png,00.png,00.png,m,"[100, 100]","[100, 100]","[100, 100]","[100, 100]","[100, 100]","[100, 100]","[100, 100]","[100, 100]","[100, 100]","[100, 100]","[100, 100]","[0, -375]",ok.png,"[100, 100]","[100, 100]",10,1,1,1,1,0,0,0,0,0,0,0,1.59305882454,1.593058824539185,0,-114,-114,-63,-63,1,1,0,0,0,0,0,0,0,0.283317446709,0.2833174467086792,0,-114,-114,-63,-63,352
00.png,00.png,00.png,00.png,13.png,10.png,00.png,00.png,16.png,"[-207, -53]","[243, 97]","[150, 100]","[-57, 97]","[93, 97]","[243, 247]","[-207, 97]","[-57, 247]","[93, 247]","[-207, 247]","[-57, -203]","[93, -203]","[243, -203]","[100, 100]","[-57, -53]","[93, -53]","[243, -53]","[-207, -203]",1,8,"[100, 100]","[100, 100]",tray,21.png,24.png,19.png,tray1.png,00.png,27.png,00.png,m,"[100, 100]","[100, 100]","[100, 100]","[100, 100]","[100, 100]","[100, 100]","[100, 100]","[100, 100]","[100, 100]","[100, 100]","[100, 100]","[0, -375]",ok.png,"[100, 100]","[100, 100]",11,1,1,1,1,0,0,0,0,0,0,0,1.60219371319,1.602193713188171,0,-71,-71,-215,-215,1,1,0,0,0,0,0,0,0,0.467948913574,0.4679489135742188,0,136,136,-77,-77,40
10.png,15.png,20.png,25.png,00.png,00.png,00.png,00.png,21.png,"[-230, -67]","[220, 83]","[150, 100]","[-80, 83]","[70, 83]","[220, 233]","[-230, 83]","[-80, 233]","[70, 233]","[-230, 233]","[-80, -217]","[70, -217]","[220, -217]","[100, 100]","[-80, -67]","[70, -67]","[220, -67]","[-230, -217]",1,8,"[100, 100]","[100, 100]",tray,tray1.png,00.png,16.png,11.png,00.png,00.png,00.png,m,"[100, 100]","[100, 100]","[100, 100]","[100, 100]","[100, 100]","[100, 100]","[100, 100]","[100, 100]","[100, 100]","[100, 100]","[100, 100]","[0, -375]",ok.png,"[100, 100]","[100, 100]",12,1,1,1,1,0,0,0,0,0,0,0,1.71374583244,1.713745832443237,0,197,197,-96,-96,1,1,0,0,0,0,0,0,0,0.166568592191,0.1665685921907425,0,196,196,-96,-96,260
00.png,00.png,00.png,00.png,00.png,00.png,00.png,00.png,03.png,"[-201, -84]","[249, 66]","[150, 100]","[-51, 66]","[99, 66]","[249, 216]","[-201, 66]","[-51, 216]","[99, 216]","[-201, 216]","[-51, -234]","[99, -234]","[249, -234]","[100, 100]","[-51, -84]","[99, -84]","[249, -84]","[-201, -234]",1,8,"[100, 100]","[100, 100]",tray,08.png,tray1.png,01.png,07.png,04.png,05.png,02.png,m,"[100, 100]","[100, 100]","[100, 100]","[100, 100]","[100, 100]","[100, 100]","[100, 100]","[100, 100]","[100, 100]","[100, 100]","[100, 100]","[0, -375]",ok.png,"[100, 100]","[100, 100]",13,1,1,1,1,0,0,0,0,0,0,0,0.901033103466,0.901033103466034,0,-206,-206,-240,-240,1,1,0,0,0,0,0,0,0,1.03202068806,1.032020688056946,0,-218,-218,-233,-233,43
29.png,00.png,00.png,16.png,00.png,00.png,33.png,08.png,13.png,"[-246, -76]","[204, 74]","[150, 100]","[-96, 74]","[54, 74]","[204, 224]","[-246, 74]","[-96, 224]","[54, 224]","[-246, 224]","[-96, -226]","[54, -226]","[204, -226]","[100, 100]","[-96, -76]","[54, -76]","[204, -76]","[-246, -226]",1,8,"[100, 100]","[100, 100]",tray,00.png,23.png,00.png,00.png,00.png,tray1.png,12.png,m,"[100, 100]","[100, 100]","[100, 100]","[100, 100]","[100, 100]","[100, 100]","[100, 100]","[100, 100]","[100, 100]","[100, 100]","[100, 100]","[0, -375]",ok.png,"[100, 100]","[100, 100]",14,1,1,1,1,0,0,0,0,0,0,0,2.08891105652,2.088911056518555,0,-74,-74,-243,-243,1,1,0,0,0,0,0,0,0,0.232093989849,0.2320939898490906,0,-74,-74,-243,-243,303
00.png,00.png,00.png,00.png,00.png,00.png,00.png,33.png,27.png,"[-212, -68]","[238, 82]","[150, 100]","[-62, 82]","[88, 82]","[238, 232]","[-212, 82]","[-62, 232]","[88, 232]","[-212, 232]","[-62, -218]","[88, -218]","[238, -218]","[100, 100]","[-62, -68]","[88, -68]","[238, -68]","[-212, -218]",1,8,"[100, 100]","[100, 100]",tray,13.png,07.png,23.png,17.png,00.png,03.png,tray1.png,m,"[100, 100]","[100, 100]","[100, 100]","[100, 100]","[100, 100]","[100, 100]","[100, 100]","[100, 100]","[100, 100]","[100, 100]","[100, 100]","[0, -375]",ok.png,"[100, 100]","[100, 100]",15,1,1,1,1,0,0,0,0,0,0,0,1.57003760338,1.570037603378296,0,66,66,-236,-236,1,1,0,0,0,0,0,0,0,0.140577107668,0.140577107667923,0,66,66,-236,-236,64
04.png,20.png,30.png,02.png,00.png,00.png,00.png,00.png,00.png,"[-203, -70]","[247, 80]","[150, 100]","[-53, 80]","[97, 80]","[247, 230]","[-203, 80]","[-53, 230]","[97, 230]","[-203, 230]","[-53, -220]","[97, -220]","[247, -220]","[100, 100]","[-53, -70]","[97, -70]","[247, -70]","[-203, -220]",1,8,"[100, 100]","[100, 100]",tray,00.png,14.png,00.png,00.png,tray1.png,07.png,17.png,m,"[100, 100]","[100, 100]","[100, 100]","[100, 100]","[100, 100]","[100, 100]","[100, 100]","[100, 100]","[100, 100]","[100, 100]","[100, 100]","[0, -375]",ok.png,"[100, 100]","[100, 100]",16,1,1,1,1,0,0,0,0,0,0,0,1.65116298199,1.651162981987,0,260,260,-230,-230,1,1,0,0,0,0,0,0,0,0.168889522552,0.1688895225524902,0,260,260,-230,-230,388
00.png,19.png,29.png,00.png,00.png,02.png,32.png,00.png,00.png,"[-211, -83]","[239, 67]","[150, 100]","[-61, 67]","[89, 67]","[239, 217]","[-211, 67]","[-61, 217]","[89, 217]","[-211, 217]","[-61, -233]","[89, -233]","[239, -233]","[100, 100]","[-61, -83]","[89, -83]","[239, -83]","[-211, -233]",1,8,"[100, 100]","[100, 100]",tray,00.png,00.png,22.png,16.png,00.png,04.png,tray1.png,m,"[100, 100]","[100, 100]","[100, 100]","[100, 100]","[100, 100]","[100, 100]","[100, 100]","[100, 100]","[100, 100]","[100, 100]","[100, 100]","[0, -375]",ok.png,"[100, 100]","[100, 100]",17,1,1,1,1,0,0,0,0,0,0,0,1.63795614243,1.637956142425537,0,100,100,-205,-205,1,1,0,0,0,0,0,0,0,0.64902132749599994,0.649021327495575,0,83,83,-216,-216,53
00.png,00.png,00.png,05.png,21.png,00.png,00.png,00.png,00.png,"[-223, -73]","[227, 77]","[150, 100]","[-73, 77]","[77, 77]","[227, 227]","[-223, 77]","[-73, 227]","[77, 227]","[-223, 227]","[-73, -223]","[77, -223]","[227, -223]","[100, 100]","[-73, -73]","[77, -73]","[227, -73]","[-223, -223]",1,8,"[100, 100]","[100, 100]",tray,25.png,03.png,27.png,28.png,00.png,tray1.png,08.png,m,"[100, 100]","[100, 100]","[100, 100]","[100, 100]","[100, 100]","[100, 100]","[100, 100]","[100, 100]","[100, 100]","[100, 100]","[100, 100]","[0, -375]",ok.png,"[100, 100]","[100, 100]",18,1,1,1,1,0,0,0,0,0,0,0,1.06968212128,1.069682121276855,0,-93,-93,-222,-222,1,1,0,0,0,0,0,0,0,0.128454461694,0.1284544616937637,0,-93,-93,-222,-222,295
06.png,00.png,15.png,17.png,00.png,00.png,16.png,00.png,00.png,"[-247, -51]","[203, 99]","[150, 100]","[-97, 99]","[53, 99]","[203, 249]","[-247, 99]","[-97, 249]","[53, 249]","[-247, 249]","[-97, -201]","[53, -201]","[203, -201]","[100, 100]","[-97, -51]","[53, -51]","[203, -51]","[-247, -201]",1,8,"[100, 100]","[100, 100]",tray,23.png,tray1.png,09.png,00.png,00.png,00.png,07.png,m,"[100, 100]","[100, 100]","[100, 100]","[100, 100]","[100, 100]","[100, 100]","[100, 100]","[100, 100]","[100, 100]","[100, 100]","[100, 100]","[0, -375]",ok.png,"[100, 100]","[100, 100]",19,1,1,1,1,0,0,0,0,0,0,0,1.39165699482,1.391656994819641,0,-239,-239,-226,-226,1,1,0,0,0,0,0,0,0,1.12066853046,1.120668530464172,0,-263,-263,-172,-172,70
00.png,11.png,00.png,00.png,12.png,00.png,00.png,34.png,00.png,"[-208, -90]","[242, 60]","[150, 100]","[-58, 60]","[92, 60]","[242, 210]","[-208, 60]","[-58, 210]","[92, 210]","[-208, 210]","[-58, -240]","[92, -240]","[242, -240]","[100, 100]","[-58, -90]","[92, -90]","[242, -90]","[-208, -240]",1,8,"[100, 100]","[100, 100]",tray,tray1.png,31.png,30.png,08.png,00.png,00.png,32.png,m,"[100, 100]","[100, 100]","[100, 100]","[100, 100]","[100, 100]","[100, 100]","[100, 100]","[100, 100]","[100, 100]","[100, 100]","[100, 100]","[0, -375]",ok.png,"[100, 100]","[100, 100]",20,1,1,1,1,0,0,0,0,0,0,0,1.40814578533,1.408145785331726,0,238,238,-99,-99,1,1,0,0,0,0,0,0,0,0.122952505946,0.1229525059461594,0,238,238,-99,-99,190
00.png,00.png,00.png,00.png,00.png,00.png,24.png,27.png,07.png,"[-216, -95]","[234, 55]","[150, 100]","[-66, 55]","[84, 55]","[234, 205]","[-216, 55]","[-66, 205]","[84, 205]","[-216, 205]","[-66, -245]","[84, -245]","[234, -245]","[100, 100]","[-66, -95]","[84, -95]","[234, -95]","[-216, -245]",1,8,"[100, 100]","[100, 100]",tray,10.png,13.png,09.png,tray1.png,00.png,16.png,00.png,m,"[100, 100]","[100, 100]","[100, 100]","[100, 100]","[100, 100]","[100, 100]","[100, 100]","[100, 100]","[100, 100]","[100, 100]","[100, 100]","[0, -375]",ok.png,"[100, 100]","[100, 100]",21,1,1,1,1,0,0,0,0,0,0,0,1.64093053341,1.640930533409119,0,120,120,-91,-91,1,1,0,0,0,0,0,0,0,0.86967176199,0.8696717619895935,0,11,11,-412,-412,1
00.png,00.png,25.png,00.png,33.png,00.png,05.png,00.png,01.png,"[-204, -92]","[246, 58]","[150, 100]","[-54, 58]","[96, 58]","[246, 208]","[-204, 58]","[-54, 208]","[96, 208]","[-204, 208]","[-54, -242]","[96, -242]","[246, -242]","[100, 100]","[-54, -92]","[96, -92]","[246, -92]","[-204, -242]",1,8,"[100, 100]","[100, 100]",tray,10.png,00.png,tray1.png,00.png,30.png,20.png,00.png,m,"[100, 100]","[100, 100]","[100, 100]","[100, 100]","[100, 100]","[100, 100]","[100, 100]","[100, 100]","[100, 100]","[100, 100]","[100, 100]","[0, -375]",ok.png,"[100, 100]","[100, 100]",22,1,1,1,1,0,0,0,0,0,0,0,1.11149966717,1.111499667167664,0,-22,-22,-71,-71,1,1,0,0,0,0,0,0,0,0.198874562979,0.1988745629787445,0,-24,-24,-71,-71,276
00.png,00.png,00.png,18.png,00.png,14.png,00.png,09.png,tray1.png,"[-214, -81]","[236, 69]","[150, 100]","[-64, 69]","[86, 69]","[236, 219]","[-214, 69]","[-64, 219]","[86, 219]","[-214, 219]","[-64, -231]","[86, -231]","[236, -231]","[100, 100]","[-64, -81]","[86, -81]","[236, -81]","[-214, -231]",1,8,"[100, 100]","[100, 100]",tray,00.png,26.png,02.png,04.png,00.png,24.png,00.png,m,"[100, 100]","[100, 100]","[100, 100]","[100, 100]","[100, 100]","[100, 100]","[100, 100]","[100, 100]","[100, 100]","[100, 100]","[100, 100]","[0, -375]",ok.png,"[100, 100]","[100, 100]",23,1,1,1,1,0,0,0,0,0,0,0,1.29469633102,1.29469633102417,0,-215,-215,-86,-86,1,1,0,0,0,0,0,0,0,0.48385027051,0.4838502705097198,0,-215,-215,-86,-86,286
00.png,14.png,00.png,00.png,11.png,07.png,00.png,tray1.png,18.png,"[-216, -66]","[234, 84]","[150, 100]","[-66, 84]","[84, 84]","[234, 234]","[-216, 84]","[-66, 234]","[84, 234]","[-216, 234]","[-66, -216]","[84, -216]","[234, -216]","[100, 100]","[-66, -66]","[84, -66]","[234, -66]","[-216, -216]",1,8,"[100, 100]","[100, 100]",tray,30.png,09.png,00.png,00.png,19.png,00.png,00.png,m,"[100, 100]","[100, 100]","[100, 100]","[100, 100]","[100, 100]","[100, 100]","[100, 100]","[100, 100]","[100, 100]","[100, 100]","[100, 100]","[0, -375]",ok.png,"[100, 100]","[100, 100]",24,1,1,1,1,0,0,0,0,0,0,0,1.7796163559,1.779616355895996,0,235,235,94,94,1,1,0,0,0,0,0,0,0,0.1227267012,0.1227267012000084,0,234,234,95,95,252
31.png,00.png,13.png,00.png,23.png,00.png,tray1.png,00.png,33.png,"[-212, -59]","[238, 91]","[150, 100]","[-62, 91]","[88, 91]","[238, 241]","[-212, 91]","[-62, 241]","[88, 241]","[-212, 241]","[-62, -209]","[88, -209]","[238, -209]","[100, 100]","[-62, -59]","[88, -59]","[238, -59]","[-212, -209]",1,8,"[100, 100]","[100, 100]",tray,00.png,19.png,00.png,14.png,00.png,00.png,29.png,m,"[100, 100]","[100, 100]","[100, 100]","[100, 100]","[100, 100]","[100, 100]","[100, 100]","[100, 100]","[100, 100]","[100, 100]","[100, 100]","[0, -375]",ok.png,"[100, 100]","[100, 100]",25,1,1,1,1,0,0,0,0,0,0,0,1.18329787254,1.183297872543335,0,108,108,60,60,1,1,0,0,0,0,0,0,0,0.139782369137,0.1397823691368103,0,108,108,60,60,432
00.png,00.png,00.png,00.png,00.png,00.png,00.png,00.png,07.png,"[-238, -51]","[212, 99]","[150, 100]","[-88, 99]","[62, 99]","[212, 249]","[-238, 99]","[-88, 249]","[62, 249]","[-238, 249]","[-88, -201]","[62, -201]","[212, -201]","[100, 100]","[-88, -51]","[62, -51]","[212, -51]","[-238, -201]",1,8,"[100, 100]","[100, 100]",tray,04.png,03.png,06.png,05.png,tray2.png,02.png,01.png,m,"[100, 100]","[100, 100]","[100, 100]","[100, 100]","[100, 100]","[100, 100]","[100, 100]","[100, 100]","[100, 100]","[100, 100]","[100, 100]","[0, -375]",ok.png,"[100, 100]","[100, 100]",26,1,1,1,1,0,0,0,0,0,0,0,1.10906720161,1.10906720161438,0,219,219,-207,-207,1,1,0,0,0,0,0,0,0,0.156655684114,0.1566556841135025,0,219,219,-207,-207,305
00.png,00.png,00.png,00.png,00.png,00.png,14.png,00.png,13.png,"[-241, -87]","[209, 63]","[150, 100]","[-91, 63]","[59, 63]","[209, 213]","[-241, 63]","[-91, 213]","[59, 213]","[-241, 213]","[-91, -237]","[59, -237]","[209, -237]","[100, 100]","[-91, -87]","[59, -87]","[209, -87]","[-241, -237]",1,8,"[100, 100]","[100, 100]",tray,10.png,00.png,12.png,11.png,08.png,09.png,tray2.png,m,"[100, 100]","[100, 100]","[100, 100]","[100, 100]","[100, 100]","[100, 100]","[100, 100]","[100, 100]","[100, 100]","[100, 100]","[100, 100]","[0, -375]",ok.png,"[100, 100]","[100, 100]",27,1,1,1,1,0,0,0,0,0,0,0,1.05801618099,1.058016180992126,0,35,35,-215,-215,1,1,0,0,0,0,0,0,0,0.141802236438,0.1418022364377975,0,35,35,-215,-215,306
00.png,00.png,00.png,00.png,00.png,00.png,21.png,20.png,19.png,"[-240, -84]","[210, 66]","[150, 100]","[-90, 66]","[60, 66]","[210, 216]","[-240, 66]","[-90, 216]","[60, 216]","[-240, 216]","[-90, -234]","[60, -234]","[210, -234]","[100, 100]","[-90, -84]","[60, -84]","[210, -84]","[-240, -234]",1,8,"[100, 100]","[100, 100]",tray,16.png,15.png,18.png,17.png,00.png,tray2.png,00.png,m,"[100, 100]","[100, 100]","[100, 100]","[100, 100]","[100, 100]","[100, 100]","[100, 100]","[100, 100]","[100, 100]","[100, 100]","[100, 100]","[0, -375]",ok.png,"[100, 100]","[100, 100]",28,1,1,1,1,0,0,0,0,0,0,0,1.68248128891,1.682481288909912,0,-60,-60,-203,-203,1,1,0,0,0,0,0,0,0,0.15202100575,0.1520210057497025,0,-60,-60,-203,-203,426
00.png,00.png,00.png,00.png,00.png,00.png,31.png,27.png,26.png,"[-226, -82]","[224, 68]","[150, 100]","[-76, 68]","[74, 68]","[224, 218]","[-226, 68]","[-76, 218]","[74, 218]","[-226, 218]","[-76, -232]","[74, -232]","[224, -232]","[100, 100]","[-76, -82]","[74, -82]","[224, -82]","[-226, -232]",1,8,"[100, 100]","[100, 100]",tray,00.png,tray2.png,28.png,00.png,22.png,24.png,23.png,m,"[100, 100]","[100, 100]","[100, 100]","[100, 100]","[100, 100]","[100, 100]","[100, 100]","[100, 100]","[100, 100]","[100, 100]","[100, 100]","[0, -375]",ok.png,"[100, 100]","[100, 100]",29,1,1,1,1,0,0,0,0,0,0,0,1.02943599224,1.029435992240906,0,-195,-195,-225,-225,1,1,0,0,0,0,0,0,0,0.156796991825,0.1567969918251038,0,-195,-195,-225,-225,391
00.png,00.png,00.png,00.png,01.png,34.png,33.png,32.png,31.png,"[-236, -64]","[214, 86]","[150, 100]","[-86, 86]","[64, 86]","[214, 236]","[-236, 86]","[-86, 236]","[64, 236]","[-236, 236]","[-86, -214]","[64, -214]","[214, -214]","[100, 100]","[-86, -64]","[64, -64]","[214, -64]","[-236, -214]",1,8,"[100, 100]","[100, 100]",tray,tray2.png,00.png,30.png,29.png,00.png,00.png,00.png,m,"[100, 100]","[100, 100]","[100, 100]","[100, 100]","[100, 100]","[100, 100]","[100, 100]","[100, 100]","[100, 100]","[100, 100]","[100, 100]","[0, -375]",ok.png,"[100, 100]","[100, 100]",30,1,1,1,1,0,0,0,0,0,0,0,1.15216946602,1.152169466018677,0,170,170,-61,-61,1,1,0,0,0,0,0,0,0,0.171803697944,0.1718036979436874,0,170,170,-64,-64,355
00.png,00.png,23.png,17.png,00.png,00.png,15.png,06.png,00.png,"[-218, -71]","[232, 79]","[150, 100]","[-68, 79]","[82, 79]","[232, 229]","[-218, 79]","[-68, 229]","[82, 229]","[-218, 229]","[-68, -221]","[82, -221]","[232, -221]","[100, 100]","[-68, -71]","[82, -71]","[232, -71]","[-218, -221]",1,8,"[100, 100]","[100, 100]",tray,04.png,00.png,00.png,tray2.png,01.png,00.png,34.png,m,"[100, 100]","[100, 100]","[100, 100]","[100, 100]","[100, 100]","[100, 100]","[100, 100]","[100, 100]","[100, 100]","[100, 100]","[100, 100]","[0, -375]",ok.png,"[100, 100]","[100, 100]",31,1,1,1,1,0,0,0,0,0,0,0,1.98021423817,1.980214238166809,0,74,74,-72,-72,1,1,0,0,0,0,0,0,0,0.324442237616,0.3244422376155853,0,74,74,-72,-72,301
14.png,09.png,22.png,06.png,00.png,00.png,00.png,00.png,25.png,"[-208, -82]","[242, 68]","[150, 100]","[-58, 68]","[92, 68]","[242, 218]","[-208, 68]","[-58, 218]","[92, 218]","[-208, 218]","[-58, -232]","[92, -232]","[242, -232]","[100, 100]","[-58, -82]","[92, -82]","[242, -82]","[-208, -232]",1,8,"[100, 100]","[100, 100]",tray,07.png,00.png,tray2.png,03.png,00.png,00.png,00.png,m,"[100, 100]","[100, 100]","[100, 100]","[100, 100]","[100, 100]","[100, 100]","[100, 100]","[100, 100]","[100, 100]","[100, 100]","[100, 100]","[0, -375]",ok.png,"[100, 100]","[100, 100]",32,1,1,1,1,0,0,0,0,0,0,0,1.37056541443,1.370565414428711,0,-46,-46,-94,-94,1,1,0,0,0,0,0,0,0,0.777003288269,0.777003288269043,0,-37,-37,-394,-394,21
00.png,00.png,00.png,00.png,31.png,30.png,17.png,00.png,tray2.png,"[-205, -50]","[245, 100]","[150, 100]","[-55, 100]","[95, 100]","[245, 250]","[-205, 100]","[-55, 250]","[95, 250]","[-205, 250]","[-55, -200]","[95, -200]","[245, -200]","[100, 100]","[-55, -50]","[95, -50]","[245, -50]","[-205, -200]",1,8,"[100, 100]","[100, 100]",tray,00.png,07.png,27.png,00.png,00.png,33.png,05.png,m,"[100, 100]","[100, 100]","[100, 100]","[100, 100]","[100, 100]","[100, 100]","[100, 100]","[100, 100]","[100, 100]","[100, 100]","[100, 100]","[0, -375]",ok.png,"[100, 100]","[100, 100]",33,1,1,1,1,0,0,0,0,0,0,0,1.17019021511,1.170190215110779,0,-190,-190,-74,-74,1,1,0,0,0,0,0,0,0,0.182162389159,0.1821623891592026,0,-190,-190,-74,-74,171
33.png,31.png,25.png,21.png,27.png,23.png,29.png,tray2.png,00.png,"[-202, -93]","[248, 57]","[150, 100]","[-52, 57]","[98, 57]","[248, 207]","[-202, 57]","[-52, 207]","[98, 207]","[-202, 207]","[-52, -243]","[98, -243]","[248, -243]","[100, 100]","[-52, -93]","[98, -93]","[248, -93]","[-202, -243]",1,8,"[100, 100]","[100, 100]",tray,00.png,00.png,00.png,00.png,00.png,00.png,00.png,m,"[100, 100]","[100, 100]","[100, 100]","[100, 100]","[100, 100]","[100, 100]","[100, 100]","[100, 100]","[100, 100]","[100, 100]","[100, 100]","[0, -375]",ok.png,"[100, 100]","[100, 100]",34,1,1,1,1,0,0,0,0,0,0,0,1.67002165318,1.670021653175354,0,248,248,47,47,1,1,0,0,0,0,0,0,0,0.866458594799,0.8664585947990417,0,-46,-46,47,47,4
00.png,00.png,00.png,00.png,26.png,24.png,tray2.png,22.png,20.png,"[-219, -59]","[231, 91]","[150, 100]","[-69, 91]","[81, 91]","[231, 241]","[-219, 91]","[-69, 241]","[81, 241]","[-219, 241]","[-69, -209]","[81, -209]","[231, -209]","[100, 100]","[-69, -59]","[81, -59]","[231, -59]","[-219, -209]",1,8,"[100, 100]","[100, 100]",tray,14.png,00.png,18.png,16.png,00.png,00.png,00.png,m,"[100, 100]","[100, 100]","[100, 100]","[100, 100]","[100, 100]","[100, 100]","[100, 100]","[100, 100]","[100, 100]","[100, 100]","[100, 100]","[0, -375]",ok.png,"[100, 100]","[100, 100]",35,1,1,1,1,0,0,0,0,0,0,0,0.74430423975,0.7443042397499084,0,104,104,64,64,1,1,0,0,0,0,0,0,0,0.142644539475,0.142644539475441,0,104,104,64,64,125
00.png,00.png,27.png,24.png,21.png,tray2.png,19.png,16.png,00.png,"[-208, -95]","[242, 55]","[150, 100]","[-58, 55]","[92, 55]","[242, 205]","[-208, 55]","[-58, 205]","[92, 205]","[-208, 205]","[-58, -245]","[92, -245]","[242, -245]","[100, 100]","[-58, -95]","[92, -95]","[242, -95]","[-208, -245]",1,8,"[100, 100]","[100, 100]",tray,13.png,00.png,00.png,10.png,00.png,00.png,00.png,m,"[100, 100]","[100, 100]","[100, 100]","[100, 100]","[100, 100]","[100, 100]","[100, 100]","[100, 100]","[100, 100]","[100, 100]","[100, 100]","[0, -375]",ok.png,"[100, 100]","[100, 100]",36,1,1,1,1,0,0,0,0,0,0,0,1.16889119148,1.168891191482544,0,-69,-69,78,78,1,1,0,0,0,0,0,0,0,0.182878091931,0.1828780919313431,0,-69,-69,78,78,392
00.png,00.png,00.png,00.png,tray2.png,11.png,16.png,21.png,00.png,"[-231, -53]","[219, 97]","[150, 100]","[-81, 97]","[69, 97]","[219, 247]","[-231, 97]","[-81, 247]","[69, 247]","[-231, 247]","[-81, -203]","[69, -203]","[219, -203]","[100, 100]","[-81, -53]","[69, -53]","[219, -53]","[-231, -203]",1,8,"[100, 100]","[100, 100]",tray,00.png,25.png,00.png,00.png,10.png,20.png,15.png,m,"[100, 100]","[100, 100]","[100, 100]","[100, 100]","[100, 100]","[100, 100]","[100, 100]","[100, 100]","[100, 100]","[100, 100]","[100, 100]","[0, -375]",ok.png,"[100, 100]","[100, 100]",37,1,1,1,1,0,0,0,0,0,0,0,1.42054867744,1.420548677444458,0,-214,-214,97,97,1,1,0,0,0,0,0,0,0,0.184703990817,0.18470399081707,0,-214,-214,97,97,431
04.png,02.png,05.png,tray2.png,08.png,07.png,01.png,03.png,00.png,"[-245, -52]","[205, 98]","[150, 100]","[-95, 98]","[55, 98]","[205, 248]","[-245, 98]","[-95, 248]","[55, 248]","[-245, 248]","[-95, -202]","[55, -202]","[205, -202]","[100, 100]","[-95, -52]","[55, -52]","[205, -52]","[-245, -202]",1,8,"[100, 100]","[100, 100]",tray,00.png,00.png,00.png,00.png,00.png,00.png,00.png,m,"[100, 100]","[100, 100]","[100, 100]","[100, 100]","[100, 100]","[100, 100]","[100, 100]","[100, 100]","[100, 100]","[100, 100]","[100, 100]","[0, -375]",ok.png,"[100, 100]","[100, 100]",38,1,1,1,1,0,0,0,0,0,0,0,1.35470545292,1.354705452919006,0,212,212,220,220,1,1,0,0,0,0,0,0,0,1.27758967876,1.277589678764343,0,0,0,-367,-367,7
00.png,12.png,tray2.png,23.png,00.png,00.png,00.png,13.png,08.png,"[-231, -91]","[219, 59]","[150, 100]","[-81, 59]","[69, 59]","[219, 209]","[-231, 59]","[-81, 209]","[69, 209]","[-231, 209]","[-81, -241]","[69, -241]","[219, -241]","[100, 100]","[-81, -91]","[69, -91]","[219, -91]","[-231, -241]",1,8,"[100, 100]","[100, 100]",tray,00.png,16.png,33.png,00.png,29.png,00.png,00.png,m,"[100, 100]","[100, 100]","[100, 100]","[100, 100]","[100, 100]","[100, 100]","[100, 100]","[100, 100]","[100, 100]","[100, 100]","[100, 100]","[0, -375]",ok.png,"[100, 100]","[100, 100]",39,1,1,1,1,0,0,0,0,0,0,0,1.35387718678,1.353877186775208,0,58,58,201,201,1,1,0,0,0,0,0,0,0,0.156228378415,0.1562283784151077,0,45,45,200,200,104
00.png,tray2.png,03.png,07.png,13.png,17.png,23.png,27.png,33.png,"[-213, -82]","[237, 68]","[150, 100]","[-63, 68]","[87, 68]","[237, 218]","[-213, 68]","[-63, 218]","[87, 218]","[-213, 218]","[-63, -232]","[87, -232]","[237, -232]","[100, 100]","[-63, -82]","[87, -82]","[237, -82]","[-213, -232]",1,8,"[100, 100]","[100, 100]",tray,00.png,00.png,00.png,00.png,00.png,00.png,00.png,m,"[100, 100]","[100, 100]","[100, 100]","[100, 100]","[100, 100]","[100, 100]","[100, 100]","[100, 100]","[100, 100]","[100, 100]","[100, 100]","[0, -375]",ok.png,"[100, 100]","[100, 100]",40,1,1,1,1,0,0,0,0,0,0,0,2.09100818634,2.091008186340332,0,-77,-77,205,205,1,1,0,0,0,0,0,0,0,0.50771856308,0.507718563079834,0,-77,-77,205,205,222
tray2.png,17.png,07.png,14.png,00.png,00.png,00.png,00.png,00.png,"[-201, -82]","[249, 68]","[150, 100]","[-51, 68]","[99, 68]","[249, 218]","[-201, 68]","[-51, 218]","[99, 218]","[-201, 218]","[-51, -232]","[99, -232]","[249, -232]","[100, 100]","[-51, -82]","[99, -82]","[249, -82]","[-201, -232]",1,8,"[100, 100]","[100, 100]",tray,00.png,02.png,00.png,00.png,04.png,30.png,20.png,m,"[100, 100]","[100, 100]","[100, 100]","[100, 100]","[100, 100]","[100, 100]","[100, 100]","[100, 100]","[100, 100]","[100, 100]","[100, 100]","[0, -375]",ok.png,"[100, 100]","[100, 100]",41,1,1,1,1,0,0,0,0,0,0,0,1.27933108807,1.279331088066101,0,-157,-157,212,212,1,1,0,0,0,0,0,0,0,0.216255247593,0.216255247592926,0,-157,-157,212,212,280
00.png,tray2.png,04.png,00.png,00.png,16.png,22.png,00.png,00.png,"[-207, -50]","[243, 100]","[150, 100]","[-57, 100]","[93, 100]","[243, 250]","[-207, 100]","[-57, 250]","[93, 250]","[-207, 250]","[-57, -200]","[93, -200]","[243, -200]","[100, 100]","[-57, -50]","[93, -50]","[243, -50]","[-207, -200]",1,8,"[100, 100]","[100, 100]",tray,00.png,00.png,32.png,02.png,00.png,29.png,19.png,m,"[100, 100]","[100, 100]","[100, 100]","[100, 100]","[100, 100]","[100, 100]","[100, 100]","[100, 100]","[100, 100]","[100, 100]","[100, 100]","[0, -375]",ok.png,"[100, 100]","[100, 100]",42,1,1,1,1,0,0,0,0,0,0,0,2.33880209923,2.338802099227905,0,-27,-27,230,230,1,1,0,0,0,0,0,0,0,0.328917145729,0.3289171457290649,0,-29,-29,231,231,185
00.png,08.png,tray2.png,03.png,25.png,28.png,27.png,00.png,00.png,"[-227, -53]","[223, 97]","[150, 100]","[-77, 97]","[73, 97]","[223, 247]","[-227, 97]","[-77, 247]","[73, 247]","[-227, 247]","[-77, -203]","[73, -203]","[223, -203]","[100, 100]","[-77, -53]","[73, -53]","[223, -53]","[-227, -203]",1,8,"[100, 100]","[100, 100]",tray,21.png,05.png,00.png,00.png,00.png,00.png,00.png,m,"[100, 100]","[100, 100]","[100, 100]","[100, 100]","[100, 100]","[100, 100]","[100, 100]","[100, 100]","[100, 100]","[100, 100]","[100, 100]","[0, -375]",ok.png,"[100, 100]","[100, 100]",43,1,1,1,1,0,0,0,0,0,0,0,1.38699626923,1.386996269226074,0,89,89,227,227,1,1,0,0,0,0,0,0,0,1.37459862232,1.374598622322083,0,77,77,243,243,95
00.png,07.png,00.png,tray2.png,23.png,00.png,09.png,00.png,00.png,"[-243, -76]","[207, 74]","[150, 100]","[-93, 74]","[57, 74]","[207, 224]","[-243, 74]","[-93, 224]","[57, 224]","[-243, 224]","[-93, -226]","[57, -226]","[207, -226]","[100, 100]","[-93, -76]","[57, -76]","[207, -76]","[-243, -226]",1,8,"[100, 100]","[100, 100]",tray,00.png,17.png,16.png,00.png,06.png,15.png,00.png,m,"[100, 100]","[100, 100]","[100, 100]","[100, 100]","[100, 100]","[100, 100]","[100, 100]","[100, 100]","[100, 100]","[100, 100]","[100, 100]","[0, -375]",ok.png,"[100, 100]","[100, 100]",44,1,1,1,1,0,0,0,0,0,0,0,2.38445472717,2.384454727172852,0,235,235,234,234,1,1,0,0,0,0,0,0,0,0.33325111866,0.3332511186599731,0,237,237,228,228,149
00.png,32.png,00.png,31.png,tray2.png,08.png,30.png,00.png,34.png,"[-243, -52]","[207, 98]","[150, 100]","[-93, 98]","[57, 98]","[207, 248]","[-243, 98]","[-93, 248]","[57, 248]","[-243, 248]","[-93, -202]","[57, -202]","[207, -202]","[100, 100]","[-93, -52]","[57, -52]","[207, -52]","[-243, -202]",1,8,"[100, 100]","[100, 100]",tray,12.png,00.png,00.png,00.png,00.png,00.png,11.png,m,"[100, 100]","[100, 100]","[100, 100]","[100, 100]","[100, 100]","[100, 100]","[100, 100]","[100, 100]","[100, 100]","[100, 100]","[100, 100]","[0, -375]",ok.png,"[100, 100]","[100, 100]",45,1,1,1,1,0,0,0,0,0,0,0,1.57127130032,1.571271300315857,0,-268,-268,88,88,1,1,0,0,0,0,0,0,0,0.155053198338,0.1550531983375549,0,-268,-268,89,89,302
00.png,00.png,16.png,13.png,10.png,tray2.png,09.png,07.png,27.png,"[-241, -56]","[209, 94]","[150, 100]","[-91, 94]","[59, 94]","[209, 244]","[-241, 94]","[-91, 244]","[59, 244]","[-241, 244]","[-91, -206]","[59, -206]","[209, -206]","[100, 100]","[-91, -56]","[59, -56]","[209, -56]","[-241, -206]",1,8,"[100, 100]","[100, 100]",tray,00.png,00.png,24.png,00.png,00.png,00.png,00.png,m,"[100, 100]","[100, 100]","[100, 100]","[100, 100]","[100, 100]","[100, 100]","[100, 100]","[100, 100]","[100, 100]","[100, 100]","[100, 100]","[0, -375]",ok.png,"[100, 100]","[100, 100]",46,1,1,1,1,0,0,0,0,0,0,0,1.17197442055,1.171974420547485,0,-116,-116,106,106,1,1,0,0,0,0,0,0,0,0.165561050177,0.1655610501766205,0,-118,-118,111,111,122
30.png,00.png,20.png,00.png,10.png,00.png,tray2.png,01.png,00.png,"[-232, -58]","[218, 92]","[150, 100]","[-82, 92]","[68, 92]","[218, 242]","[-232, 92]","[-82, 242]","[68, 242]","[-232, 242]","[-82, -208]","[68, -208]","[218, -208]","[100, 100]","[-82, -58]","[68, -58]","[218, -58]","[-232, -208]",1,8,"[100, 100]","[100, 100]",tray,33.png,00.png,05.png,00.png,00.png,25.png,00.png,m,"[100, 100]","[100, 100]","[100, 100]","[100, 100]","[100, 100]","[100, 100]","[100, 100]","[100, 100]","[100, 100]","[100, 100]","[100, 100]","[0, -375]",ok.png,"[100, 100]","[100, 100]",47,1,1,1,1,0,0,0,0,0,0,0,0.763058185577,0.7630581855773926,0,58,58,89,89,1,1,0,0,0,0,0,0,0,0.166534721851,0.1665347218513489,0,58,58,89,89,102
00.png,00.png,24.png,26.png,00.png,04.png,02.png,tray2.png,09.png,"[-234, -60]","[216, 90]","[150, 100]","[-84, 90]","[66, 90]","[216, 240]","[-234, 90]","[-84, 240]","[66, 240]","[-234, 240]","[-84, -210]","[66, -210]","[216, -210]","[100, 100]","[-84, -60]","[66, -60]","[216, -60]","[-234, -210]",1,8,"[100, 100]","[100, 100]",tray,00.png,18.png,00.png,14.png,00.png,00.png,00.png,m,"[100, 100]","[100, 100]","[100, 100]","[100, 100]","[100, 100]","[100, 100]","[100, 100]","[100, 100]","[100, 100]","[100, 100]","[100, 100]","[0, -375]",ok.png,"[100, 100]","[100, 100]",48,1,1,1,1,0,0,0,0,0,0,0,0.983605623245,0.9836056232452391,0,253,253,104,104,1,1,0,0,0,0,0,0,0,1.30325651169,1.303256511688232,0,182,182,54,54,76
19.png,00.png,00.png,09.png,30.png,00.png,00.png,18.png,tray2.png,"[-227, -86]","[223, 64]","[150, 100]","[-77, 64]","[73, 64]","[223, 214]","[-227, 64]","[-77, 214]","[73, 214]","[-227, 214]","[-77, -236]","[73, -236]","[223, -236]","[100, 100]","[-77, -86]","[73, -86]","[223, -86]","[-227, -236]",1,8,"[100, 100]","[100, 100]",tray,11.png,00.png,00.png,07.png,00.png,00.png,14.png,m,"[100, 100]","[100, 100]","[100, 100]","[100, 100]","[100, 100]","[100, 100]","[100, 100]","[100, 100]","[100, 100]","[100, 100]","[100, 100]","[0, -375]",ok.png,"[100, 100]","[100, 100]",49,1,1,1,1,0,0,0,0,0,0,0,1.42196643353,1.421966433525085,0,-220,-220,-73,-73,1,1,0,0,0,0,0,0,0,0.155866071582,0.1558660715818405,0,-219,-219,-74,-74,101
00.png,29.png,00.png,19.png,00.png,14.png,00.png,33.png,00.png,"[-200, -75]","[250, 75]","[150, 100]","[-50, 75]","[100, 75]","[250, 225]","[-200, 75]","[-50, 225]","[100, 225]","[-200, 225]","[-50, -225]","[100, -225]","[250, -225]","[100, 100]","[-50, -75]","[100, -75]","[250, -75]","[-200, -225]",1,8,"[100, 100]","[100, 100]",tray,23.png,00.png,tray2.png,00.png,31.png,13.png,00.png,m,"[100, 100]","[100, 100]","[100, 100]","[100, 100]","[100, 100]","[100, 100]","[100, 100]","[100, 100]","[100, 100]","[100, 100]","[100, 100]","[0, -375]",ok.png,"[100, 100]","[100, 100]",50,1,1,1,1,0,0,0,0,0,0,0,0.811974048615,0.811974048614502,0,-52,-52,-108,-108,1,1,0,0,0,0,0,0,0,0.744879007339,0.7448790073394775,0,2,2,-393,-393,11
dots1.png,01.png,02.png,03.png,04.png,05.png,06.png,07.png,00.png,"[-213, -87]","[237, 63]","[150, 100]","[-63, 63]","[87, 63]","[237, 213]","[-213, 63]","[-63, 213]","[87, 213]","[-213, 213]","[-63, -237]","[87, -237]","[237, -237]","[100, 100]","[-63, -87]","[87, -87]","[237, -87]","[-213, -237]",1,8,"[100, 100]","[100, 100]",dots,00.png,00.png,00.png,00.png,00.png,00.png,00.png,m,"[100, 100]","[100, 100]","[100, 100]","[100, 100]","[100, 100]","[100, 100]","[100, 100]","[100, 100]","[100, 100]","[100, 100]","[100, 100]","[0, -375]",ok.png,"[100, 100]","[100, 100]",51,2,1,1,1,0,0,0,0,0,0,0,1.22547984123,1.2254798412323,0,-204,-204,203,203,1,1,0,0,0,0,0,0,0,0.146124914289,0.1461249142885208,0,-204,-204,203,203,110
08.png,dots1.png,09.png,00.png,10.png,11.png,12.png,13.png,00.png,"[-227, -95]","[223, 55]","[150, 100]","[-77, 55]","[73, 55]","[223, 205]","[-227, 55]","[-77, 205]","[73, 205]","[-227, 205]","[-77, -245]","[73, -245]","[223, -245]","[100, 100]","[-77, -95]","[73, -95]","[223, -95]","[-227, -245]",1,8,"[100, 100]","[100, 100]",dots,00.png,00.png,14.png,00.png,00.png,00.png,00.png,m,"[100, 100]","[100, 100]","[100, 100]","[100, 100]","[100, 100]","[100, 100]","[100, 100]","[100, 100]","[100, 100]","[100, 100]","[100, 100]","[0, -375]",ok.png,"[100, 100]","[100, 100]",52,2,1,1,1,0,0,0,0,0,0,0,1.21147382259,1.211473822593689,0,-87,-87,193,193,1,1,0,0,0,0,0,0,0,0.348962932825,0.3489629328250885,0,-80,-80,193,193,336
00.png,00.png,dots1.png,15.png,16.png,17.png,18.png,19.png,20.png,"[-209, -76]","[241, 74]","[150, 100]","[-59, 74]","[91, 74]","[241, 224]","[-209, 74]","[-59, 224]","[91, 224]","[-209, 224]","[-59, -226]","[91, -226]","[241, -226]","[100, 100]","[-59, -76]","[91, -76]","[241, -76]","[-209, -226]",1,8,"[100, 100]","[100, 100]",dots,00.png,00.png,21.png,00.png,00.png,00.png,00.png,m,"[100, 100]","[100, 100]","[100, 100]","[100, 100]","[100, 100]","[100, 100]","[100, 100]","[100, 100]","[100, 100]","[100, 100]","[100, 100]","[0, -375]",ok.png,"[100, 100]","[100, 100]",53,2,1,1,1,0,0,0,0,0,0,0,1.05925405025,1.059254050254822,0,109,109,195,195,1,1,0,0,0,0,0,0,0,0.17481264472,0.1748126447200775,0,109,109,195,195,323
22.png,23.png,24.png,dots1.png,00.png,00.png,25.png,26.png,00.png,"[-226, -79]","[224, 71]","[150, 100]","[-76, 71]","[74, 71]","[224, 221]","[-226, 71]","[-76, 221]","[74, 221]","[-226, 221]","[-76, -229]","[74, -229]","[224, -229]","[100, 100]","[-76, -79]","[74, -79]","[224, -79]","[-226, -229]",1,8,"[100, 100]","[100, 100]",dots,28.png,00.png,00.png,27.png,00.png,00.png,00.png,m,"[100, 100]","[100, 100]","[100, 100]","[100, 100]","[100, 100]","[100, 100]","[100, 100]","[100, 100]","[100, 100]","[100, 100]","[100, 100]","[0, -375]",ok.png,"[100, 100]","[100, 100]",54,2,1,1,1,0,0,0,0,0,0,0,5.89551544189,5.895515441894531,0,228,228,236,236,1,1,0,0,0,0,0,0,0,0.642036616802,0.6420366168022156,0,-15,-15,-422,-422,15
00.png,00.png,00.png,00.png,dots1.png,29.png,30.png,31.png,32.png,"[-250, -94]","[200, 56]","[150, 100]","[-100, 56]","[50, 56]","[200, 206]","[-250, 56]","[-100, 206]","[50, 206]","[-250, 206]","[-100, -244]","[50, -244]","[200, -244]","[100, 100]","[-100, -94]","[50, -94]","[200, -94]","[-250, -244]",1,8,"[100, 100]","[100, 100]",dots,01.png,00.png,33.png,34.png,00.png,00.png,00.png,m,"[100, 100]","[100, 100]","[100, 100]","[100, 100]","[100, 100]","[100, 100]","[100, 100]","[100, 100]","[100, 100]","[100, 100]","[100, 100]","[0, -375]",ok.png,"[100, 100]","[100, 100]",55,2,1,1,1,0,0,0,0,0,0,0,1.33738565445,1.337385654449463,0,-258,-258,32,32,1,1,0,0,0,0,0,0,0,0.141459777951,0.1414597779512405,0,-256,-256,31,31,249
01.png,34.png,00.png,00.png,04.png,dots1.png,00.png,00.png,06.png,"[-224, -65]","[226, 85]","[150, 100]","[-74, 85]","[76, 85]","[226, 235]","[-224, 85]","[-74, 235]","[76, 235]","[-224, 235]","[-74, -215]","[76, -215]","[226, -215]","[100, 100]","[-74, -65]","[76, -65]","[226, -65]","[-224, -215]",1,8,"[100, 100]","[100, 100]",dots,00.png,17.png,15.png,00.png,00.png,23.png,00.png,m,"[100, 100]","[100, 100]","[100, 100]","[100, 100]","[100, 100]","[100, 100]","[100, 100]","[100, 100]","[100, 100]","[100, 100]","[100, 100]","[0, -375]",ok.png,"[100, 100]","[100, 100]",56,2,1,1,1,0,0,0,0,0,0,0,0.855581581593,0.8555815815925598,0,-59,-59,81,81,1,1,0,0,0,0,0,0,0,1.14126038551,1.141260385513306,0,-98,-98,74,74,79
00.png,00.png,00.png,00.png,07.png,03.png,dots1.png,25.png,00.png,"[-210, -99]","[240, 51]","[150, 100]","[-60, 51]","[90, 51]","[240, 201]","[-210, 51]","[-60, 201]","[90, 201]","[-210, 201]","[-60, -249]","[90, -249]","[240, -249]","[100, 100]","[-60, -99]","[90, -99]","[240, -99]","[-210, -249]",1,8,"[100, 100]","[100, 100]",dots,00.png,06.png,00.png,00.png,14.png,22.png,09.png,m,"[100, 100]","[100, 100]","[100, 100]","[100, 100]","[100, 100]","[100, 100]","[100, 100]","[100, 100]","[100, 100]","[100, 100]","[100, 100]","[0, -375]",ok.png,"[100, 100]","[100, 100]",57,2,1,1,1,0,0,0,0,0,0,0,0.793371975422,0.7933719754219055,0,85,85,50,50,1,1,0,0,0,0,0,0,0,0.638563752174,0.6385637521743774,0,-3,-3,-363,-363,30
00.png,05.png,33.png,07.png,00.png,00.png,27.png,dots1.png,00.png,"[-245, -72]","[205, 78]","[150, 100]","[-95, 78]","[55, 78]","[205, 228]","[-245, 78]","[-95, 228]","[55, 228]","[-245, 228]","[-95, -222]","[55, -222]","[205, -222]","[100, 100]","[-95, -72]","[55, -72]","[205, -72]","[-245, -222]",1,8,"[100, 100]","[100, 100]",dots,31.png,00.png,17.png,30.png,00.png,00.png,00.png,m,"[100, 100]","[100, 100]","[100, 100]","[100, 100]","[100, 100]","[100, 100]","[100, 100]","[100, 100]","[100, 100]","[100, 100]","[100, 100]","[0, -375]",ok.png,"[100, 100]","[100, 100]",58,2,1,1,1,0,0,0,0,0,0,0,0.887027442455,0.8870274424552917,0,237,237,50,50,1,1,0,0,0,0,0,0,0,1.71593976021,1.71593976020813,0,212,212,88,88,88
00.png,00.png,00.png,00.png,00.png,00.png,00.png,00.png,dots1.png,"[-230, -75]","[220, 75]","[150, 100]","[-80, 75]","[70, 75]","[220, 225]","[-230, 75]","[-80, 225]","[70, 225]","[-230, 225]","[-80, -225]","[70, -225]","[220, -225]","[100, 100]","[-80, -75]","[70, -75]","[220, -75]","[-230, -225]",1,8,"[100, 100]","[100, 100]",dots,27.png,21.png,29.png,23.png,33.png,25.png,31.png,m,"[100, 100]","[100, 100]","[100, 100]","[100, 100]","[100, 100]","[100, 100]","[100, 100]","[100, 100]","[100, 100]","[100, 100]","[100, 100]","[0, -375]",ok.png,"[100, 100]","[100, 100]",59,2,1,1,1,0,0,0,0,0,0,0,1.37413227558,1.37413227558136,0,-193,-193,-79,-79,1,1,0,0,0,0,0,0,0,0.497040659189,0.4970406591892242,0,-17,-17,-412,-412,22
00.png,00.png,00.png,00.png,14.png,16.png,18.png,20.png,22.png,"[-245, -92]","[205, 58]","[150, 100]","[-95, 58]","[55, 58]","[205, 208]","[-245, 58]","[-95, 208]","[55, 208]","[-245, 208]","[-95, -242]","[55, -242]","[205, -242]","[100, 100]","[-95, -92]","[55, -92]","[205, -92]","[-245, -242]",1,8,"[100, 100]","[100, 100]",dots,26.png,00.png,dots1.png,24.png,00.png,00.png,00.png,m,"[100, 100]","[100, 100]","[100, 100]","[100, 100]","[100, 100]","[100, 100]","[100, 100]","[100, 100]","[100, 100]","[100, 100]","[100, 100]","[0, -375]",ok.png,"[100, 100]","[100, 100]",60,2,1,1,1,0,0,0,0,0,0,0,1.35365343094,1.353653430938721,0,-138,-138,-81,-81,1,1,0,0,0,0,0,0,0,0.157223269343,0.1572232693433762,0,-138,-138,-81,-81,221
00.png,00.png,00.png,00.png,13.png,10.png,00.png,00.png,16.png,"[-227, -74]","[223, 76]","[150, 100]","[-77, 76]","[73, 76]","[223, 226]","[-227, 76]","[-77, 226]","[73, 226]","[-227, 226]","[-77, -224]","[73, -224]","[223, -224]","[100, 100]","[-77, -74]","[73, -74]","[223, -74]","[-227, -224]",1,8,"[100, 100]","[100, 100]",dots,21.png,24.png,19.png,dots1.png,00.png,27.png,00.png,m,"[100, 100]","[100, 100]","[100, 100]","[100, 100]","[100, 100]","[100, 100]","[100, 100]","[100, 100]","[100, 100]","[100, 100]","[100, 100]","[0, -375]",ok.png,"[100, 100]","[100, 100]",61,2,1,1,1,0,0,0,0,0,0,0,1.49647653103,1.496476531028748,0,64,64,-118,-118,1,1,0,0,0,0,0,0,0,0.171869382262,0.1718693822622299,0,64,64,-118,-118,317
10.png,15.png,20.png,25.png,00.png,00.png,00.png,00.png,21.png,"[-211, -91]","[239, 59]","[150, 100]","[-61, 59]","[89, 59]","[239, 209]","[-211, 59]","[-61, 209]","[89, 209]","[-211, 209]","[-61, -241]","[89, -241]","[239, -241]","[100, 100]","[-61, -91]","[89, -91]","[239, -91]","[-211, -241]",1,8,"[100, 100]","[100, 100]",dots,dots1.png,00.png,16.png,11.png,00.png,00.png,00.png,m,"[100, 100]","[100, 100]","[100, 100]","[100, 100]","[100, 100]","[100, 100]","[100, 100]","[100, 100]","[100, 100]","[100, 100]","[100, 100]","[0, -375]",ok.png,"[100, 100]","[100, 100]",62,2,1,1,1,0,0,0,0,0,0,0,1.57212662697,1.572126626968384,0,264,264,-107,-107,1,1,0,0,0,0,0,0,0,0.146248087287,0.1462480872869492,0,267,267,-107,-107,390
00.png,00.png,00.png,00.png,00.png,00.png,00.png,00.png,03.png,"[-239, -87]","[211, 63]","[150, 100]","[-89, 63]","[61, 63]","[211, 213]","[-239, 63]","[-89, 213]","[61, 213]","[-239, 213]","[-89, -237]","[61, -237]","[211, -237]","[100, 100]","[-89, -87]","[61, -87]","[211, -87]","[-239, -237]",1,8,"[100, 100]","[100, 100]",dots,08.png,dots1.png,01.png,07.png,04.png,05.png,02.png,m,"[100, 100]","[100, 100]","[100, 100]","[100, 100]","[100, 100]","[100, 100]","[100, 100]","[100, 100]","[100, 100]","[100, 100]","[100, 100]","[0, -375]",ok.png,"[100, 100]","[100, 100]",63,2,1,1,1,0,0,0,0,0,0,0,1.52446186543,1.52446186542511,0,-214,-214,-231,-231,1,1,0,0,0,0,0,0,0,0.158009454608,0.1580094546079636,0,-223,-223,-226,-226,344
29.png,00.png,00.png,16.png,00.png,00.png,33.png,08.png,13.png,"[-236, -97]","[214, 53]","[150, 100]","[-86, 53]","[64, 53]","[214, 203]","[-236, 53]","[-86, 203]","[64, 203]","[-236, 203]","[-86, -247]","[64, -247]","[214, -247]","[100, 100]","[-86, -97]","[64, -97]","[214, -97]","[-236, -247]",1,8,"[100, 100]","[100, 100]",dots,00.png,23.png,00.png,00.png,00.png,dots1.png,12.png,m,"[100, 100]","[100, 100]","[100, 100]","[100, 100]","[100, 100]","[100, 100]","[100, 100]","[100, 100]","[100, 100]","[100, 100]","[100, 100]","[0, -375]",ok.png,"[100, 100]","[100, 100]",64,2,1,1,1,0,0,0,0,0,0,0,2.58845663071,2.588456630706787,0,-104,-104,-246,-246,1,1,0,0,0,0,0,0,0,0.181992352009,0.1819923520088196,0,-104,-104,-246,-246,248
00.png,00.png,00.png,00.png,00.png,00.png,00.png,33.png,27.png,"[-226, -51]","[224, 99]","[150, 100]","[-76, 99]","[74, 99]","[224, 249]","[-226, 99]","[-76, 249]","[74, 249]","[-226, 249]","[-76, -201]","[74, -201]","[224, -201]","[100, 100]","[-76, -51]","[74, -51]","[224, -51]","[-226, -201]",1,8,"[100, 100]","[100, 100]",dots,13.png,07.png,23.png,17.png,00.png,03.png,dots1.png,m,"[100, 100]","[100, 100]","[100, 100]","[100, 100]","[100, 100]","[100, 100]","[100, 100]","[100, 100]","[100, 100]","[100, 100]","[100, 100]","[0, -375]",ok.png,"[100, 100]","[100, 100]",65,2,1,1,1,0,0,0,0,0,0,0,1.57111358643,1.571113586425781,0,72,72,-200,-200,1,1,0,0,0,0,0,0,0,1.70399272442,1.70399272441864,0,-72,-72,-64,-64,32
04.png,20.png,30.png,02.png,00.png,00.png,00.png,00.png,00.png,"[-204, -65]","[246, 85]","[150, 100]","[-54, 85]","[96, 85]","[246, 235]","[-204, 85]","[-54, 235]","[96, 235]","[-204, 235]","[-54, -215]","[96, -215]","[246, -215]","[100, 100]","[-54, -65]","[96, -65]","[246, -65]","[-204, -215]",1,8,"[100, 100]","[100, 100]",dots,00.png,14.png,00.png,00.png,dots1.png,07.png,17.png,m,"[100, 100]","[100, 100]","[100, 100]","[100, 100]","[100, 100]","[100, 100]","[100, 100]","[100, 100]","[100, 100]","[100, 100]","[100, 100]","[0, -375]",ok.png,"[100, 100]","[100, 100]",66,2,1,1,1,0,0,0,0,0,0,0,1.54656279087,1.546562790870667,0,222,222,-211,-211,1,1,0,0,0,0,0,0,0,0.164217203856,0.1642172038555145,0,222,222,-211,-211,330
00.png,19.png,29.png,00.png,00.png,02.png,32.png,00.png,00.png,"[-231, -60]","[219, 90]","[150, 100]","[-81, 90]","[69, 90]","[219, 240]","[-231, 90]","[-81, 240]","[69, 240]","[-231, 240]","[-81, -210]","[69, -210]","[219, -210]","[100, 100]","[-81, -60]","[69, -60]","[219, -60]","[-231, -210]",1,8,"[100, 100]","[100, 100]",dots,00.png,00.png,22.png,16.png,00.png,04.png,dots1.png,m,"[100, 100]","[100, 100]","[100, 100]","[100, 100]","[100, 100]","[100, 100]","[100, 100]","[100, 100]","[100, 100]","[100, 100]","[100, 100]","[0, -375]",ok.png,"[100, 100]","[100, 100]",67,2,1,1,1,0,0,0,0,0,0,0,1.3706433773,1.370643377304077,0,80,80,-224,-224,1,1,0,0,0,0,0,0,0,0.145887836814,0.1458878368139267,0,80,80,-224,-224,366
00.png,00.png,00.png,05.png,21.png,00.png,00.png,00.png,00.png,"[-219, -83]","[231, 67]","[150, 100]","[-69, 67]","[81, 67]","[231, 217]","[-219, 67]","[-69, 217]","[81, 217]","[-219, 217]","[-69, -233]","[81, -233]","[231, -233]","[100, 100]","[-69, -83]","[81, -83]","[231, -83]","[-219, -233]",1,8,"[100, 100]","[100, 100]",dots,25.png,03.png,27.png,28.png,00.png,dots1.png,08.png,m,"[100, 100]","[100, 100]","[100, 100]","[100, 100]","[100, 100]","[100, 100]","[100, 100]","[100, 100]","[100, 100]","[100, 100]","[100, 100]","[0, -375]",ok.png,"[100, 100]","[100, 100]",68,2,1,1,1,0,0,0,0,0,0,0,2.41105866432,2.411058664321899,0,-83,-83,-233,-233,1,1,0,0,0,0,0,0,0,1.9855748415,1.985574841499329,0,-96,-96,-234,-234,77
06.png,00.png,15.png,17.png,00.png,00.png,16.png,00.png,00.png,"[-239, -60]","[211, 90]","[150, 100]","[-89, 90]","[61, 90]","[211, 240]","[-239, 90]","[-89, 240]","[61, 240]","[-239, 240]","[-89, -210]","[61, -210]","[211, -210]","[100, 100]","[-89, -60]","[61, -60]","[211, -60]","[-239, -210]",1,8,"[100, 100]","[100, 100]",dots,23.png,dots1.png,09.png,00.png,00.png,00.png,07.png,m,"[100, 100]","[100, 100]","[100, 100]","[100, 100]","[100, 100]","[100, 100]","[100, 100]","[100, 100]","[100, 100]","[100, 100]","[100, 100]","[0, -375]",ok.png,"[100, 100]","[100, 100]",69,2,1,1,1,0,0,0,0,0,0,0,3.38599705696,3.38599705696106,0,-251,-251,-222,-222,1,1,0,0,0,0,0,0,0,0.484630972147,0.4846309721469879,0,-24,-24,-353,-353,156
00.png,11.png,00.png,00.png,12.png,00.png,00.png,34.png,00.png,"[-210, -53]","[240, 97]","[150, 100]","[-60, 97]","[90, 97]","[240, 247]","[-210, 97]","[-60, 247]","[90, 247]","[-210, 247]","[-60, -203]","[90, -203]","[240, -203]","[100, 100]","[-60, -53]","[90, -53]","[240, -53]","[-210, -203]",1,8,"[100, 100]","[100, 100]",dots,dots1.png,31.png,30.png,08.png,00.png,00.png,32.png,m,"[100, 100]","[100, 100]","[100, 100]","[100, 100]","[100, 100]","[100, 100]","[100, 100]","[100, 100]","[100, 100]","[100, 100]","[100, 100]","[0, -375]",ok.png,"[100, 100]","[100, 100]",70,2,1,1,1,0,0,0,0,0,0,0,1.29660093784,1.296600937843323,0,228,228,-51,-51,1,1,0,0,0,0,0,0,0,0.165394440293,0.1653944402933121,0,228,228,-51,-51,63
00.png,00.png,00.png,00.png,00.png,00.png,24.png,27.png,07.png,"[-223, -68]","[227, 82]","[150, 100]","[-73, 82]","[77, 82]","[227, 232]","[-223, 82]","[-73, 232]","[77, 232]","[-223, 232]","[-73, -218]","[77, -218]","[227, -218]","[100, 100]","[-73, -68]","[77, -68]","[227, -68]","[-223, -218]",1,8,"[100, 100]","[100, 100]",dots,10.png,13.png,09.png,dots1.png,00.png,16.png,00.png,m,"[100, 100]","[100, 100]","[100, 100]","[100, 100]","[100, 100]","[100, 100]","[100, 100]","[100, 100]","[100, 100]","[100, 100]","[100, 100]","[0, -375]",ok.png,"[100, 100]","[100, 100]",71,2,1,1,1,0,0,0,0,0,0,0,1.09398293495,1.093982934951782,0,72,72,-71,-71,1,1,0,0,0,0,0,0,0,0.166708171368,0.1667081713676453,0,73,73,-71,-71,321
00.png,00.png,25.png,00.png,33.png,00.png,05.png,00.png,01.png,"[-230, -65]","[220, 85]","[150, 100]","[-80, 85]","[70, 85]","[220, 235]","[-230, 85]","[-80, 235]","[70, 235]","[-230, 235]","[-80, -215]","[70, -215]","[220, -215]","[100, 100]","[-80, -65]","[70, -65]","[220, -65]","[-230, -215]",1,8,"[100, 100]","[100, 100]",dots,10.png,00.png,dots1.png,00.png,30.png,20.png,00.png,m,"[100, 100]","[100, 100]","[100, 100]","[100, 100]","[100, 100]","[100, 100]","[100, 100]","[100, 100]","[100, 100]","[100, 100]","[100, 100]","[0, -375]",ok.png,"[100, 100]","[100, 100]",72,2,1,1,1,0,0,0,0,0,0,0,1.21641302109,1.216413021087646,0,-54,-54,-100,-100,1,1,0,0,0,0,0,0,0,0.158464133739,0.1584641337394714,0,-55,-55,-99,-99,371
00.png,00.png,00.png,18.png,00.png,14.png,00.png,09.png,dots1.png,"[-204, -66]","[246, 84]","[150, 100]","[-54, 84]","[96, 84]","[246, 234]","[-204, 84]","[-54, 234]","[96, 234]","[-204, 234]","[-54, -216]","[96, -216]","[246, -216]","[100, 100]","[-54, -66]","[96, -66]","[246, -66]","[-204, -216]",1,8,"[100, 100]","[100, 100]",dots,00.png,26.png,02.png,04.png,00.png,24.png,00.png,m,"[100, 100]","[100, 100]","[100, 100]","[100, 100]","[100, 100]","[100, 100]","[100, 100]","[100, 100]","[100, 100]","[100, 100]","[100, 100]","[0, -375]",ok.png,"[100, 100]","[100, 100]",73,2,1,1,1,0,0,0,0,0,0,0,1.13446140289,1.134461402893066,0,-184,-184,-66,-66,1,1,0,0,0,0,0,0,0,0.158135354519,0.1581353545188904,0,-190,-190,-68,-68,345
00.png,14.png,00.png,00.png,11.png,07.png,00.png,dots1.png,18.png,"[-205, -86]","[245, 64]","[150, 100]","[-55, 64]","[95, 64]","[245, 214]","[-205, 64]","[-55, 214]","[95, 214]","[-205, 214]","[-55, -236]","[95, -236]","[245, -236]","[100, 100]","[-55, -86]","[95, -86]","[245, -86]","[-205, -236]",1,8,"[100, 100]","[100, 100]",dots,30.png,09.png,00.png,00.png,19.png,00.png,00.png,m,"[100, 100]","[100, 100]","[100, 100]","[100, 100]","[100, 100]","[100, 100]","[100, 100]","[100, 100]","[100, 100]","[100, 100]","[100, 100]","[0, -375]",ok.png,"[100, 100]","[100, 100]",74,2,1,1,1,0,0,0,0,0,0,0,0.947927415371,0.9479274153709412,0,227,227,40,40,1,1,0,0,0,0,0,0,0,1.08229100704,1.082291007041931,0,276,276,63,63,85
31.png,00.png,13.png,00.png,23.png,00.png,dots1.png,00.png,33.png,"[-247, -77]","[203, 73]","[150, 100]","[-97, 73]","[53, 73]","[203, 223]","[-247, 73]","[-97, 223]","[53, 223]","[-247, 223]","[-97, -227]","[53, -227]","[203, -227]","[100, 100]","[-97, -77]","[53, -77]","[203, -77]","[-247, -227]",1,8,"[100, 100]","[100, 100]",dots,00.png,19.png,00.png,14.png,00.png,00.png,29.png,m,"[100, 100]","[100, 100]","[100, 100]","[100, 100]","[100, 100]","[100, 100]","[100, 100]","[100, 100]","[100, 100]","[100, 100]","[100, 100]","[0, -375]",ok.png,"[100, 100]","[100, 100]",75,2,1,1,1,0,0,0,0,0,0,0,1.16979789734,1.169797897338867,0,-235,-235,74,74,1,1,0,0,0,0,0,0,0,1.82723355293,1.827233552932739,0,52,52,59,59,35
00.png,00.png,00.png,00.png,00.png,00.png,00.png,00.png,07.png,"[-207, -91]","[243, 59]","[150, 100]","[-57, 59]","[93, 59]","[243, 209]","[-207, 59]","[-57, 209]","[93, 209]","[-207, 209]","[-57, -241]","[93, -241]","[243, -241]","[100, 100]","[-57, -91]","[93, -91]","[243, -91]","[-207, -241]",1,8,"[100, 100]","[100, 100]",dots,04.png,03.png,06.png,05.png,dots2.png,02.png,01.png,m,"[100, 100]","[100, 100]","[100, 100]","[100, 100]","[100, 100]","[100, 100]","[100, 100]","[100, 100]","[100, 100]","[100, 100]","[100, 100]","[0, -375]",ok.png,"[100, 100]","[100, 100]",76,2,1,1,1,0,0,0,0,0,0,0,1.32911145687,1.329111456871033,0,237,237,-235,-235,1,1,0,0,0,0,0,0,0,0.371440500021,0.3714405000209808,0,237,237,-235,-235,204
00.png,00.png,00.png,00.png,00.png,00.png,14.png,00.png,13.png,"[-237, -86]","[213, 64]","[150, 100]","[-87, 64]","[63, 64]","[213, 214]","[-237, 64]","[-87, 214]","[63, 214]","[-237, 214]","[-87, -236]","[63, -236]","[213, -236]","[100, 100]","[-87, -86]","[63, -86]","[213, -86]","[-237, -236]",1,8,"[100, 100]","[100, 100]",dots,10.png,00.png,12.png,11.png,08.png,09.png,dots2.png,m,"[100, 100]","[100, 100]","[100, 100]","[100, 100]","[100, 100]","[100, 100]","[100, 100]","[100, 100]","[100, 100]","[100, 100]","[100, 100]","[0, -375]",ok.png,"[100, 100]","[100, 100]",77,2,1,1,1,0,0,0,0,0,0,0,1.54420828819,1.544208288192749,0,46,46,-246,-246,1,1,0,0,0,0,0,0,0,0.642086565495,0.6420865654945374,0,18,18,-394,-394,33
00.png,00.png,00.png,00.png,00.png,00.png,21.png,20.png,19.png,"[-231, -93]","[219, 57]","[150, 100]","[-81, 57]","[69, 57]","[219, 207]","[-231, 57]","[-81, 207]","[69, 207]","[-231, 207]","[-81, -243]","[69, -243]","[219, -243]","[100, 100]","[-81, -93]","[69, -93]","[219, -93]","[-231, -243]",1,8,"[100, 100]","[100, 100]",dots,16.png,15.png,18.png,17.png,00.png,dots2.png,00.png,m,"[100, 100]","[100, 100]","[100, 100]","[100, 100]","[100, 100]","[100, 100]","[100, 100]","[100, 100]","[100, 100]","[100, 100]","[100, 100]","[0, -375]",ok.png,"[100, 100]","[100, 100]",78,2,1,1,1,0,0,0,0,0,0,0,2.05594301224,2.055943012237549,0,-72,-72,-238,-238,1,1,0,0,0,0,0,0,0,0.155113756657,0.1551137566566467,0,-72,-72,-238,-238,65
00.png,00.png,00.png,00.png,00.png,00.png,31.png,27.png,26.png,"[-245, -78]","[205, 72]","[150, 100]","[-95, 72]","[55, 72]","[205, 222]","[-245, 72]","[-95, 222]","[55, 222]","[-245, 222]","[-95, -228]","[55, -228]","[205, -228]","[100, 100]","[-95, -78]","[55, -78]","[205, -78]","[-245, -228]",1,8,"[100, 100]","[100, 100]",dots,00.png,dots2.png,28.png,00.png,22.png,24.png,23.png,m,"[100, 100]","[100, 100]","[100, 100]","[100, 100]","[100, 100]","[100, 100]","[100, 100]","[100, 100]","[100, 100]","[100, 100]","[100, 100]","[0, -375]",ok.png,"[100, 100]","[100, 100]",79,2,1,1,1,0,0,0,0,0,0,0,2.07385897636,2.073858976364136,0,-218,-218,-243,-243,1,1,0,0,0,0,0,0,0,0.183323189616,0.1833231896162033,0,-216,-216,-240,-240,369
00.png,00.png,00.png,00.png,01.png,34.png,33.png,32.png,31.png,"[-210, -62]","[240, 88]","[150, 100]","[-60, 88]","[90, 88]","[240, 238]","[-210, 88]","[-60, 238]","[90, 238]","[-210, 238]","[-60, -212]","[90, -212]","[240, -212]","[100, 100]","[-60, -62]","[90, -62]","[240, -62]","[-210, -212]",1,8,"[100, 100]","[100, 100]",dots,dots2.png,00.png,30.png,29.png,00.png,00.png,00.png,m,"[100, 100]","[100, 100]","[100, 100]","[100, 100]","[100, 100]","[100, 100]","[100, 100]","[100, 100]","[100, 100]","[100, 100]","[100, 100]","[0, -375]",ok.png,"[100, 100]","[100, 100]",80,2,1,1,1,0,0,0,0,0,0,0,1.69730734825,1.697307348251343,0,264,264,-93,-93,1,1,0,0,0,0,0,0,0,0.182484999299,0.1824849992990494,0,265,265,-96,-96,365
00.png,00.png,23.png,17.png,00.png,00.png,15.png,06.png,00.png,"[-212, -52]","[238, 98]","[150, 100]","[-62, 98]","[88, 98]","[238, 248]","[-212, 98]","[-62, 248]","[88, 248]","[-212, 248]","[-62, -202]","[88, -202]","[238, -202]","[100, 100]","[-62, -52]","[88, -52]","[238, -52]","[-212, -202]",1,8,"[100, 100]","[100, 100]",dots,04.png,00.png,00.png,dots2.png,01.png,00.png,34.png,m,"[100, 100]","[100, 100]","[100, 100]","[100, 100]","[100, 100]","[100, 100]","[100, 100]","[100, 100]","[100, 100]","[100, 100]","[100, 100]","[0, -375]",ok.png,"[100, 100]","[100, 100]",81,2,1,1,1,0,0,0,0,0,0,0,0.865931332111,0.8659313321113586,0,121,121,-53,-53,1,1,0,0,0,0,0,0,0,0.313408195972,0.3134081959724426,0,121,121,-53,-53,273
14.png,09.png,22.png,06.png,00.png,00.png,00.png,00.png,25.png,"[-239, -55]","[211, 95]","[150, 100]","[-89, 95]","[61, 95]","[211, 245]","[-239, 95]","[-89, 245]","[61, 245]","[-239, 245]","[-89, -205]","[61, -205]","[211, -205]","[100, 100]","[-89, -55]","[61, -55]","[211, -55]","[-239, -205]",1,8,"[100, 100]","[100, 100]",dots,07.png,00.png,dots2.png,03.png,00.png,00.png,00.png,m,"[100, 100]","[100, 100]","[100, 100]","[100, 100]","[100, 100]","[100, 100]","[100, 100]","[100, 100]","[100, 100]","[100, 100]","[100, 100]","[0, -375]",ok.png,"[100, 100]","[100, 100]",82,2,1,1,1,0,0,0,0,0,0,0,0.810765683651,0.8107656836509705,0,-79,-79,-73,-73,1,1,0,0,0,0,0,0,0,0.169025346637,0.1690253466367722,0,-79,-79,-73,-73,174
00.png,00.png,00.png,00.png,31.png,30.png,17.png,00.png,dots2.png,"[-216, -79]","[234, 71]","[150, 100]","[-66, 71]","[84, 71]","[234, 221]","[-216, 71]","[-66, 221]","[84, 221]","[-216, 221]","[-66, -229]","[84, -229]","[234, -229]","[100, 100]","[-66, -79]","[84, -79]","[234, -79]","[-216, -229]",1,8,"[100, 100]","[100, 100]",dots,00.png,07.png,27.png,00.png,00.png,33.png,05.png,m,"[100, 100]","[100, 100]","[100, 100]","[100, 100]","[100, 100]","[100, 100]","[100, 100]","[100, 100]","[100, 100]","[100, 100]","[100, 100]","[0, -375]",ok.png,"[100, 100]","[100, 100]",83,2,1,1,1,0,0,0,0,0,0,0,1.30742251873,1.307422518730164,0,-203,-203,-58,-58,1,1,0,0,0,0,0,0,0,0.671118080616,0.6711180806159973,0,14,14,-373,-373,17
33.png,31.png,25.png,21.png,27.png,23.png,29.png,dots2.png,00.png,"[-235, -96]","[215, 54]","[150, 100]","[-85, 54]","[65, 54]","[215, 204]","[-235, 54]","[-85, 204]","[65, 204]","[-235, 204]","[-85, -246]","[65, -246]","[215, -246]","[100, 100]","[-85, -96]","[65, -96]","[215, -96]","[-235, -246]",1,8,"[100, 100]","[100, 100]",dots,00.png,00.png,00.png,00.png,00.png,00.png,00.png,m,"[100, 100]","[100, 100]","[100, 100]","[100, 100]","[100, 100]","[100, 100]","[100, 100]","[100, 100]","[100, 100]","[100, 100]","[100, 100]","[0, -375]",ok.png,"[100, 100]","[100, 100]",84,2,1,1,1,0,0,0,0,0,0,0,1.99865651131,1.998656511306763,0,138,138,44,44,1,1,0,0,0,0,0,0,0,0.326906859875,0.3269068598747253,0,227,227,54,54,297
00.png,00.png,00.png,00.png,26.png,24.png,dots2.png,22.png,20.png,"[-226, -56]","[224, 94]","[150, 100]","[-76, 94]","[74, 94]","[224, 244]","[-226, 94]","[-76, 244]","[74, 244]","[-226, 244]","[-76, -206]","[74, -206]","[224, -206]","[100, 100]","[-76, -56]","[74, -56]","[224, -56]","[-226, -206]",1,8,"[100, 100]","[100, 100]",dots,14.png,00.png,18.png,16.png,00.png,00.png,00.png,m,"[100, 100]","[100, 100]","[100, 100]","[100, 100]","[100, 100]","[100, 100]","[100, 100]","[100, 100]","[100, 100]","[100, 100]","[100, 100]","[0, -375]",ok.png,"[100, 100]","[100, 100]",85,2,1,1,1,0,0,0,0,0,0,0,1.05954861641,1.059548616409302,0,69,69,68,68,1,1,0,0,0,0,0,0,0,0.182244837284,0.1822448372840881,0,69,69,68,68,430
00.png,00.png,27.png,24.png,21.png,dots2.png,19.png,16.png,00.png,"[-227, -72]","[223, 78]","[150, 100]","[-77, 78]","[73, 78]","[223, 228]","[-227, 78]","[-77, 228]","[73, 228]","[-227, 228]","[-77, -222]","[73, -222]","[223, -222]","[100, 100]","[-77, -72]","[73, -72]","[223, -72]","[-227, -222]",1,8,"[100, 100]","[100, 100]",dots,13.png,00.png,00.png,10.png,00.png,00.png,00.png,m,"[100, 100]","[100, 100]","[100, 100]","[100, 100]","[100, 100]","[100, 100]","[100, 100]","[100, 100]","[100, 100]","[100, 100]","[100, 100]","[0, -375]",ok.png,"[100, 100]","[100, 100]",86,2,1,1,1,0,0,0,0,0,0,0,1.51069843769,1.510698437690735,0,-85,-85,65,65,1,1,0,0,0,0,0,0,0,0.165693104267,0.1656931042671204,0,-85,-85,65,65,226
00.png,00.png,00.png,00.png,dots2.png,11.png,16.png,21.png,00.png,"[-216, -84]","[234, 66]","[150, 100]","[-66, 66]","[84, 66]","[234, 216]","[-216, 66]","[-66, 216]","[84, 216]","[-216, 216]","[-66, -234]","[84, -234]","[234, -234]","[100, 100]","[-66, -84]","[84, -84]","[234, -84]","[-216, -234]",1,8,"[100, 100]","[100, 100]",dots,00.png,25.png,00.png,00.png,10.png,20.png,15.png,m,"[100, 100]","[100, 100]","[100, 100]","[100, 100]","[100, 100]","[100, 100]","[100, 100]","[100, 100]","[100, 100]","[100, 100]","[100, 100]","[0, -375]",ok.png,"[100, 100]","[100, 100]",87,2,1,1,1,0,0,0,0,0,0,0,1.38502883911,1.385028839111328,0,-249,-249,70,70,1,1,0,0,0,0,0,0,0,0.142804995179,0.1428049951791763,0,-249,-249,70,70,225
04.png,02.png,05.png,dots2.png,08.png,07.png,01.png,03.png,00.png,"[-220, -58]","[230, 92]","[150, 100]","[-70, 92]","[80, 92]","[230, 242]","[-220, 92]","[-70, 242]","[80, 242]","[-220, 242]","[-70, -208]","[80, -208]","[230, -208]","[100, 100]","[-70, -58]","[80, -58]","[230, -58]","[-220, -208]",1,8,"[100, 100]","[100, 100]",dots,00.png,00.png,00.png,00.png,00.png,00.png,00.png,m,"[100, 100]","[100, 100]","[100, 100]","[100, 100]","[100, 100]","[100, 100]","[100, 100]","[100, 100]","[100, 100]","[100, 100]","[100, 100]","[0, -375]",ok.png,"[100, 100]","[100, 100]",88,2,1,1,1,0,0,0,0,0,0,0,1.10757291317,1.107572913169861,0,224,224,226,226,1,1,0,0,0,0,0,0,0,0.160496667027,0.1604966670274734,0,224,224,220,220,424
00.png,12.png,dots2.png,23.png,00.png,00.png,00.png,13.png,08.png,"[-242, -59]","[208, 91]","[150, 100]","[-92, 91]","[58, 91]","[208, 241]","[-242, 91]","[-92, 241]","[58, 241]","[-242, 241]","[-92, -209]","[58, -209]","[208, -209]","[100, 100]","[-92, -59]","[58, -59]","[208, -59]","[-242, -209]",1,8,"[100, 100]","[100, 100]",dots,00.png,16.png,33.png,00.png,29.png,00.png,00.png,m,"[100, 100]","[100, 100]","[100, 100]","[100, 100]","[100, 100]","[100, 100]","[100, 100]","[100, 100]","[100, 100]","[100, 100]","[100, 100]","[0, -375]",ok.png,"[100, 100]","[100, 100]",89,2,1,1,1,0,0,0,0,0,0,0,0.741148173809,0.7411481738090515,0,51,51,255,255,1,1,0,0,0,0,0,0,0,1.23696613312,1.236966133117676,0,96,96,236,236,145
00.png,dots2.png,03.png,07.png,13.png,17.png,23.png,27.png,33.png,"[-239, -68]","[211, 82]","[150, 100]","[-89, 82]","[61, 82]","[211, 232]","[-239, 82]","[-89, 232]","[61, 232]","[-239, 232]","[-89, -218]","[61, -218]","[211, -218]","[100, 100]","[-89, -68]","[61, -68]","[211, -68]","[-239, -218]",1,8,"[100, 100]","[100, 100]",dots,00.png,00.png,00.png,00.png,00.png,00.png,00.png,m,"[100, 100]","[100, 100]","[100, 100]","[100, 100]","[100, 100]","[100, 100]","[100, 100]","[100, 100]","[100, 100]","[100, 100]","[100, 100]","[0, -375]",ok.png,"[100, 100]","[100, 100]",90,2,1,1,1,0,0,0,0,0,0,0,2.01445555687,2.014455556869507,0,-87,-87,225,225,1,1,0,0,0,0,0,0,0,0.139244899154,0.1392448991537094,0,-87,-87,225,225,62
dots2.png,17.png,07.png,14.png,00.png,00.png,00.png,00.png,00.png,"[-238, -97]","[212, 53]","[150, 100]","[-88, 53]","[62, 53]","[212, 203]","[-238, 53]","[-88, 203]","[62, 203]","[-238, 203]","[-88, -247]","[62, -247]","[212, -247]","[100, 100]","[-88, -97]","[62, -97]","[212, -97]","[-238, -247]",1,8,"[100, 100]","[100, 100]",dots,00.png,02.png,00.png,00.png,04.png,30.png,20.png,m,"[100, 100]","[100, 100]","[100, 100]","[100, 100]","[100, 100]","[100, 100]","[100, 100]","[100, 100]","[100, 100]","[100, 100]","[100, 100]","[0, -375]",ok.png,"[100, 100]","[100, 100]",91,2,1,1,1,0,0,0,0,0,0,0,0.954223096371,0.954223096370697,0,-214,-214,211,211,1,1,0,0,0,0,0,0,0,0.148858115077,0.1488581150770187,0,-214,-214,211,211,444
00.png,dots2.png,04.png,00.png,00.png,16.png,22.png,00.png,00.png,"[-244, -51]","[206, 99]","[150, 100]","[-94, 99]","[56, 99]","[206, 249]","[-244, 99]","[-94, 249]","[56, 249]","[-244, 249]","[-94, -201]","[56, -201]","[206, -201]","[100, 100]","[-94, -51]","[56, -51]","[206, -51]","[-244, -201]",1,8,"[100, 100]","[100, 100]",dots,00.png,00.png,32.png,02.png,00.png,29.png,19.png,m,"[100, 100]","[100, 100]","[100, 100]","[100, 100]","[100, 100]","[100, 100]","[100, 100]","[100, 100]","[100, 100]","[100, 100]","[100, 100]","[0, -375]",ok.png,"[100, 100]","[100, 100]",92,2,1,1,1,0,0,0,0,0,0,0,1.40729868412,1.407298684120178,0,-67,-67,252,252,1,1,0,0,0,0,0,0,0,0.13913063705,0.139130637049675,0,-67,-67,252,252,127
00.png,08.png,dots2.png,03.png,25.png,28.png,27.png,00.png,00.png,"[-223, -82]","[227, 68]","[150, 100]","[-73, 68]","[77, 68]","[227, 218]","[-223, 68]","[-73, 218]","[77, 218]","[-223, 218]","[-73, -232]","[77, -232]","[227, -232]","[100, 100]","[-73, -82]","[77, -82]","[227, -82]","[-223, -232]",1,8,"[100, 100]","[100, 100]",dots,21.png,05.png,00.png,00.png,00.png,00.png,00.png,m,"[100, 100]","[100, 100]","[100, 100]","[100, 100]","[100, 100]","[100, 100]","[100, 100]","[100, 100]","[100, 100]","[100, 100]","[100, 100]","[0, -375]",ok.png,"[100, 100]","[100, 100]",93,2,1,1,1,0,0,0,0,0,0,0,1.8076082468,1.807608246803284,0,91,91,193,193,1,1,0,0,0,0,0,0,0,0.199902638793,0.1999026387929916,0,91,91,193,193,385
00.png,07.png,00.png,dots2.png,23.png,00.png,09.png,00.png,00.png,"[-224, -87]","[226, 63]","[150, 100]","[-74, 63]","[76, 63]","[226, 213]","[-224, 63]","[-74, 213]","[76, 213]","[-224, 213]","[-74, -237]","[76, -237]","[226, -237]","[100, 100]","[-74, -87]","[76, -87]","[226, -87]","[-224, -237]",1,8,"[100, 100]","[100, 100]",dots,00.png,17.png,16.png,00.png,06.png,15.png,00.png,m,"[100, 100]","[100, 100]","[100, 100]","[100, 100]","[100, 100]","[100, 100]","[100, 100]","[100, 100]","[100, 100]","[100, 100]","[100, 100]","[0, -375]",ok.png,"[100, 100]","[100, 100]",94,2,1,1,1,0,0,0,0,0,0,0,1.41845726967,1.418457269668579,0,220,220,186,186,1,1,0,0,0,0,0,0,0,0.793480753899,0.7934807538986206,0,233,233,197,197,189
00.png,32.png,00.png,31.png,dots2.png,08.png,30.png,00.png,34.png,"[-204, -65]","[246, 85]","[150, 100]","[-54, 85]","[96, 85]","[246, 235]","[-204, 85]","[-54, 235]","[96, 235]","[-204, 235]","[-54, -215]","[96, -215]","[246, -215]","[100, 100]","[-54, -65]","[96, -65]","[246, -65]","[-204, -215]",1,8,"[100, 100]","[100, 100]",dots,12.png,00.png,00.png,00.png,00.png,00.png,11.png,m,"[100, 100]","[100, 100]","[100, 100]","[100, 100]","[100, 100]","[100, 100]","[100, 100]","[100, 100]","[100, 100]","[100, 100]","[100, 100]","[0, -375]",ok.png,"[100, 100]","[100, 100]",95,2,1,1,1,0,0,0,0,0,0,0,1.18732869625,1.187328696250916,0,-188,-188,66,66,1,1,0,0,0,0,0,0,0,0.168653130531,0.168653130531311,0,-189,-189,67,67,448
00.png,00.png,16.png,13.png,10.png,dots2.png,09.png,07.png,27.png,"[-214, -74]","[236, 76]","[150, 100]","[-64, 76]","[86, 76]","[236, 226]","[-214, 76]","[-64, 226]","[86, 226]","[-214, 226]","[-64, -224]","[86, -224]","[236, -224]","[100, 100]","[-64, -74]","[86, -74]","[236, -74]","[-214, -224]",1,8,"[100, 100]","[100, 100]",dots,00.png,00.png,24.png,00.png,00.png,00.png,00.png,m,"[100, 100]","[100, 100]","[100, 100]","[100, 100]","[100, 100]","[100, 100]","[100, 100]","[100, 100]","[100, 100]","[100, 100]","[100, 100]","[0, -375]",ok.png,"[100, 100]","[100, 100]",96,2,1,1,1,0,0,0,0,0,0,0,1.3883357048,1.388335704803467,0,-55,-55,77,77,1,1,0,0,0,0,0,0,0,0.293431162834,0.2934311628341675,0,-54,-54,78,78,134
30.png,00.png,20.png,00.png,10.png,00.png,dots2.png,01.png,00.png,"[-249, -81]","[201, 69]","[150, 100]","[-99, 69]","[51, 69]","[201, 219]","[-249, 69]","[-99, 219]","[51, 219]","[-249, 219]","[-99, -231]","[51, -231]","[201, -231]","[100, 100]","[-99, -81]","[51, -81]","[201, -81]","[-249, -231]",1,8,"[100, 100]","[100, 100]",dots,33.png,00.png,05.png,00.png,00.png,25.png,00.png,m,"[100, 100]","[100, 100]","[100, 100]","[100, 100]","[100, 100]","[100, 100]","[100, 100]","[100, 100]","[100, 100]","[100, 100]","[100, 100]","[0, -375]",ok.png,"[100, 100]","[100, 100]",97,2,1,1,1,0,0,0,0,0,0,0,1.49824595451,1.49824595451355,0,65,65,57,57,1,1,0,0,0,0,0,0,0,0.666635334492,0.6666353344917297,0,-27,-27,-385,-385,18
00.png,00.png,24.png,26.png,00.png,04.png,02.png,dots2.png,09.png,"[-200, -53]","[250, 97]","[150, 100]","[-50, 97]","[100, 97]","[250, 247]","[-200, 97]","[-50, 247]","[100, 247]","[-200, 247]","[-50, -203]","[100, -203]","[250, -203]","[100, 100]","[-50, -53]","[100, -53]","[250, -53]","[-200, -203]",1,8,"[100, 100]","[100, 100]",dots,00.png,18.png,00.png,14.png,00.png,00.png,00.png,m,"[100, 100]","[100, 100]","[100, 100]","[100, 100]","[100, 100]","[100, 100]","[100, 100]","[100, 100]","[100, 100]","[100, 100]","[100, 100]","[0, -375]",ok.png,"[100, 100]","[100, 100]",98,2,1,1,1,0,0,0,0,0,0,0,1.91451942921,1.914519429206848,0,250,250,118,118,1,1,0,0,0,0,0,0,0,0.157503455877,0.1575034558773041,0,251,251,117,117,406
19.png,00.png,00.png,09.png,30.png,00.png,00.png,18.png,dots2.png,"[-239, -55]","[211, 95]","[150, 100]","[-89, 95]","[61, 95]","[211, 245]","[-239, 95]","[-89, 245]","[61, 245]","[-239, 245]","[-89, -205]","[61, -205]","[211, -205]","[100, 100]","[-89, -55]","[61, -55]","[211, -55]","[-239, -205]",1,8,"[100, 100]","[100, 100]",dots,11.png,00.png,00.png,07.png,00.png,00.png,14.png,m,"[100, 100]","[100, 100]","[100, 100]","[100, 100]","[100, 100]","[100, 100]","[100, 100]","[100, 100]","[100, 100]","[100, 100]","[100, 100]","[0, -375]",ok.png,"[100, 100]","[100, 100]",99,2,1,1,1,0,0,0,0,0,0,0,1.20208537579,1.202085375785828,0,-228,-228,-63,-63,1,1,0,0,0,0,0,0,0,0.149817749858,0.1498177498579025,0,-228,-228,-63,-63,314
00.png,29.png,00.png,19.png,00.png,14.png,00.png,33.png,00.png,"[-223, -92]","[227, 58]","[150, 100]","[-73, 58]","[77, 58]","[227, 208]","[-223, 58]","[-73, 208]","[77, 208]","[-223, 208]","[-73, -242]","[77, -242]","[227, -242]","[100, 100]","[-73, -92]","[77, -92]","[227, -92]","[-223, -242]",1,8,"[100, 100]","[100, 100]",dots,23.png,00.png,dots2.png,00.png,31.png,13.png,00.png,m,"[100, 100]","[100, 100]","[100, 100]","[100, 100]","[100, 100]","[100, 100]","[100, 100]","[100, 100]","[100, 100]","[100, 100]","[100, 100]","[0, -375]",ok.png,"[100, 100]","[100, 100]",100,2,1,1,1,0,0,0,0,0,0,0,1.23240053654,1.23240053653717,0,-47,-47,-102,-102,1,1,0,0,0,0,0,0,0,0.165421471,0.1654214709997177,0,-47,-47,-97,-97,408
dots1.png,01.png,02.png,03.png,04.png,05.png,06.png,tray1.png,00.png,"[-229, -90]","[221, 60]","[150, 100]","[-79, 60]","[71, 60]","[221, 210]","[-229, 60]","[-79, 210]","[71, 210]","[-229, 210]","[-79, -240]","[71, -240]","[221, -240]","[100, 100]","[-79, -90]","[71, -90]","[221, -90]","[-229, -240]",1,8,"[100, 100]","[100, 100]",both,00.png,00.png,00.png,00.png,00.png,00.png,00.png,m,"[100, 100]","[100, 100]","[100, 100]","[100, 100]","[100, 100]","[100, 100]","[100, 100]","[100, 100]","[100, 100]","[100, 100]","[100, 100]","[0, -375]",ok.png,"[100, 100]","[100, 100]",101,3,1,1,1,0,0,0,0,0,0,0,0.977777659893,0.977777659893036,0,219,219,45,45,1,1,0,0,0,0,0,0,0,0.702507853508,0.7025078535079956,0,-198,-198,168,168,351
08.png,dots1.png,09.png,00.png,10.png,11.png,tray1.png,13.png,00.png,"[-226, -89]","[224, 61]","[150, 100]","[-76, 61]","[74, 61]","[224, 211]","[-226, 61]","[-76, 211]","[74, 211]","[-226, 211]","[-76, -239]","[74, -239]","[224, -239]","[100, 100]","[-76, -89]","[74, -89]","[224, -89]","[-226, -239]",1,8,"[100, 100]","[100, 100]",both,00.png,00.png,14.png,00.png,00.png,00.png,00.png,m,"[100, 100]","[100, 100]","[100, 100]","[100, 100]","[100, 100]","[100, 100]","[100, 100]","[100, 100]","[100, 100]","[100, 100]","[100, 100]","[0, -375]",ok.png,"[100, 100]","[100, 100]",102,3,1,1,1,0,0,0,0,0,0,0,0.914852678776,0.9148526787757874,0,57,57,73,73,1,1,0,0,0,0,0,0,0,0.377843946218,0.3778439462184906,0,-85,-85,185,185,195
00.png,00.png,dots1.png,15.png,16.png,tray1.png,18.png,19.png,20.png,"[-202, -59]","[248, 91]","[150, 100]","[-52, 91]","[98, 91]","[248, 241]","[-202, 91]","[-52, 241]","[98, 241]","[-202, 241]","[-52, -209]","[98, -209]","[248, -209]","[100, 100]","[-52, -59]","[98, -59]","[248, -59]","[-202, -209]",1,8,"[100, 100]","[100, 100]",both,00.png,00.png,21.png,00.png,00.png,00.png,00.png,m,"[100, 100]","[100, 100]","[100, 100]","[100, 100]","[100, 100]","[100, 100]","[100, 100]","[100, 100]","[100, 100]","[100, 100]","[100, 100]","[0, -375]",ok.png,"[100, 100]","[100, 100]",103,3,1,1,1,0,0,0,0,0,0,0,0.734826862812,0.7348268628120422,0,-47,-47,85,85,1,1,0,0,0,0,0,0,0,0.482891976833,0.4828919768333435,0,100,100,236,236,112
22.png,23.png,24.png,dots1.png,00.png,00.png,25.png,26.png,00.png,"[-203, -73]","[247, 77]","[150, 100]","[-53, 77]","[97, 77]","[247, 227]","[-203, 77]","[-53, 227]","[97, 227]","[-203, 227]","[-53, -223]","[97, -223]","[247, -223]","[100, 100]","[-53, -73]","[97, -73]","[247, -73]","[-203, -223]",1,8,"[100, 100]","[100, 100]",both,28.png,00.png,00.png,tray1.png,00.png,00.png,00.png,m,"[100, 100]","[100, 100]","[100, 100]","[100, 100]","[100, 100]","[100, 100]","[100, 100]","[100, 100]","[100, 100]","[100, 100]","[100, 100]","[0, -375]",ok.png,"[100, 100]","[100, 100]",104,3,1,1,1,0,0,0,0,0,0,0,1.37579059601,1.375790596008301,0,119,119,-67,-67,1,1,0,0,0,0,0,0,0,0.650227248669,0.6502272486686707,0,232,232,182,182,289
00.png,00.png,00.png,00.png,dots1.png,29.png,30.png,31.png,32.png,"[-210, -55]","[240, 95]","[150, 100]","[-60, 95]","[90, 95]","[240, 245]","[-210, 95]","[-60, 245]","[90, 245]","[-210, 245]","[-60, -205]","[90, -205]","[240, -205]","[100, 100]","[-60, -55]","[90, -55]","[240, -55]","[-210, -205]",1,8,"[100, 100]","[100, 100]",both,tray1.png,00.png,33.png,34.png,00.png,00.png,00.png,m,"[100, 100]","[100, 100]","[100, 100]","[100, 100]","[100, 100]","[100, 100]","[100, 100]","[100, 100]","[100, 100]","[100, 100]","[100, 100]","[0, -375]",ok.png,"[100, 100]","[100, 100]",105,3,1,1,1,0,0,0,0,0,0,0,0.888979256153,0.8889792561531067,0,-168,-168,84,84,1,1,0,0,0,0,0,0,0,0.560964941978,0.5609649419784546,0,252,252,-49,-49,161
01.png,tray1.png,00.png,00.png,04.png,dots1.png,00.png,00.png,06.png,"[-227, -63]","[223, 87]","[150, 100]","[-77, 87]","[73, 87]","[223, 237]","[-227, 87]","[-77, 237]","[73, 237]","[-227, 237]","[-77, -213]","[73, -213]","[223, -213]","[100, 100]","[-77, -63]","[73, -63]","[223, -63]","[-227, -213]",1,8,"[100, 100]","[100, 100]",both,00.png,17.png,15.png,00.png,00.png,23.png,00.png,m,"[100, 100]","[100, 100]","[100, 100]","[100, 100]","[100, 100]","[100, 100]","[100, 100]","[100, 100]","[100, 100]","[100, 100]","[100, 100]","[0, -375]",ok.png,"[100, 100]","[100, 100]",106,3,1,1,1,0,0,0,0,0,0,0,1.07521188259,1.075211882591248,0,-35,-35,60,60,1,1,0,0,0,0,0,0,0,0.48259434104,0.4825943410396576,0,-68,-68,209,209,348
00.png,00.png,00.png,00.png,07.png,03.png,dots1.png,25.png,00.png,"[-227, -73]","[223, 77]","[150, 100]","[-77, 77]","[73, 77]","[223, 227]","[-227, 77]","[-77, 227]","[73, 227]","[-227, 227]","[-77, -223]","[73, -223]","[223, -223]","[100, 100]","[-77, -73]","[73, -73]","[223, -73]","[-227, -223]",1,8,"[100, 100]","[100, 100]",both,00.png,06.png,00.png,00.png,14.png,tray1.png,09.png,m,"[100, 100]","[100, 100]","[100, 100]","[100, 100]","[100, 100]","[100, 100]","[100, 100]","[100, 100]","[100, 100]","[100, 100]","[100, 100]","[0, -375]",ok.png,"[100, 100]","[100, 100]",107,3,1,1,1,0,0,0,0,0,0,0,1.07520329952,1.0752032995224,0,53,53,61,61,1,1,0,0,0,0,0,0,0,0.574210762978,0.5742107629776001,0,-52,-52,-211,-211,340
00.png,05.png,33.png,07.png,00.png,00.png,27.png,dots1.png,00.png,"[-228, -69]","[222, 81]","[150, 100]","[-78, 81]","[72, 81]","[222, 231]","[-228, 81]","[-78, 231]","[72, 231]","[-228, 231]","[-78, -219]","[72, -219]","[222, -219]","[100, 100]","[-78, -69]","[72, -69]","[222, -69]","[-228, -219]",1,8,"[100, 100]","[100, 100]",both,31.png,00.png,tray1.png,30.png,00.png,00.png,00.png,m,"[100, 100]","[100, 100]","[100, 100]","[100, 100]","[100, 100]","[100, 100]","[100, 100]","[100, 100]","[100, 100]","[100, 100]","[100, 100]","[0, -375]",ok.png,"[100, 100]","[100, 100]",108,3,1,1,1,0,0,0,0,0,0,0,1.38706541061,1.387065410614014,0,-87,-87,-57,-57,1,1,0,0,0,0,0,0,0,0.404949724674,0.4049497246742249,0,162,162,75,75,194
00.png,00.png,00.png,00.png,00.png,00.png,00.png,00.png,dots1.png,"[-235, -94]","[215, 56]","[150, 100]","[-85, 56]","[65, 56]","[215, 206]","[-235, 56]","[-85, 206]","[65, 206]","[-235, 206]","[-85, -244]","[65, -244]","[215, -244]","[100, 100]","[-85, -94]","[65, -94]","[215, -94]","[-235, -244]",1,8,"[100, 100]","[100, 100]",both,tray1.png,21.png,29.png,23.png,33.png,25.png,31.png,m,"[100, 100]","[100, 100]","[100, 100]","[100, 100]","[100, 100]","[100, 100]","[100, 100]","[100, 100]","[100, 100]","[100, 100]","[100, 100]","[0, -375]",ok.png,"[100, 100]","[100, 100]",109,3,1,1,1,0,0,0,0,0,0,0,1.21701776981,1.217017769813538,0,-218,-218,-38,-38,1,1,0,0,0,0,0,0,0,0.560749411583,0.5607494115829468,0,228,228,-91,-91,220
00.png,00.png,00.png,00.png,14.png,tray1.png,18.png,20.png,22.png,"[-208, -70]","[242, 80]","[150, 100]","[-58, 80]","[92, 80]","[242, 230]","[-208, 80]","[-58, 230]","[92, 230]","[-208, 230]","[-58, -220]","[92, -220]","[242, -220]","[100, 100]","[-58, -70]","[92, -70]","[242, -70]","[-208, -220]",1,8,"[100, 100]","[100, 100]",both,26.png,00.png,dots1.png,24.png,00.png,00.png,00.png,m,"[100, 100]","[100, 100]","[100, 100]","[100, 100]","[100, 100]","[100, 100]","[100, 100]","[100, 100]","[100, 100]","[100, 100]","[100, 100]","[0, -375]",ok.png,"[100, 100]","[100, 100]",110,3,1,1,1,0,0,0,0,0,0,0,2.56926989555,2.569269895553589,0,-68,-68,103,103,1,1,0,0,0,0,0,0,0,0.857227146626,0.8572271466255188,0,-44,-44,-89,-89,278
00.png,00.png,00.png,00.png,13.png,10.png,00.png,00.png,16.png,"[-235, -88]","[215, 62]","[150, 100]","[-85, 62]","[65, 62]","[215, 212]","[-235, 62]","[-85, 212]","[65, 212]","[-235, 212]","[-85, -238]","[65, -238]","[215, -238]","[100, 100]","[-85, -88]","[65, -88]","[215, -88]","[-235, -238]",1,8,"[100, 100]","[100, 100]",both,21.png,tray1.png,19.png,dots1.png,00.png,27.png,00.png,m,"[100, 100]","[100, 100]","[100, 100]","[100, 100]","[100, 100]","[100, 100]","[100, 100]","[100, 100]","[100, 100]","[100, 100]","[100, 100]","[0, -375]",ok.png,"[100, 100]","[100, 100]",111,3,1,1,1,0,0,0,0,0,0,0,2.10421919823,2.104219198226929,0,71,71,-113,-113,1,1,0,0,0,0,0,0,0,1.62274348736,1.622743487358093,0,79,79,-80,-80,68
10.png,15.png,20.png,25.png,00.png,00.png,00.png,00.png,21.png,"[-210, -78]","[240, 72]","[150, 100]","[-60, 72]","[90, 72]","[240, 222]","[-210, 72]","[-60, 222]","[90, 222]","[-210, 222]","[-60, -228]","[90, -228]","[240, -228]","[100, 100]","[-60, -78]","[90, -78]","[240, -78]","[-210, -228]",1,8,"[100, 100]","[100, 100]",both,dots1.png,00.png,16.png,tray1.png,00.png,00.png,00.png,m,"[100, 100]","[100, 100]","[100, 100]","[100, 100]","[100, 100]","[100, 100]","[100, 100]","[100, 100]","[100, 100]","[100, 100]","[100, 100]","[0, -375]",ok.png,"[100, 100]","[100, 100]",112,3,1,1,1,0,0,0,0,0,0,0,1.79148113728,1.791481137275696,0,234,234,-83,-83,1,1,0,0,0,0,0,0,0,0.326843231916,0.3268432319164276,0,101,101,-83,-83,201
00.png,00.png,00.png,00.png,00.png,00.png,00.png,00.png,tray1.png,"[-200, -65]","[250, 85]","[150, 100]","[-50, 85]","[100, 85]","[250, 235]","[-200, 85]","[-50, 235]","[100, 235]","[-200, 235]","[-50, -215]","[100, -215]","[250, -215]","[100, 100]","[-50, -65]","[100, -65]","[250, -65]","[-200, -215]",1,8,"[100, 100]","[100, 100]",both,08.png,dots1.png,01.png,07.png,04.png,05.png,02.png,m,"[100, 100]","[100, 100]","[100, 100]","[100, 100]","[100, 100]","[100, 100]","[100, 100]","[100, 100]","[100, 100]","[100, 100]","[100, 100]","[0, -375]",ok.png,"[100, 100]","[100, 100]",113,3,1,1,1,0,0,0,0,0,0,0,0.834627449512,0.8346274495124817,0,-195,-195,-63,-63,1,1,0,0,0,0,0,0,0,0.610808312893,0.6108083128929138,0,-187,-187,-44,-44,86
29.png,00.png,00.png,16.png,00.png,00.png,33.png,tray1.png,13.png,"[-214, -99]","[236, 51]","[150, 100]","[-64, 51]","[86, 51]","[236, 201]","[-214, 51]","[-64, 201]","[86, 201]","[-214, 201]","[-64, -249]","[86, -249]","[236, -249]","[100, 100]","[-64, -99]","[86, -99]","[236, -99]","[-214, -249]",1,8,"[100, 100]","[100, 100]",both,00.png,23.png,00.png,00.png,00.png,dots1.png,12.png,m,"[100, 100]","[100, 100]","[100, 100]","[100, 100]","[100, 100]","[100, 100]","[100, 100]","[100, 100]","[100, 100]","[100, 100]","[100, 100]","[0, -375]",ok.png,"[100, 100]","[100, 100]",114,3,1,1,1,0,0,0,0,0,0,0,0.954664409161,0.954664409160614,0,256,256,199,199,1,1,0,0,0,0,0,0,0,0.391129821539,0.3911298215389252,0,236,236,10,10,38
00.png,00.png,00.png,00.png,00.png,00.png,00.png,33.png,27.png,"[-250, -97]","[200, 53]","[150, 100]","[-100, 53]","[50, 53]","[200, 203]","[-250, 53]","[-100, 203]","[50, 203]","[-250, 203]","[-100, -247]","[50, -247]","[200, -247]","[100, 100]","[-100, -97]","[50, -97]","[200, -97]","[-250, -247]",1,8,"[100, 100]","[100, 100]",both,tray1.png,07.png,23.png,17.png,00.png,03.png,dots1.png,m,"[100, 100]","[100, 100]","[100, 100]","[100, 100]","[100, 100]","[100, 100]","[100, 100]","[100, 100]","[100, 100]","[100, 100]","[100, 100]","[0, -375]",ok.png,"[100, 100]","[100, 100]",115,3,1,1,1,0,0,0,0,0,0,0,2.07498526573,2.074985265731812,0,190,190,-107,-107,1,1,0,0,0,0,0,0,0,0.541402935982,0.5414029359817505,0,69,69,-243,-243,167
04.png,20.png,30.png,tray1.png,00.png,00.png,00.png,00.png,00.png,"[-200, -89]","[250, 61]","[150, 100]","[-50, 61]","[100, 61]","[250, 211]","[-200, 61]","[-50, 211]","[100, 211]","[-200, 211]","[-50, -239]","[100, -239]","[250, -239]","[100, 100]","[-50, -89]","[100, -89]","[250, -89]","[-200, -239]",1,8,"[100, 100]","[100, 100]",both,00.png,14.png,00.png,00.png,dots1.png,07.png,17.png,m,"[100, 100]","[100, 100]","[100, 100]","[100, 100]","[100, 100]","[100, 100]","[100, 100]","[100, 100]","[100, 100]","[100, 100]","[100, 100]","[0, -375]",ok.png,"[100, 100]","[100, 100]",116,3,1,1,1,0,0,0,0,0,0,0,1.11848068237,1.118480682373047,0,218,218,188,188,1,1,0,0,0,0,0,0,0,0.43934944272,0.4393494427204132,0,238,238,-217,-217,425
00.png,19.png,29.png,00.png,00.png,tray1.png,32.png,00.png,00.png,"[-207, -67]","[243, 83]","[150, 100]","[-57, 83]","[93, 83]","[243, 233]","[-207, 83]","[-57, 233]","[93, 233]","[-207, 233]","[-57, -217]","[93, -217]","[243, -217]","[100, 100]","[-57, -67]","[93, -67]","[243, -67]","[-207, -217]",1,8,"[100, 100]","[100, 100]",both,00.png,00.png,22.png,16.png,00.png,04.png,dots1.png,m,"[100, 100]","[100, 100]","[100, 100]","[100, 100]","[100, 100]","[100, 100]","[100, 100]","[100, 100]","[100, 100]","[100, 100]","[100, 100]","[0, -375]",ok.png,"[100, 100]","[100, 100]",117,3,1,1,1,0,0,0,0,0,0,0,1.37360036373,1.373600363731384,0,58,58,-202,-202,1,1,0,0,0,0,0,0,0,0.399365633726,0.39936563372612,0,-80,-80,94,94,142
00.png,00.png,00.png,05.png,21.png,00.png,00.png,00.png,00.png,"[-233, -72]","[217, 78]","[150, 100]","[-83, 78]","[67, 78]","[217, 228]","[-233, 78]","[-83, 228]","[67, 228]","[-233, 228]","[-83, -222]","[67, -222]","[217, -222]","[100, 100]","[-83, -72]","[67, -72]","[217, -72]","[-233, -222]",1,8,"[100, 100]","[100, 100]",both,25.png,03.png,tray1.png,28.png,00.png,dots1.png,08.png,m,"[100, 100]","[100, 100]","[100, 100]","[100, 100]","[100, 100]","[100, 100]","[100, 100]","[100, 100]","[100, 100]","[100, 100]","[100, 100]","[0, -375]",ok.png,"[100, 100]","[100, 100]",118,3,1,1,1,0,0,0,0,0,0,0,1.01377403736,1.013774037361145,0,-78,-78,-45,-45,1,1,0,0,0,0,0,0,0,0.159492537379,0.1594925373792648,0,-77,-77,-45,-45,176
06.png,00.png,15.png,17.png,00.png,00.png,16.png,00.png,00.png,"[-221, -56]","[229, 94]","[150, 100]","[-71, 94]","[79, 94]","[229, 244]","[-221, 94]","[-71, 244]","[79, 244]","[-221, 244]","[-71, -206]","[79, -206]","[229, -206]","[100, 100]","[-71, -56]","[79, -56]","[229, -56]","[-221, -206]",1,8,"[100, 100]","[100, 100]",both,23.png,dots1.png,tray1.png,00.png,00.png,00.png,07.png,m,"[100, 100]","[100, 100]","[100, 100]","[100, 100]","[100, 100]","[100, 100]","[100, 100]","[100, 100]","[100, 100]","[100, 100]","[100, 100]","[0, -375]",ok.png,"[100, 100]","[100, 100]",119,3,1,1,1,0,0,0,0,0,0,0,1.22758996487,1.227589964866638,0,-218,-218,-204,-204,1,1,0,0,0,0,0,0,0,0.560816466808,0.5608164668083191,0,-31,-31,-86,-86,146
00.png,11.png,00.png,00.png,12.png,00.png,00.png,tray1.png,00.png,"[-226, -74]","[224, 76]","[150, 100]","[-76, 76]","[74, 76]","[224, 226]","[-226, 76]","[-76, 226]","[74, 226]","[-226, 226]","[-76, -224]","[74, -224]","[224, -224]","[100, 100]","[-76, -74]","[74, -74]","[224, -74]","[-226, -224]",1,8,"[100, 100]","[100, 100]",both,dots1.png,31.png,30.png,08.png,00.png,00.png,32.png,m,"[100, 100]","[100, 100]","[100, 100]","[100, 100]","[100, 100]","[100, 100]","[100, 100]","[100, 100]","[100, 100]","[100, 100]","[100, 100]","[0, -375]",ok.png,"[100, 100]","[100, 100]",120,3,1,1,1,0,0,0,0,0,0,0,1.41983425617,1.41983425617218,0,254,254,70,70,1,1,0,0,0,0,0,0,0,0.465859591961,0.465859591960907,0,190,190,-95,-95,46
00.png,00.png,00.png,00.png,00.png,00.png,24.png,27.png,07.png,"[-226, -89]","[224, 61]","[150, 100]","[-76, 61]","[74, 61]","[224, 211]","[-226, 61]","[-76, 211]","[74, 211]","[-226, 211]","[-76, -239]","[74, -239]","[224, -239]","[100, 100]","[-76, -89]","[74, -89]","[224, -89]","[-226, -239]",1,8,"[100, 100]","[100, 100]",both,10.png,13.png,09.png,dots1.png,00.png,16.png,00.png,m,"[100, 100]","[100, 100]","[100, 100]","[100, 100]","[100, 100]","[100, 100]","[100, 100]","[100, 100]","[100, 100]","[100, 100]","[100, 100]","[0, -375]",ok.png,"[100, 100]","[100, 100]",121,3,1,1,1,0,0,0,0,0,0,0,1.62445509434,1.624455094337463,0,99,99,-96,-96,1,1,0,0,0,0,0,0,0,0.142876148224,0.142876148223877,0,95,95,-93,-93,215
00.png,00.png,25.png,00.png,tray1.png,00.png,05.png,00.png,01.png,"[-206, -94]","[244, 56]","[150, 100]","[-56, 56]","[94, 56]","[244, 206]","[-206, 56]","[-56, 206]","[94, 206]","[-206, 206]","[-56, -244]","[94, -244]","[244, -244]","[100, 100]","[-56, -94]","[94, -94]","[244, -94]","[-206, -244]",1,8,"[100, 100]","[100, 100]",both,10.png,00.png,dots1.png,00.png,30.png,20.png,00.png,m,"[100, 100]","[100, 100]","[100, 100]","[100, 100]","[100, 100]","[100, 100]","[100, 100]","[100, 100]","[100, 100]","[100, 100]","[100, 100]","[0, -375]",ok.png,"[100, 100]","[100, 100]",122,3,1,1,1,0,0,0,0,0,0,0,0.876493632793,0.8764936327934265,0,-27,-27,-108,-108,1,1,0,0,0,0,0,0,0,0.469489812851,0.4694898128509521,0,-182,-182,23,23,159
00.png,00.png,00.png,18.png,00.png,14.png,00.png,09.png,dots1.png,"[-219, -79]","[231, 71]","[150, 100]","[-69, 71]","[81, 71]","[231, 221]","[-219, 71]","[-69, 221]","[81, 221]","[-219, 221]","[-69, -229]","[81, -229]","[231, -229]","[100, 100]","[-69, -79]","[81, -79]","[231, -79]","[-219, -229]",1,8,"[100, 100]","[100, 100]",both,00.png,26.png,02.png,04.png,00.png,tray1.png,00.png,m,"[100, 100]","[100, 100]","[100, 100]","[100, 100]","[100, 100]","[100, 100]","[100, 100]","[100, 100]","[100, 100]","[100, 100]","[100, 100]","[0, -375]",ok.png,"[100, 100]","[100, 100]",123,3,1,1,1,0,0,0,0,0,0,0,1.26537632942,1.265376329421997,0,-232,-232,-65,-65,1,1,0,0,0,0,0,0,0,0.323644757271,0.323644757270813,0,-229,-229,-65,-65,218
00.png,tray1.png,00.png,00.png,11.png,07.png,00.png,dots1.png,18.png,"[-237, -75]","[213, 75]","[150, 100]","[-87, 75]","[63, 75]","[213, 225]","[-237, 75]","[-87, 225]","[63, 225]","[-237, 225]","[-87, -225]","[63, -225]","[213, -225]","[100, 100]","[-87, -75]","[63, -75]","[213, -75]","[-237, -225]",1,8,"[100, 100]","[100, 100]",both,30.png,09.png,00.png,00.png,19.png,00.png,00.png,m,"[100, 100]","[100, 100]","[100, 100]","[100, 100]","[100, 100]","[100, 100]","[100, 100]","[100, 100]","[100, 100]","[100, 100]","[100, 100]","[0, -375]",ok.png,"[100, 100]","[100, 100]",124,3,1,1,1,0,0,0,0,0,0,0,1.07049882412,1.070498824119568,0,251,251,61,61,1,1,0,0,0,0,0,0,0,0.405247688293,0.405247688293457,0,-74,-74,208,208,207
tray1.png,00.png,13.png,00.png,23.png,00.png,dots1.png,00.png,33.png,"[-225, -59]","[225, 91]","[150, 100]","[-75, 91]","[75, 91]","[225, 241]","[-225, 91]","[-75, 241]","[75, 241]","[-225, 241]","[-75, -209]","[75, -209]","[225, -209]","[100, 100]","[-75, -59]","[75, -59]","[225, -59]","[-225, -209]",1,8,"[100, 100]","[100, 100]",both,00.png,19.png,00.png,14.png,00.png,00.png,29.png,m,"[100, 100]","[100, 100]","[100, 100]","[100, 100]","[100, 100]","[100, 100]","[100, 100]","[100, 100]","[100, 100]","[100, 100]","[100, 100]","[0, -375]",ok.png,"[100, 100]","[100, 100]",125,3,1,1,1,0,0,0,0,0,0,0,0.975987017155,0.9759870171546936,0,-212,-212,223,223,1,1,0,0,0,0,0,0,0,0.720066428185,0.7200664281845093,0,64,64,96,96,93
00.png,00.png,00.png,00.png,00.png,00.png,00.png,00.png,07.png,"[-200, -98]","[250, 52]","[150, 100]","[-50, 52]","[100, 52]","[250, 202]","[-200, 52]","[-50, 202]","[100, 202]","[-200, 202]","[-50, -248]","[100, -248]","[250, -248]","[100, 100]","[-50, -98]","[100, -98]","[250, -98]","[-200, -248]",1,8,"[100, 100]","[100, 100]",both,04.png,03.png,06.png,tray2.png,dots2.png,02.png,01.png,m,"[100, 100]","[100, 100]","[100, 100]","[100, 100]","[100, 100]","[100, 100]","[100, 100]","[100, 100]","[100, 100]","[100, 100]","[100, 100]","[0, -375]",ok.png,"[100, 100]","[100, 100]",126,3,1,1,1,0,0,0,0,0,0,0,1.36826050282,1.368260502815247,0,67,67,-95,-95,1,1,0,0,0,0,0,0,0,0.343427091837,0.3434270918369293,0,174,174,-229,-229,398
00.png,00.png,00.png,00.png,00.png,00.png,14.png,00.png,13.png,"[-245, -60]","[205, 90]","[150, 100]","[-95, 90]","[55, 90]","[205, 240]","[-245, 90]","[-95, 240]","[55, 240]","[-245, 240]","[-95, -210]","[55, -210]","[205, -210]","[100, 100]","[-95, -60]","[55, -60]","[205, -60]","[-245, -210]",1,8,"[100, 100]","[100, 100]",both,10.png,00.png,tray2.png,11.png,08.png,09.png,dots2.png,m,"[100, 100]","[100, 100]","[100, 100]","[100, 100]","[100, 100]","[100, 100]","[100, 100]","[100, 100]","[100, 100]","[100, 100]","[100, 100]","[0, -375]",ok.png,"[100, 100]","[100, 100]",127,3,1,1,1,0,0,0,0,0,0,0,0.854669511318,0.8546695113182068,0,-81,-81,-83,-83,1,1,0,0,0,0,0,0,0,0.326854497194,0.3268544971942902,0,-4,-4,-188,-188,316
00.png,00.png,00.png,00.png,00.png,00.png,21.png,tray2.png,19.png,"[-202, -75]","[248, 75]","[150, 100]","[-52, 75]","[98, 75]","[248, 225]","[-202, 75]","[-52, 225]","[98, 225]","[-202, 225]","[-52, -225]","[98, -225]","[248, -225]","[100, 100]","[-52, -75]","[98, -75]","[248, -75]","[-202, -225]",1,8,"[100, 100]","[100, 100]",both,16.png,15.png,18.png,17.png,00.png,dots2.png,00.png,m,"[100, 100]","[100, 100]","[100, 100]","[100, 100]","[100, 100]","[100, 100]","[100, 100]","[100, 100]","[100, 100]","[100, 100]","[100, 100]","[0, -375]",ok.png,"[100, 100]","[100, 100]",128,3,1,1,1,0,0,0,0,0,0,0,2.0763669014,2.076366901397705,0,291,291,55,55,1,1,0,0,0,0,0,0,0,0.576876938343,0.5768769383430481,0,-47,-47,-207,-207,128
00.png,00.png,00.png,00.png,00.png,00.png,31.png,27.png,26.png,"[-211, -80]","[239, 70]","[150, 100]","[-61, 70]","[89, 70]","[239, 220]","[-211, 70]","[-61, 220]","[89, 220]","[-211, 220]","[-61, -230]","[89, -230]","[239, -230]","[100, 100]","[-61, -80]","[89, -80]","[239, -80]","[-211, -230]",1,8,"[100, 100]","[100, 100]",both,00.png,dots2.png,28.png,00.png,tray2.png,24.png,23.png,m,"[100, 100]","[100, 100]","[100, 100]","[100, 100]","[100, 100]","[100, 100]","[100, 100]","[100, 100]","[100, 100]","[100, 100]","[100, 100]","[0, -375]",ok.png,"[100, 100]","[100, 100]",129,3,1,1,1,0,0,0,0,0,0,0,2.46472239494,2.464722394943237,0,214,214,-245,-245,1,1,0,0,0,0,0,0,0,0.151013463736,0.1510134637355804,0,215,215,-245,-245,116
00.png,00.png,00.png,00.png,01.png,34.png,33.png,32.png,tray2.png,"[-216, -90]","[234, 60]","[150, 100]","[-66, 60]","[84, 60]","[234, 210]","[-216, 60]","[-66, 210]","[84, 210]","[-216, 210]","[-66, -240]","[84, -240]","[234, -240]","[100, 100]","[-66, -90]","[84, -90]","[234, -90]","[-216, -240]",1,8,"[100, 100]","[100, 100]",both,dots2.png,00.png,30.png,29.png,00.png,00.png,00.png,m,"[100, 100]","[100, 100]","[100, 100]","[100, 100]","[100, 100]","[100, 100]","[100, 100]","[100, 100]","[100, 100]","[100, 100]","[100, 100]","[0, -375]",ok.png,"[100, 100]","[100, 100]",130,3,1,1,1,0,0,0,0,0,0,0,1.27953195572,1.279531955718994,0,-264,-264,-62,-62,1,1,0,0,0,0,0,0,0,0.59177929163,0.5917792916297913,0,287,287,-139,-139,154
00.png,00.png,23.png,17.png,00.png,00.png,15.png,06.png,00.png,"[-250, -96]","[200, 54]","[150, 100]","[-100, 54]","[50, 54]","[200, 204]","[-250, 54]","[-100, 204]","[50, 204]","[-250, 204]","[-100, -246]","[50, -246]","[200, -246]","[100, 100]","[-100, -96]","[50, -96]","[200, -96]","[-250, -246]",1,8,"[100, 100]","[100, 100]",both,04.png,00.png,00.png,dots2.png,01.png,00.png,tray2.png,m,"[100, 100]","[100, 100]","[100, 100]","[100, 100]","[100, 100]","[100, 100]","[100, 100]","[100, 100]","[100, 100]","[100, 100]","[100, 100]","[0, -375]",ok.png,"[100, 100]","[100, 100]",131,3,1,1,1,0,0,0,0,0,0,0,1.66907560825,1.669075608253479,0,62,62,-247,-247,1,1,0,0,0,0,0,0,0,0.734846353531,0.7348463535308838,0,63,63,-116,-116,66
14.png,09.png,22.png,tray2.png,00.png,00.png,00.png,00.png,25.png,"[-231, -54]","[219, 96]","[150, 100]","[-81, 96]","[69, 96]","[219, 246]","[-231, 96]","[-81, 246]","[69, 246]","[-231, 246]","[-81, -204]","[69, -204]","[219, -204]","[100, 100]","[-81, -54]","[69, -54]","[219, -54]","[-231, -204]",1,8,"[100, 100]","[100, 100]",both,07.png,00.png,dots2.png,03.png,00.png,00.png,00.png,m,"[100, 100]","[100, 100]","[100, 100]","[100, 100]","[100, 100]","[100, 100]","[100, 100]","[100, 100]","[100, 100]","[100, 100]","[100, 100]","[0, -375]",ok.png,"[100, 100]","[100, 100]",132,3,1,1,1,0,0,0,0,0,0,0,0.782553851604,0.7825538516044617,0,-108,-108,-37,-37,1,1,0,0,0,0,0,0,0,0.16557405889,0.1655740588903427,0,-108,-108,-37,-37,148
00.png,00.png,00.png,00.png,31.png,30.png,17.png,00.png,dots2.png,"[-241, -92]","[209, 58]","[150, 100]","[-91, 58]","[59, 58]","[209, 208]","[-241, 58]","[-91, 208]","[59, 208]","[-241, 208]","[-91, -242]","[59, -242]","[209, -242]","[100, 100]","[-91, -92]","[59, -92]","[209, -92]","[-241, -242]",1,8,"[100, 100]","[100, 100]",both,00.png,07.png,tray2.png,00.png,00.png,33.png,05.png,m,"[100, 100]","[100, 100]","[100, 100]","[100, 100]","[100, 100]","[100, 100]","[100, 100]","[100, 100]","[100, 100]","[100, 100]","[100, 100]","[0, -375]",ok.png,"[100, 100]","[100, 100]",133,3,1,1,1,0,0,0,0,0,0,0,1.3081111908,1.308111190795898,0,-73,-73,-91,-91,1,1,0,0,0,0,0,0,0,0.441462725401,0.4414627254009247,0,-195,-195,-93,-93,160
33.png,31.png,tray2.png,21.png,27.png,23.png,29.png,dots2.png,00.png,"[-211, -100]","[239, 50]","[150, 100]","[-61, 50]","[89, 50]","[239, 200]","[-211, 50]","[-61, 200]","[89, 200]","[-211, 200]","[-61, -250]","[89, -250]","[239, -250]","[100, 100]","[-61, -100]","[89, -100]","[239, -100]","[-211, -250]",1,8,"[100, 100]","[100, 100]",both,00.png,00.png,00.png,00.png,00.png,00.png,00.png,m,"[100, 100]","[100, 100]","[100, 100]","[100, 100]","[100, 100]","[100, 100]","[100, 100]","[100, 100]","[100, 100]","[100, 100]","[100, 100]","[0, -375]",ok.png,"[100, 100]","[100, 100]",134,3,1,1,1,0,0,0,0,0,0,0,1.00129461288,1.001294612884521,0,85,85,194,194,1,1,0,0,0,0,0,0,0,0.148758888245,0.1487588882446289,0,85,85,194,194,44
00.png,00.png,00.png,00.png,26.png,24.png,dots2.png,22.png,20.png,"[-218, -74]","[232, 76]","[150, 100]","[-68, 76]","[82, 76]","[232, 226]","[-218, 76]","[-68, 226]","[82, 226]","[-218, 226]","[-68, -224]","[82, -224]","[232, -224]","[100, 100]","[-68, -74]","[82, -74]","[232, -74]","[-218, -224]",1,8,"[100, 100]","[100, 100]",both,tray2.png,00.png,18.png,16.png,00.png,00.png,00.png,m,"[100, 100]","[100, 100]","[100, 100]","[100, 100]","[100, 100]","[100, 100]","[100, 100]","[100, 100]","[100, 100]","[100, 100]","[100, 100]","[0, -375]",ok.png,"[100, 100]","[100, 100]",135,3,1,1,1,0,0,0,0,0,0,0,1.06020653248,1.060206532478333,0,105,105,73,73,1,1,0,0,0,0,0,0,0,0.665946602821,0.6659466028213501,0,236,236,-107,-107,14
00.png,00.png,27.png,24.png,21.png,dots2.png,19.png,16.png,00.png,"[-248, -87]","[202, 63]","[150, 100]","[-98, 63]","[52, 63]","[202, 213]","[-248, 63]","[-98, 213]","[52, 213]","[-248, 213]","[-98, -237]","[52, -237]","[202, -237]","[100, 100]","[-98, -87]","[52, -87]","[202, -87]","[-248, -237]",1,8,"[100, 100]","[100, 100]",both,13.png,00.png,00.png,tray2.png,00.png,00.png,00.png,m,"[100, 100]","[100, 100]","[100, 100]","[100, 100]","[100, 100]","[100, 100]","[100, 100]","[100, 100]","[100, 100]","[100, 100]","[100, 100]","[0, -375]",ok.png,"[100, 100]","[100, 100]",136,3,1,1,1,0,0,0,0,0,0,0,1.73007655144,1.730076551437378,0,93,93,-57,-57,1,1,0,0,0,0,0,0,0,0.499136149883,0.4991361498832703,0,-82,-82,77,77,275
00.png,00.png,00.png,00.png,dots2.png,11.png,16.png,21.png,00.png,"[-226, -50]","[224, 100]","[150, 100]","[-76, 100]","[74, 100]","[224, 250]","[-226, 100]","[-76, 250]","[74, 250]","[-226, 250]","[-76, -200]","[74, -200]","[224, -200]","[100, 100]","[-76, -50]","[74, -50]","[224, -50]","[-226, -200]",1,8,"[100, 100]","[100, 100]",both,00.png,tray2.png,00.png,00.png,10.png,20.png,15.png,m,"[100, 100]","[100, 100]","[100, 100]","[100, 100]","[100, 100]","[100, 100]","[100, 100]","[100, 100]","[100, 100]","[100, 100]","[100, 100]","[0, -375]",ok.png,"[100, 100]","[100, 100]",137,3,1,1,1,0,0,0,0,0,0,0,1.15097105503,1.150971055030823,0,-194,-194,108,108,1,1,0,0,0,0,0,0,0,1.1185990572,1.118599057197571,0,-208,-208,-143,-143,29
tray2.png,02.png,05.png,dots2.png,08.png,07.png,01.png,03.png,00.png,"[-203, -53]","[247, 97]","[150, 100]","[-53, 97]","[97, 97]","[247, 247]","[-203, 97]","[-53, 247]","[97, 247]","[-203, 247]","[-53, -203]","[97, -203]","[247, -203]","[100, 100]","[-53, -53]","[97, -53]","[247, -53]","[-203, -203]",1,8,"[100, 100]","[100, 100]",both,00.png,00.png,00.png,00.png,00.png,00.png,00.png,m,"[100, 100]","[100, 100]","[100, 100]","[100, 100]","[100, 100]","[100, 100]","[100, 100]","[100, 100]","[100, 100]","[100, 100]","[100, 100]","[0, -375]",ok.png,"[100, 100]","[100, 100]",138,3,1,1,1,0,0,0,0,0,0,0,0.757787823677,0.757787823677063,0,-212,-212,259,259,1,1,0,0,0,0,0,0,0,1.46897351742,1.468973517417908,0,247,247,278,278,36
00.png,12.png,dots2.png,23.png,00.png,00.png,00.png,tray2.png,08.png,"[-232, -96]","[218, 54]","[150, 100]","[-82, 54]","[68, 54]","[218, 204]","[-232, 54]","[-82, 204]","[68, 204]","[-232, 204]","[-82, -246]","[68, -246]","[218, -246]","[100, 100]","[-82, -96]","[68, -96]","[218, -96]","[-232, -246]",1,8,"[100, 100]","[100, 100]",both,00.png,16.png,33.png,00.png,29.png,00.png,00.png,m,"[100, 100]","[100, 100]","[100, 100]","[100, 100]","[100, 100]","[100, 100]","[100, 100]","[100, 100]","[100, 100]","[100, 100]","[100, 100]","[0, -375]",ok.png,"[100, 100]","[100, 100]",139,3,1,1,1,0,0,0,0,0,0,0,1.93112587929,1.93112587928772,0,241,241,68,68,1,1,0,0,0,0,0,0,0,0.158259540796,0.1582595407962799,0,238,238,66,66,256
00.png,dots2.png,03.png,07.png,13.png,17.png,tray2.png,27.png,33.png,"[-244, -60]","[206, 90]","[150, 100]","[-94, 90]","[56, 90]","[206, 240]","[-244, 90]","[-94, 240]","[56, 240]","[-244, 240]","[-94, -210]","[56, -210]","[206, -210]","[100, 100]","[-94, -60]","[56, -60]","[206, -60]","[-244, -210]",1,8,"[100, 100]","[100, 100]",both,00.png,00.png,00.png,00.png,00.png,00.png,00.png,m,"[100, 100]","[100, 100]","[100, 100]","[100, 100]","[100, 100]","[100, 100]","[100, 100]","[100, 100]","[100, 100]","[100, 100]","[100, 100]","[0, -375]",ok.png,"[100, 100]","[100, 100]",140,3,1,1,1,0,0,0,0,0,0,0,0.907783150673,0.9077831506729126,0,64,64,74,74,1,1,0,0,0,0,0,0,0,0.385118424892,0.3851184248924255,0,-67,-67,204,204,341
dots2.png,17.png,07.png,14.png,00.png,00.png,00.png,00.png,00.png,"[-231, -89]","[219, 61]","[150, 100]","[-81, 61]","[69, 61]","[219, 211]","[-231, 61]","[-81, 211]","[69, 211]","[-231, 211]","[-81, -239]","[69, -239]","[219, -239]","[100, 100]","[-81, -89]","[69, -89]","[219, -89]","[-231, -239]",1,8,"[100, 100]","[100, 100]",both,00.png,02.png,00.png,00.png,04.png,tray2.png,20.png,m,"[100, 100]","[100, 100]","[100, 100]","[100, 100]","[100, 100]","[100, 100]","[100, 100]","[100, 100]","[100, 100]","[100, 100]","[100, 100]","[0, -375]",ok.png,"[100, 100]","[100, 100]",141,3,1,1,1,0,0,0,0,0,0,0,1.30402493477,1.304024934768677,0,-89,-89,-224,-224,1,1,0,0,0,0,0,0,0,0.408708930016,0.408708930015564,0,-221,-221,201,201,126
00.png,dots2.png,04.png,00.png,00.png,16.png,22.png,00.png,00.png,"[-218, -89]","[232, 61]","[150, 100]","[-68, 61]","[82, 61]","[232, 211]","[-218, 61]","[-68, 211]","[82, 211]","[-218, 211]","[-68, -239]","[82, -239]","[232, -239]","[100, 100]","[-68, -89]","[82, -89]","[232, -89]","[-218, -239]",1,8,"[100, 100]","[100, 100]",both,00.png,00.png,32.png,tray2.png,00.png,29.png,19.png,m,"[100, 100]","[100, 100]","[100, 100]","[100, 100]","[100, 100]","[100, 100]","[100, 100]","[100, 100]","[100, 100]","[100, 100]","[100, 100]","[0, -375]",ok.png,"[100, 100]","[100, 100]",142,3,1,1,1,0,0,0,0,0,0,0,1.51017463207,1.510174632072449,0,68,68,-101,-101,1,1,0,0,0,0,0,0,0,0.158147677779,0.1581476777791977,0,68,68,-101,-101,124
00.png,08.png,dots2.png,03.png,25.png,tray2.png,27.png,00.png,00.png,"[-205, -100]","[245, 50]","[150, 100]","[-55, 50]","[95, 50]","[245, 200]","[-205, 50]","[-55, 200]","[95, 200]","[-205, 200]","[-55, -250]","[95, -250]","[245, -250]","[100, 100]","[-55, -100]","[95, -100]","[245, -100]","[-205, -250]",1,8,"[100, 100]","[100, 100]",both,21.png,05.png,00.png,00.png,00.png,00.png,00.png,m,"[100, 100]","[100, 100]","[100, 100]","[100, 100]","[100, 100]","[100, 100]","[100, 100]","[100, 100]","[100, 100]","[100, 100]","[100, 100]","[0, -375]",ok.png,"[100, 100]","[100, 100]",143,3,1,1,1,0,0,0,0,0,0,0,0.904861807823,0.9048618078231812,0,-37,-37,60,60,1,1,0,0,0,0,0,0,0,0.408837884665,0.4088378846645355,0,76,76,192,192,285
00.png,07.png,00.png,dots2.png,23.png,00.png,09.png,00.png,00.png,"[-215, -65]","[235, 85]","[150, 100]","[-65, 85]","[85, 85]","[235, 235]","[-215, 85]","[-65, 235]","[85, 235]","[-215, 235]","[-65, -215]","[85, -215]","[235, -215]","[100, 100]","[-65, -65]","[85, -65]","[235, -65]","[-215, -215]",1,8,"[100, 100]","[100, 100]",both,00.png,tray2.png,16.png,00.png,06.png,15.png,00.png,m,"[100, 100]","[100, 100]","[100, 100]","[100, 100]","[100, 100]","[100, 100]","[100, 100]","[100, 100]","[100, 100]","[100, 100]","[100, 100]","[0, -375]",ok.png,"[100, 100]","[100, 100]",144,3,1,1,1,0,0,0,0,0,0,0,1.37332320213,1.373323202133179,0,220,220,233,233,1,1,0,0,0,0,0,0,0,1.04445052147,1.044450521469116,0,-210,-210,-216,-216,423
00.png,tray2.png,00.png,31.png,dots2.png,08.png,30.png,00.png,34.png,"[-217, -83]","[233, 67]","[150, 100]","[-67, 67]","[83, 67]","[233, 217]","[-217, 67]","[-67, 217]","[83, 217]","[-217, 217]","[-67, -233]","[83, -233]","[233, -233]","[100, 100]","[-67, -83]","[83, -83]","[233, -83]","[-217, -233]",1,8,"[100, 100]","[100, 100]",both,12.png,00.png,00.png,00.png,00.png,00.png,11.png,m,"[100, 100]","[100, 100]","[100, 100]","[100, 100]","[100, 100]","[100, 100]","[100, 100]","[100, 100]","[100, 100]","[100, 100]","[100, 100]","[0, -375]",ok.png,"[100, 100]","[100, 100]",145,3,1,1,1,0,0,0,0,0,0,0,0.794356942177,0.7943569421768188,0,-80,-80,203,203,1,1,0,0,0,0,0,0,0,0.769052803516,0.7690528035163879,0,-197,-197,68,68,2
00.png,00.png,16.png,tray2.png,10.png,dots2.png,09.png,07.png,27.png,"[-215, -71]","[235, 79]","[150, 100]","[-65, 79]","[85, 79]","[235, 229]","[-215, 79]","[-65, 229]","[85, 229]","[-215, 229]","[-65, -221]","[85, -221]","[235, -221]","[100, 100]","[-65, -71]","[85, -71]","[235, -71]","[-215, -221]",1,8,"[100, 100]","[100, 100]",both,00.png,00.png,24.png,00.png,00.png,00.png,00.png,m,"[100, 100]","[100, 100]","[100, 100]","[100, 100]","[100, 100]","[100, 100]","[100, 100]","[100, 100]","[100, 100]","[100, 100]","[100, 100]","[0, -375]",ok.png,"[100, 100]","[100, 100]",146,3,1,1,1,0,0,0,0,0,0,0,1.71599698067,1.715996980667114,0,-67,-67,83,83,1,1,0,0,0,0,0,0,0,0.154217749834,0.1542177498340607,0,-67,-67,83,83,90
30.png,00.png,20.png,00.png,10.png,00.png,dots2.png,01.png,00.png,"[-205, -60]","[245, 90]","[150, 100]","[-55, 90]","[95, 90]","[245, 240]","[-205, 90]","[-55, 240]","[95, 240]","[-205, 240]","[-55, -210]","[95, -210]","[245, -210]","[100, 100]","[-55, -60]","[95, -60]","[245, -60]","[-205, -210]",1,8,"[100, 100]","[100, 100]",both,33.png,00.png,tray2.png,00.png,00.png,25.png,00.png,m,"[100, 100]","[100, 100]","[100, 100]","[100, 100]","[100, 100]","[100, 100]","[100, 100]","[100, 100]","[100, 100]","[100, 100]","[100, 100]","[0, -375]",ok.png,"[100, 100]","[100, 100]",147,3,1,1,1,0,0,0,0,0,0,0,1.32901299,1.329012989997864,0,-88,-88,-83,-83,1,1,0,0,0,0,0,0,0,0.44952237606,0.4495223760604858,0,136,136,72,72,283
00.png,00.png,24.png,26.png,00.png,04.png,02.png,dots2.png,09.png,"[-229, -80]","[221, 70]","[150, 100]","[-79, 70]","[71, 70]","[221, 220]","[-229, 70]","[-79, 220]","[71, 220]","[-229, 220]","[-79, -230]","[71, -230]","[221, -230]","[100, 100]","[-79, -80]","[71, -80]","[221, -80]","[-229, -230]",1,8,"[100, 100]","[100, 100]",both,00.png,18.png,00.png,tray2.png,00.png,00.png,00.png,m,"[100, 100]","[100, 100]","[100, 100]","[100, 100]","[100, 100]","[100, 100]","[100, 100]","[100, 100]","[100, 100]","[100, 100]","[100, 100]","[0, -375]",ok.png,"[100, 100]","[100, 100]",148,3,1,1,1,0,0,0,0,0,0,0,1.05954551697,1.059545516967773,0,77,77,-84,-84,1,1,0,0,0,0,0,0,0,0.544101536274,0.5441015362739563,0,205,205,51,51,31
tray2.png,00.png,00.png,09.png,30.png,00.png,00.png,18.png,dots2.png,"[-250, -89]","[200, 61]","[150, 100]","[-100, 61]","[50, 61]","[200, 211]","[-250, 61]","[-100, 211]","[50, 211]","[-250, 211]","[-100, -239]","[50, -239]","[200, -239]","[100, 100]","[-100, -89]","[50, -89]","[200, -89]","[-250, -239]",1,8,"[100, 100]","[100, 100]",both,11.png,00.png,00.png,07.png,00.png,00.png,14.png,m,"[100, 100]","[100, 100]","[100, 100]","[100, 100]","[100, 100]","[100, 100]","[100, 100]","[100, 100]","[100, 100]","[100, 100]","[100, 100]","[0, -375]",ok.png,"[100, 100]","[100, 100]",149,3,1,1,1,0,0,0,0,0,0,0,1.40066027641,1.400660276412964,0,-249,-249,216,216,1,1,0,0,0,0,0,0,0,0.174016863108,0.1740168631076813,0,-249,-249,216,216,418
00.png,29.png,00.png,19.png,00.png,14.png,00.png,33.png,00.png,"[-235, -63]","[215, 87]","[150, 100]","[-85, 87]","[65, 87]","[215, 237]","[-235, 87]","[-85, 237]","[65, 237]","[-235, 237]","[-85, -213]","[65, -213]","[215, -213]","[100, 100]","[-85, -63]","[65, -63]","[215, -63]","[-235, -213]",1,8,"[100, 100]","[100, 100]",both,23.png,00.png,dots2.png,00.png,31.png,tray2.png,00.png,m,"[100, 100]","[100, 100]","[100, 100]","[100, 100]","[100, 100]","[100, 100]","[100, 100]","[100, 100]","[100, 100]","[100, 100]","[100, 100]","[0, -375]",ok.png,"[100, 100]","[100, 100]",150,3,1,1,1,0,0,0,0,0,0,0,2.04081249237,2.040812492370605,0,-79,-79,-63,-63,1,1,0,0,0,0,0,0,0,0.274534225464,0.2745342254638672,0,-78,-78,-206,-206,51
tray1.png,01.png,02.png,03.png,04.png,05.png,06.png,07.png,08.png,"[-202, -79]","[248, 71]","[150, 100]","[-52, 71]","[98, 71]","[248, 221]","[-202, 71]","[-52, 221]","[98, 221]","[-202, 221]","[-52, -229]","[98, -229]","[248, -229]","[100, 100]","[-52, -79]","[98, -79]","[248, -79]","[-202, -229]",1,12,"[100, 100]","[100, 100]",tray,11.png,00.png,09.png,10.png,00.png,00.png,00.png,m,"[100, 100]","[100, 100]","[100, 100]","[100, 100]","[100, 100]","[100, 100]","[100, 100]","[100, 100]","[100, 100]","[100, 100]","[100, 100]","[0, -375]",ok.png,"[100, 100]","[100, 100]",151,1,1,1,1,0,0,0,0,0,0,0,2.41607880592,2.416078805923462,0,-190,-190,226,226,1,1,0,0,0,0,0,0,0,0.157281428576,0.1572814285755157,0,-190,-190,226,226,71
08.png,tray1.png,09.png,00.png,10.png,11.png,12.png,13.png,00.png,"[-250, -78]","[200, 72]","[150, 100]","[-100, 72]","[50, 72]","[200, 222]","[-250, 72]","[-100, 222]","[50, 222]","[-250, 222]","[-100, -228]","[50, -228]","[200, -228]","[100, 100]","[-100, -78]","[50, -78]","[200, -78]","[-250, -228]",1,12,"[100, 100]","[100, 100]",tray,33.png,32.png,14.png,34.png,00.png,31.png,00.png,m,"[100, 100]","[100, 100]","[100, 100]","[100, 100]","[100, 100]","[100, 100]","[100, 100]","[100, 100]","[100, 100]","[100, 100]","[100, 100]","[0, -375]",ok.png,"[100, 100]","[100, 100]",152,1,1,1,1,0,0,0,0,0,0,0,1.24031066895,1.240310668945312,0,-71,-71,179,179,1,1,0,0,0,0,0,0,0,0.15825201571,0.158252015709877,0,-71,-71,178,178,199
00.png,00.png,tray1.png,15.png,16.png,17.png,18.png,19.png,20.png,"[-234, -84]","[216, 66]","[150, 100]","[-84, 66]","[66, 66]","[216, 216]","[-234, 66]","[-84, 216]","[66, 216]","[-234, 216]","[-84, -234]","[66, -234]","[216, -234]","[100, 100]","[-84, -84]","[66, -84]","[216, -84]","[-234, -234]",1,12,"[100, 100]","[100, 100]",tray,23.png,24.png,21.png,22.png,00.png,25.png,00.png,m,"[100, 100]","[100, 100]","[100, 100]","[100, 100]","[100, 100]","[100, 100]","[100, 100]","[100, 100]","[100, 100]","[100, 100]","[100, 100]","[0, -375]",ok.png,"[100, 100]","[100, 100]",153,1,1,1,1,0,0,0,0,0,0,0,1.90508759022,1.90508759021759,0,71,71,214,214,1,1,0,0,0,0,0,0,0,0.183299586177,0.1832995861768723,0,71,71,214,214,290
22.png,23.png,24.png,tray1.png,00.png,00.png,25.png,26.png,00.png,"[-207, -95]","[243, 55]","[150, 100]","[-57, 55]","[93, 55]","[243, 205]","[-207, 55]","[-57, 205]","[93, 205]","[-207, 205]","[-57, -245]","[93, -245]","[243, -245]","[100, 100]","[-57, -95]","[93, -95]","[243, -95]","[-207, -245]",1,12,"[100, 100]","[100, 100]",tray,28.png,29.png,00.png,27.png,32.png,30.png,31.png,m,"[100, 100]","[100, 100]","[100, 100]","[100, 100]","[100, 100]","[100, 100]","[100, 100]","[100, 100]","[100, 100]","[100, 100]","[100, 100]","[0, -375]",ok.png,"[100, 100]","[100, 100]",154,1,1,1,1,0,0,0,0,0,0,0,1.57121658325,1.571216583251953,0,258,258,199,199,1,1,0,0,0,0,0,0,0,0.174537226558,0.1745372265577316,0,258,258,199,199,445
02.png,04.png,06.png,08.png,tray1.png,29.png,30.png,31.png,32.png,"[-203, -71]","[247, 79]","[150, 100]","[-53, 79]","[97, 79]","[247, 229]","[-203, 79]","[-53, 229]","[97, 229]","[-203, 229]","[-53, -221]","[97, -221]","[247, -221]","[100, 100]","[-53, -71]","[97, -71]","[247, -71]","[-203, -221]",1,12,"[100, 100]","[100, 100]",tray,01.png,00.png,33.png,34.png,00.png,00.png,00.png,m,"[100, 100]","[100, 100]","[100, 100]","[100, 100]","[100, 100]","[100, 100]","[100, 100]","[100, 100]","[100, 100]","[100, 100]","[100, 100]","[0, -375]",ok.png,"[100, 100]","[100, 100]",155,1,1,1,1,0,0,0,0,0,0,0,2.23380994797,2.233809947967529,0,-191,-191,92,92,1,1,0,0,0,0,0,0,0,0.165515556931,0.1655155569314957,0,-190,-190,92,92,243
01.png,34.png,07.png,27.png,04.png,tray1.png,00.png,00.png,06.png,"[-240, -84]","[210, 66]","[150, 100]","[-90, 66]","[60, 66]","[210, 216]","[-240, 66]","[-90, 216]","[60, 216]","[-240, 216]","[-90, -234]","[60, -234]","[210, -234]","[100, 100]","[-90, -84]","[60, -84]","[210, -84]","[-240, -234]",1,12,"[100, 100]","[100, 100]",tray,29.png,17.png,15.png,09.png,00.png,23.png,00.png,m,"[100, 100]","[100, 100]","[100, 100]","[100, 100]","[100, 100]","[100, 100]","[100, 100]","[100, 100]","[100, 100]","[100, 100]","[100, 100]","[0, -375]",ok.png,"[100, 100]","[100, 100]",156,1,1,1,1,0,0,0,0,0,0,0,3.80527567863,3.805275678634644,0,-119,-119,28,28,1,1,0,0,0,0,0,0,0,0.191433131695,0.1914331316947937,0,-120,-120,56,56,197
00.png,00.png,02.png,05.png,07.png,03.png,tray1.png,25.png,18.png,"[-210, -95]","[240, 55]","[150, 100]","[-60, 55]","[90, 55]","[240, 205]","[-210, 55]","[-60, 205]","[90, 205]","[-210, 205]","[-60, -245]","[90, -245]","[240, -245]","[100, 100]","[-60, -95]","[90, -95]","[240, -95]","[-210, -245]",1,12,"[100, 100]","[100, 100]",tray,00.png,06.png,14.png,00.png,17.png,22.png,09.png,m,"[100, 100]","[100, 100]","[100, 100]","[100, 100]","[100, 100]","[100, 100]","[100, 100]","[100, 100]","[100, 100]","[100, 100]","[100, 100]","[0, -375]",ok.png,"[100, 100]","[100, 100]",157,1,1,1,1,0,0,0,0,0,0,0,1.53085362911,1.530853629112244,0,113,113,44,44,1,1,0,0,0,0,0,0,0,0.167594268918,0.1675942689180374,0,113,113,44,44,135
00.png,05.png,33.png,07.png,20.png,15.png,27.png,tray1.png,30.png,"[-250, -64]","[200, 86]","[150, 100]","[-100, 86]","[50, 86]","[200, 236]","[-250, 86]","[-100, 236]","[50, 236]","[-250, 236]","[-100, -214]","[50, -214]","[200, -214]","[100, 100]","[-100, -64]","[50, -64]","[200, -64]","[-250, -214]",1,12,"[100, 100]","[100, 100]",tray,31.png,00.png,17.png,25.png,00.png,00.png,33.png,m,"[100, 100]","[100, 100]","[100, 100]","[100, 100]","[100, 100]","[100, 100]","[100, 100]","[100, 100]","[100, 100]","[100, 100]","[100, 100]","[0, -375]",ok.png,"[100, 100]","[100, 100]",158,1,1,1,1,0,0,0,0,0,0,0,2.15369129181,2.153691291809082,0,214,214,103,103,1,1,0,0,0,0,0,0,0,0.124706208706,0.1247062087059021,0,214,214,103,103,108
07.png,10.png,13.png,16.png,00.png,00.png,00.png,00.png,tray1.png,"[-214, -98]","[236, 52]","[150, 100]","[-64, 52]","[86, 52]","[236, 202]","[-214, 52]","[-64, 202]","[86, 202]","[-214, 202]","[-64, -248]","[86, -248]","[236, -248]","[100, 100]","[-64, -98]","[86, -98]","[236, -98]","[-214, -248]",1,12,"[100, 100]","[100, 100]",tray,27.png,21.png,29.png,23.png,33.png,25.png,31.png,m,"[100, 100]","[100, 100]","[100, 100]","[100, 100]","[100, 100]","[100, 100]","[100, 100]","[100, 100]","[100, 100]","[100, 100]","[100, 100]","[0, -375]",ok.png,"[100, 100]","[100, 100]",159,1,1,1,1,0,0,0,0,0,0,0,2.58853673935,2.588536739349365,0,-200,-200,-72,-72,1,1,0,0,0,0,0,0,0,0.642797470093,0.6427974700927734,0,-192,-192,-84,-84,120
09.png,07.png,05.png,03.png,14.png,16.png,18.png,20.png,22.png,"[-225, -77]","[225, 73]","[150, 100]","[-75, 73]","[75, 73]","[225, 223]","[-225, 73]","[-75, 223]","[75, 223]","[-225, 223]","[-75, -227]","[75, -227]","[225, -227]","[100, 100]","[-75, -77]","[75, -77]","[225, -77]","[-225, -227]",1,12,"[100, 100]","[100, 100]",tray,26.png,00.png,tray1.png,24.png,00.png,00.png,00.png,m,"[100, 100]","[100, 100]","[100, 100]","[100, 100]","[100, 100]","[100, 100]","[100, 100]","[100, 100]","[100, 100]","[100, 100]","[100, 100]","[0, -375]",ok.png,"[100, 100]","[100, 100]",160,1,1,1,1,0,0,0,0,0,0,0,1.89877235889,1.898772358894348,0,-54,-54,-80,-80,1,1,0,0,0,0,0,0,0,0.159351587296,0.1593515872955322,0,-54,-54,-80,-80,132
00.png,00.png,33.png,31.png,13.png,10.png,34.png,32.png,16.png,"[-227, -66]","[223, 84]","[150, 100]","[-77, 84]","[73, 84]","[223, 234]","[-227, 84]","[-77, 234]","[73, 234]","[-227, 234]","[-77, -216]","[73, -216]","[223, -216]","[100, 100]","[-77, -66]","[73, -66]","[223, -66]","[-227, -216]",1,12,"[100, 100]","[100, 100]",tray,21.png,24.png,19.png,tray1.png,00.png,27.png,00.png,m,"[100, 100]","[100, 100]","[100, 100]","[100, 100]","[100, 100]","[100, 100]","[100, 100]","[100, 100]","[100, 100]","[100, 100]","[100, 100]","[0, -375]",ok.png,"[100, 100]","[100, 100]",161,1,1,1,1,0,0,0,0,0,0,0,1.53901422024,1.539014220237732,0,79,79,-87,-87,1,1,0,0,0,0,0,0,0,0.141521021724,0.1415210217237473,0,79,79,-87,-87,209
10.png,15.png,20.png,25.png,00.png,00.png,04.png,17.png,21.png,"[-200, -81]","[250, 69]","[150, 100]","[-50, 69]","[100, 69]","[250, 219]","[-200, 69]","[-50, 219]","[100, 219]","[-200, 219]","[-50, -231]","[100, -231]","[250, -231]","[100, 100]","[-50, -81]","[100, -81]","[250, -81]","[-200, -231]",1,12,"[100, 100]","[100, 100]",tray,tray1.png,00.png,16.png,11.png,34.png,00.png,27.png,m,"[100, 100]","[100, 100]","[100, 100]","[100, 100]","[100, 100]","[100, 100]","[100, 100]","[100, 100]","[100, 100]","[100, 100]","[100, 100]","[0, -375]",ok.png,"[100, 100]","[100, 100]",162,1,1,1,1,0,0,0,0,0,0,0,2.36876273155,2.368762731552124,0,248,248,-74,-74,1,1,0,0,0,0,0,0,0,0.759495675564,0.7594956755638123,0,31,31,-386,-386,20
00.png,00.png,20.png,24.png,28.png,32.png,00.png,00.png,03.png,"[-214, -74]","[236, 76]","[150, 100]","[-64, 76]","[86, 76]","[236, 226]","[-214, 76]","[-64, 226]","[86, 226]","[-214, 226]","[-64, -224]","[86, -224]","[236, -224]","[100, 100]","[-64, -74]","[86, -74]","[236, -74]","[-214, -224]",1,12,"[100, 100]","[100, 100]",tray,08.png,tray1.png,01.png,07.png,04.png,05.png,02.png,m,"[100, 100]","[100, 100]","[100, 100]","[100, 100]","[100, 100]","[100, 100]","[100, 100]","[100, 100]","[100, 100]","[100, 100]","[100, 100]","[0, -375]",ok.png,"[100, 100]","[100, 100]",163,1,1,1,1,0,0,0,0,0,0,0,2.22683811188,2.226838111877441,0,-173,-173,-218,-218,1,1,0,0,0,0,0,0,0,0.140234649181,0.140234649181366,0,-177,-177,-218,-218,115
29.png,00.png,06.png,16.png,00.png,03.png,33.png,08.png,13.png,"[-224, -54]","[226, 96]","[150, 100]","[-74, 96]","[76, 96]","[226, 246]","[-224, 96]","[-74, 246]","[76, 246]","[-224, 246]","[-74, -204]","[76, -204]","[226, -204]","[100, 100]","[-74, -54]","[76, -54]","[226, -54]","[-224, -204]",1,12,"[100, 100]","[100, 100]",tray,00.png,23.png,28.png,00.png,01.png,tray1.png,12.png,m,"[100, 100]","[100, 100]","[100, 100]","[100, 100]","[100, 100]","[100, 100]","[100, 100]","[100, 100]","[100, 100]","[100, 100]","[100, 100]","[0, -375]",ok.png,"[100, 100]","[100, 100]",164,1,1,1,1,0,0,0,0,0,0,0,5.16757965088,5.167579650878906,0,-161,-161,-224,-224,1,1,0,0,0,0,0,0,0,0.291359633207,0.2913596332073212,0,-69,-69,-188,-188,239
00.png,00.png,00.png,16.png,14.png,06.png,04.png,33.png,27.png,"[-214, -94]","[236, 56]","[150, 100]","[-64, 56]","[86, 56]","[236, 206]","[-214, 56]","[-64, 206]","[86, 206]","[-214, 206]","[-64, -244]","[86, -244]","[236, -244]","[100, 100]","[-64, -94]","[86, -94]","[236, -94]","[-214, -244]",1,12,"[100, 100]","[100, 100]",tray,13.png,07.png,23.png,17.png,00.png,03.png,tray1.png,m,"[100, 100]","[100, 100]","[100, 100]","[100, 100]","[100, 100]","[100, 100]","[100, 100]","[100, 100]","[100, 100]","[100, 100]","[100, 100]","[0, -375]",ok.png,"[100, 100]","[100, 100]",165,1,1,1,1,0,0,0,0,0,0,0,2.96277594566,2.962775945663452,0,69,69,-249,-249,1,1,0,0,0,0,0,0,0,0.166583299637,0.1665832996368408,0,69,69,-249,-249,396
04.png,20.png,30.png,02.png,00.png,00.png,03.png,04.png,24.png,"[-242, -68]","[208, 82]","[150, 100]","[-92, 82]","[58, 82]","[208, 232]","[-242, 82]","[-92, 232]","[58, 232]","[-242, 232]","[-92, -218]","[58, -218]","[208, -218]","[100, 100]","[-92, -68]","[58, -68]","[208, -68]","[-242, -218]",1,12,"[100, 100]","[100, 100]",tray,00.png,14.png,23.png,00.png,tray1.png,07.png,17.png,m,"[100, 100]","[100, 100]","[100, 100]","[100, 100]","[100, 100]","[100, 100]","[100, 100]","[100, 100]","[100, 100]","[100, 100]","[100, 100]","[0, -375]",ok.png,"[100, 100]","[100, 100]",166,1,1,1,1,0,0,0,0,0,0,0,2.41362595558,2.413625955581665,0,227,227,-206,-206,1,1,0,0,0,0,0,0,0,0.157287925482,0.1572879254817963,0,227,227,-206,-206,242
03.png,19.png,29.png,00.png,00.png,02.png,32.png,11.png,12.png,"[-232, -67]","[218, 83]","[150, 100]","[-82, 83]","[68, 83]","[218, 233]","[-232, 83]","[-82, 233]","[68, 233]","[-232, 233]","[-82, -217]","[68, -217]","[218, -217]","[100, 100]","[-82, -67]","[68, -67]","[218, -67]","[-232, -217]",1,12,"[100, 100]","[100, 100]",tray,00.png,00.png,22.png,16.png,18.png,04.png,tray1.png,m,"[100, 100]","[100, 100]","[100, 100]","[100, 100]","[100, 100]","[100, 100]","[100, 100]","[100, 100]","[100, 100]","[100, 100]","[100, 100]","[0, -375]",ok.png,"[100, 100]","[100, 100]",167,1,1,1,1,0,0,0,0,0,0,0,4.94619369507,4.946193695068359,0,97,97,-208,-208,1,1,0,0,0,0,0,0,0,0.183147341013,0.1831473410129547,0,97,97,-208,-208,163
16.png,13.png,11.png,05.png,21.png,00.png,00.png,00.png,00.png,"[-249, -93]","[201, 57]","[150, 100]","[-99, 57]","[51, 57]","[201, 207]","[-249, 57]","[-99, 207]","[51, 207]","[-249, 207]","[-99, -243]","[51, -243]","[201, -243]","[100, 100]","[-99, -93]","[51, -93]","[201, -93]","[-249, -243]",1,12,"[100, 100]","[100, 100]",tray,25.png,03.png,27.png,28.png,15.png,tray1.png,08.png,m,"[100, 100]","[100, 100]","[100, 100]","[100, 100]","[100, 100]","[100, 100]","[100, 100]","[100, 100]","[100, 100]","[100, 100]","[100, 100]","[0, -375]",ok.png,"[100, 100]","[100, 100]",168,1,1,1,1,0,0,0,0,0,0,0,2.66962647438,2.669626474380493,0,-74,-74,-235,-235,1,1,0,0,0,0,0,0,0,0.593640089035,0.5936400890350342,0,-74,-74,-235,-235,313
06.png,21.png,15.png,17.png,00.png,00.png,16.png,28.png,29.png,"[-206, -71]","[244, 79]","[150, 100]","[-56, 79]","[94, 79]","[244, 229]","[-206, 79]","[-56, 229]","[94, 229]","[-206, 229]","[-56, -221]","[94, -221]","[244, -221]","[100, 100]","[-56, -71]","[94, -71]","[244, -71]","[-206, -221]",1,12,"[100, 100]","[100, 100]",tray,23.png,tray1.png,09.png,00.png,00.png,14.png,07.png,m,"[100, 100]","[100, 100]","[100, 100]","[100, 100]","[100, 100]","[100, 100]","[100, 100]","[100, 100]","[100, 100]","[100, 100]","[100, 100]","[0, -375]",ok.png,"[100, 100]","[100, 100]",169,1,1,1,1,0,0,0,0,0,0,0,2.18821716309,2.188217163085938,0,-194,-194,-236,-236,1,1,0,0,0,0,0,0,0,0.18107239902,0.181072399020195,0,-197,-197,-238,-238,327
00.png,11.png,01.png,28.png,12.png,00.png,00.png,34.png,15.png,"[-248, -60]","[202, 90]","[150, 100]","[-98, 90]","[52, 90]","[202, 240]","[-248, 90]","[-98, 240]","[52, 240]","[-248, 240]","[-98, -210]","[52, -210]","[202, -210]","[100, 100]","[-98, -60]","[52, -60]","[202, -60]","[-248, -210]",1,12,"[100, 100]","[100, 100]",tray,tray1.png,31.png,30.png,08.png,00.png,21.png,32.png,m,"[100, 100]","[100, 100]","[100, 100]","[100, 100]","[100, 100]","[100, 100]","[100, 100]","[100, 100]","[100, 100]","[100, 100]","[100, 100]","[0, -375]",ok.png,"[100, 100]","[100, 100]",170,1,1,1,1,0,0,0,0,0,0,0,1.63886451721,1.638864517211914,0,202,202,-49,-49,1,1,0,0,0,0,0,0,0,0.182193174958,0.1821931749582291,0,202,202,-49,-49,318
00.png,00.png,12.png,04.png,32.png,31.png,24.png,27.png,07.png,"[-225, -90]","[225, 60]","[150, 100]","[-75, 60]","[75, 60]","[225, 210]","[-225, 60]","[-75, 210]","[75, 210]","[-225, 210]","[-75, -240]","[75, -240]","[225, -240]","[100, 100]","[-75, -90]","[75, -90]","[225, -90]","[-225, -240]",1,12,"[100, 100]","[100, 100]",tray,10.png,13.png,09.png,tray1.png,00.png,16.png,00.png,m,"[100, 100]","[100, 100]","[100, 100]","[100, 100]","[100, 100]","[100, 100]","[100, 100]","[100, 100]","[100, 100]","[100, 100]","[100, 100]","[0, -375]",ok.png,"[100, 100]","[100, 100]",171,1,1,1,1,0,0,0,0,0,0,0,1.59097087383,1.590970873832703,0,85,85,-73,-73,1,1,0,0,0,0,0,0,0,0.169785887003,0.1697858870029449,0,85,85,-73,-73,403
00.png,00.png,25.png,12.png,33.png,19.png,05.png,00.png,01.png,"[-213, -100]","[237, 50]","[150, 100]","[-63, 50]","[87, 50]","[237, 200]","[-213, 50]","[-63, 200]","[87, 200]","[-213, 200]","[-63, -250]","[87, -250]","[237, -250]","[100, 100]","[-63, -100]","[87, -100]","[237, -100]","[-213, -250]",1,12,"[100, 100]","[100, 100]",tray,10.png,34.png,tray1.png,07.png,30.png,20.png,00.png,m,"[100, 100]","[100, 100]","[100, 100]","[100, 100]","[100, 100]","[100, 100]","[100, 100]","[100, 100]","[100, 100]","[100, 100]","[100, 100]","[0, -375]",ok.png,"[100, 100]","[100, 100]",172,1,1,1,1,0,0,0,0,0,0,0,2.10222244263,2.102222442626953,0,-68,-68,-74,-74,1,1,0,0,0,0,0,0,0,0.151140391827,0.1511403918266296,0,-68,-68,-74,-74,258
11.png,13.png,17.png,18.png,00.png,14.png,00.png,09.png,tray1.png,"[-222, -88]","[228, 62]","[150, 100]","[-72, 62]","[78, 62]","[228, 212]","[-222, 62]","[-72, 212]","[78, 212]","[-222, 212]","[-72, -238]","[78, -238]","[228, -238]","[100, 100]","[-72, -88]","[78, -88]","[228, -88]","[-222, -238]",1,12,"[100, 100]","[100, 100]",tray,30.png,26.png,02.png,04.png,00.png,24.png,00.png,m,"[100, 100]","[100, 100]","[100, 100]","[100, 100]","[100, 100]","[100, 100]","[100, 100]","[100, 100]","[100, 100]","[100, 100]","[100, 100]","[0, -375]",ok.png,"[100, 100]","[100, 100]",173,1,1,1,1,0,0,0,0,0,0,0,1.63291537762,1.632915377616882,0,-239,-239,-92,-92,1,1,0,0,0,0,0,0,0,0.174068525434,0.1740685254335403,0,-239,-239,-92,-92,379
00.png,14.png,10.png,20.png,11.png,07.png,00.png,tray1.png,18.png,"[-217, -97]","[233, 53]","[150, 100]","[-67, 53]","[83, 53]","[233, 203]","[-217, 53]","[-67, 203]","[83, 203]","[-217, 203]","[-67, -247]","[83, -247]","[233, -247]","[100, 100]","[-67, -97]","[83, -97]","[233, -97]","[-217, -247]",1,12,"[100, 100]","[100, 100]",tray,30.png,09.png,31.png,00.png,19.png,00.png,03.png,m,"[100, 100]","[100, 100]","[100, 100]","[100, 100]","[100, 100]","[100, 100]","[100, 100]","[100, 100]","[100, 100]","[100, 100]","[100, 100]","[0, -375]",ok.png,"[100, 100]","[100, 100]",174,1,1,1,1,0,0,0,0,0,0,0,1.50752973557,1.507529735565186,0,272,272,49,49,1,1,0,0,0,0,0,0,0,2.00661659241,2.006616592407227,0,17,17,-363,-363,0
31.png,03.png,13.png,00.png,23.png,21.png,tray1.png,00.png,33.png,"[-242, -63]","[208, 87]","[150, 100]","[-92, 87]","[58, 87]","[208, 237]","[-242, 87]","[-92, 237]","[58, 237]","[-242, 237]","[-92, -213]","[58, -213]","[208, -213]","[100, 100]","[-92, -63]","[58, -63]","[208, -63]","[-242, -213]",1,12,"[100, 100]","[100, 100]",tray,00.png,19.png,00.png,14.png,26.png,32.png,29.png,m,"[100, 100]","[100, 100]","[100, 100]","[100, 100]","[100, 100]","[100, 100]","[100, 100]","[100, 100]","[100, 100]","[100, 100]","[100, 100]","[0, -375]",ok.png,"[100, 100]","[100, 100]",175,1,1,1,1,0,0,0,0,0,0,0,1.5463116169,1.546311616897583,0,56,56,71,71,1,1,0,0,0,0,0,0,0,0.168640121818,0.1686401218175888,0,56,56,71,71,421
00.png,00.png,00.png,00.png,11.png,10.png,09.png,08.png,07.png,"[-209, -50]","[241, 100]","[150, 100]","[-59, 100]","[91, 100]","[241, 250]","[-209, 100]","[-59, 250]","[91, 250]","[-209, 250]","[-59, -200]","[91, -200]","[241, -200]","[100, 100]","[-59, -50]","[91, -50]","[241, -50]","[-209, -200]",1,12,"[100, 100]","[100, 100]",tray,04.png,03.png,06.png,05.png,tray2.png,02.png,01.png,m,"[100, 100]","[100, 100]","[100, 100]","[100, 100]","[100, 100]","[100, 100]","[100, 100]","[100, 100]","[100, 100]","[100, 100]","[100, 100]","[0, -375]",ok.png,"[100, 100]","[100, 100]",176,1,1,1,1,0,0,0,0,0,0,0,2.01434326172,2.01434326171875,0,199,199,-210,-210,1,1,0,0,0,0,0,0,0,0.155208528042,0.1552085280418396,0,199,199,-210,-210,332
00.png,00.png,31.png,32.png,33.png,34.png,14.png,00.png,13.png,"[-247, -95]","[203, 55]","[150, 100]","[-97, 55]","[53, 55]","[203, 205]","[-247, 55]","[-97, 205]","[53, 205]","[-247, 205]","[-97, -245]","[53, -245]","[203, -245]","[100, 100]","[-97, -95]","[53, -95]","[203, -95]","[-247, -245]",1,12,"[100, 100]","[100, 100]",tray,10.png,00.png,12.png,11.png,08.png,09.png,tray2.png,m,"[100, 100]","[100, 100]","[100, 100]","[100, 100]","[100, 100]","[100, 100]","[100, 100]","[100, 100]","[100, 100]","[100, 100]","[100, 100]","[0, -375]",ok.png,"[100, 100]","[100, 100]",177,1,1,1,1,0,0,0,0,0,0,0,1.32694756985,1.326947569847107,0,22,22,-259,-259,1,1,0,0,0,0,0,0,0,0.18212030828,0.1821203082799911,0,24,24,-259,-259,349
00.png,00.png,25.png,24.png,23.png,22.png,21.png,20.png,19.png,"[-228, -54]","[222, 96]","[150, 100]","[-78, 96]","[72, 96]","[222, 246]","[-228, 96]","[-78, 246]","[72, 246]","[-228, 246]","[-78, -204]","[72, -204]","[222, -204]","[100, 100]","[-78, -54]","[72, -54]","[222, -54]","[-228, -204]",1,12,"[100, 100]","[100, 100]",tray,16.png,15.png,18.png,17.png,00.png,tray2.png,00.png,m,"[100, 100]","[100, 100]","[100, 100]","[100, 100]","[100, 100]","[100, 100]","[100, 100]","[100, 100]","[100, 100]","[100, 100]","[100, 100]","[0, -375]",ok.png,"[100, 100]","[100, 100]",178,1,1,1,1,0,0,0,0,0,0,0,1.93258023262,1.932580232620239,0,-67,-67,-221,-221,1,1,0,0,0,0,0,0,0,0.807774841785,0.8077748417854309,0,-67,-67,-221,-221,360
33.png,32.png,30.png,29.png,00.png,00.png,31.png,27.png,26.png,"[-244, -90]","[206, 60]","[150, 100]","[-94, 60]","[56, 60]","[206, 210]","[-244, 60]","[-94, 210]","[56, 210]","[-244, 210]","[-94, -240]","[56, -240]","[206, -240]","[100, 100]","[-94, -90]","[56, -90]","[206, -90]","[-244, -240]",1,12,"[100, 100]","[100, 100]",tray,00.png,tray2.png,28.png,00.png,22.png,24.png,23.png,m,"[100, 100]","[100, 100]","[100, 100]","[100, 100]","[100, 100]","[100, 100]","[100, 100]","[100, 100]","[100, 100]","[100, 100]","[100, 100]","[0, -375]",ok.png,"[100, 100]","[100, 100]",179,1,1,1,1,0,0,0,0,0,0,0,2.38287115097,2.382871150970459,0,-255,-255,-220,-220,1,1,0,0,0,0,0,0,0,0.157958820462,0.1579588204622269,0,-255,-255,-220,-220,255
00.png,00.png,00.png,00.png,01.png,34.png,33.png,32.png,31.png,"[-235, -70]","[215, 80]","[150, 100]","[-85, 80]","[65, 80]","[215, 230]","[-235, 80]","[-85, 230]","[65, 230]","[-235, 230]","[-85, -220]","[65, -220]","[215, -220]","[100, 100]","[-85, -70]","[65, -70]","[215, -70]","[-235, -220]",1,12,"[100, 100]","[100, 100]",tray,tray2.png,08.png,30.png,29.png,02.png,06.png,04.png,m,"[100, 100]","[100, 100]","[100, 100]","[100, 100]","[100, 100]","[100, 100]","[100, 100]","[100, 100]","[100, 100]","[100, 100]","[100, 100]","[0, -375]",ok.png,"[100, 100]","[100, 100]",180,1,1,1,1,0,0,0,0,0,0,0,1.24738061428,1.247380614280701,0,159,159,-62,-62,1,1,0,0,0,0,0,0,0,0.157864391804,0.1578643918037415,0,159,159,-62,-62,291
00.png,00.png,23.png,17.png,29.png,09.png,15.png,06.png,00.png,"[-250, -51]","[200, 99]","[150, 100]","[-100, 99]","[50, 99]","[200, 249]","[-250, 99]","[-100, 249]","[50, 249]","[-250, 249]","[-100, -201]","[50, -201]","[200, -201]","[100, 100]","[-100, -51]","[50, -51]","[200, -51]","[-250, -201]",1,12,"[100, 100]","[100, 100]",tray,04.png,27.png,00.png,tray2.png,01.png,07.png,34.png,m,"[100, 100]","[100, 100]","[100, 100]","[100, 100]","[100, 100]","[100, 100]","[100, 100]","[100, 100]","[100, 100]","[100, 100]","[100, 100]","[0, -375]",ok.png,"[100, 100]","[100, 100]",181,1,1,1,1,0,0,0,0,0,0,0,2.49675297737,2.496752977371216,0,47,47,-48,-48,1,1,0,0,0,0,0,0,0,0.166624009609,0.1666240096092224,0,46,46,-48,-48,250
17.png,09.png,22.png,06.png,00.png,00.png,14.png,18.png,25.png,"[-227, -99]","[223, 51]","[150, 100]","[-77, 51]","[73, 51]","[223, 201]","[-227, 51]","[-77, 201]","[73, 201]","[-227, 201]","[-77, -249]","[73, -249]","[223, -249]","[100, 100]","[-77, -99]","[73, -99]","[223, -99]","[-227, -249]",1,12,"[100, 100]","[100, 100]",tray,07.png,05.png,tray2.png,03.png,00.png,02.png,00.png,m,"[100, 100]","[100, 100]","[100, 100]","[100, 100]","[100, 100]","[100, 100]","[100, 100]","[100, 100]","[100, 100]","[100, 100]","[100, 100]","[0, -375]",ok.png,"[100, 100]","[100, 100]",182,1,1,1,1,0,0,0,0,0,0,0,1.51288557053,1.512885570526123,0,-65,-65,-110,-110,1,1,0,0,0,0,0,0,0,0.184348523617,0.1843485236167908,0,-65,-65,-110,-110,315
00.png,33.png,00.png,00.png,31.png,25.png,17.png,30.png,tray2.png,"[-240, -88]","[210, 62]","[150, 100]","[-90, 62]","[60, 62]","[210, 212]","[-240, 62]","[-90, 212]","[60, 212]","[-240, 212]","[-90, -238]","[60, -238]","[210, -238]","[100, 100]","[-90, -88]","[60, -88]","[210, -88]","[-240, -238]",1,12,"[100, 100]","[100, 100]",tray,20.png,07.png,27.png,15.png,00.png,33.png,05.png,m,"[100, 100]","[100, 100]","[100, 100]","[100, 100]","[100, 100]","[100, 100]","[100, 100]","[100, 100]","[100, 100]","[100, 100]","[100, 100]","[0, -375]",ok.png,"[100, 100]","[100, 100]",183,1,1,1,1,0,0,0,0,0,0,0,1.0950088501,1.095008850097656,0,-216,-216,-110,-110,1,1,0,0,0,0,0,0,0,0.122011333704,0.1220113337039948,0,-216,-216,-110,-110,377
33.png,31.png,25.png,21.png,27.png,23.png,29.png,tray2.png,00.png,"[-239, -87]","[211, 63]","[150, 100]","[-89, 63]","[61, 63]","[211, 213]","[-239, 63]","[-89, 213]","[61, 213]","[-239, 213]","[-89, -237]","[61, -237]","[211, -237]","[100, 100]","[-89, -87]","[61, -87]","[211, -87]","[-239, -237]",1,12,"[100, 100]","[100, 100]",tray,00.png,16.png,00.png,00.png,07.png,13.png,10.png,m,"[100, 100]","[100, 100]","[100, 100]","[100, 100]","[100, 100]","[100, 100]","[100, 100]","[100, 100]","[100, 100]","[100, 100]","[100, 100]","[0, -375]",ok.png,"[100, 100]","[100, 100]",184,1,1,1,1,0,0,0,0,0,0,0,3.10585260391,3.105852603912354,0,238,238,72,72,1,1,0,0,0,0,0,0,0,0.173364445567,0.173364445567131,0,238,238,71,71,257
00.png,00.png,00.png,00.png,26.png,24.png,tray2.png,22.png,20.png,"[-230, -94]","[220, 56]","[150, 100]","[-80, 56]","[70, 56]","[220, 206]","[-230, 56]","[-80, 206]","[70, 206]","[-230, 206]","[-80, -244]","[70, -244]","[220, -244]","[100, 100]","[-80, -94]","[70, -94]","[220, -94]","[-230, -244]",1,12,"[100, 100]","[100, 100]",tray,14.png,03.png,18.png,16.png,09.png,05.png,07.png,m,"[100, 100]","[100, 100]","[100, 100]","[100, 100]","[100, 100]","[100, 100]","[100, 100]","[100, 100]","[100, 100]","[100, 100]","[100, 100]","[0, -375]",ok.png,"[100, 100]","[100, 100]",185,1,1,1,1,0,0,0,0,0,0,0,1.1325622797,1.132562279701233,0,30,30,55,55,1,1,0,0,0,0,0,0,0,0.752114474773,0.752114474773407,0,38,38,79,79,343
00.png,00.png,27.png,24.png,21.png,tray2.png,19.png,16.png,32.png,"[-207, -50]","[243, 100]","[150, 100]","[-57, 100]","[93, 100]","[243, 250]","[-207, 100]","[-57, 250]","[93, 250]","[-207, 250]","[-57, -200]","[93, -200]","[243, -200]","[100, 100]","[-57, -50]","[93, -50]","[243, -50]","[-207, -200]",1,12,"[100, 100]","[100, 100]",tray,13.png,31.png,34.png,10.png,00.png,33.png,00.png,m,"[100, 100]","[100, 100]","[100, 100]","[100, 100]","[100, 100]","[100, 100]","[100, 100]","[100, 100]","[100, 100]","[100, 100]","[100, 100]","[0, -375]",ok.png,"[100, 100]","[100, 100]",186,1,1,1,1,0,0,0,0,0,0,0,1.44969511032,1.449695110321045,0,-66,-66,100,100,1,1,0,0,0,0,0,0,0,0.183165132999,0.1831651329994202,0,-66,-66,100,100,387
34.png,27.png,00.png,00.png,tray2.png,11.png,16.png,21.png,17.png,"[-210, -82]","[240, 68]","[150, 100]","[-60, 68]","[90, 68]","[240, 218]","[-210, 68]","[-60, 218]","[90, 218]","[-210, 218]","[-60, -232]","[90, -232]","[240, -232]","[100, 100]","[-60, -82]","[90, -82]","[240, -82]","[-210, -232]",1,12,"[100, 100]","[100, 100]",tray,00.png,25.png,04.png,00.png,10.png,20.png,15.png,m,"[100, 100]","[100, 100]","[100, 100]","[100, 100]","[100, 100]","[100, 100]","[100, 100]","[100, 100]","[100, 100]","[100, 100]","[100, 100]","[0, -375]",ok.png,"[100, 100]","[100, 100]",187,1,1,1,1,0,0,0,0,0,0,0,1.06020784378,1.060207843780518,0,-222,-222,60,60,1,1,0,0,0,0,0,0,0,0.417241722345,0.4172417223453522,0,-220,-220,60,60,440
04.png,02.png,05.png,tray2.png,08.png,07.png,01.png,03.png,00.png,"[-248, -61]","[202, 89]","[150, 100]","[-98, 89]","[52, 89]","[202, 239]","[-248, 89]","[-98, 239]","[52, 239]","[-248, 239]","[-98, -211]","[52, -211]","[202, -211]","[100, 100]","[-98, -61]","[52, -61]","[202, -61]","[-248, -211]",1,12,"[100, 100]","[100, 100]",tray,28.png,24.png,00.png,32.png,00.png,20.png,00.png,m,"[100, 100]","[100, 100]","[100, 100]","[100, 100]","[100, 100]","[100, 100]","[100, 100]","[100, 100]","[100, 100]","[100, 100]","[100, 100]","[0, -375]",ok.png,"[100, 100]","[100, 100]",188,1,1,1,1,0,0,0,0,0,0,0,1.47728228569,1.477282285690308,0,203,203,221,221,1,1,0,0,0,0,0,0,0,0.159362539649,0.1593625396490097,0,202,202,222,222,389
01.png,12.png,tray2.png,23.png,00.png,00.png,28.png,13.png,08.png,"[-207, -67]","[243, 83]","[150, 100]","[-57, 83]","[93, 83]","[243, 233]","[-207, 83]","[-57, 233]","[93, 233]","[-207, 233]","[-57, -217]","[93, -217]","[243, -217]","[100, 100]","[-57, -67]","[93, -67]","[243, -67]","[-207, -217]",1,12,"[100, 100]","[100, 100]",tray,00.png,16.png,33.png,03.png,29.png,06.png,00.png,m,"[100, 100]","[100, 100]","[100, 100]","[100, 100]","[100, 100]","[100, 100]","[100, 100]","[100, 100]","[100, 100]","[100, 100]","[100, 100]","[0, -375]",ok.png,"[100, 100]","[100, 100]",189,1,1,1,1,0,0,0,0,0,0,0,1.33938360214,1.339383602142334,0,90,90,219,219,1,1,0,0,0,0,0,0,0,2.13743925095,2.137439250946045,0,80,80,241,241,196
00.png,tray2.png,03.png,07.png,13.png,17.png,23.png,27.png,33.png,"[-248, -98]","[202, 52]","[150, 100]","[-98, 52]","[52, 52]","[202, 202]","[-248, 52]","[-98, 202]","[52, 202]","[-248, 202]","[-98, -248]","[52, -248]","[202, -248]","[100, 100]","[-98, -98]","[52, -98]","[202, -98]","[-248, -248]",1,12,"[100, 100]","[100, 100]",tray,14.png,16.png,04.png,06.png,00.png,00.png,00.png,m,"[100, 100]","[100, 100]","[100, 100]","[100, 100]","[100, 100]","[100, 100]","[100, 100]","[100, 100]","[100, 100]","[100, 100]","[100, 100]","[0, -375]",ok.png,"[100, 100]","[100, 100]",190,1,1,1,1,0,0,0,0,0,0,0,5.39400434494,5.394004344940186,0,-71,-71,222,222,1,1,0,0,0,0,0,0,0,1.64975106716,1.64975106716156,0,41,41,-402,-402,13
tray2.png,17.png,07.png,14.png,00.png,00.png,23.png,24.png,04.png,"[-213, -83]","[237, 67]","[150, 100]","[-63, 67]","[87, 67]","[237, 217]","[-213, 67]","[-63, 217]","[87, 217]","[-213, 217]","[-63, -233]","[87, -233]","[237, -233]","[100, 100]","[-63, -83]","[87, -83]","[237, -83]","[-213, -233]",1,12,"[100, 100]","[100, 100]",tray,00.png,02.png,03.png,00.png,04.png,30.png,20.png,m,"[100, 100]","[100, 100]","[100, 100]","[100, 100]","[100, 100]","[100, 100]","[100, 100]","[100, 100]","[100, 100]","[100, 100]","[100, 100]","[0, -375]",ok.png,"[100, 100]","[100, 100]",191,1,1,1,1,0,0,0,0,0,0,0,1.87065398693,1.870653986930847,0,-194,-194,253,253,1,1,0,0,0,0,0,0,0,0.299946844578,0.2999468445777893,0,-179,-179,252,252,338
18.png,tray2.png,04.png,00.png,00.png,16.png,22.png,12.png,11.png,"[-217, -100]","[233, 50]","[150, 100]","[-67, 50]","[83, 50]","[233, 200]","[-217, 50]","[-67, 200]","[83, 200]","[-217, 200]","[-67, -250]","[83, -250]","[233, -250]","[100, 100]","[-67, -100]","[83, -100]","[233, -100]","[-217, -250]",1,12,"[100, 100]","[100, 100]",tray,00.png,00.png,32.png,02.png,03.png,29.png,19.png,m,"[100, 100]","[100, 100]","[100, 100]","[100, 100]","[100, 100]","[100, 100]","[100, 100]","[100, 100]","[100, 100]","[100, 100]","[100, 100]","[0, -375]",ok.png,"[100, 100]","[100, 100]",192,1,1,1,1,0,0,0,0,0,0,0,1.98095595837,1.980955958366394,0,-21,-21,192,192,1,1,0,0,0,0,0,0,0,0.20211648941,0.2021164894104004,0,-21,-21,192,192,372
15.png,08.png,tray2.png,03.png,25.png,28.png,27.png,00.png,00.png,"[-210, -99]","[240, 51]","[150, 100]","[-60, 51]","[90, 51]","[240, 201]","[-210, 51]","[-60, 201]","[90, 201]","[-210, 201]","[-60, -249]","[90, -249]","[240, -249]","[100, 100]","[-60, -99]","[90, -99]","[240, -99]","[-210, -249]",1,12,"[100, 100]","[100, 100]",tray,21.png,05.png,00.png,00.png,16.png,11.png,13.png,m,"[100, 100]","[100, 100]","[100, 100]","[100, 100]","[100, 100]","[100, 100]","[100, 100]","[100, 100]","[100, 100]","[100, 100]","[100, 100]","[0, -375]",ok.png,"[100, 100]","[100, 100]",193,1,1,1,1,0,0,0,0,0,0,0,1.88617837429,1.886178374290466,0,66,66,201,201,1,1,0,0,0,0,0,0,0,0.12519030273,0.1251903027296066,0,67,67,198,198,308
00.png,07.png,14.png,tray2.png,23.png,00.png,09.png,29.png,28.png,"[-227, -50]","[223, 100]","[150, 100]","[-77, 100]","[73, 100]","[223, 250]","[-227, 100]","[-77, 250]","[73, 250]","[-227, 250]","[-77, -200]","[73, -200]","[223, -200]","[100, 100]","[-77, -50]","[73, -50]","[223, -50]","[-227, -200]",1,12,"[100, 100]","[100, 100]",tray,00.png,17.png,16.png,00.png,06.png,15.png,21.png,m,"[100, 100]","[100, 100]","[100, 100]","[100, 100]","[100, 100]","[100, 100]","[100, 100]","[100, 100]","[100, 100]","[100, 100]","[100, 100]","[0, -375]",ok.png,"[100, 100]","[100, 100]",194,1,1,1,1,0,0,0,0,0,0,0,1.55548143387,1.555481433868408,0,235,235,260,260,1,1,0,0,0,0,0,0,0,0.893305003643,0.8933050036430359,0,235,235,260,260,191
00.png,32.png,21.png,31.png,tray2.png,08.png,30.png,15.png,34.png,"[-238, -62]","[212, 88]","[150, 100]","[-88, 88]","[62, 88]","[212, 238]","[-238, 88]","[-88, 238]","[62, 238]","[-238, 238]","[-88, -212]","[62, -212]","[212, -212]","[100, 100]","[-88, -62]","[62, -62]","[212, -62]","[-238, -212]",1,12,"[100, 100]","[100, 100]",tray,12.png,28.png,00.png,00.png,00.png,01.png,11.png,m,"[100, 100]","[100, 100]","[100, 100]","[100, 100]","[100, 100]","[100, 100]","[100, 100]","[100, 100]","[100, 100]","[100, 100]","[100, 100]","[0, -375]",ok.png,"[100, 100]","[100, 100]",195,1,1,1,1,0,0,0,0,0,0,0,3.30397605896,3.303976058959961,0,-220,-220,72,72,1,1,0,0,0,0,0,0,0,0.218745872378,0.2187458723783493,0,-220,-220,72,72,263
00.png,00.png,16.png,13.png,10.png,tray2.png,09.png,07.png,27.png,"[-249, -99]","[201, 51]","[150, 100]","[-99, 51]","[51, 51]","[201, 201]","[-249, 51]","[-99, 201]","[51, 201]","[-249, 201]","[-99, -249]","[51, -249]","[201, -249]","[100, 100]","[-99, -99]","[51, -99]","[201, -99]","[-249, -249]",1,12,"[100, 100]","[100, 100]",tray,32.png,04.png,24.png,31.png,00.png,12.png,00.png,m,"[100, 100]","[100, 100]","[100, 100]","[100, 100]","[100, 100]","[100, 100]","[100, 100]","[100, 100]","[100, 100]","[100, 100]","[100, 100]","[0, -375]",ok.png,"[100, 100]","[100, 100]",196,1,1,1,1,0,0,0,0,0,0,0,1.81151866913,1.811518669128418,0,-114,-114,45,45,1,1,0,0,0,0,0,0,0,0.148689106107,0.1486891061067581,0,-114,-114,45,45,376
30.png,00.png,20.png,34.png,10.png,07.png,tray2.png,01.png,00.png,"[-228, -59]","[222, 91]","[150, 100]","[-78, 91]","[72, 91]","[222, 241]","[-228, 91]","[-78, 241]","[72, 241]","[-228, 241]","[-78, -209]","[72, -209]","[222, -209]","[100, 100]","[-78, -59]","[72, -59]","[222, -59]","[-228, -209]",1,12,"[100, 100]","[100, 100]",tray,33.png,12.png,05.png,19.png,00.png,25.png,00.png,m,"[100, 100]","[100, 100]","[100, 100]","[100, 100]","[100, 100]","[100, 100]","[100, 100]","[100, 100]","[100, 100]","[100, 100]","[100, 100]","[0, -375]",ok.png,"[100, 100]","[100, 100]",197,1,1,1,1,0,0,0,0,0,0,0,1.39943408966,1.399434089660645,0,45,45,76,76,1,1,0,0,0,0,0,0,0,0.171963125467,0.1719631254673004,0,45,45,75,75,354
00.png,00.png,24.png,26.png,30.png,04.png,02.png,tray2.png,09.png,"[-246, -74]","[204, 76]","[150, 100]","[-96, 76]","[54, 76]","[204, 226]","[-246, 76]","[-96, 226]","[54, 226]","[-246, 226]","[-96, -224]","[54, -224]","[204, -224]","[100, 100]","[-96, -74]","[54, -74]","[204, -74]","[-246, -224]",1,12,"[100, 100]","[100, 100]",tray,00.png,18.png,00.png,14.png,11.png,17.png,13.png,m,"[100, 100]","[100, 100]","[100, 100]","[100, 100]","[100, 100]","[100, 100]","[100, 100]","[100, 100]","[100, 100]","[100, 100]","[100, 100]","[0, -375]",ok.png,"[100, 100]","[100, 100]",198,1,1,1,1,0,0,0,0,0,0,0,1.45350289345,1.453502893447876,0,198,198,72,72,1,1,0,0,0,0,0,0,0,0.198887228966,0.1988872289657593,0,198,198,72,72,325
19.png,03.png,00.png,09.png,30.png,00.png,31.png,18.png,tray2.png,"[-227, -85]","[223, 65]","[150, 100]","[-77, 65]","[73, 65]","[223, 215]","[-227, 65]","[-77, 215]","[73, 215]","[-227, 215]","[-77, -235]","[73, -235]","[223, -235]","[100, 100]","[-77, -85]","[73, -85]","[223, -85]","[-227, -235]",1,12,"[100, 100]","[100, 100]",tray,11.png,20.png,00.png,07.png,00.png,10.png,14.png,m,"[100, 100]","[100, 100]","[100, 100]","[100, 100]","[100, 100]","[100, 100]","[100, 100]","[100, 100]","[100, 100]","[100, 100]","[100, 100]","[0, -375]",ok.png,"[100, 100]","[100, 100]",199,1,1,1,1,0,0,0,0,0,0,0,1.58467924595,1.584679245948792,0,-211,-211,-80,-80,1,1,0,0,0,0,0,0,0,0.158055976033,0.1580559760332108,0,-211,-211,-80,-80,410
26.png,29.png,32.png,19.png,00.png,14.png,00.png,33.png,00.png,"[-216, -92]","[234, 58]","[150, 100]","[-66, 58]","[84, 58]","[234, 208]","[-216, 58]","[-66, 208]","[84, 208]","[-216, 208]","[-66, -242]","[84, -242]","[234, -242]","[100, 100]","[-66, -92]","[84, -92]","[234, -92]","[-216, -242]",1,12,"[100, 100]","[100, 100]",tray,23.png,00.png,tray2.png,21.png,31.png,13.png,03.png,m,"[100, 100]","[100, 100]","[100, 100]","[100, 100]","[100, 100]","[100, 100]","[100, 100]","[100, 100]","[100, 100]","[100, 100]","[100, 100]","[0, -375]",ok.png,"[100, 100]","[100, 100]",200,1,1,1,1,0,0,0,0,0,0,0,1.92089211941,1.920892119407654,0,-22,-22,-82,-82,1,1,0,0,0,0,0,0,0,0.164501845837,0.1645018458366394,0,-22,-22,-82,-82,419
dots1.png,01.png,02.png,03.png,04.png,05.png,06.png,07.png,08.png,"[-249, -75]","[201, 75]","[150, 100]","[-99, 75]","[51, 75]","[201, 225]","[-249, 75]","[-99, 225]","[51, 225]","[-249, 225]","[-99, -225]","[51, -225]","[201, -225]","[100, 100]","[-99, -75]","[51, -75]","[201, -75]","[-249, -225]",1,12,"[100, 100]","[100, 100]",dots,11.png,00.png,09.png,10.png,00.png,00.png,00.png,m,"[100, 100]","[100, 100]","[100, 100]","[100, 100]","[100, 100]","[100, 100]","[100, 100]","[100, 100]","[100, 100]","[100, 100]","[100, 100]","[0, -375]",ok.png,"[100, 100]","[100, 100]",201,2,1,1,1,0,0,0,0,0,0,0,1.38293027878,1.382930278778076,0,-269,-269,224,224,1,1,0,0,0,0,0,0,0,0.157776474953,0.1577764749526978,0,-269,-269,224,224,373
08.png,dots1.png,09.png,00.png,10.png,11.png,12.png,13.png,00.png,"[-230, -51]","[220, 99]","[150, 100]","[-80, 99]","[70, 99]","[220, 249]","[-230, 99]","[-80, 249]","[70, 249]","[-230, 249]","[-80, -201]","[70, -201]","[220, -201]","[100, 100]","[-80, -51]","[70, -51]","[220, -51]","[-230, -201]",1,12,"[100, 100]","[100, 100]",dots,33.png,32.png,14.png,34.png,00.png,31.png,00.png,m,"[100, 100]","[100, 100]","[100, 100]","[100, 100]","[100, 100]","[100, 100]","[100, 100]","[100, 100]","[100, 100]","[100, 100]","[100, 100]","[0, -375]",ok.png,"[100, 100]","[100, 100]",202,2,1,1,1,0,0,0,0,0,0,0,1.63656640053,1.636566400527954,0,-46,-46,229,229,1,1,0,0,0,0,0,0,0,0.201067894697,0.2010678946971893,0,-47,-47,230,230,186
00.png,00.png,dots1.png,15.png,16.png,17.png,18.png,19.png,20.png,"[-213, -56]","[237, 94]","[150, 100]","[-63, 94]","[87, 94]","[237, 244]","[-213, 94]","[-63, 244]","[87, 244]","[-213, 244]","[-63, -206]","[87, -206]","[237, -206]","[100, 100]","[-63, -56]","[87, -56]","[237, -56]","[-213, -206]",1,12,"[100, 100]","[100, 100]",dots,23.png,24.png,21.png,22.png,00.png,25.png,00.png,m,"[100, 100]","[100, 100]","[100, 100]","[100, 100]","[100, 100]","[100, 100]","[100, 100]","[100, 100]","[100, 100]","[100, 100]","[100, 100]","[0, -375]",ok.png,"[100, 100]","[100, 100]",203,2,1,1,1,0,0,0,0,0,0,0,1.1389746666,1.138974666595459,0,73,73,209,209,1,1,0,0,0,0,0,0,0,1.24447631836,1.244476318359375,0,247,247,-61,-61,47
22.png,23.png,24.png,dots1.png,00.png,00.png,25.png,26.png,00.png,"[-209, -76]","[241, 74]","[150, 100]","[-59, 74]","[91, 74]","[241, 224]","[-209, 74]","[-59, 224]","[91, 224]","[-209, 224]","[-59, -226]","[91, -226]","[241, -226]","[100, 100]","[-59, -76]","[91, -76]","[241, -76]","[-209, -226]",1,12,"[100, 100]","[100, 100]",dots,28.png,29.png,00.png,27.png,32.png,30.png,31.png,m,"[100, 100]","[100, 100]","[100, 100]","[100, 100]","[100, 100]","[100, 100]","[100, 100]","[100, 100]","[100, 100]","[100, 100]","[100, 100]","[0, -375]",ok.png,"[100, 100]","[100, 100]",204,2,1,1,1,0,0,0,0,0,0,0,1.48256111145,1.482561111450195,0,237,237,221,221,1,1,0,0,0,0,0,0,0,0.182884261012,0.1828842610120773,0,237,237,221,221,402
02.png,04.png,06.png,08.png,dots1.png,29.png,30.png,31.png,32.png,"[-244, -72]","[206, 78]","[150, 100]","[-94, 78]","[56, 78]","[206, 228]","[-244, 78]","[-94, 228]","[56, 228]","[-244, 228]","[-94, -222]","[56, -222]","[206, -222]","[100, 100]","[-94, -72]","[56, -72]","[206, -72]","[-244, -222]",1,12,"[100, 100]","[100, 100]",dots,01.png,00.png,33.png,34.png,00.png,00.png,00.png,m,"[100, 100]","[100, 100]","[100, 100]","[100, 100]","[100, 100]","[100, 100]","[100, 100]","[100, 100]","[100, 100]","[100, 100]","[100, 100]","[0, -375]",ok.png,"[100, 100]","[100, 100]",205,2,1,1,1,0,0,0,0,0,0,0,1.78142035007,1.781420350074768,0,-221,-221,76,76,1,1,0,0,0,0,0,0,0,0.124240577221,0.1242405772209167,0,-221,-221,76,76,106
01.png,34.png,07.png,27.png,04.png,dots1.png,00.png,00.png,06.png,"[-227, -91]","[223, 59]","[150, 100]","[-77, 59]","[73, 59]","[223, 209]","[-227, 59]","[-77, 209]","[73, 209]","[-227, 209]","[-77, -241]","[73, -241]","[223, -241]","[100, 100]","[-77, -91]","[73, -91]","[223, -91]","[-227, -241]",1,12,"[100, 100]","[100, 100]",dots,29.png,17.png,15.png,09.png,00.png,23.png,00.png,m,"[100, 100]","[100, 100]","[100, 100]","[100, 100]","[100, 100]","[100, 100]","[100, 100]","[100, 100]","[100, 100]","[100, 100]","[100, 100]","[0, -375]",ok.png,"[100, 100]","[100, 100]",206,2,1,1,1,0,0,0,0,0,0,0,1.88633942604,1.886339426040649,0,-55,-55,64,64,1,1,0,0,0,0,0,0,0,0.141758456826,0.14175845682621,0,-55,-55,64,64,309
00.png,00.png,02.png,05.png,07.png,03.png,dots1.png,25.png,18.png,"[-215, -68]","[235, 82]","[150, 100]","[-65, 82]","[85, 82]","[235, 232]","[-215, 82]","[-65, 232]","[85, 232]","[-215, 232]","[-65, -218]","[85, -218]","[235, -218]","[100, 100]","[-65, -68]","[85, -68]","[235, -68]","[-215, -218]",1,12,"[100, 100]","[100, 100]",dots,00.png,06.png,14.png,00.png,17.png,22.png,09.png,m,"[100, 100]","[100, 100]","[100, 100]","[100, 100]","[100, 100]","[100, 100]","[100, 100]","[100, 100]","[100, 100]","[100, 100]","[100, 100]","[0, -375]",ok.png,"[100, 100]","[100, 100]",207,2,1,1,1,0,0,0,0,0,0,0,1.45381259918,1.453812599182129,0,51,51,62,62,1,1,0,0,0,0,0,0,0,0.164560690522,0.1645606905221939,0,51,51,62,62,375
00.png,05.png,33.png,07.png,20.png,15.png,27.png,dots1.png,30.png,"[-216, -80]","[234, 70]","[150, 100]","[-66, 70]","[84, 70]","[234, 220]","[-216, 70]","[-66, 220]","[84, 220]","[-216, 220]","[-66, -230]","[84, -230]","[234, -230]","[100, 100]","[-66, -80]","[84, -80]","[234, -80]","[-216, -230]",1,12,"[100, 100]","[100, 100]",dots,31.png,00.png,17.png,25.png,00.png,00.png,33.png,m,"[100, 100]","[100, 100]","[100, 100]","[100, 100]","[100, 100]","[100, 100]","[100, 100]","[100, 100]","[100, 100]","[100, 100]","[100, 100]","[0, -375]",ok.png,"[100, 100]","[100, 100]",208,2,1,1,1,0,0,0,0,0,0,0,1.24571549892,1.245715498924255,0,201,201,59,59,1,1,0,0,0,0,0,0,0,0.140791967511,0.1407919675111771,0,201,201,59,59,326
07.png,10.png,13.png,16.png,00.png,00.png,00.png,00.png,dots1.png,"[-241, -73]","[209, 77]","[150, 100]","[-91, 77]","[59, 77]","[209, 227]","[-241, 77]","[-91, 227]","[59, 227]","[-241, 227]","[-91, -223]","[59, -223]","[209, -223]","[100, 100]","[-91, -73]","[59, -73]","[209, -73]","[-241, -223]",1,12,"[100, 100]","[100, 100]",dots,27.png,21.png,29.png,23.png,33.png,25.png,31.png,m,"[100, 100]","[100, 100]","[100, 100]","[100, 100]","[100, 100]","[100, 100]","[100, 100]","[100, 100]","[100, 100]","[100, 100]","[100, 100]","[0, -375]",ok.png,"[100, 100]","[100, 100]",209,2,1,1,1,0,0,0,0,0,0,0,1.72824513912,1.728245139122009,0,-259,-259,-78,-78,1,1,0,0,0,0,0,0,0,0.714658915997,0.7146589159965515,0,29,29,-35,-35,57
09.png,07.png,05.png,03.png,14.png,16.png,18.png,20.png,22.png,"[-200, -64]","[250, 86]","[150, 100]","[-50, 86]","[100, 86]","[250, 236]","[-200, 86]","[-50, 236]","[100, 236]","[-200, 236]","[-50, -214]","[100, -214]","[250, -214]","[100, 100]","[-50, -64]","[100, -64]","[250, -64]","[-200, -214]",1,12,"[100, 100]","[100, 100]",dots,26.png,00.png,dots1.png,24.png,00.png,00.png,00.png,m,"[100, 100]","[100, 100]","[100, 100]","[100, 100]","[100, 100]","[100, 100]","[100, 100]","[100, 100]","[100, 100]","[100, 100]","[100, 100]","[0, -375]",ok.png,"[100, 100]","[100, 100]",210,2,1,1,1,0,0,0,0,0,0,0,2.46588087082,2.465880870819092,0,-59,-59,-63,-63,1,1,0,0,0,0,0,0,0,0.141745105386,0.1417451053857803,0,-59,-59,-63,-63,129
00.png,00.png,33.png,31.png,13.png,10.png,34.png,32.png,16.png,"[-221, -59]","[229, 91]","[150, 100]","[-71, 91]","[79, 91]","[229, 241]","[-221, 91]","[-71, 241]","[79, 241]","[-221, 241]","[-71, -209]","[79, -209]","[229, -209]","[100, 100]","[-71, -59]","[79, -59]","[229, -59]","[-221, -209]",1,12,"[100, 100]","[100, 100]",dots,21.png,24.png,19.png,dots1.png,00.png,27.png,00.png,m,"[100, 100]","[100, 100]","[100, 100]","[100, 100]","[100, 100]","[100, 100]","[100, 100]","[100, 100]","[100, 100]","[100, 100]","[100, 100]","[0, -375]",ok.png,"[100, 100]","[100, 100]",211,2,1,1,1,0,0,0,0,0,0,0,1.67239487171,1.672394871711731,0,47,47,-25,-25,1,1,0,0,0,0,0,0,0,0.618903875351,0.6189038753509521,0,46,46,-28,-28,223
10.png,15.png,20.png,25.png,00.png,00.png,04.png,17.png,21.png,"[-248, -56]","[202, 94]","[150, 100]","[-98, 94]","[52, 94]","[202, 244]","[-248, 94]","[-98, 244]","[52, 244]","[-248, 244]","[-98, -206]","[52, -206]","[202, -206]","[100, 100]","[-98, -56]","[52, -56]","[202, -56]","[-248, -206]",1,12,"[100, 100]","[100, 100]",dots,dots1.png,00.png,16.png,11.png,34.png,00.png,27.png,m,"[100, 100]","[100, 100]","[100, 100]","[100, 100]","[100, 100]","[100, 100]","[100, 100]","[100, 100]","[100, 100]","[100, 100]","[100, 100]","[0, -375]",ok.png,"[100, 100]","[100, 100]",212,2,1,1,1,0,0,0,0,0,0,0,1.66686415672,1.666864156723022,0,181,181,-74,-74,1,1,0,0,0,0,0,0,0,0.157350540161,0.1573505401611328,0,181,181,-75,-75,261
00.png,00.png,20.png,24.png,28.png,32.png,00.png,00.png,03.png,"[-241, -56]","[209, 94]","[150, 100]","[-91, 94]","[59, 94]","[209, 244]","[-241, 94]","[-91, 244]","[59, 244]","[-241, 244]","[-91, -206]","[59, -206]","[209, -206]","[100, 100]","[-91, -56]","[59, -56]","[209, -56]","[-241, -206]",1,12,"[100, 100]","[100, 100]",dots,08.png,dots1.png,01.png,07.png,04.png,05.png,02.png,m,"[100, 100]","[100, 100]","[100, 100]","[100, 100]","[100, 100]","[100, 100]","[100, 100]","[100, 100]","[100, 100]","[100, 100]","[100, 100]","[0, -375]",ok.png,"[100, 100]","[100, 100]",213,2,1,1,1,0,0,0,0,0,0,0,1.39961612225,1.399616122245789,0,-214,-214,-211,-211,1,1,0,0,0,0,0,0,0,0.24858379364,0.2485837936401367,0,-214,-214,-211,-211,356
29.png,00.png,06.png,16.png,00.png,03.png,33.png,08.png,13.png,"[-225, -58]","[225, 92]","[150, 100]","[-75, 92]","[75, 92]","[225, 242]","[-225, 92]","[-75, 242]","[75, 242]","[-225, 242]","[-75, -208]","[75, -208]","[225, -208]","[100, 100]","[-75, -58]","[75, -58]","[225, -58]","[-225, -208]",1,12,"[100, 100]","[100, 100]",dots,00.png,23.png,28.png,00.png,01.png,dots1.png,12.png,m,"[100, 100]","[100, 100]","[100, 100]","[100, 100]","[100, 100]","[100, 100]","[100, 100]","[100, 100]","[100, 100]","[100, 100]","[100, 100]","[0, -375]",ok.png,"[100, 100]","[100, 100]",214,2,1,1,1,0,0,0,0,0,0,0,1.29769396782,1.297693967819214,0,-100,-100,-229,-229,1,1,0,0,0,0,0,0,0,1.11826956272,1.118269562721252,0,-81,-81,-233,-233,205
00.png,00.png,00.png,16.png,14.png,06.png,04.png,33.png,27.png,"[-220, -99]","[230, 51]","[150, 100]","[-70, 51]","[80, 51]","[230, 201]","[-220, 51]","[-70, 201]","[80, 201]","[-220, 201]","[-70, -249]","[80, -249]","[230, -249]","[100, 100]","[-70, -99]","[80, -99]","[230, -99]","[-220, -249]",1,12,"[100, 100]","[100, 100]",dots,13.png,07.png,23.png,17.png,00.png,03.png,dots1.png,m,"[100, 100]","[100, 100]","[100, 100]","[100, 100]","[100, 100]","[100, 100]","[100, 100]","[100, 100]","[100, 100]","[100, 100]","[100, 100]","[0, -375]",ok.png,"[100, 100]","[100, 100]",215,2,1,1,1,0,0,0,0,0,0,0,1.95802092552,1.958020925521851,0,116,116,-244,-244,1,1,0,0,0,0,0,0,0,5.30192518234,5.301925182342529,0,-1,-1,-395,-395,5
04.png,20.png,30.png,02.png,00.png,00.png,03.png,04.png,24.png,"[-244, -51]","[206, 99]","[150, 100]","[-94, 99]","[56, 99]","[206, 249]","[-244, 99]","[-94, 249]","[56, 249]","[-244, 249]","[-94, -201]","[56, -201]","[206, -201]","[100, 100]","[-94, -51]","[56, -51]","[206, -51]","[-244, -201]",1,12,"[100, 100]","[100, 100]",dots,00.png,14.png,23.png,00.png,dots1.png,07.png,17.png,m,"[100, 100]","[100, 100]","[100, 100]","[100, 100]","[100, 100]","[100, 100]","[100, 100]","[100, 100]","[100, 100]","[100, 100]","[100, 100]","[0, -375]",ok.png,"[100, 100]","[100, 100]",216,2,1,1,1,0,0,0,0,0,0,0,2.45720982552,2.457209825515747,0,194,194,-151,-151,1,1,0,0,0,0,0,0,0,0.342076063156,0.3420760631561279,0,208,208,-201,-201,151
03.png,19.png,29.png,00.png,00.png,02.png,32.png,11.png,12.png,"[-204, -88]","[246, 62]","[150, 100]","[-54, 62]","[96, 62]","[246, 212]","[-204, 62]","[-54, 212]","[96, 212]","[-204, 212]","[-54, -238]","[96, -238]","[246, -238]","[100, 100]","[-54, -88]","[96, -88]","[246, -88]","[-204, -238]",1,12,"[100, 100]","[100, 100]",dots,00.png,00.png,22.png,16.png,18.png,04.png,dots1.png,m,"[100, 100]","[100, 100]","[100, 100]","[100, 100]","[100, 100]","[100, 100]","[100, 100]","[100, 100]","[100, 100]","[100, 100]","[100, 100]","[0, -375]",ok.png,"[100, 100]","[100, 100]",217,2,1,1,1,0,0,0,0,0,0,0,4.58292102814,4.582921028137207,0,99,99,-248,-248,1,1,0,0,0,0,0,0,0,0.159518539906,0.1595185399055481,0,99,99,-248,-248,48
16.png,13.png,11.png,05.png,21.png,00.png,00.png,00.png,00.png,"[-202, -90]","[248, 60]","[150, 100]","[-52, 60]","[98, 60]","[248, 210]","[-202, 60]","[-52, 210]","[98, 210]","[-202, 210]","[-52, -240]","[98, -240]","[248, -240]","[100, 100]","[-52, -90]","[98, -90]","[248, -90]","[-202, -240]",1,12,"[100, 100]","[100, 100]",dots,25.png,03.png,27.png,28.png,15.png,dots1.png,08.png,m,"[100, 100]","[100, 100]","[100, 100]","[100, 100]","[100, 100]","[100, 100]","[100, 100]","[100, 100]","[100, 100]","[100, 100]","[100, 100]","[0, -375]",ok.png,"[100, 100]","[100, 100]",218,2,1,1,1,0,0,0,0,0,0,0,1.63767564297,1.637675642967224,0,-68,-68,-239,-239,1,1,0,0,0,0,0,0,0,0.165616467595,0.1656164675951004,0,-68,-68,-239,-239,374
06.png,21.png,15.png,17.png,00.png,00.png,16.png,28.png,29.png,"[-234, -57]","[216, 93]","[150, 100]","[-84, 93]","[66, 93]","[216, 243]","[-234, 93]","[-84, 243]","[66, 243]","[-234, 243]","[-84, -207]","[66, -207]","[216, -207]","[100, 100]","[-84, -57]","[66, -57]","[216, -57]","[-234, -207]",1,12,"[100, 100]","[100, 100]",dots,23.png,dots1.png,09.png,00.png,00.png,14.png,07.png,m,"[100, 100]","[100, 100]","[100, 100]","[100, 100]","[100, 100]","[100, 100]","[100, 100]","[100, 100]","[100, 100]","[100, 100]","[100, 100]","[0, -375]",ok.png,"[100, 100]","[100, 100]",219,2,1,1,1,0,0,0,0,0,0,0,1.73560452461,1.735604524612427,0,-267,-267,-218,-218,1,1,0,0,0,0,0,0,0,2.76037812233,2.760378122329712,0,-221,-221,-231,-231,364
00.png,11.png,01.png,28.png,12.png,00.png,00.png,34.png,15.png,"[-211, -80]","[239, 70]","[150, 100]","[-61, 70]","[89, 70]","[239, 220]","[-211, 70]","[-61, 220]","[89, 220]","[-211, 220]","[-61, -230]","[89, -230]","[239, -230]","[100, 100]","[-61, -80]","[89, -80]","[239, -80]","[-211, -230]",1,12,"[100, 100]","[100, 100]",dots,dots1.png,31.png,30.png,08.png,00.png,21.png,32.png,m,"[100, 100]","[100, 100]","[100, 100]","[100, 100]","[100, 100]","[100, 100]","[100, 100]","[100, 100]","[100, 100]","[100, 100]","[100, 100]","[0, -375]",ok.png,"[100, 100]","[100, 100]",220,2,1,1,1,0,0,0,0,0,0,0,1.75856757164,1.758567571640015,0,252,252,-57,-57,1,1,0,0,0,0,0,0,0,1.84177052975,1.841770529747009,0,236,236,-33,-33,74
00.png,00.png,12.png,04.png,32.png,31.png,24.png,27.png,07.png,"[-248, -75]","[202, 75]","[150, 100]","[-98, 75]","[52, 75]","[202, 225]","[-248, 75]","[-98, 225]","[52, 225]","[-248, 225]","[-98, -225]","[52, -225]","[202, -225]","[100, 100]","[-98, -75]","[52, -75]","[202, -75]","[-248, -225]",1,12,"[100, 100]","[100, 100]",dots,10.png,13.png,09.png,dots1.png,00.png,16.png,00.png,m,"[100, 100]","[100, 100]","[100, 100]","[100, 100]","[100, 100]","[100, 100]","[100, 100]","[100, 100]","[100, 100]","[100, 100]","[100, 100]","[0, -375]",ok.png,"[100, 100]","[100, 100]",221,2,1,1,1,0,0,0,0,0,0,0,1.96434569359,1.964345693588257,0,88,88,-73,-73,1,1,0,0,0,0,0,0,0,0.157614648342,0.1576146483421326,0,88,88,-73,-73,210
00.png,00.png,25.png,12.png,33.png,19.png,05.png,00.png,01.png,"[-236, -76]","[214, 74]","[150, 100]","[-86, 74]","[64, 74]","[214, 224]","[-236, 74]","[-86, 224]","[64, 224]","[-236, 224]","[-86, -226]","[64, -226]","[214, -226]","[100, 100]","[-86, -76]","[64, -76]","[214, -76]","[-236, -226]",1,12,"[100, 100]","[100, 100]",dots,10.png,34.png,dots1.png,07.png,30.png,20.png,00.png,m,"[100, 100]","[100, 100]","[100, 100]","[100, 100]","[100, 100]","[100, 100]","[100, 100]","[100, 100]","[100, 100]","[100, 100]","[100, 100]","[0, -375]",ok.png,"[100, 100]","[100, 100]",222,2,1,1,1,0,0,0,0,0,0,0,1.04716420174,1.04716420173645,0,-95,-95,-97,-97,1,1,0,0,0,0,0,0,0,2.75784659386,2.757846593856812,0,-110,-110,-47,-47,143
11.png,13.png,17.png,18.png,00.png,14.png,00.png,09.png,dots1.png,"[-209, -74]","[241, 76]","[150, 100]","[-59, 76]","[91, 76]","[241, 226]","[-209, 76]","[-59, 226]","[91, 226]","[-209, 226]","[-59, -224]","[91, -224]","[241, -224]","[100, 100]","[-59, -74]","[91, -74]","[241, -74]","[-209, -224]",1,12,"[100, 100]","[100, 100]",dots,30.png,26.png,02.png,04.png,00.png,24.png,00.png,m,"[100, 100]","[100, 100]","[100, 100]","[100, 100]","[100, 100]","[100, 100]","[100, 100]","[100, 100]","[100, 100]","[100, 100]","[100, 100]","[0, -375]",ok.png,"[100, 100]","[100, 100]",223,2,1,1,1,0,0,0,0,0,0,0,1.29550373554,1.295503735542297,0,-182,-182,-55,-55,1,1,0,0,0,0,0,0,0,1.74657082558,1.746570825576782,0,-218,-218,-53,-53,82
00.png,14.png,10.png,20.png,11.png,07.png,00.png,dots1.png,18.png,"[-218, -78]","[232, 72]","[150, 100]","[-68, 72]","[82, 72]","[232, 222]","[-218, 72]","[-68, 222]","[82, 222]","[-218, 222]","[-68, -228]","[82, -228]","[232, -228]","[100, 100]","[-68, -78]","[82, -78]","[232, -78]","[-218, -228]",1,12,"[100, 100]","[100, 100]",dots,30.png,09.png,31.png,00.png,19.png,00.png,03.png,m,"[100, 100]","[100, 100]","[100, 100]","[100, 100]","[100, 100]","[100, 100]","[100, 100]","[100, 100]","[100, 100]","[100, 100]","[100, 100]","[0, -375]",ok.png,"[100, 100]","[100, 100]",224,2,1,1,1,0,0,0,0,0,0,0,1.01367723942,1.01367723941803,0,229,229,103,103,1,1,0,0,0,0,0,0,0,0.711358129978,0.7113581299781799,0,44,44,-378,-378,271
31.png,03.png,13.png,00.png,23.png,21.png,dots1.png,00.png,33.png,"[-210, -81]","[240, 69]","[150, 100]","[-60, 69]","[90, 69]","[240, 219]","[-210, 69]","[-60, 219]","[90, 219]","[-210, 219]","[-60, -231]","[90, -231]","[240, -231]","[100, 100]","[-60, -81]","[90, -81]","[240, -81]","[-210, -231]",1,12,"[100, 100]","[100, 100]",dots,00.png,19.png,00.png,14.png,26.png,32.png,29.png,m,"[100, 100]","[100, 100]","[100, 100]","[100, 100]","[100, 100]","[100, 100]","[100, 100]","[100, 100]","[100, 100]","[100, 100]","[100, 100]","[0, -375]",ok.png,"[100, 100]","[100, 100]",225,2,1,1,1,0,0,0,0,0,0,0,3.66072940826,3.66072940826416,0,110,110,74,74,1,1,0,0,0,0,0,0,0,1.90558636189,1.905586361885071,0,-27,-27,-404,-404,8
00.png,00.png,00.png,00.png,11.png,10.png,09.png,08.png,07.png,"[-221, -69]","[229, 81]","[150, 100]","[-71, 81]","[79, 81]","[229, 231]","[-221, 81]","[-71, 231]","[79, 231]","[-221, 231]","[-71, -219]","[79, -219]","[229, -219]","[100, 100]","[-71, -69]","[79, -69]","[229, -69]","[-221, -219]",1,12,"[100, 100]","[100, 100]",dots,04.png,03.png,06.png,05.png,dots2.png,02.png,01.png,m,"[100, 100]","[100, 100]","[100, 100]","[100, 100]","[100, 100]","[100, 100]","[100, 100]","[100, 100]","[100, 100]","[100, 100]","[100, 100]","[0, -375]",ok.png,"[100, 100]","[100, 100]",226,2,1,1,1,0,0,0,0,0,0,0,2.34800291061,2.348002910614014,0,248,248,-242,-242,1,1,0,0,0,0,0,0,0,0.157756283879,0.1577562838792801,0,248,248,-242,-242,288
00.png,00.png,31.png,32.png,33.png,34.png,14.png,00.png,13.png,"[-233, -99]","[217, 51]","[150, 100]","[-83, 51]","[67, 51]","[217, 201]","[-233, 51]","[-83, 201]","[67, 201]","[-233, 201]","[-83, -249]","[67, -249]","[217, -249]","[100, 100]","[-83, -99]","[67, -99]","[217, -99]","[-233, -249]",1,12,"[100, 100]","[100, 100]",dots,10.png,00.png,12.png,11.png,08.png,09.png,dots2.png,m,"[100, 100]","[100, 100]","[100, 100]","[100, 100]","[100, 100]","[100, 100]","[100, 100]","[100, 100]","[100, 100]","[100, 100]","[100, 100]","[0, -375]",ok.png,"[100, 100]","[100, 100]",227,2,1,1,1,0,0,0,0,0,0,0,1.29137611389,1.291376113891602,0,50,50,-208,-208,1,1,0,0,0,0,0,0,0,0.157407671213,0.15740767121315,0,50,50,-208,-208,324
00.png,00.png,25.png,24.png,23.png,22.png,21.png,20.png,19.png,"[-207, -73]","[243, 77]","[150, 100]","[-57, 77]","[93, 77]","[243, 227]","[-207, 77]","[-57, 227]","[93, 227]","[-207, 227]","[-57, -223]","[93, -223]","[243, -223]","[100, 100]","[-57, -73]","[93, -73]","[243, -73]","[-207, -223]",1,12,"[100, 100]","[100, 100]",dots,16.png,15.png,18.png,17.png,00.png,dots2.png,00.png,m,"[100, 100]","[100, 100]","[100, 100]","[100, 100]","[100, 100]","[100, 100]","[100, 100]","[100, 100]","[100, 100]","[100, 100]","[100, 100]","[0, -375]",ok.png,"[100, 100]","[100, 100]",228,2,1,1,1,0,0,0,0,0,0,0,2.52438688278,2.524386882781982,0,-61,-61,-237,-237,1,1,0,0,0,0,0,0,0,0.294476360083,0.2944763600826263,0,0,0,-340,-340,264
33.png,32.png,30.png,29.png,00.png,00.png,31.png,27.png,26.png,"[-206, -59]","[244, 91]","[150, 100]","[-56, 91]","[94, 91]","[244, 241]","[-206, 91]","[-56, 241]","[94, 241]","[-206, 241]","[-56, -209]","[94, -209]","[244, -209]","[100, 100]","[-56, -59]","[94, -59]","[244, -59]","[-206, -209]",1,12,"[100, 100]","[100, 100]",dots,00.png,dots2.png,28.png,00.png,22.png,24.png,23.png,m,"[100, 100]","[100, 100]","[100, 100]","[100, 100]","[100, 100]","[100, 100]","[100, 100]","[100, 100]","[100, 100]","[100, 100]","[100, 100]","[0, -375]",ok.png,"[100, 100]","[100, 100]",229,2,1,1,1,0,0,0,0,0,0,0,3.11760592461,3.117605924606323,0,-180,-180,-237,-237,1,1,0,0,0,0,0,0,0,0.140791967511,0.1407919675111771,0,-180,-180,-237,-237,59
00.png,00.png,00.png,00.png,01.png,34.png,33.png,32.png,31.png,"[-249, -71]","[201, 79]","[150, 100]","[-99, 79]","[51, 79]","[201, 229]","[-249, 79]","[-99, 229]","[51, 229]","[-249, 229]","[-99, -221]","[51, -221]","[201, -221]","[100, 100]","[-99, -71]","[51, -71]","[201, -71]","[-249, -221]",1,12,"[100, 100]","[100, 100]",dots,dots2.png,08.png,30.png,29.png,02.png,06.png,04.png,m,"[100, 100]","[100, 100]","[100, 100]","[100, 100]","[100, 100]","[100, 100]","[100, 100]","[100, 100]","[100, 100]","[100, 100]","[100, 100]","[0, -375]",ok.png,"[100, 100]","[100, 100]",230,2,1,1,1,0,0,0,0,0,0,0,1.32496154308,1.324961543083191,0,160,160,-89,-89,1,1,0,0,0,0,0,0,0,0.181989267468,0.1819892674684525,0,160,160,-89,-89,441
00.png,00.png,23.png,17.png,29.png,09.png,15.png,06.png,00.png,"[-207, -59]","[243, 91]","[150, 100]","[-57, 91]","[93, 91]","[243, 241]","[-207, 91]","[-57, 241]","[93, 241]","[-207, 241]","[-57, -209]","[93, -209]","[243, -209]","[100, 100]","[-57, -59]","[93, -59]","[243, -59]","[-207, -209]",1,12,"[100, 100]","[100, 100]",dots,04.png,27.png,00.png,dots2.png,01.png,07.png,34.png,m,"[100, 100]","[100, 100]","[100, 100]","[100, 100]","[100, 100]","[100, 100]","[100, 100]","[100, 100]","[100, 100]","[100, 100]","[100, 100]","[0, -375]",ok.png,"[100, 100]","[100, 100]",231,2,1,1,1,0,0,0,0,0,0,0,2.38553571701,2.385535717010498,0,105,105,-55,-55,1,1,0,0,0,0,0,0,0,0.141679078341,0.1416790783405304,0,105,105,-55,-55,307
17.png,09.png,22.png,06.png,00.png,00.png,14.png,18.png,25.png,"[-243, -65]","[207, 85]","[150, 100]","[-93, 85]","[57, 85]","[207, 235]","[-243, 85]","[-93, 235]","[57, 235]","[-243, 235]","[-93, -215]","[57, -215]","[207, -215]","[100, 100]","[-93, -65]","[57, -65]","[207, -65]","[-243, -215]",1,12,"[100, 100]","[100, 100]",dots,07.png,05.png,dots2.png,03.png,00.png,02.png,00.png,m,"[100, 100]","[100, 100]","[100, 100]","[100, 100]","[100, 100]","[100, 100]","[100, 100]","[100, 100]","[100, 100]","[100, 100]","[100, 100]","[0, -375]",ok.png,"[100, 100]","[100, 100]",232,2,1,1,1,0,0,0,0,0,0,0,1.07516801357,1.075168013572693,0,-74,-74,-84,-84,1,1,0,0,0,0,0,0,0,1.00682282448,1.006822824478149,0,-74,-74,-84,-84,232
00.png,33.png,00.png,00.png,31.png,25.png,17.png,30.png,dots2.png,"[-242, -71]","[208, 79]","[150, 100]","[-92, 79]","[58, 79]","[208, 229]","[-242, 79]","[-92, 229]","[58, 229]","[-242, 229]","[-92, -221]","[58, -221]","[208, -221]","[100, 100]","[-92, -71]","[58, -71]","[208, -71]","[-242, -221]",1,12,"[100, 100]","[100, 100]",dots,20.png,07.png,27.png,15.png,00.png,33.png,05.png,m,"[100, 100]","[100, 100]","[100, 100]","[100, 100]","[100, 100]","[100, 100]","[100, 100]","[100, 100]","[100, 100]","[100, 100]","[100, 100]","[0, -375]",ok.png,"[100, 100]","[100, 100]",233,2,1,1,1,0,0,0,0,0,0,0,1.49724423885,1.497244238853455,0,-230,-230,-69,-69,1,1,0,0,0,0,0,0,0,0.183813795447,0.1838137954473495,0,-230,-230,-69,-69,203
33.png,31.png,25.png,21.png,27.png,23.png,29.png,dots2.png,00.png,"[-243, -92]","[207, 58]","[150, 100]","[-93, 58]","[57, 58]","[207, 208]","[-243, 58]","[-93, 208]","[57, 208]","[-243, 208]","[-93, -242]","[57, -242]","[207, -242]","[100, 100]","[-93, -92]","[57, -92]","[207, -92]","[-243, -242]",1,12,"[100, 100]","[100, 100]",dots,00.png,16.png,00.png,00.png,07.png,13.png,10.png,m,"[100, 100]","[100, 100]","[100, 100]","[100, 100]","[100, 100]","[100, 100]","[100, 100]","[100, 100]","[100, 100]","[100, 100]","[100, 100]","[0, -375]",ok.png,"[100, 100]","[100, 100]",234,2,1,1,1,0,0,0,0,0,0,0,3.24164700508,3.241647005081177,0,205,205,54,54,1,1,0,0,0,0,0,0,0,0.141445413232,0.1414454132318497,0,206,206,56,56,254
00.png,00.png,00.png,00.png,26.png,24.png,dots2.png,22.png,20.png,"[-246, -69]","[204, 81]","[150, 100]","[-96, 81]","[54, 81]","[204, 231]","[-246, 81]","[-96, 231]","[54, 231]","[-246, 231]","[-96, -219]","[54, -219]","[204, -219]","[100, 100]","[-96, -69]","[54, -69]","[204, -69]","[-246, -219]",1,12,"[100, 100]","[100, 100]",dots,14.png,03.png,18.png,16.png,09.png,05.png,07.png,m,"[100, 100]","[100, 100]","[100, 100]","[100, 100]","[100, 100]","[100, 100]","[100, 100]","[100, 100]","[100, 100]","[100, 100]","[100, 100]","[0, -375]",ok.png,"[100, 100]","[100, 100]",235,2,1,1,1,0,0,0,0,0,0,0,0.945902764797,0.9459027647972108,0,49,49,67,67,1,1,0,0,0,0,0,0,0,1.79859268665,1.798592686653137,0,53,53,67,67,183
00.png,00.png,27.png,24.png,21.png,dots2.png,19.png,16.png,32.png,"[-222, -55]","[228, 95]","[150, 100]","[-72, 95]","[78, 95]","[228, 245]","[-222, 95]","[-72, 245]","[78, 245]","[-222, 245]","[-72, -205]","[78, -205]","[228, -205]","[100, 100]","[-72, -55]","[78, -55]","[228, -55]","[-222, -205]",1,12,"[100, 100]","[100, 100]",dots,13.png,31.png,34.png,10.png,00.png,33.png,00.png,m,"[100, 100]","[100, 100]","[100, 100]","[100, 100]","[100, 100]","[100, 100]","[100, 100]","[100, 100]","[100, 100]","[100, 100]","[100, 100]","[0, -375]",ok.png,"[100, 100]","[100, 100]",236,2,1,1,1,0,0,0,0,0,0,0,1.03043699265,1.030436992645264,0,-69,-69,102,102,1,1,0,0,0,0,0,0,0,2.05806684494,2.058066844940186,0,-87,-87,121,121,99
34.png,27.png,00.png,00.png,dots2.png,11.png,16.png,21.png,17.png,"[-224, -84]","[226, 66]","[150, 100]","[-74, 66]","[76, 66]","[226, 216]","[-224, 66]","[-74, 216]","[76, 216]","[-224, 216]","[-74, -234]","[76, -234]","[226, -234]","[100, 100]","[-74, -84]","[76, -84]","[226, -84]","[-224, -234]",1,12,"[100, 100]","[100, 100]",dots,00.png,25.png,04.png,00.png,10.png,20.png,15.png,m,"[100, 100]","[100, 100]","[100, 100]","[100, 100]","[100, 100]","[100, 100]","[100, 100]","[100, 100]","[100, 100]","[100, 100]","[100, 100]","[0, -375]",ok.png,"[100, 100]","[100, 100]",237,2,1,1,1,0,0,0,0,0,0,0,2.7006611824,2.700661182403564,0,-191,-191,75,75,1,1,0,0,0,0,0,0,0,2.28006863594,2.280068635940552,0,-192,-192,52,52,49
04.png,02.png,05.png,dots2.png,08.png,07.png,01.png,03.png,00.png,"[-233, -83]","[217, 67]","[150, 100]","[-83, 67]","[67, 67]","[217, 217]","[-233, 67]","[-83, 217]","[67, 217]","[-233, 217]","[-83, -233]","[67, -233]","[217, -233]","[100, 100]","[-83, -83]","[67, -83]","[217, -83]","[-233, -233]",1,12,"[100, 100]","[100, 100]",dots,28.png,24.png,00.png,32.png,00.png,20.png,00.png,m,"[100, 100]","[100, 100]","[100, 100]","[100, 100]","[100, 100]","[100, 100]","[100, 100]","[100, 100]","[100, 100]","[100, 100]","[100, 100]","[0, -375]",ok.png,"[100, 100]","[100, 100]",238,2,1,1,1,0,0,0,0,0,0,0,0.996112167835,0.9961121678352356,0,215,215,202,202,1,1,0,0,0,0,0,0,0,2.1579310894,2.157931089401245,0,25,25,-399,-399,19
01.png,12.png,dots2.png,23.png,00.png,00.png,28.png,13.png,08.png,"[-206, -78]","[244, 72]","[150, 100]","[-56, 72]","[94, 72]","[244, 222]","[-206, 72]","[-56, 222]","[94, 222]","[-206, 222]","[-56, -228]","[94, -228]","[244, -228]","[100, 100]","[-56, -78]","[94, -78]","[244, -78]","[-206, -228]",1,12,"[100, 100]","[100, 100]",dots,00.png,16.png,33.png,03.png,29.png,06.png,00.png,m,"[100, 100]","[100, 100]","[100, 100]","[100, 100]","[100, 100]","[100, 100]","[100, 100]","[100, 100]","[100, 100]","[100, 100]","[100, 100]","[0, -375]",ok.png,"[100, 100]","[100, 100]",239,2,1,1,1,0,0,0,0,0,0,0,0.789953172207,0.7899531722068787,0,143,143,248,248,1,1,0,0,0,0,0,0,0,0.515180826187,0.5151808261871338,0,105,105,220,220,25
00.png,dots2.png,03.png,07.png,13.png,17.png,23.png,27.png,33.png,"[-215, -68]","[235, 82]","[150, 100]","[-65, 82]","[85, 82]","[235, 232]","[-215, 82]","[-65, 232]","[85, 232]","[-215, 232]","[-65, -218]","[85, -218]","[235, -218]","[100, 100]","[-65, -68]","[85, -68]","[235, -68]","[-215, -218]",1,12,"[100, 100]","[100, 100]",dots,14.png,16.png,04.png,06.png,00.png,00.png,00.png,m,"[100, 100]","[100, 100]","[100, 100]","[100, 100]","[100, 100]","[100, 100]","[100, 100]","[100, 100]","[100, 100]","[100, 100]","[100, 100]","[0, -375]",ok.png,"[100, 100]","[100, 100]",240,2,1,1,1,0,0,0,0,0,0,0,2.09155392647,2.091553926467896,0,-77,-77,197,197,1,1,0,0,0,0,0,0,0,0.158064186573,0.1580641865730286,0,-77,-77,197,197,400
dots2.png,17.png,07.png,14.png,00.png,00.png,23.png,24.png,04.png,"[-206, -94]","[244, 56]","[150, 100]","[-56, 56]","[94, 56]","[244, 206]","[-206, 56]","[-56, 206]","[94, 206]","[-206, 206]","[-56, -244]","[94, -244]","[244, -244]","[100, 100]","[-56, -94]","[94, -94]","[244, -94]","[-206, -244]",1,12,"[100, 100]","[100, 100]",dots,00.png,02.png,03.png,00.png,04.png,30.png,20.png,m,"[100, 100]","[100, 100]","[100, 100]","[100, 100]","[100, 100]","[100, 100]","[100, 100]","[100, 100]","[100, 100]","[100, 100]","[100, 100]","[0, -375]",ok.png,"[100, 100]","[100, 100]",241,2,1,1,1,0,0,0,0,0,0,0,4.0110206604,4.011020660400391,0,-196,-196,215,215,1,1,0,0,0,0,0,0,0,0.139675632119,0.1396756321191788,0,-196,-196,215,215,292
18.png,dots2.png,04.png,00.png,00.png,16.png,22.png,12.png,11.png,"[-237, -53]","[213, 97]","[150, 100]","[-87, 97]","[63, 97]","[213, 247]","[-237, 97]","[-87, 247]","[63, 247]","[-237, 247]","[-87, -203]","[63, -203]","[213, -203]","[100, 100]","[-87, -53]","[63, -53]","[213, -53]","[-237, -203]",1,12,"[100, 100]","[100, 100]",dots,00.png,00.png,32.png,02.png,03.png,29.png,19.png,m,"[100, 100]","[100, 100]","[100, 100]","[100, 100]","[100, 100]","[100, 100]","[100, 100]","[100, 100]","[100, 100]","[100, 100]","[100, 100]","[0, -375]",ok.png,"[100, 100]","[100, 100]",242,2,1,1,1,0,0,0,0,0,0,0,1.33618414402,1.336184144020081,0,-100,-100,228,228,1,1,0,0,0,0,0,0,0,0.173729151487,0.1737291514873505,0,-100,-100,228,228,393
15.png,08.png,dots2.png,03.png,25.png,28.png,27.png,00.png,00.png,"[-203, -85]","[247, 65]","[150, 100]","[-53, 65]","[97, 65]","[247, 215]","[-203, 65]","[-53, 215]","[97, 215]","[-203, 215]","[-53, -235]","[97, -235]","[247, -235]","[100, 100]","[-53, -85]","[97, -85]","[247, -85]","[-203, -235]",1,12,"[100, 100]","[100, 100]",dots,21.png,05.png,00.png,00.png,16.png,11.png,13.png,m,"[100, 100]","[100, 100]","[100, 100]","[100, 100]","[100, 100]","[100, 100]","[100, 100]","[100, 100]","[100, 100]","[100, 100]","[100, 100]","[0, -375]",ok.png,"[100, 100]","[100, 100]",243,2,1,1,1,0,0,0,0,0,0,0,1.0443598032,1.044359803199768,0,111,111,212,212,1,1,0,0,0,0,0,0,0,1.54033958912,1.540339589118958,0,10,10,-402,-402,270
00.png,07.png,14.png,dots2.png,23.png,00.png,09.png,29.png,28.png,"[-203, -87]","[247, 63]","[150, 100]","[-53, 63]","[97, 63]","[247, 213]","[-203, 63]","[-53, 213]","[97, 213]","[-203, 213]","[-53, -237]","[97, -237]","[247, -237]","[100, 100]","[-53, -87]","[97, -87]","[247, -87]","[-203, -237]",1,12,"[100, 100]","[100, 100]",dots,00.png,17.png,16.png,00.png,06.png,15.png,21.png,m,"[100, 100]","[100, 100]","[100, 100]","[100, 100]","[100, 100]","[100, 100]","[100, 100]","[100, 100]","[100, 100]","[100, 100]","[100, 100]","[0, -375]",ok.png,"[100, 100]","[100, 100]",244,2,1,1,1,0,0,0,0,0,0,0,2.21082377434,2.210823774337769,0,242,242,216,216,1,1,0,0,0,0,0,0,0,0.175043910742,0.175043910741806,0,244,244,216,216,240
00.png,32.png,21.png,31.png,dots2.png,08.png,30.png,15.png,34.png,"[-220, -83]","[230, 67]","[150, 100]","[-70, 67]","[80, 67]","[230, 217]","[-220, 67]","[-70, 217]","[80, 217]","[-220, 217]","[-70, -233]","[80, -233]","[230, -233]","[100, 100]","[-70, -83]","[80, -83]","[230, -83]","[-220, -233]",1,12,"[100, 100]","[100, 100]",dots,12.png,28.png,00.png,00.png,00.png,01.png,11.png,m,"[100, 100]","[100, 100]","[100, 100]","[100, 100]","[100, 100]","[100, 100]","[100, 100]","[100, 100]","[100, 100]","[100, 100]","[100, 100]","[0, -375]",ok.png,"[100, 100]","[100, 100]",245,2,1,1,1,0,0,0,0,0,0,0,1.35754394531,1.3575439453125,0,-213,-213,53,53,1,1,0,0,0,0,0,0,0,0.190218612552,0.1902186125516891,0,-213,-213,53,53,386
00.png,00.png,16.png,13.png,10.png,dots2.png,09.png,07.png,27.png,"[-207, -60]","[243, 90]","[150, 100]","[-57, 90]","[93, 90]","[243, 240]","[-207, 90]","[-57, 240]","[93, 240]","[-207, 240]","[-57, -210]","[93, -210]","[243, -210]","[100, 100]","[-57, -60]","[93, -60]","[243, -60]","[-207, -210]",1,12,"[100, 100]","[100, 100]",dots,32.png,04.png,24.png,31.png,00.png,12.png,00.png,m,"[100, 100]","[100, 100]","[100, 100]","[100, 100]","[100, 100]","[100, 100]","[100, 100]","[100, 100]","[100, 100]","[100, 100]","[100, 100]","[0, -375]",ok.png,"[100, 100]","[100, 100]",246,2,1,1,1,0,0,0,0,0,0,0,1.49957752228,1.499577522277832,0,-35,-35,86,86,1,1,0,0,0,0,0,0,0,1.69728195667,1.697281956672668,0,-35,-35,86,86,153
30.png,00.png,20.png,34.png,10.png,07.png,dots2.png,01.png,00.png,"[-206, -63]","[244, 87]","[150, 100]","[-56, 87]","[94, 87]","[244, 237]","[-206, 87]","[-56, 237]","[94, 237]","[-206, 237]","[-56, -213]","[94, -213]","[244, -213]","[100, 100]","[-56, -63]","[94, -63]","[244, -63]","[-206, -213]",1,12,"[100, 100]","[100, 100]",dots,33.png,12.png,05.png,19.png,00.png,25.png,00.png,m,"[100, 100]","[100, 100]","[100, 100]","[100, 100]","[100, 100]","[100, 100]","[100, 100]","[100, 100]","[100, 100]","[100, 100]","[100, 100]","[0, -375]",ok.png,"[100, 100]","[100, 100]",247,2,1,1,1,0,0,0,0,0,0,0,1.01280105114,1.012801051139832,0,120,120,80,80,1,1,0,0,0,0,0,0,0,0.166534036398,0.166534036397934,0,121,121,77,77,383
00.png,00.png,24.png,26.png,30.png,04.png,02.png,dots2.png,09.png,"[-233, -69]","[217, 81]","[150, 100]","[-83, 81]","[67, 81]","[217, 231]","[-233, 81]","[-83, 231]","[67, 231]","[-233, 231]","[-83, -219]","[67, -219]","[217, -219]","[100, 100]","[-83, -69]","[67, -69]","[217, -69]","[-233, -219]",1,12,"[100, 100]","[100, 100]",dots,00.png,18.png,00.png,14.png,11.png,17.png,13.png,m,"[100, 100]","[100, 100]","[100, 100]","[100, 100]","[100, 100]","[100, 100]","[100, 100]","[100, 100]","[100, 100]","[100, 100]","[100, 100]","[0, -375]",ok.png,"[100, 100]","[100, 100]",248,2,1,1,1,0,0,0,0,0,0,0,1.01155674458,1.0115567445755,0,231,231,54,54,1,1,0,0,0,0,0,0,0,0.14186039567,0.1418603956699371,0,231,231,54,54,415
19.png,03.png,00.png,09.png,30.png,00.png,31.png,18.png,dots2.png,"[-203, -81]","[247, 69]","[150, 100]","[-53, 69]","[97, 69]","[247, 219]","[-203, 69]","[-53, 219]","[97, 219]","[-203, 219]","[-53, -231]","[97, -231]","[247, -231]","[100, 100]","[-53, -81]","[97, -81]","[247, -81]","[-203, -231]",1,12,"[100, 100]","[100, 100]",dots,11.png,20.png,00.png,07.png,00.png,10.png,14.png,m,"[100, 100]","[100, 100]","[100, 100]","[100, 100]","[100, 100]","[100, 100]","[100, 100]","[100, 100]","[100, 100]","[100, 100]","[100, 100]","[0, -375]",ok.png,"[100, 100]","[100, 100]",249,2,1,1,1,0,0,0,0,0,0,0,1.85417580605,1.854175806045532,0,-183,-183,-76,-76,1,1,0,0,0,0,0,0,0,0.159516483545,0.1595164835453033,0,-183,-183,-76,-76,60
26.png,29.png,32.png,19.png,00.png,14.png,00.png,33.png,00.png,"[-220, -96]","[230, 54]","[150, 100]","[-70, 54]","[80, 54]","[230, 204]","[-220, 54]","[-70, 204]","[80, 204]","[-220, 204]","[-70, -246]","[80, -246]","[230, -246]","[100, 100]","[-70, -96]","[80, -96]","[230, -96]","[-220, -246]",1,12,"[100, 100]","[100, 100]",dots,23.png,00.png,dots2.png,21.png,31.png,13.png,03.png,m,"[100, 100]","[100, 100]","[100, 100]","[100, 100]","[100, 100]","[100, 100]","[100, 100]","[100, 100]","[100, 100]","[100, 100]","[100, 100]","[0, -375]",ok.png,"[100, 100]","[100, 100]",250,2,1,1,1,0,0,0,0,0,0,0,2.41674089432,2.416740894317627,0,-49,-49,-104,-104,1,1,0,0,0,0,0,0,0,0.190730080009,0.1907300800085068,0,-49,-49,-100,-100,367
tray1.png,01.png,02.png,03.png,04.png,05.png,06.png,07.png,08.png,"[-238, -68]","[212, 82]","[150, 100]","[-88, 82]","[62, 82]","[212, 232]","[-238, 82]","[-88, 232]","[62, 232]","[-238, 232]","[-88, -218]","[62, -218]","[212, -218]","[100, 100]","[-88, -68]","[62, -68]","[212, -68]","[-238, -218]",1,12,"[100, 100]","[100, 100]",both,dots1.png,00.png,09.png,10.png,00.png,00.png,00.png,m,"[100, 100]","[100, 100]","[100, 100]","[100, 100]","[100, 100]","[100, 100]","[100, 100]","[100, 100]","[100, 100]","[100, 100]","[100, 100]","[0, -375]",ok.png,"[100, 100]","[100, 100]",251,3,1,1,1,0,0,0,0,0,0,0,1.70021665096,1.70021665096283,0,-241,-241,223,223,1,1,0,0,0,0,0,0,0,0.558945059776,0.5589450597763062,0,250,250,-57,-57,177
08.png,tray1.png,09.png,00.png,10.png,11.png,12.png,13.png,00.png,"[-201, -62]","[249, 88]","[150, 100]","[-51, 88]","[99, 88]","[249, 238]","[-201, 88]","[-51, 238]","[99, 238]","[-201, 238]","[-51, -212]","[99, -212]","[249, -212]","[100, 100]","[-51, -62]","[99, -62]","[249, -62]","[-201, -212]",1,12,"[100, 100]","[100, 100]",both,33.png,32.png,14.png,dots1.png,00.png,31.png,00.png,m,"[100, 100]","[100, 100]","[100, 100]","[100, 100]","[100, 100]","[100, 100]","[100, 100]","[100, 100]","[100, 100]","[100, 100]","[100, 100]","[0, -375]",ok.png,"[100, 100]","[100, 100]",252,3,1,1,1,0,0,0,0,0,0,0,1.46740019321,1.467400193214417,0,-20,-20,240,240,1,1,0,0,0,0,0,0,0,0.544022858143,0.5440228581428528,0,92,92,-86,-86,81
00.png,00.png,tray1.png,15.png,16.png,17.png,18.png,19.png,20.png,"[-216, -52]","[234, 98]","[150, 100]","[-66, 98]","[84, 98]","[234, 248]","[-216, 98]","[-66, 248]","[84, 248]","[-216, 248]","[-66, -202]","[84, -202]","[234, -202]","[100, 100]","[-66, -52]","[84, -52]","[234, -52]","[-216, -202]",1,12,"[100, 100]","[100, 100]",both,23.png,24.png,dots1.png,22.png,00.png,25.png,00.png,m,"[100, 100]","[100, 100]","[100, 100]","[100, 100]","[100, 100]","[100, 100]","[100, 100]","[100, 100]","[100, 100]","[100, 100]","[100, 100]","[0, -375]",ok.png,"[100, 100]","[100, 100]",253,3,1,1,1,0,0,0,0,0,0,0,1.24522280693,1.245222806930542,0,102,102,243,243,1,1,0,0,0,0,0,0,0,1.39895510674,1.398955106735229,0,-90,-90,-76,-76,73
22.png,23.png,24.png,tray1.png,00.png,00.png,25.png,dots1.png,00.png,"[-235, -51]","[215, 99]","[150, 100]","[-85, 99]","[65, 99]","[215, 249]","[-235, 99]","[-85, 249]","[65, 249]","[-235, 249]","[-85, -201]","[65, -201]","[215, -201]","[100, 100]","[-85, -51]","[65, -51]","[215, -51]","[-235, -201]",1,12,"[100, 100]","[100, 100]",both,28.png,29.png,00.png,27.png,32.png,30.png,31.png,m,"[100, 100]","[100, 100]","[100, 100]","[100, 100]","[100, 100]","[100, 100]","[100, 100]","[100, 100]","[100, 100]","[100, 100]","[100, 100]","[0, -375]",ok.png,"[100, 100]","[100, 100]",254,3,1,1,1,0,0,0,0,0,0,0,1.07587456703,1.07587456703186,0,219,219,262,262,1,1,0,0,0,0,0,0,0,0.742722272873,0.7427222728729248,0,192,192,75,75,16
02.png,04.png,06.png,08.png,tray1.png,29.png,dots1.png,31.png,32.png,"[-202, -71]","[248, 79]","[150, 100]","[-52, 79]","[98, 79]","[248, 229]","[-202, 79]","[-52, 229]","[98, 229]","[-202, 229]","[-52, -221]","[98, -221]","[248, -221]","[100, 100]","[-52, -71]","[98, -71]","[248, -71]","[-202, -221]",1,12,"[100, 100]","[100, 100]",both,01.png,00.png,33.png,34.png,00.png,00.png,00.png,m,"[100, 100]","[100, 100]","[100, 100]","[100, 100]","[100, 100]","[100, 100]","[100, 100]","[100, 100]","[100, 100]","[100, 100]","[100, 100]","[0, -375]",ok.png,"[100, 100]","[100, 100]",255,3,1,1,1,0,0,0,0,0,0,0,1.13650727272,1.136507272720337,0,83,83,62,62,1,1,0,0,0,0,0,0,0,0.15899476409,0.1589947640895844,0,83,83,62,62,394
01.png,34.png,07.png,27.png,dots1.png,tray1.png,00.png,00.png,06.png,"[-248, -79]","[202, 71]","[150, 100]","[-98, 71]","[52, 71]","[202, 221]","[-248, 71]","[-98, 221]","[52, 221]","[-248, 221]","[-98, -229]","[52, -229]","[202, -229]","[100, 100]","[-98, -79]","[52, -79]","[202, -79]","[-248, -229]",1,12,"[100, 100]","[100, 100]",both,29.png,17.png,15.png,09.png,00.png,23.png,00.png,m,"[100, 100]","[100, 100]","[100, 100]","[100, 100]","[100, 100]","[100, 100]","[100, 100]","[100, 100]","[100, 100]","[100, 100]","[100, 100]","[0, -375]",ok.png,"[100, 100]","[100, 100]",256,3,1,1,1,0,0,0,0,0,0,0,1.03057551384,1.030575513839722,0,-119,-119,85,85,1,1,0,0,0,0,0,0,0,0.759971916676,0.7599719166755676,0,-275,-275,64,64,155
00.png,00.png,02.png,dots1.png,07.png,03.png,tray1.png,25.png,18.png,"[-209, -61]","[241, 89]","[150, 100]","[-59, 89]","[91, 89]","[241, 239]","[-209, 89]","[-59, 239]","[91, 239]","[-209, 239]","[-59, -211]","[91, -211]","[241, -211]","[100, 100]","[-59, -61]","[91, -61]","[241, -61]","[-209, -211]",1,12,"[100, 100]","[100, 100]",both,00.png,06.png,14.png,00.png,17.png,22.png,09.png,m,"[100, 100]","[100, 100]","[100, 100]","[100, 100]","[100, 100]","[100, 100]","[100, 100]","[100, 100]","[100, 100]","[100, 100]","[100, 100]","[0, -375]",ok.png,"[100, 100]","[100, 100]",257,3,1,1,1,0,0,0,0,0,0,0,1.4618844986,1.461884498596191,0,73,73,104,104,1,1,0,0,0,0,0,0,0,0.267726391554,0.2677263915538788,0,206,206,205,205,228
00.png,05.png,dots1.png,07.png,20.png,15.png,27.png,tray1.png,30.png,"[-225, -86]","[225, 64]","[150, 100]","[-75, 64]","[75, 64]","[225, 214]","[-225, 64]","[-75, 214]","[75, 214]","[-225, 214]","[-75, -236]","[75, -236]","[225, -236]","[100, 100]","[-75, -86]","[75, -86]","[225, -86]","[-225, -236]",1,12,"[100, 100]","[100, 100]",both,31.png,00.png,17.png,25.png,00.png,00.png,33.png,m,"[100, 100]","[100, 100]","[100, 100]","[100, 100]","[100, 100]","[100, 100]","[100, 100]","[100, 100]","[100, 100]","[100, 100]","[100, 100]","[0, -375]",ok.png,"[100, 100]","[100, 100]",258,3,1,1,1,0,0,0,0,0,0,0,1.27881443501,1.278814435005188,0,78,78,193,193,1,1,0,0,0,0,0,0,0,3.07474589348,3.074745893478394,0,82,82,212,212,78
07.png,dots1.png,13.png,16.png,00.png,00.png,00.png,00.png,tray1.png,"[-248, -54]","[202, 96]","[150, 100]","[-98, 96]","[52, 96]","[202, 246]","[-248, 96]","[-98, 246]","[52, 246]","[-248, 246]","[-98, -204]","[52, -204]","[202, -204]","[100, 100]","[-98, -54]","[52, -54]","[202, -54]","[-248, -204]",1,12,"[100, 100]","[100, 100]",both,27.png,21.png,29.png,23.png,33.png,25.png,31.png,m,"[100, 100]","[100, 100]","[100, 100]","[100, 100]","[100, 100]","[100, 100]","[100, 100]","[100, 100]","[100, 100]","[100, 100]","[100, 100]","[0, -375]",ok.png,"[100, 100]","[100, 100]",259,3,1,1,1,0,0,0,0,0,0,0,0.993739902973,0.993739902973175,0,-96,-96,247,247,1,1,0,0,0,0,0,0,0,1.24716293812,1.247162938117981,0,-95,-95,248,248,184
dots1.png,07.png,05.png,03.png,14.png,16.png,18.png,20.png,22.png,"[-243, -70]","[207, 80]","[150, 100]","[-93, 80]","[57, 80]","[207, 230]","[-243, 80]","[-93, 230]","[57, 230]","[-243, 230]","[-93, -220]","[57, -220]","[207, -220]","[100, 100]","[-93, -70]","[57, -70]","[207, -70]","[-243, -220]",1,12,"[100, 100]","[100, 100]",both,26.png,00.png,tray1.png,24.png,00.png,00.png,00.png,m,"[100, 100]","[100, 100]","[100, 100]","[100, 100]","[100, 100]","[100, 100]","[100, 100]","[100, 100]","[100, 100]","[100, 100]","[100, 100]","[0, -375]",ok.png,"[100, 100]","[100, 100]",260,3,1,1,1,0,0,0,0,0,0,0,1.21014499664,1.210144996643066,0,-101,-101,-62,-62,1,1,0,0,0,0,0,0,0,0.425867915154,0.4258679151535034,0,-238,-238,228,228,173
00.png,00.png,dots1.png,31.png,13.png,10.png,34.png,32.png,16.png,"[-220, -53]","[230, 97]","[150, 100]","[-70, 97]","[80, 97]","[230, 247]","[-220, 97]","[-70, 247]","[80, 247]","[-220, 247]","[-70, -203]","[80, -203]","[230, -203]","[100, 100]","[-70, -53]","[80, -53]","[230, -53]","[-220, -203]",1,12,"[100, 100]","[100, 100]",both,21.png,24.png,19.png,tray1.png,00.png,27.png,00.png,m,"[100, 100]","[100, 100]","[100, 100]","[100, 100]","[100, 100]","[100, 100]","[100, 100]","[100, 100]","[100, 100]","[100, 100]","[100, 100]","[0, -375]",ok.png,"[100, 100]","[100, 100]",261,3,1,1,1,0,0,0,0,0,0,0,0.946844279766,0.9468442797660828,0,67,67,237,237,1,1,0,0,0,0,0,0,0,0.451440632343,0.4514406323432922,0,67,67,-66,-66,114
10.png,15.png,20.png,dots1.png,00.png,00.png,04.png,17.png,21.png,"[-218, -65]","[232, 85]","[150, 100]","[-68, 85]","[82, 85]","[232, 235]","[-218, 85]","[-68, 235]","[82, 235]","[-218, 235]","[-68, -215]","[82, -215]","[232, -215]","[100, 100]","[-68, -65]","[82, -65]","[232, -65]","[-218, -215]",1,12,"[100, 100]","[100, 100]",both,tray1.png,00.png,16.png,11.png,34.png,00.png,27.png,m,"[100, 100]","[100, 100]","[100, 100]","[100, 100]","[100, 100]","[100, 100]","[100, 100]","[100, 100]","[100, 100]","[100, 100]","[100, 100]","[0, -375]",ok.png,"[100, 100]","[100, 100]",262,3,1,1,1,0,0,0,0,0,0,0,1.90085828304,1.900858283042908,0,256,256,212,212,1,1,0,0,0,0,0,0,0,0.393395662308,0.3933956623077393,0,233,233,-79,-79,346
00.png,00.png,20.png,24.png,dots1.png,32.png,00.png,00.png,03.png,"[-232, -98]","[218, 52]","[150, 100]","[-82, 52]","[68, 52]","[218, 202]","[-232, 52]","[-82, 202]","[68, 202]","[-232, 202]","[-82, -248]","[68, -248]","[218, -248]","[100, 100]","[-82, -98]","[68, -98]","[218, -98]","[-232, -248]",1,12,"[100, 100]","[100, 100]",both,08.png,tray1.png,01.png,07.png,04.png,05.png,02.png,m,"[100, 100]","[100, 100]","[100, 100]","[100, 100]","[100, 100]","[100, 100]","[100, 100]","[100, 100]","[100, 100]","[100, 100]","[100, 100]","[0, -375]",ok.png,"[100, 100]","[100, 100]",263,3,1,1,1,0,0,0,0,0,0,0,1.40287232399,1.402872323989868,0,-216,-216,49,49,1,1,0,0,0,0,0,0,0,0.375497698784,0.3754976987838745,0,-208,-208,-186,-186,299
29.png,00.png,06.png,16.png,00.png,dots1.png,33.png,08.png,13.png,"[-209, -82]","[241, 68]","[150, 100]","[-59, 68]","[91, 68]","[241, 218]","[-209, 68]","[-59, 218]","[91, 218]","[-209, 218]","[-59, -232]","[91, -232]","[241, -232]","[100, 100]","[-59, -82]","[91, -82]","[241, -82]","[-209, -232]",1,12,"[100, 100]","[100, 100]",both,00.png,23.png,28.png,00.png,01.png,tray1.png,12.png,m,"[100, 100]","[100, 100]","[100, 100]","[100, 100]","[100, 100]","[100, 100]","[100, 100]","[100, 100]","[100, 100]","[100, 100]","[100, 100]","[0, -375]",ok.png,"[100, 100]","[100, 100]",264,3,1,1,1,0,0,0,0,0,0,0,0.778690636158,0.7786906361579895,0,-60,-60,73,73,1,1,0,0,0,0,0,0,0,1.65281879902,1.65281879901886,0,-76,-76,-199,-199,23
00.png,00.png,00.png,16.png,14.png,06.png,dots1.png,33.png,27.png,"[-209, -83]","[241, 67]","[150, 100]","[-59, 67]","[91, 67]","[241, 217]","[-209, 67]","[-59, 217]","[91, 217]","[-209, 217]","[-59, -233]","[91, -233]","[241, -233]","[100, 100]","[-59, -83]","[91, -83]","[241, -83]","[-209, -233]",1,12,"[100, 100]","[100, 100]",both,13.png,07.png,23.png,17.png,00.png,03.png,tray1.png,m,"[100, 100]","[100, 100]","[100, 100]","[100, 100]","[100, 100]","[100, 100]","[100, 100]","[100, 100]","[100, 100]","[100, 100]","[100, 100]","[0, -375]",ok.png,"[100, 100]","[100, 100]",265,3,1,1,1,0,0,0,0,0,0,0,1.6254554987,1.625455498695374,0,53,53,47,47,1,1,0,0,0,0,0,0,0,0.718913495541,0.7189134955406189,0,116,116,-291,-291,281
04.png,20.png,30.png,02.png,00.png,00.png,03.png,dots1.png,24.png,"[-208, -81]","[242, 69]","[150, 100]","[-58, 69]","[92, 69]","[242, 219]","[-208, 69]","[-58, 219]","[92, 219]","[-208, 219]","[-58, -231]","[92, -231]","[242, -231]","[100, 100]","[-58, -81]","[92, -81]","[242, -81]","[-208, -231]",1,12,"[100, 100]","[100, 100]",both,00.png,14.png,23.png,00.png,tray1.png,07.png,17.png,m,"[100, 100]","[100, 100]","[100, 100]","[100, 100]","[100, 100]","[100, 100]","[100, 100]","[100, 100]","[100, 100]","[100, 100]","[100, 100]","[0, -375]",ok.png,"[100, 100]","[100, 100]",266,3,1,1,1,0,0,0,0,0,0,0,2.50303387642,2.503033876419067,0,230,230,72,72,1,1,0,0,0,0,0,0,0,0.141069427133,0.1410694271326065,0,232,232,72,72,244
03.png,19.png,29.png,00.png,00.png,02.png,32.png,11.png,dots1.png,"[-226, -65]","[224, 85]","[150, 100]","[-76, 85]","[74, 85]","[224, 235]","[-226, 85]","[-76, 235]","[74, 235]","[-226, 235]","[-76, -215]","[74, -215]","[224, -215]","[100, 100]","[-76, -65]","[74, -65]","[224, -65]","[-226, -215]",1,12,"[100, 100]","[100, 100]",both,00.png,00.png,22.png,16.png,18.png,04.png,tray1.png,m,"[100, 100]","[100, 100]","[100, 100]","[100, 100]","[100, 100]","[100, 100]","[100, 100]","[100, 100]","[100, 100]","[100, 100]","[100, 100]","[0, -375]",ok.png,"[100, 100]","[100, 100]",267,3,1,1,1,0,0,0,0,0,0,0,1.6044510603,1.604451060295105,0,75,75,-211,-211,1,1,0,0,0,0,0,0,0,0.719027459621,0.7190274596214294,0,-237,-237,-71,-71,246
16.png,13.png,11.png,05.png,21.png,00.png,00.png,00.png,00.png,"[-237, -76]","[213, 74]","[150, 100]","[-87, 74]","[63, 74]","[213, 224]","[-237, 74]","[-87, 224]","[63, 224]","[-237, 224]","[-87, -226]","[63, -226]","[213, -226]","[100, 100]","[-87, -76]","[63, -76]","[213, -76]","[-237, -226]",1,12,"[100, 100]","[100, 100]",both,25.png,03.png,dots1.png,28.png,15.png,tray1.png,08.png,m,"[100, 100]","[100, 100]","[100, 100]","[100, 100]","[100, 100]","[100, 100]","[100, 100]","[100, 100]","[100, 100]","[100, 100]","[100, 100]","[0, -375]",ok.png,"[100, 100]","[100, 100]",268,3,1,1,1,0,0,0,0,0,0,0,1.30489289761,1.304892897605896,0,-61,-61,-87,-87,1,1,0,0,0,0,0,0,0,0.344655990601,0.3446559906005859,0,-51,-51,-210,-210,433
06.png,21.png,15.png,17.png,00.png,00.png,16.png,28.png,29.png,"[-213, -90]","[237, 60]","[150, 100]","[-63, 60]","[87, 60]","[237, 210]","[-213, 60]","[-63, 210]","[87, 210]","[-213, 210]","[-63, -240]","[87, -240]","[237, -240]","[100, 100]","[-63, -90]","[87, -90]","[237, -90]","[-213, -240]",1,12,"[100, 100]","[100, 100]",both,dots1.png,tray1.png,09.png,00.png,00.png,14.png,07.png,m,"[100, 100]","[100, 100]","[100, 100]","[100, 100]","[100, 100]","[100, 100]","[100, 100]","[100, 100]","[100, 100]","[100, 100]","[100, 100]","[0, -375]",ok.png,"[100, 100]","[100, 100]",269,3,1,1,1,0,0,0,0,0,0,0,1.49631023407,1.496310234069824,0,221,221,-124,-124,1,1,0,0,0,0,0,0,0,0.405957937241,0.4059579372406006,0,-323,-323,-285,-285,140
00.png,11.png,01.png,28.png,12.png,00.png,00.png,34.png,15.png,"[-248, -83]","[202, 67]","[150, 100]","[-98, 67]","[52, 67]","[202, 217]","[-248, 67]","[-98, 217]","[52, 217]","[-248, 217]","[-98, -233]","[52, -233]","[202, -233]","[100, 100]","[-98, -83]","[52, -83]","[202, -83]","[-248, -233]",1,12,"[100, 100]","[100, 100]",both,tray1.png,31.png,30.png,08.png,00.png,21.png,dots1.png,m,"[100, 100]","[100, 100]","[100, 100]","[100, 100]","[100, 100]","[100, 100]","[100, 100]","[100, 100]","[100, 100]","[100, 100]","[100, 100]","[0, -375]",ok.png,"[100, 100]","[100, 100]",270,3,1,1,1,0,0,0,0,0,0,0,1.19344103336,1.193441033363342,0,56,56,-255,-255,1,1,0,0,0,0,0,0,0,0.627258777618,0.6272587776184082,0,227,227,-88,-88,233
00.png,00.png,12.png,dots1.png,32.png,31.png,24.png,27.png,07.png,"[-230, -60]","[220, 90]","[150, 100]","[-80, 90]","[70, 90]","[220, 240]","[-230, 90]","[-80, 240]","[70, 240]","[-230, 240]","[-80, -210]","[70, -210]","[220, -210]","[100, 100]","[-80, -60]","[70, -60]","[220, -60]","[-230, -210]",1,12,"[100, 100]","[100, 100]",both,10.png,13.png,09.png,tray1.png,00.png,16.png,00.png,m,"[100, 100]","[100, 100]","[100, 100]","[100, 100]","[100, 100]","[100, 100]","[100, 100]","[100, 100]","[100, 100]","[100, 100]","[100, 100]","[0, -375]",ok.png,"[100, 100]","[100, 100]",271,3,1,1,1,0,0,0,0,0,0,0,1.96601629257,1.966016292572021,0,223,223,218,218,1,1,0,0,0,0,0,0,0,0.165803611279,0.1658036112785339,0,223,223,218,218,358
00.png,00.png,25.png,12.png,dots1.png,19.png,05.png,00.png,01.png,"[-218, -71]","[232, 79]","[150, 100]","[-68, 79]","[82, 79]","[232, 229]","[-218, 79]","[-68, 229]","[82, 229]","[-218, 229]","[-68, -221]","[82, -221]","[232, -221]","[100, 100]","[-68, -71]","[82, -71]","[232, -71]","[-218, -221]",1,12,"[100, 100]","[100, 100]",both,10.png,34.png,tray1.png,07.png,30.png,20.png,00.png,m,"[100, 100]","[100, 100]","[100, 100]","[100, 100]","[100, 100]","[100, 100]","[100, 100]","[100, 100]","[100, 100]","[100, 100]","[100, 100]","[0, -375]",ok.png,"[100, 100]","[100, 100]",272,3,1,1,1,0,0,0,0,0,0,0,0.840015172958,0.840015172958374,0,-38,-38,-53,-53,1,1,0,0,0,0,0,0,0,1.32305181026,1.323051810264587,0,-195,-195,84,84,212
11.png,13.png,17.png,18.png,00.png,dots1.png,00.png,09.png,tray1.png,"[-223, -64]","[227, 86]","[150, 100]","[-73, 86]","[77, 86]","[227, 236]","[-223, 86]","[-73, 236]","[77, 236]","[-223, 236]","[-73, -214]","[77, -214]","[227, -214]","[100, 100]","[-73, -64]","[77, -64]","[227, -64]","[-223, -214]",1,12,"[100, 100]","[100, 100]",both,30.png,26.png,02.png,04.png,00.png,24.png,00.png,m,"[100, 100]","[100, 100]","[100, 100]","[100, 100]","[100, 100]","[100, 100]","[100, 100]","[100, 100]","[100, 100]","[100, 100]","[100, 100]","[0, -375]",ok.png,"[100, 100]","[100, 100]",273,3,1,1,1,0,0,0,0,0,0,0,2.88369393349,2.883693933486938,0,-84,-84,73,73,1,1,0,0,0,0,0,0,0,0.448376595974,0.4483765959739685,0,-201,-201,-79,-79,368
00.png,14.png,10.png,20.png,11.png,07.png,00.png,tray1.png,18.png,"[-213, -92]","[237, 58]","[150, 100]","[-63, 58]","[87, 58]","[237, 208]","[-213, 58]","[-63, 208]","[87, 208]","[-213, 208]","[-63, -242]","[87, -242]","[237, -242]","[100, 100]","[-63, -92]","[87, -92]","[237, -92]","[-213, -242]",1,12,"[100, 100]","[100, 100]",both,30.png,09.png,31.png,00.png,dots1.png,00.png,03.png,m,"[100, 100]","[100, 100]","[100, 100]","[100, 100]","[100, 100]","[100, 100]","[100, 100]","[100, 100]","[100, 100]","[100, 100]","[100, 100]","[0, -375]",ok.png,"[100, 100]","[100, 100]",274,3,1,1,1,0,0,0,0,0,0,0,1.15002405643,1.150024056434631,0,214,214,53,53,1,1,0,0,0,0,0,0,0,1.13808071613,1.138080716133118,0,193,193,-233,-233,168
31.png,03.png,13.png,00.png,23.png,21.png,tray1.png,00.png,33.png,"[-239, -78]","[211, 72]","[150, 100]","[-89, 72]","[61, 72]","[211, 222]","[-239, 72]","[-89, 222]","[61, 222]","[-239, 222]","[-89, -228]","[61, -228]","[211, -228]","[100, 100]","[-89, -78]","[61, -78]","[211, -78]","[-239, -228]",1,12,"[100, 100]","[100, 100]",both,00.png,19.png,00.png,14.png,26.png,32.png,dots1.png,m,"[100, 100]","[100, 100]","[100, 100]","[100, 100]","[100, 100]","[100, 100]","[100, 100]","[100, 100]","[100, 100]","[100, 100]","[100, 100]","[0, -375]",ok.png,"[100, 100]","[100, 100]",275,3,1,1,1,0,0,0,0,0,0,0,1.59381902218,1.59381902217865,0,70,70,43,43,1,1,0,0,0,0,0,0,0,0.374966055155,0.3749660551548004,0,41,41,-233,-233,342
00.png,00.png,00.png,00.png,dots2.png,10.png,09.png,08.png,07.png,"[-244, -66]","[206, 84]","[150, 100]","[-94, 84]","[56, 84]","[206, 234]","[-244, 84]","[-94, 234]","[56, 234]","[-244, 234]","[-94, -216]","[56, -216]","[206, -216]","[100, 100]","[-94, -66]","[56, -66]","[206, -66]","[-244, -216]",1,12,"[100, 100]","[100, 100]",both,04.png,03.png,06.png,05.png,tray2.png,02.png,01.png,m,"[100, 100]","[100, 100]","[100, 100]","[100, 100]","[100, 100]","[100, 100]","[100, 100]","[100, 100]","[100, 100]","[100, 100]","[100, 100]","[0, -375]",ok.png,"[100, 100]","[100, 100]",276,3,1,1,1,0,0,0,0,0,0,0,2.02252960205,2.022529602050781,0,-240,-240,104,104,1,1,0,0,0,0,0,0,0,0.14240437746,0.1424043774604797,0,-240,-240,104,104,72
00.png,00.png,31.png,32.png,33.png,dots2.png,14.png,00.png,13.png,"[-224, -54]","[226, 96]","[150, 100]","[-74, 96]","[76, 96]","[226, 246]","[-224, 96]","[-74, 246]","[76, 246]","[-224, 246]","[-74, -204]","[76, -204]","[226, -204]","[100, 100]","[-74, -54]","[76, -54]","[226, -54]","[-224, -204]",1,12,"[100, 100]","[100, 100]",both,10.png,00.png,12.png,11.png,08.png,09.png,tray2.png,m,"[100, 100]","[100, 100]","[100, 100]","[100, 100]","[100, 100]","[100, 100]","[100, 100]","[100, 100]","[100, 100]","[100, 100]","[100, 100]","[0, -375]",ok.png,"[100, 100]","[100, 100]",277,3,1,1,1,0,0,0,0,0,0,0,1.12044167519,1.120441675186157,0,-84,-84,80,80,1,1,0,0,0,0,0,0,0,0.327868193388,0.3278681933879852,0,101,101,-247,-247,206
00.png,00.png,25.png,24.png,23.png,22.png,dots2.png,20.png,19.png,"[-238, -61]","[212, 89]","[150, 100]","[-88, 89]","[62, 89]","[212, 239]","[-238, 89]","[-88, 239]","[62, 239]","[-238, 239]","[-88, -211]","[62, -211]","[212, -211]","[100, 100]","[-88, -61]","[62, -61]","[212, -61]","[-238, -211]",1,12,"[100, 100]","[100, 100]",both,16.png,15.png,18.png,17.png,00.png,tray2.png,00.png,m,"[100, 100]","[100, 100]","[100, 100]","[100, 100]","[100, 100]","[100, 100]","[100, 100]","[100, 100]","[100, 100]","[100, 100]","[100, 100]","[0, -375]",ok.png,"[100, 100]","[100, 100]",278,3,1,1,1,0,0,0,0,0,0,0,2.19158840179,2.191588401794434,0,-95,-95,-211,-211,1,1,0,0,0,0,0,0,0,0.124034970999,0.124034970998764,0,-99,-99,-207,-207,52
33.png,32.png,30.png,29.png,00.png,00.png,31.png,dots2.png,26.png,"[-218, -91]","[232, 59]","[150, 100]","[-68, 59]","[82, 59]","[232, 209]","[-218, 59]","[-68, 209]","[82, 209]","[-218, 209]","[-68, -241]","[82, -241]","[232, -241]","[100, 100]","[-68, -91]","[82, -91]","[232, -91]","[-218, -241]",1,12,"[100, 100]","[100, 100]",both,00.png,tray2.png,28.png,00.png,22.png,24.png,23.png,m,"[100, 100]","[100, 100]","[100, 100]","[100, 100]","[100, 100]","[100, 100]","[100, 100]","[100, 100]","[100, 100]","[100, 100]","[100, 100]","[0, -375]",ok.png,"[100, 100]","[100, 100]",279,3,1,1,1,0,0,0,0,0,0,0,2.02980065346,2.029800653457642,0,251,251,84,84,1,1,0,0,0,0,0,0,0,0.750217735767,0.7502177357673645,0,-227,-227,-246,-246,245
00.png,00.png,00.png,00.png,01.png,34.png,33.png,32.png,dots2.png,"[-234, -76]","[216, 74]","[150, 100]","[-84, 74]","[66, 74]","[216, 224]","[-234, 74]","[-84, 224]","[66, 224]","[-234, 224]","[-84, -226]","[66, -226]","[216, -226]","[100, 100]","[-84, -76]","[66, -76]","[216, -76]","[-234, -226]",1,12,"[100, 100]","[100, 100]",both,tray2.png,08.png,30.png,29.png,02.png,06.png,04.png,m,"[100, 100]","[100, 100]","[100, 100]","[100, 100]","[100, 100]","[100, 100]","[100, 100]","[100, 100]","[100, 100]","[100, 100]","[100, 100]","[0, -375]",ok.png,"[100, 100]","[100, 100]",280,3,1,1,1,0,0,0,0,0,0,0,1.19781470299,1.197814702987671,0,183,183,-65,-65,1,1,0,0,0,0,0,0,0,0.316558778286,0.3165587782859802,0,-289,-289,-89,-89,362
00.png,00.png,23.png,17.png,29.png,09.png,15.png,06.png,00.png,"[-211, -95]","[239, 55]","[150, 100]","[-61, 55]","[89, 55]","[239, 205]","[-211, 55]","[-61, 205]","[89, 205]","[-211, 205]","[-61, -245]","[89, -245]","[239, -245]","[100, 100]","[-61, -95]","[89, -95]","[239, -95]","[-211, -245]",1,12,"[100, 100]","[100, 100]",both,04.png,27.png,00.png,tray2.png,01.png,dots2.png,34.png,m,"[100, 100]","[100, 100]","[100, 100]","[100, 100]","[100, 100]","[100, 100]","[100, 100]","[100, 100]","[100, 100]","[100, 100]","[100, 100]","[0, -375]",ok.png,"[100, 100]","[100, 100]",281,3,1,1,1,0,0,0,0,0,0,0,1.60764443874,1.607644438743591,0,91,91,-135,-135,1,1,0,0,0,0,0,0,0,0.291502982378,0.291502982378006,0,-119,-119,-270,-270,141
17.png,09.png,22.png,06.png,00.png,00.png,14.png,18.png,25.png,"[-232, -61]","[218, 89]","[150, 100]","[-82, 89]","[68, 89]","[218, 239]","[-232, 89]","[-82, 239]","[68, 239]","[-232, 239]","[-82, -211]","[68, -211]","[218, -211]","[100, 100]","[-82, -61]","[68, -61]","[218, -61]","[-232, -211]",1,12,"[100, 100]","[100, 100]",both,07.png,dots2.png,tray2.png,03.png,00.png,02.png,00.png,m,"[100, 100]","[100, 100]","[100, 100]","[100, 100]","[100, 100]","[100, 100]","[100, 100]","[100, 100]","[100, 100]","[100, 100]","[100, 100]","[0, -375]",ok.png,"[100, 100]","[100, 100]",282,3,1,1,1,0,0,0,0,0,0,0,1.68057048321,1.680570483207703,0,-130,-130,-78,-78,1,1,0,0,0,0,0,0,0,0.907305538654,0.9073055386543274,0,-206,-206,-196,-196,304
00.png,dots2.png,00.png,00.png,31.png,25.png,17.png,30.png,tray2.png,"[-218, -84]","[232, 66]","[150, 100]","[-68, 66]","[82, 66]","[232, 216]","[-218, 66]","[-68, 216]","[82, 216]","[-218, 216]","[-68, -234]","[82, -234]","[232, -234]","[100, 100]","[-68, -84]","[82, -84]","[232, -84]","[-218, -234]",1,12,"[100, 100]","[100, 100]",both,20.png,07.png,27.png,15.png,00.png,33.png,05.png,m,"[100, 100]","[100, 100]","[100, 100]","[100, 100]","[100, 100]","[100, 100]","[100, 100]","[100, 100]","[100, 100]","[100, 100]","[100, 100]","[0, -375]",ok.png,"[100, 100]","[100, 100]",283,3,1,1,1,0,0,0,0,0,0,0,0.869051158428,0.8690511584281921,0,-64,-64,233,233,1,1,0,0,0,0,0,0,0,0.735652387142,0.7356523871421814,0,-184,-184,-86,-86,3
33.png,31.png,dots2.png,21.png,27.png,23.png,29.png,tray2.png,00.png,"[-236, -69]","[214, 81]","[150, 100]","[-86, 81]","[64, 81]","[214, 231]","[-236, 81]","[-86, 231]","[64, 231]","[-236, 231]","[-86, -219]","[64, -219]","[214, -219]","[100, 100]","[-86, -69]","[64, -69]","[214, -69]","[-236, -219]",1,12,"[100, 100]","[100, 100]",both,00.png,16.png,00.png,00.png,07.png,13.png,10.png,m,"[100, 100]","[100, 100]","[100, 100]","[100, 100]","[100, 100]","[100, 100]","[100, 100]","[100, 100]","[100, 100]","[100, 100]","[100, 100]","[0, -375]",ok.png,"[100, 100]","[100, 100]",284,3,1,1,1,0,0,0,0,0,0,0,2.18377399445,2.183773994445801,0,214,214,96,96,1,1,0,0,0,0,0,0,0,0.140742018819,0.1407420188188553,0,216,216,93,93,117
00.png,00.png,00.png,00.png,26.png,24.png,tray2.png,22.png,20.png,"[-203, -80]","[247, 70]","[150, 100]","[-53, 70]","[97, 70]","[247, 220]","[-203, 70]","[-53, 220]","[97, 220]","[-203, 220]","[-53, -230]","[97, -230]","[247, -230]","[100, 100]","[-53, -80]","[97, -80]","[247, -80]","[-203, -230]",1,12,"[100, 100]","[100, 100]",both,14.png,03.png,18.png,16.png,09.png,dots2.png,07.png,m,"[100, 100]","[100, 100]","[100, 100]","[100, 100]","[100, 100]","[100, 100]","[100, 100]","[100, 100]","[100, 100]","[100, 100]","[100, 100]","[0, -375]",ok.png,"[100, 100]","[100, 100]",285,3,1,1,1,0,0,0,0,0,0,0,1.48267400265,1.4826740026474,0,118,118,54,54,1,1,0,0,0,0,0,0,0,0.528623759747,0.5286237597465515,0,12,12,-235,-235,435
00.png,00.png,27.png,24.png,21.png,tray2.png,19.png,16.png,32.png,"[-200, -54]","[250, 96]","[150, 100]","[-50, 96]","[100, 96]","[250, 246]","[-200, 96]","[-50, 246]","[100, 246]","[-200, 246]","[-50, -204]","[100, -204]","[250, -204]","[100, 100]","[-50, -54]","[100, -54]","[250, -54]","[-200, -204]",1,12,"[100, 100]","[100, 100]",both,dots2.png,31.png,34.png,10.png,00.png,33.png,00.png,m,"[100, 100]","[100, 100]","[100, 100]","[100, 100]","[100, 100]","[100, 100]","[100, 100]","[100, 100]","[100, 100]","[100, 100]","[100, 100]","[0, -375]",ok.png,"[100, 100]","[100, 100]",286,3,1,1,1,0,0,0,0,0,0,0,0.811976790428,0.8119767904281616,0,-36,-36,104,104,1,1,0,0,0,0,0,0,0,1.04549670219,1.045496702194214,0,254,254,4,4,272
34.png,27.png,00.png,00.png,tray2.png,11.png,16.png,21.png,17.png,"[-210, -77]","[240, 73]","[150, 100]","[-60, 73]","[90, 73]","[240, 223]","[-210, 73]","[-60, 223]","[90, 223]","[-210, 223]","[-60, -227]","[90, -227]","[240, -227]","[100, 100]","[-60, -77]","[90, -77]","[240, -77]","[-210, -227]",1,12,"[100, 100]","[100, 100]",both,00.png,dots2.png,04.png,00.png,10.png,20.png,15.png,m,"[100, 100]","[100, 100]","[100, 100]","[100, 100]","[100, 100]","[100, 100]","[100, 100]","[100, 100]","[100, 100]","[100, 100]","[100, 100]","[0, -375]",ok.png,"[100, 100]","[100, 100]",287,3,1,1,1,0,0,0,0,0,0,0,1.01150643826,1.01150643825531,0,-186,-186,-247,-247,1,1,0,0,0,0,0,0,0,0.418151736259,0.4181517362594604,0,-239,-239,111,111,437
04.png,02.png,05.png,tray2.png,08.png,07.png,01.png,03.png,00.png,"[-207, -87]","[243, 63]","[150, 100]","[-57, 63]","[93, 63]","[243, 213]","[-207, 63]","[-57, 213]","[93, 213]","[-207, 213]","[-57, -237]","[93, -237]","[243, -237]","[100, 100]","[-57, -87]","[93, -87]","[243, -87]","[-207, -237]",1,12,"[100, 100]","[100, 100]",both,28.png,24.png,00.png,32.png,00.png,dots2.png,00.png,m,"[100, 100]","[100, 100]","[100, 100]","[100, 100]","[100, 100]","[100, 100]","[100, 100]","[100, 100]","[100, 100]","[100, 100]","[100, 100]","[0, -375]",ok.png,"[100, 100]","[100, 100]",288,3,1,1,1,0,0,0,0,0,0,0,1.15554821491,1.155548214912415,0,296,296,210,210,1,1,0,0,0,0,0,0,0,0.670853316784,0.670853316783905,0,-53,-53,-264,-264,92
01.png,12.png,tray2.png,23.png,00.png,00.png,28.png,13.png,08.png,"[-248, -83]","[202, 67]","[150, 100]","[-98, 67]","[52, 67]","[202, 217]","[-248, 67]","[-98, 217]","[52, 217]","[-248, 217]","[-98, -233]","[52, -233]","[202, -233]","[100, 100]","[-98, -83]","[52, -83]","[202, -83]","[-248, -233]",1,12,"[100, 100]","[100, 100]",both,00.png,16.png,dots2.png,03.png,29.png,06.png,00.png,m,"[100, 100]","[100, 100]","[100, 100]","[100, 100]","[100, 100]","[100, 100]","[100, 100]","[100, 100]","[100, 100]","[100, 100]","[100, 100]","[0, -375]",ok.png,"[100, 100]","[100, 100]",289,3,1,1,1,0,0,0,0,0,0,0,0.869225263596,0.869225263595581,0,88,88,192,192,1,1,0,0,0,0,0,0,0,0.592992782593,0.5929927825927734,0,-81,-81,-91,-91,434
00.png,tray2.png,03.png,07.png,13.png,17.png,23.png,27.png,dots2.png,"[-238, -69]","[212, 81]","[150, 100]","[-88, 81]","[62, 81]","[212, 231]","[-238, 81]","[-88, 231]","[62, 231]","[-238, 231]","[-88, -219]","[62, -219]","[212, -219]","[100, 100]","[-88, -69]","[62, -69]","[212, -69]","[-238, -219]",1,12,"[100, 100]","[100, 100]",both,14.png,16.png,04.png,06.png,00.png,00.png,00.png,m,"[100, 100]","[100, 100]","[100, 100]","[100, 100]","[100, 100]","[100, 100]","[100, 100]","[100, 100]","[100, 100]","[100, 100]","[100, 100]","[0, -375]",ok.png,"[100, 100]","[100, 100]",290,3,1,1,1,0,0,0,0,0,0,0,2.78750252724,2.787502527236938,0,-97,-97,200,200,1,1,0,0,0,0,0,0,0,1.32858729362,1.328587293624878,0,-190,-190,-73,-73,237
tray2.png,17.png,07.png,14.png,00.png,00.png,23.png,dots2.png,04.png,"[-218, -85]","[232, 65]","[150, 100]","[-68, 65]","[82, 65]","[232, 215]","[-218, 65]","[-68, 215]","[82, 215]","[-218, 215]","[-68, -235]","[82, -235]","[232, -235]","[100, 100]","[-68, -85]","[82, -85]","[232, -85]","[-218, -235]",1,12,"[100, 100]","[100, 100]",both,00.png,02.png,03.png,00.png,04.png,30.png,20.png,m,"[100, 100]","[100, 100]","[100, 100]","[100, 100]","[100, 100]","[100, 100]","[100, 100]","[100, 100]","[100, 100]","[100, 100]","[100, 100]","[0, -375]",ok.png,"[100, 100]","[100, 100]",291,3,1,1,1,0,0,0,0,0,0,0,1.13545382023,1.135453820228577,0,-259,-259,217,217,1,1,0,0,0,0,0,0,0,0.451707154512,0.4517071545124054,0,272,272,63,63,200
18.png,tray2.png,04.png,00.png,00.png,16.png,dots2.png,12.png,11.png,"[-209, -92]","[241, 58]","[150, 100]","[-59, 58]","[91, 58]","[241, 208]","[-209, 58]","[-59, 208]","[91, 208]","[-209, 208]","[-59, -242]","[91, -242]","[241, -242]","[100, 100]","[-59, -92]","[91, -92]","[241, -92]","[-209, -242]",1,12,"[100, 100]","[100, 100]",both,00.png,00.png,32.png,02.png,03.png,29.png,19.png,m,"[100, 100]","[100, 100]","[100, 100]","[100, 100]","[100, 100]","[100, 100]","[100, 100]","[100, 100]","[100, 100]","[100, 100]","[100, 100]","[0, -375]",ok.png,"[100, 100]","[100, 100]",292,3,1,1,1,0,0,0,0,0,0,0,1.7134937048,1.713493704795837,0,110,110,50,50,1,1,0,0,0,0,0,0,0,0.157384738326,0.1573847383260727,0,110,110,50,50,224
15.png,08.png,tray2.png,03.png,25.png,dots2.png,27.png,00.png,00.png,"[-232, -60]","[218, 90]","[150, 100]","[-82, 90]","[68, 90]","[218, 240]","[-232, 90]","[-82, 240]","[68, 240]","[-232, 240]","[-82, -210]","[68, -210]","[218, -210]","[100, 100]","[-82, -60]","[68, -60]","[218, -60]","[-232, -210]",1,12,"[100, 100]","[100, 100]",both,21.png,05.png,00.png,00.png,16.png,11.png,13.png,m,"[100, 100]","[100, 100]","[100, 100]","[100, 100]","[100, 100]","[100, 100]","[100, 100]","[100, 100]","[100, 100]","[100, 100]","[100, 100]","[0, -375]",ok.png,"[100, 100]","[100, 100]",293,3,1,1,1,0,0,0,0,0,0,0,0.966035783291,0.966035783290863,0,-80,-80,86,86,1,1,0,0,0,0,0,0,0,0.573395192623,0.5733951926231384,0,51,51,229,229,175
00.png,07.png,14.png,tray2.png,23.png,00.png,09.png,29.png,28.png,"[-243, -97]","[207, 53]","[150, 100]","[-93, 53]","[57, 53]","[207, 203]","[-243, 53]","[-93, 203]","[57, 203]","[-243, 203]","[-93, -247]","[57, -247]","[207, -247]","[100, 100]","[-93, -97]","[57, -97]","[207, -97]","[-243, -247]",1,12,"[100, 100]","[100, 100]",both,00.png,17.png,16.png,00.png,dots2.png,15.png,21.png,m,"[100, 100]","[100, 100]","[100, 100]","[100, 100]","[100, 100]","[100, 100]","[100, 100]","[100, 100]","[100, 100]","[100, 100]","[100, 100]","[0, -375]",ok.png,"[100, 100]","[100, 100]",294,3,1,1,1,0,0,0,0,0,0,0,1.71907186508,1.719071865081787,0,267,267,196,196,1,1,0,0,0,0,0,0,0,0.574368834496,0.5743688344955444,0,221,221,-287,-287,329
00.png,32.png,21.png,31.png,tray2.png,08.png,30.png,15.png,34.png,"[-247, -57]","[203, 93]","[150, 100]","[-97, 93]","[53, 93]","[203, 243]","[-247, 93]","[-97, 243]","[53, 243]","[-247, 243]","[-97, -207]","[53, -207]","[203, -207]","[100, 100]","[-97, -57]","[53, -57]","[203, -57]","[-247, -207]",1,12,"[100, 100]","[100, 100]",both,12.png,28.png,00.png,00.png,00.png,01.png,dots2.png,m,"[100, 100]","[100, 100]","[100, 100]","[100, 100]","[100, 100]","[100, 100]","[100, 100]","[100, 100]","[100, 100]","[100, 100]","[100, 100]","[0, -375]",ok.png,"[100, 100]","[100, 100]",295,3,1,1,1,0,0,0,0,0,0,0,0.888950526714,0.888950526714325,0,-244,-244,88,88,1,1,0,0,0,0,0,0,0,1.04540157318,1.045401573181152,0,57,57,-210,-210,75
00.png,00.png,16.png,13.png,10.png,tray2.png,09.png,07.png,27.png,"[-236, -51]","[214, 99]","[150, 100]","[-86, 99]","[64, 99]","[214, 249]","[-236, 99]","[-86, 249]","[64, 249]","[-236, 249]","[-86, -201]","[64, -201]","[214, -201]","[100, 100]","[-86, -51]","[64, -51]","[214, -51]","[-236, -201]",1,12,"[100, 100]","[100, 100]",both,32.png,04.png,24.png,31.png,00.png,dots2.png,00.png,m,"[100, 100]","[100, 100]","[100, 100]","[100, 100]","[100, 100]","[100, 100]","[100, 100]","[100, 100]","[100, 100]","[100, 100]","[100, 100]","[0, -375]",ok.png,"[100, 100]","[100, 100]",296,3,1,1,1,0,0,0,0,0,0,0,1.01809811592,1.018098115921021,0,-85,-85,88,88,1,1,0,0,0,0,0,0,0,0.341648429632,0.3416484296321869,0,-67,-67,-181,-181,449
30.png,00.png,20.png,34.png,10.png,07.png,tray2.png,01.png,00.png,"[-221, -50]","[229, 100]","[150, 100]","[-71, 100]","[79, 100]","[229, 250]","[-221, 100]","[-71, 250]","[79, 250]","[-221, 250]","[-71, -200]","[79, -200]","[229, -200]","[100, 100]","[-71, -50]","[79, -50]","[229, -50]","[-221, -200]",1,12,"[100, 100]","[100, 100]",both,33.png,dots2.png,05.png,19.png,00.png,25.png,00.png,m,"[100, 100]","[100, 100]","[100, 100]","[100, 100]","[100, 100]","[100, 100]","[100, 100]","[100, 100]","[100, 100]","[100, 100]","[100, 100]","[0, -375]",ok.png,"[100, 100]","[100, 100]",297,3,1,1,1,0,0,0,0,0,0,0,1.12094664574,1.120946645736694,0,64,64,73,73,1,1,0,0,0,0,0,0,0,0.186007127166,0.1860071271657944,0,64,64,73,73,420
00.png,00.png,24.png,26.png,30.png,04.png,02.png,tray2.png,09.png,"[-221, -51]","[229, 99]","[150, 100]","[-71, 99]","[79, 99]","[229, 249]","[-221, 99]","[-71, 249]","[79, 249]","[-221, 249]","[-71, -201]","[79, -201]","[229, -201]","[100, 100]","[-71, -51]","[79, -51]","[229, -51]","[-221, -201]",1,12,"[100, 100]","[100, 100]",both,00.png,18.png,00.png,dots2.png,11.png,17.png,13.png,m,"[100, 100]","[100, 100]","[100, 100]","[100, 100]","[100, 100]","[100, 100]","[100, 100]","[100, 100]","[100, 100]","[100, 100]","[100, 100]","[0, -375]",ok.png,"[100, 100]","[100, 100]",298,3,1,1,1,0,0,0,0,0,0,0,2.19524741173,2.195247411727905,0,78,78,-55,-55,1,1,0,0,0,0,0,0,0,0.391409665346,0.3914096653461456,0,221,221,106,106,284
19.png,dots2.png,00.png,09.png,30.png,00.png,31.png,18.png,tray2.png,"[-218, -50]","[232, 100]","[150, 100]","[-68, 100]","[82, 100]","[232, 250]","[-218, 100]","[-68, 250]","[82, 250]","[-218, 250]","[-68, -200]","[82, -200]","[232, -200]","[100, 100]","[-68, -50]","[82, -50]","[232, -50]","[-218, -200]",1,12,"[100, 100]","[100, 100]",both,11.png,20.png,00.png,07.png,00.png,10.png,14.png,m,"[100, 100]","[100, 100]","[100, 100]","[100, 100]","[100, 100]","[100, 100]","[100, 100]","[100, 100]","[100, 100]","[100, 100]","[100, 100]","[0, -375]",ok.png,"[100, 100]","[100, 100]",299,3,1,1,1,0,0,0,0,0,0,0,0.921313941479,0.9213139414787292,0,-179,-179,-50,-50,1,1,0,0,0,0,0,0,0,0.499499827623,0.4994998276233673,0,-65,-65,269,269,296
26.png,29.png,32.png,dots2.png,00.png,14.png,00.png,33.png,00.png,"[-204, -54]","[246, 96]","[150, 100]","[-54, 96]","[96, 96]","[246, 246]","[-204, 96]","[-54, 246]","[96, 246]","[-204, 246]","[-54, -204]","[96, -204]","[246, -204]","[100, 100]","[-54, -54]","[96, -54]","[246, -54]","[-204, -204]",1,12,"[100, 100]","[100, 100]",both,23.png,00.png,tray2.png,21.png,31.png,13.png,03.png,m,"[100, 100]","[100, 100]","[100, 100]","[100, 100]","[100, 100]","[100, 100]","[100, 100]","[100, 100]","[100, 100]","[100, 100]","[100, 100]","[0, -375]",ok.png,"[100, 100]","[100, 100]",300,3,1,1,1,0,0,0,0,0,0,0,1.14989852905,1.149898529052734,0,-30,-30,-61,-61,1,1,0,0,0,0,0,0,0,1.65191018581,1.651910185813904,0,241,241,231,231,158
tray1.png,01.png,02.png,03.png,04.png,05.png,06.png,07.png,08.png,"[-217, -89]","[233, 61]","[150, 100]","[-67, 61]","[83, 61]","[233, 211]","[-217, 61]","[-67, 211]","[83, 211]","[-217, 211]","[-67, -239]","[83, -239]","[233, -239]","[100, 100]","[-67, -89]","[83, -89]","[233, -89]","[-217, -239]",1,16,"[100, 100]","[100, 100]",tray,11.png,12.png,09.png,10.png,15.png,13.png,14.png,m,"[100, 100]","[100, 100]","[100, 100]","[100, 100]","[100, 100]","[100, 100]","[100, 100]","[100, 100]","[100, 100]","[100, 100]","[100, 100]","[0, -375]",ok.png,"[100, 100]","[100, 100]",301,1,1,1,1,0,0,0,0,0,0,0,1.35590219498,1.355902194976807,0,-206,-206,189,189,1,1,0,0,0,0,0,0,0,2.43182039261,2.431820392608643,0,-220,-220,251,251,67
08.png,tray1.png,09.png,01.png,10.png,11.png,12.png,13.png,15.png,"[-231, -83]","[219, 67]","[150, 100]","[-81, 67]","[69, 67]","[219, 217]","[-231, 67]","[-81, 217]","[69, 217]","[-231, 217]","[-81, -233]","[69, -233]","[219, -233]","[100, 100]","[-81, -83]","[69, -83]","[219, -83]","[-231, -233]",1,16,"[100, 100]","[100, 100]",tray,33.png,32.png,14.png,34.png,23.png,31.png,22.png,m,"[100, 100]","[100, 100]","[100, 100]","[100, 100]","[100, 100]","[100, 100]","[100, 100]","[100, 100]","[100, 100]","[100, 100]","[100, 100]","[0, -375]",ok.png,"[100, 100]","[100, 100]",302,1,1,1,1,0,0,0,0,0,0,0,1.77644014359,1.776440143585205,0,-78,-78,203,203,1,1,0,0,0,0,0,0,0,0.141171380877,0.1411713808774948,0,-78,-78,203,203,298
05.png,06.png,tray1.png,15.png,16.png,17.png,18.png,19.png,20.png,"[-222, -88]","[228, 62]","[150, 100]","[-72, 62]","[78, 62]","[228, 212]","[-222, 62]","[-72, 212]","[78, 212]","[-222, 212]","[-72, -238]","[78, -238]","[228, -238]","[100, 100]","[-72, -88]","[78, -88]","[228, -88]","[-222, -238]",1,16,"[100, 100]","[100, 100]",tray,23.png,24.png,21.png,22.png,27.png,25.png,30.png,m,"[100, 100]","[100, 100]","[100, 100]","[100, 100]","[100, 100]","[100, 100]","[100, 100]","[100, 100]","[100, 100]","[100, 100]","[100, 100]","[0, -375]",ok.png,"[100, 100]","[100, 100]",303,1,1,1,1,0,0,0,0,0,0,0,5.41835975647,5.418359756469727,0,105,105,214,214,1,1,0,0,0,0,0,0,0,0.164382457733,0.1643824577331543,0,105,105,214,214,370
22.png,23.png,24.png,tray1.png,03.png,12.png,25.png,26.png,02.png,"[-239, -85]","[211, 65]","[150, 100]","[-89, 65]","[61, 65]","[211, 215]","[-239, 65]","[-89, 215]","[61, 215]","[-239, 215]","[-89, -235]","[61, -235]","[211, -235]","[100, 100]","[-89, -85]","[61, -85]","[211, -85]","[-239, -235]",1,16,"[100, 100]","[100, 100]",tray,28.png,29.png,08.png,27.png,32.png,30.png,31.png,m,"[100, 100]","[100, 100]","[100, 100]","[100, 100]","[100, 100]","[100, 100]","[100, 100]","[100, 100]","[100, 100]","[100, 100]","[100, 100]","[0, -375]",ok.png,"[100, 100]","[100, 100]",304,1,1,1,1,0,0,0,0,0,0,0,1.86850786209,1.868507862091064,0,250,250,197,197,1,1,0,0,0,0,0,0,0,1.66501259804,1.66501259803772,0,215,215,208,208,234
02.png,04.png,06.png,08.png,tray1.png,29.png,30.png,31.png,32.png,"[-215, -99]","[235, 51]","[150, 100]","[-65, 51]","[85, 51]","[235, 201]","[-215, 51]","[-65, 201]","[85, 201]","[-215, 201]","[-65, -249]","[85, -249]","[235, -249]","[100, 100]","[-65, -99]","[85, -99]","[235, -99]","[-215, -249]",1,16,"[100, 100]","[100, 100]",tray,01.png,22.png,33.png,34.png,28.png,24.png,26.png,m,"[100, 100]","[100, 100]","[100, 100]","[100, 100]","[100, 100]","[100, 100]","[100, 100]","[100, 100]","[100, 100]","[100, 100]","[100, 100]","[0, -375]",ok.png,"[100, 100]","[100, 100]",305,1,1,1,1,0,0,0,0,0,0,0,0.837356209755,0.8373562097549438,0,-218,-218,40,40,1,1,0,0,0,0,0,0,0,1.34648084641,1.346480846405029,0,7,7,-389,-389,27
01.png,34.png,07.png,27.png,04.png,tray1.png,11.png,26.png,06.png,"[-228, -84]","[222, 66]","[150, 100]","[-78, 66]","[72, 66]","[222, 216]","[-228, 66]","[-78, 216]","[72, 216]","[-228, 216]","[-78, -234]","[72, -234]","[222, -234]","[100, 100]","[-78, -84]","[72, -84]","[222, -84]","[-228, -234]",1,16,"[100, 100]","[100, 100]",tray,29.png,17.png,15.png,09.png,32.png,23.png,30.png,m,"[100, 100]","[100, 100]","[100, 100]","[100, 100]","[100, 100]","[100, 100]","[100, 100]","[100, 100]","[100, 100]","[100, 100]","[100, 100]","[0, -375]",ok.png,"[100, 100]","[100, 100]",306,1,1,1,1,0,0,0,0,0,0,0,1.93299806118,1.932998061180115,0,-87,-87,63,63,1,1,0,0,0,0,0,0,0,0.159427538514,0.1594275385141373,0,-87,-87,63,63,416
12.png,24.png,02.png,05.png,07.png,03.png,tray1.png,25.png,18.png,"[-218, -59]","[232, 91]","[150, 100]","[-68, 91]","[82, 91]","[232, 241]","[-218, 91]","[-68, 241]","[82, 241]","[-218, 241]","[-68, -209]","[82, -209]","[232, -209]","[100, 100]","[-68, -59]","[82, -59]","[232, -59]","[-218, -209]",1,16,"[100, 100]","[100, 100]",tray,27.png,06.png,14.png,13.png,17.png,22.png,09.png,m,"[100, 100]","[100, 100]","[100, 100]","[100, 100]","[100, 100]","[100, 100]","[100, 100]","[100, 100]","[100, 100]","[100, 100]","[100, 100]","[0, -375]",ok.png,"[100, 100]","[100, 100]",307,1,1,1,1,0,0,0,0,0,0,0,2.39988541603,2.399885416030884,0,60,60,108,108,1,1,0,0,0,0,0,0,0,0.158610209823,0.1586102098226547,0,60,60,108,108,293
13.png,05.png,33.png,07.png,20.png,15.png,27.png,tray1.png,30.png,"[-223, -95]","[227, 55]","[150, 100]","[-73, 55]","[77, 55]","[227, 205]","[-223, 55]","[-73, 205]","[77, 205]","[-223, 205]","[-73, -245]","[77, -245]","[227, -245]","[100, 100]","[-73, -95]","[77, -95]","[227, -95]","[-223, -245]",1,16,"[100, 100]","[100, 100]",tray,31.png,09.png,17.png,25.png,22.png,01.png,33.png,m,"[100, 100]","[100, 100]","[100, 100]","[100, 100]","[100, 100]","[100, 100]","[100, 100]","[100, 100]","[100, 100]","[100, 100]","[100, 100]","[0, -375]",ok.png,"[100, 100]","[100, 100]",308,1,1,1,1,0,0,0,0,0,0,0,1.68453705311,1.684537053108215,0,221,221,39,39,1,1,0,0,0,0,0,0,0,0.185488805175,0.1854888051748276,0,221,221,39,39,300
07.png,10.png,13.png,16.png,02.png,08.png,04.png,06.png,tray1.png,"[-218, -60]","[232, 90]","[150, 100]","[-68, 90]","[82, 90]","[232, 240]","[-218, 90]","[-68, 240]","[82, 240]","[-218, 240]","[-68, -210]","[82, -210]","[232, -210]","[100, 100]","[-68, -60]","[82, -60]","[232, -60]","[-218, -210]",1,16,"[100, 100]","[100, 100]",tray,27.png,21.png,29.png,23.png,33.png,25.png,31.png,m,"[100, 100]","[100, 100]","[100, 100]","[100, 100]","[100, 100]","[100, 100]","[100, 100]","[100, 100]","[100, 100]","[100, 100]","[100, 100]","[0, -375]",ok.png,"[100, 100]","[100, 100]",309,1,1,1,1,0,0,0,0,0,0,0,1.63905572891,1.639055728912354,0,-191,-191,-65,-65,1,1,0,0,0,0,0,0,0,0.157026544213,0.157026544213295,0,-191,-191,-65,-65,397
09.png,07.png,05.png,03.png,14.png,16.png,18.png,20.png,22.png,"[-246, -68]","[204, 82]","[150, 100]","[-96, 82]","[54, 82]","[204, 232]","[-246, 82]","[-96, 232]","[54, 232]","[-246, 232]","[-96, -218]","[54, -218]","[204, -218]","[100, 100]","[-96, -68]","[54, -68]","[204, -68]","[-246, -218]",1,16,"[100, 100]","[100, 100]",tray,26.png,21.png,tray1.png,24.png,30.png,27.png,32.png,m,"[100, 100]","[100, 100]","[100, 100]","[100, 100]","[100, 100]","[100, 100]","[100, 100]","[100, 100]","[100, 100]","[100, 100]","[100, 100]","[0, -375]",ok.png,"[100, 100]","[100, 100]",310,1,1,1,1,0,0,0,0,0,0,0,1.93749785423,1.937497854232788,0,-81,-81,-88,-88,1,1,0,0,0,0,0,0,0,0.18317745626,0.1831774562597275,0,-81,-81,-88,-88,353
05.png,14.png,33.png,31.png,13.png,10.png,34.png,32.png,16.png,"[-223, -68]","[227, 82]","[150, 100]","[-73, 82]","[77, 82]","[227, 232]","[-223, 82]","[-73, 232]","[77, 232]","[-223, 232]","[-73, -218]","[77, -218]","[227, -218]","[100, 100]","[-73, -68]","[77, -68]","[227, -68]","[-223, -218]",1,16,"[100, 100]","[100, 100]",tray,21.png,24.png,19.png,tray1.png,01.png,27.png,18.png,m,"[100, 100]","[100, 100]","[100, 100]","[100, 100]","[100, 100]","[100, 100]","[100, 100]","[100, 100]","[100, 100]","[100, 100]","[100, 100]","[0, -375]",ok.png,"[100, 100]","[100, 100]",311,1,1,1,1,0,0,0,0,0,0,0,1.18003129959,1.180031299591064,0,58,58,-82,-82,1,1,0,0,0,0,0,0,0,1.16928672791,1.169286727905273,0,58,58,-82,-82,147
10.png,15.png,20.png,25.png,09.png,24.png,04.png,17.png,21.png,"[-212, -95]","[238, 55]","[150, 100]","[-62, 55]","[88, 55]","[238, 205]","[-212, 55]","[-62, 205]","[88, 205]","[-212, 205]","[-62, -245]","[88, -245]","[238, -245]","[100, 100]","[-62, -95]","[88, -95]","[238, -95]","[-212, -245]",1,16,"[100, 100]","[100, 100]",tray,tray1.png,18.png,16.png,11.png,34.png,08.png,27.png,m,"[100, 100]","[100, 100]","[100, 100]","[100, 100]","[100, 100]","[100, 100]","[100, 100]","[100, 100]","[100, 100]","[100, 100]","[100, 100]","[0, -375]",ok.png,"[100, 100]","[100, 100]",312,1,1,1,1,0,0,0,0,0,0,0,1.73012030125,1.730120301246643,0,237,237,-78,-78,1,1,0,0,0,0,0,0,0,0.161571606994,0.1615716069936752,0,247,247,-80,-80,447
16.png,10.png,20.png,24.png,28.png,32.png,29.png,26.png,03.png,"[-225, -60]","[225, 90]","[150, 100]","[-75, 90]","[75, 90]","[225, 240]","[-225, 90]","[-75, 240]","[75, 240]","[-225, 240]","[-75, -210]","[75, -210]","[225, -210]","[100, 100]","[-75, -60]","[75, -60]","[225, -60]","[-225, -210]",1,16,"[100, 100]","[100, 100]",tray,08.png,tray1.png,01.png,07.png,04.png,05.png,02.png,m,"[100, 100]","[100, 100]","[100, 100]","[100, 100]","[100, 100]","[100, 100]","[100, 100]","[100, 100]","[100, 100]","[100, 100]","[100, 100]","[0, -375]",ok.png,"[100, 100]","[100, 100]",313,1,1,1,1,0,0,0,0,0,0,0,1.92089247704,1.920892477035522,0,-186,-186,-200,-200,1,1,0,0,0,0,0,0,0,0.217573776841,0.2175737768411636,0,-198,-198,-195,-195,357
29.png,17.png,06.png,16.png,15.png,03.png,33.png,08.png,13.png,"[-221, -87]","[229, 63]","[150, 100]","[-71, 63]","[79, 63]","[229, 213]","[-221, 63]","[-71, 213]","[79, 213]","[-221, 213]","[-71, -237]","[79, -237]","[229, -237]","[100, 100]","[-71, -87]","[79, -87]","[229, -87]","[-221, -237]",1,16,"[100, 100]","[100, 100]",tray,10.png,23.png,28.png,02.png,01.png,tray1.png,12.png,m,"[100, 100]","[100, 100]","[100, 100]","[100, 100]","[100, 100]","[100, 100]","[100, 100]","[100, 100]","[100, 100]","[100, 100]","[100, 100]","[0, -375]",ok.png,"[100, 100]","[100, 100]",314,1,1,1,1,0,0,0,0,0,0,0,7.18881845474,7.188818454742432,0,-86,-86,-285,-285,1,1,0,0,0,0,0,0,0,0.167697578669,0.1676975786685944,0,-85,-85,-275,-275,405
32.png,30.png,08.png,16.png,14.png,06.png,04.png,33.png,27.png,"[-227, -75]","[223, 75]","[150, 100]","[-77, 75]","[73, 75]","[223, 225]","[-227, 75]","[-77, 225]","[73, 225]","[-227, 225]","[-77, -225]","[73, -225]","[223, -225]","[100, 100]","[-77, -75]","[73, -75]","[223, -75]","[-227, -225]",1,16,"[100, 100]","[100, 100]",tray,13.png,07.png,23.png,17.png,24.png,03.png,tray1.png,m,"[100, 100]","[100, 100]","[100, 100]","[100, 100]","[100, 100]","[100, 100]","[100, 100]","[100, 100]","[100, 100]","[100, 100]","[100, 100]","[0, -375]",ok.png,"[100, 100]","[100, 100]",315,1,1,1,1,0,0,0,0,0,0,0,1.90486383438,1.904863834381104,0,51,51,-272,-272,1,1,0,0,0,0,0,0,0,0.310269266367,0.3102692663669586,0,49,49,-230,-230,58
04.png,20.png,30.png,02.png,12.png,16.png,03.png,04.png,24.png,"[-230, -52]","[220, 98]","[150, 100]","[-80, 98]","[70, 98]","[220, 248]","[-230, 98]","[-80, 248]","[70, 248]","[-230, 248]","[-80, -202]","[70, -202]","[220, -202]","[100, 100]","[-80, -52]","[70, -52]","[220, -52]","[-230, -202]",1,16,"[100, 100]","[100, 100]",tray,27.png,14.png,23.png,33.png,tray1.png,07.png,17.png,m,"[100, 100]","[100, 100]","[100, 100]","[100, 100]","[100, 100]","[100, 100]","[100, 100]","[100, 100]","[100, 100]","[100, 100]","[100, 100]","[0, -375]",ok.png,"[100, 100]","[100, 100]",316,1,1,1,1,0,0,0,0,0,0,0,2.98951268196,2.98951268196106,0,212,212,-190,-190,1,1,0,0,0,0,0,0,0,0.14258569479,0.1425856947898865,0,212,212,-190,-190,164
03.png,19.png,29.png,09.png,25.png,02.png,32.png,11.png,12.png,"[-250, -55]","[200, 95]","[150, 100]","[-100, 95]","[50, 95]","[200, 245]","[-250, 95]","[-100, 245]","[50, 245]","[-250, 245]","[-100, -205]","[50, -205]","[200, -205]","[100, 100]","[-100, -55]","[50, -55]","[200, -55]","[-250, -205]",1,16,"[100, 100]","[100, 100]",tray,31.png,13.png,22.png,16.png,18.png,04.png,tray1.png,m,"[100, 100]","[100, 100]","[100, 100]","[100, 100]","[100, 100]","[100, 100]","[100, 100]","[100, 100]","[100, 100]","[100, 100]","[100, 100]","[0, -375]",ok.png,"[100, 100]","[100, 100]",317,1,1,1,1,0,0,0,0,0,0,0,1.6044883728,1.604488372802734,0,96,96,-208,-208,1,1,0,0,0,0,0,0,0,0.53291118145,0.5329111814498901,0,86,86,-202,-202,172
16.png,13.png,11.png,05.png,21.png,30.png,07.png,23.png,01.png,"[-246, -86]","[204, 64]","[150, 100]","[-96, 64]","[54, 64]","[204, 214]","[-246, 64]","[-96, 214]","[54, 214]","[-246, 214]","[-96, -236]","[54, -236]","[204, -236]","[100, 100]","[-96, -86]","[54, -86]","[204, -86]","[-246, -236]",1,16,"[100, 100]","[100, 100]",tray,25.png,03.png,27.png,28.png,15.png,tray1.png,08.png,m,"[100, 100]","[100, 100]","[100, 100]","[100, 100]","[100, 100]","[100, 100]","[100, 100]","[100, 100]","[100, 100]","[100, 100]","[100, 100]","[0, -375]",ok.png,"[100, 100]","[100, 100]",318,1,1,1,1,0,0,0,0,0,0,0,1.73355174065,1.733551740646362,0,-99,-99,-209,-209,1,1,0,0,0,0,0,0,0,1.22950959206,1.229509592056274,0,-97,-97,-212,-212,428
06.png,21.png,15.png,17.png,20.png,05.png,16.png,28.png,29.png,"[-206, -71]","[244, 79]","[150, 100]","[-56, 79]","[94, 79]","[244, 229]","[-206, 79]","[-56, 229]","[94, 229]","[-206, 229]","[-56, -221]","[94, -221]","[244, -221]","[100, 100]","[-56, -71]","[94, -71]","[244, -71]","[-206, -221]",1,16,"[100, 100]","[100, 100]",tray,23.png,tray1.png,09.png,02.png,32.png,14.png,07.png,m,"[100, 100]","[100, 100]","[100, 100]","[100, 100]","[100, 100]","[100, 100]","[100, 100]","[100, 100]","[100, 100]","[100, 100]","[100, 100]","[0, -375]",ok.png,"[100, 100]","[100, 100]",319,1,1,1,1,0,0,0,0,0,0,0,8.92126178741,8.92126178741455,0,-154,-154,-226,-226,1,1,0,0,0,0,0,0,0,0.401677340269,0.4016773402690887,0,-191,-191,-235,-235,137
06.png,11.png,01.png,28.png,12.png,17.png,19.png,34.png,15.png,"[-240, -56]","[210, 94]","[150, 100]","[-90, 94]","[60, 94]","[210, 244]","[-240, 94]","[-90, 244]","[60, 244]","[-240, 244]","[-90, -206]","[60, -206]","[210, -206]","[100, 100]","[-90, -56]","[60, -56]","[210, -56]","[-240, -206]",1,16,"[100, 100]","[100, 100]",tray,tray1.png,31.png,30.png,08.png,03.png,21.png,32.png,m,"[100, 100]","[100, 100]","[100, 100]","[100, 100]","[100, 100]","[100, 100]","[100, 100]","[100, 100]","[100, 100]","[100, 100]","[100, 100]","[0, -375]",ok.png,"[100, 100]","[100, 100]",320,1,1,1,1,0,0,0,0,0,0,0,11.8806171417,11.88061714172363,0,162,162,-44,-44,1,1,0,0,0,0,0,0,0,0.250907480717,0.2509074807167053,0,165,165,-47,-47,282
09.png,03.png,12.png,04.png,32.png,31.png,24.png,27.png,07.png,"[-249, -91]","[201, 59]","[150, 100]","[-99, 59]","[51, 59]","[201, 209]","[-249, 59]","[-99, 209]","[51, 209]","[-249, 209]","[-99, -241]","[51, -241]","[201, -241]","[100, 100]","[-99, -91]","[51, -91]","[201, -91]","[-249, -241]",1,16,"[100, 100]","[100, 100]",tray,10.png,13.png,09.png,tray1.png,28.png,16.png,22.png,m,"[100, 100]","[100, 100]","[100, 100]","[100, 100]","[100, 100]","[100, 100]","[100, 100]","[100, 100]","[100, 100]","[100, 100]","[100, 100]","[0, -375]",ok.png,"[100, 100]","[100, 100]",321,1,1,1,1,0,0,0,0,0,0,0,3.71154737473,3.711547374725342,0,53,53,-80,-80,1,1,0,0,0,0,0,0,0,0.15945148468,0.1594514846801758,0,53,53,-80,-80,227
18.png,14.png,25.png,12.png,33.png,19.png,05.png,08.png,01.png,"[-220, -97]","[230, 53]","[150, 100]","[-70, 53]","[80, 53]","[230, 203]","[-220, 53]","[-70, 203]","[80, 203]","[-220, 203]","[-70, -247]","[80, -247]","[230, -247]","[100, 100]","[-70, -97]","[80, -97]","[230, -97]","[-220, -247]",1,16,"[100, 100]","[100, 100]",tray,10.png,34.png,tray1.png,07.png,30.png,20.png,26.png,m,"[100, 100]","[100, 100]","[100, 100]","[100, 100]","[100, 100]","[100, 100]","[100, 100]","[100, 100]","[100, 100]","[100, 100]","[100, 100]","[0, -375]",ok.png,"[100, 100]","[100, 100]",322,1,1,1,1,0,0,0,0,0,0,0,1.8572165966,1.857216596603394,0,-72,-72,-76,-76,1,1,0,0,0,0,0,0,0,0.717676758766,0.7176767587661743,0,-72,-72,-76,-76,130
11.png,13.png,17.png,18.png,21.png,14.png,25.png,09.png,tray1.png,"[-225, -52]","[225, 98]","[150, 100]","[-75, 98]","[75, 98]","[225, 248]","[-225, 98]","[-75, 248]","[75, 248]","[-225, 248]","[-75, -202]","[75, -202]","[225, -202]","[100, 100]","[-75, -52]","[75, -52]","[225, -52]","[-225, -202]",1,16,"[100, 100]","[100, 100]",tray,30.png,26.png,02.png,04.png,01.png,24.png,33.png,m,"[100, 100]","[100, 100]","[100, 100]","[100, 100]","[100, 100]","[100, 100]","[100, 100]","[100, 100]","[100, 100]","[100, 100]","[100, 100]","[0, -375]",ok.png,"[100, 100]","[100, 100]",323,1,1,1,1,0,0,0,0,0,0,0,2.10619306564,2.106193065643311,0,-216,-216,-53,-53,1,1,0,0,0,0,0,0,0,2.41876935959,2.418769359588623,0,-229,-229,-62,-62,91
08.png,14.png,10.png,20.png,11.png,07.png,22.png,tray1.png,18.png,"[-229, -82]","[221, 68]","[150, 100]","[-79, 68]","[71, 68]","[221, 218]","[-229, 68]","[-79, 218]","[71, 218]","[-229, 218]","[-79, -232]","[71, -232]","[221, -232]","[100, 100]","[-79, -82]","[71, -82]","[221, -82]","[-229, -232]",1,16,"[100, 100]","[100, 100]",tray,30.png,09.png,31.png,26.png,19.png,29.png,03.png,m,"[100, 100]","[100, 100]","[100, 100]","[100, 100]","[100, 100]","[100, 100]","[100, 100]","[100, 100]","[100, 100]","[100, 100]","[100, 100]","[0, -375]",ok.png,"[100, 100]","[100, 100]",324,1,1,1,1,0,0,0,0,0,0,0,2.71107149124,2.711071491241455,0,217,217,53,53,1,1,0,0,0,0,0,0,0,0.158357739449,0.1583577394485474,0,217,217,53,53,216
31.png,03.png,13.png,11.png,23.png,21.png,tray1.png,30.png,33.png,"[-234, -78]","[216, 72]","[150, 100]","[-84, 72]","[66, 72]","[216, 222]","[-234, 72]","[-84, 222]","[66, 222]","[-234, 222]","[-84, -228]","[66, -228]","[216, -228]","[100, 100]","[-84, -78]","[66, -78]","[216, -78]","[-234, -228]",1,16,"[100, 100]","[100, 100]",tray,05.png,19.png,15.png,14.png,26.png,32.png,29.png,m,"[100, 100]","[100, 100]","[100, 100]","[100, 100]","[100, 100]","[100, 100]","[100, 100]","[100, 100]","[100, 100]","[100, 100]","[100, 100]","[0, -375]",ok.png,"[100, 100]","[100, 100]",325,1,1,1,1,0,0,0,0,0,0,0,1.6223140955,1.622314095497131,0,65,65,63,63,1,1,0,0,0,0,0,0,0,0.159518539906,0.1595185399055481,0,65,65,63,63,417
15.png,14.png,13.png,12.png,11.png,10.png,09.png,08.png,07.png,"[-209, -61]","[241, 89]","[150, 100]","[-59, 89]","[91, 89]","[241, 239]","[-209, 89]","[-59, 239]","[91, 239]","[-209, 239]","[-59, -211]","[91, -211]","[241, -211]","[100, 100]","[-59, -61]","[91, -61]","[241, -61]","[-209, -211]",1,16,"[100, 100]","[100, 100]",tray,04.png,03.png,06.png,05.png,tray2.png,02.png,01.png,m,"[100, 100]","[100, 100]","[100, 100]","[100, 100]","[100, 100]","[100, 100]","[100, 100]","[100, 100]","[100, 100]","[100, 100]","[100, 100]","[0, -375]",ok.png,"[100, 100]","[100, 100]",326,1,1,1,1,0,0,0,0,0,0,0,1.96727693081,1.967276930809021,0,224,224,-201,-201,1,1,0,0,0,0,0,0,0,0.418476432562,0.4184764325618744,0,224,224,-201,-201,274
23.png,22.png,31.png,32.png,33.png,34.png,14.png,15.png,13.png,"[-206, -74]","[244, 76]","[150, 100]","[-56, 76]","[94, 76]","[244, 226]","[-206, 76]","[-56, 226]","[94, 226]","[-206, 226]","[-56, -224]","[94, -224]","[244, -224]","[100, 100]","[-56, -74]","[94, -74]","[244, -74]","[-206, -224]",1,16,"[100, 100]","[100, 100]",tray,10.png,01.png,12.png,11.png,08.png,09.png,tray2.png,m,"[100, 100]","[100, 100]","[100, 100]","[100, 100]","[100, 100]","[100, 100]","[100, 100]","[100, 100]","[100, 100]","[100, 100]","[100, 100]","[0, -375]",ok.png,"[100, 100]","[100, 100]",327,1,1,1,1,0,0,0,0,0,0,0,1.76146662235,1.7614666223526,0,98,98,-241,-241,1,1,0,0,0,0,0,0,0,0.164426580071,0.1644265800714493,0,98,98,-241,-241,411
27.png,30.png,25.png,24.png,23.png,22.png,21.png,20.png,19.png,"[-232, -74]","[218, 76]","[150, 100]","[-82, 76]","[68, 76]","[218, 226]","[-232, 76]","[-82, 226]","[68, 226]","[-232, 226]","[-82, -224]","[68, -224]","[218, -224]","[100, 100]","[-82, -74]","[68, -74]","[218, -74]","[-232, -224]",1,16,"[100, 100]","[100, 100]",tray,16.png,15.png,18.png,17.png,05.png,tray2.png,06.png,m,"[100, 100]","[100, 100]","[100, 100]","[100, 100]","[100, 100]","[100, 100]","[100, 100]","[100, 100]","[100, 100]","[100, 100]","[100, 100]","[0, -375]",ok.png,"[100, 100]","[100, 100]",328,1,1,1,1,0,0,0,0,0,0,0,2.63579964638,2.635799646377563,0,-58,-58,-209,-209,1,1,0,0,0,0,0,0,0,0.165514528751,0.1655145287513733,0,-58,-58,-209,-209,103
33.png,32.png,30.png,29.png,08.png,02.png,31.png,27.png,26.png,"[-237, -83]","[213, 67]","[150, 100]","[-87, 67]","[63, 67]","[213, 217]","[-237, 67]","[-87, 217]","[63, 217]","[-237, 217]","[-87, -233]","[63, -233]","[213, -233]","[100, 100]","[-87, -83]","[63, -83]","[213, -83]","[-237, -233]",1,16,"[100, 100]","[100, 100]",tray,03.png,tray2.png,28.png,12.png,22.png,24.png,23.png,m,"[100, 100]","[100, 100]","[100, 100]","[100, 100]","[100, 100]","[100, 100]","[100, 100]","[100, 100]","[100, 100]","[100, 100]","[100, 100]","[0, -375]",ok.png,"[100, 100]","[100, 100]",329,1,1,1,1,0,0,0,0,0,0,0,2.67064428329,2.670644283294678,0,-209,-209,-201,-201,1,1,0,0,0,0,0,0,0,0.167604535818,0.1676045358181,0,-213,-213,-214,-214,412
28.png,26.png,24.png,22.png,01.png,34.png,33.png,32.png,31.png,"[-216, -66]","[234, 84]","[150, 100]","[-66, 84]","[84, 84]","[234, 234]","[-216, 84]","[-66, 234]","[84, 234]","[-216, 234]","[-66, -216]","[84, -216]","[234, -216]","[100, 100]","[-66, -66]","[84, -66]","[234, -66]","[-216, -216]",1,16,"[100, 100]","[100, 100]",tray,tray2.png,08.png,30.png,29.png,02.png,06.png,04.png,m,"[100, 100]","[100, 100]","[100, 100]","[100, 100]","[100, 100]","[100, 100]","[100, 100]","[100, 100]","[100, 100]","[100, 100]","[100, 100]","[0, -375]",ok.png,"[100, 100]","[100, 100]",330,1,1,1,1,0,0,0,0,0,0,0,1.82585549355,1.825855493545532,0,198,198,-56,-56,1,1,0,0,0,0,0,0,0,0.199861571193,0.1998615711927414,0,198,198,-56,-56,322
32.png,30.png,23.png,17.png,29.png,09.png,15.png,06.png,26.png,"[-211, -50]","[239, 100]","[150, 100]","[-61, 100]","[89, 100]","[239, 250]","[-211, 100]","[-61, 250]","[89, 250]","[-211, 250]","[-61, -200]","[89, -200]","[239, -200]","[100, 100]","[-61, -50]","[89, -50]","[239, -50]","[-211, -200]",1,16,"[100, 100]","[100, 100]",tray,04.png,27.png,11.png,tray2.png,01.png,07.png,34.png,m,"[100, 100]","[100, 100]","[100, 100]","[100, 100]","[100, 100]","[100, 100]","[100, 100]","[100, 100]","[100, 100]","[100, 100]","[100, 100]","[0, -375]",ok.png,"[100, 100]","[100, 100]",331,1,1,1,1,0,0,0,0,0,0,0,1.99665105343,1.99665105342865,0,69,69,-29,-29,1,1,0,0,0,0,0,0,0,0.180948540568,0.1809485405683517,0,69,69,-29,-29,438
17.png,09.png,22.png,06.png,27.png,13.png,14.png,18.png,25.png,"[-237, -100]","[213, 50]","[150, 100]","[-87, 50]","[63, 50]","[213, 200]","[-237, 50]","[-87, 200]","[63, 200]","[-237, 200]","[-87, -250]","[63, -250]","[213, -250]","[100, 100]","[-87, -100]","[63, -100]","[213, -100]","[-237, -250]",1,16,"[100, 100]","[100, 100]",tray,07.png,05.png,tray2.png,03.png,12.png,02.png,24.png,m,"[100, 100]","[100, 100]","[100, 100]","[100, 100]","[100, 100]","[100, 100]","[100, 100]","[100, 100]","[100, 100]","[100, 100]","[100, 100]","[0, -375]",ok.png,"[100, 100]","[100, 100]",332,1,1,1,1,0,0,0,0,0,0,0,0.853566169739,0.8535661697387695,0,-78,-78,-126,-126,1,1,0,0,0,0,0,0,0,2.71246385574,2.712463855743408,0,-16,-16,-385,-385,12
22.png,33.png,01.png,09.png,31.png,25.png,17.png,30.png,tray2.png,"[-206, -94]","[244, 56]","[150, 100]","[-56, 56]","[94, 56]","[244, 206]","[-206, 56]","[-56, 206]","[94, 206]","[-206, 206]","[-56, -244]","[94, -244]","[244, -244]","[100, 100]","[-56, -94]","[94, -94]","[244, -94]","[-206, -244]",1,16,"[100, 100]","[100, 100]",tray,20.png,07.png,27.png,15.png,13.png,33.png,05.png,m,"[100, 100]","[100, 100]","[100, 100]","[100, 100]","[100, 100]","[100, 100]","[100, 100]","[100, 100]","[100, 100]","[100, 100]","[100, 100]","[0, -375]",ok.png,"[100, 100]","[100, 100]",333,1,1,1,1,0,0,0,0,0,0,0,2.52800798416,2.528007984161377,0,-183,-183,-100,-100,1,1,0,0,0,0,0,0,0,0.921828508377,0.9218285083770752,0,-210,-210,-78,-78,193
33.png,31.png,25.png,21.png,27.png,23.png,29.png,tray2.png,06.png,"[-240, -79]","[210, 71]","[150, 100]","[-90, 71]","[60, 71]","[210, 221]","[-240, 71]","[-90, 221]","[60, 221]","[-240, 221]","[-90, -229]","[60, -229]","[210, -229]","[100, 100]","[-90, -79]","[60, -79]","[210, -79]","[-240, -229]",1,16,"[100, 100]","[100, 100]",tray,02.png,16.png,04.png,08.png,07.png,13.png,10.png,m,"[100, 100]","[100, 100]","[100, 100]","[100, 100]","[100, 100]","[100, 100]","[100, 100]","[100, 100]","[100, 100]","[100, 100]","[100, 100]","[0, -375]",ok.png,"[100, 100]","[100, 100]",334,1,1,1,1,0,0,0,0,0,0,0,1.53066313267,1.530663132667542,0,234,234,67,67,1,1,0,0,0,0,0,0,0,1.19830191135,1.198301911354065,0,216,216,64,64,334
30.png,32.png,27.png,21.png,26.png,24.png,tray2.png,22.png,20.png,"[-223, -57]","[227, 93]","[150, 100]","[-73, 93]","[77, 93]","[227, 243]","[-223, 93]","[-73, 243]","[77, 243]","[-223, 243]","[-73, -207]","[77, -207]","[227, -207]","[100, 100]","[-73, -57]","[77, -57]","[227, -57]","[-223, -207]",1,16,"[100, 100]","[100, 100]",tray,14.png,03.png,18.png,16.png,09.png,05.png,07.png,m,"[100, 100]","[100, 100]","[100, 100]","[100, 100]","[100, 100]","[100, 100]","[100, 100]","[100, 100]","[100, 100]","[100, 100]","[100, 100]","[0, -375]",ok.png,"[100, 100]","[100, 100]",335,1,1,1,1,0,0,0,0,0,0,0,1.07275819778,1.072758197784424,0,98,98,85,85,1,1,0,0,0,0,0,0,0,1.25260782242,1.252607822418213,0,97,97,80,80,170
01.png,18.png,27.png,24.png,21.png,tray2.png,19.png,16.png,32.png,"[-241, -60]","[209, 90]","[150, 100]","[-91, 90]","[59, 90]","[209, 240]","[-241, 90]","[-91, 240]","[59, 240]","[-241, 240]","[-91, -210]","[59, -210]","[209, -210]","[100, 100]","[-91, -60]","[59, -60]","[209, -60]","[-241, -210]",1,16,"[100, 100]","[100, 100]",tray,13.png,31.png,34.png,10.png,05.png,33.png,14.png,m,"[100, 100]","[100, 100]","[100, 100]","[100, 100]","[100, 100]","[100, 100]","[100, 100]","[100, 100]","[100, 100]","[100, 100]","[100, 100]","[0, -375]",ok.png,"[100, 100]","[100, 100]",336,1,1,1,1,0,0,0,0,0,0,0,0.764200866222,0.7642008662223816,0,-96,-96,93,93,1,1,0,0,0,0,0,0,0,3.16386818886,3.163868188858032,0,51,51,-391,-391,10
34.png,27.png,08.png,18.png,tray2.png,11.png,16.png,21.png,17.png,"[-238, -100]","[212, 50]","[150, 100]","[-88, 50]","[62, 50]","[212, 200]","[-238, 50]","[-88, 200]","[62, 200]","[-238, 200]","[-88, -250]","[62, -250]","[212, -250]","[100, 100]","[-88, -100]","[62, -100]","[212, -100]","[-238, -250]",1,16,"[100, 100]","[100, 100]",tray,09.png,25.png,04.png,24.png,10.png,20.png,15.png,m,"[100, 100]","[100, 100]","[100, 100]","[100, 100]","[100, 100]","[100, 100]","[100, 100]","[100, 100]","[100, 100]","[100, 100]","[100, 100]","[0, -375]",ok.png,"[100, 100]","[100, 100]",337,1,1,1,1,0,0,0,0,0,0,0,3.44737648964,3.447376489639282,0,-212,-212,52,52,1,1,0,0,0,0,0,0,0,0.305848062038,0.3058480620384216,0,-212,-212,52,52,208
04.png,02.png,05.png,tray2.png,08.png,07.png,01.png,03.png,26.png,"[-243, -77]","[207, 73]","[150, 100]","[-93, 73]","[57, 73]","[207, 223]","[-243, 73]","[-93, 223]","[57, 223]","[-243, 223]","[-93, -227]","[57, -227]","[207, -227]","[100, 100]","[-93, -77]","[57, -77]","[207, -77]","[-243, -227]",1,16,"[100, 100]","[100, 100]",tray,28.png,24.png,29.png,32.png,16.png,20.png,10.png,m,"[100, 100]","[100, 100]","[100, 100]","[100, 100]","[100, 100]","[100, 100]","[100, 100]","[100, 100]","[100, 100]","[100, 100]","[100, 100]","[0, -375]",ok.png,"[100, 100]","[100, 100]",338,1,1,1,1,0,0,0,0,0,0,0,2.0702111721,2.070211172103882,0,219,219,224,224,1,1,0,0,0,0,0,0,0,3.06176114082,3.061761140823364,0,27,27,-369,-369,6
01.png,12.png,tray2.png,23.png,10.png,02.png,28.png,13.png,08.png,"[-241, -92]","[209, 58]","[150, 100]","[-91, 58]","[59, 58]","[209, 208]","[-241, 58]","[-91, 208]","[59, 208]","[-241, 208]","[-91, -242]","[59, -242]","[209, -242]","[100, 100]","[-91, -92]","[59, -92]","[209, -92]","[-241, -242]",1,16,"[100, 100]","[100, 100]",tray,15.png,16.png,33.png,03.png,29.png,06.png,17.png,m,"[100, 100]","[100, 100]","[100, 100]","[100, 100]","[100, 100]","[100, 100]","[100, 100]","[100, 100]","[100, 100]","[100, 100]","[100, 100]","[0, -375]",ok.png,"[100, 100]","[100, 100]",339,1,1,1,1,0,0,0,0,0,0,0,1.07421076298,1.0742107629776,0,28,28,194,194,1,1,0,0,0,0,0,0,0,1.99576187134,1.995761871337891,0,28,28,194,194,152
24.png,tray2.png,03.png,07.png,13.png,17.png,23.png,27.png,33.png,"[-217, -64]","[233, 86]","[150, 100]","[-67, 86]","[83, 86]","[233, 236]","[-217, 86]","[-67, 236]","[83, 236]","[-217, 236]","[-67, -214]","[83, -214]","[233, -214]","[100, 100]","[-67, -64]","[83, -64]","[233, -64]","[-217, -214]",1,16,"[100, 100]","[100, 100]",tray,14.png,16.png,04.png,06.png,32.png,08.png,30.png,m,"[100, 100]","[100, 100]","[100, 100]","[100, 100]","[100, 100]","[100, 100]","[100, 100]","[100, 100]","[100, 100]","[100, 100]","[100, 100]","[0, -375]",ok.png,"[100, 100]","[100, 100]",340,1,1,1,1,0,0,0,0,0,0,0,1.85099542141,1.850995421409607,0,-58,-58,219,219,1,1,0,0,0,0,0,0,0,0.168667495251,0.1686674952507019,0,-58,-58,219,219,404
tray2.png,17.png,07.png,14.png,27.png,33.png,23.png,24.png,04.png,"[-204, -53]","[246, 97]","[150, 100]","[-54, 97]","[96, 97]","[246, 247]","[-204, 97]","[-54, 247]","[96, 247]","[-204, 247]","[-54, -203]","[96, -203]","[246, -203]","[100, 100]","[-54, -53]","[96, -53]","[246, -53]","[-204, -203]",1,16,"[100, 100]","[100, 100]",tray,12.png,02.png,03.png,16.png,04.png,30.png,20.png,m,"[100, 100]","[100, 100]","[100, 100]","[100, 100]","[100, 100]","[100, 100]","[100, 100]","[100, 100]","[100, 100]","[100, 100]","[100, 100]","[0, -375]",ok.png,"[100, 100]","[100, 100]",341,1,1,1,1,0,0,0,0,0,0,0,1.5169095993,1.516909599304199,0,-182,-182,75,75,1,1,0,0,0,0,0,0,0,0.602675437927,0.6026754379272461,0,-207,-207,229,229,446
18.png,tray2.png,04.png,13.png,31.png,16.png,22.png,12.png,11.png,"[-235, -95]","[215, 55]","[150, 100]","[-85, 55]","[65, 55]","[215, 205]","[-235, 55]","[-85, 205]","[65, 205]","[-235, 205]","[-85, -245]","[65, -245]","[215, -245]","[100, 100]","[-85, -95]","[65, -95]","[215, -95]","[-235, -245]",1,16,"[100, 100]","[100, 100]",tray,25.png,09.png,32.png,02.png,03.png,29.png,19.png,m,"[100, 100]","[100, 100]","[100, 100]","[100, 100]","[100, 100]","[100, 100]","[100, 100]","[100, 100]","[100, 100]","[100, 100]","[100, 100]","[0, -375]",ok.png,"[100, 100]","[100, 100]",342,1,1,1,1,0,0,0,0,0,0,0,2.99904441833,2.999044418334961,0,-75,-75,174,174,1,1,0,0,0,0,0,0,0,0.138829916716,0.1388299167156219,0,-75,-75,174,174,50
15.png,08.png,tray2.png,03.png,25.png,28.png,27.png,01.png,23.png,"[-247, -69]","[203, 81]","[150, 100]","[-97, 81]","[53, 81]","[203, 231]","[-247, 81]","[-97, 231]","[53, 231]","[-247, 231]","[-97, -219]","[53, -219]","[203, -219]","[100, 100]","[-97, -69]","[53, -69]","[203, -69]","[-247, -219]",1,16,"[100, 100]","[100, 100]",tray,21.png,05.png,07.png,30.png,16.png,11.png,13.png,m,"[100, 100]","[100, 100]","[100, 100]","[100, 100]","[100, 100]","[100, 100]","[100, 100]","[100, 100]","[100, 100]","[100, 100]","[100, 100]","[0, -375]",ok.png,"[100, 100]","[100, 100]",343,1,1,1,1,0,0,0,0,0,0,0,2.49396538734,2.49396538734436,0,33,33,258,258,1,1,0,0,0,0,0,0,0,0.390865683556,0.390865683555603,0,33,33,258,258,259
32.png,07.png,14.png,tray2.png,23.png,02.png,09.png,29.png,28.png,"[-249, -91]","[201, 59]","[150, 100]","[-99, 59]","[51, 59]","[201, 209]","[-249, 59]","[-99, 209]","[51, 209]","[-249, 209]","[-99, -241]","[51, -241]","[201, -241]","[100, 100]","[-99, -91]","[51, -91]","[201, -91]","[-249, -241]",1,16,"[100, 100]","[100, 100]",tray,20.png,17.png,16.png,05.png,06.png,15.png,21.png,m,"[100, 100]","[100, 100]","[100, 100]","[100, 100]","[100, 100]","[100, 100]","[100, 100]","[100, 100]","[100, 100]","[100, 100]","[100, 100]","[0, -375]",ok.png,"[100, 100]","[100, 100]",344,1,1,1,1,0,0,0,0,0,0,0,3.74578332901,3.74578332901001,0,202,202,214,214,1,1,0,0,0,0,0,0,0,0.775863707066,0.7758637070655823,0,-4,-4,-395,-395,266
03.png,32.png,21.png,31.png,tray2.png,08.png,30.png,15.png,34.png,"[-248, -69]","[202, 81]","[150, 100]","[-98, 81]","[52, 81]","[202, 231]","[-248, 81]","[-98, 231]","[52, 231]","[-248, 231]","[-98, -219]","[52, -219]","[202, -219]","[100, 100]","[-98, -69]","[52, -69]","[202, -69]","[-248, -219]",1,16,"[100, 100]","[100, 100]",tray,12.png,28.png,19.png,17.png,06.png,01.png,11.png,m,"[100, 100]","[100, 100]","[100, 100]","[100, 100]","[100, 100]","[100, 100]","[100, 100]","[100, 100]","[100, 100]","[100, 100]","[100, 100]","[0, -375]",ok.png,"[100, 100]","[100, 100]",345,1,1,1,1,0,0,0,0,0,0,0,0.754080951214,0.7540809512138367,0,-213,-213,87,87,1,1,0,0,0,0,0,0,0,3.19392466545,3.19392466545105,0,17,17,-357,-357,42
28.png,22.png,16.png,13.png,10.png,tray2.png,09.png,07.png,27.png,"[-249, -60]","[201, 90]","[150, 100]","[-99, 90]","[51, 90]","[201, 240]","[-249, 90]","[-99, 240]","[51, 240]","[-249, 240]","[-99, -210]","[51, -210]","[201, -210]","[100, 100]","[-99, -60]","[51, -60]","[201, -60]","[-249, -210]",1,16,"[100, 100]","[100, 100]",tray,32.png,04.png,24.png,31.png,09.png,12.png,03.png,m,"[100, 100]","[100, 100]","[100, 100]","[100, 100]","[100, 100]","[100, 100]","[100, 100]","[100, 100]","[100, 100]","[100, 100]","[100, 100]","[0, -375]",ok.png,"[100, 100]","[100, 100]",346,1,1,1,1,0,0,0,0,0,0,0,1.60966086388,1.609660863876343,0,-131,-131,80,80,1,1,0,0,0,0,0,0,0,0.166500508785,0.1665005087852478,0,-131,-131,80,80,378
30.png,26.png,20.png,34.png,10.png,07.png,tray2.png,01.png,08.png,"[-235, -86]","[215, 64]","[150, 100]","[-85, 64]","[65, 64]","[215, 214]","[-235, 64]","[-85, 214]","[65, 214]","[-235, 214]","[-85, -236]","[65, -236]","[215, -236]","[100, 100]","[-85, -86]","[65, -86]","[215, -86]","[-235, -236]",1,16,"[100, 100]","[100, 100]",tray,33.png,12.png,05.png,19.png,18.png,25.png,14.png,m,"[100, 100]","[100, 100]","[100, 100]","[100, 100]","[100, 100]","[100, 100]","[100, 100]","[100, 100]","[100, 100]","[100, 100]","[100, 100]","[0, -375]",ok.png,"[100, 100]","[100, 100]",347,1,1,1,1,0,0,0,0,0,0,0,2.9503865242,2.950386524200439,0,69,69,78,78,1,1,0,0,0,0,0,0,0,0.124001778662,0.1240017786622047,0,69,69,78,78,253
01.png,33.png,24.png,26.png,30.png,04.png,02.png,tray2.png,09.png,"[-242, -87]","[208, 63]","[150, 100]","[-92, 63]","[58, 63]","[208, 213]","[-242, 63]","[-92, 213]","[58, 213]","[-242, 213]","[-92, -237]","[58, -237]","[208, -237]","[100, 100]","[-92, -87]","[58, -87]","[208, -87]","[-242, -237]",1,16,"[100, 100]","[100, 100]",tray,21.png,18.png,25.png,14.png,11.png,17.png,13.png,m,"[100, 100]","[100, 100]","[100, 100]","[100, 100]","[100, 100]","[100, 100]","[100, 100]","[100, 100]","[100, 100]","[100, 100]","[100, 100]","[0, -375]",ok.png,"[100, 100]","[100, 100]",348,1,1,1,1,0,0,0,0,0,0,0,2.16711902618,2.167119026184082,0,186,186,53,53,1,1,0,0,0,0,0,0,0,0.157356351614,0.1573563516139984,0,186,186,53,53,214
19.png,03.png,29.png,09.png,30.png,26.png,31.png,18.png,tray2.png,"[-225, -87]","[225, 63]","[150, 100]","[-75, 63]","[75, 63]","[225, 213]","[-225, 63]","[-75, 213]","[75, 213]","[-225, 213]","[-75, -237]","[75, -237]","[225, -237]","[100, 100]","[-75, -87]","[75, -87]","[225, -87]","[-225, -237]",1,16,"[100, 100]","[100, 100]",tray,11.png,20.png,22.png,07.png,08.png,10.png,14.png,m,"[100, 100]","[100, 100]","[100, 100]","[100, 100]","[100, 100]","[100, 100]","[100, 100]","[100, 100]","[100, 100]","[100, 100]","[100, 100]","[0, -375]",ok.png,"[100, 100]","[100, 100]",349,1,1,1,1,0,0,0,0,0,0,0,0.952676713467,0.9526767134666444,0,-208,-208,-87,-87,1,1,0,0,0,0,0,0,0,0.14153881371,0.1415388137102127,0,-208,-208,-87,-87,413
26.png,29.png,32.png,19.png,05.png,14.png,15.png,33.png,30.png,"[-250, -51]","[200, 99]","[150, 100]","[-100, 99]","[50, 99]","[200, 249]","[-250, 99]","[-100, 249]","[50, 249]","[-250, 249]","[-100, -201]","[50, -201]","[200, -201]","[100, 100]","[-100, -51]","[50, -51]","[200, -51]","[-250, -201]",1,16,"[100, 100]","[100, 100]",tray,23.png,11.png,tray2.png,21.png,31.png,13.png,03.png,m,"[100, 100]","[100, 100]","[100, 100]","[100, 100]","[100, 100]","[100, 100]","[100, 100]","[100, 100]","[100, 100]","[100, 100]","[100, 100]","[0, -375]",ok.png,"[100, 100]","[100, 100]",350,1,1,1,1,0,0,0,0,0,0,0,1.82312810421,1.8231281042099,0,-63,-63,-43,-43,1,1,0,0,0,0,0,0,0,0.158231839538,0.1582318395376205,0,-63,-63,-43,-43,339
dots1.png,01.png,02.png,03.png,04.png,05.png,06.png,07.png,08.png,"[-235, -54]","[215, 96]","[150, 100]","[-85, 96]","[65, 96]","[215, 246]","[-235, 96]","[-85, 246]","[65, 246]","[-235, 246]","[-85, -204]","[65, -204]","[215, -204]","[100, 100]","[-85, -54]","[65, -54]","[215, -54]","[-235, -204]",1,16,"[100, 100]","[100, 100]",dots,11.png,12.png,09.png,10.png,15.png,13.png,14.png,m,"[100, 100]","[100, 100]","[100, 100]","[100, 100]","[100, 100]","[100, 100]","[100, 100]","[100, 100]","[100, 100]","[100, 100]","[100, 100]","[0, -375]",ok.png,"[100, 100]","[100, 100]",351,2,1,1,1,0,0,0,0,0,0,0,1.64008033276,1.640080332756042,0,-217,-217,255,255,1,1,0,0,0,0,0,0,0,0.180733695626,0.1807336956262589,0,-217,-217,255,255,442
08.png,dots1.png,09.png,01.png,10.png,11.png,12.png,13.png,15.png,"[-225, -77]","[225, 73]","[150, 100]","[-75, 73]","[75, 73]","[225, 223]","[-225, 73]","[-75, 223]","[75, 223]","[-225, 223]","[-75, -227]","[75, -227]","[225, -227]","[100, 100]","[-75, -77]","[75, -77]","[225, -77]","[-225, -227]",1,16,"[100, 100]","[100, 100]",dots,33.png,32.png,14.png,34.png,23.png,31.png,22.png,m,"[100, 100]","[100, 100]","[100, 100]","[100, 100]","[100, 100]","[100, 100]","[100, 100]","[100, 100]","[100, 100]","[100, 100]","[100, 100]","[0, -375]",ok.png,"[100, 100]","[100, 100]",352,2,1,1,1,0,0,0,0,0,0,0,0.921490132809,0.9214901328086852,0,-70,-70,206,206,1,1,0,0,0,0,0,0,0,0.95220386982,0.9522038698196412,0,-105,-105,220,220,287
05.png,06.png,dots1.png,15.png,16.png,17.png,18.png,19.png,20.png,"[-226, -66]","[224, 84]","[150, 100]","[-76, 84]","[74, 84]","[224, 234]","[-226, 84]","[-76, 234]","[74, 234]","[-226, 234]","[-76, -216]","[74, -216]","[224, -216]","[100, 100]","[-76, -66]","[74, -66]","[224, -66]","[-226, -216]",1,16,"[100, 100]","[100, 100]",dots,23.png,24.png,21.png,22.png,27.png,25.png,30.png,m,"[100, 100]","[100, 100]","[100, 100]","[100, 100]","[100, 100]","[100, 100]","[100, 100]","[100, 100]","[100, 100]","[100, 100]","[100, 100]","[0, -375]",ok.png,"[100, 100]","[100, 100]",353,2,1,1,1,0,0,0,0,0,0,0,1.16221308708,1.162213087081909,0,63,63,202,202,1,1,0,0,0,0,0,0,0,1.87122535706,1.871225357055664,0,93,93,277,277,337
22.png,23.png,24.png,dots1.png,03.png,12.png,25.png,26.png,02.png,"[-241, -75]","[209, 75]","[150, 100]","[-91, 75]","[59, 75]","[209, 225]","[-241, 75]","[-91, 225]","[59, 225]","[-241, 225]","[-91, -225]","[59, -225]","[209, -225]","[100, 100]","[-91, -75]","[59, -75]","[209, -75]","[-241, -225]",1,16,"[100, 100]","[100, 100]",dots,28.png,29.png,08.png,27.png,32.png,30.png,31.png,m,"[100, 100]","[100, 100]","[100, 100]","[100, 100]","[100, 100]","[100, 100]","[100, 100]","[100, 100]","[100, 100]","[100, 100]","[100, 100]","[0, -375]",ok.png,"[100, 100]","[100, 100]",354,2,1,1,1,0,0,0,0,0,0,0,1.49817955494,1.49817955493927,0,128,128,245,245,1,1,0,0,0,0,0,0,0,0.235318124294,0.235318124294281,0,149,149,239,239,182
02.png,04.png,06.png,08.png,dots1.png,29.png,30.png,31.png,32.png,"[-247, -91]","[203, 59]","[150, 100]","[-97, 59]","[53, 59]","[203, 209]","[-247, 59]","[-97, 209]","[53, 209]","[-247, 209]","[-97, -241]","[53, -241]","[203, -241]","[100, 100]","[-97, -91]","[53, -91]","[203, -91]","[-247, -241]",1,16,"[100, 100]","[100, 100]",dots,01.png,22.png,33.png,34.png,28.png,24.png,26.png,m,"[100, 100]","[100, 100]","[100, 100]","[100, 100]","[100, 100]","[100, 100]","[100, 100]","[100, 100]","[100, 100]","[100, 100]","[100, 100]","[0, -375]",ok.png,"[100, 100]","[100, 100]",355,2,1,1,1,0,0,0,0,0,0,0,0.997260630131,0.9972606301307678,0,-242,-242,56,56,1,1,0,0,0,0,0,0,0,1.20389175415,1.203891754150391,0,-221,-221,26,26,80
01.png,34.png,07.png,27.png,04.png,dots1.png,11.png,26.png,06.png,"[-204, -69]","[246, 81]","[150, 100]","[-54, 81]","[96, 81]","[246, 231]","[-204, 81]","[-54, 231]","[96, 231]","[-204, 231]","[-54, -219]","[96, -219]","[246, -219]","[100, 100]","[-54, -69]","[96, -69]","[246, -69]","[-204, -219]",1,16,"[100, 100]","[100, 100]",dots,29.png,17.png,15.png,09.png,32.png,23.png,30.png,m,"[100, 100]","[100, 100]","[100, 100]","[100, 100]","[100, 100]","[100, 100]","[100, 100]","[100, 100]","[100, 100]","[100, 100]","[100, 100]","[0, -375]",ok.png,"[100, 100]","[100, 100]",356,2,1,1,1,0,0,0,0,0,0,0,1.65554380417,1.655543804168701,0,-51,-51,61,61,1,1,0,0,0,0,0,0,0,0.198486596346,0.1984865963459015,0,-50,-50,62,62,347
12.png,24.png,02.png,05.png,07.png,03.png,dots1.png,25.png,18.png,"[-201, -63]","[249, 87]","[150, 100]","[-51, 87]","[99, 87]","[249, 237]","[-201, 87]","[-51, 237]","[99, 237]","[-201, 237]","[-51, -213]","[99, -213]","[249, -213]","[100, 100]","[-51, -63]","[99, -63]","[249, -63]","[-201, -213]",1,16,"[100, 100]","[100, 100]",dots,27.png,06.png,14.png,13.png,17.png,22.png,09.png,m,"[100, 100]","[100, 100]","[100, 100]","[100, 100]","[100, 100]","[100, 100]","[100, 100]","[100, 100]","[100, 100]","[100, 100]","[100, 100]","[0, -375]",ok.png,"[100, 100]","[100, 100]",357,2,1,1,1,0,0,0,0,0,0,0,2.55661869049,2.556618690490723,0,67,67,81,81,1,1,0,0,0,0,0,0,0,0.181066229939,0.1810662299394608,0,67,67,81,81,422
13.png,05.png,33.png,07.png,20.png,15.png,27.png,dots1.png,30.png,"[-215, -94]","[235, 56]","[150, 100]","[-65, 56]","[85, 56]","[235, 206]","[-215, 56]","[-65, 206]","[85, 206]","[-215, 206]","[-65, -244]","[85, -244]","[235, -244]","[100, 100]","[-65, -94]","[85, -94]","[235, -94]","[-215, -244]",1,16,"[100, 100]","[100, 100]",dots,31.png,09.png,17.png,25.png,22.png,01.png,33.png,m,"[100, 100]","[100, 100]","[100, 100]","[100, 100]","[100, 100]","[100, 100]","[100, 100]","[100, 100]","[100, 100]","[100, 100]","[100, 100]","[0, -375]",ok.png,"[100, 100]","[100, 100]",358,2,1,1,1,0,0,0,0,0,0,0,1.22205901146,1.222059011459351,0,254,254,44,44,1,1,0,0,0,0,0,0,0,3.63286995888,3.632869958877563,0,232,232,41,41,169
07.png,10.png,13.png,16.png,02.png,08.png,04.png,06.png,dots1.png,"[-205, -68]","[245, 82]","[150, 100]","[-55, 82]","[95, 82]","[245, 232]","[-205, 82]","[-55, 232]","[95, 232]","[-205, 232]","[-55, -218]","[95, -218]","[245, -218]","[100, 100]","[-55, -68]","[95, -68]","[245, -68]","[-205, -218]",1,16,"[100, 100]","[100, 100]",dots,27.png,21.png,29.png,23.png,33.png,25.png,31.png,m,"[100, 100]","[100, 100]","[100, 100]","[100, 100]","[100, 100]","[100, 100]","[100, 100]","[100, 100]","[100, 100]","[100, 100]","[100, 100]","[0, -375]",ok.png,"[100, 100]","[100, 100]",359,2,1,1,1,0,0,0,0,0,0,0,2.38769841194,2.387698411941528,0,-164,-164,-66,-66,1,1,0,0,0,0,0,0,0,0.174050733447,0.1740507334470749,0,-164,-164,-66,-66,217
09.png,07.png,05.png,03.png,14.png,16.png,18.png,20.png,22.png,"[-218, -82]","[232, 68]","[150, 100]","[-68, 68]","[82, 68]","[232, 218]","[-218, 68]","[-68, 218]","[82, 218]","[-218, 218]","[-68, -232]","[82, -232]","[232, -232]","[100, 100]","[-68, -82]","[82, -82]","[232, -82]","[-218, -232]",1,16,"[100, 100]","[100, 100]",dots,26.png,21.png,dots1.png,24.png,30.png,27.png,32.png,m,"[100, 100]","[100, 100]","[100, 100]","[100, 100]","[100, 100]","[100, 100]","[100, 100]","[100, 100]","[100, 100]","[100, 100]","[100, 100]","[0, -375]",ok.png,"[100, 100]","[100, 100]",360,2,1,1,1,0,0,0,0,0,0,0,0.735341727734,0.7353417277336121,0,-62,-62,-56,-56,1,1,0,0,0,0,0,0,0,1.45186519623,1.451865196228027,0,-61,-61,-58,-58,181
05.png,14.png,33.png,31.png,13.png,10.png,34.png,32.png,16.png,"[-222, -94]","[228, 56]","[150, 100]","[-72, 56]","[78, 56]","[228, 206]","[-222, 56]","[-72, 206]","[78, 206]","[-222, 206]","[-72, -244]","[78, -244]","[228, -244]","[100, 100]","[-72, -94]","[78, -94]","[228, -94]","[-222, -244]",1,16,"[100, 100]","[100, 100]",dots,21.png,24.png,19.png,dots1.png,01.png,27.png,18.png,m,"[100, 100]","[100, 100]","[100, 100]","[100, 100]","[100, 100]","[100, 100]","[100, 100]","[100, 100]","[100, 100]","[100, 100]","[100, 100]","[0, -375]",ok.png,"[100, 100]","[100, 100]",361,2,1,1,1,0,0,0,0,0,0,0,1.1173222065,1.117322206497192,0,61,61,-105,-105,1,1,0,0,0,0,0,0,0,0.966698110104,0.9666981101036072,0,60,60,-105,-105,131
10.png,15.png,20.png,25.png,09.png,24.png,04.png,17.png,21.png,"[-247, -76]","[203, 74]","[150, 100]","[-97, 74]","[53, 74]","[203, 224]","[-247, 74]","[-97, 224]","[53, 224]","[-247, 224]","[-97, -226]","[53, -226]","[203, -226]","[100, 100]","[-97, -76]","[53, -76]","[203, -76]","[-247, -226]",1,16,"[100, 100]","[100, 100]",dots,dots1.png,18.png,16.png,11.png,34.png,08.png,27.png,m,"[100, 100]","[100, 100]","[100, 100]","[100, 100]","[100, 100]","[100, 100]","[100, 100]","[100, 100]","[100, 100]","[100, 100]","[100, 100]","[0, -375]",ok.png,"[100, 100]","[100, 100]",362,2,1,1,1,0,0,0,0,0,0,0,1.27430057526,1.274300575256348,0,197,197,-96,-96,1,1,0,0,0,0,0,0,0,1.36069619656,1.360696196556091,0,226,226,-117,-117,121
16.png,10.png,20.png,24.png,28.png,32.png,29.png,26.png,03.png,"[-214, -92]","[236, 58]","[150, 100]","[-64, 58]","[86, 58]","[236, 208]","[-214, 58]","[-64, 208]","[86, 208]","[-214, 208]","[-64, -242]","[86, -242]","[236, -242]","[100, 100]","[-64, -92]","[86, -92]","[236, -92]","[-214, -242]",1,16,"[100, 100]","[100, 100]",dots,08.png,dots1.png,01.png,07.png,04.png,05.png,02.png,m,"[100, 100]","[100, 100]","[100, 100]","[100, 100]","[100, 100]","[100, 100]","[100, 100]","[100, 100]","[100, 100]","[100, 100]","[100, 100]","[0, -375]",ok.png,"[100, 100]","[100, 100]",363,2,1,1,1,0,0,0,0,0,0,0,5.6011929512,5.601192951202393,0,-203,-203,-222,-222,1,1,0,0,0,0,0,0,0,0.790931642056,0.7909316420555115,0,-203,-203,-223,-223,235
29.png,17.png,06.png,16.png,15.png,03.png,33.png,08.png,13.png,"[-200, -99]","[250, 51]","[150, 100]","[-50, 51]","[100, 51]","[250, 201]","[-200, 51]","[-50, 201]","[100, 201]","[-200, 201]","[-50, -249]","[100, -249]","[250, -249]","[100, 100]","[-50, -99]","[100, -99]","[250, -99]","[-200, -249]",1,16,"[100, 100]","[100, 100]",dots,10.png,23.png,28.png,02.png,01.png,dots1.png,12.png,m,"[100, 100]","[100, 100]","[100, 100]","[100, 100]","[100, 100]","[100, 100]","[100, 100]","[100, 100]","[100, 100]","[100, 100]","[100, 100]","[0, -375]",ok.png,"[100, 100]","[100, 100]",364,2,1,1,1,0,0,0,0,0,0,0,1.48312020302,1.483120203018188,0,-7,-7,-282,-282,1,1,0,0,0,0,0,0,0,0.468253046274,0.4682530462741852,0,-15,-15,-275,-275,180
32.png,30.png,08.png,16.png,14.png,06.png,04.png,33.png,27.png,"[-233, -92]","[217, 58]","[150, 100]","[-83, 58]","[67, 58]","[217, 208]","[-233, 58]","[-83, 208]","[67, 208]","[-233, 208]","[-83, -242]","[67, -242]","[217, -242]","[100, 100]","[-83, -92]","[67, -92]","[217, -92]","[-233, -242]",1,16,"[100, 100]","[100, 100]",dots,13.png,07.png,23.png,17.png,24.png,03.png,dots1.png,m,"[100, 100]","[100, 100]","[100, 100]","[100, 100]","[100, 100]","[100, 100]","[100, 100]","[100, 100]","[100, 100]","[100, 100]","[100, 100]","[0, -375]",ok.png,"[100, 100]","[100, 100]",365,2,1,1,1,0,0,0,0,0,0,0,2.94713139534,2.947131395339966,0,47,47,-204,-204,1,1,0,0,0,0,0,0,0,0.733439564705,0.733439564704895,0,50,50,-205,-205,320
04.png,20.png,30.png,02.png,12.png,16.png,03.png,04.png,24.png,"[-210, -97]","[240, 53]","[150, 100]","[-60, 53]","[90, 53]","[240, 203]","[-210, 53]","[-60, 203]","[90, 203]","[-210, 203]","[-60, -247]","[90, -247]","[240, -247]","[100, 100]","[-60, -97]","[90, -97]","[240, -97]","[-210, -247]",1,16,"[100, 100]","[100, 100]",dots,27.png,14.png,23.png,33.png,dots1.png,07.png,17.png,m,"[100, 100]","[100, 100]","[100, 100]","[100, 100]","[100, 100]","[100, 100]","[100, 100]","[100, 100]","[100, 100]","[100, 100]","[100, 100]","[0, -375]",ok.png,"[100, 100]","[100, 100]",366,2,1,1,1,0,0,0,0,0,0,0,2.48008227348,2.480082273483276,0,269,269,-248,-248,1,1,0,0,0,0,0,0,0,0.140659227967,0.1406592279672623,0,269,269,-247,-247,118
03.png,19.png,29.png,09.png,25.png,02.png,32.png,11.png,12.png,"[-201, -64]","[249, 86]","[150, 100]","[-51, 86]","[99, 86]","[249, 236]","[-201, 86]","[-51, 236]","[99, 236]","[-201, 236]","[-51, -214]","[99, -214]","[249, -214]","[100, 100]","[-51, -64]","[99, -64]","[249, -64]","[-201, -214]",1,16,"[100, 100]","[100, 100]",dots,31.png,13.png,22.png,16.png,18.png,04.png,dots1.png,m,"[100, 100]","[100, 100]","[100, 100]","[100, 100]","[100, 100]","[100, 100]","[100, 100]","[100, 100]","[100, 100]","[100, 100]","[100, 100]","[0, -375]",ok.png,"[100, 100]","[100, 100]",367,2,1,1,1,0,0,0,0,0,0,0,2.37214422226,2.372144222259521,0,117,117,-215,-215,1,1,0,0,0,0,0,0,0,0.168669208884,0.1686692088842392,0,117,117,-215,-215,381
16.png,13.png,11.png,05.png,21.png,30.png,07.png,23.png,01.png,"[-206, -50]","[244, 100]","[150, 100]","[-56, 100]","[94, 100]","[244, 250]","[-206, 100]","[-56, 250]","[94, 250]","[-206, 250]","[-56, -200]","[94, -200]","[244, -200]","[100, 100]","[-56, -50]","[94, -50]","[244, -50]","[-206, -200]",1,16,"[100, 100]","[100, 100]",dots,25.png,03.png,27.png,28.png,15.png,dots1.png,08.png,m,"[100, 100]","[100, 100]","[100, 100]","[100, 100]","[100, 100]","[100, 100]","[100, 100]","[100, 100]","[100, 100]","[100, 100]","[100, 100]","[0, -375]",ok.png,"[100, 100]","[100, 100]",368,2,1,1,1,0,0,0,0,0,0,0,2.52768111229,2.527681112289429,0,-61,-61,-220,-220,1,1,0,0,0,0,0,0,0,0.652401447296,0.6524014472961426,0,-61,-61,-220,-220,136
06.png,21.png,15.png,17.png,20.png,05.png,16.png,28.png,29.png,"[-203, -98]","[247, 52]","[150, 100]","[-53, 52]","[97, 52]","[247, 202]","[-203, 52]","[-53, 202]","[97, 202]","[-203, 202]","[-53, -248]","[97, -248]","[247, -248]","[100, 100]","[-53, -98]","[97, -98]","[247, -98]","[-203, -248]",1,16,"[100, 100]","[100, 100]",dots,23.png,dots1.png,09.png,02.png,32.png,14.png,07.png,m,"[100, 100]","[100, 100]","[100, 100]","[100, 100]","[100, 100]","[100, 100]","[100, 100]","[100, 100]","[100, 100]","[100, 100]","[100, 100]","[0, -375]",ok.png,"[100, 100]","[100, 100]",369,2,1,1,1,0,0,0,0,0,0,0,2.55495929718,2.554959297180176,0,-193,-193,-265,-265,1,1,0,0,0,0,0,0,0,0.565018355846,0.565018355846405,0,-193,-193,-265,-265,150
06.png,11.png,01.png,28.png,12.png,17.png,19.png,34.png,15.png,"[-232, -93]","[218, 57]","[150, 100]","[-82, 57]","[68, 57]","[218, 207]","[-232, 57]","[-82, 207]","[68, 207]","[-232, 207]","[-82, -243]","[68, -243]","[218, -243]","[100, 100]","[-82, -93]","[68, -93]","[218, -93]","[-232, -243]",1,16,"[100, 100]","[100, 100]",dots,dots1.png,31.png,30.png,08.png,03.png,21.png,32.png,m,"[100, 100]","[100, 100]","[100, 100]","[100, 100]","[100, 100]","[100, 100]","[100, 100]","[100, 100]","[100, 100]","[100, 100]","[100, 100]","[0, -375]",ok.png,"[100, 100]","[100, 100]",370,2,1,1,1,0,0,0,0,0,0,0,2.99069094658,2.990690946578979,0,232,232,-78,-78,1,1,0,0,0,0,0,0,0,0.746758937836,0.7467589378356934,0,29,29,-407,-407,265
09.png,03.png,12.png,04.png,32.png,31.png,24.png,27.png,07.png,"[-216, -90]","[234, 60]","[150, 100]","[-66, 60]","[84, 60]","[234, 210]","[-216, 60]","[-66, 210]","[84, 210]","[-216, 210]","[-66, -240]","[84, -240]","[234, -240]","[100, 100]","[-66, -90]","[84, -90]","[234, -90]","[-216, -240]",1,16,"[100, 100]","[100, 100]",dots,10.png,13.png,09.png,dots1.png,28.png,16.png,22.png,m,"[100, 100]","[100, 100]","[100, 100]","[100, 100]","[100, 100]","[100, 100]","[100, 100]","[100, 100]","[100, 100]","[100, 100]","[100, 100]","[0, -375]",ok.png,"[100, 100]","[100, 100]",371,2,1,1,1,0,0,0,0,0,0,0,0.980415403843,0.980415403842926,0,90,90,-123,-123,1,1,0,0,0,0,0,0,0,0.37373816967,0.373738169670105,0,84,84,-116,-116,97
18.png,14.png,25.png,12.png,33.png,19.png,05.png,08.png,01.png,"[-241, -75]","[209, 75]","[150, 100]","[-91, 75]","[59, 75]","[209, 225]","[-241, 75]","[-91, 225]","[59, 225]","[-241, 225]","[-91, -225]","[59, -225]","[209, -225]","[100, 100]","[-91, -75]","[59, -75]","[209, -75]","[-241, -225]",1,16,"[100, 100]","[100, 100]",dots,10.png,34.png,dots1.png,07.png,30.png,20.png,26.png,m,"[100, 100]","[100, 100]","[100, 100]","[100, 100]","[100, 100]","[100, 100]","[100, 100]","[100, 100]","[100, 100]","[100, 100]","[100, 100]","[0, -375]",ok.png,"[100, 100]","[100, 100]",372,2,1,1,1,0,0,0,0,0,0,0,1.49422395229,1.494223952293396,0,-54,-54,-75,-75,1,1,0,0,0,0,0,0,0,0.174248144031,0.174248144030571,0,-54,-54,-75,-75,443
11.png,13.png,17.png,18.png,21.png,14.png,25.png,09.png,dots1.png,"[-241, -50]","[209, 100]","[150, 100]","[-91, 100]","[59, 100]","[209, 250]","[-241, 100]","[-91, 250]","[59, 250]","[-241, 250]","[-91, -200]","[59, -200]","[209, -200]","[100, 100]","[-91, -50]","[59, -50]","[209, -50]","[-241, -200]",1,16,"[100, 100]","[100, 100]",dots,30.png,26.png,02.png,04.png,01.png,24.png,33.png,m,"[100, 100]","[100, 100]","[100, 100]","[100, 100]","[100, 100]","[100, 100]","[100, 100]","[100, 100]","[100, 100]","[100, 100]","[100, 100]","[0, -375]",ok.png,"[100, 100]","[100, 100]",373,2,1,1,1,0,0,0,0,0,0,0,1.23223114014,1.232231140136719,0,-216,-216,-49,-49,1,1,0,0,0,0,0,0,0,3.1641433239,3.164143323898315,0,7,7,-399,-399,28
08.png,14.png,10.png,20.png,11.png,07.png,22.png,dots1.png,18.png,"[-236, -98]","[214, 52]","[150, 100]","[-86, 52]","[64, 52]","[214, 202]","[-236, 52]","[-86, 202]","[64, 202]","[-236, 202]","[-86, -248]","[64, -248]","[214, -248]","[100, 100]","[-86, -98]","[64, -98]","[214, -98]","[-236, -248]",1,16,"[100, 100]","[100, 100]",dots,30.png,09.png,31.png,26.png,19.png,29.png,03.png,m,"[100, 100]","[100, 100]","[100, 100]","[100, 100]","[100, 100]","[100, 100]","[100, 100]","[100, 100]","[100, 100]","[100, 100]","[100, 100]","[0, -375]",ok.png,"[100, 100]","[100, 100]",374,2,1,1,1,0,0,0,0,0,0,0,1.71475362778,1.7147536277771,0,207,207,76,76,1,1,0,0,0,0,0,0,0,0.202013850212,0.2020138502120972,0,207,207,76,76,395
31.png,03.png,13.png,11.png,23.png,21.png,dots1.png,30.png,33.png,"[-207, -71]","[243, 79]","[150, 100]","[-57, 79]","[93, 79]","[243, 229]","[-207, 79]","[-57, 229]","[93, 229]","[-207, 229]","[-57, -221]","[93, -221]","[243, -221]","[100, 100]","[-57, -71]","[93, -71]","[243, -71]","[-207, -221]",1,16,"[100, 100]","[100, 100]",dots,05.png,19.png,15.png,14.png,26.png,32.png,29.png,m,"[100, 100]","[100, 100]","[100, 100]","[100, 100]","[100, 100]","[100, 100]","[100, 100]","[100, 100]","[100, 100]","[100, 100]","[100, 100]","[0, -375]",ok.png,"[100, 100]","[100, 100]",375,2,1,1,1,0,0,0,0,0,0,0,1.16653370857,1.166533708572388,0,74,74,89,89,1,1,0,0,0,0,0,0,0,1.23148298264,1.231482982635498,0,75,75,89,89,269
15.png,14.png,13.png,12.png,11.png,10.png,09.png,08.png,07.png,"[-215, -70]","[235, 80]","[150, 100]","[-65, 80]","[85, 80]","[235, 230]","[-215, 80]","[-65, 230]","[85, 230]","[-215, 230]","[-65, -220]","[85, -220]","[235, -220]","[100, 100]","[-65, -70]","[85, -70]","[235, -70]","[-215, -220]",1,16,"[100, 100]","[100, 100]",dots,04.png,03.png,06.png,05.png,dots2.png,02.png,01.png,m,"[100, 100]","[100, 100]","[100, 100]","[100, 100]","[100, 100]","[100, 100]","[100, 100]","[100, 100]","[100, 100]","[100, 100]","[100, 100]","[0, -375]",ok.png,"[100, 100]","[100, 100]",376,2,1,1,1,0,0,0,0,0,0,0,1.87092840672,1.870928406715393,0,221,221,-216,-216,1,1,0,0,0,0,0,0,0,0.733618497849,0.7336184978485107,0,202,202,-213,-213,139
23.png,22.png,31.png,32.png,33.png,34.png,14.png,15.png,13.png,"[-244, -54]","[206, 96]","[150, 100]","[-94, 96]","[56, 96]","[206, 246]","[-244, 96]","[-94, 246]","[56, 246]","[-244, 246]","[-94, -204]","[56, -204]","[206, -204]","[100, 100]","[-94, -54]","[56, -54]","[206, -54]","[-244, -204]",1,16,"[100, 100]","[100, 100]",dots,10.png,01.png,12.png,11.png,08.png,09.png,dots2.png,m,"[100, 100]","[100, 100]","[100, 100]","[100, 100]","[100, 100]","[100, 100]","[100, 100]","[100, 100]","[100, 100]","[100, 100]","[100, 100]","[0, -375]",ok.png,"[100, 100]","[100, 100]",377,2,1,1,1,0,0,0,0,0,0,0,1.50583279133,1.50583279132843,0,74,74,-210,-210,1,1,0,0,0,0,0,0,0,0.141578152776,0.1415781527757645,0,74,74,-210,-210,123
27.png,30.png,25.png,24.png,23.png,22.png,21.png,20.png,19.png,"[-225, -56]","[225, 94]","[150, 100]","[-75, 94]","[75, 94]","[225, 244]","[-225, 94]","[-75, 244]","[75, 244]","[-225, 244]","[-75, -206]","[75, -206]","[225, -206]","[100, 100]","[-75, -56]","[75, -56]","[225, -56]","[-225, -206]",1,16,"[100, 100]","[100, 100]",dots,16.png,15.png,18.png,17.png,05.png,dots2.png,06.png,m,"[100, 100]","[100, 100]","[100, 100]","[100, 100]","[100, 100]","[100, 100]","[100, 100]","[100, 100]","[100, 100]","[100, 100]","[100, 100]","[0, -375]",ok.png,"[100, 100]","[100, 100]",378,2,1,1,1,0,0,0,0,0,0,0,2.46394848824,2.463948488235474,0,-63,-63,-208,-208,1,1,0,0,0,0,0,0,0,0.155490085483,0.1554900854825974,0,-63,-63,-208,-208,294
33.png,32.png,30.png,29.png,08.png,02.png,31.png,27.png,26.png,"[-211, -97]","[239, 53]","[150, 100]","[-61, 53]","[89, 53]","[239, 203]","[-211, 53]","[-61, 203]","[89, 203]","[-211, 203]","[-61, -247]","[89, -247]","[239, -247]","[100, 100]","[-61, -97]","[89, -97]","[239, -97]","[-211, -247]",1,16,"[100, 100]","[100, 100]",dots,03.png,dots2.png,28.png,12.png,22.png,24.png,23.png,m,"[100, 100]","[100, 100]","[100, 100]","[100, 100]","[100, 100]","[100, 100]","[100, 100]","[100, 100]","[100, 100]","[100, 100]","[100, 100]","[0, -375]",ok.png,"[100, 100]","[100, 100]",379,2,1,1,1,0,0,0,0,0,0,0,4.34870100021,4.348701000213623,0,38,38,-359,-359,1,1,0,0,0,0,0,0,0,1.56547653675,1.565476536750793,0,-197,-197,-293,-293,219
28.png,26.png,24.png,22.png,01.png,34.png,33.png,32.png,31.png,"[-214, -90]","[236, 60]","[150, 100]","[-64, 60]","[86, 60]","[236, 210]","[-214, 60]","[-64, 210]","[86, 210]","[-214, 210]","[-64, -240]","[86, -240]","[236, -240]","[100, 100]","[-64, -90]","[86, -90]","[236, -90]","[-214, -240]",1,16,"[100, 100]","[100, 100]",dots,dots2.png,08.png,30.png,29.png,02.png,06.png,04.png,m,"[100, 100]","[100, 100]","[100, 100]","[100, 100]","[100, 100]","[100, 100]","[100, 100]","[100, 100]","[100, 100]","[100, 100]","[100, 100]","[0, -375]",ok.png,"[100, 100]","[100, 100]",380,2,1,1,1,0,0,0,0,0,0,0,2.64749646187,2.647496461868286,0,273,273,-83,-83,1,1,0,0,0,0,0,0,0,0.14066195488,0.1406619548797607,0,273,273,-83,-83,107
32.png,30.png,23.png,17.png,29.png,09.png,15.png,06.png,26.png,"[-231, -94]","[219, 56]","[150, 100]","[-81, 56]","[69, 56]","[219, 206]","[-231, 56]","[-81, 206]","[69, 206]","[-231, 206]","[-81, -244]","[69, -244]","[219, -244]","[100, 100]","[-81, -94]","[69, -94]","[219, -94]","[-231, -244]",1,16,"[100, 100]","[100, 100]",dots,04.png,27.png,11.png,dots2.png,01.png,07.png,34.png,m,"[100, 100]","[100, 100]","[100, 100]","[100, 100]","[100, 100]","[100, 100]","[100, 100]","[100, 100]","[100, 100]","[100, 100]","[100, 100]","[0, -375]",ok.png,"[100, 100]","[100, 100]",381,2,1,1,1,0,0,0,0,0,0,0,1.63660848141,1.636608481407166,0,68,68,-84,-84,1,1,0,0,0,0,0,0,0,0.737644195557,0.7376441955566406,0,-202,-202,-212,-212,41
17.png,09.png,22.png,06.png,27.png,13.png,14.png,18.png,25.png,"[-207, -52]","[243, 98]","[150, 100]","[-57, 98]","[93, 98]","[243, 248]","[-207, 98]","[-57, 248]","[93, 248]","[-207, 248]","[-57, -202]","[93, -202]","[243, -202]","[100, 100]","[-57, -52]","[93, -52]","[243, -52]","[-207, -202]",1,16,"[100, 100]","[100, 100]",dots,07.png,05.png,dots2.png,03.png,12.png,02.png,24.png,m,"[100, 100]","[100, 100]","[100, 100]","[100, 100]","[100, 100]","[100, 100]","[100, 100]","[100, 100]","[100, 100]","[100, 100]","[100, 100]","[0, -375]",ok.png,"[100, 100]","[100, 100]",382,2,1,1,1,0,0,0,0,0,0,0,1.61894524097,1.618945240974426,0,-38,-38,-59,-59,1,1,0,0,0,0,0,0,0,0.205440178514,0.2054401785135269,0,-38,-38,-59,-59,187
22.png,33.png,01.png,09.png,31.png,25.png,17.png,30.png,dots2.png,"[-227, -89]","[223, 61]","[150, 100]","[-77, 61]","[73, 61]","[223, 211]","[-227, 61]","[-77, 211]","[73, 211]","[-227, 211]","[-77, -239]","[73, -239]","[223, -239]","[100, 100]","[-77, -89]","[73, -89]","[223, -89]","[-227, -239]",1,16,"[100, 100]","[100, 100]",dots,20.png,07.png,27.png,15.png,13.png,33.png,05.png,m,"[100, 100]","[100, 100]","[100, 100]","[100, 100]","[100, 100]","[100, 100]","[100, 100]","[100, 100]","[100, 100]","[100, 100]","[100, 100]","[0, -375]",ok.png,"[100, 100]","[100, 100]",383,2,1,1,1,0,0,0,0,0,0,0,2.30424976349,2.30424976348877,0,-193,-193,-95,-95,1,1,0,0,0,0,0,0,0,0.77882951498,0.7788295149803162,0,-115,-115,-126,-126,96
33.png,31.png,25.png,21.png,27.png,23.png,29.png,dots2.png,06.png,"[-225, -67]","[225, 83]","[150, 100]","[-75, 83]","[75, 83]","[225, 233]","[-225, 83]","[-75, 233]","[75, 233]","[-225, 233]","[-75, -217]","[75, -217]","[225, -217]","[100, 100]","[-75, -67]","[75, -67]","[225, -67]","[-225, -217]",1,16,"[100, 100]","[100, 100]",dots,02.png,16.png,04.png,08.png,07.png,13.png,10.png,m,"[100, 100]","[100, 100]","[100, 100]","[100, 100]","[100, 100]","[100, 100]","[100, 100]","[100, 100]","[100, 100]","[100, 100]","[100, 100]","[0, -375]",ok.png,"[100, 100]","[100, 100]",384,2,1,1,1,0,0,0,0,0,0,0,2.80685806274,2.806858062744141,0,220,220,137,137,1,1,0,0,0,0,0,0,0,1.60180032253,1.601800322532654,0,-39,-39,82,82,54
30.png,32.png,27.png,21.png,26.png,24.png,dots2.png,22.png,20.png,"[-241, -89]","[209, 61]","[150, 100]","[-91, 61]","[59, 61]","[209, 211]","[-241, 61]","[-91, 211]","[59, 211]","[-241, 211]","[-91, -239]","[59, -239]","[209, -239]","[100, 100]","[-91, -89]","[59, -89]","[209, -89]","[-241, -239]",1,16,"[100, 100]","[100, 100]",dots,14.png,03.png,18.png,16.png,09.png,05.png,07.png,m,"[100, 100]","[100, 100]","[100, 100]","[100, 100]","[100, 100]","[100, 100]","[100, 100]","[100, 100]","[100, 100]","[100, 100]","[100, 100]","[0, -375]",ok.png,"[100, 100]","[100, 100]",385,2,1,1,1,0,0,0,0,0,0,0,1.51091086864,1.510910868644714,0,82,82,26,26,1,1,0,0,0,0,0,0,0,2.4058110714,2.405811071395874,0,-3,-3,103,103,179
01.png,18.png,27.png,24.png,21.png,dots2.png,19.png,16.png,32.png,"[-200, -61]","[250, 89]","[150, 100]","[-50, 89]","[100, 89]","[250, 239]","[-200, 89]","[-50, 239]","[100, 239]","[-200, 239]","[-50, -211]","[100, -211]","[250, -211]","[100, 100]","[-50, -61]","[100, -61]","[250, -61]","[-200, -211]",1,16,"[100, 100]","[100, 100]",dots,13.png,31.png,34.png,10.png,05.png,33.png,14.png,m,"[100, 100]","[100, 100]","[100, 100]","[100, 100]","[100, 100]","[100, 100]","[100, 100]","[100, 100]","[100, 100]","[100, 100]","[100, 100]","[0, -375]",ok.png,"[100, 100]","[100, 100]",386,2,1,1,1,0,0,0,0,0,0,0,1.20256018639,1.202560186386108,0,-46,-46,79,79,1,1,0,0,0,0,0,0,0,2.540974617,2.540974617004395,0,-100,-100,106,106,279
34.png,27.png,08.png,18.png,dots2.png,11.png,16.png,21.png,17.png,"[-213, -66]","[237, 84]","[150, 100]","[-63, 84]","[87, 84]","[237, 234]","[-213, 84]","[-63, 234]","[87, 234]","[-213, 234]","[-63, -216]","[87, -216]","[237, -216]","[100, 100]","[-63, -66]","[87, -66]","[237, -66]","[-213, -216]",1,16,"[100, 100]","[100, 100]",dots,09.png,25.png,04.png,24.png,10.png,20.png,15.png,m,"[100, 100]","[100, 100]","[100, 100]","[100, 100]","[100, 100]","[100, 100]","[100, 100]","[100, 100]","[100, 100]","[100, 100]","[100, 100]","[0, -375]",ok.png,"[100, 100]","[100, 100]",387,2,1,1,1,0,0,0,0,0,0,0,1.81766963005,1.817669630050659,0,-229,-229,74,74,1,1,0,0,0,0,0,0,0,0.843196153641,0.8431961536407471,0,-206,-206,83,83,439
04.png,02.png,05.png,dots2.png,08.png,07.png,01.png,03.png,26.png,"[-231, -72]","[219, 78]","[150, 100]","[-81, 78]","[69, 78]","[219, 228]","[-231, 78]","[-81, 228]","[69, 228]","[-231, 228]","[-81, -222]","[69, -222]","[219, -222]","[100, 100]","[-81, -72]","[69, -72]","[219, -72]","[-231, -222]",1,16,"[100, 100]","[100, 100]",dots,28.png,24.png,29.png,32.png,16.png,20.png,10.png,m,"[100, 100]","[100, 100]","[100, 100]","[100, 100]","[100, 100]","[100, 100]","[100, 100]","[100, 100]","[100, 100]","[100, 100]","[100, 100]","[0, -375]",ok.png,"[100, 100]","[100, 100]",388,2,1,1,1,0,0,0,0,0,0,0,3.32401943207,3.324019432067871,0,208,208,224,224,1,1,0,0,0,0,0,0,0,0.218233034015,0.2182330340147018,0,208,208,222,222,157
01.png,12.png,dots2.png,23.png,10.png,02.png,28.png,13.png,08.png,"[-200, -63]","[250, 87]","[150, 100]","[-50, 87]","[100, 87]","[250, 237]","[-200, 87]","[-50, 237]","[100, 237]","[-200, 237]","[-50, -213]","[100, -213]","[250, -213]","[100, 100]","[-50, -63]","[100, -63]","[250, -63]","[-200, -213]",1,16,"[100, 100]","[100, 100]",dots,15.png,16.png,33.png,03.png,29.png,06.png,17.png,m,"[100, 100]","[100, 100]","[100, 100]","[100, 100]","[100, 100]","[100, 100]","[100, 100]","[100, 100]","[100, 100]","[100, 100]","[100, 100]","[0, -375]",ok.png,"[100, 100]","[100, 100]",389,2,1,1,1,0,0,0,0,0,0,0,1.416213274,1.416213274002075,0,119,119,251,251,1,1,0,0,0,0,0,0,0,0.578507483006,0.5785074830055237,0,117,117,250,250,198
24.png,dots2.png,03.png,07.png,13.png,17.png,23.png,27.png,33.png,"[-220, -72]","[230, 78]","[150, 100]","[-70, 78]","[80, 78]","[230, 228]","[-220, 78]","[-70, 228]","[80, 228]","[-220, 228]","[-70, -222]","[80, -222]","[230, -222]","[100, 100]","[-70, -72]","[80, -72]","[230, -72]","[-220, -222]",1,16,"[100, 100]","[100, 100]",dots,14.png,16.png,04.png,06.png,32.png,08.png,30.png,m,"[100, 100]","[100, 100]","[100, 100]","[100, 100]","[100, 100]","[100, 100]","[100, 100]","[100, 100]","[100, 100]","[100, 100]","[100, 100]","[0, -375]",ok.png,"[100, 100]","[100, 100]",390,2,1,1,1,0,0,0,0,0,0,0,2.96190333366,2.96190333366394,0,-70,-70,213,213,1,1,0,0,0,0,0,0,0,1.637357831,1.637357831001282,0,54,54,93,93,236
dots2.png,17.png,07.png,14.png,27.png,33.png,23.png,24.png,04.png,"[-225, -88]","[225, 62]","[150, 100]","[-75, 62]","[75, 62]","[225, 212]","[-225, 62]","[-75, 212]","[75, 212]","[-225, 212]","[-75, -238]","[75, -238]","[225, -238]","[100, 100]","[-75, -88]","[75, -88]","[225, -88]","[-225, -238]",1,16,"[100, 100]","[100, 100]",dots,12.png,02.png,03.png,16.png,04.png,30.png,20.png,m,"[100, 100]","[100, 100]","[100, 100]","[100, 100]","[100, 100]","[100, 100]","[100, 100]","[100, 100]","[100, 100]","[100, 100]","[100, 100]","[0, -375]",ok.png,"[100, 100]","[100, 100]",391,2,1,1,1,0,0,0,0,0,0,0,2.61731004715,2.617310047149658,0,-205,-205,209,209,1,1,0,0,0,0,0,0,0,0.190770789981,0.1907707899808884,0,-205,-205,209,209,382
18.png,dots2.png,04.png,13.png,31.png,16.png,22.png,12.png,11.png,"[-225, -84]","[225, 66]","[150, 100]","[-75, 66]","[75, 66]","[225, 216]","[-225, 66]","[-75, 216]","[75, 216]","[-225, 216]","[-75, -234]","[75, -234]","[225, -234]","[100, 100]","[-75, -84]","[75, -84]","[225, -84]","[-225, -234]",1,16,"[100, 100]","[100, 100]",dots,25.png,09.png,32.png,02.png,03.png,29.png,19.png,m,"[100, 100]","[100, 100]","[100, 100]","[100, 100]","[100, 100]","[100, 100]","[100, 100]","[100, 100]","[100, 100]","[100, 100]","[100, 100]","[0, -375]",ok.png,"[100, 100]","[100, 100]",392,2,1,1,1,0,0,0,0,0,0,0,2.28864073753,2.288640737533569,0,-70,-70,202,202,1,1,0,0,0,0,0,0,0,0.159286245704,0.1592862457036972,0,-70,-70,202,202,429
15.png,08.png,dots2.png,03.png,25.png,28.png,27.png,01.png,23.png,"[-243, -74]","[207, 76]","[150, 100]","[-93, 76]","[57, 76]","[207, 226]","[-243, 76]","[-93, 226]","[57, 226]","[-243, 226]","[-93, -224]","[57, -224]","[207, -224]","[100, 100]","[-93, -74]","[57, -74]","[207, -74]","[-243, -224]",1,16,"[100, 100]","[100, 100]",dots,21.png,05.png,07.png,30.png,16.png,11.png,13.png,m,"[100, 100]","[100, 100]","[100, 100]","[100, 100]","[100, 100]","[100, 100]","[100, 100]","[100, 100]","[100, 100]","[100, 100]","[100, 100]","[0, -375]",ok.png,"[100, 100]","[100, 100]",393,2,1,1,1,0,0,0,0,0,0,0,1.82260298729,1.822602987289429,0,54,54,210,210,1,1,0,0,0,0,0,0,0,3.57053947449,3.570539474487305,0,94,94,238,238,89
32.png,07.png,14.png,dots2.png,23.png,02.png,09.png,29.png,28.png,"[-212, -58]","[238, 92]","[150, 100]","[-62, 92]","[88, 92]","[238, 242]","[-212, 92]","[-62, 242]","[88, 242]","[-212, 242]","[-62, -208]","[88, -208]","[238, -208]","[100, 100]","[-62, -58]","[88, -58]","[238, -58]","[-212, -208]",1,16,"[100, 100]","[100, 100]",dots,20.png,17.png,16.png,05.png,06.png,15.png,21.png,m,"[100, 100]","[100, 100]","[100, 100]","[100, 100]","[100, 100]","[100, 100]","[100, 100]","[100, 100]","[100, 100]","[100, 100]","[100, 100]","[0, -375]",ok.png,"[100, 100]","[100, 100]",394,2,1,1,1,0,0,0,0,0,0,0,2.87260270119,2.872602701187134,0,284,284,239,239,1,1,0,0,0,0,0,0,0,0.776502430439,0.7765024304389954,0,270,270,250,250,238
03.png,32.png,21.png,31.png,dots2.png,08.png,30.png,15.png,34.png,"[-206, -67]","[244, 83]","[150, 100]","[-56, 83]","[94, 83]","[244, 233]","[-206, 83]","[-56, 233]","[94, 233]","[-206, 233]","[-56, -217]","[94, -217]","[244, -217]","[100, 100]","[-56, -67]","[94, -67]","[244, -67]","[-206, -217]",1,16,"[100, 100]","[100, 100]",dots,12.png,28.png,19.png,17.png,06.png,01.png,11.png,m,"[100, 100]","[100, 100]","[100, 100]","[100, 100]","[100, 100]","[100, 100]","[100, 100]","[100, 100]","[100, 100]","[100, 100]","[100, 100]","[0, -375]",ok.png,"[100, 100]","[100, 100]",395,2,1,1,1,0,0,0,0,0,0,0,1.87222361565,1.872223615646362,0,-214,-214,76,76,1,1,0,0,0,0,0,0,0,0.3896946311,0.389694631099701,0,-214,-214,76,76,251
28.png,22.png,16.png,13.png,10.png,dots2.png,09.png,07.png,27.png,"[-202, -90]","[248, 60]","[150, 100]","[-52, 60]","[98, 60]","[248, 210]","[-202, 60]","[-52, 210]","[98, 210]","[-202, 210]","[-52, -240]","[98, -240]","[248, -240]","[100, 100]","[-52, -90]","[98, -90]","[248, -90]","[-202, -240]",1,16,"[100, 100]","[100, 100]",dots,32.png,04.png,24.png,31.png,09.png,12.png,03.png,m,"[100, 100]","[100, 100]","[100, 100]","[100, 100]","[100, 100]","[100, 100]","[100, 100]","[100, 100]","[100, 100]","[100, 100]","[100, 100]","[0, -375]",ok.png,"[100, 100]","[100, 100]",396,2,1,1,1,0,0,0,0,0,0,0,1.4203091859800001,1.42030918598175,0,-69,-69,47,47,1,1,0,0,0,0,0,0,0,3.19949626923,3.199496269226074,0,-71,-71,77,77,69
30.png,26.png,20.png,34.png,10.png,07.png,dots2.png,01.png,08.png,"[-228, -60]","[222, 90]","[150, 100]","[-78, 90]","[72, 90]","[222, 240]","[-228, 90]","[-78, 240]","[72, 240]","[-228, 240]","[-78, -210]","[72, -210]","[222, -210]","[100, 100]","[-78, -60]","[72, -60]","[222, -60]","[-228, -210]",1,16,"[100, 100]","[100, 100]",dots,33.png,12.png,05.png,19.png,18.png,25.png,14.png,m,"[100, 100]","[100, 100]","[100, 100]","[100, 100]","[100, 100]","[100, 100]","[100, 100]","[100, 100]","[100, 100]","[100, 100]","[100, 100]","[0, -375]",ok.png,"[100, 100]","[100, 100]",397,2,1,1,1,0,0,0,0,0,0,0,2.07445406914,2.074454069137573,0,62,62,59,59,1,1,0,0,0,0,0,0,0,2.1075232029,2.107523202896118,0,11,11,-421,-421,56
01.png,33.png,24.png,26.png,30.png,04.png,02.png,dots2.png,09.png,"[-247, -69]","[203, 81]","[150, 100]","[-97, 81]","[53, 81]","[203, 231]","[-247, 81]","[-97, 231]","[53, 231]","[-247, 231]","[-97, -219]","[53, -219]","[203, -219]","[100, 100]","[-97, -69]","[53, -69]","[203, -69]","[-247, -219]",1,16,"[100, 100]","[100, 100]",dots,21.png,18.png,25.png,14.png,11.png,17.png,13.png,m,"[100, 100]","[100, 100]","[100, 100]","[100, 100]","[100, 100]","[100, 100]","[100, 100]","[100, 100]","[100, 100]","[100, 100]","[100, 100]","[0, -375]",ok.png,"[100, 100]","[100, 100]",398,2,1,1,1,0,0,0,0,0,0,0,1.68815529346,1.688155293464661,0,182,182,90,90,1,1,0,0,0,0,0,0,0,1.77265429497,1.772654294967651,0,9,9,-376,-376,26
19.png,03.png,29.png,09.png,30.png,26.png,31.png,18.png,dots2.png,"[-217, -58]","[233, 92]","[150, 100]","[-67, 92]","[83, 92]","[233, 242]","[-217, 92]","[-67, 242]","[83, 242]","[-217, 242]","[-67, -208]","[83, -208]","[233, -208]","[100, 100]","[-67, -58]","[83, -58]","[233, -58]","[-217, -208]",1,16,"[100, 100]","[100, 100]",dots,11.png,20.png,22.png,07.png,08.png,10.png,14.png,m,"[100, 100]","[100, 100]","[100, 100]","[100, 100]","[100, 100]","[100, 100]","[100, 100]","[100, 100]","[100, 100]","[100, 100]","[100, 100]","[0, -375]",ok.png,"[100, 100]","[100, 100]",399,2,1,1,1,0,0,0,0,0,0,0,1.43301928043,1.433019280433655,0,-224,-224,-65,-65,1,1,0,0,0,0,0,0,0,0.157525360584,0.157525360584259,0,-224,-224,-65,-65,407
26.png,29.png,32.png,19.png,05.png,14.png,15.png,33.png,30.png,"[-223, -96]","[227, 54]","[150, 100]","[-73, 54]","[77, 54]","[227, 204]","[-223, 54]","[-73, 204]","[77, 204]","[-223, 204]","[-73, -246]","[77, -246]","[227, -246]","[100, 100]","[-73, -96]","[77, -96]","[227, -96]","[-223, -246]",1,16,"[100, 100]","[100, 100]",dots,23.png,11.png,dots2.png,21.png,31.png,13.png,03.png,m,"[100, 100]","[100, 100]","[100, 100]","[100, 100]","[100, 100]","[100, 100]","[100, 100]","[100, 100]","[100, 100]","[100, 100]","[100, 100]","[0, -375]",ok.png,"[100, 100]","[100, 100]",400,2,1,1,1,0,0,0,0,0,0,0,3.30806899071,3.308068990707397,0,-83,-83,-79,-79,1,1,0,0,0,0,0,0,0,0.182194888592,0.1821948885917664,0,-83,-83,-79,-79,213
tray1.png,01.png,02.png,03.png,04.png,05.png,06.png,07.png,08.png,"[-200, -61]","[250, 89]","[150, 100]","[-50, 89]","[100, 89]","[250, 239]","[-200, 89]","[-50, 239]","[100, 239]","[-200, 239]","[-50, -211]","[100, -211]","[250, -211]","[100, 100]","[-50, -61]","[100, -61]","[250, -61]","[-200, -211]",1,16,"[100, 100]","[100, 100]",both,11.png,12.png,09.png,10.png,dots1.png,13.png,14.png,m,"[100, 100]","[100, 100]","[100, 100]","[100, 100]","[100, 100]","[100, 100]","[100, 100]","[100, 100]","[100, 100]","[100, 100]","[100, 100]","[0, -375]",ok.png,"[100, 100]","[100, 100]",401,3,1,1,1,0,0,0,0,0,0,0,1.63015210629,1.630152106285095,0,-194,-194,247,247,1,1,0,0,0,0,0,0,0,0.529840648174,0.5298406481742859,0,228,228,-212,-212,229
08.png,tray1.png,09.png,01.png,10.png,11.png,12.png,13.png,15.png,"[-221, -91]","[229, 59]","[150, 100]","[-71, 59]","[79, 59]","[229, 209]","[-221, 59]","[-71, 209]","[79, 209]","[-221, 209]","[-71, -241]","[79, -241]","[229, -241]","[100, 100]","[-71, -91]","[79, -91]","[229, -91]","[-221, -241]",1,16,"[100, 100]","[100, 100]",both,33.png,32.png,14.png,34.png,23.png,31.png,dots1.png,m,"[100, 100]","[100, 100]","[100, 100]","[100, 100]","[100, 100]","[100, 100]","[100, 100]","[100, 100]","[100, 100]","[100, 100]","[100, 100]","[0, -375]",ok.png,"[100, 100]","[100, 100]",402,3,1,1,1,0,0,0,0,0,0,0,0.96599817276,0.9659981727600098,0,-64,-64,210,210,1,1,0,0,0,0,0,0,0,0.68566775322,0.6856677532196045,0,86,86,-212,-212,100
05.png,06.png,tray1.png,15.png,16.png,17.png,18.png,19.png,20.png,"[-244, -89]","[206, 61]","[150, 100]","[-94, 61]","[56, 61]","[206, 211]","[-244, 61]","[-94, 211]","[56, 211]","[-244, 211]","[-94, -239]","[56, -239]","[206, -239]","[100, 100]","[-94, -89]","[56, -89]","[206, -89]","[-244, -239]",1,16,"[100, 100]","[100, 100]",both,23.png,24.png,21.png,22.png,27.png,dots1.png,30.png,m,"[100, 100]","[100, 100]","[100, 100]","[100, 100]","[100, 100]","[100, 100]","[100, 100]","[100, 100]","[100, 100]","[100, 100]","[100, 100]","[0, -375]",ok.png,"[100, 100]","[100, 100]",403,3,1,1,1,0,0,0,0,0,0,0,2.10457038879,2.104570388793945,0,38,38,181,181,1,1,0,0,0,0,0,0,0,0.501645922661,0.5016459226608276,0,38,38,186,186,45
22.png,23.png,24.png,tray1.png,03.png,12.png,25.png,26.png,02.png,"[-203, -80]","[247, 70]","[150, 100]","[-53, 70]","[97, 70]","[247, 220]","[-203, 70]","[-53, 220]","[97, 220]","[-203, 220]","[-53, -230]","[97, -230]","[247, -230]","[100, 100]","[-53, -80]","[97, -80]","[247, -80]","[-203, -230]",1,16,"[100, 100]","[100, 100]",both,28.png,dots1.png,08.png,27.png,32.png,30.png,31.png,m,"[100, 100]","[100, 100]","[100, 100]","[100, 100]","[100, 100]","[100, 100]","[100, 100]","[100, 100]","[100, 100]","[100, 100]","[100, 100]","[0, -375]",ok.png,"[100, 100]","[100, 100]",404,3,1,1,1,0,0,0,0,0,0,0,1.73421347141,1.734213471412659,0,-192,-192,-216,-216,1,1,0,0,0,0,0,0,0,0.39990824461,0.3999082446098328,0,-193,-193,-217,-217,335
02.png,04.png,06.png,08.png,tray1.png,29.png,30.png,31.png,32.png,"[-213, -57]","[237, 93]","[150, 100]","[-63, 93]","[87, 93]","[237, 243]","[-213, 93]","[-63, 243]","[87, 243]","[-213, 243]","[-63, -207]","[87, -207]","[237, -207]","[100, 100]","[-63, -57]","[87, -57]","[237, -57]","[-213, -207]",1,16,"[100, 100]","[100, 100]",both,dots1.png,22.png,33.png,34.png,28.png,24.png,26.png,m,"[100, 100]","[100, 100]","[100, 100]","[100, 100]","[100, 100]","[100, 100]","[100, 100]","[100, 100]","[100, 100]","[100, 100]","[100, 100]","[0, -375]",ok.png,"[100, 100]","[100, 100]",405,3,1,1,1,0,0,0,0,0,0,0,1.39003610611,1.390036106109619,0,235,235,-69,-69,1,1,0,0,0,0,0,0,0,0.523313045502,0.523313045501709,0,-207,-207,91,91,311
01.png,34.png,07.png,27.png,04.png,tray1.png,11.png,26.png,06.png,"[-202, -78]","[248, 72]","[150, 100]","[-52, 72]","[98, 72]","[248, 222]","[-202, 72]","[-52, 222]","[98, 222]","[-202, 222]","[-52, -228]","[98, -228]","[248, -228]","[100, 100]","[-52, -78]","[98, -78]","[248, -78]","[-202, -228]",1,16,"[100, 100]","[100, 100]",both,29.png,17.png,15.png,dots1.png,32.png,23.png,30.png,m,"[100, 100]","[100, 100]","[100, 100]","[100, 100]","[100, 100]","[100, 100]","[100, 100]","[100, 100]","[100, 100]","[100, 100]","[100, 100]","[0, -375]",ok.png,"[100, 100]","[100, 100]",406,3,1,1,1,0,0,0,0,0,0,0,0.96584624052,0.9658462405204772,0,-72,-72,89,89,1,1,0,0,0,0,0,0,0,0.486070275307,0.4860702753067017,0,134,134,-101,-101,83
12.png,24.png,02.png,05.png,07.png,03.png,tray1.png,25.png,18.png,"[-211, -93]","[239, 57]","[150, 100]","[-61, 57]","[89, 57]","[239, 207]","[-211, 57]","[-61, 207]","[89, 207]","[-211, 207]","[-61, -243]","[89, -243]","[239, -243]","[100, 100]","[-61, -93]","[89, -93]","[239, -93]","[-211, -243]",1,16,"[100, 100]","[100, 100]",both,27.png,06.png,dots1.png,13.png,17.png,22.png,09.png,m,"[100, 100]","[100, 100]","[100, 100]","[100, 100]","[100, 100]","[100, 100]","[100, 100]","[100, 100]","[100, 100]","[100, 100]","[100, 100]","[0, -375]",ok.png,"[100, 100]","[100, 100]",407,3,1,1,1,0,0,0,0,0,0,0,1.50878596306,1.508785963058472,0,67,67,62,62,1,1,0,0,0,0,0,0,0,0.389365166426,0.389365166425705,0,-30,-30,-74,-74,192
13.png,05.png,33.png,07.png,20.png,15.png,27.png,tray1.png,dots1.png,"[-216, -96]","[234, 54]","[150, 100]","[-66, 54]","[84, 54]","[234, 204]","[-216, 54]","[-66, 204]","[84, 204]","[-216, 204]","[-66, -246]","[84, -246]","[234, -246]","[100, 100]","[-66, -96]","[84, -96]","[234, -96]","[-216, -246]",1,16,"[100, 100]","[100, 100]",both,31.png,09.png,17.png,25.png,22.png,01.png,33.png,m,"[100, 100]","[100, 100]","[100, 100]","[100, 100]","[100, 100]","[100, 100]","[100, 100]","[100, 100]","[100, 100]","[100, 100]","[100, 100]","[0, -375]",ok.png,"[100, 100]","[100, 100]",408,3,1,1,1,0,0,0,0,0,0,0,1.74172842503,1.74172842502594,0,-215,-215,-92,-92,1,1,0,0,0,0,0,0,0,0.534984767437,0.5349847674369812,0,249,249,66,66,188
07.png,10.png,13.png,16.png,02.png,08.png,04.png,dots1.png,tray1.png,"[-235, -86]","[215, 64]","[150, 100]","[-85, 64]","[65, 64]","[215, 214]","[-235, 64]","[-85, 214]","[65, 214]","[-235, 214]","[-85, -236]","[65, -236]","[215, -236]","[100, 100]","[-85, -86]","[65, -86]","[215, -86]","[-235, -236]",1,16,"[100, 100]","[100, 100]",both,27.png,21.png,29.png,23.png,33.png,25.png,31.png,m,"[100, 100]","[100, 100]","[100, 100]","[100, 100]","[100, 100]","[100, 100]","[100, 100]","[100, 100]","[100, 100]","[100, 100]","[100, 100]","[0, -375]",ok.png,"[100, 100]","[100, 100]",409,3,1,1,1,0,0,0,0,0,0,0,2.16717219353,2.167172193527222,0,-227,-227,-73,-73,1,1,0,0,0,0,0,0,0,0.466167151928,0.466167151927948,0,240,240,78,78,94
09.png,07.png,05.png,03.png,14.png,16.png,dots1.png,20.png,22.png,"[-227, -73]","[223, 77]","[150, 100]","[-77, 77]","[73, 77]","[223, 227]","[-227, 77]","[-77, 227]","[73, 227]","[-227, 227]","[-77, -223]","[73, -223]","[223, -223]","[100, 100]","[-77, -73]","[73, -73]","[223, -73]","[-227, -223]",1,16,"[100, 100]","[100, 100]",both,26.png,21.png,tray1.png,24.png,30.png,27.png,32.png,m,"[100, 100]","[100, 100]","[100, 100]","[100, 100]","[100, 100]","[100, 100]","[100, 100]","[100, 100]","[100, 100]","[100, 100]","[100, 100]","[0, -375]",ok.png,"[100, 100]","[100, 100]",410,3,1,1,1,0,0,0,0,0,0,0,1.6936494112,1.693649411201477,0,94,94,77,77,1,1,0,0,0,0,0,0,0,0.300893813372,0.3008938133716583,0,-37,-37,-75,-75,113
05.png,14.png,33.png,31.png,13.png,dots1.png,34.png,32.png,16.png,"[-211, -72]","[239, 78]","[150, 100]","[-61, 78]","[89, 78]","[239, 228]","[-211, 78]","[-61, 228]","[89, 228]","[-211, 228]","[-61, -222]","[89, -222]","[239, -222]","[100, 100]","[-61, -72]","[89, -72]","[239, -72]","[-211, -222]",1,16,"[100, 100]","[100, 100]",both,21.png,24.png,19.png,tray1.png,01.png,27.png,18.png,m,"[100, 100]","[100, 100]","[100, 100]","[100, 100]","[100, 100]","[100, 100]","[100, 100]","[100, 100]","[100, 100]","[100, 100]","[100, 100]","[0, -375]",ok.png,"[100, 100]","[100, 100]",411,3,1,1,1,0,0,0,0,0,0,0,1.62226760387,1.622267603874207,0,-70,-70,68,68,1,1,0,0,0,0,0,0,0,0.541983485222,0.5419834852218628,0,125,125,-107,-107,61
10.png,15.png,20.png,25.png,dots1.png,24.png,04.png,17.png,21.png,"[-218, -68]","[232, 82]","[150, 100]","[-68, 82]","[82, 82]","[232, 232]","[-218, 82]","[-68, 232]","[82, 232]","[-218, 232]","[-68, -218]","[82, -218]","[232, -218]","[100, 100]","[-68, -68]","[82, -68]","[232, -68]","[-218, -218]",1,16,"[100, 100]","[100, 100]",both,tray1.png,18.png,16.png,11.png,34.png,08.png,27.png,m,"[100, 100]","[100, 100]","[100, 100]","[100, 100]","[100, 100]","[100, 100]","[100, 100]","[100, 100]","[100, 100]","[100, 100]","[100, 100]","[0, -375]",ok.png,"[100, 100]","[100, 100]",412,3,1,1,1,0,0,0,0,0,0,0,1.15520882607,1.155208826065063,0,-199,-199,84,84,1,1,0,0,0,0,0,0,0,0.886359274387,0.8863592743873596,0,259,259,-82,-82,162
16.png,10.png,20.png,dots1.png,28.png,32.png,29.png,26.png,03.png,"[-224, -66]","[226, 84]","[150, 100]","[-74, 84]","[76, 84]","[226, 234]","[-224, 84]","[-74, 234]","[76, 234]","[-224, 234]","[-74, -216]","[76, -216]","[226, -216]","[100, 100]","[-74, -66]","[76, -66]","[226, -66]","[-224, -216]",1,16,"[100, 100]","[100, 100]",both,08.png,tray1.png,01.png,07.png,04.png,05.png,02.png,m,"[100, 100]","[100, 100]","[100, 100]","[100, 100]","[100, 100]","[100, 100]","[100, 100]","[100, 100]","[100, 100]","[100, 100]","[100, 100]","[0, -375]",ok.png,"[100, 100]","[100, 100]",413,3,1,1,1,0,0,0,0,0,0,0,4.02775287628,4.027752876281738,0,-255,-255,-221,-221,1,1,0,0,0,0,0,0,0,1.10575890541,1.105758905410767,0,264,264,238,238,98
29.png,17.png,dots1.png,16.png,15.png,03.png,33.png,08.png,13.png,"[-214, -99]","[236, 51]","[150, 100]","[-64, 51]","[86, 51]","[236, 201]","[-214, 51]","[-64, 201]","[86, 201]","[-214, 201]","[-64, -249]","[86, -249]","[236, -249]","[100, 100]","[-64, -99]","[86, -99]","[236, -99]","[-214, -249]",1,16,"[100, 100]","[100, 100]",both,10.png,23.png,28.png,02.png,01.png,tray1.png,12.png,m,"[100, 100]","[100, 100]","[100, 100]","[100, 100]","[100, 100]","[100, 100]","[100, 100]","[100, 100]","[100, 100]","[100, 100]","[100, 100]","[0, -375]",ok.png,"[100, 100]","[100, 100]",414,3,1,1,1,0,0,0,0,0,0,0,1.44313848019,1.443138480186462,0,122,122,194,194,1,1,0,0,0,0,0,0,0,0.488798320293,0.4887983202934265,0,-44,-44,-203,-203,359
32.png,dots1.png,08.png,16.png,14.png,06.png,04.png,33.png,27.png,"[-246, -77]","[204, 73]","[150, 100]","[-96, 73]","[54, 73]","[204, 223]","[-246, 73]","[-96, 223]","[54, 223]","[-246, 223]","[-96, -227]","[54, -227]","[204, -227]","[100, 100]","[-96, -77]","[54, -77]","[204, -77]","[-246, -227]",1,16,"[100, 100]","[100, 100]",both,13.png,07.png,23.png,17.png,24.png,03.png,tray1.png,m,"[100, 100]","[100, 100]","[100, 100]","[100, 100]","[100, 100]","[100, 100]","[100, 100]","[100, 100]","[100, 100]","[100, 100]","[100, 100]","[0, -375]",ok.png,"[100, 100]","[100, 100]",415,3,1,1,1,0,0,0,0,0,0,0,1.60704910755,1.607049107551575,0,-92,-92,186,186,1,1,0,0,0,0,0,0,0,0.95254021883,0.9525402188301086,0,30,30,-186,-186,363
dots1.png,20.png,30.png,02.png,12.png,16.png,03.png,04.png,24.png,"[-226, -88]","[224, 62]","[150, 100]","[-76, 62]","[74, 62]","[224, 212]","[-226, 62]","[-76, 212]","[74, 212]","[-226, 212]","[-76, -238]","[74, -238]","[224, -238]","[100, 100]","[-76, -88]","[74, -88]","[224, -88]","[-226, -238]",1,16,"[100, 100]","[100, 100]",both,27.png,14.png,23.png,33.png,tray1.png,07.png,17.png,m,"[100, 100]","[100, 100]","[100, 100]","[100, 100]","[100, 100]","[100, 100]","[100, 100]","[100, 100]","[100, 100]","[100, 100]","[100, 100]","[0, -375]",ok.png,"[100, 100]","[100, 100]",416,3,1,1,1,0,0,0,0,0,0,0,2.99411654472,2.994116544723511,0,-244,-244,198,198,1,1,0,0,0,0,0,0,0,0.158349186182,0.1583491861820221,0,-244,-244,198,198,111
03.png,dots1.png,29.png,09.png,25.png,02.png,32.png,11.png,12.png,"[-220, -51]","[230, 99]","[150, 100]","[-70, 99]","[80, 99]","[230, 249]","[-220, 99]","[-70, 249]","[80, 249]","[-220, 249]","[-70, -201]","[80, -201]","[230, -201]","[100, 100]","[-70, -51]","[80, -51]","[230, -51]","[-220, -201]",1,16,"[100, 100]","[100, 100]",both,31.png,13.png,22.png,16.png,18.png,04.png,tray1.png,m,"[100, 100]","[100, 100]","[100, 100]","[100, 100]","[100, 100]","[100, 100]","[100, 100]","[100, 100]","[100, 100]","[100, 100]","[100, 100]","[0, -375]",ok.png,"[100, 100]","[100, 100]",417,3,1,1,1,0,0,0,0,0,0,0,0.904546380043,0.9045463800430298,0,-67,-67,251,251,1,1,0,0,0,0,0,0,0,1.66632294655,1.666322946548462,0,80,80,-204,-204,37
16.png,13.png,dots1.png,05.png,21.png,30.png,07.png,23.png,01.png,"[-202, -97]","[248, 53]","[150, 100]","[-52, 53]","[98, 53]","[248, 203]","[-202, 53]","[-52, 203]","[98, 203]","[-202, 203]","[-52, -247]","[98, -247]","[248, -247]","[100, 100]","[-52, -97]","[98, -97]","[248, -97]","[-202, -247]",1,16,"[100, 100]","[100, 100]",both,25.png,03.png,27.png,28.png,15.png,tray1.png,08.png,m,"[100, 100]","[100, 100]","[100, 100]","[100, 100]","[100, 100]","[100, 100]","[100, 100]","[100, 100]","[100, 100]","[100, 100]","[100, 100]","[0, -375]",ok.png,"[100, 100]","[100, 100]",418,3,1,1,1,0,0,0,0,0,0,0,1.70066726208,1.700667262077332,0,102,102,186,186,1,1,0,0,0,0,0,0,0,2.77392792702,2.773927927017212,0,-101,-101,-246,-246,144
06.png,21.png,15.png,dots1.png,20.png,05.png,16.png,28.png,29.png,"[-205, -54]","[245, 96]","[150, 100]","[-55, 96]","[95, 96]","[245, 246]","[-205, 96]","[-55, 246]","[95, 246]","[-205, 246]","[-55, -204]","[95, -204]","[245, -204]","[100, 100]","[-55, -54]","[95, -54]","[245, -54]","[-205, -204]",1,16,"[100, 100]","[100, 100]",both,23.png,tray1.png,09.png,02.png,32.png,14.png,07.png,m,"[100, 100]","[100, 100]","[100, 100]","[100, 100]","[100, 100]","[100, 100]","[100, 100]","[100, 100]","[100, 100]","[100, 100]","[100, 100]","[0, -375]",ok.png,"[100, 100]","[100, 100]",419,3,1,1,1,0,0,0,0,0,0,0,1.2938503027,1.293850302696228,0,293,293,241,241,1,1,0,0,0,0,0,0,0,1.30907905102,1.309079051017761,0,-178,-178,-183,-183,84
06.png,11.png,01.png,28.png,dots1.png,17.png,19.png,34.png,15.png,"[-203, -69]","[247, 81]","[150, 100]","[-53, 81]","[97, 81]","[247, 231]","[-203, 81]","[-53, 231]","[97, 231]","[-203, 231]","[-53, -219]","[97, -219]","[247, -219]","[100, 100]","[-53, -69]","[97, -69]","[247, -69]","[-203, -219]",1,16,"[100, 100]","[100, 100]",both,tray1.png,31.png,30.png,08.png,03.png,21.png,32.png,m,"[100, 100]","[100, 100]","[100, 100]","[100, 100]","[100, 100]","[100, 100]","[100, 100]","[100, 100]","[100, 100]","[100, 100]","[100, 100]","[0, -375]",ok.png,"[100, 100]","[100, 100]",420,3,1,1,1,0,0,0,0,0,0,0,0.9450532794,0.9450532793998718,0,-215,-215,89,89,1,1,0,0,0,0,0,0,0,0.610906124115,0.6109061241149902,0,251,251,-76,-76,55
09.png,03.png,12.png,04.png,32.png,dots1.png,24.png,27.png,07.png,"[-234, -72]","[216, 78]","[150, 100]","[-84, 78]","[66, 78]","[216, 228]","[-234, 78]","[-84, 228]","[66, 228]","[-234, 228]","[-84, -222]","[66, -222]","[216, -222]","[100, 100]","[-84, -72]","[66, -72]","[216, -72]","[-234, -222]",1,16,"[100, 100]","[100, 100]",both,10.png,13.png,09.png,tray1.png,28.png,16.png,22.png,m,"[100, 100]","[100, 100]","[100, 100]","[100, 100]","[100, 100]","[100, 100]","[100, 100]","[100, 100]","[100, 100]","[100, 100]","[100, 100]","[0, -375]",ok.png,"[100, 100]","[100, 100]",421,3,1,1,1,0,0,0,0,0,0,0,2.69656348228,2.696563482284546,0,-9,-9,18,18,1,1,0,0,0,0,0,0,0,0.248743221164,0.2487432211637497,0,-81,-81,50,50,230
18.png,14.png,25.png,12.png,33.png,19.png,dots1.png,08.png,01.png,"[-230, -58]","[220, 92]","[150, 100]","[-80, 92]","[70, 92]","[220, 242]","[-230, 92]","[-80, 242]","[70, 242]","[-230, 242]","[-80, -208]","[70, -208]","[220, -208]","[100, 100]","[-80, -58]","[70, -58]","[220, -58]","[-230, -208]",1,16,"[100, 100]","[100, 100]",both,10.png,34.png,tray1.png,07.png,30.png,20.png,26.png,m,"[100, 100]","[100, 100]","[100, 100]","[100, 100]","[100, 100]","[100, 100]","[100, 100]","[100, 100]","[100, 100]","[100, 100]","[100, 100]","[0, -375]",ok.png,"[100, 100]","[100, 100]",422,3,1,1,1,0,0,0,0,0,0,0,1.69819676876,1.698196768760681,0,84,84,70,70,1,1,0,0,0,0,0,0,0,0.77889418602,0.7788941860198975,0,-80,-80,-8,-8,262
11.png,13.png,17.png,18.png,21.png,14.png,25.png,dots1.png,tray1.png,"[-245, -92]","[205, 58]","[150, 100]","[-95, 58]","[55, 58]","[205, 208]","[-245, 58]","[-95, 208]","[55, 208]","[-245, 208]","[-95, -242]","[55, -242]","[205, -242]","[100, 100]","[-95, -92]","[55, -92]","[205, -92]","[-245, -242]",1,16,"[100, 100]","[100, 100]",both,30.png,26.png,02.png,04.png,01.png,24.png,33.png,m,"[100, 100]","[100, 100]","[100, 100]","[100, 100]","[100, 100]","[100, 100]","[100, 100]","[100, 100]","[100, 100]","[100, 100]","[100, 100]","[0, -375]",ok.png,"[100, 100]","[100, 100]",423,3,1,1,1,0,0,0,0,0,0,0,1.57506775856,1.575067758560181,0,241,241,57,57,1,1,0,0,0,0,0,0,0,0.638303756714,0.6383037567138672,0,-266,-266,-52,-52,277
08.png,14.png,10.png,20.png,11.png,07.png,22.png,tray1.png,dots1.png,"[-241, -69]","[209, 81]","[150, 100]","[-91, 81]","[59, 81]","[209, 231]","[-241, 81]","[-91, 231]","[59, 231]","[-241, 231]","[-91, -219]","[59, -219]","[209, -219]","[100, 100]","[-91, -69]","[59, -69]","[209, -69]","[-241, -219]",1,16,"[100, 100]","[100, 100]",both,30.png,09.png,31.png,26.png,19.png,29.png,03.png,m,"[100, 100]","[100, 100]","[100, 100]","[100, 100]","[100, 100]","[100, 100]","[100, 100]","[100, 100]","[100, 100]","[100, 100]","[100, 100]","[0, -375]",ok.png,"[100, 100]","[100, 100]",424,3,1,1,1,0,0,0,0,0,0,0,1.61168992519,1.611689925193787,0,-186,-186,-75,-75,1,1,0,0,0,0,0,0,0,0.557809591293,0.557809591293335,0,214,214,77,77,350
31.png,03.png,13.png,11.png,23.png,21.png,tray1.png,30.png,33.png,"[-217, -60]","[233, 90]","[150, 100]","[-67, 90]","[83, 90]","[233, 240]","[-217, 90]","[-67, 240]","[83, 240]","[-217, 240]","[-67, -210]","[83, -210]","[233, -210]","[100, 100]","[-67, -60]","[83, -60]","[233, -60]","[-217, -210]",1,16,"[100, 100]","[100, 100]",both,05.png,19.png,dots1.png,14.png,26.png,32.png,29.png,m,"[100, 100]","[100, 100]","[100, 100]","[100, 100]","[100, 100]","[100, 100]","[100, 100]","[100, 100]","[100, 100]","[100, 100]","[100, 100]","[0, -375]",ok.png,"[100, 100]","[100, 100]",425,3,1,1,1,0,0,0,0,0,0,0,1.51636564732,1.516365647315979,0,-81,-81,-58,-58,1,1,0,0,0,0,0,0,0,0.38490664959,0.3849066495895386,0,100,100,147,147,310
dots2.png,14.png,13.png,12.png,11.png,10.png,09.png,08.png,07.png,"[-229, -82]","[221, 68]","[150, 100]","[-79, 68]","[71, 68]","[221, 218]","[-229, 68]","[-79, 218]","[71, 218]","[-229, 218]","[-79, -232]","[71, -232]","[221, -232]","[100, 100]","[-79, -82]","[71, -82]","[221, -82]","[-229, -232]",1,16,"[100, 100]","[100, 100]",both,04.png,03.png,06.png,05.png,tray2.png,02.png,01.png,m,"[100, 100]","[100, 100]","[100, 100]","[100, 100]","[100, 100]","[100, 100]","[100, 100]","[100, 100]","[100, 100]","[100, 100]","[100, 100]","[0, -375]",ok.png,"[100, 100]","[100, 100]",426,3,1,1,1,0,0,0,0,0,0,0,3.4766459465,3.476645946502686,0,283,283,-215,-215,1,1,0,0,0,0,0,0,0,0.528196454048,0.5281964540481567,0,-264,-264,261,261,328
23.png,dots2.png,31.png,32.png,33.png,34.png,14.png,15.png,13.png,"[-236, -77]","[214, 73]","[150, 100]","[-86, 73]","[64, 73]","[214, 223]","[-236, 73]","[-86, 223]","[64, 223]","[-236, 223]","[-86, -227]","[64, -227]","[214, -227]","[100, 100]","[-86, -77]","[64, -77]","[214, -77]","[-236, -227]",1,16,"[100, 100]","[100, 100]",both,10.png,01.png,12.png,11.png,08.png,09.png,tray2.png,m,"[100, 100]","[100, 100]","[100, 100]","[100, 100]","[100, 100]","[100, 100]","[100, 100]","[100, 100]","[100, 100]","[100, 100]","[100, 100]","[0, -375]",ok.png,"[100, 100]","[100, 100]",427,3,1,1,1,0,0,0,0,0,0,0,1.07708323002,1.077083230018616,0,-73,-73,220,220,1,1,0,0,0,0,0,0,0,0.92177516222,0.9217751622200012,0,111,111,-234,-234,268
27.png,30.png,dots2.png,24.png,23.png,22.png,21.png,20.png,19.png,"[-202, -77]","[248, 73]","[150, 100]","[-52, 73]","[98, 73]","[248, 223]","[-202, 73]","[-52, 223]","[98, 223]","[-202, 223]","[-52, -227]","[98, -227]","[248, -227]","[100, 100]","[-52, -77]","[98, -77]","[248, -77]","[-202, -227]",1,16,"[100, 100]","[100, 100]",both,16.png,15.png,18.png,17.png,05.png,tray2.png,06.png,m,"[100, 100]","[100, 100]","[100, 100]","[100, 100]","[100, 100]","[100, 100]","[100, 100]","[100, 100]","[100, 100]","[100, 100]","[100, 100]","[0, -375]",ok.png,"[100, 100]","[100, 100]",428,3,1,1,1,0,0,0,0,0,0,0,1.10540139675,1.105401396751404,0,107,107,220,220,1,1,0,0,0,0,0,0,0,1.07342600822,1.073426008224487,0,-32,-32,-247,-247,211
33.png,32.png,30.png,dots2.png,08.png,02.png,31.png,27.png,26.png,"[-217, -96]","[233, 54]","[150, 100]","[-67, 54]","[83, 54]","[233, 204]","[-217, 54]","[-67, 204]","[83, 204]","[-217, 204]","[-67, -246]","[83, -246]","[233, -246]","[100, 100]","[-67, -96]","[83, -96]","[233, -96]","[-217, -246]",1,16,"[100, 100]","[100, 100]",both,03.png,tray2.png,28.png,12.png,22.png,24.png,23.png,m,"[100, 100]","[100, 100]","[100, 100]","[100, 100]","[100, 100]","[100, 100]","[100, 100]","[100, 100]","[100, 100]","[100, 100]","[100, 100]","[0, -375]",ok.png,"[100, 100]","[100, 100]",429,3,1,1,1,0,0,0,0,0,0,0,1.29130792618,1.291307926177979,0,265,265,197,197,1,1,0,0,0,0,0,0,0,1.4189170599,1.418917059898376,0,226,226,211,211,202
28.png,26.png,24.png,22.png,dots2.png,34.png,33.png,32.png,31.png,"[-245, -98]","[205, 52]","[150, 100]","[-95, 52]","[55, 52]","[205, 202]","[-245, 52]","[-95, 202]","[55, 202]","[-245, 202]","[-95, -248]","[55, -248]","[205, -248]","[100, 100]","[-95, -98]","[55, -98]","[205, -98]","[-245, -248]",1,16,"[100, 100]","[100, 100]",both,tray2.png,08.png,30.png,29.png,02.png,06.png,04.png,m,"[100, 100]","[100, 100]","[100, 100]","[100, 100]","[100, 100]","[100, 100]","[100, 100]","[100, 100]","[100, 100]","[100, 100]","[100, 100]","[0, -375]",ok.png,"[100, 100]","[100, 100]",430,3,1,1,1,0,0,0,0,0,0,0,1.88108658791,1.881086587905884,0,-227,-227,25,25,1,1,0,0,0,0,0,0,0,0.753201067448,0.7532010674476624,0,223,223,-90,-90,247
32.png,30.png,23.png,17.png,29.png,dots2.png,15.png,06.png,26.png,"[-248, -92]","[202, 58]","[150, 100]","[-98, 58]","[52, 58]","[202, 208]","[-248, 58]","[-98, 208]","[52, 208]","[-248, 208]","[-98, -242]","[52, -242]","[202, -242]","[100, 100]","[-98, -92]","[52, -92]","[202, -92]","[-248, -242]",1,16,"[100, 100]","[100, 100]",both,04.png,27.png,11.png,tray2.png,01.png,07.png,34.png,m,"[100, 100]","[100, 100]","[100, 100]","[100, 100]","[100, 100]","[100, 100]","[100, 100]","[100, 100]","[100, 100]","[100, 100]","[100, 100]","[0, -375]",ok.png,"[100, 100]","[100, 100]",431,3,1,1,1,0,0,0,0,0,0,0,1.34321939945,1.343219399452209,0,54,54,-91,-91,1,1,0,0,0,0,0,0,0,0.357973337173,0.3579733371734619,0,-74,-74,33,33,399
17.png,09.png,22.png,06.png,27.png,13.png,dots2.png,18.png,25.png,"[-229, -76]","[221, 74]","[150, 100]","[-79, 74]","[71, 74]","[221, 224]","[-229, 74]","[-79, 224]","[71, 224]","[-229, 224]","[-79, -226]","[71, -226]","[221, -226]","[100, 100]","[-79, -76]","[71, -76]","[221, -76]","[-229, -226]",1,16,"[100, 100]","[100, 100]",both,07.png,05.png,tray2.png,03.png,12.png,02.png,24.png,m,"[100, 100]","[100, 100]","[100, 100]","[100, 100]","[100, 100]","[100, 100]","[100, 100]","[100, 100]","[100, 100]","[100, 100]","[100, 100]","[0, -375]",ok.png,"[100, 100]","[100, 100]",432,3,1,1,1,0,0,0,0,0,0,0,0.938722014427,0.9387220144271852,0,-70,-70,-100,-100,1,1,0,0,0,0,0,0,0,3.75890660286,3.758906602859497,0,90,90,77,77,39
22.png,33.png,01.png,09.png,31.png,25.png,17.png,dots2.png,tray2.png,"[-226, -86]","[224, 64]","[150, 100]","[-76, 64]","[74, 64]","[224, 214]","[-226, 64]","[-76, 214]","[74, 214]","[-226, 214]","[-76, -236]","[74, -236]","[224, -236]","[100, 100]","[-76, -86]","[74, -86]","[224, -86]","[-226, -236]",1,16,"[100, 100]","[100, 100]",both,20.png,07.png,27.png,15.png,13.png,33.png,05.png,m,"[100, 100]","[100, 100]","[100, 100]","[100, 100]","[100, 100]","[100, 100]","[100, 100]","[100, 100]","[100, 100]","[100, 100]","[100, 100]","[0, -375]",ok.png,"[100, 100]","[100, 100]",433,3,1,1,1,0,0,0,0,0,0,0,1.32271933556,1.32271933555603,0,218,218,51,51,1,1,0,0,0,0,0,0,0,0.560520887375,0.5605208873748779,0,-179,-179,-72,-72,267
33.png,31.png,25.png,21.png,27.png,23.png,29.png,tray2.png,dots2.png,"[-215, -92]","[235, 58]","[150, 100]","[-65, 58]","[85, 58]","[235, 208]","[-215, 58]","[-65, 208]","[85, 208]","[-215, 208]","[-65, -242]","[85, -242]","[235, -242]","[100, 100]","[-65, -92]","[85, -92]","[235, -92]","[-215, -242]",1,16,"[100, 100]","[100, 100]",both,02.png,16.png,04.png,08.png,07.png,13.png,10.png,m,"[100, 100]","[100, 100]","[100, 100]","[100, 100]","[100, 100]","[100, 100]","[100, 100]","[100, 100]","[100, 100]","[100, 100]","[100, 100]","[0, -375]",ok.png,"[100, 100]","[100, 100]",434,3,1,1,1,0,0,0,0,0,0,0,2.26298832893,2.262988328933716,0,-181,-181,-98,-98,1,1,0,0,0,0,0,0,0,0.743774950504,0.743774950504303,0,234,234,52,52,312
30.png,32.png,27.png,21.png,26.png,24.png,tray2.png,22.png,20.png,"[-212, -72]","[238, 78]","[150, 100]","[-62, 78]","[88, 78]","[238, 228]","[-212, 78]","[-62, 228]","[88, 228]","[-212, 228]","[-62, -222]","[88, -222]","[238, -222]","[100, 100]","[-62, -72]","[88, -72]","[238, -72]","[-212, -222]",1,16,"[100, 100]","[100, 100]",both,14.png,03.png,dots2.png,16.png,09.png,05.png,07.png,m,"[100, 100]","[100, 100]","[100, 100]","[100, 100]","[100, 100]","[100, 100]","[100, 100]","[100, 100]","[100, 100]","[100, 100]","[100, 100]","[0, -375]",ok.png,"[100, 100]","[100, 100]",435,3,1,1,1,0,0,0,0,0,0,0,1.84135210514,1.841352105140686,0,72,72,86,86,1,1,0,0,0,0,0,0,0,0.527463614941,0.5274636149406433,0,-50,-50,-64,-64,165
01.png,18.png,27.png,24.png,21.png,tray2.png,19.png,16.png,32.png,"[-218, -96]","[232, 54]","[150, 100]","[-68, 54]","[82, 54]","[232, 204]","[-218, 54]","[-68, 204]","[82, 204]","[-218, 204]","[-68, -246]","[82, -246]","[232, -246]","[100, 100]","[-68, -96]","[82, -96]","[232, -96]","[-218, -246]",1,16,"[100, 100]","[100, 100]",both,13.png,31.png,34.png,dots2.png,05.png,33.png,14.png,m,"[100, 100]","[100, 100]","[100, 100]","[100, 100]","[100, 100]","[100, 100]","[100, 100]","[100, 100]","[100, 100]","[100, 100]","[100, 100]","[0, -375]",ok.png,"[100, 100]","[100, 100]",436,3,1,1,1,0,0,0,0,0,0,0,0.868151366711,0.8681513667106628,0,-53,-53,60,60,1,1,0,0,0,0,0,0,0,0.719900548458,0.7199005484580994,0,78,78,-80,-80,401
34.png,27.png,08.png,18.png,tray2.png,11.png,16.png,21.png,17.png,"[-204, -84]","[246, 66]","[150, 100]","[-54, 66]","[96, 66]","[246, 216]","[-204, 66]","[-54, 216]","[96, 216]","[-204, 216]","[-54, -234]","[96, -234]","[246, -234]","[100, 100]","[-54, -84]","[96, -84]","[246, -84]","[-204, -234]",1,16,"[100, 100]","[100, 100]",both,dots2.png,25.png,04.png,24.png,10.png,20.png,15.png,m,"[100, 100]","[100, 100]","[100, 100]","[100, 100]","[100, 100]","[100, 100]","[100, 100]","[100, 100]","[100, 100]","[100, 100]","[100, 100]","[0, -375]",ok.png,"[100, 100]","[100, 100]",437,3,1,1,1,0,0,0,0,0,0,0,1.98063778877,1.980637788772583,0,268,268,-93,-93,1,1,0,0,0,0,0,0,0,0.560792863369,0.560792863368988,0,-188,-188,92,92,384
04.png,02.png,05.png,tray2.png,08.png,07.png,01.png,03.png,26.png,"[-207, -65]","[243, 85]","[150, 100]","[-57, 85]","[93, 85]","[243, 235]","[-207, 85]","[-57, 235]","[93, 235]","[-207, 235]","[-57, -215]","[93, -215]","[243, -215]","[100, 100]","[-57, -65]","[93, -65]","[243, -65]","[-207, -215]",1,16,"[100, 100]","[100, 100]",both,28.png,dots2.png,29.png,32.png,16.png,20.png,10.png,m,"[100, 100]","[100, 100]","[100, 100]","[100, 100]","[100, 100]","[100, 100]","[100, 100]","[100, 100]","[100, 100]","[100, 100]","[100, 100]","[0, -375]",ok.png,"[100, 100]","[100, 100]",438,3,1,1,1,0,0,0,0,0,0,0,1.50633025169,1.506330251693726,0,224,224,224,224,1,1,0,0,0,0,0,0,0,0.671129703522,0.6711297035217285,0,-219,-219,-211,-211,331
01.png,12.png,tray2.png,23.png,10.png,02.png,28.png,13.png,08.png,"[-208, -68]","[242, 82]","[150, 100]","[-58, 82]","[92, 82]","[242, 232]","[-208, 82]","[-58, 232]","[92, 232]","[-208, 232]","[-58, -218]","[92, -218]","[242, -218]","[100, 100]","[-58, -68]","[92, -68]","[242, -68]","[-208, -218]",1,16,"[100, 100]","[100, 100]",both,15.png,16.png,33.png,03.png,29.png,dots2.png,17.png,m,"[100, 100]","[100, 100]","[100, 100]","[100, 100]","[100, 100]","[100, 100]","[100, 100]","[100, 100]","[100, 100]","[100, 100]","[100, 100]","[0, -375]",ok.png,"[100, 100]","[100, 100]",439,3,1,1,1,0,0,0,0,0,0,0,1.57159113884,1.571591138839722,0,102,102,220,220,1,1,0,0,0,0,0,0,0,0.450565844774,0.4505658447742462,0,-56,-56,-208,-208,119
24.png,tray2.png,03.png,07.png,13.png,17.png,23.png,27.png,33.png,"[-206, -61]","[244, 89]","[150, 100]","[-56, 89]","[94, 89]","[244, 239]","[-206, 89]","[-56, 239]","[94, 239]","[-206, 239]","[-56, -211]","[94, -211]","[244, -211]","[100, 100]","[-56, -61]","[94, -61]","[244, -61]","[-206, -211]",1,16,"[100, 100]","[100, 100]",both,14.png,16.png,04.png,06.png,32.png,08.png,dots2.png,m,"[100, 100]","[100, 100]","[100, 100]","[100, 100]","[100, 100]","[100, 100]","[100, 100]","[100, 100]","[100, 100]","[100, 100]","[100, 100]","[0, -375]",ok.png,"[100, 100]","[100, 100]",440,3,1,1,1,0,0,0,0,0,0,0,1.83806777,1.838067770004272,0,-31,-31,228,228,1,1,0,0,0,0,0,0,0,0.543943822384,0.5439438223838806,0,86,86,-243,-243,361
tray2.png,17.png,07.png,14.png,27.png,33.png,23.png,24.png,04.png,"[-220, -84]","[230, 66]","[150, 100]","[-70, 66]","[80, 66]","[230, 216]","[-220, 66]","[-70, 216]","[80, 216]","[-220, 216]","[-70, -234]","[80, -234]","[230, -234]","[100, 100]","[-70, -84]","[80, -84]","[230, -84]","[-220, -234]",1,16,"[100, 100]","[100, 100]",both,12.png,02.png,03.png,16.png,dots2.png,30.png,20.png,m,"[100, 100]","[100, 100]","[100, 100]","[100, 100]","[100, 100]","[100, 100]","[100, 100]","[100, 100]","[100, 100]","[100, 100]","[100, 100]","[0, -375]",ok.png,"[100, 100]","[100, 100]",441,3,1,1,1,0,0,0,0,0,0,0,1.05797410011,1.057974100112915,0,-228,-228,224,224,1,1,0,0,0,0,0,0,0,1.92445015907,1.924450159072876,0,193,193,-217,-217,9
18.png,tray2.png,04.png,13.png,31.png,16.png,22.png,12.png,11.png,"[-201, -53]","[249, 97]","[150, 100]","[-51, 97]","[99, 97]","[249, 247]","[-201, 97]","[-51, 247]","[99, 247]","[-201, 247]","[-51, -203]","[99, -203]","[249, -203]","[100, 100]","[-51, -53]","[99, -53]","[249, -53]","[-201, -203]",1,16,"[100, 100]","[100, 100]",both,25.png,09.png,32.png,02.png,03.png,29.png,dots2.png,m,"[100, 100]","[100, 100]","[100, 100]","[100, 100]","[100, 100]","[100, 100]","[100, 100]","[100, 100]","[100, 100]","[100, 100]","[100, 100]","[0, -375]",ok.png,"[100, 100]","[100, 100]",442,3,1,1,1,0,0,0,0,0,0,0,2.25866937637,2.258669376373291,0,139,139,-206,-206,1,1,0,0,0,0,0,0,0,0.706840455532,0.706840455532074,0,-117,-117,314,314,231
15.png,08.png,tray2.png,03.png,25.png,28.png,27.png,01.png,23.png,"[-204, -76]","[246, 74]","[150, 100]","[-54, 74]","[96, 74]","[246, 224]","[-204, 74]","[-54, 224]","[96, 224]","[-204, 224]","[-54, -226]","[96, -226]","[246, -226]","[100, 100]","[-54, -76]","[96, -76]","[246, -76]","[-204, -226]",1,16,"[100, 100]","[100, 100]",both,21.png,05.png,07.png,30.png,16.png,dots2.png,13.png,m,"[100, 100]","[100, 100]","[100, 100]","[100, 100]","[100, 100]","[100, 100]","[100, 100]","[100, 100]","[100, 100]","[100, 100]","[100, 100]","[0, -375]",ok.png,"[100, 100]","[100, 100]",443,3,1,1,1,0,0,0,0,0,0,0,1.10440933704,1.104409337043762,0,108,108,193,193,1,1,0,0,0,0,0,0,0,1.8868817091,1.886881709098816,0,-32,-32,-231,-231,87
32.png,07.png,14.png,tray2.png,23.png,02.png,09.png,29.png,28.png,"[-228, -64]","[222, 86]","[150, 100]","[-78, 86]","[72, 86]","[222, 236]","[-228, 86]","[-78, 236]","[72, 236]","[-228, 236]","[-78, -214]","[72, -214]","[222, -214]","[100, 100]","[-78, -64]","[72, -64]","[222, -64]","[-228, -214]",1,16,"[100, 100]","[100, 100]",both,20.png,dots2.png,16.png,05.png,06.png,15.png,21.png,m,"[100, 100]","[100, 100]","[100, 100]","[100, 100]","[100, 100]","[100, 100]","[100, 100]","[100, 100]","[100, 100]","[100, 100]","[100, 100]","[0, -375]",ok.png,"[100, 100]","[100, 100]",444,3,1,1,1,0,0,0,0,0,0,0,2.26049137115,2.260491371154785,0,-221,-221,-227,-227,1,1,0,0,0,0,0,0,0,0.612956821918,0.6129568219184875,0,257,257,218,218,427
03.png,32.png,21.png,31.png,tray2.png,08.png,30.png,15.png,34.png,"[-245, -92]","[205, 58]","[150, 100]","[-95, 58]","[55, 58]","[205, 208]","[-245, 58]","[-95, 208]","[55, 208]","[-245, 208]","[-95, -242]","[55, -242]","[205, -242]","[100, 100]","[-95, -92]","[55, -92]","[205, -92]","[-245, -242]",1,16,"[100, 100]","[100, 100]",both,dots2.png,28.png,19.png,17.png,06.png,01.png,11.png,m,"[100, 100]","[100, 100]","[100, 100]","[100, 100]","[100, 100]","[100, 100]","[100, 100]","[100, 100]","[100, 100]","[100, 100]","[100, 100]","[0, -375]",ok.png,"[100, 100]","[100, 100]",445,3,1,1,1,0,0,0,0,0,0,0,1.54211485386,1.542114853858948,0,169,169,-84,-84,1,1,0,0,0,0,0,0,0,0.545301020145,0.5453010201454163,0,-241,-241,34,34,333
28.png,22.png,16.png,13.png,10.png,tray2.png,09.png,07.png,27.png,"[-230, -67]","[220, 83]","[150, 100]","[-80, 83]","[70, 83]","[220, 233]","[-230, 83]","[-80, 233]","[70, 233]","[-230, 233]","[-80, -217]","[70, -217]","[220, -217]","[100, 100]","[-80, -67]","[70, -67]","[220, -67]","[-230, -217]",1,16,"[100, 100]","[100, 100]",both,32.png,04.png,24.png,dots2.png,09.png,12.png,03.png,m,"[100, 100]","[100, 100]","[100, 100]","[100, 100]","[100, 100]","[100, 100]","[100, 100]","[100, 100]","[100, 100]","[100, 100]","[100, 100]","[0, -375]",ok.png,"[100, 100]","[100, 100]",446,3,1,1,1,0,0,0,0,0,0,0,1.15410685539,1.154106855392456,0,-82,-82,94,94,1,1,0,0,0,0,0,0,0,0.340290546417,0.3402905464172363,0,72,72,-66,-66,436
30.png,26.png,20.png,34.png,10.png,07.png,tray2.png,01.png,08.png,"[-234, -89]","[216, 61]","[150, 100]","[-84, 61]","[66, 61]","[216, 211]","[-234, 61]","[-84, 211]","[66, 211]","[-234, 211]","[-84, -239]","[66, -239]","[216, -239]","[100, 100]","[-84, -89]","[66, -89]","[216, -89]","[-234, -239]",1,16,"[100, 100]","[100, 100]",both,33.png,12.png,dots2.png,19.png,18.png,25.png,14.png,m,"[100, 100]","[100, 100]","[100, 100]","[100, 100]","[100, 100]","[100, 100]","[100, 100]","[100, 100]","[100, 100]","[100, 100]","[100, 100]","[0, -375]",ok.png,"[100, 100]","[100, 100]",447,3,1,1,1,0,0,0,0,0,0,0,1.68023765087,1.680237650871277,0,51,51,64,64,1,1,0,0,0,0,0,0,0,0.594969570637,0.5949695706367493,0,-54,-54,-76,-76,166
01.png,33.png,24.png,26.png,30.png,04.png,02.png,tray2.png,dots2.png,"[-234, -89]","[216, 61]","[150, 100]","[-84, 61]","[66, 61]","[216, 211]","[-234, 61]","[-84, 211]","[66, 211]","[-234, 211]","[-84, -239]","[66, -239]","[216, -239]","[100, 100]","[-84, -89]","[66, -89]","[216, -89]","[-234, -239]",1,16,"[100, 100]","[100, 100]",both,21.png,18.png,25.png,14.png,11.png,17.png,13.png,m,"[100, 100]","[100, 100]","[100, 100]","[100, 100]","[100, 100]","[100, 100]","[100, 100]","[100, 100]","[100, 100]","[100, 100]","[100, 100]","[0, -375]",ok.png,"[100, 100]","[100, 100]",448,3,1,1,1,0,0,0,0,0,0,0,1.48282361031,1.482823610305786,0,193,193,60,60,1,1,0,0,0,0,0,0,0,0.14046113193,0.1404611319303513,0,193,193,60,60,105
19.png,03.png,29.png,09.png,30.png,26.png,31.png,dots2.png,tray2.png,"[-250, -53]","[200, 97]","[150, 100]","[-100, 97]","[50, 97]","[200, 247]","[-250, 97]","[-100, 247]","[50, 247]","[-250, 247]","[-100, -203]","[50, -203]","[200, -203]","[100, 100]","[-100, -53]","[50, -53]","[200, -53]","[-250, -203]",1,16,"[100, 100]","[100, 100]",both,11.png,20.png,22.png,07.png,08.png,10.png,14.png,m,"[100, 100]","[100, 100]","[100, 100]","[100, 100]","[100, 100]","[100, 100]","[100, 100]","[100, 100]","[100, 100]","[100, 100]","[100, 100]","[0, -375]",ok.png,"[100, 100]","[100, 100]",449,3,1,1,1,0,0,0,0,0,0,0,1.71598160267,1.715981602668762,0,-211,-211,-65,-65,1,1,0,0,0,0,0,0,0,0.48593890667,0.4859389066696167,0,214,214,103,103,409
26.png,29.png,32.png,19.png,05.png,14.png,dots2.png,33.png,30.png,"[-222, -86]","[228, 64]","[150, 100]","[-72, 64]","[78, 64]","[228, 214]","[-222, 64]","[-72, 214]","[78, 214]","[-222, 214]","[-72, -236]","[78, -236]","[228, -236]","[100, 100]","[-72, -86]","[78, -86]","[228, -86]","[-222, -236]",1,16,"[100, 100]","[100, 100]",both,23.png,11.png,tray2.png,21.png,31.png,13.png,03.png,m,"[100, 100]","[100, 100]","[100, 100]","[100, 100]","[100, 100]","[100, 100]","[100, 100]","[100, 100]","[100, 100]","[100, 100]","[100, 100]","[0, -375]",ok.png,"[100, 100]","[100, 100]",450,3,1,1,1,0,0,0,0,0,0,0,2.21144843102,2.211448431015015,0,-77,-77,-82,-82,1,1,0,0,0,0,0,0,0,0.145000711083,0.1450007110834122,0,-77,-77,-79,-79,109
NA,NA,NA,NA,NA,NA,NA,NA,NA,NA,NA,NA,NA,NA,NA,NA,NA,NA,NA,NA,NA,NA,NA,NA,NA,NA,NA,NA,NA,NA,NA,NA,NA,NA,NA,NA,NA,NA,NA,NA,NA,NA,NA,NA,NA,NA,NA,NA,NA,NA,NA,NA,NA,NA,NA,NA,NA,NA,NA,NA,NA,NA,NA,NA,NA,NA,NA,NA,NA,NA,NA,NA,NA,NA,NA,NA,NA,NA,NA,NA,NA,NA,NA,NA,NA,NA,NA,NA,NA,NA,NA
extraInfo,NA,NA,NA,NA,NA,NA,NA,NA,NA,NA,NA,NA,NA,NA,NA,NA,NA,NA,NA,NA,NA,NA,NA,NA,NA,NA,NA,NA,NA,NA,NA,NA,NA,NA,NA,NA,NA,NA,NA,NA,NA,NA,NA,NA,NA,NA,NA,NA,NA,NA,NA,NA,NA,NA,NA,NA,NA,NA,NA,NA,NA,NA,NA,NA,NA,NA,NA,NA,NA,NA,NA,NA,NA,NA,NA,NA,NA,NA,NA,NA,NA,NA,NA,NA,NA,NA,NA,NA,NA,NA
expName,sharexp,NA,NA,NA,NA,NA,NA,NA,NA,NA,NA,NA,NA,NA,NA,NA,NA,NA,NA,NA,NA,NA,NA,NA,NA,NA,NA,NA,NA,NA,NA,NA,NA,NA,NA,NA,NA,NA,NA,NA,NA,NA,NA,NA,NA,NA,NA,NA,NA,NA,NA,NA,NA,NA,NA,NA,NA,NA,NA,NA,NA,NA,NA,NA,NA,NA,NA,NA,NA,NA,NA,NA,NA,NA,NA,NA,NA,NA,NA,NA,NA,NA,NA,NA,NA,NA,NA,NA,NA,NA
age,20,NA,NA,NA,NA,NA,NA,NA,NA,NA,NA,NA,NA,NA,NA,NA,NA,NA,NA,NA,NA,NA,NA,NA,NA,NA,NA,NA,NA,NA,NA,NA,NA,NA,NA,NA,NA,NA,NA,NA,NA,NA,NA,NA,NA,NA,NA,NA,NA,NA,NA,NA,NA,NA,NA,NA,NA,NA,NA,NA,NA,NA,NA,NA,NA,NA,NA,NA,NA,NA,NA,NA,NA,NA,NA,NA,NA,NA,NA,NA,NA,NA,NA,NA,NA,NA,NA,NA,NA,NA
frameRate,NA,NA,NA,NA,NA,NA,NA,NA,NA,NA,NA,NA,NA,NA,NA,NA,NA,NA,NA,NA,NA,NA,NA,NA,NA,NA,NA,NA,NA,NA,NA,NA,NA,NA,NA,NA,NA,NA,NA,NA,NA,NA,NA,NA,NA,NA,NA,NA,NA,NA,NA,NA,NA,NA,NA,NA,NA,NA,NA,NA,NA,NA,NA,NA,NA,NA,NA,NA,NA,NA,NA,NA,NA,NA,NA,NA,NA,NA,NA,NA,NA,NA,NA,NA,NA,NA,NA,NA,NA,NA
session,1,NA,NA,NA,NA,NA,NA,NA,NA,NA,NA,NA,NA,NA,NA,NA,NA,NA,NA,NA,NA,NA,NA,NA,NA,NA,NA,NA,NA,NA,NA,NA,NA,NA,NA,NA,NA,NA,NA,NA,NA,NA,NA,NA,NA,NA,NA,NA,NA,NA,NA,NA,NA,NA,NA,NA,NA,NA,NA,NA,NA,NA,NA,NA,NA,NA,NA,NA,NA,NA,NA,NA,NA,NA,NA,NA,NA,NA,NA,NA,NA,NA,NA,NA,NA,NA,NA,NA,NA,NA
date,2019_01_14_1144,NA,NA,NA,NA,NA,NA,NA,NA,NA,NA,NA,NA,NA,NA,NA,NA,NA,NA,NA,NA,NA,NA,NA,NA,NA,NA,NA,NA,NA,NA,NA,NA,NA,NA,NA,NA,NA,NA,NA,NA,NA,NA,NA,NA,NA,NA,NA,NA,NA,NA,NA,NA,NA,NA,NA,NA,NA,NA,NA,NA,NA,NA,NA,NA,NA,NA,NA,NA,NA,NA,NA,NA,NA,NA,NA,NA,NA,NA,NA,NA,NA,NA,NA,NA,NA,NA,NA,NA,NA
surname,moiseeva,NA,NA,NA,NA,NA,NA,NA,NA,NA,NA,NA,NA,NA,NA,NA,NA,NA,NA,NA,NA,NA,NA,NA,NA,NA,NA,NA,NA,NA,NA,NA,NA,NA,NA,NA,NA,NA,NA,NA,NA,NA,NA,NA,NA,NA,NA,NA,NA,NA,NA,NA,NA,NA,NA,NA,NA,NA,NA,NA,NA,NA,NA,NA,NA,NA,NA,NA,NA,NA,NA,NA,NA,NA,NA,NA,NA,NA,NA,NA,NA,NA,NA,NA,NA,NA,NA,NA,NA,NA
