stim1,stim2,stim3,stim4,stim5,stim6,stim7,stim8,stim9,stim10,stim11,stim12,stim13,stim14,stim15,stim16,pos1,pos2,pos3,pos4,pos5,pos6,pos7,pos8,pos9,pos10,pos11,pos12,pos13,pos14,pos15,pos16,size1,size2,size3,size4,size5,size6,size7,size8,size9,size10,size11,size12,size13,size14,size15,size16,ok,posok,sizeok,numtrial,trialtype,setsize,trialtypenum,ser,sernum,n,mouse_main1.leftButton_mean,mouse_main1.leftButton_raw,mouse_main1.leftButton_std,mouse_main1.midButton_mean,mouse_main1.midButton_raw,mouse_main1.midButton_std,mouse_main1.rightButton_mean,mouse_main1.rightButton_raw,mouse_main1.rightButton_std,mouse_main1.time_mean,mouse_main1.time_raw,mouse_main1.time_std,mouse_main1.x_mean,mouse_main1.x_raw,mouse_main1.y_mean,mouse_main1.y_raw,mouse_main2.leftButton_mean,mouse_main2.leftButton_raw,mouse_main2.leftButton_std,mouse_main2.midButton_mean,mouse_main2.midButton_raw,mouse_main2.midButton_std,mouse_main2.rightButton_mean,mouse_main2.rightButton_raw,mouse_main2.rightButton_std,mouse_main2.time_mean,mouse_main2.time_raw,mouse_main2.time_std,mouse_main2.x_mean,mouse_main2.x_raw,mouse_main2.y_mean,mouse_main2.y_raw,order
tray1.png,01.png,02.png,03.png,04.png,05.png,06.png,07.png,00.png,00.png,00.png,00.png,00.png,00.png,00.png,00.png,"[-238, 202]","[-88, 202]","[62, 202]","[212, 202]","[-238, 52]","[-88, 52]","[62, 52]","[212, 52]","[-238, -98]","[-88, -98]","[62, -98]","[212, -98]","[-238, -248]","[-88, -248]","[62, -248]","[212, -248]","[100, 100]","[100, 100]","[100, 100]","[100, 100]","[100, 100]","[100, 100]","[100, 100]","[100, 100]","[100, 100]","[100, 100]","[100, 100]","[100, 100]","[100, 100]","[100, 100]","[100, 100]","[100, 100]",ok.png,"[0, -375]","[150, 100]",1,tray,8,1,m,1,1,1,1,0,0,0,0,0,0,0,1.31566536427,1.315665364265442,0,-244,-244,199,199,1,1,0,0,0,0,0,0,0,0.665815353394,0.6658153533935547,0,-15,-15,-408,-408,9
08.png,tray1.png,09.png,00.png,10.png,11.png,12.png,13.png,00.png,14.png,00.png,00.png,00.png,00.png,00.png,00.png,"[-213, 226]","[-63, 226]","[87, 226]","[237, 226]","[-213, 76]","[-63, 76]","[87, 76]","[237, 76]","[-213, -74]","[-63, -74]","[87, -74]","[237, -74]","[-213, -224]","[-63, -224]","[87, -224]","[237, -224]","[100, 100]","[100, 100]","[100, 100]","[100, 100]","[100, 100]","[100, 100]","[100, 100]","[100, 100]","[100, 100]","[100, 100]","[100, 100]","[100, 100]","[100, 100]","[100, 100]","[100, 100]","[100, 100]",ok.png,"[0, -375]","[150, 100]",2,tray,8,1,m,1,1,1,1,0,0,0,0,0,0,0,1.9990170002,1.999017000198364,0,-75,-75,217,217,1,1,0,0,0,0,0,0,0,0.715790212154,0.7157902121543884,0,56,56,-384,-384,67
00.png,00.png,tray1.png,15.png,16.png,17.png,18.png,19.png,20.png,21.png,00.png,00.png,00.png,00.png,00.png,00.png,"[-234, 217]","[-84, 217]","[66, 217]","[216, 217]","[-234, 67]","[-84, 67]","[66, 67]","[216, 67]","[-234, -83]","[-84, -83]","[66, -83]","[216, -83]","[-234, -233]","[-84, -233]","[66, -233]","[216, -233]","[100, 100]","[100, 100]","[100, 100]","[100, 100]","[100, 100]","[100, 100]","[100, 100]","[100, 100]","[100, 100]","[100, 100]","[100, 100]","[100, 100]","[100, 100]","[100, 100]","[100, 100]","[100, 100]",ok.png,"[0, -375]","[150, 100]",3,tray,8,1,m,1,1,1,1,0,0,0,0,0,0,0,1.51554870605,1.515548706054688,0,59,59,213,213,1,1,0,0,0,0,0,0,0,0.61607080698,0.6160708069801331,0,30,30,-362,-362,161
22.png,23.png,24.png,tray1.png,00.png,00.png,25.png,26.png,00.png,00.png,27.png,28.png,00.png,00.png,00.png,00.png,"[-247, 218]","[-97, 218]","[53, 218]","[203, 218]","[-247, 68]","[-97, 68]","[53, 68]","[203, 68]","[-247, -82]","[-97, -82]","[53, -82]","[203, -82]","[-247, -232]","[-97, -232]","[53, -232]","[203, -232]","[100, 100]","[100, 100]","[100, 100]","[100, 100]","[100, 100]","[100, 100]","[100, 100]","[100, 100]","[100, 100]","[100, 100]","[100, 100]","[100, 100]","[100, 100]","[100, 100]","[100, 100]","[100, 100]",ok.png,"[0, -375]","[150, 100]",4,tray,8,1,m,1,1,1,1,0,0,0,0,0,0,0,1.49895083904,1.498950839042664,0,200,200,240,240,1,1,0,0,0,0,0,0,0,0.533301770687,0.5333017706871033,0,21,21,-378,-378,365
00.png,00.png,00.png,00.png,tray1.png,29.png,30.png,31.png,32.png,33.png,34.png,01.png,00.png,00.png,00.png,00.png,"[-243, 209]","[-93, 209]","[57, 209]","[207, 209]","[-243, 59]","[-93, 59]","[57, 59]","[207, 59]","[-243, -91]","[-93, -91]","[57, -91]","[207, -91]","[-243, -241]","[-93, -241]","[57, -241]","[207, -241]","[100, 100]","[100, 100]","[100, 100]","[100, 100]","[100, 100]","[100, 100]","[100, 100]","[100, 100]","[100, 100]","[100, 100]","[100, 100]","[100, 100]","[100, 100]","[100, 100]","[100, 100]","[100, 100]",ok.png,"[0, -375]","[150, 100]",5,tray,8,1,m,1,1,1,1,0,0,0,0,0,0,0,1.06546521187,1.065465211868286,0,-210,-210,50,50,1,1,0,0,0,0,0,0,0,0.749574840069,0.7495748400688171,0,-26,-26,-408,-408,316
01.png,34.png,00.png,00.png,04.png,tray1.png,00.png,00.png,06.png,15.png,00.png,00.png,17.png,23.png,00.png,00.png,"[-210, 240]","[-60, 240]","[90, 240]","[240, 240]","[-210, 90]","[-60, 90]","[90, 90]","[240, 90]","[-210, -60]","[-60, -60]","[90, -60]","[240, -60]","[-210, -210]","[-60, -210]","[90, -210]","[240, -210]","[100, 100]","[100, 100]","[100, 100]","[100, 100]","[100, 100]","[100, 100]","[100, 100]","[100, 100]","[100, 100]","[100, 100]","[100, 100]","[100, 100]","[100, 100]","[100, 100]","[100, 100]","[100, 100]",ok.png,"[0, -375]","[150, 100]",6,tray,8,1,m,1,1,1,1,0,0,0,0,0,0,0,1.51565742493,1.515657424926758,0,-44,-44,85,85,1,1,0,0,0,0,0,0,0,0.599468648434,0.5994686484336853,0,31,31,-379,-379,304
00.png,00.png,00.png,00.png,07.png,03.png,tray1.png,25.png,00.png,00.png,00.png,00.png,06.png,22.png,09.png,14.png,"[-227, 216]","[-77, 216]","[73, 216]","[223, 216]","[-227, 66]","[-77, 66]","[73, 66]","[223, 66]","[-227, -84]","[-77, -84]","[73, -84]","[223, -84]","[-227, -234]","[-77, -234]","[73, -234]","[223, -234]","[100, 100]","[100, 100]","[100, 100]","[100, 100]","[100, 100]","[100, 100]","[100, 100]","[100, 100]","[100, 100]","[100, 100]","[100, 100]","[100, 100]","[100, 100]","[100, 100]","[100, 100]","[100, 100]",ok.png,"[0, -375]","[150, 100]",7,tray,8,1,m,1,1,1,1,0,0,0,0,0,0,0,0.782321214676,0.7823212146759033,0,74,74,38,38,1,1,0,0,0,0,0,0,0,0.882824540138,0.8828245401382446,0,-54,-54,-381,-381,226
00.png,05.png,33.png,07.png,00.png,00.png,27.png,tray1.png,00.png,17.png,30.png,31.png,00.png,00.png,00.png,00.png,"[-237, 202]","[-87, 202]","[63, 202]","[213, 202]","[-237, 52]","[-87, 52]","[63, 52]","[213, 52]","[-237, -98]","[-87, -98]","[63, -98]","[213, -98]","[-237, -248]","[-87, -248]","[63, -248]","[213, -248]","[100, 100]","[100, 100]","[100, 100]","[100, 100]","[100, 100]","[100, 100]","[100, 100]","[100, 100]","[100, 100]","[100, 100]","[100, 100]","[100, 100]","[100, 100]","[100, 100]","[100, 100]","[100, 100]",ok.png,"[0, -375]","[150, 100]",8,tray,8,1,m,1,1,1,1,0,0,0,0,0,0,0,1.28215181828,1.282151818275452,0,199,199,43,43,1,1,0,0,0,0,0,0,0,0.616054594517,0.6160545945167542,0,-9,-9,-369,-369,434
00.png,00.png,00.png,00.png,00.png,00.png,00.png,00.png,tray1.png,29.png,23.png,27.png,21.png,25.png,31.png,33.png,"[-229, 207]","[-79, 207]","[71, 207]","[221, 207]","[-229, 57]","[-79, 57]","[71, 57]","[221, 57]","[-229, -93]","[-79, -93]","[71, -93]","[221, -93]","[-229, -243]","[-79, -243]","[71, -243]","[221, -243]","[100, 100]","[100, 100]","[100, 100]","[100, 100]","[100, 100]","[100, 100]","[100, 100]","[100, 100]","[100, 100]","[100, 100]","[100, 100]","[100, 100]","[100, 100]","[100, 100]","[100, 100]","[100, 100]",ok.png,"[0, -375]","[150, 100]",9,tray,8,1,m,1,1,1,1,0,0,0,0,0,0,0,3.18210029602,3.182100296020508,0,-264,-264,-92,-92,1,1,0,0,0,0,0,0,0,0.64953827858,0.6495382785797119,0,-7,-7,-370,-370,440
00.png,00.png,00.png,00.png,14.png,16.png,18.png,20.png,22.png,tray1.png,24.png,26.png,00.png,00.png,00.png,00.png,"[-234, 221]","[-84, 221]","[66, 221]","[216, 221]","[-234, 71]","[-84, 71]","[66, 71]","[216, 71]","[-234, -79]","[-84, -79]","[66, -79]","[216, -79]","[-234, -229]","[-84, -229]","[66, -229]","[216, -229]","[100, 100]","[100, 100]","[100, 100]","[100, 100]","[100, 100]","[100, 100]","[100, 100]","[100, 100]","[100, 100]","[100, 100]","[100, 100]","[100, 100]","[100, 100]","[100, 100]","[100, 100]","[100, 100]",ok.png,"[0, -375]","[150, 100]",10,tray,8,1,m,1,1,1,1,0,0,0,0,0,0,0,2.1824798584,2.182479858398438,0,-95,-95,-97,-97,1,1,0,0,0,0,0,0,0,0.949970781803,0.9499707818031312,0,62,62,-376,-376,244
00.png,00.png,00.png,00.png,13.png,10.png,00.png,00.png,16.png,19.png,tray1.png,21.png,24.png,27.png,00.png,00.png,"[-207, 247]","[-57, 247]","[93, 247]","[243, 247]","[-207, 97]","[-57, 97]","[93, 97]","[243, 97]","[-207, -53]","[-57, -53]","[93, -53]","[243, -53]","[-207, -203]","[-57, -203]","[93, -203]","[243, -203]","[100, 100]","[100, 100]","[100, 100]","[100, 100]","[100, 100]","[100, 100]","[100, 100]","[100, 100]","[100, 100]","[100, 100]","[100, 100]","[100, 100]","[100, 100]","[100, 100]","[100, 100]","[100, 100]",ok.png,"[0, -375]","[150, 100]",11,tray,8,1,m,1,1,1,1,0,0,0,0,0,0,0,2.06576752663,2.065767526626587,0,116,116,-48,-48,1,1,0,0,0,0,0,0,0,0.599133312702,0.599133312702179,0,-22,-22,-373,-373,100
10.png,15.png,20.png,25.png,00.png,00.png,00.png,00.png,21.png,16.png,11.png,tray1.png,00.png,00.png,00.png,00.png,"[-230, 233]","[-80, 233]","[70, 233]","[220, 233]","[-230, 83]","[-80, 83]","[70, 83]","[220, 83]","[-230, -67]","[-80, -67]","[70, -67]","[220, -67]","[-230, -217]","[-80, -217]","[70, -217]","[220, -217]","[100, 100]","[100, 100]","[100, 100]","[100, 100]","[100, 100]","[100, 100]","[100, 100]","[100, 100]","[100, 100]","[100, 100]","[100, 100]","[100, 100]","[100, 100]","[100, 100]","[100, 100]","[100, 100]",ok.png,"[0, -375]","[150, 100]",12,tray,8,1,m,1,1,1,1,0,0,0,0,0,0,0,2.24888110161,2.248881101608276,0,204,204,-116,-116,1,1,0,0,0,0,0,0,0,0.649500131607,0.6495001316070557,0,-39,-39,-375,-375,142
00.png,00.png,00.png,00.png,00.png,00.png,00.png,00.png,03.png,01.png,07.png,08.png,tray1.png,05.png,02.png,04.png,"[-201, 216]","[-51, 216]","[99, 216]","[249, 216]","[-201, 66]","[-51, 66]","[99, 66]","[249, 66]","[-201, -84]","[-51, -84]","[99, -84]","[249, -84]","[-201, -234]","[-51, -234]","[99, -234]","[249, -234]","[100, 100]","[100, 100]","[100, 100]","[100, 100]","[100, 100]","[100, 100]","[100, 100]","[100, 100]","[100, 100]","[100, 100]","[100, 100]","[100, 100]","[100, 100]","[100, 100]","[100, 100]","[100, 100]",ok.png,"[0, -375]","[150, 100]",13,tray,8,1,m,1,1,1,1,0,0,0,0,0,0,0,0.965422928333,0.9654229283332824,0,-188,-188,-224,-224,1,1,0,0,0,0,0,0,0,0.949442267418,0.9494422674179076,0,24,24,-332,-332,249
29.png,00.png,00.png,16.png,00.png,00.png,33.png,08.png,13.png,00.png,00.png,00.png,23.png,tray1.png,12.png,00.png,"[-246, 224]","[-96, 224]","[54, 224]","[204, 224]","[-246, 74]","[-96, 74]","[54, 74]","[204, 74]","[-246, -76]","[-96, -76]","[54, -76]","[204, -76]","[-246, -226]","[-96, -226]","[54, -226]","[204, -226]","[100, 100]","[100, 100]","[100, 100]","[100, 100]","[100, 100]","[100, 100]","[100, 100]","[100, 100]","[100, 100]","[100, 100]","[100, 100]","[100, 100]","[100, 100]","[100, 100]","[100, 100]","[100, 100]",ok.png,"[0, -375]","[150, 100]",14,tray,8,1,m,1,1,1,1,0,0,0,0,0,0,0,1.21577382088,1.215773820877075,0,-96,-96,-246,-246,1,1,0,0,0,0,0,0,0,0.549280405045,0.5492804050445557,0,-10,-10,-365,-365,402
00.png,00.png,00.png,00.png,00.png,00.png,00.png,33.png,27.png,23.png,17.png,13.png,07.png,03.png,tray1.png,00.png,"[-212, 232]","[-62, 232]","[88, 232]","[238, 232]","[-212, 82]","[-62, 82]","[88, 82]","[238, 82]","[-212, -68]","[-62, -68]","[88, -68]","[238, -68]","[-212, -218]","[-62, -218]","[88, -218]","[238, -218]","[100, 100]","[100, 100]","[100, 100]","[100, 100]","[100, 100]","[100, 100]","[100, 100]","[100, 100]","[100, 100]","[100, 100]","[100, 100]","[100, 100]","[100, 100]","[100, 100]","[100, 100]","[100, 100]",ok.png,"[0, -375]","[150, 100]",15,tray,8,1,m,1,1,1,1,0,0,0,0,0,0,0,1.46589386463,1.465893864631653,0,76,76,-209,-209,1,1,0,0,0,0,0,0,0,0.382573783398,0.3825737833976746,0,15,15,-349,-349,125
04.png,20.png,30.png,02.png,00.png,00.png,00.png,00.png,00.png,00.png,00.png,00.png,14.png,07.png,17.png,tray1.png,"[-203, 230]","[-53, 230]","[97, 230]","[247, 230]","[-203, 80]","[-53, 80]","[97, 80]","[247, 80]","[-203, -70]","[-53, -70]","[97, -70]","[247, -70]","[-203, -220]","[-53, -220]","[97, -220]","[247, -220]","[100, 100]","[100, 100]","[100, 100]","[100, 100]","[100, 100]","[100, 100]","[100, 100]","[100, 100]","[100, 100]","[100, 100]","[100, 100]","[100, 100]","[100, 100]","[100, 100]","[100, 100]","[100, 100]",ok.png,"[0, -375]","[150, 100]",16,tray,8,1,m,1,1,1,1,0,0,0,0,0,0,0,1.83243429661,1.832434296607971,0,230,230,-213,-213,1,1,0,0,0,0,0,0,0,1.11579728127,1.115797281265259,0,27,27,-384,-384,16
00.png,19.png,29.png,00.png,00.png,02.png,32.png,00.png,00.png,22.png,16.png,00.png,00.png,04.png,tray1.png,00.png,"[-211, 217]","[-61, 217]","[89, 217]","[239, 217]","[-211, 67]","[-61, 67]","[89, 67]","[239, 67]","[-211, -83]","[-61, -83]","[89, -83]","[239, -83]","[-211, -233]","[-61, -233]","[89, -233]","[239, -233]","[100, 100]","[100, 100]","[100, 100]","[100, 100]","[100, 100]","[100, 100]","[100, 100]","[100, 100]","[100, 100]","[100, 100]","[100, 100]","[100, 100]","[100, 100]","[100, 100]","[100, 100]","[100, 100]",ok.png,"[0, -375]","[150, 100]",17,tray,8,1,m,1,1,1,1,0,0,0,0,0,0,0,1.56586813927,1.565868139266968,0,80,80,-251,-251,1,1,0,0,0,0,0,0,0,0.348866850138,0.3488668501377106,0,26,26,-359,-359,367
00.png,00.png,00.png,05.png,21.png,00.png,00.png,00.png,00.png,27.png,28.png,25.png,03.png,tray1.png,08.png,00.png,"[-223, 227]","[-73, 227]","[77, 227]","[227, 227]","[-223, 77]","[-73, 77]","[77, 77]","[227, 77]","[-223, -73]","[-73, -73]","[77, -73]","[227, -73]","[-223, -223]","[-73, -223]","[77, -223]","[227, -223]","[100, 100]","[100, 100]","[100, 100]","[100, 100]","[100, 100]","[100, 100]","[100, 100]","[100, 100]","[100, 100]","[100, 100]","[100, 100]","[100, 100]","[100, 100]","[100, 100]","[100, 100]","[100, 100]",ok.png,"[0, -375]","[150, 100]",18,tray,8,1,m,1,1,1,1,0,0,0,0,0,0,0,0.865585803986,0.8655858039855957,0,-86,-86,-216,-216,1,1,0,0,0,0,0,0,0,0.615775585175,0.6157755851745605,0,-29,-29,-402,-402,387
06.png,00.png,15.png,17.png,00.png,00.png,16.png,00.png,00.png,09.png,00.png,23.png,tray1.png,00.png,07.png,00.png,"[-247, 249]","[-97, 249]","[53, 249]","[203, 249]","[-247, 99]","[-97, 99]","[53, 99]","[203, 99]","[-247, -51]","[-97, -51]","[53, -51]","[203, -51]","[-247, -201]","[-97, -201]","[53, -201]","[203, -201]","[100, 100]","[100, 100]","[100, 100]","[100, 100]","[100, 100]","[100, 100]","[100, 100]","[100, 100]","[100, 100]","[100, 100]","[100, 100]","[100, 100]","[100, 100]","[100, 100]","[100, 100]","[100, 100]",ok.png,"[0, -375]","[150, 100]",19,tray,8,1,m,1,1,1,1,0,0,0,0,0,0,0,1.88192141056,1.881921410560608,0,-251,-251,-177,-177,1,1,0,0,0,0,0,0,0,0.549813210964,0.5498132109642029,0,41,41,-421,-421,347
00.png,11.png,00.png,00.png,12.png,00.png,00.png,34.png,00.png,30.png,08.png,tray1.png,31.png,00.png,32.png,00.png,"[-208, 210]","[-58, 210]","[92, 210]","[242, 210]","[-208, 60]","[-58, 60]","[92, 60]","[242, 60]","[-208, -90]","[-58, -90]","[92, -90]","[242, -90]","[-208, -240]","[-58, -240]","[92, -240]","[242, -240]","[100, 100]","[100, 100]","[100, 100]","[100, 100]","[100, 100]","[100, 100]","[100, 100]","[100, 100]","[100, 100]","[100, 100]","[100, 100]","[100, 100]","[100, 100]","[100, 100]","[100, 100]","[100, 100]",ok.png,"[0, -375]","[150, 100]",20,tray,8,1,m,1,1,1,1,0,0,0,0,0,0,0,0.949108600616,0.9491086006164552,0,255,255,-92,-92,1,1,0,0,0,0,0,0,0,0.632701158524,0.6327011585235596,0,13,13,-391,-391,318
00.png,00.png,00.png,00.png,00.png,00.png,24.png,27.png,07.png,09.png,tray1.png,10.png,13.png,16.png,00.png,00.png,"[-216, 205]","[-66, 205]","[84, 205]","[234, 205]","[-216, 55]","[-66, 55]","[84, 55]","[234, 55]","[-216, -95]","[-66, -95]","[84, -95]","[234, -95]","[-216, -245]","[-66, -245]","[84, -245]","[234, -245]","[100, 100]","[100, 100]","[100, 100]","[100, 100]","[100, 100]","[100, 100]","[100, 100]","[100, 100]","[100, 100]","[100, 100]","[100, 100]","[100, 100]","[100, 100]","[100, 100]","[100, 100]","[100, 100]",ok.png,"[0, -375]","[150, 100]",21,tray,8,1,m,1,1,1,1,0,0,0,0,0,0,0,1.73256111145,1.732561111450195,0,110,110,-81,-81,1,1,0,0,0,0,0,0,0,0.682542622089,0.682542622089386,0,44,44,-390,-390,135
00.png,00.png,25.png,00.png,33.png,00.png,05.png,00.png,01.png,tray1.png,00.png,10.png,00.png,20.png,00.png,30.png,"[-204, 208]","[-54, 208]","[96, 208]","[246, 208]","[-204, 58]","[-54, 58]","[96, 58]","[246, 58]","[-204, -92]","[-54, -92]","[96, -92]","[246, -92]","[-204, -242]","[-54, -242]","[96, -242]","[246, -242]","[100, 100]","[100, 100]","[100, 100]","[100, 100]","[100, 100]","[100, 100]","[100, 100]","[100, 100]","[100, 100]","[100, 100]","[100, 100]","[100, 100]","[100, 100]","[100, 100]","[100, 100]","[100, 100]",ok.png,"[0, -375]","[150, 100]",22,tray,8,1,m,1,1,1,1,0,0,0,0,0,0,0,1.09904503822,1.099045038223267,0,-72,-72,-94,-94,1,1,0,0,0,0,0,0,0,0.632789611816,0.63278961181640625,0,-22,-22,-365,-365,320
00.png,00.png,00.png,18.png,00.png,14.png,00.png,09.png,tray1.png,02.png,04.png,00.png,26.png,24.png,00.png,00.png,"[-214, 219]","[-64, 219]","[86, 219]","[236, 219]","[-214, 69]","[-64, 69]","[86, 69]","[236, 69]","[-214, -81]","[-64, -81]","[86, -81]","[236, -81]","[-214, -231]","[-64, -231]","[86, -231]","[236, -231]","[100, 100]","[100, 100]","[100, 100]","[100, 100]","[100, 100]","[100, 100]","[100, 100]","[100, 100]","[100, 100]","[100, 100]","[100, 100]","[100, 100]","[100, 100]","[100, 100]","[100, 100]","[100, 100]",ok.png,"[0, -375]","[150, 100]",23,tray,8,1,m,1,1,1,1,0,0,0,0,0,0,0,1.24914860725,1.249148607254028,0,-211,-211,-49,-49,1,1,0,0,0,0,0,0,0,0.649582087994,0.6495820879936218,0,36,36,-391,-391,11
00.png,14.png,00.png,00.png,11.png,07.png,00.png,tray1.png,18.png,00.png,00.png,30.png,09.png,00.png,00.png,19.png,"[-216, 234]","[-66, 234]","[84, 234]","[234, 234]","[-216, 84]","[-66, 84]","[84, 84]","[234, 84]","[-216, -66]","[-66, -66]","[84, -66]","[234, -66]","[-216, -216]","[-66, -216]","[84, -216]","[234, -216]","[100, 100]","[100, 100]","[100, 100]","[100, 100]","[100, 100]","[100, 100]","[100, 100]","[100, 100]","[100, 100]","[100, 100]","[100, 100]","[100, 100]","[100, 100]","[100, 100]","[100, 100]","[100, 100]",ok.png,"[0, -375]","[150, 100]",24,tray,8,1,m,1,1,1,1,0,0,0,0,0,0,0,1.38236308098,1.382363080978394,0,255,255,75,75,1,1,0,0,0,0,0,0,0,0.599290907383,0.5992909073829651,0,-56,-56,-358,-358,237
31.png,00.png,13.png,00.png,23.png,00.png,tray1.png,00.png,33.png,00.png,14.png,00.png,19.png,00.png,29.png,00.png,"[-212, 241]","[-62, 241]","[88, 241]","[238, 241]","[-212, 91]","[-62, 91]","[88, 91]","[238, 91]","[-212, -59]","[-62, -59]","[88, -59]","[238, -59]","[-212, -209]","[-62, -209]","[88, -209]","[238, -209]","[100, 100]","[100, 100]","[100, 100]","[100, 100]","[100, 100]","[100, 100]","[100, 100]","[100, 100]","[100, 100]","[100, 100]","[100, 100]","[100, 100]","[100, 100]","[100, 100]","[100, 100]","[100, 100]",ok.png,"[0, -375]","[150, 100]",25,tray,8,1,m,1,1,1,1,0,0,0,0,0,0,0,1.34905314445,1.349053144454956,0,101,101,74,74,1,1,0,0,0,0,0,0,0,0.582894384861,0.5828943848609924,0,45,45,-389,-389,126
00.png,00.png,00.png,00.png,00.png,00.png,00.png,00.png,07.png,06.png,05.png,04.png,03.png,02.png,01.png,tray2.png,"[-238, 249]","[-88, 249]","[62, 249]","[212, 249]","[-238, 99]","[-88, 99]","[62, 99]","[212, 99]","[-238, -51]","[-88, -51]","[62, -51]","[212, -51]","[-238, -201]","[-88, -201]","[62, -201]","[212, -201]","[100, 100]","[100, 100]","[100, 100]","[100, 100]","[100, 100]","[100, 100]","[100, 100]","[100, 100]","[100, 100]","[100, 100]","[100, 100]","[100, 100]","[100, 100]","[100, 100]","[100, 100]","[100, 100]",ok.png,"[0, -375]","[150, 100]",26,tray,8,1,m,1,1,1,1,0,0,0,0,0,0,0,1.13235509396,1.132355093955994,0,213,213,-185,-185,1,1,0,0,0,0,0,0,0,1.28278636932,1.28278636932373,0,-53,-53,-356,-356,290
00.png,00.png,00.png,00.png,00.png,00.png,14.png,00.png,13.png,12.png,11.png,10.png,00.png,09.png,tray2.png,08.png,"[-241, 213]","[-91, 213]","[59, 213]","[209, 213]","[-241, 63]","[-91, 63]","[59, 63]","[209, 63]","[-241, -87]","[-91, -87]","[59, -87]","[209, -87]","[-241, -237]","[-91, -237]","[59, -237]","[209, -237]","[100, 100]","[100, 100]","[100, 100]","[100, 100]","[100, 100]","[100, 100]","[100, 100]","[100, 100]","[100, 100]","[100, 100]","[100, 100]","[100, 100]","[100, 100]","[100, 100]","[100, 100]","[100, 100]",ok.png,"[0, -375]","[150, 100]",27,tray,8,1,m,1,1,1,1,0,0,0,0,0,0,0,1.44866335392,1.448663353919983,0,100,100,-252,-252,1,1,0,0,0,0,0,0,0,0.599450469017,0.5994504690170288,0,-2,-2,-360,-360,86
00.png,00.png,00.png,00.png,00.png,00.png,21.png,20.png,19.png,18.png,17.png,16.png,15.png,tray2.png,00.png,00.png,"[-240, 216]","[-90, 216]","[60, 216]","[210, 216]","[-240, 66]","[-90, 66]","[60, 66]","[210, 66]","[-240, -84]","[-90, -84]","[60, -84]","[210, -84]","[-240, -234]","[-90, -234]","[60, -234]","[210, -234]","[100, 100]","[100, 100]","[100, 100]","[100, 100]","[100, 100]","[100, 100]","[100, 100]","[100, 100]","[100, 100]","[100, 100]","[100, 100]","[100, 100]","[100, 100]","[100, 100]","[100, 100]","[100, 100]",ok.png,"[0, -375]","[150, 100]",28,tray,8,1,m,1,1,1,1,0,0,0,0,0,0,0,1.34907472134,1.349074721336365,0,-105,-105,-231,-231,1,1,0,0,0,0,0,0,0,0.382258355618,0.3822583556175232,0,55,55,-421,-421,186
00.png,00.png,00.png,00.png,00.png,00.png,31.png,27.png,26.png,28.png,00.png,00.png,tray2.png,24.png,23.png,22.png,"[-226, 218]","[-76, 218]","[74, 218]","[224, 218]","[-226, 68]","[-76, 68]","[74, 68]","[224, 68]","[-226, -82]","[-76, -82]","[74, -82]","[224, -82]","[-226, -232]","[-76, -232]","[74, -232]","[224, -232]","[100, 100]","[100, 100]","[100, 100]","[100, 100]","[100, 100]","[100, 100]","[100, 100]","[100, 100]","[100, 100]","[100, 100]","[100, 100]","[100, 100]","[100, 100]","[100, 100]","[100, 100]","[100, 100]",ok.png,"[0, -375]","[150, 100]",29,tray,8,1,m,1,1,1,1,0,0,0,0,0,0,0,1.38210785389,1.382107853889465,0,-231,-231,-219,-219,1,1,0,0,0,0,0,0,0,0.515864193439,0.5158641934394836,0,21,21,-374,-374,155
00.png,00.png,00.png,00.png,01.png,34.png,33.png,32.png,31.png,30.png,29.png,tray2.png,00.png,00.png,00.png,00.png,"[-236, 236]","[-86, 236]","[64, 236]","[214, 236]","[-236, 86]","[-86, 86]","[64, 86]","[214, 86]","[-236, -64]","[-86, -64]","[64, -64]","[214, -64]","[-236, -214]","[-86, -214]","[64, -214]","[214, -214]","[100, 100]","[100, 100]","[100, 100]","[100, 100]","[100, 100]","[100, 100]","[100, 100]","[100, 100]","[100, 100]","[100, 100]","[100, 100]","[100, 100]","[100, 100]","[100, 100]","[100, 100]","[100, 100]",ok.png,"[0, -375]","[150, 100]",30,tray,8,1,m,1,1,1,1,0,0,0,0,0,0,0,0.799071550369,0.7990715503692627,0,233,233,-67,-67,1,1,0,0,0,0,0,0,0,0.632693171501,0.6326931715011597,0,-8,-8,-370,-370,383
00.png,00.png,23.png,17.png,00.png,00.png,15.png,06.png,00.png,00.png,tray2.png,04.png,00.png,00.png,34.png,01.png,"[-218, 229]","[-68, 229]","[82, 229]","[232, 229]","[-218, 79]","[-68, 79]","[82, 79]","[232, 79]","[-218, -71]","[-68, -71]","[82, -71]","[232, -71]","[-218, -221]","[-68, -221]","[82, -221]","[232, -221]","[100, 100]","[100, 100]","[100, 100]","[100, 100]","[100, 100]","[100, 100]","[100, 100]","[100, 100]","[100, 100]","[100, 100]","[100, 100]","[100, 100]","[100, 100]","[100, 100]","[100, 100]","[100, 100]",ok.png,"[0, -375]","[150, 100]",31,tray,8,1,m,1,1,1,1,0,0,0,0,0,0,0,1.065797925,1.065797924995422,0,60,60,-74,-74,1,1,0,0,0,0,0,0,0,0.799230277538,0.7992302775382996,0,11,11,-344,-344,176
14.png,09.png,22.png,06.png,00.png,00.png,00.png,00.png,25.png,tray2.png,03.png,07.png,00.png,00.png,00.png,00.png,"[-208, 218]","[-58, 218]","[92, 218]","[242, 218]","[-208, 68]","[-58, 68]","[92, 68]","[242, 68]","[-208, -82]","[-58, -82]","[92, -82]","[242, -82]","[-208, -232]","[-58, -232]","[92, -232]","[242, -232]","[100, 100]","[100, 100]","[100, 100]","[100, 100]","[100, 100]","[100, 100]","[100, 100]","[100, 100]","[100, 100]","[100, 100]","[100, 100]","[100, 100]","[100, 100]","[100, 100]","[100, 100]","[100, 100]",ok.png,"[0, -375]","[150, 100]",32,tray,8,1,m,1,1,1,1,0,0,0,0,0,0,0,0.632205367088,0.6322053670883179,0,-63,-63,-47,-47,1,1,0,0,0,0,0,0,0,0.749401628971,0.7494016289710999,0,47,47,-399,-399,206
00.png,00.png,00.png,00.png,31.png,30.png,17.png,00.png,tray2.png,27.png,00.png,00.png,07.png,33.png,05.png,00.png,"[-205, 250]","[-55, 250]","[95, 250]","[245, 250]","[-205, 100]","[-55, 100]","[95, 100]","[245, 100]","[-205, -50]","[-55, -50]","[95, -50]","[245, -50]","[-205, -200]","[-55, -200]","[95, -200]","[245, -200]","[100, 100]","[100, 100]","[100, 100]","[100, 100]","[100, 100]","[100, 100]","[100, 100]","[100, 100]","[100, 100]","[100, 100]","[100, 100]","[100, 100]","[100, 100]","[100, 100]","[100, 100]","[100, 100]",ok.png,"[0, -375]","[150, 100]",33,tray,8,1,m,1,1,1,1,0,0,0,0,0,0,0,1.08241403103,1.082414031028748,0,-193,-193,-52,-52,1,1,0,0,0,0,0,0,0,0.96605694294,0.9660569429397584,0,-2,-2,-354,-354,195
33.png,31.png,25.png,21.png,27.png,23.png,29.png,tray2.png,00.png,00.png,00.png,00.png,00.png,00.png,00.png,00.png,"[-202, 207]","[-52, 207]","[98, 207]","[248, 207]","[-202, 57]","[-52, 57]","[98, 57]","[248, 57]","[-202, -93]","[-52, -93]","[98, -93]","[248, -93]","[-202, -243]","[-52, -243]","[98, -243]","[248, -243]","[100, 100]","[100, 100]","[100, 100]","[100, 100]","[100, 100]","[100, 100]","[100, 100]","[100, 100]","[100, 100]","[100, 100]","[100, 100]","[100, 100]","[100, 100]","[100, 100]","[100, 100]","[100, 100]",ok.png,"[0, -375]","[150, 100]",34,tray,8,1,m,1,1,1,1,0,0,0,0,0,0,0,0.732182443142,0.7321824431419373,0,252,252,70,70,1,1,0,0,0,0,0,0,0,0.549428641796,0.5494286417961121,0,31,31,-349,-349,437
00.png,00.png,00.png,00.png,26.png,24.png,tray2.png,22.png,20.png,18.png,16.png,14.png,00.png,00.png,00.png,00.png,"[-219, 241]","[-69, 241]","[81, 241]","[231, 241]","[-219, 91]","[-69, 91]","[81, 91]","[231, 91]","[-219, -59]","[-69, -59]","[81, -59]","[231, -59]","[-219, -209]","[-69, -209]","[81, -209]","[231, -209]","[100, 100]","[100, 100]","[100, 100]","[100, 100]","[100, 100]","[100, 100]","[100, 100]","[100, 100]","[100, 100]","[100, 100]","[100, 100]","[100, 100]","[100, 100]","[100, 100]","[100, 100]","[100, 100]",ok.png,"[0, -375]","[150, 100]",35,tray,8,1,m,1,1,1,1,0,0,0,0,0,0,0,0.815415740013,0.8154157400131226,0,61,61,71,71,1,1,0,0,0,0,0,0,0,0.699298679829,0.6992986798286438,0,28,28,-366,-366,309
00.png,00.png,27.png,24.png,21.png,tray2.png,19.png,16.png,00.png,00.png,10.png,13.png,00.png,00.png,00.png,00.png,"[-208, 205]","[-58, 205]","[92, 205]","[242, 205]","[-208, 55]","[-58, 55]","[92, 55]","[242, 55]","[-208, -95]","[-58, -95]","[92, -95]","[242, -95]","[-208, -245]","[-58, -245]","[92, -245]","[242, -245]","[100, 100]","[100, 100]","[100, 100]","[100, 100]","[100, 100]","[100, 100]","[100, 100]","[100, 100]","[100, 100]","[100, 100]","[100, 100]","[100, 100]","[100, 100]","[100, 100]","[100, 100]","[100, 100]",ok.png,"[0, -375]","[150, 100]",36,tray,8,1,m,1,1,1,1,0,0,0,0,0,0,0,0.765410125256,0.7654101252555847,0,-59,-59,59,59,1,1,0,0,0,0,0,0,0,0.582699239254,0.5826992392539978,0,9,9,-365,-365,301
00.png,00.png,00.png,00.png,tray2.png,11.png,16.png,21.png,00.png,00.png,00.png,00.png,25.png,20.png,15.png,10.png,"[-231, 247]","[-81, 247]","[69, 247]","[219, 247]","[-231, 97]","[-81, 97]","[69, 97]","[219, 97]","[-231, -53]","[-81, -53]","[69, -53]","[219, -53]","[-231, -203]","[-81, -203]","[69, -203]","[219, -203]","[100, 100]","[100, 100]","[100, 100]","[100, 100]","[100, 100]","[100, 100]","[100, 100]","[100, 100]","[100, 100]","[100, 100]","[100, 100]","[100, 100]","[100, 100]","[100, 100]","[100, 100]","[100, 100]",ok.png,"[0, -375]","[150, 100]",37,tray,8,1,m,1,1,1,1,0,0,0,0,0,0,0,1.91573476791,1.915734767913818,0,-247,-247,107,107,1,1,0,0,0,0,0,0,0,0.716151177883,0.7161511778831482,0,27,27,-372,-372,83
04.png,02.png,05.png,tray2.png,08.png,07.png,01.png,03.png,00.png,00.png,00.png,00.png,00.png,00.png,00.png,00.png,"[-245, 248]","[-95, 248]","[55, 248]","[205, 248]","[-245, 98]","[-95, 98]","[55, 98]","[205, 98]","[-245, -52]","[-95, -52]","[55, -52]","[205, -52]","[-245, -202]","[-95, -202]","[55, -202]","[205, -202]","[100, 100]","[100, 100]","[100, 100]","[100, 100]","[100, 100]","[100, 100]","[100, 100]","[100, 100]","[100, 100]","[100, 100]","[100, 100]","[100, 100]","[100, 100]","[100, 100]","[100, 100]","[100, 100]",ok.png,"[0, -375]","[150, 100]",38,tray,8,1,m,1,1,1,1,0,0,0,0,0,0,0,1.59906816483,1.599068164825439,0,213,213,266,266,1,1,0,0,0,0,0,0,0,0.69964659214,0.6996465921401978,0,-48,-48,-363,-363,425
00.png,12.png,tray2.png,23.png,00.png,00.png,00.png,13.png,08.png,33.png,00.png,00.png,16.png,00.png,00.png,29.png,"[-231, 209]","[-81, 209]","[69, 209]","[219, 209]","[-231, 59]","[-81, 59]","[69, 59]","[219, 59]","[-231, -91]","[-81, -91]","[69, -91]","[219, -91]","[-231, -241]","[-81, -241]","[69, -241]","[219, -241]","[100, 100]","[100, 100]","[100, 100]","[100, 100]","[100, 100]","[100, 100]","[100, 100]","[100, 100]","[100, 100]","[100, 100]","[100, 100]","[100, 100]","[100, 100]","[100, 100]","[100, 100]","[100, 100]",ok.png,"[0, -375]","[150, 100]",39,tray,8,1,m,1,1,1,1,0,0,0,0,0,0,0,1.18236899376,1.182368993759155,0,65,65,196,196,1,1,0,0,0,0,0,0,0,0.832718491554,0.8327184915542603,0,-6,-6,-346,-346,156
00.png,tray2.png,03.png,07.png,13.png,17.png,23.png,27.png,33.png,00.png,00.png,00.png,00.png,00.png,00.png,00.png,"[-213, 218]","[-63, 218]","[87, 218]","[237, 218]","[-213, 68]","[-63, 68]","[87, 68]","[237, 68]","[-213, -82]","[-63, -82]","[87, -82]","[237, -82]","[-213, -232]","[-63, -232]","[87, -232]","[237, -232]","[100, 100]","[100, 100]","[100, 100]","[100, 100]","[100, 100]","[100, 100]","[100, 100]","[100, 100]","[100, 100]","[100, 100]","[100, 100]","[100, 100]","[100, 100]","[100, 100]","[100, 100]","[100, 100]",ok.png,"[0, -375]","[150, 100]",40,tray,8,1,m,1,1,1,1,0,0,0,0,0,0,0,1.16535866261,1.165358662605286,0,-38,-38,203,203,1,1,0,0,0,0,0,0,0,0.84944665432,0.8494466543197632,0,4,4,-396,-396,17
tray2.png,17.png,07.png,14.png,00.png,00.png,00.png,00.png,00.png,00.png,00.png,00.png,02.png,30.png,20.png,04.png,"[-201, 218]","[-51, 218]","[99, 218]","[249, 218]","[-201, 68]","[-51, 68]","[99, 68]","[249, 68]","[-201, -82]","[-51, -82]","[99, -82]","[249, -82]","[-201, -232]","[-51, -232]","[99, -232]","[249, -232]","[100, 100]","[100, 100]","[100, 100]","[100, 100]","[100, 100]","[100, 100]","[100, 100]","[100, 100]","[100, 100]","[100, 100]","[100, 100]","[100, 100]","[100, 100]","[100, 100]","[100, 100]","[100, 100]",ok.png,"[0, -375]","[150, 100]",41,tray,8,1,m,1,1,1,1,0,0,0,0,0,0,0,1.06563901901,1.065639019012451,0,-227,-227,234,234,1,1,0,0,0,0,0,0,0,1.81634044647,1.816340446472168,0,25,25,-380,-380,42
00.png,tray2.png,04.png,00.png,00.png,16.png,22.png,00.png,00.png,32.png,02.png,00.png,00.png,29.png,19.png,00.png,"[-207, 250]","[-57, 250]","[93, 250]","[243, 250]","[-207, 100]","[-57, 100]","[93, 100]","[243, 100]","[-207, -50]","[-57, -50]","[93, -50]","[243, -50]","[-207, -200]","[-57, -200]","[93, -200]","[243, -200]","[100, 100]","[100, 100]","[100, 100]","[100, 100]","[100, 100]","[100, 100]","[100, 100]","[100, 100]","[100, 100]","[100, 100]","[100, 100]","[100, 100]","[100, 100]","[100, 100]","[100, 100]","[100, 100]",ok.png,"[0, -375]","[150, 100]",42,tray,8,1,m,1,1,1,1,0,0,0,0,0,0,0,0.932278633118,0.9322786331176758,0,-70,-70,274,274,1,1,0,0,0,0,0,0,0,0.666114270687,0.6661142706871033,0,0,0,-371,-371,182
00.png,08.png,tray2.png,03.png,25.png,28.png,27.png,00.png,00.png,00.png,00.png,21.png,05.png,00.png,00.png,00.png,"[-227, 247]","[-77, 247]","[73, 247]","[223, 247]","[-227, 97]","[-77, 97]","[73, 97]","[223, 97]","[-227, -53]","[-77, -53]","[73, -53]","[223, -53]","[-227, -203]","[-77, -203]","[73, -203]","[223, -203]","[100, 100]","[100, 100]","[100, 100]","[100, 100]","[100, 100]","[100, 100]","[100, 100]","[100, 100]","[100, 100]","[100, 100]","[100, 100]","[100, 100]","[100, 100]","[100, 100]","[100, 100]","[100, 100]",ok.png,"[0, -375]","[150, 100]",43,tray,8,1,m,1,1,1,1,0,0,0,0,0,0,0,1.0824868679,1.082486867904663,0,87,87,244,244,1,1,0,0,0,0,0,0,0,0.933147847652,0.9331478476524352,0,37,37,-338,-338,294
00.png,07.png,00.png,tray2.png,23.png,00.png,09.png,00.png,00.png,16.png,00.png,00.png,17.png,15.png,00.png,06.png,"[-243, 224]","[-93, 224]","[57, 224]","[207, 224]","[-243, 74]","[-93, 74]","[57, 74]","[207, 74]","[-243, -76]","[-93, -76]","[57, -76]","[207, -76]","[-243, -226]","[-93, -226]","[57, -226]","[207, -226]","[100, 100]","[100, 100]","[100, 100]","[100, 100]","[100, 100]","[100, 100]","[100, 100]","[100, 100]","[100, 100]","[100, 100]","[100, 100]","[100, 100]","[100, 100]","[100, 100]","[100, 100]","[100, 100]",ok.png,"[0, -375]","[150, 100]",44,tray,8,1,m,1,1,1,1,0,0,0,0,0,0,0,0.832381129265,0.8323811292648315,0,178,178,217,217,1,1,0,0,0,0,0,0,0,1.74951684475,1.749516844749451,0,52,52,-367,-367,150
00.png,32.png,00.png,31.png,tray2.png,08.png,30.png,00.png,34.png,00.png,00.png,12.png,00.png,00.png,11.png,00.png,"[-243, 248]","[-93, 248]","[57, 248]","[207, 248]","[-243, 98]","[-93, 98]","[57, 98]","[207, 98]","[-243, -52]","[-93, -52]","[57, -52]","[207, -52]","[-243, -202]","[-93, -202]","[57, -202]","[207, -202]","[100, 100]","[100, 100]","[100, 100]","[100, 100]","[100, 100]","[100, 100]","[100, 100]","[100, 100]","[100, 100]","[100, 100]","[100, 100]","[100, 100]","[100, 100]","[100, 100]","[100, 100]","[100, 100]",ok.png,"[0, -375]","[150, 100]",45,tray,8,1,m,1,1,1,1,0,0,0,0,0,0,0,1.86576664448,1.865766644477844,0,-236,-236,115,115,1,1,0,0,0,0,0,0,0,0.58294069767,0.5829406976699829,0,-12,-12,-364,-364,48
00.png,00.png,16.png,13.png,10.png,tray2.png,09.png,07.png,27.png,24.png,00.png,00.png,00.png,00.png,00.png,00.png,"[-241, 244]","[-91, 244]","[59, 244]","[209, 244]","[-241, 94]","[-91, 94]","[59, 94]","[209, 94]","[-241, -56]","[-91, -56]","[59, -56]","[209, -56]","[-241, -206]","[-91, -206]","[59, -206]","[209, -206]","[100, 100]","[100, 100]","[100, 100]","[100, 100]","[100, 100]","[100, 100]","[100, 100]","[100, 100]","[100, 100]","[100, 100]","[100, 100]","[100, 100]","[100, 100]","[100, 100]","[100, 100]","[100, 100]",ok.png,"[0, -375]","[150, 100]",46,tray,8,1,m,1,1,1,1,0,0,0,0,0,0,0,0.798795104027,0.7987951040267944,0,-94,-94,71,71,1,1,0,0,0,0,0,0,0,1.0830142498,1.083014249801636,0,25,25,-392,-392,228
30.png,00.png,20.png,00.png,10.png,00.png,tray2.png,01.png,00.png,05.png,00.png,33.png,00.png,25.png,00.png,00.png,"[-232, 242]","[-82, 242]","[68, 242]","[218, 242]","[-232, 92]","[-82, 92]","[68, 92]","[218, 92]","[-232, -58]","[-82, -58]","[68, -58]","[218, -58]","[-232, -208]","[-82, -208]","[68, -208]","[218, -208]","[100, 100]","[100, 100]","[100, 100]","[100, 100]","[100, 100]","[100, 100]","[100, 100]","[100, 100]","[100, 100]","[100, 100]","[100, 100]","[100, 100]","[100, 100]","[100, 100]","[100, 100]","[100, 100]",ok.png,"[0, -375]","[150, 100]",47,tray,8,1,m,1,1,1,1,0,0,0,0,0,0,0,1.06576156616,1.065761566162109,0,31,31,69,69,1,1,0,0,0,0,0,0,0,0.749225258827,0.7492252588272095,0,-4,-4,-388,-388,338
00.png,00.png,24.png,26.png,00.png,04.png,02.png,tray2.png,09.png,00.png,14.png,00.png,18.png,00.png,00.png,00.png,"[-234, 240]","[-84, 240]","[66, 240]","[216, 240]","[-234, 90]","[-84, 90]","[66, 90]","[216, 90]","[-234, -60]","[-84, -60]","[66, -60]","[216, -60]","[-234, -210]","[-84, -210]","[66, -210]","[216, -210]","[100, 100]","[100, 100]","[100, 100]","[100, 100]","[100, 100]","[100, 100]","[100, 100]","[100, 100]","[100, 100]","[100, 100]","[100, 100]","[100, 100]","[100, 100]","[100, 100]","[100, 100]","[100, 100]",ok.png,"[0, -375]","[150, 100]",48,tray,8,1,m,1,1,1,1,0,0,0,0,0,0,0,0.899030447006,0.8990304470062256,0,-59,-59,101,101,1,1,0,0,0,0,0,0,0,2.88292741776,2.882927417755127,0,214,214,95,95,196
19.png,00.png,00.png,09.png,30.png,00.png,00.png,18.png,tray2.png,00.png,07.png,11.png,00.png,00.png,14.png,00.png,"[-227, 214]","[-77, 214]","[73, 214]","[223, 214]","[-227, 64]","[-77, 64]","[73, 64]","[223, 64]","[-227, -86]","[-77, -86]","[73, -86]","[223, -86]","[-227, -236]","[-77, -236]","[73, -236]","[223, -236]","[100, 100]","[100, 100]","[100, 100]","[100, 100]","[100, 100]","[100, 100]","[100, 100]","[100, 100]","[100, 100]","[100, 100]","[100, 100]","[100, 100]","[100, 100]","[100, 100]","[100, 100]","[100, 100]",ok.png,"[0, -375]","[150, 100]",49,tray,8,1,m,1,1,1,1,0,0,0,0,0,0,0,1.04898190498,1.048981904983521,0,-183,-183,-97,-97,1,1,0,0,0,0,0,0,0,0.749521613121,0.7495216131210327,0,-5,-5,-404,-404,229
00.png,29.png,00.png,19.png,00.png,14.png,00.png,33.png,00.png,tray2.png,00.png,23.png,00.png,13.png,00.png,31.png,"[-200, 225]","[-50, 225]","[100, 225]","[250, 225]","[-200, 75]","[-50, 75]","[100, 75]","[250, 75]","[-200, -75]","[-50, -75]","[100, -75]","[250, -75]","[-200, -225]","[-50, -225]","[100, -225]","[250, -225]","[100, 100]","[100, 100]","[100, 100]","[100, 100]","[100, 100]","[100, 100]","[100, 100]","[100, 100]","[100, 100]","[100, 100]","[100, 100]","[100, 100]","[100, 100]","[100, 100]","[100, 100]","[100, 100]",ok.png,"[0, -375]","[150, 100]",50,tray,8,1,m,1,1,1,1,0,0,0,0,0,0,0,0.799133002758,0.7991330027580261,0,-72,-72,-83,-83,1,1,0,0,0,0,0,0,0,0.599407494068,0.5994074940681458,0,-29,-29,-410,-410,312
dots1.png,01.png,02.png,03.png,04.png,05.png,06.png,07.png,00.png,00.png,00.png,00.png,00.png,00.png,00.png,00.png,"[-213, 213]","[-63, 213]","[87, 213]","[237, 213]","[-213, 63]","[-63, 63]","[87, 63]","[237, 63]","[-213, -87]","[-63, -87]","[87, -87]","[237, -87]","[-213, -237]","[-63, -237]","[87, -237]","[237, -237]","[100, 100]","[100, 100]","[100, 100]","[100, 100]","[100, 100]","[100, 100]","[100, 100]","[100, 100]","[100, 100]","[100, 100]","[100, 100]","[100, 100]","[100, 100]","[100, 100]","[100, 100]","[100, 100]",ok.png,"[0, -375]","[150, 100]",51,dots,8,2,m,1,1,1,1,0,0,0,0,0,0,0,1.18246090412,1.182460904121399,0,-234,-234,180,180,1,1,0,0,0,0,0,0,0,1.11594188213,1.115941882133484,0,7,7,-396,-396,118
08.png,dots1.png,09.png,00.png,10.png,11.png,12.png,13.png,00.png,14.png,00.png,00.png,00.png,00.png,00.png,00.png,"[-227, 205]","[-77, 205]","[73, 205]","[223, 205]","[-227, 55]","[-77, 55]","[73, 55]","[223, 55]","[-227, -95]","[-77, -95]","[73, -95]","[223, -95]","[-227, -245]","[-77, -245]","[73, -245]","[223, -245]","[100, 100]","[100, 100]","[100, 100]","[100, 100]","[100, 100]","[100, 100]","[100, 100]","[100, 100]","[100, 100]","[100, 100]","[100, 100]","[100, 100]","[100, 100]","[100, 100]","[100, 100]","[100, 100]",ok.png,"[0, -375]","[150, 100]",52,dots,8,2,m,1,1,1,1,0,0,0,0,0,0,0,1.0990216732,1.099021673202515,0,-69,-69,173,173,1,1,0,0,0,0,0,0,0,0.866100311279,0.8661003112792969,0,52,52,-380,-380,285
00.png,00.png,dots1.png,15.png,16.png,17.png,18.png,19.png,20.png,21.png,00.png,00.png,00.png,00.png,00.png,00.png,"[-209, 224]","[-59, 224]","[91, 224]","[241, 224]","[-209, 74]","[-59, 74]","[91, 74]","[241, 74]","[-209, -76]","[-59, -76]","[91, -76]","[241, -76]","[-209, -226]","[-59, -226]","[91, -226]","[241, -226]","[100, 100]","[100, 100]","[100, 100]","[100, 100]","[100, 100]","[100, 100]","[100, 100]","[100, 100]","[100, 100]","[100, 100]","[100, 100]","[100, 100]","[100, 100]","[100, 100]","[100, 100]","[100, 100]",ok.png,"[0, -375]","[150, 100]",53,dots,8,2,m,1,1,1,1,0,0,0,0,0,0,0,1.09858727455,1.098587274551392,0,78,78,191,191,1,1,0,0,0,0,0,0,0,1.04943621159,1.049436211585999,0,34,34,-374,-374,164
22.png,23.png,24.png,dots1.png,00.png,00.png,25.png,26.png,00.png,00.png,27.png,28.png,00.png,00.png,00.png,00.png,"[-226, 221]","[-76, 221]","[74, 221]","[224, 221]","[-226, 71]","[-76, 71]","[74, 71]","[224, 71]","[-226, -79]","[-76, -79]","[74, -79]","[224, -79]","[-226, -229]","[-76, -229]","[74, -229]","[224, -229]","[100, 100]","[100, 100]","[100, 100]","[100, 100]","[100, 100]","[100, 100]","[100, 100]","[100, 100]","[100, 100]","[100, 100]","[100, 100]","[100, 100]","[100, 100]","[100, 100]","[100, 100]","[100, 100]",ok.png,"[0, -375]","[150, 100]",54,dots,8,2,m,1,1,1,1,0,0,0,0,0,0,0,2.19892072678,2.198920726776123,0,285,285,210,210,1,1,0,0,0,0,0,0,0,0.432723641396,0.4327236413955688,0,257,257,204,204,303
00.png,00.png,00.png,00.png,dots1.png,29.png,30.png,31.png,32.png,33.png,34.png,01.png,00.png,00.png,00.png,00.png,"[-250, 206]","[-100, 206]","[50, 206]","[200, 206]","[-250, 56]","[-100, 56]","[50, 56]","[200, 56]","[-250, -94]","[-100, -94]","[50, -94]","[200, -94]","[-250, -244]","[-100, -244]","[50, -244]","[200, -244]","[100, 100]","[100, 100]","[100, 100]","[100, 100]","[100, 100]","[100, 100]","[100, 100]","[100, 100]","[100, 100]","[100, 100]","[100, 100]","[100, 100]","[100, 100]","[100, 100]","[100, 100]","[100, 100]",ok.png,"[0, -375]","[150, 100]",55,dots,8,2,m,1,1,1,1,0,0,0,0,0,0,0,0.949079871178,0.9490798711776732,0,-241,-241,26,26,1,1,0,0,0,0,0,0,0,0.466308563948,0.4663085639476776,0,0,0,-396,-396,368
01.png,34.png,00.png,00.png,04.png,dots1.png,00.png,00.png,06.png,15.png,00.png,00.png,17.png,23.png,00.png,00.png,"[-224, 235]","[-74, 235]","[76, 235]","[226, 235]","[-224, 85]","[-74, 85]","[76, 85]","[226, 85]","[-224, -65]","[-74, -65]","[76, -65]","[226, -65]","[-224, -215]","[-74, -215]","[76, -215]","[226, -215]","[100, 100]","[100, 100]","[100, 100]","[100, 100]","[100, 100]","[100, 100]","[100, 100]","[100, 100]","[100, 100]","[100, 100]","[100, 100]","[100, 100]","[100, 100]","[100, 100]","[100, 100]","[100, 100]",ok.png,"[0, -375]","[150, 100]",56,dots,8,2,m,1,1,1,1,0,0,0,0,0,0,0,0.965598464012,0.965598464012146,0,-82,-82,99,99,1,1,0,0,0,0,0,0,0,0.782813608646,0.7828136086463928,0,50,50,-376,-376,426
00.png,00.png,00.png,00.png,07.png,03.png,dots1.png,25.png,00.png,00.png,00.png,00.png,06.png,22.png,09.png,14.png,"[-210, 201]","[-60, 201]","[90, 201]","[240, 201]","[-210, 51]","[-60, 51]","[90, 51]","[240, 51]","[-210, -99]","[-60, -99]","[90, -99]","[240, -99]","[-210, -249]","[-60, -249]","[90, -249]","[240, -249]","[100, 100]","[100, 100]","[100, 100]","[100, 100]","[100, 100]","[100, 100]","[100, 100]","[100, 100]","[100, 100]","[100, 100]","[100, 100]","[100, 100]","[100, 100]","[100, 100]","[100, 100]","[100, 100]",ok.png,"[0, -375]","[150, 100]",57,dots,8,2,m,1,1,1,1,0,0,0,0,0,0,0,0.865682184696,0.8656821846961975,0,104,104,75,75,1,1,0,0,0,0,0,0,0,0.56612354517,0.5661235451698303,0,68,68,-405,-405,262
00.png,05.png,33.png,07.png,00.png,00.png,27.png,dots1.png,00.png,17.png,30.png,31.png,00.png,00.png,00.png,00.png,"[-245, 228]","[-95, 228]","[55, 228]","[205, 228]","[-245, 78]","[-95, 78]","[55, 78]","[205, 78]","[-245, -72]","[-95, -72]","[55, -72]","[205, -72]","[-245, -222]","[-95, -222]","[55, -222]","[205, -222]","[100, 100]","[100, 100]","[100, 100]","[100, 100]","[100, 100]","[100, 100]","[100, 100]","[100, 100]","[100, 100]","[100, 100]","[100, 100]","[100, 100]","[100, 100]","[100, 100]","[100, 100]","[100, 100]",ok.png,"[0, -375]","[150, 100]",58,dots,8,2,m,1,1,1,1,0,0,0,0,0,0,0,1.0156788826,1.015678882598877,0,233,233,90,90,1,1,0,0,0,0,0,0,0,0.849555075169,0.8495550751686096,0,33,33,-344,-344,108
00.png,00.png,00.png,00.png,00.png,00.png,00.png,00.png,dots1.png,29.png,23.png,27.png,21.png,25.png,31.png,33.png,"[-230, 225]","[-80, 225]","[70, 225]","[220, 225]","[-230, 75]","[-80, 75]","[70, 75]","[220, 75]","[-230, -75]","[-80, -75]","[70, -75]","[220, -75]","[-230, -225]","[-80, -225]","[70, -225]","[220, -225]","[100, 100]","[100, 100]","[100, 100]","[100, 100]","[100, 100]","[100, 100]","[100, 100]","[100, 100]","[100, 100]","[100, 100]","[100, 100]","[100, 100]","[100, 100]","[100, 100]","[100, 100]","[100, 100]",ok.png,"[0, -375]","[150, 100]",59,dots,8,2,m,1,1,1,1,0,0,0,0,0,0,0,0.815969288349,0.8159692883491516,0,-232,-232,-109,-109,1,1,0,0,0,0,0,0,0,0.699228465557,0.6992284655570984,0,53,53,-390,-390,421
00.png,00.png,00.png,00.png,14.png,16.png,18.png,20.png,22.png,dots1.png,24.png,26.png,00.png,00.png,00.png,00.png,"[-245, 208]","[-95, 208]","[55, 208]","[205, 208]","[-245, 58]","[-95, 58]","[55, 58]","[205, 58]","[-245, -92]","[-95, -92]","[55, -92]","[205, -92]","[-245, -242]","[-95, -242]","[55, -242]","[205, -242]","[100, 100]","[100, 100]","[100, 100]","[100, 100]","[100, 100]","[100, 100]","[100, 100]","[100, 100]","[100, 100]","[100, 100]","[100, 100]","[100, 100]","[100, 100]","[100, 100]","[100, 100]","[100, 100]",ok.png,"[0, -375]","[150, 100]",60,dots,8,2,m,1,1,1,1,0,0,0,0,0,0,0,1.16561412811,1.165614128112793,0,-119,-119,-63,-63,1,1,0,0,0,0,0,0,0,0.449693292379,0.4496932923793793,0,15,15,-314,-314,114
00.png,00.png,00.png,00.png,13.png,10.png,00.png,00.png,16.png,19.png,dots1.png,21.png,24.png,27.png,00.png,00.png,"[-227, 226]","[-77, 226]","[73, 226]","[223, 226]","[-227, 76]","[-77, 76]","[73, 76]","[223, 76]","[-227, -74]","[-77, -74]","[73, -74]","[223, -74]","[-227, -224]","[-77, -224]","[73, -224]","[223, -224]","[100, 100]","[100, 100]","[100, 100]","[100, 100]","[100, 100]","[100, 100]","[100, 100]","[100, 100]","[100, 100]","[100, 100]","[100, 100]","[100, 100]","[100, 100]","[100, 100]","[100, 100]","[100, 100]",ok.png,"[0, -375]","[150, 100]",61,dots,8,2,m,1,1,1,1,0,0,0,0,0,0,0,0.749544978142,0.7495449781417847,0,86,86,-36,-36,1,1,0,0,0,0,0,0,0,0.71567928791,0.7156792879104614,0,-23,-23,-400,-400,446
10.png,15.png,20.png,25.png,00.png,00.png,00.png,00.png,21.png,16.png,11.png,dots1.png,00.png,00.png,00.png,00.png,"[-211, 209]","[-61, 209]","[89, 209]","[239, 209]","[-211, 59]","[-61, 59]","[89, 59]","[239, 59]","[-211, -91]","[-61, -91]","[89, -91]","[239, -91]","[-211, -241]","[-61, -241]","[89, -241]","[239, -241]","[100, 100]","[100, 100]","[100, 100]","[100, 100]","[100, 100]","[100, 100]","[100, 100]","[100, 100]","[100, 100]","[100, 100]","[100, 100]","[100, 100]","[100, 100]","[100, 100]","[100, 100]","[100, 100]",ok.png,"[0, -375]","[150, 100]",62,dots,8,2,m,1,1,1,1,0,0,0,0,0,0,0,1.93215405941,1.932154059410095,0,239,239,-86,-86,1,1,0,0,0,0,0,0,0,0.666172027588,0.6661720275878906,0,19,19,-350,-350,158
00.png,00.png,00.png,00.png,00.png,00.png,00.png,00.png,03.png,01.png,07.png,08.png,dots1.png,05.png,02.png,04.png,"[-239, 213]","[-89, 213]","[61, 213]","[211, 213]","[-239, 63]","[-89, 63]","[61, 63]","[211, 63]","[-239, -87]","[-89, -87]","[61, -87]","[211, -87]","[-239, -237]","[-89, -237]","[61, -237]","[211, -237]","[100, 100]","[100, 100]","[100, 100]","[100, 100]","[100, 100]","[100, 100]","[100, 100]","[100, 100]","[100, 100]","[100, 100]","[100, 100]","[100, 100]","[100, 100]","[100, 100]","[100, 100]","[100, 100]",ok.png,"[0, -375]","[150, 100]",63,dots,8,2,m,1,1,1,1,0,0,0,0,0,0,0,1.7991617918,1.799161791801453,0,-218,-218,-252,-252,1,1,0,0,0,0,0,0,0,0.415963590145,0.4159635901451111,0,-5,-5,-388,-388,438
29.png,00.png,00.png,16.png,00.png,00.png,33.png,08.png,13.png,00.png,00.png,00.png,23.png,dots1.png,12.png,00.png,"[-236, 203]","[-86, 203]","[64, 203]","[214, 203]","[-236, 53]","[-86, 53]","[64, 53]","[214, 53]","[-236, -97]","[-86, -97]","[64, -97]","[214, -97]","[-236, -247]","[-86, -247]","[64, -247]","[214, -247]","[100, 100]","[100, 100]","[100, 100]","[100, 100]","[100, 100]","[100, 100]","[100, 100]","[100, 100]","[100, 100]","[100, 100]","[100, 100]","[100, 100]","[100, 100]","[100, 100]","[100, 100]","[100, 100]",ok.png,"[0, -375]","[150, 100]",64,dots,8,2,m,1,1,1,1,0,0,0,0,0,0,0,1.11546933651,1.115469336509705,0,-90,-90,-260,-260,1,1,0,0,0,0,0,0,0,0.482592433691,0.4825924336910248,0,-21,-21,-377,-377,314
00.png,00.png,00.png,00.png,00.png,00.png,00.png,33.png,27.png,23.png,17.png,13.png,07.png,03.png,dots1.png,00.png,"[-226, 249]","[-76, 249]","[74, 249]","[224, 249]","[-226, 99]","[-76, 99]","[74, 99]","[224, 99]","[-226, -51]","[-76, -51]","[74, -51]","[224, -51]","[-226, -201]","[-76, -201]","[74, -201]","[224, -201]","[100, 100]","[100, 100]","[100, 100]","[100, 100]","[100, 100]","[100, 100]","[100, 100]","[100, 100]","[100, 100]","[100, 100]","[100, 100]","[100, 100]","[100, 100]","[100, 100]","[100, 100]","[100, 100]",ok.png,"[0, -375]","[150, 100]",65,dots,8,2,m,1,1,1,1,0,0,0,0,0,0,0,1.48221755028,1.48221755027771,0,131,131,-201,-201,1,1,0,0,0,0,0,0,0,0.549793541431,0.549793541431427,0,38,38,-383,-383,231
04.png,20.png,30.png,02.png,00.png,00.png,00.png,00.png,00.png,00.png,00.png,00.png,14.png,07.png,17.png,dots1.png,"[-204, 235]","[-54, 235]","[96, 235]","[246, 235]","[-204, 85]","[-54, 85]","[96, 85]","[246, 85]","[-204, -65]","[-54, -65]","[96, -65]","[246, -65]","[-204, -215]","[-54, -215]","[96, -215]","[246, -215]","[100, 100]","[100, 100]","[100, 100]","[100, 100]","[100, 100]","[100, 100]","[100, 100]","[100, 100]","[100, 100]","[100, 100]","[100, 100]","[100, 100]","[100, 100]","[100, 100]","[100, 100]","[100, 100]",ok.png,"[0, -375]","[150, 100]",66,dots,8,2,m,1,1,1,1,0,0,0,0,0,0,0,1.24893009663,1.248930096626282,0,254,254,-236,-236,1,1,0,0,0,0,0,0,0,0.599515855312,0.5995158553123474,0,36,36,-364,-364,429
00.png,19.png,29.png,00.png,00.png,02.png,32.png,00.png,00.png,22.png,16.png,00.png,00.png,04.png,dots1.png,00.png,"[-231, 240]","[-81, 240]","[69, 240]","[219, 240]","[-231, 90]","[-81, 90]","[69, 90]","[219, 90]","[-231, -60]","[-81, -60]","[69, -60]","[219, -60]","[-231, -210]","[-81, -210]","[69, -210]","[219, -210]","[100, 100]","[100, 100]","[100, 100]","[100, 100]","[100, 100]","[100, 100]","[100, 100]","[100, 100]","[100, 100]","[100, 100]","[100, 100]","[100, 100]","[100, 100]","[100, 100]","[100, 100]","[100, 100]",ok.png,"[0, -375]","[150, 100]",67,dots,8,2,m,1,1,1,1,0,0,0,0,0,0,0,1.11566138268,1.115661382675171,0,79,79,-227,-227,1,1,0,0,0,0,0,0,0,0.81606256961800006,0.8160625696182251,0,23,23,-390,-390,107
00.png,00.png,00.png,05.png,21.png,00.png,00.png,00.png,00.png,27.png,28.png,25.png,03.png,dots1.png,08.png,00.png,"[-219, 217]","[-69, 217]","[81, 217]","[231, 217]","[-219, 67]","[-69, 67]","[81, 67]","[231, 67]","[-219, -83]","[-69, -83]","[81, -83]","[231, -83]","[-219, -233]","[-69, -233]","[81, -233]","[231, -233]","[100, 100]","[100, 100]","[100, 100]","[100, 100]","[100, 100]","[100, 100]","[100, 100]","[100, 100]","[100, 100]","[100, 100]","[100, 100]","[100, 100]","[100, 100]","[100, 100]","[100, 100]","[100, 100]",ok.png,"[0, -375]","[150, 100]",68,dots,8,2,m,1,1,1,1,0,0,0,0,0,0,0,1.34887933731,1.348879337310791,0,-70,-70,-232,-232,1,1,0,0,0,0,0,0,0,0.682927787304,0.6829277873039246,0,-37,-37,-361,-361,390
06.png,00.png,15.png,17.png,00.png,00.png,16.png,00.png,00.png,09.png,00.png,23.png,dots1.png,00.png,07.png,00.png,"[-239, 240]","[-89, 240]","[61, 240]","[211, 240]","[-239, 90]","[-89, 90]","[61, 90]","[211, 90]","[-239, -60]","[-89, -60]","[61, -60]","[211, -60]","[-239, -210]","[-89, -210]","[61, -210]","[211, -210]","[100, 100]","[100, 100]","[100, 100]","[100, 100]","[100, 100]","[100, 100]","[100, 100]","[100, 100]","[100, 100]","[100, 100]","[100, 100]","[100, 100]","[100, 100]","[100, 100]","[100, 100]","[100, 100]",ok.png,"[0, -375]","[150, 100]",69,dots,8,2,m,1,1,1,1,0,0,0,0,0,0,0,1.93216991425,1.932169914245605,0,-228,-228,-206,-206,1,1,0,0,0,0,0,0,0,0.816210746765,0.8162107467651367,0,37,37,-349,-349,81
00.png,11.png,00.png,00.png,12.png,00.png,00.png,34.png,00.png,30.png,08.png,dots1.png,31.png,00.png,32.png,00.png,"[-210, 247]","[-60, 247]","[90, 247]","[240, 247]","[-210, 97]","[-60, 97]","[90, 97]","[240, 97]","[-210, -53]","[-60, -53]","[90, -53]","[240, -53]","[-210, -203]","[-60, -203]","[90, -203]","[240, -203]","[100, 100]","[100, 100]","[100, 100]","[100, 100]","[100, 100]","[100, 100]","[100, 100]","[100, 100]","[100, 100]","[100, 100]","[100, 100]","[100, 100]","[100, 100]","[100, 100]","[100, 100]","[100, 100]",ok.png,"[0, -375]","[150, 100]",70,dots,8,2,m,1,1,1,1,0,0,0,0,0,0,0,1.26576185226,1.265761852264404,0,250,250,-75,-75,1,1,0,0,0,0,0,0,0,0.866139888763,0.8661398887634277,0,53,53,-373,-373,415
00.png,00.png,00.png,00.png,00.png,00.png,24.png,27.png,07.png,09.png,dots1.png,10.png,13.png,16.png,00.png,00.png,"[-223, 232]","[-73, 232]","[77, 232]","[227, 232]","[-223, 82]","[-73, 82]","[77, 82]","[227, 82]","[-223, -68]","[-73, -68]","[77, -68]","[227, -68]","[-223, -218]","[-73, -218]","[77, -218]","[227, -218]","[100, 100]","[100, 100]","[100, 100]","[100, 100]","[100, 100]","[100, 100]","[100, 100]","[100, 100]","[100, 100]","[100, 100]","[100, 100]","[100, 100]","[100, 100]","[100, 100]","[100, 100]","[100, 100]",ok.png,"[0, -375]","[150, 100]",71,dots,8,2,m,1,1,1,1,0,0,0,0,0,0,0,1.61573004723,1.615730047225952,0,73,73,-63,-63,1,1,0,0,0,0,0,0,0,0.716293990612,0.71629399061203,0,-4,-4,-352,-352,172
00.png,00.png,25.png,00.png,33.png,00.png,05.png,00.png,01.png,dots1.png,00.png,10.png,00.png,20.png,00.png,30.png,"[-230, 235]","[-80, 235]","[70, 235]","[220, 235]","[-230, 85]","[-80, 85]","[70, 85]","[220, 85]","[-230, -65]","[-80, -65]","[70, -65]","[220, -65]","[-230, -215]","[-80, -215]","[70, -215]","[220, -215]","[100, 100]","[100, 100]","[100, 100]","[100, 100]","[100, 100]","[100, 100]","[100, 100]","[100, 100]","[100, 100]","[100, 100]","[100, 100]","[100, 100]","[100, 100]","[100, 100]","[100, 100]","[100, 100]",ok.png,"[0, -375]","[150, 100]",72,dots,8,2,m,1,1,1,1,0,0,0,0,0,0,0,1.09938287735,1.099382877349854,0,-62,-62,-43,-43,1,1,0,0,0,0,0,0,0,0.682418942451,0.682418942451477,0,18,18,-365,-365,57
00.png,00.png,00.png,18.png,00.png,14.png,00.png,09.png,dots1.png,02.png,04.png,00.png,26.png,24.png,00.png,00.png,"[-204, 234]","[-54, 234]","[96, 234]","[246, 234]","[-204, 84]","[-54, 84]","[96, 84]","[246, 84]","[-204, -66]","[-54, -66]","[96, -66]","[246, -66]","[-204, -216]","[-54, -216]","[96, -216]","[246, -216]","[100, 100]","[100, 100]","[100, 100]","[100, 100]","[100, 100]","[100, 100]","[100, 100]","[100, 100]","[100, 100]","[100, 100]","[100, 100]","[100, 100]","[100, 100]","[100, 100]","[100, 100]","[100, 100]",ok.png,"[0, -375]","[150, 100]",73,dots,8,2,m,1,1,1,1,0,0,0,0,0,0,0,1.799015522,1.799015522003174,0,-198,-198,-65,-65,1,1,0,0,0,0,0,0,0,0.466051697731,0.4660516977310181,0,26,26,-355,-355,199
00.png,14.png,00.png,00.png,11.png,07.png,00.png,dots1.png,18.png,00.png,00.png,30.png,09.png,00.png,00.png,19.png,"[-205, 214]","[-55, 214]","[95, 214]","[245, 214]","[-205, 64]","[-55, 64]","[95, 64]","[245, 64]","[-205, -86]","[-55, -86]","[95, -86]","[245, -86]","[-205, -236]","[-55, -236]","[95, -236]","[245, -236]","[100, 100]","[100, 100]","[100, 100]","[100, 100]","[100, 100]","[100, 100]","[100, 100]","[100, 100]","[100, 100]","[100, 100]","[100, 100]","[100, 100]","[100, 100]","[100, 100]","[100, 100]","[100, 100]",ok.png,"[0, -375]","[150, 100]",74,dots,8,2,m,1,1,1,1,0,0,0,0,0,0,0,0.83257317543,0.8325731754302979,0,204,204,102,102,1,1,0,0,0,0,0,0,0,0.616176068783,0.6161760687828064,0,-5,-5,-372,-372,230
31.png,00.png,13.png,00.png,23.png,00.png,dots1.png,00.png,33.png,00.png,14.png,00.png,19.png,00.png,29.png,00.png,"[-247, 223]","[-97, 223]","[53, 223]","[203, 223]","[-247, 73]","[-97, 73]","[53, 73]","[203, 73]","[-247, -77]","[-97, -77]","[53, -77]","[203, -77]","[-247, -227]","[-97, -227]","[53, -227]","[203, -227]","[100, 100]","[100, 100]","[100, 100]","[100, 100]","[100, 100]","[100, 100]","[100, 100]","[100, 100]","[100, 100]","[100, 100]","[100, 100]","[100, 100]","[100, 100]","[100, 100]","[100, 100]","[100, 100]",ok.png,"[0, -375]","[150, 100]",75,dots,8,2,m,1,1,1,1,0,0,0,0,0,0,0,0.949122011662,0.9491220116615297,0,37,37,76,76,1,1,0,0,0,0,0,0,0,0.649429917336,0.6494299173355103,0,50,50,-361,-361,379
00.png,00.png,00.png,00.png,00.png,00.png,00.png,00.png,07.png,06.png,05.png,04.png,03.png,02.png,01.png,dots2.png,"[-207, 209]","[-57, 209]","[93, 209]","[243, 209]","[-207, 59]","[-57, 59]","[93, 59]","[243, 59]","[-207, -91]","[-57, -91]","[93, -91]","[243, -91]","[-207, -241]","[-57, -241]","[93, -241]","[243, -241]","[100, 100]","[100, 100]","[100, 100]","[100, 100]","[100, 100]","[100, 100]","[100, 100]","[100, 100]","[100, 100]","[100, 100]","[100, 100]","[100, 100]","[100, 100]","[100, 100]","[100, 100]","[100, 100]",ok.png,"[0, -375]","[150, 100]",76,dots,8,2,m,1,1,1,1,0,0,0,0,0,0,0,1.54872775078,1.548727750778198,0,248,248,-221,-221,1,1,0,0,0,0,0,0,0,0.53285831213,0.5328583121299744,0,-30,-30,-402,-402,213
00.png,00.png,00.png,00.png,00.png,00.png,14.png,00.png,13.png,12.png,11.png,10.png,00.png,09.png,dots2.png,08.png,"[-237, 214]","[-87, 214]","[63, 214]","[213, 214]","[-237, 64]","[-87, 64]","[63, 64]","[213, 64]","[-237, -86]","[-87, -86]","[63, -86]","[213, -86]","[-237, -236]","[-87, -236]","[63, -236]","[213, -236]","[100, 100]","[100, 100]","[100, 100]","[100, 100]","[100, 100]","[100, 100]","[100, 100]","[100, 100]","[100, 100]","[100, 100]","[100, 100]","[100, 100]","[100, 100]","[100, 100]","[100, 100]","[100, 100]",ok.png,"[0, -375]","[150, 100]",77,dots,8,2,m,1,1,1,1,0,0,0,0,0,0,0,1.26570892334,1.265708923339844,0,40,40,-234,-234,1,1,0,0,0,0,0,0,0,1.1994587183,1.199458718299866,0,52,52,-394,-394,15
00.png,00.png,00.png,00.png,00.png,00.png,21.png,20.png,19.png,18.png,17.png,16.png,15.png,dots2.png,00.png,00.png,"[-231, 207]","[-81, 207]","[69, 207]","[219, 207]","[-231, 57]","[-81, 57]","[69, 57]","[219, 57]","[-231, -93]","[-81, -93]","[69, -93]","[219, -93]","[-231, -243]","[-81, -243]","[69, -243]","[219, -243]","[100, 100]","[100, 100]","[100, 100]","[100, 100]","[100, 100]","[100, 100]","[100, 100]","[100, 100]","[100, 100]","[100, 100]","[100, 100]","[100, 100]","[100, 100]","[100, 100]","[100, 100]","[100, 100]",ok.png,"[0, -375]","[150, 100]",78,dots,8,2,m,1,1,1,1,0,0,0,0,0,0,0,0.999010682106,0.999010682106018,0,-91,-91,-220,-220,1,1,0,0,0,0,0,0,0,0.382859945297,0.3828599452972412,0,-7,-7,-342,-342,278
00.png,00.png,00.png,00.png,00.png,00.png,31.png,27.png,26.png,28.png,00.png,00.png,dots2.png,24.png,23.png,22.png,"[-245, 222]","[-95, 222]","[55, 222]","[205, 222]","[-245, 72]","[-95, 72]","[55, 72]","[205, 72]","[-245, -78]","[-95, -78]","[55, -78]","[205, -78]","[-245, -228]","[-95, -228]","[55, -228]","[205, -228]","[100, 100]","[100, 100]","[100, 100]","[100, 100]","[100, 100]","[100, 100]","[100, 100]","[100, 100]","[100, 100]","[100, 100]","[100, 100]","[100, 100]","[100, 100]","[100, 100]","[100, 100]","[100, 100]",ok.png,"[0, -375]","[150, 100]",79,dots,8,2,m,1,1,1,1,0,0,0,0,0,0,0,1.4657869339,1.465786933898926,0,-238,-238,-223,-223,1,1,0,0,0,0,0,0,0,0.599140703678,0.5991407036781311,0,1,1,-372,-372,56
00.png,00.png,00.png,00.png,01.png,34.png,33.png,32.png,31.png,30.png,29.png,dots2.png,00.png,00.png,00.png,00.png,"[-210, 238]","[-60, 238]","[90, 238]","[240, 238]","[-210, 88]","[-60, 88]","[90, 88]","[240, 88]","[-210, -62]","[-60, -62]","[90, -62]","[240, -62]","[-210, -212]","[-60, -212]","[90, -212]","[240, -212]","[100, 100]","[100, 100]","[100, 100]","[100, 100]","[100, 100]","[100, 100]","[100, 100]","[100, 100]","[100, 100]","[100, 100]","[100, 100]","[100, 100]","[100, 100]","[100, 100]","[100, 100]","[100, 100]",ok.png,"[0, -375]","[150, 100]",80,dots,8,2,m,1,1,1,1,0,0,0,0,0,0,0,1.14890694618,1.148906946182251,0,233,233,-85,-85,1,1,0,0,0,0,0,0,0,1.28284108639,1.282841086387634,0,23,23,-396,-396,145
00.png,00.png,23.png,17.png,00.png,00.png,15.png,06.png,00.png,00.png,dots2.png,04.png,00.png,00.png,34.png,01.png,"[-212, 248]","[-62, 248]","[88, 248]","[238, 248]","[-212, 98]","[-62, 98]","[88, 98]","[238, 98]","[-212, -52]","[-62, -52]","[88, -52]","[238, -52]","[-212, -202]","[-62, -202]","[88, -202]","[238, -202]","[100, 100]","[100, 100]","[100, 100]","[100, 100]","[100, 100]","[100, 100]","[100, 100]","[100, 100]","[100, 100]","[100, 100]","[100, 100]","[100, 100]","[100, 100]","[100, 100]","[100, 100]","[100, 100]",ok.png,"[0, -375]","[150, 100]",81,dots,8,2,m,1,1,1,1,0,0,0,0,0,0,0,1.64922904968,1.649229049682617,0,93,93,-69,-69,1,1,0,0,0,0,0,0,0,0.516185879707,0.5161858797073364,0,22,22,-343,-343,89
14.png,09.png,22.png,06.png,00.png,00.png,00.png,00.png,25.png,dots2.png,03.png,07.png,00.png,00.png,00.png,00.png,"[-239, 245]","[-89, 245]","[61, 245]","[211, 245]","[-239, 95]","[-89, 95]","[61, 95]","[211, 95]","[-239, -55]","[-89, -55]","[61, -55]","[211, -55]","[-239, -205]","[-89, -205]","[61, -205]","[211, -205]","[100, 100]","[100, 100]","[100, 100]","[100, 100]","[100, 100]","[100, 100]","[100, 100]","[100, 100]","[100, 100]","[100, 100]","[100, 100]","[100, 100]","[100, 100]","[100, 100]","[100, 100]","[100, 100]",ok.png,"[0, -375]","[150, 100]",82,dots,8,2,m,1,1,1,1,0,0,0,0,0,0,0,2.49926161766,2.499261617660522,0,-114,-114,-64,-64,1,1,0,0,0,0,0,0,0,0.582649469376,0.5826494693756104,0,18,18,-379,-379,92
00.png,00.png,00.png,00.png,31.png,30.png,17.png,00.png,dots2.png,27.png,00.png,00.png,07.png,33.png,05.png,00.png,"[-216, 221]","[-66, 221]","[84, 221]","[234, 221]","[-216, 71]","[-66, 71]","[84, 71]","[234, 71]","[-216, -79]","[-66, -79]","[84, -79]","[234, -79]","[-216, -229]","[-66, -229]","[84, -229]","[234, -229]","[100, 100]","[100, 100]","[100, 100]","[100, 100]","[100, 100]","[100, 100]","[100, 100]","[100, 100]","[100, 100]","[100, 100]","[100, 100]","[100, 100]","[100, 100]","[100, 100]","[100, 100]","[100, 100]",ok.png,"[0, -375]","[150, 100]",83,dots,8,2,m,1,1,1,1,0,0,0,0,0,0,0,1.08240807056,1.08240807056427,0,-207,-207,-88,-88,1,1,0,0,0,0,0,0,0,0.61607170105,0.6160717010498047,0,18,18,-400,-400,28
33.png,31.png,25.png,21.png,27.png,23.png,29.png,dots2.png,00.png,00.png,00.png,00.png,00.png,00.png,00.png,00.png,"[-235, 204]","[-85, 204]","[65, 204]","[215, 204]","[-235, 54]","[-85, 54]","[65, 54]","[215, 54]","[-235, -96]","[-85, -96]","[65, -96]","[215, -96]","[-235, -246]","[-85, -246]","[65, -246]","[215, -246]","[100, 100]","[100, 100]","[100, 100]","[100, 100]","[100, 100]","[100, 100]","[100, 100]","[100, 100]","[100, 100]","[100, 100]","[100, 100]","[100, 100]","[100, 100]","[100, 100]","[100, 100]","[100, 100]",ok.png,"[0, -375]","[150, 100]",84,dots,8,2,m,1,1,1,1,0,0,0,0,0,0,0,2.88232445717,2.882324457168579,0,224,224,62,62,1,1,0,0,0,0,0,0,0,0.516327261925,0.5163272619247437,0,16,16,-371,-371,160
00.png,00.png,00.png,00.png,26.png,24.png,dots2.png,22.png,20.png,18.png,16.png,14.png,00.png,00.png,00.png,00.png,"[-226, 244]","[-76, 244]","[74, 244]","[224, 244]","[-226, 94]","[-76, 94]","[74, 94]","[224, 94]","[-226, -56]","[-76, -56]","[74, -56]","[224, -56]","[-226, -206]","[-76, -206]","[74, -206]","[224, -206]","[100, 100]","[100, 100]","[100, 100]","[100, 100]","[100, 100]","[100, 100]","[100, 100]","[100, 100]","[100, 100]","[100, 100]","[100, 100]","[100, 100]","[100, 100]","[100, 100]","[100, 100]","[100, 100]",ok.png,"[0, -375]","[150, 100]",85,dots,8,2,m,1,1,1,1,0,0,0,0,0,0,0,3.39892959595,3.398929595947266,0,89,89,50,50,1,1,0,0,0,0,0,0,0,1.08254981041,1.082549810409546,0,34,34,-320,-320,216
00.png,00.png,27.png,24.png,21.png,dots2.png,19.png,16.png,00.png,00.png,10.png,13.png,00.png,00.png,00.png,00.png,"[-227, 228]","[-77, 228]","[73, 228]","[223, 228]","[-227, 78]","[-77, 78]","[73, 78]","[223, 78]","[-227, -72]","[-77, -72]","[73, -72]","[223, -72]","[-227, -222]","[-77, -222]","[73, -222]","[223, -222]","[100, 100]","[100, 100]","[100, 100]","[100, 100]","[100, 100]","[100, 100]","[100, 100]","[100, 100]","[100, 100]","[100, 100]","[100, 100]","[100, 100]","[100, 100]","[100, 100]","[100, 100]","[100, 100]",ok.png,"[0, -375]","[150, 100]",86,dots,8,2,m,1,1,1,1,0,0,0,0,0,0,0,0.782233059406,0.7822330594062805,0,-55,-55,92,92,1,1,0,0,0,0,0,0,0,1.31608772278,1.31608772277832,0,-60,-60,-407,-407,32
00.png,00.png,00.png,00.png,dots2.png,11.png,16.png,21.png,00.png,00.png,00.png,00.png,25.png,20.png,15.png,10.png,"[-216, 216]","[-66, 216]","[84, 216]","[234, 216]","[-216, 66]","[-66, 66]","[84, 66]","[234, 66]","[-216, -84]","[-66, -84]","[84, -84]","[234, -84]","[-216, -234]","[-66, -234]","[84, -234]","[234, -234]","[100, 100]","[100, 100]","[100, 100]","[100, 100]","[100, 100]","[100, 100]","[100, 100]","[100, 100]","[100, 100]","[100, 100]","[100, 100]","[100, 100]","[100, 100]","[100, 100]","[100, 100]","[100, 100]",ok.png,"[0, -375]","[150, 100]",87,dots,8,2,m,1,1,1,1,0,0,0,0,0,0,0,1.04892730713,1.048927307128906,0,-228,-228,68,68,1,1,0,0,0,0,0,0,0,0.616389095783,0.6163890957832336,0,17,17,-381,-381,357
04.png,02.png,05.png,dots2.png,08.png,07.png,01.png,03.png,00.png,00.png,00.png,00.png,00.png,00.png,00.png,00.png,"[-220, 242]","[-70, 242]","[80, 242]","[230, 242]","[-220, 92]","[-70, 92]","[80, 92]","[230, 92]","[-220, -58]","[-70, -58]","[80, -58]","[230, -58]","[-220, -208]","[-70, -208]","[80, -208]","[230, -208]","[100, 100]","[100, 100]","[100, 100]","[100, 100]","[100, 100]","[100, 100]","[100, 100]","[100, 100]","[100, 100]","[100, 100]","[100, 100]","[100, 100]","[100, 100]","[100, 100]","[100, 100]","[100, 100]",ok.png,"[0, -375]","[150, 100]",88,dots,8,2,m,1,1,1,1,0,0,0,0,0,0,0,1.03239059448,1.032390594482422,0,254,254,236,236,1,1,0,0,0,0,0,0,0,0.616126596928,0.6161265969276428,0,29,29,-328,-328,372
00.png,12.png,dots2.png,23.png,00.png,00.png,00.png,13.png,08.png,33.png,00.png,00.png,16.png,00.png,00.png,29.png,"[-242, 241]","[-92, 241]","[58, 241]","[208, 241]","[-242, 91]","[-92, 91]","[58, 91]","[208, 91]","[-242, -59]","[-92, -59]","[58, -59]","[208, -59]","[-242, -209]","[-92, -209]","[58, -209]","[208, -209]","[100, 100]","[100, 100]","[100, 100]","[100, 100]","[100, 100]","[100, 100]","[100, 100]","[100, 100]","[100, 100]","[100, 100]","[100, 100]","[100, 100]","[100, 100]","[100, 100]","[100, 100]","[100, 100]",ok.png,"[0, -375]","[150, 100]",89,dots,8,2,m,1,1,1,1,0,0,0,0,0,0,0,0.982205152512,0.9822051525115968,0,51,51,240,240,1,1,0,0,0,0,0,0,0,1.11610734463,1.11610734462738,0,-26,-26,-409,-409,263
00.png,dots2.png,03.png,07.png,13.png,17.png,23.png,27.png,33.png,00.png,00.png,00.png,00.png,00.png,00.png,00.png,"[-239, 232]","[-89, 232]","[61, 232]","[211, 232]","[-239, 82]","[-89, 82]","[61, 82]","[211, 82]","[-239, -68]","[-89, -68]","[61, -68]","[211, -68]","[-239, -218]","[-89, -218]","[61, -218]","[211, -218]","[100, 100]","[100, 100]","[100, 100]","[100, 100]","[100, 100]","[100, 100]","[100, 100]","[100, 100]","[100, 100]","[100, 100]","[100, 100]","[100, 100]","[100, 100]","[100, 100]","[100, 100]","[100, 100]",ok.png,"[0, -375]","[150, 100]",90,dots,8,2,m,1,1,1,1,0,0,0,0,0,0,0,1.31570911407,1.315709114074707,0,-120,-120,235,235,1,1,0,0,0,0,0,0,0,0.732784330845,0.7327843308448792,0,70,70,-322,-322,223
dots2.png,17.png,07.png,14.png,00.png,00.png,00.png,00.png,00.png,00.png,00.png,00.png,02.png,30.png,20.png,04.png,"[-238, 203]","[-88, 203]","[62, 203]","[212, 203]","[-238, 53]","[-88, 53]","[62, 53]","[212, 53]","[-238, -97]","[-88, -97]","[62, -97]","[212, -97]","[-238, -247]","[-88, -247]","[62, -247]","[212, -247]","[100, 100]","[100, 100]","[100, 100]","[100, 100]","[100, 100]","[100, 100]","[100, 100]","[100, 100]","[100, 100]","[100, 100]","[100, 100]","[100, 100]","[100, 100]","[100, 100]","[100, 100]","[100, 100]",ok.png,"[0, -375]","[150, 100]",91,dots,8,2,m,1,1,1,1,0,0,0,0,0,0,0,1.21571016312,1.215710163116455,0,-273,-273,190,190,1,1,0,0,0,0,0,0,0,0.683093070984,0.6830930709838867,0,-71,-71,-383,-383,202
00.png,dots2.png,04.png,00.png,00.png,16.png,22.png,00.png,00.png,32.png,02.png,00.png,00.png,29.png,19.png,00.png,"[-244, 249]","[-94, 249]","[56, 249]","[206, 249]","[-244, 99]","[-94, 99]","[56, 99]","[206, 99]","[-244, -51]","[-94, -51]","[56, -51]","[206, -51]","[-244, -201]","[-94, -201]","[56, -201]","[206, -201]","[100, 100]","[100, 100]","[100, 100]","[100, 100]","[100, 100]","[100, 100]","[100, 100]","[100, 100]","[100, 100]","[100, 100]","[100, 100]","[100, 100]","[100, 100]","[100, 100]","[100, 100]","[100, 100]",ok.png,"[0, -375]","[150, 100]",92,dots,8,2,m,1,1,1,1,0,0,0,0,0,0,0,1.14908790588,1.149087905883789,0,-87,-87,234,234,1,1,0,0,0,0,0,0,0,0.632706820965,0.6327068209648132,0,-54,-54,-381,-381,185
00.png,08.png,dots2.png,03.png,25.png,28.png,27.png,00.png,00.png,00.png,00.png,21.png,05.png,00.png,00.png,00.png,"[-223, 218]","[-73, 218]","[77, 218]","[227, 218]","[-223, 68]","[-73, 68]","[77, 68]","[227, 68]","[-223, -82]","[-73, -82]","[77, -82]","[227, -82]","[-223, -232]","[-73, -232]","[77, -232]","[227, -232]","[100, 100]","[100, 100]","[100, 100]","[100, 100]","[100, 100]","[100, 100]","[100, 100]","[100, 100]","[100, 100]","[100, 100]","[100, 100]","[100, 100]","[100, 100]","[100, 100]","[100, 100]","[100, 100]",ok.png,"[0, -375]","[150, 100]",93,dots,8,2,m,1,1,1,1,0,0,0,0,0,0,0,1.44924044609,1.449240446090698,0,70,70,215,215,1,1,0,0,0,0,0,0,0,0.59923428297,0.5992342829704285,0,35,35,-385,-385,87
00.png,07.png,00.png,dots2.png,23.png,00.png,09.png,00.png,00.png,16.png,00.png,00.png,17.png,15.png,00.png,06.png,"[-224, 213]","[-74, 213]","[76, 213]","[226, 213]","[-224, 63]","[-74, 63]","[76, 63]","[226, 63]","[-224, -87]","[-74, -87]","[76, -87]","[226, -87]","[-224, -237]","[-74, -237]","[76, -237]","[226, -237]","[100, 100]","[100, 100]","[100, 100]","[100, 100]","[100, 100]","[100, 100]","[100, 100]","[100, 100]","[100, 100]","[100, 100]","[100, 100]","[100, 100]","[100, 100]","[100, 100]","[100, 100]","[100, 100]",ok.png,"[0, -375]","[150, 100]",94,dots,8,2,m,1,1,1,1,0,0,0,0,0,0,0,1.41577076912,1.415770769119263,0,230,230,227,227,1,1,0,0,0,0,0,0,0,0.832709431648,0.8327094316482544,0,14,14,-410,-410,30
00.png,32.png,00.png,31.png,dots2.png,08.png,30.png,00.png,34.png,00.png,00.png,12.png,00.png,00.png,11.png,00.png,"[-204, 235]","[-54, 235]","[96, 235]","[246, 235]","[-204, 85]","[-54, 85]","[96, 85]","[246, 85]","[-204, -65]","[-54, -65]","[96, -65]","[246, -65]","[-204, -215]","[-54, -215]","[96, -215]","[246, -215]","[100, 100]","[100, 100]","[100, 100]","[100, 100]","[100, 100]","[100, 100]","[100, 100]","[100, 100]","[100, 100]","[100, 100]","[100, 100]","[100, 100]","[100, 100]","[100, 100]","[100, 100]","[100, 100]",ok.png,"[0, -375]","[150, 100]",95,dots,8,2,m,1,1,1,1,0,0,0,0,0,0,0,1.34933280945,1.349332809448242,0,-204,-204,51,51,1,1,0,0,0,0,0,0,0,1.41602504253,1.416025042533875,0,9,9,-358,-358,74
00.png,00.png,16.png,13.png,10.png,dots2.png,09.png,07.png,27.png,24.png,00.png,00.png,00.png,00.png,00.png,00.png,"[-214, 226]","[-64, 226]","[86, 226]","[236, 226]","[-214, 76]","[-64, 76]","[86, 76]","[236, 76]","[-214, -74]","[-64, -74]","[86, -74]","[236, -74]","[-214, -224]","[-64, -224]","[86, -224]","[236, -224]","[100, 100]","[100, 100]","[100, 100]","[100, 100]","[100, 100]","[100, 100]","[100, 100]","[100, 100]","[100, 100]","[100, 100]","[100, 100]","[100, 100]","[100, 100]","[100, 100]","[100, 100]","[100, 100]",ok.png,"[0, -375]","[150, 100]",96,dots,8,2,m,1,1,1,1,0,0,0,0,0,0,0,1.01570701599,1.015707015991211,0,-37,-37,92,92,1,1,0,0,0,0,0,0,0,0.832540750504,0.83254075050354,0,5,5,-367,-367,23
30.png,00.png,20.png,00.png,10.png,00.png,dots2.png,01.png,00.png,05.png,00.png,33.png,00.png,25.png,00.png,00.png,"[-249, 219]","[-99, 219]","[51, 219]","[201, 219]","[-249, 69]","[-99, 69]","[51, 69]","[201, 69]","[-249, -81]","[-99, -81]","[51, -81]","[201, -81]","[-249, -231]","[-99, -231]","[51, -231]","[201, -231]","[100, 100]","[100, 100]","[100, 100]","[100, 100]","[100, 100]","[100, 100]","[100, 100]","[100, 100]","[100, 100]","[100, 100]","[100, 100]","[100, 100]","[100, 100]","[100, 100]","[100, 100]","[100, 100]",ok.png,"[0, -375]","[150, 100]",97,dots,8,2,m,1,1,1,1,0,0,0,0,0,0,0,0.865278601646,0.8652786016464233,0,46,46,44,44,1,1,0,0,0,0,0,0,0,0.882779300213,0.8827793002128601,0,12,12,-372,-372,24
00.png,00.png,24.png,26.png,00.png,04.png,02.png,dots2.png,09.png,00.png,14.png,00.png,18.png,00.png,00.png,00.png,"[-200, 247]","[-50, 247]","[100, 247]","[250, 247]","[-200, 97]","[-50, 97]","[100, 97]","[250, 97]","[-200, -53]","[-50, -53]","[100, -53]","[250, -53]","[-200, -203]","[-50, -203]","[100, -203]","[250, -203]","[100, 100]","[100, 100]","[100, 100]","[100, 100]","[100, 100]","[100, 100]","[100, 100]","[100, 100]","[100, 100]","[100, 100]","[100, 100]","[100, 100]","[100, 100]","[100, 100]","[100, 100]","[100, 100]",ok.png,"[0, -375]","[150, 100]",98,dots,8,2,m,1,1,1,1,0,0,0,0,0,0,0,3.16577172279,3.165771722793579,0,244,244,127,127,1,1,0,0,0,0,0,0,0,0.682686030865,0.6826860308647156,0,9,9,-395,-395,345
19.png,00.png,00.png,09.png,30.png,00.png,00.png,18.png,dots2.png,00.png,07.png,11.png,00.png,00.png,14.png,00.png,"[-239, 245]","[-89, 245]","[61, 245]","[211, 245]","[-239, 95]","[-89, 95]","[61, 95]","[211, 95]","[-239, -55]","[-89, -55]","[61, -55]","[211, -55]","[-239, -205]","[-89, -205]","[61, -205]","[211, -205]","[100, 100]","[100, 100]","[100, 100]","[100, 100]","[100, 100]","[100, 100]","[100, 100]","[100, 100]","[100, 100]","[100, 100]","[100, 100]","[100, 100]","[100, 100]","[100, 100]","[100, 100]","[100, 100]",ok.png,"[0, -375]","[150, 100]",99,dots,8,2,m,1,1,1,1,0,0,0,0,0,0,0,1.0656349659,1.065634965896606,0,-261,-261,-39,-39,1,1,0,0,0,0,0,0,0,0.532862842083,0.5328628420829773,0,-8,-8,-405,-405,201
00.png,29.png,00.png,19.png,00.png,14.png,00.png,33.png,00.png,dots2.png,00.png,23.png,00.png,13.png,00.png,31.png,"[-223, 208]","[-73, 208]","[77, 208]","[227, 208]","[-223, 58]","[-73, 58]","[77, 58]","[227, 58]","[-223, -92]","[-73, -92]","[77, -92]","[227, -92]","[-223, -242]","[-73, -242]","[77, -242]","[227, -242]","[100, 100]","[100, 100]","[100, 100]","[100, 100]","[100, 100]","[100, 100]","[100, 100]","[100, 100]","[100, 100]","[100, 100]","[100, 100]","[100, 100]","[100, 100]","[100, 100]","[100, 100]","[100, 100]",ok.png,"[0, -375]","[150, 100]",100,dots,8,2,m,1,1,1,1,0,0,0,0,0,0,0,1.06548428535,1.065484285354614,0,-85,-85,-146,-146,1,1,0,0,0,0,0,0,0,0.883087098598,0.8830870985984802,0,30,30,-383,-383,53
dots1.png,01.png,02.png,03.png,04.png,05.png,06.png,tray1.png,00.png,00.png,00.png,00.png,00.png,00.png,00.png,00.png,"[-229, 210]","[-79, 210]","[71, 210]","[221, 210]","[-229, 60]","[-79, 60]","[71, 60]","[221, 60]","[-229, -90]","[-79, -90]","[71, -90]","[221, -90]","[-229, -240]","[-79, -240]","[71, -240]","[221, -240]","[100, 100]","[100, 100]","[100, 100]","[100, 100]","[100, 100]","[100, 100]","[100, 100]","[100, 100]","[100, 100]","[100, 100]","[100, 100]","[100, 100]","[100, 100]","[100, 100]","[100, 100]","[100, 100]",ok.png,"[0, -375]","[150, 100]",101,both,8,3,m,1,1,1,1,0,0,0,0,0,0,0,1.4323567152,1.432356715202332,0,260,260,59,59,1,1,0,0,0,0,0,0,0,0.749561190605,0.7495611906051636,0,23,23,-415,-415,171
08.png,dots1.png,09.png,00.png,10.png,11.png,tray1.png,13.png,00.png,14.png,00.png,00.png,00.png,00.png,00.png,00.png,"[-226, 211]","[-76, 211]","[74, 211]","[224, 211]","[-226, 61]","[-76, 61]","[74, 61]","[224, 61]","[-226, -89]","[-76, -89]","[74, -89]","[224, -89]","[-226, -239]","[-76, -239]","[74, -239]","[224, -239]","[100, 100]","[100, 100]","[100, 100]","[100, 100]","[100, 100]","[100, 100]","[100, 100]","[100, 100]","[100, 100]","[100, 100]","[100, 100]","[100, 100]","[100, 100]","[100, 100]","[100, 100]","[100, 100]",ok.png,"[0, -375]","[150, 100]",102,both,8,3,m,1,1,1,1,0,0,0,0,0,0,0,1.18249583244,1.182495832443237,0,67,67,62,62,1,1,0,0,0,0,0,0,0,0.549276173115,0.5492761731147766,0,-69,-69,173,173,220
00.png,00.png,dots1.png,15.png,16.png,tray1.png,18.png,19.png,20.png,21.png,00.png,00.png,00.png,00.png,00.png,00.png,"[-202, 241]","[-52, 241]","[98, 241]","[248, 241]","[-202, 91]","[-52, 91]","[98, 91]","[248, 91]","[-202, -59]","[-52, -59]","[98, -59]","[248, -59]","[-202, -209]","[-52, -209]","[98, -209]","[248, -209]","[100, 100]","[100, 100]","[100, 100]","[100, 100]","[100, 100]","[100, 100]","[100, 100]","[100, 100]","[100, 100]","[100, 100]","[100, 100]","[100, 100]","[100, 100]","[100, 100]","[100, 100]","[100, 100]",ok.png,"[0, -375]","[150, 100]",103,both,8,3,m,1,1,1,1,0,0,0,0,0,0,0,0.882477521896,0.8824775218963623,0,-31,-31,88,88,1,1,0,0,0,0,0,0,0,1.1661440134,1.166144013404846,0,131,131,216,216,331
22.png,23.png,24.png,dots1.png,00.png,00.png,25.png,26.png,00.png,00.png,tray1.png,28.png,00.png,00.png,00.png,00.png,"[-203, 227]","[-53, 227]","[97, 227]","[247, 227]","[-203, 77]","[-53, 77]","[97, 77]","[247, 77]","[-203, -73]","[-53, -73]","[97, -73]","[247, -73]","[-203, -223]","[-53, -223]","[97, -223]","[247, -223]","[100, 100]","[100, 100]","[100, 100]","[100, 100]","[100, 100]","[100, 100]","[100, 100]","[100, 100]","[100, 100]","[100, 100]","[100, 100]","[100, 100]","[100, 100]","[100, 100]","[100, 100]","[100, 100]",ok.png,"[0, -375]","[150, 100]",104,both,8,3,m,1,1,1,1,0,0,0,0,0,0,0,1.69872128963,1.698721289634705,0,240,240,224,224,1,1,0,0,0,0,0,0,0,0.899435520172,0.8994355201721191,0,103,103,-76,-76,154
00.png,00.png,00.png,00.png,dots1.png,29.png,30.png,31.png,32.png,33.png,34.png,tray1.png,00.png,00.png,00.png,00.png,"[-210, 245]","[-60, 245]","[90, 245]","[240, 245]","[-210, 95]","[-60, 95]","[90, 95]","[240, 95]","[-210, -55]","[-60, -55]","[90, -55]","[240, -55]","[-210, -205]","[-60, -205]","[90, -205]","[240, -205]","[100, 100]","[100, 100]","[100, 100]","[100, 100]","[100, 100]","[100, 100]","[100, 100]","[100, 100]","[100, 100]","[100, 100]","[100, 100]","[100, 100]","[100, 100]","[100, 100]","[100, 100]","[100, 100]",ok.png,"[0, -375]","[150, 100]",105,both,8,3,m,1,1,1,1,0,0,0,0,0,0,0,1.1322183609,1.132218360900879,0,262,262,-62,-62,1,1,0,0,0,0,0,0,0,0.916148900986,0.9161489009857178,0,-14,-14,-365,-365,394
01.png,tray1.png,00.png,00.png,04.png,dots1.png,00.png,00.png,06.png,15.png,00.png,00.png,17.png,23.png,00.png,00.png,"[-227, 237]","[-77, 237]","[73, 237]","[223, 237]","[-227, 87]","[-77, 87]","[73, 87]","[223, 87]","[-227, -63]","[-77, -63]","[73, -63]","[223, -63]","[-227, -213]","[-77, -213]","[73, -213]","[223, -213]","[100, 100]","[100, 100]","[100, 100]","[100, 100]","[100, 100]","[100, 100]","[100, 100]","[100, 100]","[100, 100]","[100, 100]","[100, 100]","[100, 100]","[100, 100]","[100, 100]","[100, 100]","[100, 100]",ok.png,"[0, -375]","[150, 100]",106,both,8,3,m,1,1,1,1,0,0,0,0,0,0,0,1.1325442791,1.132544279098511,0,-65,-65,248,248,1,1,0,0,0,0,0,0,0,0.782812714577,0.7828127145767212,0,77,77,-383,-383,38
00.png,00.png,00.png,00.png,07.png,03.png,dots1.png,25.png,00.png,00.png,00.png,00.png,06.png,tray1.png,09.png,14.png,"[-227, 227]","[-77, 227]","[73, 227]","[223, 227]","[-227, 77]","[-77, 77]","[73, 77]","[223, 77]","[-227, -73]","[-77, -73]","[73, -73]","[223, -73]","[-227, -223]","[-77, -223]","[73, -223]","[223, -223]","[100, 100]","[100, 100]","[100, 100]","[100, 100]","[100, 100]","[100, 100]","[100, 100]","[100, 100]","[100, 100]","[100, 100]","[100, 100]","[100, 100]","[100, 100]","[100, 100]","[100, 100]","[100, 100]",ok.png,"[0, -375]","[150, 100]",107,both,8,3,m,1,1,1,1,0,0,0,0,0,0,0,0.848942935467,0.8489429354667664,0,80,80,112,112,1,1,0,0,0,0,0,0,0,0.882879734039,0.8828797340393066,0,-73,-73,-233,-233,138
00.png,05.png,33.png,07.png,00.png,00.png,27.png,dots1.png,00.png,tray1.png,30.png,31.png,00.png,00.png,00.png,00.png,"[-228, 231]","[-78, 231]","[72, 231]","[222, 231]","[-228, 81]","[-78, 81]","[72, 81]","[222, 81]","[-228, -69]","[-78, -69]","[72, -69]","[222, -69]","[-228, -219]","[-78, -219]","[72, -219]","[222, -219]","[100, 100]","[100, 100]","[100, 100]","[100, 100]","[100, 100]","[100, 100]","[100, 100]","[100, 100]","[100, 100]","[100, 100]","[100, 100]","[100, 100]","[100, 100]","[100, 100]","[100, 100]","[100, 100]",ok.png,"[0, -375]","[150, 100]",108,both,8,3,m,1,1,1,1,0,0,0,0,0,0,0,1.33218383789,1.332183837890625,0,228,228,94,94,1,1,0,0,0,0,0,0,0,0.732910096645,0.7329100966453552,0,-110,-110,-57,-57,293
00.png,00.png,00.png,00.png,00.png,00.png,00.png,00.png,dots1.png,29.png,23.png,tray1.png,21.png,25.png,31.png,33.png,"[-235, 206]","[-85, 206]","[65, 206]","[215, 206]","[-235, 56]","[-85, 56]","[65, 56]","[215, 56]","[-235, -94]","[-85, -94]","[65, -94]","[215, -94]","[-235, -244]","[-85, -244]","[65, -244]","[215, -244]","[100, 100]","[100, 100]","[100, 100]","[100, 100]","[100, 100]","[100, 100]","[100, 100]","[100, 100]","[100, 100]","[100, 100]","[100, 100]","[100, 100]","[100, 100]","[100, 100]","[100, 100]","[100, 100]",ok.png,"[0, -375]","[150, 100]",109,both,8,3,m,1,1,1,1,0,0,0,0,0,0,0,0.799062728882,0.7990627288818359,0,-188,-188,-63,-63,1,1,0,0,0,0,0,0,0,0.566369831562,0.5663698315620422,0,-18,-18,-406,-406,433
00.png,00.png,00.png,00.png,14.png,tray1.png,18.png,20.png,22.png,dots1.png,24.png,26.png,00.png,00.png,00.png,00.png,"[-208, 230]","[-58, 230]","[92, 230]","[242, 230]","[-208, 80]","[-58, 80]","[92, 80]","[242, 80]","[-208, -70]","[-58, -70]","[92, -70]","[242, -70]","[-208, -220]","[-58, -220]","[92, -220]","[242, -220]","[100, 100]","[100, 100]","[100, 100]","[100, 100]","[100, 100]","[100, 100]","[100, 100]","[100, 100]","[100, 100]","[100, 100]","[100, 100]","[100, 100]","[100, 100]","[100, 100]","[100, 100]","[100, 100]",ok.png,"[0, -375]","[150, 100]",110,both,8,3,m,1,1,1,1,0,0,0,0,0,0,0,0.899022817612,0.8990228176116943,0,-88,-88,120,120,1,1,0,0,0,0,0,0,0,0.866247951984,0.8662479519844055,0,-1,-1,-385,-385,366
00.png,00.png,00.png,00.png,13.png,10.png,00.png,00.png,16.png,19.png,dots1.png,21.png,tray1.png,27.png,00.png,00.png,"[-235, 212]","[-85, 212]","[65, 212]","[215, 212]","[-235, 62]","[-85, 62]","[65, 62]","[215, 62]","[-235, -88]","[-85, -88]","[65, -88]","[215, -88]","[-235, -238]","[-85, -238]","[65, -238]","[215, -238]","[100, 100]","[100, 100]","[100, 100]","[100, 100]","[100, 100]","[100, 100]","[100, 100]","[100, 100]","[100, 100]","[100, 100]","[100, 100]","[100, 100]","[100, 100]","[100, 100]","[100, 100]","[100, 100]",ok.png,"[0, -375]","[150, 100]",111,both,8,3,m,1,1,1,1,0,0,0,0,0,0,0,0.948858618736,0.9488586187362672,0,112,112,-106,-106,1,1,0,0,0,0,0,0,0,0.716268956661,0.7162689566612244,0,-244,-244,-239,-239,444
10.png,15.png,20.png,25.png,00.png,00.png,00.png,00.png,21.png,16.png,tray1.png,dots1.png,00.png,00.png,00.png,00.png,"[-210, 222]","[-60, 222]","[90, 222]","[240, 222]","[-210, 72]","[-60, 72]","[90, 72]","[240, 72]","[-210, -78]","[-60, -78]","[90, -78]","[240, -78]","[-210, -228]","[-60, -228]","[90, -228]","[240, -228]","[100, 100]","[100, 100]","[100, 100]","[100, 100]","[100, 100]","[100, 100]","[100, 100]","[100, 100]","[100, 100]","[100, 100]","[100, 100]","[100, 100]","[100, 100]","[100, 100]","[100, 100]","[100, 100]",ok.png,"[0, -375]","[150, 100]",112,both,8,3,m,1,1,1,1,0,0,0,0,0,0,0,1.58244383335,1.582443833351135,0,104,104,-67,-67,1,1,0,0,0,0,0,0,0,0.63280838728,0.6328083872795105,0,-2,-2,-379,-379,55
00.png,00.png,00.png,00.png,00.png,00.png,00.png,00.png,tray1.png,01.png,07.png,08.png,dots1.png,05.png,02.png,04.png,"[-200, 235]","[-50, 235]","[100, 235]","[250, 235]","[-200, 85]","[-50, 85]","[100, 85]","[250, 85]","[-200, -65]","[-50, -65]","[100, -65]","[250, -65]","[-200, -215]","[-50, -215]","[100, -215]","[250, -215]","[100, 100]","[100, 100]","[100, 100]","[100, 100]","[100, 100]","[100, 100]","[100, 100]","[100, 100]","[100, 100]","[100, 100]","[100, 100]","[100, 100]","[100, 100]","[100, 100]","[100, 100]","[100, 100]",ok.png,"[0, -375]","[150, 100]",113,both,8,3,m,1,1,1,1,0,0,0,0,0,0,0,1.13196372986,1.131963729858398,0,-199,-199,-100,-100,1,1,0,0,0,0,0,0,0,0.582798242569,0.5827982425689697,0,-5,-5,-404,-404,419
29.png,00.png,00.png,16.png,00.png,00.png,33.png,tray1.png,13.png,00.png,00.png,00.png,23.png,dots1.png,12.png,00.png,"[-214, 201]","[-64, 201]","[86, 201]","[236, 201]","[-214, 51]","[-64, 51]","[86, 51]","[236, 51]","[-214, -99]","[-64, -99]","[86, -99]","[236, -99]","[-214, -249]","[-64, -249]","[86, -249]","[236, -249]","[100, 100]","[100, 100]","[100, 100]","[100, 100]","[100, 100]","[100, 100]","[100, 100]","[100, 100]","[100, 100]","[100, 100]","[100, 100]","[100, 100]","[100, 100]","[100, 100]","[100, 100]","[100, 100]",ok.png,"[0, -375]","[150, 100]",114,both,8,3,m,1,1,1,1,0,0,0,0,0,0,0,3.29887747765,3.298877477645874,0,245,245,38,38,1,1,0,0,0,0,0,0,0,1.54940330982,1.549403309822083,0,-10,-10,-396,-396,258
00.png,00.png,00.png,00.png,00.png,00.png,00.png,33.png,27.png,23.png,17.png,tray1.png,07.png,03.png,dots1.png,00.png,"[-250, 203]","[-100, 203]","[50, 203]","[200, 203]","[-250, 53]","[-100, 53]","[50, 53]","[200, 53]","[-250, -97]","[-100, -97]","[50, -97]","[200, -97]","[-250, -247]","[-100, -247]","[50, -247]","[200, -247]","[100, 100]","[100, 100]","[100, 100]","[100, 100]","[100, 100]","[100, 100]","[100, 100]","[100, 100]","[100, 100]","[100, 100]","[100, 100]","[100, 100]","[100, 100]","[100, 100]","[100, 100]","[100, 100]",ok.png,"[0, -375]","[150, 100]",115,both,8,3,m,1,1,1,1,0,0,0,0,0,0,0,0.915839731693,0.9158397316932678,0,217,217,-80,-80,1,1,0,0,0,0,0,0,0,0.7329646945,0.7329646944999695,0,42,42,-258,-258,29
04.png,20.png,30.png,tray1.png,00.png,00.png,00.png,00.png,00.png,00.png,00.png,00.png,14.png,07.png,17.png,dots1.png,"[-200, 211]","[-50, 211]","[100, 211]","[250, 211]","[-200, 61]","[-50, 61]","[100, 61]","[250, 61]","[-200, -89]","[-50, -89]","[100, -89]","[250, -89]","[-200, -239]","[-50, -239]","[100, -239]","[250, -239]","[100, 100]","[100, 100]","[100, 100]","[100, 100]","[100, 100]","[100, 100]","[100, 100]","[100, 100]","[100, 100]","[100, 100]","[100, 100]","[100, 100]","[100, 100]","[100, 100]","[100, 100]","[100, 100]",ok.png,"[0, -375]","[150, 100]",116,both,8,3,m,1,1,1,1,0,0,0,0,0,0,0,1.31578743458,1.315787434577942,0,238,238,209,209,1,1,0,0,0,0,0,0,0,0.649609684944,0.6496096849441528,0,285,285,-240,-240,308
00.png,19.png,29.png,00.png,00.png,tray1.png,32.png,00.png,00.png,22.png,16.png,00.png,00.png,04.png,dots1.png,00.png,"[-207, 233]","[-57, 233]","[93, 233]","[243, 233]","[-207, 83]","[-57, 83]","[93, 83]","[243, 83]","[-207, -67]","[-57, -67]","[93, -67]","[243, -67]","[-207, -217]","[-57, -217]","[93, -217]","[243, -217]","[100, 100]","[100, 100]","[100, 100]","[100, 100]","[100, 100]","[100, 100]","[100, 100]","[100, 100]","[100, 100]","[100, 100]","[100, 100]","[100, 100]","[100, 100]","[100, 100]","[100, 100]","[100, 100]",ok.png,"[0, -375]","[150, 100]",117,both,8,3,m,1,1,1,1,0,0,0,0,0,0,0,1.31584739685,1.315847396850586,0,97,97,-222,-222,1,1,0,0,0,0,0,0,0,0.482689976692,0.4826899766921997,0,-99,-99,54,54,330
00.png,00.png,00.png,05.png,21.png,00.png,00.png,00.png,00.png,tray1.png,28.png,25.png,03.png,dots1.png,08.png,00.png,"[-233, 228]","[-83, 228]","[67, 228]","[217, 228]","[-233, 78]","[-83, 78]","[67, 78]","[217, 78]","[-233, -72]","[-83, -72]","[67, -72]","[217, -72]","[-233, -222]","[-83, -222]","[67, -222]","[217, -222]","[100, 100]","[100, 100]","[100, 100]","[100, 100]","[100, 100]","[100, 100]","[100, 100]","[100, 100]","[100, 100]","[100, 100]","[100, 100]","[100, 100]","[100, 100]","[100, 100]","[100, 100]","[100, 100]",ok.png,"[0, -375]","[150, 100]",118,both,8,3,m,1,1,1,1,0,0,0,0,0,0,0,0.831621110439,0.8316211104393005,0,-48,-48,-58,-58,1,1,0,0,0,0,0,0,0,0.616227865219,0.6162278652191162,0,40,40,-398,-398,371
06.png,00.png,15.png,17.png,00.png,00.png,16.png,00.png,00.png,tray1.png,00.png,23.png,dots1.png,00.png,07.png,00.png,"[-221, 244]","[-71, 244]","[79, 244]","[229, 244]","[-221, 94]","[-71, 94]","[79, 94]","[229, 94]","[-221, -56]","[-71, -56]","[79, -56]","[229, -56]","[-221, -206]","[-71, -206]","[79, -206]","[229, -206]","[100, 100]","[100, 100]","[100, 100]","[100, 100]","[100, 100]","[100, 100]","[100, 100]","[100, 100]","[100, 100]","[100, 100]","[100, 100]","[100, 100]","[100, 100]","[100, 100]","[100, 100]","[100, 100]",ok.png,"[0, -375]","[150, 100]",119,both,8,3,m,1,1,1,1,0,0,0,0,0,0,0,0.865784347057,0.8657843470573425,0,-46,-46,-56,-56,1,1,0,0,0,0,0,0,0,1.11587190628,1.115871906280518,0,-210,-210,-215,-215,389
00.png,11.png,00.png,00.png,12.png,00.png,00.png,tray1.png,00.png,30.png,08.png,dots1.png,31.png,00.png,32.png,00.png,"[-226, 226]","[-76, 226]","[74, 226]","[224, 226]","[-226, 76]","[-76, 76]","[74, 76]","[224, 76]","[-226, -74]","[-76, -74]","[74, -74]","[224, -74]","[-226, -224]","[-76, -224]","[74, -224]","[224, -224]","[100, 100]","[100, 100]","[100, 100]","[100, 100]","[100, 100]","[100, 100]","[100, 100]","[100, 100]","[100, 100]","[100, 100]","[100, 100]","[100, 100]","[100, 100]","[100, 100]","[100, 100]","[100, 100]",ok.png,"[0, -375]","[150, 100]",120,both,8,3,m,1,1,1,1,0,0,0,0,0,0,0,1.1821038723,1.182103872299194,0,237,237,-84,-84,1,1,0,0,0,0,0,0,0,0.483147650957,0.4831476509571075,0,205,205,117,117,333
00.png,00.png,00.png,00.png,00.png,00.png,24.png,27.png,07.png,09.png,dots1.png,10.png,13.png,16.png,00.png,00.png,"[-226, 211]","[-76, 211]","[74, 211]","[224, 211]","[-226, 61]","[-76, 61]","[74, 61]","[224, 61]","[-226, -89]","[-76, -89]","[74, -89]","[224, -89]","[-226, -239]","[-76, -239]","[74, -239]","[224, -239]","[100, 100]","[100, 100]","[100, 100]","[100, 100]","[100, 100]","[100, 100]","[100, 100]","[100, 100]","[100, 100]","[100, 100]","[100, 100]","[100, 100]","[100, 100]","[100, 100]","[100, 100]","[100, 100]",ok.png,"[0, -375]","[150, 100]",121,both,8,3,m,1,1,1,1,0,0,0,0,0,0,0,1.36581861973,1.365818619728088,0,72,72,-86,-86,1,1,0,0,0,0,0,0,0,0.999427437782,0.9994274377822876,0,-7,-7,-377,-377,14
00.png,00.png,25.png,00.png,tray1.png,00.png,05.png,00.png,01.png,dots1.png,00.png,10.png,00.png,20.png,00.png,30.png,"[-206, 206]","[-56, 206]","[94, 206]","[244, 206]","[-206, 56]","[-56, 56]","[94, 56]","[244, 56]","[-206, -94]","[-56, -94]","[94, -94]","[244, -94]","[-206, -244]","[-56, -244]","[94, -244]","[244, -244]","[100, 100]","[100, 100]","[100, 100]","[100, 100]","[100, 100]","[100, 100]","[100, 100]","[100, 100]","[100, 100]","[100, 100]","[100, 100]","[100, 100]","[100, 100]","[100, 100]","[100, 100]","[100, 100]",ok.png,"[0, -375]","[150, 100]",122,both,8,3,m,1,1,1,1,0,0,0,0,0,0,0,0.782317221165,0.7823172211647034,0,-176,-176,42,42,1,1,0,0,0,0,0,0,0,0.566081702709,0.566081702709198,0,-82,-82,-122,-122,380
00.png,00.png,00.png,18.png,00.png,14.png,00.png,09.png,dots1.png,02.png,04.png,00.png,26.png,tray1.png,00.png,00.png,"[-219, 221]","[-69, 221]","[81, 221]","[231, 221]","[-219, 71]","[-69, 71]","[81, 71]","[231, 71]","[-219, -79]","[-69, -79]","[81, -79]","[231, -79]","[-219, -229]","[-69, -229]","[81, -229]","[231, -229]","[100, 100]","[100, 100]","[100, 100]","[100, 100]","[100, 100]","[100, 100]","[100, 100]","[100, 100]","[100, 100]","[100, 100]","[100, 100]","[100, 100]","[100, 100]","[100, 100]","[100, 100]","[100, 100]",ok.png,"[0, -375]","[150, 100]",123,both,8,3,m,1,1,1,1,0,0,0,0,0,0,0,1.08223855495,1.082238554954529,0,-95,-95,-227,-227,1,1,0,0,0,0,0,0,0,0.382815867662,0.3828158676624298,0,109,109,-368,-368,275
00.png,tray1.png,00.png,00.png,11.png,07.png,00.png,dots1.png,18.png,00.png,00.png,30.png,09.png,00.png,00.png,19.png,"[-237, 225]","[-87, 225]","[63, 225]","[213, 225]","[-237, 75]","[-87, 75]","[63, 75]","[213, 75]","[-237, -75]","[-87, -75]","[63, -75]","[213, -75]","[-237, -225]","[-87, -225]","[63, -225]","[213, -225]","[100, 100]","[100, 100]","[100, 100]","[100, 100]","[100, 100]","[100, 100]","[100, 100]","[100, 100]","[100, 100]","[100, 100]","[100, 100]","[100, 100]","[100, 100]","[100, 100]","[100, 100]","[100, 100]",ok.png,"[0, -375]","[150, 100]",124,both,8,3,m,1,1,1,1,0,0,0,0,0,0,0,1.34952783585,1.349527835845947,0,213,213,46,46,1,1,0,0,0,0,0,0,0,0.815583884716,0.8155838847160339,0,-96,-96,210,210,139
tray1.png,00.png,13.png,00.png,23.png,00.png,dots1.png,00.png,33.png,00.png,14.png,00.png,19.png,00.png,29.png,00.png,"[-225, 241]","[-75, 241]","[75, 241]","[225, 241]","[-225, 91]","[-75, 91]","[75, 91]","[225, 91]","[-225, -59]","[-75, -59]","[75, -59]","[225, -59]","[-225, -209]","[-75, -209]","[75, -209]","[225, -209]","[100, 100]","[100, 100]","[100, 100]","[100, 100]","[100, 100]","[100, 100]","[100, 100]","[100, 100]","[100, 100]","[100, 100]","[100, 100]","[100, 100]","[100, 100]","[100, 100]","[100, 100]","[100, 100]",ok.png,"[0, -375]","[150, 100]",125,both,8,3,m,1,1,1,1,0,0,0,0,0,0,0,1.24885416031,1.248854160308838,0,114,114,93,93,1,1,0,0,0,0,0,0,0,0.599365115166,0.5993651151657104,0,-227,-227,227,227,298
00.png,00.png,00.png,00.png,00.png,00.png,00.png,00.png,07.png,06.png,tray2.png,04.png,03.png,02.png,01.png,dots2.png,"[-200, 202]","[-50, 202]","[100, 202]","[250, 202]","[-200, 52]","[-50, 52]","[100, 52]","[250, 52]","[-200, -98]","[-50, -98]","[100, -98]","[250, -98]","[-200, -248]","[-50, -248]","[100, -248]","[250, -248]","[100, 100]","[100, 100]","[100, 100]","[100, 100]","[100, 100]","[100, 100]","[100, 100]","[100, 100]","[100, 100]","[100, 100]","[100, 100]","[100, 100]","[100, 100]","[100, 100]","[100, 100]","[100, 100]",ok.png,"[0, -375]","[150, 100]",126,both,8,3,m,1,1,1,1,0,0,0,0,0,0,0,0.882381677628,0.8823816776275635,0,80,80,-92,-92,1,1,0,0,0,0,0,0,0,0.566284775734,0.5662847757339478,0,273,273,-242,-242,224
00.png,00.png,00.png,00.png,00.png,00.png,14.png,00.png,13.png,tray2.png,11.png,10.png,00.png,09.png,dots2.png,08.png,"[-245, 240]","[-95, 240]","[55, 240]","[205, 240]","[-245, 90]","[-95, 90]","[55, 90]","[205, 90]","[-245, -60]","[-95, -60]","[55, -60]","[205, -60]","[-245, -210]","[-95, -210]","[55, -210]","[205, -210]","[100, 100]","[100, 100]","[100, 100]","[100, 100]","[100, 100]","[100, 100]","[100, 100]","[100, 100]","[100, 100]","[100, 100]","[100, 100]","[100, 100]","[100, 100]","[100, 100]","[100, 100]","[100, 100]",ok.png,"[0, -375]","[150, 100]",127,both,8,3,m,1,1,1,1,0,0,0,0,0,0,0,1.44900894165,1.449008941650391,0,-146,-146,-52,-52,1,1,0,0,0,0,0,0,0,0.499414473772,0.499414473772049,0,34,34,-184,-184,346
00.png,00.png,00.png,00.png,00.png,00.png,21.png,tray2.png,19.png,18.png,17.png,16.png,15.png,dots2.png,00.png,00.png,"[-202, 225]","[-52, 225]","[98, 225]","[248, 225]","[-202, 75]","[-52, 75]","[98, 75]","[248, 75]","[-202, -75]","[-52, -75]","[98, -75]","[248, -75]","[-202, -225]","[-52, -225]","[98, -225]","[248, -225]","[100, 100]","[100, 100]","[100, 100]","[100, 100]","[100, 100]","[100, 100]","[100, 100]","[100, 100]","[100, 100]","[100, 100]","[100, 100]","[100, 100]","[100, 100]","[100, 100]","[100, 100]","[100, 100]",ok.png,"[0, -375]","[150, 100]",128,both,8,3,m,1,1,1,1,0,0,0,0,0,0,0,1.31591904163,1.315919041633606,0,-41,-41,-183,-183,1,1,0,0,0,0,0,0,0,0.465958684683,0.4659586846828461,0,257,257,61,61,282
00.png,00.png,00.png,00.png,00.png,00.png,31.png,27.png,26.png,28.png,00.png,00.png,dots2.png,24.png,23.png,tray2.png,"[-211, 220]","[-61, 220]","[89, 220]","[239, 220]","[-211, 70]","[-61, 70]","[89, 70]","[239, 70]","[-211, -80]","[-61, -80]","[89, -80]","[239, -80]","[-211, -230]","[-61, -230]","[89, -230]","[239, -230]","[100, 100]","[100, 100]","[100, 100]","[100, 100]","[100, 100]","[100, 100]","[100, 100]","[100, 100]","[100, 100]","[100, 100]","[100, 100]","[100, 100]","[100, 100]","[100, 100]","[100, 100]","[100, 100]",ok.png,"[0, -375]","[150, 100]",129,both,8,3,m,1,1,1,1,0,0,0,0,0,0,0,1.63255500793,1.63255500793457,0,-165,-165,-253,-253,1,1,0,0,0,0,0,0,0,0.68260550499,0.682605504989624,0,258,258,-222,-222,99
00.png,00.png,00.png,00.png,01.png,34.png,33.png,32.png,tray2.png,30.png,29.png,dots2.png,00.png,00.png,00.png,00.png,"[-216, 210]","[-66, 210]","[84, 210]","[234, 210]","[-216, 60]","[-66, 60]","[84, 60]","[234, 60]","[-216, -90]","[-66, -90]","[84, -90]","[234, -90]","[-216, -240]","[-66, -240]","[84, -240]","[234, -240]","[100, 100]","[100, 100]","[100, 100]","[100, 100]","[100, 100]","[100, 100]","[100, 100]","[100, 100]","[100, 100]","[100, 100]","[100, 100]","[100, 100]","[100, 100]","[100, 100]","[100, 100]","[100, 100]",ok.png,"[0, -375]","[150, 100]",130,both,8,3,m,1,1,1,1,0,0,0,0,0,0,0,0.865718066692,0.8657180666923523,0,219,219,-78,-78,1,1,0,0,0,0,0,0,0,0.816199958324,0.8161999583244324,0,-252,-252,-71,-71,334
00.png,00.png,23.png,17.png,00.png,00.png,15.png,06.png,00.png,00.png,dots2.png,04.png,00.png,00.png,tray2.png,01.png,"[-250, 204]","[-100, 204]","[50, 204]","[200, 204]","[-250, 54]","[-100, 54]","[50, 54]","[200, 54]","[-250, -96]","[-100, -96]","[50, -96]","[200, -96]","[-250, -246]","[-100, -246]","[50, -246]","[200, -246]","[100, 100]","[100, 100]","[100, 100]","[100, 100]","[100, 100]","[100, 100]","[100, 100]","[100, 100]","[100, 100]","[100, 100]","[100, 100]","[100, 100]","[100, 100]","[100, 100]","[100, 100]","[100, 100]",ok.png,"[0, -375]","[150, 100]",131,both,8,3,m,1,1,1,1,0,0,0,0,0,0,0,1.26563644409,1.265636444091797,0,84,84,-249,-249,1,1,0,0,0,0,0,0,0,0.766292214394,0.7662922143936157,0,53,53,-373,-373,386
14.png,09.png,22.png,tray2.png,00.png,00.png,00.png,00.png,25.png,dots2.png,03.png,07.png,00.png,00.png,00.png,00.png,"[-231, 246]","[-81, 246]","[69, 246]","[219, 246]","[-231, 96]","[-81, 96]","[69, 96]","[219, 96]","[-231, -54]","[-81, -54]","[69, -54]","[219, -54]","[-231, -204]","[-81, -204]","[69, -204]","[219, -204]","[100, 100]","[100, 100]","[100, 100]","[100, 100]","[100, 100]","[100, 100]","[100, 100]","[100, 100]","[100, 100]","[100, 100]","[100, 100]","[100, 100]","[100, 100]","[100, 100]","[100, 100]","[100, 100]",ok.png,"[0, -375]","[150, 100]",132,both,8,3,m,1,1,1,1,0,0,0,0,0,0,0,1.18232834339,1.182328343391418,0,-90,-90,-66,-66,1,1,0,0,0,0,0,0,0,0.549741506577,0.5497415065765381,0,235,235,264,264,63
00.png,00.png,00.png,00.png,31.png,30.png,17.png,00.png,dots2.png,tray2.png,00.png,00.png,07.png,33.png,05.png,00.png,"[-241, 208]","[-91, 208]","[59, 208]","[209, 208]","[-241, 58]","[-91, 58]","[59, 58]","[209, 58]","[-241, -92]","[-91, -92]","[59, -92]","[209, -92]","[-241, -242]","[-91, -242]","[59, -242]","[209, -242]","[100, 100]","[100, 100]","[100, 100]","[100, 100]","[100, 100]","[100, 100]","[100, 100]","[100, 100]","[100, 100]","[100, 100]","[100, 100]","[100, 100]","[100, 100]","[100, 100]","[100, 100]","[100, 100]",ok.png,"[0, -375]","[150, 100]",133,both,8,3,m,1,1,1,1,0,0,0,0,0,0,0,1.6489751339,1.648975133895874,0,-249,-249,-99,-99,1,1,0,0,0,0,0,0,0,0.249531731009,0.2495317310094833,0,-28,-28,-13,-13,73
33.png,31.png,tray2.png,21.png,27.png,23.png,29.png,dots2.png,00.png,00.png,00.png,00.png,00.png,00.png,00.png,00.png,"[-211, 200]","[-61, 200]","[89, 200]","[239, 200]","[-211, 50]","[-61, 50]","[89, 50]","[239, 50]","[-211, -100]","[-61, -100]","[89, -100]","[239, -100]","[-211, -250]","[-61, -250]","[89, -250]","[239, -250]","[100, 100]","[100, 100]","[100, 100]","[100, 100]","[100, 100]","[100, 100]","[100, 100]","[100, 100]","[100, 100]","[100, 100]","[100, 100]","[100, 100]","[100, 100]","[100, 100]","[100, 100]","[100, 100]",ok.png,"[0, -375]","[150, 100]",134,both,8,3,m,1,1,1,1,0,0,0,0,0,0,0,1.3156949281700001,1.31569492816925,0,144,144,193,193,1,1,0,0,0,0,0,0,0,0.732809364796,0.7328093647956848,0,3,3,-375,-375,404
00.png,00.png,00.png,00.png,26.png,24.png,dots2.png,22.png,20.png,18.png,16.png,tray2.png,00.png,00.png,00.png,00.png,"[-218, 226]","[-68, 226]","[82, 226]","[232, 226]","[-218, 76]","[-68, 76]","[82, 76]","[232, 76]","[-218, -74]","[-68, -74]","[82, -74]","[232, -74]","[-218, -224]","[-68, -224]","[82, -224]","[232, -224]","[100, 100]","[100, 100]","[100, 100]","[100, 100]","[100, 100]","[100, 100]","[100, 100]","[100, 100]","[100, 100]","[100, 100]","[100, 100]","[100, 100]","[100, 100]","[100, 100]","[100, 100]","[100, 100]",ok.png,"[0, -375]","[150, 100]",135,both,8,3,m,1,1,1,1,0,0,0,0,0,0,0,1.93210482597,1.932104825973511,0,193,193,-92,-92,1,1,0,0,0,0,0,0,0,0.916316449642,0.9163164496421814,0,70,70,78,78,64
00.png,00.png,27.png,24.png,21.png,dots2.png,19.png,16.png,00.png,00.png,tray2.png,13.png,00.png,00.png,00.png,00.png,"[-248, 213]","[-98, 213]","[52, 213]","[202, 213]","[-248, 63]","[-98, 63]","[52, 63]","[202, 63]","[-248, -87]","[-98, -87]","[52, -87]","[202, -87]","[-248, -237]","[-98, -237]","[52, -237]","[202, -237]","[100, 100]","[100, 100]","[100, 100]","[100, 100]","[100, 100]","[100, 100]","[100, 100]","[100, 100]","[100, 100]","[100, 100]","[100, 100]","[100, 100]","[100, 100]","[100, 100]","[100, 100]","[100, 100]",ok.png,"[0, -375]","[150, 100]",136,both,8,3,m,1,1,1,1,0,0,0,0,0,0,0,0.949038088322,0.9490380883216858,0,-138,-138,61,61,1,1,0,0,0,0,0,0,0,0.649412274361,0.6494122743606567,0,8,8,-50,-50,414
00.png,00.png,00.png,00.png,dots2.png,11.png,16.png,21.png,00.png,00.png,00.png,00.png,tray2.png,20.png,15.png,10.png,"[-226, 250]","[-76, 250]","[74, 250]","[224, 250]","[-226, 100]","[-76, 100]","[74, 100]","[224, 100]","[-226, -50]","[-76, -50]","[74, -50]","[224, -50]","[-226, -200]","[-76, -200]","[74, -200]","[224, -200]","[100, 100]","[100, 100]","[100, 100]","[100, 100]","[100, 100]","[100, 100]","[100, 100]","[100, 100]","[100, 100]","[100, 100]","[100, 100]","[100, 100]","[100, 100]","[100, 100]","[100, 100]","[100, 100]",ok.png,"[0, -375]","[150, 100]",137,both,8,3,m,1,1,1,1,0,0,0,0,0,0,0,1.39922654629,1.399226546287537,0,-260,-260,104,104,1,1,0,0,0,0,0,0,0,1.14915835857,1.149158358573914,0,-235,-235,-205,-205,297
tray2.png,02.png,05.png,dots2.png,08.png,07.png,01.png,03.png,00.png,00.png,00.png,00.png,00.png,00.png,00.png,00.png,"[-203, 247]","[-53, 247]","[97, 247]","[247, 247]","[-203, 97]","[-53, 97]","[97, 97]","[247, 97]","[-203, -53]","[-53, -53]","[97, -53]","[247, -53]","[-203, -203]","[-53, -203]","[97, -203]","[247, -203]","[100, 100]","[100, 100]","[100, 100]","[100, 100]","[100, 100]","[100, 100]","[100, 100]","[100, 100]","[100, 100]","[100, 100]","[100, 100]","[100, 100]","[100, 100]","[100, 100]","[100, 100]","[100, 100]",ok.png,"[0, -375]","[150, 100]",138,both,8,3,m,1,1,1,1,0,0,0,0,0,0,0,0.99905282259,0.9990528225898744,0,200,200,259,259,1,1,0,0,0,0,0,0,0,0.949460208416,0.9494602084159852,0,-207,-207,257,257,281
00.png,12.png,dots2.png,23.png,00.png,00.png,00.png,tray2.png,08.png,33.png,00.png,00.png,16.png,00.png,00.png,29.png,"[-232, 204]","[-82, 204]","[68, 204]","[218, 204]","[-232, 54]","[-82, 54]","[68, 54]","[218, 54]","[-232, -96]","[-82, -96]","[68, -96]","[218, -96]","[-232, -246]","[-82, -246]","[68, -246]","[218, -246]","[100, 100]","[100, 100]","[100, 100]","[100, 100]","[100, 100]","[100, 100]","[100, 100]","[100, 100]","[100, 100]","[100, 100]","[100, 100]","[100, 100]","[100, 100]","[100, 100]","[100, 100]","[100, 100]",ok.png,"[0, -375]","[150, 100]",139,both,8,3,m,1,1,1,1,0,0,0,0,0,0,0,1.03225207329,1.032252073287964,0,43,43,190,190,1,1,0,0,0,0,0,0,0,1.23275578022,1.232755780220032,0,174,174,17,17,412
00.png,dots2.png,03.png,07.png,13.png,17.png,tray2.png,27.png,33.png,00.png,00.png,00.png,00.png,00.png,00.png,00.png,"[-244, 240]","[-94, 240]","[56, 240]","[206, 240]","[-244, 90]","[-94, 90]","[56, 90]","[206, 90]","[-244, -60]","[-94, -60]","[56, -60]","[206, -60]","[-244, -210]","[-94, -210]","[56, -210]","[206, -210]","[100, 100]","[100, 100]","[100, 100]","[100, 100]","[100, 100]","[100, 100]","[100, 100]","[100, 100]","[100, 100]","[100, 100]","[100, 100]","[100, 100]","[100, 100]","[100, 100]","[100, 100]","[100, 100]",ok.png,"[0, -375]","[150, 100]",140,both,8,3,m,1,1,1,1,0,0,0,0,0,0,0,0.765781342983,0.7657813429832458,0,80,80,87,87,1,1,0,0,0,0,0,0,0,0.716057896614,0.7160578966140747,0,-18,-18,-410,-410,113
dots2.png,17.png,07.png,14.png,00.png,00.png,00.png,00.png,00.png,00.png,00.png,00.png,02.png,tray2.png,20.png,04.png,"[-231, 211]","[-81, 211]","[69, 211]","[219, 211]","[-231, 61]","[-81, 61]","[69, 61]","[219, 61]","[-231, -89]","[-81, -89]","[69, -89]","[219, -89]","[-231, -239]","[-81, -239]","[69, -239]","[219, -239]","[100, 100]","[100, 100]","[100, 100]","[100, 100]","[100, 100]","[100, 100]","[100, 100]","[100, 100]","[100, 100]","[100, 100]","[100, 100]","[100, 100]","[100, 100]","[100, 100]","[100, 100]","[100, 100]",ok.png,"[0, -375]","[150, 100]",141,both,8,3,m,1,1,1,1,0,0,0,0,0,0,0,1.2656327486,1.265632748603821,0,-186,-186,186,186,1,1,0,0,0,0,0,0,0,0.682657539845,0.6826575398445129,0,-56,-56,-205,-205,80
00.png,dots2.png,04.png,00.png,00.png,16.png,22.png,00.png,00.png,32.png,tray2.png,00.png,00.png,29.png,19.png,00.png,"[-218, 211]","[-68, 211]","[82, 211]","[232, 211]","[-218, 61]","[-68, 61]","[82, 61]","[232, 61]","[-218, -89]","[-68, -89]","[82, -89]","[232, -89]","[-218, -239]","[-68, -239]","[82, -239]","[232, -239]","[100, 100]","[100, 100]","[100, 100]","[100, 100]","[100, 100]","[100, 100]","[100, 100]","[100, 100]","[100, 100]","[100, 100]","[100, 100]","[100, 100]","[100, 100]","[100, 100]","[100, 100]","[100, 100]",ok.png,"[0, -375]","[150, 100]",142,both,8,3,m,1,1,1,1,0,0,0,0,0,0,0,2.36550712585,2.365507125854492,0,-58,-58,195,195,1,1,0,0,0,0,0,0,0,0.632823169231,0.6328231692314148,0,50,50,-119,-119,76
00.png,08.png,dots2.png,03.png,25.png,tray2.png,27.png,00.png,00.png,00.png,00.png,21.png,05.png,00.png,00.png,00.png,"[-205, 200]","[-55, 200]","[95, 200]","[245, 200]","[-205, 50]","[-55, 50]","[95, 50]","[245, 50]","[-205, -100]","[-55, -100]","[95, -100]","[245, -100]","[-205, -250]","[-55, -250]","[95, -250]","[245, -250]","[100, 100]","[100, 100]","[100, 100]","[100, 100]","[100, 100]","[100, 100]","[100, 100]","[100, 100]","[100, 100]","[100, 100]","[100, 100]","[100, 100]","[100, 100]","[100, 100]","[100, 100]","[100, 100]",ok.png,"[0, -375]","[150, 100]",143,both,8,3,m,1,1,1,1,0,0,0,0,0,0,0,1.06617510319,1.066175103187561,0,116,116,203,203,1,1,0,0,0,0,0,0,0,0.832445144653,0.8324451446533203,0,-59,-59,67,67,260
00.png,07.png,00.png,dots2.png,23.png,00.png,09.png,00.png,00.png,16.png,00.png,00.png,tray2.png,15.png,00.png,06.png,"[-215, 235]","[-65, 235]","[85, 235]","[235, 235]","[-215, 85]","[-65, 85]","[85, 85]","[235, 85]","[-215, -65]","[-65, -65]","[85, -65]","[235, -65]","[-215, -215]","[-65, -215]","[85, -215]","[235, -215]","[100, 100]","[100, 100]","[100, 100]","[100, 100]","[100, 100]","[100, 100]","[100, 100]","[100, 100]","[100, 100]","[100, 100]","[100, 100]","[100, 100]","[100, 100]","[100, 100]","[100, 100]","[100, 100]",ok.png,"[0, -375]","[150, 100]",144,both,8,3,m,1,1,1,1,0,0,0,0,0,0,0,1.09891581535,1.098915815353394,0,212,212,245,245,1,1,0,0,0,0,0,0,0,0.682799518108,0.6827995181083679,0,-9,-9,-368,-368,279
00.png,tray2.png,00.png,31.png,dots2.png,08.png,30.png,00.png,34.png,00.png,00.png,12.png,00.png,00.png,11.png,00.png,"[-217, 217]","[-67, 217]","[83, 217]","[233, 217]","[-217, 67]","[-67, 67]","[83, 67]","[233, 67]","[-217, -83]","[-67, -83]","[83, -83]","[233, -83]","[-217, -233]","[-67, -233]","[83, -233]","[233, -233]","[100, 100]","[100, 100]","[100, 100]","[100, 100]","[100, 100]","[100, 100]","[100, 100]","[100, 100]","[100, 100]","[100, 100]","[100, 100]","[100, 100]","[100, 100]","[100, 100]","[100, 100]","[100, 100]",ok.png,"[0, -375]","[150, 100]",145,both,8,3,m,1,1,1,1,0,0,0,0,0,0,0,0.965819180012,0.9658191800117492,0,-58,-58,192,192,1,1,0,0,0,0,0,0,0,0.849549949169,0.8495499491691589,0,-197,-197,54,54,20
00.png,00.png,16.png,tray2.png,10.png,dots2.png,09.png,07.png,27.png,24.png,00.png,00.png,00.png,00.png,00.png,00.png,"[-215, 229]","[-65, 229]","[85, 229]","[235, 229]","[-215, 79]","[-65, 79]","[85, 79]","[235, 79]","[-215, -71]","[-65, -71]","[85, -71]","[235, -71]","[-215, -221]","[-65, -221]","[85, -221]","[235, -221]","[100, 100]","[100, 100]","[100, 100]","[100, 100]","[100, 100]","[100, 100]","[100, 100]","[100, 100]","[100, 100]","[100, 100]","[100, 100]","[100, 100]","[100, 100]","[100, 100]","[100, 100]","[100, 100]",ok.png,"[0, -375]","[150, 100]",146,both,8,3,m,1,1,1,1,0,0,0,0,0,0,0,1.21583592892,1.215835928916931,0,-62,-62,74,74,1,1,0,0,0,0,0,0,0,0.665944159031,0.6659441590309143,0,235,235,231,231,147
30.png,00.png,20.png,00.png,10.png,00.png,dots2.png,01.png,00.png,tray2.png,00.png,33.png,00.png,25.png,00.png,00.png,"[-205, 240]","[-55, 240]","[95, 240]","[245, 240]","[-205, 90]","[-55, 90]","[95, 90]","[245, 90]","[-205, -60]","[-55, -60]","[95, -60]","[245, -60]","[-205, -210]","[-55, -210]","[95, -210]","[245, -210]","[100, 100]","[100, 100]","[100, 100]","[100, 100]","[100, 100]","[100, 100]","[100, 100]","[100, 100]","[100, 100]","[100, 100]","[100, 100]","[100, 100]","[100, 100]","[100, 100]","[100, 100]","[100, 100]",ok.png,"[0, -375]","[150, 100]",147,both,8,3,m,1,1,1,1,0,0,0,0,0,0,0,0.699145078659,0.6991450786590576,0,90,90,96,96,1,1,0,0,0,0,0,0,0,0.566010296345,0.5660102963447571,0,-85,-85,-59,-59,363
00.png,00.png,24.png,26.png,00.png,04.png,02.png,dots2.png,09.png,00.png,tray2.png,00.png,18.png,00.png,00.png,00.png,"[-229, 220]","[-79, 220]","[71, 220]","[221, 220]","[-229, 70]","[-79, 70]","[71, 70]","[221, 70]","[-229, -80]","[-79, -80]","[71, -80]","[221, -80]","[-229, -230]","[-79, -230]","[71, -230]","[221, -230]","[100, 100]","[100, 100]","[100, 100]","[100, 100]","[100, 100]","[100, 100]","[100, 100]","[100, 100]","[100, 100]","[100, 100]","[100, 100]","[100, 100]","[100, 100]","[100, 100]","[100, 100]","[100, 100]",ok.png,"[0, -375]","[150, 100]",148,both,8,3,m,1,1,1,1,0,0,0,0,0,0,0,0.899170398712,0.8991703987121582,0,98,98,-74,-74,1,1,0,0,0,0,0,0,0,1.46615839005,1.466158390045166,0,209,209,39,39,12
tray2.png,00.png,00.png,09.png,30.png,00.png,00.png,18.png,dots2.png,00.png,07.png,11.png,00.png,00.png,14.png,00.png,"[-250, 211]","[-100, 211]","[50, 211]","[200, 211]","[-250, 61]","[-100, 61]","[50, 61]","[200, 61]","[-250, -89]","[-100, -89]","[50, -89]","[200, -89]","[-250, -239]","[-100, -239]","[50, -239]","[200, -239]","[100, 100]","[100, 100]","[100, 100]","[100, 100]","[100, 100]","[100, 100]","[100, 100]","[100, 100]","[100, 100]","[100, 100]","[100, 100]","[100, 100]","[100, 100]","[100, 100]","[100, 100]","[100, 100]",ok.png,"[0, -375]","[150, 100]",149,both,8,3,m,1,1,1,1,0,0,0,0,0,0,0,1.11609768867,1.116097688674927,0,-223,-223,-104,-104,1,1,0,0,0,0,0,0,0,0.732582986355,0.7325829863548279,0,-228,-228,189,189,403
00.png,29.png,00.png,19.png,00.png,14.png,00.png,33.png,00.png,dots2.png,00.png,23.png,00.png,tray2.png,00.png,31.png,"[-235, 237]","[-85, 237]","[65, 237]","[215, 237]","[-235, 87]","[-85, 87]","[65, 87]","[215, 87]","[-235, -63]","[-85, -63]","[65, -63]","[215, -63]","[-235, -213]","[-85, -213]","[65, -213]","[215, -213]","[100, 100]","[100, 100]","[100, 100]","[100, 100]","[100, 100]","[100, 100]","[100, 100]","[100, 100]","[100, 100]","[100, 100]","[100, 100]","[100, 100]","[100, 100]","[100, 100]","[100, 100]","[100, 100]",ok.png,"[0, -375]","[150, 100]",150,both,8,3,m,1,1,1,1,0,0,0,0,0,0,0,1.64945411682,1.649454116821289,0,-107,-107,-61,-61,1,1,0,0,0,0,0,0,0,0.381868928671,0.3818689286708832,0,-78,-78,-219,-219,44
tray1.png,01.png,02.png,03.png,04.png,05.png,06.png,07.png,08.png,09.png,10.png,11.png,00.png,00.png,00.png,00.png,"[-202, 221]","[-52, 221]","[98, 221]","[248, 221]","[-202, 71]","[-52, 71]","[98, 71]","[248, 71]","[-202, -79]","[-52, -79]","[98, -79]","[248, -79]","[-202, -229]","[-52, -229]","[98, -229]","[248, -229]","[100, 100]","[100, 100]","[100, 100]","[100, 100]","[100, 100]","[100, 100]","[100, 100]","[100, 100]","[100, 100]","[100, 100]","[100, 100]","[100, 100]","[100, 100]","[100, 100]","[100, 100]","[100, 100]",ok.png,"[0, -375]","[150, 100]",151,tray,12,1,m,1,1,1,1,0,0,0,0,0,0,0,1.41575193405,1.415751934051514,0,-209,-209,225,225,1,1,0,0,0,0,0,0,0,0.632680952549,0.6326809525489807,0,-7,-7,-363,-363,51
08.png,tray1.png,09.png,00.png,10.png,11.png,12.png,13.png,00.png,14.png,34.png,33.png,32.png,31.png,00.png,00.png,"[-250, 222]","[-100, 222]","[50, 222]","[200, 222]","[-250, 72]","[-100, 72]","[50, 72]","[200, 72]","[-250, -78]","[-100, -78]","[50, -78]","[200, -78]","[-250, -228]","[-100, -228]","[50, -228]","[200, -228]","[100, 100]","[100, 100]","[100, 100]","[100, 100]","[100, 100]","[100, 100]","[100, 100]","[100, 100]","[100, 100]","[100, 100]","[100, 100]","[100, 100]","[100, 100]","[100, 100]","[100, 100]","[100, 100]",ok.png,"[0, -375]","[150, 100]",152,tray,12,1,m,1,1,1,1,0,0,0,0,0,0,0,2.39901304245,2.399013042449951,0,-75,-75,222,222,1,1,0,0,0,0,0,0,0,0.916189014912,0.9161890149116516,0,14,14,-374,-374,6
00.png,00.png,tray1.png,15.png,16.png,17.png,18.png,19.png,20.png,21.png,22.png,23.png,24.png,25.png,00.png,00.png,"[-234, 216]","[-84, 216]","[66, 216]","[216, 216]","[-234, 66]","[-84, 66]","[66, 66]","[216, 66]","[-234, -84]","[-84, -84]","[66, -84]","[216, -84]","[-234, -234]","[-84, -234]","[66, -234]","[216, -234]","[100, 100]","[100, 100]","[100, 100]","[100, 100]","[100, 100]","[100, 100]","[100, 100]","[100, 100]","[100, 100]","[100, 100]","[100, 100]","[100, 100]","[100, 100]","[100, 100]","[100, 100]","[100, 100]",ok.png,"[0, -375]","[150, 100]",153,tray,12,1,m,1,1,1,1,0,0,0,0,0,0,0,1.79874503613,1.798745036125183,0,79,79,218,218,1,1,0,0,0,0,0,0,0,0.73312908411,0.73312908411026,0,25,25,-373,-373,149
22.png,23.png,24.png,tray1.png,00.png,00.png,25.png,26.png,00.png,00.png,27.png,28.png,29.png,30.png,31.png,32.png,"[-207, 205]","[-57, 205]","[93, 205]","[243, 205]","[-207, 55]","[-57, 55]","[93, 55]","[243, 55]","[-207, -95]","[-57, -95]","[93, -95]","[243, -95]","[-207, -245]","[-57, -245]","[93, -245]","[243, -245]","[100, 100]","[100, 100]","[100, 100]","[100, 100]","[100, 100]","[100, 100]","[100, 100]","[100, 100]","[100, 100]","[100, 100]","[100, 100]","[100, 100]","[100, 100]","[100, 100]","[100, 100]","[100, 100]",ok.png,"[0, -375]","[150, 100]",154,tray,12,1,m,1,1,1,1,0,0,0,0,0,0,0,2.56574583054,2.565745830535889,0,207,207,200,200,1,1,0,0,0,0,0,0,0,0.649403989315,0.649403989315033,0,-34,-34,-375,-375,417
02.png,04.png,06.png,08.png,tray1.png,29.png,30.png,31.png,32.png,33.png,34.png,01.png,00.png,00.png,00.png,00.png,"[-203, 229]","[-53, 229]","[97, 229]","[247, 229]","[-203, 79]","[-53, 79]","[97, 79]","[247, 79]","[-203, -71]","[-53, -71]","[97, -71]","[247, -71]","[-203, -221]","[-53, -221]","[97, -221]","[247, -221]","[100, 100]","[100, 100]","[100, 100]","[100, 100]","[100, 100]","[100, 100]","[100, 100]","[100, 100]","[100, 100]","[100, 100]","[100, 100]","[100, 100]","[100, 100]","[100, 100]","[100, 100]","[100, 100]",ok.png,"[0, -375]","[150, 100]",155,tray,12,1,m,1,1,1,1,0,0,0,0,0,0,0,1.08238852024,1.082388520240784,0,-193,-193,46,46,1,1,0,0,0,0,0,0,0,0.649496734142,0.6494967341423035,0,34,34,-363,-363,422
01.png,34.png,07.png,27.png,04.png,tray1.png,00.png,00.png,06.png,15.png,09.png,29.png,17.png,23.png,00.png,00.png,"[-240, 216]","[-90, 216]","[60, 216]","[210, 216]","[-240, 66]","[-90, 66]","[60, 66]","[210, 66]","[-240, -84]","[-90, -84]","[60, -84]","[210, -84]","[-240, -234]","[-90, -234]","[60, -234]","[210, -234]","[100, 100]","[100, 100]","[100, 100]","[100, 100]","[100, 100]","[100, 100]","[100, 100]","[100, 100]","[100, 100]","[100, 100]","[100, 100]","[100, 100]","[100, 100]","[100, 100]","[100, 100]","[100, 100]",ok.png,"[0, -375]","[150, 100]",156,tray,12,1,m,1,1,1,1,0,0,0,0,0,0,0,1.0325615406,1.032561540603638,0,-43,-43,87,87,1,1,0,0,0,0,0,0,0,0.616570293903,0.6165702939033508,0,-22,-22,-344,-344,95
00.png,00.png,02.png,05.png,07.png,03.png,tray1.png,25.png,18.png,14.png,00.png,00.png,06.png,22.png,09.png,17.png,"[-210, 205]","[-60, 205]","[90, 205]","[240, 205]","[-210, 55]","[-60, 55]","[90, 55]","[240, 55]","[-210, -95]","[-60, -95]","[90, -95]","[240, -95]","[-210, -245]","[-60, -245]","[90, -245]","[240, -245]","[100, 100]","[100, 100]","[100, 100]","[100, 100]","[100, 100]","[100, 100]","[100, 100]","[100, 100]","[100, 100]","[100, 100]","[100, 100]","[100, 100]","[100, 100]","[100, 100]","[100, 100]","[100, 100]",ok.png,"[0, -375]","[150, 100]",157,tray,12,1,m,1,1,1,1,0,0,0,0,0,0,0,0.882485747337,0.8824857473373413,0,76,76,24,24,1,1,0,0,0,0,0,0,0,0.499234974384,0.4992349743843079,0,13,13,-399,-399,339
00.png,05.png,33.png,07.png,20.png,15.png,27.png,tray1.png,30.png,17.png,25.png,31.png,00.png,00.png,33.png,00.png,"[-250, 236]","[-100, 236]","[50, 236]","[200, 236]","[-250, 86]","[-100, 86]","[50, 86]","[200, 86]","[-250, -64]","[-100, -64]","[50, -64]","[200, -64]","[-250, -214]","[-100, -214]","[50, -214]","[200, -214]","[100, 100]","[100, 100]","[100, 100]","[100, 100]","[100, 100]","[100, 100]","[100, 100]","[100, 100]","[100, 100]","[100, 100]","[100, 100]","[100, 100]","[100, 100]","[100, 100]","[100, 100]","[100, 100]",ok.png,"[0, -375]","[150, 100]",158,tray,12,1,m,1,1,1,1,0,0,0,0,0,0,0,1.86574733257,1.865747332572937,0,238,238,107,107,1,1,0,0,0,0,0,0,0,1.04946911335,1.049469113349915,0,44,44,-392,-392,245
07.png,10.png,13.png,16.png,00.png,00.png,00.png,00.png,tray1.png,29.png,23.png,27.png,21.png,25.png,31.png,33.png,"[-214, 202]","[-64, 202]","[86, 202]","[236, 202]","[-214, 52]","[-64, 52]","[86, 52]","[236, 52]","[-214, -98]","[-64, -98]","[86, -98]","[236, -98]","[-214, -248]","[-64, -248]","[86, -248]","[236, -248]","[100, 100]","[100, 100]","[100, 100]","[100, 100]","[100, 100]","[100, 100]","[100, 100]","[100, 100]","[100, 100]","[100, 100]","[100, 100]","[100, 100]","[100, 100]","[100, 100]","[100, 100]","[100, 100]",ok.png,"[0, -375]","[150, 100]",159,tray,12,1,m,1,1,1,1,0,0,0,0,0,0,0,1.83225572109,1.832255721092224,0,-211,-211,-107,-107,1,1,0,0,0,0,0,0,0,0.532570719719,0.5325707197189331,0,3,3,-417,-417,288
09.png,07.png,05.png,03.png,14.png,16.png,18.png,20.png,22.png,tray1.png,24.png,26.png,00.png,00.png,00.png,00.png,"[-225, 223]","[-75, 223]","[75, 223]","[225, 223]","[-225, 73]","[-75, 73]","[75, 73]","[225, 73]","[-225, -77]","[-75, -77]","[75, -77]","[225, -77]","[-225, -227]","[-75, -227]","[75, -227]","[225, -227]","[100, 100]","[100, 100]","[100, 100]","[100, 100]","[100, 100]","[100, 100]","[100, 100]","[100, 100]","[100, 100]","[100, 100]","[100, 100]","[100, 100]","[100, 100]","[100, 100]","[100, 100]","[100, 100]",ok.png,"[0, -375]","[150, 100]",160,tray,12,1,m,1,1,1,1,0,0,0,0,0,0,0,2.34898495674,2.348984956741333,0,-71,-71,-80,-80,1,1,0,0,0,0,0,0,0,0.882640242577,0.8826402425765991,0,41,41,-386,-386,129
00.png,00.png,33.png,31.png,13.png,10.png,34.png,32.png,16.png,19.png,tray1.png,21.png,24.png,27.png,00.png,00.png,"[-227, 234]","[-77, 234]","[73, 234]","[223, 234]","[-227, 84]","[-77, 84]","[73, 84]","[223, 84]","[-227, -66]","[-77, -66]","[73, -66]","[223, -66]","[-227, -216]","[-77, -216]","[73, -216]","[223, -216]","[100, 100]","[100, 100]","[100, 100]","[100, 100]","[100, 100]","[100, 100]","[100, 100]","[100, 100]","[100, 100]","[100, 100]","[100, 100]","[100, 100]","[100, 100]","[100, 100]","[100, 100]","[100, 100]",ok.png,"[0, -375]","[150, 100]",161,tray,12,1,m,1,1,1,1,0,0,0,0,0,0,0,1.48222148418,1.482221484184265,0,103,103,-70,-70,1,1,0,0,0,0,0,0,0,0.649392902851,0.6493929028511047,0,53,53,-358,-358,355
10.png,15.png,20.png,25.png,00.png,00.png,04.png,17.png,21.png,16.png,11.png,tray1.png,00.png,00.png,27.png,34.png,"[-200, 219]","[-50, 219]","[100, 219]","[250, 219]","[-200, 69]","[-50, 69]","[100, 69]","[250, 69]","[-200, -81]","[-50, -81]","[100, -81]","[250, -81]","[-200, -231]","[-50, -231]","[100, -231]","[250, -231]","[100, 100]","[100, 100]","[100, 100]","[100, 100]","[100, 100]","[100, 100]","[100, 100]","[100, 100]","[100, 100]","[100, 100]","[100, 100]","[100, 100]","[100, 100]","[100, 100]","[100, 100]","[100, 100]",ok.png,"[0, -375]","[150, 100]",162,tray,12,1,m,1,1,1,1,0,0,0,0,0,0,0,1.09866178036,1.098661780357361,0,299,299,-85,-85,1,1,0,0,0,0,0,0,0,1.13326334953,1.133263349533081,0,23,23,-398,-398,292
00.png,00.png,20.png,24.png,28.png,32.png,00.png,00.png,03.png,01.png,07.png,08.png,tray1.png,05.png,02.png,04.png,"[-214, 226]","[-64, 226]","[86, 226]","[236, 226]","[-214, 76]","[-64, 76]","[86, 76]","[236, 76]","[-214, -74]","[-64, -74]","[86, -74]","[236, -74]","[-214, -224]","[-64, -224]","[86, -224]","[236, -224]","[100, 100]","[100, 100]","[100, 100]","[100, 100]","[100, 100]","[100, 100]","[100, 100]","[100, 100]","[100, 100]","[100, 100]","[100, 100]","[100, 100]","[100, 100]","[100, 100]","[100, 100]","[100, 100]",ok.png,"[0, -375]","[150, 100]",163,tray,12,1,m,1,1,1,1,0,0,0,0,0,0,0,1.13269019127,1.132690191268921,0,-182,-182,-198,-198,1,1,0,0,0,0,0,0,0,0.832547545433,0.8325475454330444,0,39,39,-373,-373,179
29.png,00.png,06.png,16.png,00.png,03.png,33.png,08.png,13.png,28.png,00.png,00.png,23.png,tray1.png,12.png,01.png,"[-224, 246]","[-74, 246]","[76, 246]","[226, 246]","[-224, 96]","[-74, 96]","[76, 96]","[226, 96]","[-224, -54]","[-74, -54]","[76, -54]","[226, -54]","[-224, -204]","[-74, -204]","[76, -204]","[226, -204]","[100, 100]","[100, 100]","[100, 100]","[100, 100]","[100, 100]","[100, 100]","[100, 100]","[100, 100]","[100, 100]","[100, 100]","[100, 100]","[100, 100]","[100, 100]","[100, 100]","[100, 100]","[100, 100]",ok.png,"[0, -375]","[150, 100]",164,tray,12,1,m,1,1,1,1,0,0,0,0,0,0,0,2.04863286018,2.048632860183716,0,-99,-99,-203,-203,1,1,0,0,0,0,0,0,0,2.54973745346,2.549737453460693,0,-30,-30,-401,-401,266
00.png,00.png,00.png,16.png,14.png,06.png,04.png,33.png,27.png,23.png,17.png,13.png,07.png,03.png,tray1.png,00.png,"[-214, 206]","[-64, 206]","[86, 206]","[236, 206]","[-214, 56]","[-64, 56]","[86, 56]","[236, 56]","[-214, -94]","[-64, -94]","[86, -94]","[236, -94]","[-214, -244]","[-64, -244]","[86, -244]","[236, -244]","[100, 100]","[100, 100]","[100, 100]","[100, 100]","[100, 100]","[100, 100]","[100, 100]","[100, 100]","[100, 100]","[100, 100]","[100, 100]","[100, 100]","[100, 100]","[100, 100]","[100, 100]","[100, 100]",ok.png,"[0, -375]","[150, 100]",165,tray,12,1,m,1,1,1,1,0,0,0,0,0,0,0,1.49923551083,1.499235510826111,0,101,101,-250,-250,1,1,0,0,0,0,0,0,0,1.8496594429,1.849659442901611,0,-20,-20,-409,-409,255
04.png,20.png,30.png,02.png,00.png,00.png,03.png,04.png,24.png,23.png,00.png,00.png,14.png,07.png,17.png,tray1.png,"[-242, 232]","[-92, 232]","[58, 232]","[208, 232]","[-242, 82]","[-92, 82]","[58, 82]","[208, 82]","[-242, -68]","[-92, -68]","[58, -68]","[208, -68]","[-242, -218]","[-92, -218]","[58, -218]","[208, -218]","[100, 100]","[100, 100]","[100, 100]","[100, 100]","[100, 100]","[100, 100]","[100, 100]","[100, 100]","[100, 100]","[100, 100]","[100, 100]","[100, 100]","[100, 100]","[100, 100]","[100, 100]","[100, 100]",ok.png,"[0, -375]","[150, 100]",166,tray,12,1,m,1,1,1,1,0,0,0,0,0,0,0,2.68243718147,2.682437181472778,0,205,205,-217,-217,1,1,0,0,0,0,0,0,0,0.649443566799,0.6494435667991638,0,-202,-202,-80,-80,239
03.png,19.png,29.png,00.png,00.png,02.png,32.png,11.png,12.png,22.png,16.png,00.png,00.png,04.png,tray1.png,18.png,"[-232, 233]","[-82, 233]","[68, 233]","[218, 233]","[-232, 83]","[-82, 83]","[68, 83]","[218, 83]","[-232, -67]","[-82, -67]","[68, -67]","[218, -67]","[-232, -217]","[-82, -217]","[68, -217]","[218, -217]","[100, 100]","[100, 100]","[100, 100]","[100, 100]","[100, 100]","[100, 100]","[100, 100]","[100, 100]","[100, 100]","[100, 100]","[100, 100]","[100, 100]","[100, 100]","[100, 100]","[100, 100]","[100, 100]",ok.png,"[0, -375]","[150, 100]",167,tray,12,1,m,1,1,1,1,0,0,0,0,0,0,0,1.49945998192,1.499459981918335,0,53,53,-216,-216,1,1,0,0,0,0,0,0,0,1.63228619099,1.632286190986633,0,18,18,-360,-360,381
16.png,13.png,11.png,05.png,21.png,00.png,00.png,00.png,00.png,27.png,28.png,25.png,03.png,tray1.png,08.png,15.png,"[-249, 207]","[-99, 207]","[51, 207]","[201, 207]","[-249, 57]","[-99, 57]","[51, 57]","[201, 57]","[-249, -93]","[-99, -93]","[51, -93]","[201, -93]","[-249, -243]","[-99, -243]","[51, -243]","[201, -243]","[100, 100]","[100, 100]","[100, 100]","[100, 100]","[100, 100]","[100, 100]","[100, 100]","[100, 100]","[100, 100]","[100, 100]","[100, 100]","[100, 100]","[100, 100]","[100, 100]","[100, 100]","[100, 100]",ok.png,"[0, -375]","[150, 100]",168,tray,12,1,m,1,1,1,1,0,0,0,0,0,0,0,1.66573858261,1.665738582611084,0,-55,-55,-276,-276,1,1,0,0,0,0,0,0,0,0.466175436974,0.4661754369735718,0,-2,-2,-372,-372,378
06.png,21.png,15.png,17.png,00.png,00.png,16.png,28.png,29.png,09.png,00.png,23.png,tray1.png,14.png,07.png,00.png,"[-206, 229]","[-56, 229]","[94, 229]","[244, 229]","[-206, 79]","[-56, 79]","[94, 79]","[244, 79]","[-206, -71]","[-56, -71]","[94, -71]","[244, -71]","[-206, -221]","[-56, -221]","[94, -221]","[244, -221]","[100, 100]","[100, 100]","[100, 100]","[100, 100]","[100, 100]","[100, 100]","[100, 100]","[100, 100]","[100, 100]","[100, 100]","[100, 100]","[100, 100]","[100, 100]","[100, 100]","[100, 100]","[100, 100]",ok.png,"[0, -375]","[150, 100]",169,tray,12,1,m,1,1,1,1,0,0,0,0,0,0,0,5.0157418251,5.01574182510376,0,-178,-178,-220,-220,1,1,0,0,0,0,0,0,0,1.48291182518,1.482911825180054,0,-27,-27,-410,-410,166
00.png,11.png,01.png,28.png,12.png,00.png,00.png,34.png,15.png,30.png,08.png,tray1.png,31.png,21.png,32.png,00.png,"[-248, 240]","[-98, 240]","[52, 240]","[202, 240]","[-248, 90]","[-98, 90]","[52, 90]","[202, 90]","[-248, -60]","[-98, -60]","[52, -60]","[202, -60]","[-248, -210]","[-98, -210]","[52, -210]","[202, -210]","[100, 100]","[100, 100]","[100, 100]","[100, 100]","[100, 100]","[100, 100]","[100, 100]","[100, 100]","[100, 100]","[100, 100]","[100, 100]","[100, 100]","[100, 100]","[100, 100]","[100, 100]","[100, 100]",ok.png,"[0, -375]","[150, 100]",170,tray,12,1,m,1,1,1,1,0,0,0,0,0,0,0,1.14860284328,1.148602843284607,0,245,245,-87,-87,1,1,0,0,0,0,0,0,0,0.699355304241,0.6993553042411804,0,-29,-29,-385,-385,54
00.png,00.png,12.png,04.png,32.png,31.png,24.png,27.png,07.png,09.png,tray1.png,10.png,13.png,16.png,00.png,00.png,"[-225, 210]","[-75, 210]","[75, 210]","[225, 210]","[-225, 60]","[-75, 60]","[75, 60]","[225, 60]","[-225, -90]","[-75, -90]","[75, -90]","[225, -90]","[-225, -240]","[-75, -240]","[75, -240]","[225, -240]","[100, 100]","[100, 100]","[100, 100]","[100, 100]","[100, 100]","[100, 100]","[100, 100]","[100, 100]","[100, 100]","[100, 100]","[100, 100]","[100, 100]","[100, 100]","[100, 100]","[100, 100]","[100, 100]",ok.png,"[0, -375]","[150, 100]",171,tray,12,1,m,1,1,1,1,0,0,0,0,0,0,0,3.01589727402,3.015897274017334,0,43,43,-75,-75,1,1,0,0,0,0,0,0,0,0.549061119556,0.549061119556427,0,1,1,-364,-364,187
00.png,00.png,25.png,12.png,33.png,19.png,05.png,00.png,01.png,tray1.png,07.png,10.png,34.png,20.png,00.png,30.png,"[-213, 200]","[-63, 200]","[87, 200]","[237, 200]","[-213, 50]","[-63, 50]","[87, 50]","[237, 50]","[-213, -100]","[-63, -100]","[87, -100]","[237, -100]","[-213, -250]","[-63, -250]","[87, -250]","[237, -250]","[100, 100]","[100, 100]","[100, 100]","[100, 100]","[100, 100]","[100, 100]","[100, 100]","[100, 100]","[100, 100]","[100, 100]","[100, 100]","[100, 100]","[100, 100]","[100, 100]","[100, 100]","[100, 100]",ok.png,"[0, -375]","[150, 100]",172,tray,12,1,m,1,1,1,1,0,0,0,0,0,0,0,1.36565196514,1.365651965141296,0,-91,-91,-91,-91,1,1,0,0,0,0,0,0,0,1.36601889133,1.366018891334534,0,21,21,-406,-406,219
11.png,13.png,17.png,18.png,00.png,14.png,00.png,09.png,tray1.png,02.png,04.png,30.png,26.png,24.png,00.png,00.png,"[-222, 212]","[-72, 212]","[78, 212]","[228, 212]","[-222, 62]","[-72, 62]","[78, 62]","[228, 62]","[-222, -88]","[-72, -88]","[78, -88]","[228, -88]","[-222, -238]","[-72, -238]","[78, -238]","[228, -238]","[100, 100]","[100, 100]","[100, 100]","[100, 100]","[100, 100]","[100, 100]","[100, 100]","[100, 100]","[100, 100]","[100, 100]","[100, 100]","[100, 100]","[100, 100]","[100, 100]","[100, 100]","[100, 100]",ok.png,"[0, -375]","[150, 100]",173,tray,12,1,m,1,1,1,1,0,0,0,0,0,0,0,1.49908363819,1.499083638191223,0,-204,-204,-103,-103,1,1,0,0,0,0,0,0,0,1.68275737762,1.682757377624512,0,49,49,-373,-373,22
00.png,14.png,10.png,20.png,11.png,07.png,00.png,tray1.png,18.png,31.png,00.png,30.png,09.png,00.png,03.png,19.png,"[-217, 203]","[-67, 203]","[83, 203]","[233, 203]","[-217, 53]","[-67, 53]","[83, 53]","[233, 53]","[-217, -97]","[-67, -97]","[83, -97]","[233, -97]","[-217, -247]","[-67, -247]","[83, -247]","[233, -247]","[100, 100]","[100, 100]","[100, 100]","[100, 100]","[100, 100]","[100, 100]","[100, 100]","[100, 100]","[100, 100]","[100, 100]","[100, 100]","[100, 100]","[100, 100]","[100, 100]","[100, 100]","[100, 100]",ok.png,"[0, -375]","[150, 100]",174,tray,12,1,m,1,1,1,1,0,0,0,0,0,0,0,1.26597714424,1.265977144241333,0,245,245,14,14,1,1,0,0,0,0,0,0,0,1.04946208,1.049462080001831,0,33,33,-386,-386,103
31.png,03.png,13.png,00.png,23.png,21.png,tray1.png,00.png,33.png,00.png,14.png,00.png,19.png,32.png,29.png,26.png,"[-242, 237]","[-92, 237]","[58, 237]","[208, 237]","[-242, 87]","[-92, 87]","[58, 87]","[208, 87]","[-242, -63]","[-92, -63]","[58, -63]","[208, -63]","[-242, -213]","[-92, -213]","[58, -213]","[208, -213]","[100, 100]","[100, 100]","[100, 100]","[100, 100]","[100, 100]","[100, 100]","[100, 100]","[100, 100]","[100, 100]","[100, 100]","[100, 100]","[100, 100]","[100, 100]","[100, 100]","[100, 100]","[100, 100]",ok.png,"[0, -375]","[150, 100]",175,tray,12,1,m,1,1,1,1,0,0,0,0,0,0,0,1.54892659187,1.548926591873169,0,63,63,92,92,1,1,0,0,0,0,0,0,0,1.09936702251,1.099367022514343,0,24,24,-366,-366,88
00.png,00.png,00.png,00.png,11.png,10.png,09.png,08.png,07.png,06.png,05.png,04.png,03.png,02.png,01.png,tray2.png,"[-209, 250]","[-59, 250]","[91, 250]","[241, 250]","[-209, 100]","[-59, 100]","[91, 100]","[241, 100]","[-209, -50]","[-59, -50]","[91, -50]","[241, -50]","[-209, -200]","[-59, -200]","[91, -200]","[241, -200]","[100, 100]","[100, 100]","[100, 100]","[100, 100]","[100, 100]","[100, 100]","[100, 100]","[100, 100]","[100, 100]","[100, 100]","[100, 100]","[100, 100]","[100, 100]","[100, 100]","[100, 100]","[100, 100]",ok.png,"[0, -375]","[150, 100]",176,tray,12,1,m,1,1,1,1,0,0,0,0,0,0,0,1.46588528156,1.465885281562805,0,232,232,-208,-208,1,1,0,0,0,0,0,0,0,0.515923082829,0.5159230828285217,0,58,58,-351,-351,439
00.png,00.png,31.png,32.png,33.png,34.png,14.png,00.png,13.png,12.png,11.png,10.png,00.png,09.png,tray2.png,08.png,"[-247, 205]","[-97, 205]","[53, 205]","[203, 205]","[-247, 55]","[-97, 55]","[53, 55]","[203, 55]","[-247, -95]","[-97, -95]","[53, -95]","[203, -95]","[-247, -245]","[-97, -245]","[53, -245]","[203, -245]","[100, 100]","[100, 100]","[100, 100]","[100, 100]","[100, 100]","[100, 100]","[100, 100]","[100, 100]","[100, 100]","[100, 100]","[100, 100]","[100, 100]","[100, 100]","[100, 100]","[100, 100]","[100, 100]",ok.png,"[0, -375]","[150, 100]",177,tray,12,1,m,1,1,1,1,0,0,0,0,0,0,0,1.33225643635,1.332256436347961,0,38,38,-237,-237,1,1,0,0,0,0,0,0,0,0.466030359268,0.4660303592681885,0,4,4,-380,-380,34
00.png,00.png,25.png,24.png,23.png,22.png,21.png,20.png,19.png,18.png,17.png,16.png,15.png,tray2.png,00.png,00.png,"[-228, 246]","[-78, 246]","[72, 246]","[222, 246]","[-228, 96]","[-78, 96]","[72, 96]","[222, 96]","[-228, -54]","[-78, -54]","[72, -54]","[222, -54]","[-228, -204]","[-78, -204]","[72, -204]","[222, -204]","[100, 100]","[100, 100]","[100, 100]","[100, 100]","[100, 100]","[100, 100]","[100, 100]","[100, 100]","[100, 100]","[100, 100]","[100, 100]","[100, 100]","[100, 100]","[100, 100]","[100, 100]","[100, 100]",ok.png,"[0, -375]","[150, 100]",178,tray,12,1,m,1,1,1,1,0,0,0,0,0,0,0,2.14889907837,2.148899078369141,0,-78,-78,-219,-219,1,1,0,0,0,0,0,0,0,0.399555683136,0.3995556831359863,0,-2,-2,-370,-370,180
33.png,32.png,30.png,29.png,00.png,00.png,31.png,27.png,26.png,28.png,00.png,00.png,tray2.png,24.png,23.png,22.png,"[-244, 210]","[-94, 210]","[56, 210]","[206, 210]","[-244, 60]","[-94, 60]","[56, 60]","[206, 60]","[-244, -90]","[-94, -90]","[56, -90]","[206, -90]","[-244, -240]","[-94, -240]","[56, -240]","[206, -240]","[100, 100]","[100, 100]","[100, 100]","[100, 100]","[100, 100]","[100, 100]","[100, 100]","[100, 100]","[100, 100]","[100, 100]","[100, 100]","[100, 100]","[100, 100]","[100, 100]","[100, 100]","[100, 100]",ok.png,"[0, -375]","[150, 100]",179,tray,12,1,m,1,1,1,1,0,0,0,0,0,0,0,1.69911038876,1.699110388755798,0,-256,-256,-214,-214,1,1,0,0,0,0,0,0,0,0.699392020702,0.6993920207023621,0,-26,-26,-382,-382,351
00.png,00.png,00.png,00.png,01.png,34.png,33.png,32.png,31.png,30.png,29.png,tray2.png,08.png,06.png,04.png,02.png,"[-235, 230]","[-85, 230]","[65, 230]","[215, 230]","[-235, 80]","[-85, 80]","[65, 80]","[215, 80]","[-235, -70]","[-85, -70]","[65, -70]","[215, -70]","[-235, -220]","[-85, -220]","[65, -220]","[215, -220]","[100, 100]","[100, 100]","[100, 100]","[100, 100]","[100, 100]","[100, 100]","[100, 100]","[100, 100]","[100, 100]","[100, 100]","[100, 100]","[100, 100]","[100, 100]","[100, 100]","[100, 100]","[100, 100]",ok.png,"[0, -375]","[150, 100]",180,tray,12,1,m,1,1,1,1,0,0,0,0,0,0,0,1.01554000378,1.01554000377655,0,235,235,-78,-78,1,1,0,0,0,0,0,0,0,0.599672913551,0.5996729135513306,0,46,46,-382,-382,69
00.png,00.png,23.png,17.png,29.png,09.png,15.png,06.png,00.png,00.png,tray2.png,04.png,27.png,07.png,34.png,01.png,"[-250, 249]","[-100, 249]","[50, 249]","[200, 249]","[-250, 99]","[-100, 99]","[50, 99]","[200, 99]","[-250, -51]","[-100, -51]","[50, -51]","[200, -51]","[-250, -201]","[-100, -201]","[50, -201]","[200, -201]","[100, 100]","[100, 100]","[100, 100]","[100, 100]","[100, 100]","[100, 100]","[100, 100]","[100, 100]","[100, 100]","[100, 100]","[100, 100]","[100, 100]","[100, 100]","[100, 100]","[100, 100]","[100, 100]",ok.png,"[0, -375]","[150, 100]",181,tray,12,1,m,1,1,1,1,0,0,0,0,0,0,0,1.09914028645,1.099140286445618,0,63,63,-55,-55,1,1,0,0,0,0,0,0,0,0.849440157413,0.8494401574134827,0,14,14,-344,-344,198
17.png,09.png,22.png,06.png,00.png,00.png,14.png,18.png,25.png,tray2.png,03.png,07.png,05.png,02.png,00.png,00.png,"[-227, 201]","[-77, 201]","[73, 201]","[223, 201]","[-227, 51]","[-77, 51]","[73, 51]","[223, 51]","[-227, -99]","[-77, -99]","[73, -99]","[223, -99]","[-227, -249]","[-77, -249]","[73, -249]","[223, -249]","[100, 100]","[100, 100]","[100, 100]","[100, 100]","[100, 100]","[100, 100]","[100, 100]","[100, 100]","[100, 100]","[100, 100]","[100, 100]","[100, 100]","[100, 100]","[100, 100]","[100, 100]","[100, 100]",ok.png,"[0, -375]","[150, 100]",182,tray,12,1,m,1,1,1,1,0,0,0,0,0,0,0,1.69921684265,1.699216842651367,0,-96,-96,-117,-117,1,1,0,0,0,0,0,0,0,0.532607734203,0.5326077342033386,0,-54,-54,-396,-396,200
00.png,33.png,00.png,00.png,31.png,25.png,17.png,30.png,tray2.png,27.png,15.png,20.png,07.png,33.png,05.png,00.png,"[-240, 212]","[-90, 212]","[60, 212]","[210, 212]","[-240, 62]","[-90, 62]","[60, 62]","[210, 62]","[-240, -88]","[-90, -88]","[60, -88]","[210, -88]","[-240, -238]","[-90, -238]","[60, -238]","[210, -238]","[100, 100]","[100, 100]","[100, 100]","[100, 100]","[100, 100]","[100, 100]","[100, 100]","[100, 100]","[100, 100]","[100, 100]","[100, 100]","[100, 100]","[100, 100]","[100, 100]","[100, 100]","[100, 100]",ok.png,"[0, -375]","[150, 100]",183,tray,12,1,m,1,1,1,1,0,0,0,0,0,0,0,1.41578865051,1.415788650512695,0,-202,-202,-94,-94,1,1,0,0,0,0,0,0,0,0.482381075621,0.4823810756206512,0,1,1,-411,-411,401
33.png,31.png,25.png,21.png,27.png,23.png,29.png,tray2.png,00.png,00.png,00.png,00.png,16.png,13.png,10.png,07.png,"[-239, 213]","[-89, 213]","[61, 213]","[211, 213]","[-239, 63]","[-89, 63]","[61, 63]","[211, 63]","[-239, -87]","[-89, -87]","[61, -87]","[211, -87]","[-239, -237]","[-89, -237]","[61, -237]","[211, -237]","[100, 100]","[100, 100]","[100, 100]","[100, 100]","[100, 100]","[100, 100]","[100, 100]","[100, 100]","[100, 100]","[100, 100]","[100, 100]","[100, 100]","[100, 100]","[100, 100]","[100, 100]","[100, 100]",ok.png,"[0, -375]","[150, 100]",184,tray,12,1,m,1,1,1,1,0,0,0,0,0,0,0,0.832316279411,0.8323162794113159,0,243,243,68,68,1,1,0,0,0,0,0,0,0,0.949339032173,0.9493390321731568,0,29,29,-385,-385,358
00.png,00.png,00.png,00.png,26.png,24.png,tray2.png,22.png,20.png,18.png,16.png,14.png,03.png,05.png,07.png,09.png,"[-230, 206]","[-80, 206]","[70, 206]","[220, 206]","[-230, 56]","[-80, 56]","[70, 56]","[220, 56]","[-230, -94]","[-80, -94]","[70, -94]","[220, -94]","[-230, -244]","[-80, -244]","[70, -244]","[220, -244]","[100, 100]","[100, 100]","[100, 100]","[100, 100]","[100, 100]","[100, 100]","[100, 100]","[100, 100]","[100, 100]","[100, 100]","[100, 100]","[100, 100]","[100, 100]","[100, 100]","[100, 100]","[100, 100]",ok.png,"[0, -375]","[150, 100]",185,tray,12,1,m,1,1,1,1,0,0,0,0,0,0,0,1.19905054569,1.199050545692444,0,76,76,52,52,1,1,0,0,0,0,0,0,0,0.49947193265,0.4994719326496124,0,16,16,-391,-391,177
00.png,00.png,27.png,24.png,21.png,tray2.png,19.png,16.png,32.png,34.png,10.png,13.png,31.png,33.png,00.png,00.png,"[-207, 250]","[-57, 250]","[93, 250]","[243, 250]","[-207, 100]","[-57, 100]","[93, 100]","[243, 100]","[-207, -50]","[-57, -50]","[93, -50]","[243, -50]","[-207, -200]","[-57, -200]","[93, -200]","[243, -200]","[100, 100]","[100, 100]","[100, 100]","[100, 100]","[100, 100]","[100, 100]","[100, 100]","[100, 100]","[100, 100]","[100, 100]","[100, 100]","[100, 100]","[100, 100]","[100, 100]","[100, 100]","[100, 100]",ok.png,"[0, -375]","[150, 100]",186,tray,12,1,m,1,1,1,1,0,0,0,0,0,0,0,0.815885066986,0.815885066986084,0,-27,-27,107,107,1,1,0,0,0,0,0,0,0,0.732840657234,0.7328406572341919,0,-39,-39,-405,-405,178
34.png,27.png,00.png,00.png,tray2.png,11.png,16.png,21.png,17.png,04.png,00.png,00.png,25.png,20.png,15.png,10.png,"[-210, 218]","[-60, 218]","[90, 218]","[240, 218]","[-210, 68]","[-60, 68]","[90, 68]","[240, 68]","[-210, -82]","[-60, -82]","[90, -82]","[240, -82]","[-210, -232]","[-60, -232]","[90, -232]","[240, -232]","[100, 100]","[100, 100]","[100, 100]","[100, 100]","[100, 100]","[100, 100]","[100, 100]","[100, 100]","[100, 100]","[100, 100]","[100, 100]","[100, 100]","[100, 100]","[100, 100]","[100, 100]","[100, 100]",ok.png,"[0, -375]","[150, 100]",187,tray,12,1,m,1,1,1,1,0,0,0,0,0,0,0,2.01571750641,2.015717506408691,0,-232,-232,75,75,1,1,0,0,0,0,0,0,0,0.482618868351,0.4826188683509827,0,60,60,-382,-382,102
04.png,02.png,05.png,tray2.png,08.png,07.png,01.png,03.png,00.png,00.png,32.png,28.png,24.png,20.png,00.png,00.png,"[-248, 239]","[-98, 239]","[52, 239]","[202, 239]","[-248, 89]","[-98, 89]","[52, 89]","[202, 89]","[-248, -61]","[-98, -61]","[52, -61]","[202, -61]","[-248, -211]","[-98, -211]","[52, -211]","[202, -211]","[100, 100]","[100, 100]","[100, 100]","[100, 100]","[100, 100]","[100, 100]","[100, 100]","[100, 100]","[100, 100]","[100, 100]","[100, 100]","[100, 100]","[100, 100]","[100, 100]","[100, 100]","[100, 100]",ok.png,"[0, -375]","[150, 100]",188,tray,12,1,m,1,1,1,1,0,0,0,0,0,0,0,1.61552321911,1.615523219108582,0,191,191,234,234,1,1,0,0,0,0,0,0,0,0.766323506832,0.7663235068321228,0,24,24,-337,-337,385
01.png,12.png,tray2.png,23.png,00.png,00.png,28.png,13.png,08.png,33.png,03.png,00.png,16.png,06.png,00.png,29.png,"[-207, 233]","[-57, 233]","[93, 233]","[243, 233]","[-207, 83]","[-57, 83]","[93, 83]","[243, 83]","[-207, -67]","[-57, -67]","[93, -67]","[243, -67]","[-207, -217]","[-57, -217]","[93, -217]","[243, -217]","[100, 100]","[100, 100]","[100, 100]","[100, 100]","[100, 100]","[100, 100]","[100, 100]","[100, 100]","[100, 100]","[100, 100]","[100, 100]","[100, 100]","[100, 100]","[100, 100]","[100, 100]","[100, 100]",ok.png,"[0, -375]","[150, 100]",189,tray,12,1,m,1,1,1,1,0,0,0,0,0,0,0,1.13217365742,1.132173657417297,0,121,121,248,248,1,1,0,0,0,0,0,0,0,0.832609534264,0.8326095342636108,0,37,37,-376,-376,442
00.png,tray2.png,03.png,07.png,13.png,17.png,23.png,27.png,33.png,04.png,06.png,14.png,16.png,00.png,00.png,00.png,"[-248, 202]","[-98, 202]","[52, 202]","[202, 202]","[-248, 52]","[-98, 52]","[52, 52]","[202, 52]","[-248, -98]","[-98, -98]","[52, -98]","[202, -98]","[-248, -248]","[-98, -248]","[52, -248]","[202, -248]","[100, 100]","[100, 100]","[100, 100]","[100, 100]","[100, 100]","[100, 100]","[100, 100]","[100, 100]","[100, 100]","[100, 100]","[100, 100]","[100, 100]","[100, 100]","[100, 100]","[100, 100]","[100, 100]",ok.png,"[0, -375]","[150, 100]",190,tray,12,1,m,1,1,1,1,0,0,0,0,0,0,0,0.915715992451,0.915715992450714,0,-96,-96,218,218,1,1,0,0,0,0,0,0,0,1.26600897312,1.266008973121643,0,46,46,-330,-330,106
tray2.png,17.png,07.png,14.png,00.png,00.png,23.png,24.png,04.png,03.png,00.png,00.png,02.png,30.png,20.png,04.png,"[-213, 217]","[-63, 217]","[87, 217]","[237, 217]","[-213, 67]","[-63, 67]","[87, 67]","[237, 67]","[-213, -83]","[-63, -83]","[87, -83]","[237, -83]","[-213, -233]","[-63, -233]","[87, -233]","[237, -233]","[100, 100]","[100, 100]","[100, 100]","[100, 100]","[100, 100]","[100, 100]","[100, 100]","[100, 100]","[100, 100]","[100, 100]","[100, 100]","[100, 100]","[100, 100]","[100, 100]","[100, 100]","[100, 100]",ok.png,"[0, -375]","[150, 100]",191,tray,12,1,m,1,1,1,1,0,0,0,0,0,0,0,1.01575481892,1.015754818916321,0,-214,-214,191,191,1,1,0,0,0,0,0,0,0,0.732932269573,0.7329322695732117,0,-6,-6,-381,-381,361
18.png,tray2.png,04.png,00.png,00.png,16.png,22.png,12.png,11.png,32.png,02.png,00.png,00.png,29.png,19.png,03.png,"[-217, 200]","[-67, 200]","[83, 200]","[233, 200]","[-217, 50]","[-67, 50]","[83, 50]","[233, 50]","[-217, -100]","[-67, -100]","[83, -100]","[233, -100]","[-217, -250]","[-67, -250]","[83, -250]","[233, -250]","[100, 100]","[100, 100]","[100, 100]","[100, 100]","[100, 100]","[100, 100]","[100, 100]","[100, 100]","[100, 100]","[100, 100]","[100, 100]","[100, 100]","[100, 100]","[100, 100]","[100, 100]","[100, 100]",ok.png,"[0, -375]","[150, 100]",192,tray,12,1,m,1,1,1,1,0,0,0,0,0,0,0,1.04875040054,1.048750400543213,0,-86,-86,167,167,1,1,0,0,0,0,0,0,0,0.84914547205,0.8491454720497131,0,7,7,-409,-409,98
15.png,08.png,tray2.png,03.png,25.png,28.png,27.png,00.png,00.png,00.png,00.png,21.png,05.png,11.png,13.png,16.png,"[-210, 201]","[-60, 201]","[90, 201]","[240, 201]","[-210, 51]","[-60, 51]","[90, 51]","[240, 51]","[-210, -99]","[-60, -99]","[90, -99]","[240, -99]","[-210, -249]","[-60, -249]","[90, -249]","[240, -249]","[100, 100]","[100, 100]","[100, 100]","[100, 100]","[100, 100]","[100, 100]","[100, 100]","[100, 100]","[100, 100]","[100, 100]","[100, 100]","[100, 100]","[100, 100]","[100, 100]","[100, 100]","[100, 100]",ok.png,"[0, -375]","[150, 100]",193,tray,12,1,m,1,1,1,1,0,0,0,0,0,0,0,0.998987972736,0.9989879727363586,0,93,93,206,206,1,1,0,0,0,0,0,0,0,1.49962890148,1.499628901481628,0,11,11,-382,-382,27
00.png,07.png,14.png,tray2.png,23.png,00.png,09.png,29.png,28.png,16.png,00.png,00.png,17.png,15.png,21.png,06.png,"[-227, 250]","[-77, 250]","[73, 250]","[223, 250]","[-227, 100]","[-77, 100]","[73, 100]","[223, 100]","[-227, -50]","[-77, -50]","[73, -50]","[223, -50]","[-227, -200]","[-77, -200]","[73, -200]","[223, -200]","[100, 100]","[100, 100]","[100, 100]","[100, 100]","[100, 100]","[100, 100]","[100, 100]","[100, 100]","[100, 100]","[100, 100]","[100, 100]","[100, 100]","[100, 100]","[100, 100]","[100, 100]","[100, 100]",ok.png,"[0, -375]","[150, 100]",194,tray,12,1,m,1,1,1,1,0,0,0,0,0,0,0,0.965663015842,0.9656630158424376,0,219,219,243,243,1,1,0,0,0,0,0,0,0,0.916046500206,0.9160465002059937,0,28,28,-418,-418,153
00.png,32.png,21.png,31.png,tray2.png,08.png,30.png,15.png,34.png,00.png,00.png,12.png,28.png,01.png,11.png,00.png,"[-238, 238]","[-88, 238]","[62, 238]","[212, 238]","[-238, 88]","[-88, 88]","[62, 88]","[212, 88]","[-238, -62]","[-88, -62]","[62, -62]","[212, -62]","[-238, -212]","[-88, -212]","[62, -212]","[212, -212]","[100, 100]","[100, 100]","[100, 100]","[100, 100]","[100, 100]","[100, 100]","[100, 100]","[100, 100]","[100, 100]","[100, 100]","[100, 100]","[100, 100]","[100, 100]","[100, 100]","[100, 100]","[100, 100]",ok.png,"[0, -375]","[150, 100]",195,tray,12,1,m,1,1,1,1,0,0,0,0,0,0,0,1.49916899204,1.499168992042542,0,-224,-224,60,60,1,1,0,0,0,0,0,0,0,0.649592578411,0.6495925784111023,0,19,19,-406,-406,291
00.png,00.png,16.png,13.png,10.png,tray2.png,09.png,07.png,27.png,24.png,31.png,32.png,04.png,12.png,00.png,00.png,"[-249, 201]","[-99, 201]","[51, 201]","[201, 201]","[-249, 51]","[-99, 51]","[51, 51]","[201, 51]","[-249, -99]","[-99, -99]","[51, -99]","[201, -99]","[-249, -249]","[-99, -249]","[51, -249]","[201, -249]","[100, 100]","[100, 100]","[100, 100]","[100, 100]","[100, 100]","[100, 100]","[100, 100]","[100, 100]","[100, 100]","[100, 100]","[100, 100]","[100, 100]","[100, 100]","[100, 100]","[100, 100]","[100, 100]",ok.png,"[0, -375]","[150, 100]",196,tray,12,1,m,1,1,1,1,0,0,0,0,0,0,0,1.18208765984,1.182087659835815,0,-119,-119,27,27,1,1,0,0,0,0,0,0,0,0.732958734035,0.7329587340354919,0,29,29,-354,-354,250
30.png,00.png,20.png,34.png,10.png,07.png,tray2.png,01.png,00.png,05.png,19.png,33.png,12.png,25.png,00.png,00.png,"[-228, 241]","[-78, 241]","[72, 241]","[222, 241]","[-228, 91]","[-78, 91]","[72, 91]","[222, 91]","[-228, -59]","[-78, -59]","[72, -59]","[222, -59]","[-228, -209]","[-78, -209]","[72, -209]","[222, -209]","[100, 100]","[100, 100]","[100, 100]","[100, 100]","[100, 100]","[100, 100]","[100, 100]","[100, 100]","[100, 100]","[100, 100]","[100, 100]","[100, 100]","[100, 100]","[100, 100]","[100, 100]","[100, 100]",ok.png,"[0, -375]","[150, 100]",197,tray,12,1,m,1,1,1,1,0,0,0,0,0,0,0,1.13215351105,1.132153511047363,0,101,101,99,99,1,1,0,0,0,0,0,0,0,0.466214686632,0.4662146866321564,0,-28,-28,-341,-341,430
00.png,00.png,24.png,26.png,30.png,04.png,02.png,tray2.png,09.png,00.png,14.png,00.png,18.png,17.png,13.png,11.png,"[-246, 226]","[-96, 226]","[54, 226]","[204, 226]","[-246, 76]","[-96, 76]","[54, 76]","[204, 76]","[-246, -74]","[-96, -74]","[54, -74]","[204, -74]","[-246, -224]","[-96, -224]","[54, -224]","[204, -224]","[100, 100]","[100, 100]","[100, 100]","[100, 100]","[100, 100]","[100, 100]","[100, 100]","[100, 100]","[100, 100]","[100, 100]","[100, 100]","[100, 100]","[100, 100]","[100, 100]","[100, 100]","[100, 100]",ok.png,"[0, -375]","[150, 100]",198,tray,12,1,m,1,1,1,1,0,0,0,0,0,0,0,1.29894316196,1.298943161964417,0,216,216,74,74,1,1,0,0,0,0,0,0,0,0.516079187393,0.5160791873931885,0,25,25,-407,-407,436
19.png,03.png,00.png,09.png,30.png,00.png,31.png,18.png,tray2.png,00.png,07.png,11.png,20.png,10.png,14.png,00.png,"[-227, 215]","[-77, 215]","[73, 215]","[223, 215]","[-227, 65]","[-77, 65]","[73, 65]","[223, 65]","[-227, -85]","[-77, -85]","[73, -85]","[223, -85]","[-227, -235]","[-77, -235]","[73, -235]","[223, -235]","[100, 100]","[100, 100]","[100, 100]","[100, 100]","[100, 100]","[100, 100]","[100, 100]","[100, 100]","[100, 100]","[100, 100]","[100, 100]","[100, 100]","[100, 100]","[100, 100]","[100, 100]","[100, 100]",ok.png,"[0, -375]","[150, 100]",199,tray,12,1,m,1,1,1,1,0,0,0,0,0,0,0,2.5658633709,2.565863370895386,0,-221,-221,-97,-97,1,1,0,0,0,0,0,0,0,0.782733917236,0.7827339172363281,0,-21,-21,-377,-377,1
26.png,29.png,32.png,19.png,00.png,14.png,00.png,33.png,00.png,tray2.png,21.png,23.png,00.png,13.png,03.png,31.png,"[-216, 208]","[-66, 208]","[84, 208]","[234, 208]","[-216, 58]","[-66, 58]","[84, 58]","[234, 58]","[-216, -92]","[-66, -92]","[84, -92]","[234, -92]","[-216, -242]","[-66, -242]","[84, -242]","[234, -242]","[100, 100]","[100, 100]","[100, 100]","[100, 100]","[100, 100]","[100, 100]","[100, 100]","[100, 100]","[100, 100]","[100, 100]","[100, 100]","[100, 100]","[100, 100]","[100, 100]","[100, 100]","[100, 100]",ok.png,"[0, -375]","[150, 100]",200,tray,12,1,m,1,1,1,1,0,0,0,0,0,0,0,3.43234825134,3.432348251342773,0,-60,-60,-93,-93,1,1,0,0,0,0,0,0,0,0.74945306778,0.749453067779541,0,31,31,-389,-389,170
dots1.png,01.png,02.png,03.png,04.png,05.png,06.png,07.png,08.png,09.png,10.png,11.png,00.png,00.png,00.png,00.png,"[-249, 225]","[-99, 225]","[51, 225]","[201, 225]","[-249, 75]","[-99, 75]","[51, 75]","[201, 75]","[-249, -75]","[-99, -75]","[51, -75]","[201, -75]","[-249, -225]","[-99, -225]","[51, -225]","[201, -225]","[100, 100]","[100, 100]","[100, 100]","[100, 100]","[100, 100]","[100, 100]","[100, 100]","[100, 100]","[100, 100]","[100, 100]","[100, 100]","[100, 100]","[100, 100]","[100, 100]","[100, 100]","[100, 100]",ok.png,"[0, -375]","[150, 100]",201,dots,12,2,m,1,1,1,1,0,0,0,0,0,0,0,1.56532597542,1.565325975418091,0,-236,-236,291,291,1,1,0,0,0,0,0,0,0,0.7332457304,0.7332457304000854,0,-30,-30,-388,-388,315
08.png,dots1.png,09.png,00.png,10.png,11.png,12.png,13.png,00.png,14.png,34.png,33.png,32.png,31.png,00.png,00.png,"[-230, 249]","[-80, 249]","[70, 249]","[220, 249]","[-230, 99]","[-80, 99]","[70, 99]","[220, 99]","[-230, -51]","[-80, -51]","[70, -51]","[220, -51]","[-230, -201]","[-80, -201]","[70, -201]","[220, -201]","[100, 100]","[100, 100]","[100, 100]","[100, 100]","[100, 100]","[100, 100]","[100, 100]","[100, 100]","[100, 100]","[100, 100]","[100, 100]","[100, 100]","[100, 100]","[100, 100]","[100, 100]","[100, 100]",ok.png,"[0, -375]","[150, 100]",202,dots,12,2,m,1,1,1,1,0,0,0,0,0,0,0,1.39921808243,1.399218082427979,0,-50,-50,274,274,1,1,0,0,0,0,0,0,0,0.7159460783,0.7159460783004761,0,-2,-2,-382,-382,319
00.png,00.png,dots1.png,15.png,16.png,17.png,18.png,19.png,20.png,21.png,22.png,23.png,24.png,25.png,00.png,00.png,"[-213, 244]","[-63, 244]","[87, 244]","[237, 244]","[-213, 94]","[-63, 94]","[87, 94]","[237, 94]","[-213, -56]","[-63, -56]","[87, -56]","[237, -56]","[-213, -206]","[-63, -206]","[87, -206]","[237, -206]","[100, 100]","[100, 100]","[100, 100]","[100, 100]","[100, 100]","[100, 100]","[100, 100]","[100, 100]","[100, 100]","[100, 100]","[100, 100]","[100, 100]","[100, 100]","[100, 100]","[100, 100]","[100, 100]",ok.png,"[0, -375]","[150, 100]",203,dots,12,2,m,1,1,1,1,0,0,0,0,0,0,0,2.54895138741,2.548951387405396,0,102,102,233,233,1,1,0,0,0,0,0,0,0,0.749521076679,0.7495210766792297,0,26,26,-326,-326,13
22.png,23.png,24.png,dots1.png,00.png,00.png,25.png,26.png,00.png,00.png,27.png,28.png,29.png,30.png,31.png,32.png,"[-209, 224]","[-59, 224]","[91, 224]","[241, 224]","[-209, 74]","[-59, 74]","[91, 74]","[241, 74]","[-209, -76]","[-59, -76]","[91, -76]","[241, -76]","[-209, -226]","[-59, -226]","[91, -226]","[241, -226]","[100, 100]","[100, 100]","[100, 100]","[100, 100]","[100, 100]","[100, 100]","[100, 100]","[100, 100]","[100, 100]","[100, 100]","[100, 100]","[100, 100]","[100, 100]","[100, 100]","[100, 100]","[100, 100]",ok.png,"[0, -375]","[150, 100]",204,dots,12,2,m,1,1,1,1,0,0,0,0,0,0,0,3.93240857124,3.932408571243286,0,253,253,220,220,1,1,0,0,0,0,0,0,0,0.849570691586,0.8495706915855408,0,8,8,-362,-362,405
02.png,04.png,06.png,08.png,dots1.png,29.png,30.png,31.png,32.png,33.png,34.png,01.png,00.png,00.png,00.png,00.png,"[-244, 228]","[-94, 228]","[56, 228]","[206, 228]","[-244, 78]","[-94, 78]","[56, 78]","[206, 78]","[-244, -72]","[-94, -72]","[56, -72]","[206, -72]","[-244, -222]","[-94, -222]","[56, -222]","[206, -222]","[100, 100]","[100, 100]","[100, 100]","[100, 100]","[100, 100]","[100, 100]","[100, 100]","[100, 100]","[100, 100]","[100, 100]","[100, 100]","[100, 100]","[100, 100]","[100, 100]","[100, 100]","[100, 100]",ok.png,"[0, -375]","[150, 100]",205,dots,12,2,m,1,1,1,1,0,0,0,0,0,0,0,1.09898293018,1.098982930183411,0,-250,-250,56,56,1,1,0,0,0,0,0,0,0,0.649438977242,0.6494389772415161,0,-20,-20,-375,-375,222
01.png,34.png,07.png,27.png,04.png,dots1.png,00.png,00.png,06.png,15.png,09.png,29.png,17.png,23.png,00.png,00.png,"[-227, 209]","[-77, 209]","[73, 209]","[223, 209]","[-227, 59]","[-77, 59]","[73, 59]","[223, 59]","[-227, -91]","[-77, -91]","[73, -91]","[223, -91]","[-227, -241]","[-77, -241]","[73, -241]","[223, -241]","[100, 100]","[100, 100]","[100, 100]","[100, 100]","[100, 100]","[100, 100]","[100, 100]","[100, 100]","[100, 100]","[100, 100]","[100, 100]","[100, 100]","[100, 100]","[100, 100]","[100, 100]","[100, 100]",ok.png,"[0, -375]","[150, 100]",206,dots,12,2,m,1,1,1,1,0,0,0,0,0,0,0,0.698992908001,0.698992908000946,0,-46,-46,44,44,1,1,0,0,0,0,0,0,0,1.03269684315,1.032696843147278,0,11,11,-382,-382,323
00.png,00.png,02.png,05.png,07.png,03.png,dots1.png,25.png,18.png,14.png,00.png,00.png,06.png,22.png,09.png,17.png,"[-215, 232]","[-65, 232]","[85, 232]","[235, 232]","[-215, 82]","[-65, 82]","[85, 82]","[235, 82]","[-215, -68]","[-65, -68]","[85, -68]","[235, -68]","[-215, -218]","[-65, -218]","[85, -218]","[235, -218]","[100, 100]","[100, 100]","[100, 100]","[100, 100]","[100, 100]","[100, 100]","[100, 100]","[100, 100]","[100, 100]","[100, 100]","[100, 100]","[100, 100]","[100, 100]","[100, 100]","[100, 100]","[100, 100]",ok.png,"[0, -375]","[150, 100]",207,dots,12,2,m,1,1,1,1,0,0,0,0,0,0,0,0.915617287159,0.915617287158966,0,89,89,77,77,1,1,0,0,0,0,0,0,0,1.21657764912,1.216577649116516,0,-65,-65,-359,-359,25
00.png,05.png,33.png,07.png,20.png,15.png,27.png,dots1.png,30.png,17.png,25.png,31.png,00.png,00.png,33.png,00.png,"[-216, 220]","[-66, 220]","[84, 220]","[234, 220]","[-216, 70]","[-66, 70]","[84, 70]","[234, 70]","[-216, -80]","[-66, -80]","[84, -80]","[234, -80]","[-216, -230]","[-66, -230]","[84, -230]","[234, -230]","[100, 100]","[100, 100]","[100, 100]","[100, 100]","[100, 100]","[100, 100]","[100, 100]","[100, 100]","[100, 100]","[100, 100]","[100, 100]","[100, 100]","[100, 100]","[100, 100]","[100, 100]","[100, 100]",ok.png,"[0, -375]","[150, 100]",208,dots,12,2,m,1,1,1,1,0,0,0,0,0,0,0,2.26597905159,2.265979051589966,0,216,216,35,35,1,1,0,0,0,0,0,0,0,0.499350458384,0.4993504583835602,0,18,18,-416,-416,71
07.png,10.png,13.png,16.png,00.png,00.png,00.png,00.png,dots1.png,29.png,23.png,27.png,21.png,25.png,31.png,33.png,"[-241, 227]","[-91, 227]","[59, 227]","[209, 227]","[-241, 77]","[-91, 77]","[59, 77]","[209, 77]","[-241, -73]","[-91, -73]","[59, -73]","[209, -73]","[-241, -223]","[-91, -223]","[59, -223]","[209, -223]","[100, 100]","[100, 100]","[100, 100]","[100, 100]","[100, 100]","[100, 100]","[100, 100]","[100, 100]","[100, 100]","[100, 100]","[100, 100]","[100, 100]","[100, 100]","[100, 100]","[100, 100]","[100, 100]",ok.png,"[0, -375]","[150, 100]",209,dots,12,2,m,1,1,1,1,0,0,0,0,0,0,0,2.16573905945,2.165739059448242,0,-266,-266,-58,-58,1,1,0,0,0,0,0,0,0,0.932767033577,0.9327670335769652,0,51,51,-328,-328,204
09.png,07.png,05.png,03.png,14.png,16.png,18.png,20.png,22.png,dots1.png,24.png,26.png,00.png,00.png,00.png,00.png,"[-200, 236]","[-50, 236]","[100, 236]","[250, 236]","[-200, 86]","[-50, 86]","[100, 86]","[250, 86]","[-200, -64]","[-50, -64]","[100, -64]","[250, -64]","[-200, -214]","[-50, -214]","[100, -214]","[250, -214]","[100, 100]","[100, 100]","[100, 100]","[100, 100]","[100, 100]","[100, 100]","[100, 100]","[100, 100]","[100, 100]","[100, 100]","[100, 100]","[100, 100]","[100, 100]","[100, 100]","[100, 100]","[100, 100]",ok.png,"[0, -375]","[150, 100]",210,dots,12,2,m,1,1,1,1,0,0,0,0,0,0,0,2.48228287697,2.482282876968384,0,-33,-33,-57,-57,1,1,0,0,0,0,0,0,0,1.39957249165,1.399572491645813,0,-15,-15,-348,-348,190
00.png,00.png,33.png,31.png,13.png,10.png,34.png,32.png,16.png,19.png,dots1.png,21.png,24.png,27.png,00.png,00.png,"[-221, 241]","[-71, 241]","[79, 241]","[229, 241]","[-221, 91]","[-71, 91]","[79, 91]","[229, 91]","[-221, -59]","[-71, -59]","[79, -59]","[229, -59]","[-221, -209]","[-71, -209]","[79, -209]","[229, -209]","[100, 100]","[100, 100]","[100, 100]","[100, 100]","[100, 100]","[100, 100]","[100, 100]","[100, 100]","[100, 100]","[100, 100]","[100, 100]","[100, 100]","[100, 100]","[100, 100]","[100, 100]","[100, 100]",ok.png,"[0, -375]","[150, 100]",211,dots,12,2,m,1,1,1,1,0,0,0,0,0,0,0,1.04898273945,1.048982739448547,0,97,97,-44,-44,1,1,0,0,0,0,0,0,0,1.21615362167,1.216153621673584,0,-12,-12,-385,-385,157
10.png,15.png,20.png,25.png,00.png,00.png,04.png,17.png,21.png,16.png,11.png,dots1.png,00.png,00.png,27.png,34.png,"[-248, 244]","[-98, 244]","[52, 244]","[202, 244]","[-248, 94]","[-98, 94]","[52, 94]","[202, 94]","[-248, -56]","[-98, -56]","[52, -56]","[202, -56]","[-248, -206]","[-98, -206]","[52, -206]","[202, -206]","[100, 100]","[100, 100]","[100, 100]","[100, 100]","[100, 100]","[100, 100]","[100, 100]","[100, 100]","[100, 100]","[100, 100]","[100, 100]","[100, 100]","[100, 100]","[100, 100]","[100, 100]","[100, 100]",ok.png,"[0, -375]","[150, 100]",212,dots,12,2,m,1,1,1,1,0,0,0,0,0,0,0,1.23221337795,1.232213377952576,0,220,220,-49,-49,1,1,0,0,0,0,0,0,0,0.932782351971,0.9327823519706726,0,1,1,-378,-378,162
00.png,00.png,20.png,24.png,28.png,32.png,00.png,00.png,03.png,01.png,07.png,08.png,dots1.png,05.png,02.png,04.png,"[-241, 244]","[-91, 244]","[59, 244]","[209, 244]","[-241, 94]","[-91, 94]","[59, 94]","[209, 94]","[-241, -56]","[-91, -56]","[59, -56]","[209, -56]","[-241, -206]","[-91, -206]","[59, -206]","[209, -206]","[100, 100]","[100, 100]","[100, 100]","[100, 100]","[100, 100]","[100, 100]","[100, 100]","[100, 100]","[100, 100]","[100, 100]","[100, 100]","[100, 100]","[100, 100]","[100, 100]","[100, 100]","[100, 100]",ok.png,"[0, -375]","[150, 100]",213,dots,12,2,m,1,1,1,1,0,0,0,0,0,0,0,1.49920940399,1.499209403991699,0,-247,-247,-188,-188,1,1,0,0,0,0,0,0,0,0.999291181564,0.999291181564331,0,7,7,-370,-370,18
29.png,00.png,06.png,16.png,00.png,03.png,33.png,08.png,13.png,28.png,00.png,00.png,23.png,dots1.png,12.png,01.png,"[-225, 242]","[-75, 242]","[75, 242]","[225, 242]","[-225, 92]","[-75, 92]","[75, 92]","[225, 92]","[-225, -58]","[-75, -58]","[75, -58]","[225, -58]","[-225, -208]","[-75, -208]","[75, -208]","[225, -208]","[100, 100]","[100, 100]","[100, 100]","[100, 100]","[100, 100]","[100, 100]","[100, 100]","[100, 100]","[100, 100]","[100, 100]","[100, 100]","[100, 100]","[100, 100]","[100, 100]","[100, 100]","[100, 100]",ok.png,"[0, -375]","[150, 100]",214,dots,12,2,m,1,1,1,1,0,0,0,0,0,0,0,1.83227586746,1.832275867462158,0,-60,-60,-207,-207,1,1,0,0,0,0,0,0,0,0.916041076183,0.9160410761833192,0,-7,-7,-402,-402,31
00.png,00.png,00.png,16.png,14.png,06.png,04.png,33.png,27.png,23.png,17.png,13.png,07.png,03.png,dots1.png,00.png,"[-220, 201]","[-70, 201]","[80, 201]","[230, 201]","[-220, 51]","[-70, 51]","[80, 51]","[230, 51]","[-220, -99]","[-70, -99]","[80, -99]","[230, -99]","[-220, -249]","[-70, -249]","[80, -249]","[230, -249]","[100, 100]","[100, 100]","[100, 100]","[100, 100]","[100, 100]","[100, 100]","[100, 100]","[100, 100]","[100, 100]","[100, 100]","[100, 100]","[100, 100]","[100, 100]","[100, 100]","[100, 100]","[100, 100]",ok.png,"[0, -375]","[150, 100]",215,dots,12,2,m,1,1,1,1,0,0,0,0,0,0,0,0.749088406563,0.7490884065628052,0,83,83,-308,-308,1,1,0,0,0,0,0,0,0,0.799292564392,0.7992925643920898,0,-16,-16,-400,-400,313
04.png,20.png,30.png,02.png,00.png,00.png,03.png,04.png,24.png,23.png,00.png,00.png,14.png,07.png,17.png,dots1.png,"[-244, 249]","[-94, 249]","[56, 249]","[206, 249]","[-244, 99]","[-94, 99]","[56, 99]","[206, 99]","[-244, -51]","[-94, -51]","[56, -51]","[206, -51]","[-244, -201]","[-94, -201]","[56, -201]","[206, -201]","[100, 100]","[100, 100]","[100, 100]","[100, 100]","[100, 100]","[100, 100]","[100, 100]","[100, 100]","[100, 100]","[100, 100]","[100, 100]","[100, 100]","[100, 100]","[100, 100]","[100, 100]","[100, 100]",ok.png,"[0, -375]","[150, 100]",216,dots,12,2,m,1,1,1,1,0,0,0,0,0,0,0,3.4488928318,3.448892831802368,0,195,195,-202,-202,1,1,0,0,0,0,0,0,0,0.565953969955,0.5659539699554443,0,41,41,-380,-380,332
03.png,19.png,29.png,00.png,00.png,02.png,32.png,11.png,12.png,22.png,16.png,00.png,00.png,04.png,dots1.png,18.png,"[-204, 212]","[-54, 212]","[96, 212]","[246, 212]","[-204, 62]","[-54, 62]","[96, 62]","[246, 62]","[-204, -88]","[-54, -88]","[96, -88]","[246, -88]","[-204, -238]","[-54, -238]","[96, -238]","[246, -238]","[100, 100]","[100, 100]","[100, 100]","[100, 100]","[100, 100]","[100, 100]","[100, 100]","[100, 100]","[100, 100]","[100, 100]","[100, 100]","[100, 100]","[100, 100]","[100, 100]","[100, 100]","[100, 100]",ok.png,"[0, -375]","[150, 100]",217,dots,12,2,m,1,1,1,1,0,0,0,0,0,0,0,1.39899218082,1.39899218082428,0,80,80,-232,-232,1,1,0,0,0,0,0,0,0,0.482327610254,0.4823276102542877,0,27,27,-375,-375,327
16.png,13.png,11.png,05.png,21.png,00.png,00.png,00.png,00.png,27.png,28.png,25.png,03.png,dots1.png,08.png,15.png,"[-202, 210]","[-52, 210]","[98, 210]","[248, 210]","[-202, 60]","[-52, 60]","[98, 60]","[248, 60]","[-202, -90]","[-52, -90]","[98, -90]","[248, -90]","[-202, -240]","[-52, -240]","[98, -240]","[248, -240]","[100, 100]","[100, 100]","[100, 100]","[100, 100]","[100, 100]","[100, 100]","[100, 100]","[100, 100]","[100, 100]","[100, 100]","[100, 100]","[100, 100]","[100, 100]","[100, 100]","[100, 100]","[100, 100]",ok.png,"[0, -375]","[150, 100]",218,dots,12,2,m,1,1,1,1,0,0,0,0,0,0,0,1.61557734013,1.615577340126038,0,-50,-50,-245,-245,1,1,0,0,0,0,0,0,0,1.46577715874,1.465777158737183,0,-14,-14,-408,-408,33
06.png,21.png,15.png,17.png,00.png,00.png,16.png,28.png,29.png,09.png,00.png,23.png,dots1.png,14.png,07.png,00.png,"[-234, 243]","[-84, 243]","[66, 243]","[216, 243]","[-234, 93]","[-84, 93]","[66, 93]","[216, 93]","[-234, -57]","[-84, -57]","[66, -57]","[216, -57]","[-234, -207]","[-84, -207]","[66, -207]","[216, -207]","[100, 100]","[100, 100]","[100, 100]","[100, 100]","[100, 100]","[100, 100]","[100, 100]","[100, 100]","[100, 100]","[100, 100]","[100, 100]","[100, 100]","[100, 100]","[100, 100]","[100, 100]","[100, 100]",ok.png,"[0, -375]","[150, 100]",219,dots,12,2,m,1,1,1,1,0,0,0,0,0,0,0,1.11570060253,1.115700602531433,0,-215,-215,-188,-188,1,1,0,0,0,0,0,0,0,0.832836866379,0.8328368663787842,0,36,36,-395,-395,211
00.png,11.png,01.png,28.png,12.png,00.png,00.png,34.png,15.png,30.png,08.png,dots1.png,31.png,21.png,32.png,00.png,"[-211, 220]","[-61, 220]","[89, 220]","[239, 220]","[-211, 70]","[-61, 70]","[89, 70]","[239, 70]","[-211, -80]","[-61, -80]","[89, -80]","[239, -80]","[-211, -230]","[-61, -230]","[89, -230]","[239, -230]","[100, 100]","[100, 100]","[100, 100]","[100, 100]","[100, 100]","[100, 100]","[100, 100]","[100, 100]","[100, 100]","[100, 100]","[100, 100]","[100, 100]","[100, 100]","[100, 100]","[100, 100]","[100, 100]",ok.png,"[0, -375]","[150, 100]",220,dots,12,2,m,1,1,1,1,0,0,0,0,0,0,0,1.64904332161,1.649043321609497,0,264,264,-71,-71,1,1,0,0,0,0,0,0,0,1.08256852627,1.082568526268005,0,-11,-11,-411,-411,7
00.png,00.png,12.png,04.png,32.png,31.png,24.png,27.png,07.png,09.png,dots1.png,10.png,13.png,16.png,00.png,00.png,"[-248, 225]","[-98, 225]","[52, 225]","[202, 225]","[-248, 75]","[-98, 75]","[52, 75]","[202, 75]","[-248, -75]","[-98, -75]","[52, -75]","[202, -75]","[-248, -225]","[-98, -225]","[52, -225]","[202, -225]","[100, 100]","[100, 100]","[100, 100]","[100, 100]","[100, 100]","[100, 100]","[100, 100]","[100, 100]","[100, 100]","[100, 100]","[100, 100]","[100, 100]","[100, 100]","[100, 100]","[100, 100]","[100, 100]",ok.png,"[0, -375]","[150, 100]",221,dots,12,2,m,1,1,1,1,0,0,0,0,0,0,0,1.71586441994,1.715864419937134,0,80,80,-74,-74,1,1,0,0,0,0,0,0,0,0.432663053274,0.4326630532741547,0,41,41,-395,-395,376
00.png,00.png,25.png,12.png,33.png,19.png,05.png,00.png,01.png,dots1.png,07.png,10.png,34.png,20.png,00.png,30.png,"[-236, 224]","[-86, 224]","[64, 224]","[214, 224]","[-236, 74]","[-86, 74]","[64, 74]","[214, 74]","[-236, -76]","[-86, -76]","[64, -76]","[214, -76]","[-236, -226]","[-86, -226]","[64, -226]","[214, -226]","[100, 100]","[100, 100]","[100, 100]","[100, 100]","[100, 100]","[100, 100]","[100, 100]","[100, 100]","[100, 100]","[100, 100]","[100, 100]","[100, 100]","[100, 100]","[100, 100]","[100, 100]","[100, 100]",ok.png,"[0, -375]","[150, 100]",222,dots,12,2,m,1,1,1,1,0,0,0,0,0,0,0,1.51552057266,1.515520572662354,0,-103,-103,-87,-87,1,1,0,0,0,0,0,0,0,0.666140437126,0.6661404371261597,0,-26,-26,-398,-398,359
11.png,13.png,17.png,18.png,00.png,14.png,00.png,09.png,dots1.png,02.png,04.png,30.png,26.png,24.png,00.png,00.png,"[-209, 226]","[-59, 226]","[91, 226]","[241, 226]","[-209, 76]","[-59, 76]","[91, 76]","[241, 76]","[-209, -74]","[-59, -74]","[91, -74]","[241, -74]","[-209, -224]","[-59, -224]","[91, -224]","[241, -224]","[100, 100]","[100, 100]","[100, 100]","[100, 100]","[100, 100]","[100, 100]","[100, 100]","[100, 100]","[100, 100]","[100, 100]","[100, 100]","[100, 100]","[100, 100]","[100, 100]","[100, 100]","[100, 100]",ok.png,"[0, -375]","[150, 100]",223,dots,12,2,m,1,1,1,1,0,0,0,0,0,0,0,1.31561040878,1.315610408782959,0,-219,-219,-106,-106,1,1,0,0,0,0,0,0,0,1.28291583061,1.282915830612183,0,46,46,-361,-361,123
00.png,14.png,10.png,20.png,11.png,07.png,00.png,dots1.png,18.png,31.png,00.png,30.png,09.png,00.png,03.png,19.png,"[-218, 222]","[-68, 222]","[82, 222]","[232, 222]","[-218, 72]","[-68, 72]","[82, 72]","[232, 72]","[-218, -78]","[-68, -78]","[82, -78]","[232, -78]","[-218, -228]","[-68, -228]","[82, -228]","[232, -228]","[100, 100]","[100, 100]","[100, 100]","[100, 100]","[100, 100]","[100, 100]","[100, 100]","[100, 100]","[100, 100]","[100, 100]","[100, 100]","[100, 100]","[100, 100]","[100, 100]","[100, 100]","[100, 100]",ok.png,"[0, -375]","[150, 100]",224,dots,12,2,m,1,1,1,1,0,0,0,0,0,0,0,2.68239951134,2.68239951133728,0,247,247,82,82,1,1,0,0,0,0,0,0,0,0.849572122097,0.8495721220970154,0,4,4,-358,-358,144
31.png,03.png,13.png,00.png,23.png,21.png,dots1.png,00.png,33.png,00.png,14.png,00.png,19.png,32.png,29.png,26.png,"[-210, 219]","[-60, 219]","[90, 219]","[240, 219]","[-210, 69]","[-60, 69]","[90, 69]","[240, 69]","[-210, -81]","[-60, -81]","[90, -81]","[240, -81]","[-210, -231]","[-60, -231]","[90, -231]","[240, -231]","[100, 100]","[100, 100]","[100, 100]","[100, 100]","[100, 100]","[100, 100]","[100, 100]","[100, 100]","[100, 100]","[100, 100]","[100, 100]","[100, 100]","[100, 100]","[100, 100]","[100, 100]","[100, 100]",ok.png,"[0, -375]","[150, 100]",225,dots,12,2,m,1,1,1,1,0,0,0,0,0,0,0,2.26566457748,2.265664577484131,0,65,65,99,99,1,1,0,0,0,0,0,0,0,0.766157925129,0.7661579251289368,0,-56,-56,-362,-362,391
00.png,00.png,00.png,00.png,11.png,10.png,09.png,08.png,07.png,06.png,05.png,04.png,03.png,02.png,01.png,dots2.png,"[-221, 231]","[-71, 231]","[79, 231]","[229, 231]","[-221, 81]","[-71, 81]","[79, 81]","[229, 81]","[-221, -69]","[-71, -69]","[79, -69]","[229, -69]","[-221, -219]","[-71, -219]","[79, -219]","[229, -219]","[100, 100]","[100, 100]","[100, 100]","[100, 100]","[100, 100]","[100, 100]","[100, 100]","[100, 100]","[100, 100]","[100, 100]","[100, 100]","[100, 100]","[100, 100]","[100, 100]","[100, 100]","[100, 100]",ok.png,"[0, -375]","[150, 100]",226,dots,12,2,m,1,1,1,1,0,0,0,0,0,0,0,1.41558814049,1.415588140487671,0,256,256,-243,-243,1,1,0,0,0,0,0,0,0,0.899435818195,0.899435818195343,0,-38,-38,-385,-385,117
00.png,00.png,31.png,32.png,33.png,34.png,14.png,00.png,13.png,12.png,11.png,10.png,00.png,09.png,dots2.png,08.png,"[-233, 201]","[-83, 201]","[67, 201]","[217, 201]","[-233, 51]","[-83, 51]","[67, 51]","[217, 51]","[-233, -99]","[-83, -99]","[67, -99]","[217, -99]","[-233, -249]","[-83, -249]","[67, -249]","[217, -249]","[100, 100]","[100, 100]","[100, 100]","[100, 100]","[100, 100]","[100, 100]","[100, 100]","[100, 100]","[100, 100]","[100, 100]","[100, 100]","[100, 100]","[100, 100]","[100, 100]","[100, 100]","[100, 100]",ok.png,"[0, -375]","[150, 100]",227,dots,12,2,m,1,1,1,1,0,0,0,0,0,0,0,1.26548111439,1.265481114387512,0,88,88,-221,-221,1,1,0,0,0,0,0,0,0,1.5162769556,1.516276955604553,0,3,3,-364,-364,70
00.png,00.png,25.png,24.png,23.png,22.png,21.png,20.png,19.png,18.png,17.png,16.png,15.png,dots2.png,00.png,00.png,"[-207, 227]","[-57, 227]","[93, 227]","[243, 227]","[-207, 77]","[-57, 77]","[93, 77]","[243, 77]","[-207, -73]","[-57, -73]","[93, -73]","[243, -73]","[-207, -223]","[-57, -223]","[93, -223]","[243, -223]","[100, 100]","[100, 100]","[100, 100]","[100, 100]","[100, 100]","[100, 100]","[100, 100]","[100, 100]","[100, 100]","[100, 100]","[100, 100]","[100, 100]","[100, 100]","[100, 100]","[100, 100]","[100, 100]",ok.png,"[0, -375]","[150, 100]",228,dots,12,2,m,1,1,1,1,0,0,0,0,0,0,0,1.59890151024,1.598901510238647,0,-225,-225,-221,-221,1,1,0,0,0,0,0,0,0,0.849576413631,0.8495764136314392,0,-12,-12,-347,-347,131
33.png,32.png,30.png,29.png,00.png,00.png,31.png,27.png,26.png,28.png,00.png,00.png,dots2.png,24.png,23.png,22.png,"[-206, 241]","[-56, 241]","[94, 241]","[244, 241]","[-206, 91]","[-56, 91]","[94, 91]","[244, 91]","[-206, -59]","[-56, -59]","[94, -59]","[244, -59]","[-206, -209]","[-56, -209]","[94, -209]","[244, -209]","[100, 100]","[100, 100]","[100, 100]","[100, 100]","[100, 100]","[100, 100]","[100, 100]","[100, 100]","[100, 100]","[100, 100]","[100, 100]","[100, 100]","[100, 100]","[100, 100]","[100, 100]","[100, 100]",ok.png,"[0, -375]","[150, 100]",229,dots,12,2,m,1,1,1,1,0,0,0,0,0,0,0,1.94897353649,1.948973536491394,0,-223,-223,-199,-199,1,1,0,0,0,0,0,0,0,0.649357676506,0.6493576765060425,0,41,41,-362,-362,191
00.png,00.png,00.png,00.png,01.png,34.png,33.png,32.png,31.png,30.png,29.png,dots2.png,08.png,06.png,04.png,02.png,"[-249, 229]","[-99, 229]","[51, 229]","[201, 229]","[-249, 79]","[-99, 79]","[51, 79]","[201, 79]","[-249, -71]","[-99, -71]","[51, -71]","[201, -71]","[-249, -221]","[-99, -221]","[51, -221]","[201, -221]","[100, 100]","[100, 100]","[100, 100]","[100, 100]","[100, 100]","[100, 100]","[100, 100]","[100, 100]","[100, 100]","[100, 100]","[100, 100]","[100, 100]","[100, 100]","[100, 100]","[100, 100]","[100, 100]",ok.png,"[0, -375]","[150, 100]",230,dots,12,2,m,1,1,1,1,0,0,0,0,0,0,0,1.44897675514,1.448976755142212,0,227,227,-95,-95,1,1,0,0,0,0,0,0,0,0.699513196945,0.6995131969451904,0,10,10,-362,-362,382
00.png,00.png,23.png,17.png,29.png,09.png,15.png,06.png,00.png,00.png,dots2.png,04.png,27.png,07.png,34.png,01.png,"[-207, 241]","[-57, 241]","[93, 241]","[243, 241]","[-207, 91]","[-57, 91]","[93, 91]","[243, 91]","[-207, -59]","[-57, -59]","[93, -59]","[243, -59]","[-207, -209]","[-57, -209]","[93, -209]","[243, -209]","[100, 100]","[100, 100]","[100, 100]","[100, 100]","[100, 100]","[100, 100]","[100, 100]","[100, 100]","[100, 100]","[100, 100]","[100, 100]","[100, 100]","[100, 100]","[100, 100]","[100, 100]","[100, 100]",ok.png,"[0, -375]","[150, 100]",231,dots,12,2,m,1,1,1,1,0,0,0,0,0,0,0,2.61534142494,2.615341424942017,0,103,103,-74,-74,1,1,0,0,0,0,0,0,0,0.599253892899,0.5992538928985596,0,-7,-7,-383,-383,259
17.png,09.png,22.png,06.png,00.png,00.png,14.png,18.png,25.png,dots2.png,03.png,07.png,05.png,02.png,00.png,00.png,"[-243, 235]","[-93, 235]","[57, 235]","[207, 235]","[-243, 85]","[-93, 85]","[57, 85]","[207, 85]","[-243, -65]","[-93, -65]","[57, -65]","[207, -65]","[-243, -215]","[-93, -215]","[57, -215]","[207, -215]","[100, 100]","[100, 100]","[100, 100]","[100, 100]","[100, 100]","[100, 100]","[100, 100]","[100, 100]","[100, 100]","[100, 100]","[100, 100]","[100, 100]","[100, 100]","[100, 100]","[100, 100]","[100, 100]",ok.png,"[0, -375]","[150, 100]",232,dots,12,2,m,1,1,1,1,0,0,0,0,0,0,0,1.13221549988,1.13221549987793,0,-92,-92,-77,-77,1,1,0,0,0,0,0,0,0,0.616240620613,0.6162406206130981,0,26,26,-359,-359,328
00.png,33.png,00.png,00.png,31.png,25.png,17.png,30.png,dots2.png,27.png,15.png,20.png,07.png,33.png,05.png,00.png,"[-242, 229]","[-92, 229]","[58, 229]","[208, 229]","[-242, 79]","[-92, 79]","[58, 79]","[208, 79]","[-242, -71]","[-92, -71]","[58, -71]","[208, -71]","[-242, -221]","[-92, -221]","[58, -221]","[208, -221]","[100, 100]","[100, 100]","[100, 100]","[100, 100]","[100, 100]","[100, 100]","[100, 100]","[100, 100]","[100, 100]","[100, 100]","[100, 100]","[100, 100]","[100, 100]","[100, 100]","[100, 100]","[100, 100]",ok.png,"[0, -375]","[150, 100]",233,dots,12,2,m,1,1,1,1,0,0,0,0,0,0,0,1.51589286327,1.515892863273621,0,-230,-230,-86,-86,1,1,0,0,0,0,0,0,0,1.63276255131,1.632762551307678,0,-41,-41,-374,-374,445
33.png,31.png,25.png,21.png,27.png,23.png,29.png,dots2.png,00.png,00.png,00.png,00.png,16.png,13.png,10.png,07.png,"[-243, 208]","[-93, 208]","[57, 208]","[207, 208]","[-243, 58]","[-93, 58]","[57, 58]","[207, 58]","[-243, -92]","[-93, -92]","[57, -92]","[207, -92]","[-243, -242]","[-93, -242]","[57, -242]","[207, -242]","[100, 100]","[100, 100]","[100, 100]","[100, 100]","[100, 100]","[100, 100]","[100, 100]","[100, 100]","[100, 100]","[100, 100]","[100, 100]","[100, 100]","[100, 100]","[100, 100]","[100, 100]","[100, 100]",ok.png,"[0, -375]","[150, 100]",234,dots,12,2,m,1,1,1,1,0,0,0,0,0,0,0,3.21561145782,3.215611457824707,0,182,182,34,34,1,1,0,0,0,0,0,0,0,0.733249425888,0.7332494258880615,0,-10,-10,-377,-377,277
00.png,00.png,00.png,00.png,26.png,24.png,dots2.png,22.png,20.png,18.png,16.png,14.png,03.png,05.png,07.png,09.png,"[-246, 231]","[-96, 231]","[54, 231]","[204, 231]","[-246, 81]","[-96, 81]","[54, 81]","[204, 81]","[-246, -69]","[-96, -69]","[54, -69]","[204, -69]","[-246, -219]","[-96, -219]","[54, -219]","[204, -219]","[100, 100]","[100, 100]","[100, 100]","[100, 100]","[100, 100]","[100, 100]","[100, 100]","[100, 100]","[100, 100]","[100, 100]","[100, 100]","[100, 100]","[100, 100]","[100, 100]","[100, 100]","[100, 100]",ok.png,"[0, -375]","[150, 100]",235,dots,12,2,m,1,1,1,1,0,0,0,0,0,0,0,0.965840756893,0.965840756893158,0,72,72,76,76,1,1,0,0,0,0,0,0,0,0.682444810867,0.6824448108673096,0,16,16,-374,-374,203
00.png,00.png,27.png,24.png,21.png,dots2.png,19.png,16.png,32.png,34.png,10.png,13.png,31.png,33.png,00.png,00.png,"[-222, 245]","[-72, 245]","[78, 245]","[228, 245]","[-222, 95]","[-72, 95]","[78, 95]","[228, 95]","[-222, -55]","[-72, -55]","[78, -55]","[228, -55]","[-222, -205]","[-72, -205]","[78, -205]","[228, -205]","[100, 100]","[100, 100]","[100, 100]","[100, 100]","[100, 100]","[100, 100]","[100, 100]","[100, 100]","[100, 100]","[100, 100]","[100, 100]","[100, 100]","[100, 100]","[100, 100]","[100, 100]","[100, 100]",ok.png,"[0, -375]","[150, 100]",236,dots,12,2,m,1,1,1,1,0,0,0,0,0,0,0,1.5155351162,1.515535116195679,0,-49,-49,98,98,1,1,0,0,0,0,0,0,0,0.565928936005,0.5659289360046387,0,54,54,-388,-388,435
34.png,27.png,00.png,00.png,dots2.png,11.png,16.png,21.png,17.png,04.png,00.png,00.png,25.png,20.png,15.png,10.png,"[-224, 216]","[-74, 216]","[76, 216]","[226, 216]","[-224, 66]","[-74, 66]","[76, 66]","[226, 66]","[-224, -84]","[-74, -84]","[76, -84]","[226, -84]","[-224, -234]","[-74, -234]","[76, -234]","[226, -234]","[100, 100]","[100, 100]","[100, 100]","[100, 100]","[100, 100]","[100, 100]","[100, 100]","[100, 100]","[100, 100]","[100, 100]","[100, 100]","[100, 100]","[100, 100]","[100, 100]","[100, 100]","[100, 100]",ok.png,"[0, -375]","[150, 100]",237,dots,12,2,m,1,1,1,1,0,0,0,0,0,0,0,3.64887619019,3.648876190185547,0,-218,-218,102,102,1,1,0,0,0,0,0,0,0,0.81611263752,0.8161126375198364,0,-4,-4,-394,-394,45
04.png,02.png,05.png,dots2.png,08.png,07.png,01.png,03.png,00.png,00.png,32.png,28.png,24.png,20.png,00.png,00.png,"[-233, 217]","[-83, 217]","[67, 217]","[217, 217]","[-233, 67]","[-83, 67]","[67, 67]","[217, 67]","[-233, -83]","[-83, -83]","[67, -83]","[217, -83]","[-233, -233]","[-83, -233]","[67, -233]","[217, -233]","[100, 100]","[100, 100]","[100, 100]","[100, 100]","[100, 100]","[100, 100]","[100, 100]","[100, 100]","[100, 100]","[100, 100]","[100, 100]","[100, 100]","[100, 100]","[100, 100]","[100, 100]","[100, 100]",ok.png,"[0, -375]","[150, 100]",238,dots,12,2,m,1,1,1,1,0,0,0,0,0,0,0,3.26590275764,3.265902757644653,0,227,227,191,191,1,1,0,0,0,0,0,0,0,0.682508826256,0.6825088262557983,0,-5,-5,-372,-372,60
01.png,12.png,dots2.png,23.png,00.png,00.png,28.png,13.png,08.png,33.png,03.png,00.png,16.png,06.png,00.png,29.png,"[-206, 222]","[-56, 222]","[94, 222]","[244, 222]","[-206, 72]","[-56, 72]","[94, 72]","[244, 72]","[-206, -78]","[-56, -78]","[94, -78]","[244, -78]","[-206, -228]","[-56, -228]","[94, -228]","[244, -228]","[100, 100]","[100, 100]","[100, 100]","[100, 100]","[100, 100]","[100, 100]","[100, 100]","[100, 100]","[100, 100]","[100, 100]","[100, 100]","[100, 100]","[100, 100]","[100, 100]","[100, 100]","[100, 100]",ok.png,"[0, -375]","[150, 100]",239,dots,12,2,m,1,1,1,1,0,0,0,0,0,0,0,1.31582522392,1.315825223922729,0,105,105,232,232,1,1,0,0,0,0,0,0,0,1.59944450855,1.599444508552551,0,5,5,-395,-395,251
00.png,dots2.png,03.png,07.png,13.png,17.png,23.png,27.png,33.png,04.png,06.png,14.png,16.png,00.png,00.png,00.png,"[-215, 232]","[-65, 232]","[85, 232]","[235, 232]","[-215, 82]","[-65, 82]","[85, 82]","[235, 82]","[-215, -68]","[-65, -68]","[85, -68]","[235, -68]","[-215, -218]","[-65, -218]","[85, -218]","[235, -218]","[100, 100]","[100, 100]","[100, 100]","[100, 100]","[100, 100]","[100, 100]","[100, 100]","[100, 100]","[100, 100]","[100, 100]","[100, 100]","[100, 100]","[100, 100]","[100, 100]","[100, 100]","[100, 100]",ok.png,"[0, -375]","[150, 100]",240,dots,12,2,m,1,1,1,1,0,0,0,0,0,0,0,1.68260097504,1.682600975036621,0,-76,-76,228,228,1,1,0,0,0,0,0,0,0,0.766030788422,0.7660307884216309,0,30,30,-355,-355,75
dots2.png,17.png,07.png,14.png,00.png,00.png,23.png,24.png,04.png,03.png,00.png,00.png,02.png,30.png,20.png,04.png,"[-206, 206]","[-56, 206]","[94, 206]","[244, 206]","[-206, 56]","[-56, 56]","[94, 56]","[244, 56]","[-206, -94]","[-56, -94]","[94, -94]","[244, -94]","[-206, -244]","[-56, -244]","[94, -244]","[244, -244]","[100, 100]","[100, 100]","[100, 100]","[100, 100]","[100, 100]","[100, 100]","[100, 100]","[100, 100]","[100, 100]","[100, 100]","[100, 100]","[100, 100]","[100, 100]","[100, 100]","[100, 100]","[100, 100]",ok.png,"[0, -375]","[150, 100]",241,dots,12,2,m,1,1,1,1,0,0,0,0,0,0,0,2.0489320755,2.048932075500488,0,-218,-218,196,196,1,1,0,0,0,0,0,0,0,2.09938001633,2.099380016326904,0,10,10,-426,-426,3
18.png,dots2.png,04.png,00.png,00.png,16.png,22.png,12.png,11.png,32.png,02.png,00.png,00.png,29.png,19.png,03.png,"[-237, 247]","[-87, 247]","[63, 247]","[213, 247]","[-237, 97]","[-87, 97]","[63, 97]","[213, 97]","[-237, -53]","[-87, -53]","[63, -53]","[213, -53]","[-237, -203]","[-87, -203]","[63, -203]","[213, -203]","[100, 100]","[100, 100]","[100, 100]","[100, 100]","[100, 100]","[100, 100]","[100, 100]","[100, 100]","[100, 100]","[100, 100]","[100, 100]","[100, 100]","[100, 100]","[100, 100]","[100, 100]","[100, 100]",ok.png,"[0, -375]","[150, 100]",242,dots,12,2,m,1,1,1,1,0,0,0,0,0,0,0,1.06549048424,1.065490484237671,0,-74,-74,244,244,1,1,0,0,0,0,0,0,0,1.08305346966,1.083053469657898,0,22,22,-385,-385,94
15.png,08.png,dots2.png,03.png,25.png,28.png,27.png,00.png,00.png,00.png,00.png,21.png,05.png,11.png,13.png,16.png,"[-203, 215]","[-53, 215]","[97, 215]","[247, 215]","[-203, 65]","[-53, 65]","[97, 65]","[247, 65]","[-203, -85]","[-53, -85]","[97, -85]","[247, -85]","[-203, -235]","[-53, -235]","[97, -235]","[247, -235]","[100, 100]","[100, 100]","[100, 100]","[100, 100]","[100, 100]","[100, 100]","[100, 100]","[100, 100]","[100, 100]","[100, 100]","[100, 100]","[100, 100]","[100, 100]","[100, 100]","[100, 100]","[100, 100]",ok.png,"[0, -375]","[150, 100]",243,dots,12,2,m,1,1,1,1,0,0,0,0,0,0,0,0.999007284641,0.999007284641266,0,88,88,191,191,1,1,0,0,0,0,0,0,0,1.4996175766,1.499617576599121,0,26,26,-407,-407,90
00.png,07.png,14.png,dots2.png,23.png,00.png,09.png,29.png,28.png,16.png,00.png,00.png,17.png,15.png,21.png,06.png,"[-203, 213]","[-53, 213]","[97, 213]","[247, 213]","[-203, 63]","[-53, 63]","[97, 63]","[247, 63]","[-203, -87]","[-53, -87]","[97, -87]","[247, -87]","[-203, -237]","[-53, -237]","[97, -237]","[247, -237]","[100, 100]","[100, 100]","[100, 100]","[100, 100]","[100, 100]","[100, 100]","[100, 100]","[100, 100]","[100, 100]","[100, 100]","[100, 100]","[100, 100]","[100, 100]","[100, 100]","[100, 100]","[100, 100]",ok.png,"[0, -375]","[150, 100]",244,dots,12,2,m,1,1,1,1,0,0,0,0,0,0,0,2.0654706955,2.065470695495605,0,221,221,214,214,1,1,0,0,0,0,0,0,0,0.682965636253,0.6829656362533569,0,-25,-25,-338,-338,326
00.png,32.png,21.png,31.png,dots2.png,08.png,30.png,15.png,34.png,00.png,00.png,12.png,28.png,01.png,11.png,00.png,"[-220, 217]","[-70, 217]","[80, 217]","[230, 217]","[-220, 67]","[-70, 67]","[80, 67]","[230, 67]","[-220, -83]","[-70, -83]","[80, -83]","[230, -83]","[-220, -233]","[-70, -233]","[80, -233]","[230, -233]","[100, 100]","[100, 100]","[100, 100]","[100, 100]","[100, 100]","[100, 100]","[100, 100]","[100, 100]","[100, 100]","[100, 100]","[100, 100]","[100, 100]","[100, 100]","[100, 100]","[100, 100]","[100, 100]",ok.png,"[0, -375]","[150, 100]",245,dots,12,2,m,1,1,1,1,0,0,0,0,0,0,0,1.79888558388,1.798885583877563,0,-227,-227,16,16,1,1,0,0,0,0,0,0,0,0.916362524033,0.9163625240325928,0,-26,-26,-360,-360,140
00.png,00.png,16.png,13.png,10.png,dots2.png,09.png,07.png,27.png,24.png,31.png,32.png,04.png,12.png,00.png,00.png,"[-207, 240]","[-57, 240]","[93, 240]","[243, 240]","[-207, 90]","[-57, 90]","[93, 90]","[243, 90]","[-207, -60]","[-57, -60]","[93, -60]","[243, -60]","[-207, -210]","[-57, -210]","[93, -210]","[243, -210]","[100, 100]","[100, 100]","[100, 100]","[100, 100]","[100, 100]","[100, 100]","[100, 100]","[100, 100]","[100, 100]","[100, 100]","[100, 100]","[100, 100]","[100, 100]","[100, 100]","[100, 100]","[100, 100]",ok.png,"[0, -375]","[150, 100]",246,dots,12,2,m,1,1,1,1,0,0,0,0,0,0,0,0.765507400036,0.7655074000358582,0,-66,-66,129,129,1,1,0,0,0,0,0,0,0,1.03271198273,1.032711982727051,0,-10,-10,-345,-345,373
30.png,00.png,20.png,34.png,10.png,07.png,dots2.png,01.png,00.png,05.png,19.png,33.png,12.png,25.png,00.png,00.png,"[-206, 237]","[-56, 237]","[94, 237]","[244, 237]","[-206, 87]","[-56, 87]","[94, 87]","[244, 87]","[-206, -63]","[-56, -63]","[94, -63]","[244, -63]","[-206, -213]","[-56, -213]","[94, -213]","[244, -213]","[100, 100]","[100, 100]","[100, 100]","[100, 100]","[100, 100]","[100, 100]","[100, 100]","[100, 100]","[100, 100]","[100, 100]","[100, 100]","[100, 100]","[100, 100]","[100, 100]","[100, 100]","[100, 100]",ok.png,"[0, -375]","[150, 100]",247,dots,12,2,m,1,1,1,1,0,0,0,0,0,0,0,1.11565709114,1.115657091140747,0,97,97,102,102,1,1,0,0,0,0,0,0,0,0.916077494621,0.9160774946212769,0,-3,-3,-388,-388,299
00.png,00.png,24.png,26.png,30.png,04.png,02.png,dots2.png,09.png,00.png,14.png,00.png,18.png,17.png,13.png,11.png,"[-233, 231]","[-83, 231]","[67, 231]","[217, 231]","[-233, 81]","[-83, 81]","[67, 81]","[217, 81]","[-233, -69]","[-83, -69]","[67, -69]","[217, -69]","[-233, -219]","[-83, -219]","[67, -219]","[217, -219]","[100, 100]","[100, 100]","[100, 100]","[100, 100]","[100, 100]","[100, 100]","[100, 100]","[100, 100]","[100, 100]","[100, 100]","[100, 100]","[100, 100]","[100, 100]","[100, 100]","[100, 100]","[100, 100]",ok.png,"[0, -375]","[150, 100]",248,dots,12,2,m,1,1,1,1,0,0,0,0,0,0,0,0.91602319479,0.9160231947898864,0,229,229,68,68,1,1,0,0,0,0,0,0,0,0.849059283733,0.8490592837333679,0,-8,-8,-359,-359,418
19.png,03.png,00.png,09.png,30.png,00.png,31.png,18.png,dots2.png,00.png,07.png,11.png,20.png,10.png,14.png,00.png,"[-203, 219]","[-53, 219]","[97, 219]","[247, 219]","[-203, 69]","[-53, 69]","[97, 69]","[247, 69]","[-203, -81]","[-53, -81]","[97, -81]","[247, -81]","[-203, -231]","[-53, -231]","[97, -231]","[247, -231]","[100, 100]","[100, 100]","[100, 100]","[100, 100]","[100, 100]","[100, 100]","[100, 100]","[100, 100]","[100, 100]","[100, 100]","[100, 100]","[100, 100]","[100, 100]","[100, 100]","[100, 100]","[100, 100]",ok.png,"[0, -375]","[150, 100]",249,dots,12,2,m,1,1,1,1,0,0,0,0,0,0,0,1.06578171253,1.065781712532043,0,-225,-225,-102,-102,1,1,0,0,0,0,0,0,0,1.01619112492,1.016191124916077,0,9,9,-421,-421,280
26.png,29.png,32.png,19.png,00.png,14.png,00.png,33.png,00.png,dots2.png,21.png,23.png,00.png,13.png,03.png,31.png,"[-220, 204]","[-70, 204]","[80, 204]","[230, 204]","[-220, 54]","[-70, 54]","[80, 54]","[230, 54]","[-220, -96]","[-70, -96]","[80, -96]","[230, -96]","[-220, -246]","[-70, -246]","[80, -246]","[230, -246]","[100, 100]","[100, 100]","[100, 100]","[100, 100]","[100, 100]","[100, 100]","[100, 100]","[100, 100]","[100, 100]","[100, 100]","[100, 100]","[100, 100]","[100, 100]","[100, 100]","[100, 100]","[100, 100]",ok.png,"[0, -375]","[150, 100]",250,dots,12,2,m,1,1,1,1,0,0,0,0,0,0,0,7.01557350159,7.015573501586914,0,45,45,56,56,1,1,0,0,0,0,0,0,0,1.54944825172,1.549448251724243,0,-1,-1,-355,-355,257
tray1.png,01.png,02.png,03.png,04.png,05.png,06.png,07.png,08.png,09.png,10.png,dots1.png,00.png,00.png,00.png,00.png,"[-238, 232]","[-88, 232]","[62, 232]","[212, 232]","[-238, 82]","[-88, 82]","[62, 82]","[212, 82]","[-238, -68]","[-88, -68]","[62, -68]","[212, -68]","[-238, -218]","[-88, -218]","[62, -218]","[212, -218]","[100, 100]","[100, 100]","[100, 100]","[100, 100]","[100, 100]","[100, 100]","[100, 100]","[100, 100]","[100, 100]","[100, 100]","[100, 100]","[100, 100]","[100, 100]","[100, 100]","[100, 100]","[100, 100]",ok.png,"[0, -375]","[150, 100]",251,both,12,3,m,1,1,1,1,0,0,0,0,0,0,0,2.0991294384,2.099129438400269,0,216,216,-103,-103,1,1,0,0,0,0,0,0,0,0.616118907928,0.6161189079284668,0,-215,-215,211,211,354
08.png,tray1.png,09.png,00.png,10.png,11.png,12.png,13.png,00.png,14.png,dots1.png,33.png,32.png,31.png,00.png,00.png,"[-201, 238]","[-51, 238]","[99, 238]","[249, 238]","[-201, 88]","[-51, 88]","[99, 88]","[249, 88]","[-201, -62]","[-51, -62]","[99, -62]","[249, -62]","[-201, -212]","[-51, -212]","[99, -212]","[249, -212]","[100, 100]","[100, 100]","[100, 100]","[100, 100]","[100, 100]","[100, 100]","[100, 100]","[100, 100]","[100, 100]","[100, 100]","[100, 100]","[100, 100]","[100, 100]","[100, 100]","[100, 100]","[100, 100]",ok.png,"[0, -375]","[150, 100]",252,both,12,3,m,1,1,1,1,0,0,0,0,0,0,0,0.965877771378,0.9658777713775636,0,101,101,-76,-76,1,1,0,0,0,0,0,0,0,0.532730877399,0.5327308773994446,0,6,6,-407,-407,227
00.png,00.png,tray1.png,15.png,16.png,17.png,18.png,19.png,20.png,dots1.png,22.png,23.png,24.png,25.png,00.png,00.png,"[-216, 248]","[-66, 248]","[84, 248]","[234, 248]","[-216, 98]","[-66, 98]","[84, 98]","[234, 98]","[-216, -52]","[-66, -52]","[84, -52]","[234, -52]","[-216, -202]","[-66, -202]","[84, -202]","[234, -202]","[100, 100]","[100, 100]","[100, 100]","[100, 100]","[100, 100]","[100, 100]","[100, 100]","[100, 100]","[100, 100]","[100, 100]","[100, 100]","[100, 100]","[100, 100]","[100, 100]","[100, 100]","[100, 100]",ok.png,"[0, -375]","[150, 100]",253,both,12,3,m,1,1,1,1,0,0,0,0,0,0,0,1.16529262066,1.165292620658875,0,125,125,214,214,1,1,0,0,0,0,0,0,0,0.716055870056,0.7160558700561523,0,-34,-34,-368,-368,344
22.png,23.png,24.png,tray1.png,00.png,00.png,25.png,dots1.png,00.png,00.png,27.png,28.png,29.png,30.png,31.png,32.png,"[-235, 249]","[-85, 249]","[65, 249]","[215, 249]","[-235, 99]","[-85, 99]","[65, 99]","[215, 99]","[-235, -51]","[-85, -51]","[65, -51]","[215, -51]","[-235, -201]","[-85, -201]","[65, -201]","[215, -201]","[100, 100]","[100, 100]","[100, 100]","[100, 100]","[100, 100]","[100, 100]","[100, 100]","[100, 100]","[100, 100]","[100, 100]","[100, 100]","[100, 100]","[100, 100]","[100, 100]","[100, 100]","[100, 100]",ok.png,"[0, -375]","[150, 100]",254,both,12,3,m,1,1,1,1,0,0,0,0,0,0,0,0.932280898094,0.9322808980941772,0,206,206,98,98,1,1,0,0,0,0,0,0,0,0.632809221745,0.6328092217445374,0,213,213,251,251,397
02.png,04.png,06.png,08.png,tray1.png,29.png,dots1.png,31.png,32.png,33.png,34.png,01.png,00.png,00.png,00.png,00.png,"[-202, 229]","[-52, 229]","[98, 229]","[248, 229]","[-202, 79]","[-52, 79]","[98, 79]","[248, 79]","[-202, -71]","[-52, -71]","[98, -71]","[248, -71]","[-202, -221]","[-52, -221]","[98, -221]","[248, -221]","[100, 100]","[100, 100]","[100, 100]","[100, 100]","[100, 100]","[100, 100]","[100, 100]","[100, 100]","[100, 100]","[100, 100]","[100, 100]","[100, 100]","[100, 100]","[100, 100]","[100, 100]","[100, 100]",ok.png,"[0, -375]","[150, 100]",255,both,12,3,m,1,1,1,1,0,0,0,0,0,0,0,0.848987579346,0.8489875793457031,0,-177,-177,76,76,1,1,0,0,0,0,0,0,0,0.666037201881,0.6660372018814087,0,125,125,67,67,335
01.png,34.png,07.png,27.png,dots1.png,tray1.png,00.png,00.png,06.png,15.png,09.png,29.png,17.png,23.png,00.png,00.png,"[-248, 221]","[-98, 221]","[52, 221]","[202, 221]","[-248, 71]","[-98, 71]","[52, 71]","[202, 71]","[-248, -79]","[-98, -79]","[52, -79]","[202, -79]","[-248, -229]","[-98, -229]","[52, -229]","[202, -229]","[100, 100]","[100, 100]","[100, 100]","[100, 100]","[100, 100]","[100, 100]","[100, 100]","[100, 100]","[100, 100]","[100, 100]","[100, 100]","[100, 100]","[100, 100]","[100, 100]","[100, 100]","[100, 100]",ok.png,"[0, -375]","[150, 100]",256,both,12,3,m,1,1,1,1,0,0,0,0,0,0,0,1.56550085545,1.565500855445862,0,-76,-76,58,58,1,1,0,0,0,0,0,0,0,0.532865166664,0.5328651666641235,0,-31,-31,-365,-365,447
00.png,00.png,02.png,dots1.png,07.png,03.png,tray1.png,25.png,18.png,14.png,00.png,00.png,06.png,22.png,09.png,17.png,"[-209, 239]","[-59, 239]","[91, 239]","[241, 239]","[-209, 89]","[-59, 89]","[91, 89]","[241, 89]","[-209, -61]","[-59, -61]","[91, -61]","[241, -61]","[-209, -211]","[-59, -211]","[91, -211]","[241, -211]","[100, 100]","[100, 100]","[100, 100]","[100, 100]","[100, 100]","[100, 100]","[100, 100]","[100, 100]","[100, 100]","[100, 100]","[100, 100]","[100, 100]","[100, 100]","[100, 100]","[100, 100]","[100, 100]",ok.png,"[0, -375]","[150, 100]",257,both,12,3,m,1,1,1,1,0,0,0,0,0,0,0,0.898625433445,0.8986254334449768,0,87,87,72,72,1,1,0,0,0,0,0,0,0,0.63300126791,0.6330012679100037,0,-23,-23,-398,-398,136
00.png,05.png,dots1.png,07.png,20.png,15.png,27.png,tray1.png,30.png,17.png,25.png,31.png,00.png,00.png,33.png,00.png,"[-225, 214]","[-75, 214]","[75, 214]","[225, 214]","[-225, 64]","[-75, 64]","[75, 64]","[225, 64]","[-225, -86]","[-75, -86]","[75, -86]","[225, -86]","[-225, -236]","[-75, -236]","[75, -236]","[225, -236]","[100, 100]","[100, 100]","[100, 100]","[100, 100]","[100, 100]","[100, 100]","[100, 100]","[100, 100]","[100, 100]","[100, 100]","[100, 100]","[100, 100]","[100, 100]","[100, 100]","[100, 100]","[100, 100]",ok.png,"[0, -375]","[150, 100]",258,both,12,3,m,1,1,1,1,0,0,0,0,0,0,0,2.0824213028,2.08242130279541,0,224,224,58,58,1,1,0,0,0,0,0,0,0,1.03259849548,1.032598495483398,0,-10,-10,-389,-389,35
07.png,dots1.png,13.png,16.png,00.png,00.png,00.png,00.png,tray1.png,29.png,23.png,27.png,21.png,25.png,31.png,33.png,"[-248, 246]","[-98, 246]","[52, 246]","[202, 246]","[-248, 96]","[-98, 96]","[52, 96]","[202, 96]","[-248, -54]","[-98, -54]","[52, -54]","[202, -54]","[-248, -204]","[-98, -204]","[52, -204]","[202, -204]","[100, 100]","[100, 100]","[100, 100]","[100, 100]","[100, 100]","[100, 100]","[100, 100]","[100, 100]","[100, 100]","[100, 100]","[100, 100]","[100, 100]","[100, 100]","[100, 100]","[100, 100]","[100, 100]",ok.png,"[0, -375]","[150, 100]",259,both,12,3,m,1,1,1,1,0,0,0,0,0,0,0,1.88220524788,1.882205247879028,0,-113,-113,240,240,1,1,0,0,0,0,0,0,0,0.732805967331,0.7328059673309326,0,-260,-260,-43,-43,270
dots1.png,07.png,05.png,03.png,14.png,16.png,18.png,20.png,22.png,tray1.png,24.png,26.png,00.png,00.png,00.png,00.png,"[-243, 230]","[-93, 230]","[57, 230]","[207, 230]","[-243, 80]","[-93, 80]","[57, 80]","[207, 80]","[-243, -70]","[-93, -70]","[57, -70]","[207, -70]","[-243, -220]","[-93, -220]","[57, -220]","[207, -220]","[100, 100]","[100, 100]","[100, 100]","[100, 100]","[100, 100]","[100, 100]","[100, 100]","[100, 100]","[100, 100]","[100, 100]","[100, 100]","[100, 100]","[100, 100]","[100, 100]","[100, 100]","[100, 100]",ok.png,"[0, -375]","[150, 100]",260,both,12,3,m,1,1,1,1,0,0,0,0,0,0,0,2.23229503632,2.232295036315918,0,-94,-94,-72,-72,1,1,0,0,0,0,0,0,0,0.882746875286,0.8827468752861023,0,-244,-244,241,241,352
00.png,00.png,dots1.png,31.png,13.png,10.png,34.png,32.png,16.png,19.png,tray1.png,21.png,24.png,27.png,00.png,00.png,"[-220, 247]","[-70, 247]","[80, 247]","[230, 247]","[-220, 97]","[-70, 97]","[80, 97]","[230, 97]","[-220, -53]","[-70, -53]","[80, -53]","[230, -53]","[-220, -203]","[-70, -203]","[80, -203]","[230, -203]","[100, 100]","[100, 100]","[100, 100]","[100, 100]","[100, 100]","[100, 100]","[100, 100]","[100, 100]","[100, 100]","[100, 100]","[100, 100]","[100, 100]","[100, 100]","[100, 100]","[100, 100]","[100, 100]",ok.png,"[0, -375]","[150, 100]",261,both,12,3,m,1,1,1,1,0,0,0,0,0,0,0,2.09929561615,2.099295616149902,0,108,108,226,226,1,1,0,0,0,0,0,0,0,0.782340824604,0.7823408246040344,0,20,20,-380,-380,121
10.png,15.png,20.png,dots1.png,00.png,00.png,04.png,17.png,21.png,16.png,11.png,tray1.png,00.png,00.png,27.png,34.png,"[-218, 235]","[-68, 235]","[82, 235]","[232, 235]","[-218, 85]","[-68, 85]","[82, 85]","[232, 85]","[-218, -65]","[-68, -65]","[82, -65]","[232, -65]","[-218, -215]","[-68, -215]","[82, -215]","[232, -215]","[100, 100]","[100, 100]","[100, 100]","[100, 100]","[100, 100]","[100, 100]","[100, 100]","[100, 100]","[100, 100]","[100, 100]","[100, 100]","[100, 100]","[100, 100]","[100, 100]","[100, 100]","[100, 100]",ok.png,"[0, -375]","[150, 100]",262,both,12,3,m,1,1,1,1,0,0,0,0,0,0,0,2.64899659157,2.648996591567993,0,219,219,261,261,1,1,0,0,0,0,0,0,0,0.799189925194,0.7991899251937866,0,203,203,-59,-59,269
00.png,00.png,20.png,24.png,dots1.png,32.png,00.png,00.png,03.png,01.png,07.png,08.png,tray1.png,05.png,02.png,04.png,"[-232, 202]","[-82, 202]","[68, 202]","[218, 202]","[-232, 52]","[-82, 52]","[68, 52]","[218, 52]","[-232, -98]","[-82, -98]","[68, -98]","[218, -98]","[-232, -248]","[-82, -248]","[68, -248]","[218, -248]","[100, 100]","[100, 100]","[100, 100]","[100, 100]","[100, 100]","[100, 100]","[100, 100]","[100, 100]","[100, 100]","[100, 100]","[100, 100]","[100, 100]","[100, 100]","[100, 100]","[100, 100]","[100, 100]",ok.png,"[0, -375]","[150, 100]",263,both,12,3,m,1,1,1,1,0,0,0,0,0,0,0,1.08231794834,1.08231794834137,0,-223,-223,44,44,1,1,0,0,0,0,0,0,0,0.66606760025,0.6660676002502441,0,-237,-237,-260,-260,128
29.png,00.png,06.png,16.png,00.png,dots1.png,33.png,08.png,13.png,28.png,00.png,00.png,23.png,tray1.png,12.png,01.png,"[-209, 218]","[-59, 218]","[91, 218]","[241, 218]","[-209, 68]","[-59, 68]","[91, 68]","[241, 68]","[-209, -82]","[-59, -82]","[91, -82]","[241, -82]","[-209, -232]","[-59, -232]","[91, -232]","[241, -232]","[100, 100]","[100, 100]","[100, 100]","[100, 100]","[100, 100]","[100, 100]","[100, 100]","[100, 100]","[100, 100]","[100, 100]","[100, 100]","[100, 100]","[100, 100]","[100, 100]","[100, 100]","[100, 100]",ok.png,"[0, -375]","[150, 100]",264,both,12,3,m,1,1,1,1,0,0,0,0,0,0,0,1.21557593346,1.215575933456421,0,-61,-61,49,49,1,1,0,0,0,0,0,0,0,0.766309559345,0.7663095593452454,0,-45,-45,-233,-233,68
00.png,00.png,00.png,16.png,14.png,06.png,dots1.png,33.png,27.png,23.png,17.png,13.png,07.png,03.png,tray1.png,00.png,"[-209, 217]","[-59, 217]","[91, 217]","[241, 217]","[-209, 67]","[-59, 67]","[91, 67]","[241, 67]","[-209, -83]","[-59, -83]","[91, -83]","[241, -83]","[-209, -233]","[-59, -233]","[91, -233]","[241, -233]","[100, 100]","[100, 100]","[100, 100]","[100, 100]","[100, 100]","[100, 100]","[100, 100]","[100, 100]","[100, 100]","[100, 100]","[100, 100]","[100, 100]","[100, 100]","[100, 100]","[100, 100]","[100, 100]",ok.png,"[0, -375]","[150, 100]",265,both,12,3,m,1,1,1,1,0,0,0,0,0,0,0,0.832393109798,0.8323931097984314,0,80,80,88,88,1,1,0,0,0,0,0,0,0,0.74964851141,0.7496485114097595,0,-27,-27,-395,-395,289
04.png,20.png,30.png,02.png,00.png,00.png,03.png,dots1.png,24.png,23.png,00.png,00.png,14.png,07.png,17.png,tray1.png,"[-208, 219]","[-58, 219]","[92, 219]","[242, 219]","[-208, 69]","[-58, 69]","[92, 69]","[242, 69]","[-208, -81]","[-58, -81]","[92, -81]","[242, -81]","[-208, -231]","[-58, -231]","[92, -231]","[242, -231]","[100, 100]","[100, 100]","[100, 100]","[100, 100]","[100, 100]","[100, 100]","[100, 100]","[100, 100]","[100, 100]","[100, 100]","[100, 100]","[100, 100]","[100, 100]","[100, 100]","[100, 100]","[100, 100]",ok.png,"[0, -375]","[150, 100]",266,both,12,3,m,1,1,1,1,0,0,0,0,0,0,0,2.51614069939,2.516140699386597,0,248,248,73,73,1,1,0,0,0,0,0,0,0,1.39899563789,1.398995637893677,0,258,258,-240,-240,19
03.png,19.png,29.png,00.png,00.png,02.png,32.png,11.png,dots1.png,22.png,16.png,00.png,00.png,04.png,tray1.png,18.png,"[-226, 235]","[-76, 235]","[74, 235]","[224, 235]","[-226, 85]","[-76, 85]","[74, 85]","[224, 85]","[-226, -65]","[-76, -65]","[74, -65]","[224, -65]","[-226, -215]","[-76, -215]","[74, -215]","[224, -215]","[100, 100]","[100, 100]","[100, 100]","[100, 100]","[100, 100]","[100, 100]","[100, 100]","[100, 100]","[100, 100]","[100, 100]","[100, 100]","[100, 100]","[100, 100]","[100, 100]","[100, 100]","[100, 100]",ok.png,"[0, -375]","[150, 100]",267,both,12,3,m,1,1,1,1,0,0,0,0,0,0,0,1.91565334797,1.915653347969055,0,-222,-222,-61,-61,1,1,0,0,0,0,0,0,0,0.81608080864,0.8160808086395264,0,57,57,-262,-262,256
16.png,13.png,11.png,05.png,21.png,00.png,00.png,00.png,00.png,dots1.png,28.png,25.png,03.png,tray1.png,08.png,15.png,"[-237, 224]","[-87, 224]","[63, 224]","[213, 224]","[-237, 74]","[-87, 74]","[63, 74]","[213, 74]","[-237, -76]","[-87, -76]","[63, -76]","[213, -76]","[-237, -226]","[-87, -226]","[63, -226]","[213, -226]","[100, 100]","[100, 100]","[100, 100]","[100, 100]","[100, 100]","[100, 100]","[100, 100]","[100, 100]","[100, 100]","[100, 100]","[100, 100]","[100, 100]","[100, 100]","[100, 100]","[100, 100]","[100, 100]",ok.png,"[0, -375]","[150, 100]",268,both,12,3,m,1,1,1,1,0,0,0,0,0,0,0,1.7985394001,1.798539400100708,0,-81,-81,-103,-103,1,1,0,0,0,0,0,0,0,0.36633259058,0.36633259057998657,0,-64,-64,-256,-256,148
06.png,21.png,15.png,17.png,00.png,00.png,16.png,28.png,29.png,09.png,00.png,dots1.png,tray1.png,14.png,07.png,00.png,"[-213, 210]","[-63, 210]","[87, 210]","[237, 210]","[-213, 60]","[-63, 60]","[87, 60]","[237, 60]","[-213, -90]","[-63, -90]","[87, -90]","[237, -90]","[-213, -240]","[-63, -240]","[87, -240]","[237, -240]","[100, 100]","[100, 100]","[100, 100]","[100, 100]","[100, 100]","[100, 100]","[100, 100]","[100, 100]","[100, 100]","[100, 100]","[100, 100]","[100, 100]","[100, 100]","[100, 100]","[100, 100]","[100, 100]",ok.png,"[0, -375]","[150, 100]",269,both,12,3,m,1,1,1,1,0,0,0,0,0,0,0,1.03234958649,1.032349586486816,0,284,284,-91,-91,1,1,0,0,0,0,0,0,0,0.766110122204,0.7661101222038269,0,-225,-225,-224,-224,300
00.png,11.png,01.png,28.png,12.png,00.png,00.png,34.png,15.png,30.png,08.png,tray1.png,31.png,21.png,dots1.png,00.png,"[-248, 217]","[-98, 217]","[52, 217]","[202, 217]","[-248, 67]","[-98, 67]","[52, 67]","[202, 67]","[-248, -83]","[-98, -83]","[52, -83]","[202, -83]","[-248, -233]","[-98, -233]","[52, -233]","[202, -233]","[100, 100]","[100, 100]","[100, 100]","[100, 100]","[100, 100]","[100, 100]","[100, 100]","[100, 100]","[100, 100]","[100, 100]","[100, 100]","[100, 100]","[100, 100]","[100, 100]","[100, 100]","[100, 100]",ok.png,"[0, -375]","[150, 100]",270,both,12,3,m,1,1,1,1,0,0,0,0,0,0,0,1.18209111691,1.182091116905212,0,42,42,-227,-227,1,1,0,0,0,0,0,0,0,1.54960441589,1.549604415893555,0,218,218,-92,-92,110
00.png,00.png,12.png,dots1.png,32.png,31.png,24.png,27.png,07.png,09.png,tray1.png,10.png,13.png,16.png,00.png,00.png,"[-230, 240]","[-80, 240]","[70, 240]","[220, 240]","[-230, 90]","[-80, 90]","[70, 90]","[220, 90]","[-230, -60]","[-80, -60]","[70, -60]","[220, -60]","[-230, -210]","[-80, -210]","[70, -210]","[220, -210]","[100, 100]","[100, 100]","[100, 100]","[100, 100]","[100, 100]","[100, 100]","[100, 100]","[100, 100]","[100, 100]","[100, 100]","[100, 100]","[100, 100]","[100, 100]","[100, 100]","[100, 100]","[100, 100]",ok.png,"[0, -375]","[150, 100]",271,both,12,3,m,1,1,1,1,0,0,0,0,0,0,0,1.44884705544,1.448847055435181,0,55,55,-49,-49,1,1,0,0,0,0,0,0,0,1.38309264183,1.383092641830444,0,-13,-13,-330,-330,267
00.png,00.png,25.png,12.png,dots1.png,19.png,05.png,00.png,01.png,tray1.png,07.png,10.png,34.png,20.png,00.png,30.png,"[-218, 229]","[-68, 229]","[82, 229]","[232, 229]","[-218, 79]","[-68, 79]","[82, 79]","[232, 79]","[-218, -71]","[-68, -71]","[82, -71]","[232, -71]","[-218, -221]","[-68, -221]","[82, -221]","[232, -221]","[100, 100]","[100, 100]","[100, 100]","[100, 100]","[100, 100]","[100, 100]","[100, 100]","[100, 100]","[100, 100]","[100, 100]","[100, 100]","[100, 100]","[100, 100]","[100, 100]","[100, 100]","[100, 100]",ok.png,"[0, -375]","[150, 100]",272,both,12,3,m,1,1,1,1,0,0,0,0,0,0,0,1.2657006979,1.265700697898865,0,-252,-252,71,71,1,1,0,0,0,0,0,0,0,0.499415338039,0.4994153380393982,0,-56,-56,-96,-96,40
11.png,13.png,17.png,18.png,00.png,dots1.png,00.png,09.png,tray1.png,02.png,04.png,30.png,26.png,24.png,00.png,00.png,"[-223, 236]","[-73, 236]","[77, 236]","[227, 236]","[-223, 86]","[-73, 86]","[77, 86]","[227, 86]","[-223, -64]","[-73, -64]","[77, -64]","[227, -64]","[-223, -214]","[-73, -214]","[77, -214]","[227, -214]","[100, 100]","[100, 100]","[100, 100]","[100, 100]","[100, 100]","[100, 100]","[100, 100]","[100, 100]","[100, 100]","[100, 100]","[100, 100]","[100, 100]","[100, 100]","[100, 100]","[100, 100]","[100, 100]",ok.png,"[0, -375]","[150, 100]",273,both,12,3,m,1,1,1,1,0,0,0,0,0,0,0,0.915540754795,0.9155407547950744,0,-81,-81,89,89,1,1,0,0,0,0,0,0,0,1.34951591492,1.349515914916992,0,-190,-190,-64,-64,77
00.png,14.png,10.png,20.png,11.png,07.png,00.png,tray1.png,18.png,31.png,00.png,30.png,09.png,00.png,03.png,dots1.png,"[-213, 208]","[-63, 208]","[87, 208]","[237, 208]","[-213, 58]","[-63, 58]","[87, 58]","[237, 58]","[-213, -92]","[-63, -92]","[87, -92]","[237, -92]","[-213, -242]","[-63, -242]","[87, -242]","[237, -242]","[100, 100]","[100, 100]","[100, 100]","[100, 100]","[100, 100]","[100, 100]","[100, 100]","[100, 100]","[100, 100]","[100, 100]","[100, 100]","[100, 100]","[100, 100]","[100, 100]","[100, 100]","[100, 100]",ok.png,"[0, -375]","[150, 100]",274,both,12,3,m,1,1,1,1,0,0,0,0,0,0,0,1.0824431181,1.082443118095398,0,255,255,42,42,1,1,0,0,0,0,0,0,0,1.13266634941,1.132666349411011,0,194,194,-265,-265,104
31.png,03.png,13.png,00.png,23.png,21.png,tray1.png,00.png,33.png,00.png,14.png,00.png,19.png,32.png,dots1.png,26.png,"[-239, 222]","[-89, 222]","[61, 222]","[211, 222]","[-239, 72]","[-89, 72]","[61, 72]","[211, 72]","[-239, -78]","[-89, -78]","[61, -78]","[211, -78]","[-239, -228]","[-89, -228]","[61, -228]","[211, -228]","[100, 100]","[100, 100]","[100, 100]","[100, 100]","[100, 100]","[100, 100]","[100, 100]","[100, 100]","[100, 100]","[100, 100]","[100, 100]","[100, 100]","[100, 100]","[100, 100]","[100, 100]","[100, 100]",ok.png,"[0, -375]","[150, 100]",275,both,12,3,m,1,1,1,1,0,0,0,0,0,0,0,0.799204111099,0.7992041110992432,0,54,54,29,29,1,1,0,0,0,0,0,0,0,0.665959835052,0.6659598350524902,0,62,62,-217,-217,341
00.png,00.png,00.png,00.png,dots2.png,10.png,09.png,08.png,07.png,06.png,05.png,04.png,03.png,02.png,01.png,tray2.png,"[-244, 234]","[-94, 234]","[56, 234]","[206, 234]","[-244, 84]","[-94, 84]","[56, 84]","[206, 84]","[-244, -66]","[-94, -66]","[56, -66]","[206, -66]","[-244, -216]","[-94, -216]","[56, -216]","[206, -216]","[100, 100]","[100, 100]","[100, 100]","[100, 100]","[100, 100]","[100, 100]","[100, 100]","[100, 100]","[100, 100]","[100, 100]","[100, 100]","[100, 100]","[100, 100]","[100, 100]","[100, 100]","[100, 100]",ok.png,"[0, -375]","[150, 100]",276,both,12,3,m,1,1,1,1,0,0,0,0,0,0,0,2.98222851753,2.982228517532349,0,240,240,-242,-242,1,1,0,0,0,0,0,0,0,0.432857036591,0.4328570365905762,0,76,76,-401,-401,413
00.png,00.png,31.png,32.png,33.png,dots2.png,14.png,00.png,13.png,12.png,11.png,10.png,00.png,09.png,tray2.png,08.png,"[-224, 246]","[-74, 246]","[76, 246]","[226, 246]","[-224, 96]","[-74, 96]","[76, 96]","[226, 96]","[-224, -54]","[-74, -54]","[76, -54]","[226, -54]","[-224, -204]","[-74, -204]","[76, -204]","[226, -204]","[100, 100]","[100, 100]","[100, 100]","[100, 100]","[100, 100]","[100, 100]","[100, 100]","[100, 100]","[100, 100]","[100, 100]","[100, 100]","[100, 100]","[100, 100]","[100, 100]","[100, 100]","[100, 100]",ok.png,"[0, -375]","[150, 100]",277,both,12,3,m,1,1,1,1,0,0,0,0,0,0,0,1.09906768799,1.099067687988281,0,-79,-79,68,68,1,1,0,0,0,0,0,0,0,0.699399709702,0.6993997097015381,0,98,98,-249,-249,276
00.png,00.png,25.png,24.png,23.png,22.png,dots2.png,20.png,19.png,18.png,17.png,16.png,15.png,tray2.png,00.png,00.png,"[-238, 239]","[-88, 239]","[62, 239]","[212, 239]","[-238, 89]","[-88, 89]","[62, 89]","[212, 89]","[-238, -61]","[-88, -61]","[62, -61]","[212, -61]","[-238, -211]","[-88, -211]","[62, -211]","[212, -211]","[100, 100]","[100, 100]","[100, 100]","[100, 100]","[100, 100]","[100, 100]","[100, 100]","[100, 100]","[100, 100]","[100, 100]","[100, 100]","[100, 100]","[100, 100]","[100, 100]","[100, 100]","[100, 100]",ok.png,"[0, -375]","[150, 100]",278,both,12,3,m,1,1,1,1,0,0,0,0,0,0,0,1.01565670967,1.015656709671021,0,91,91,104,104,1,1,0,0,0,0,0,0,0,0.832576572895,0.83257657289505,0,-95,-95,-204,-204,97
33.png,32.png,30.png,29.png,00.png,00.png,31.png,dots2.png,26.png,28.png,00.png,00.png,tray2.png,24.png,23.png,22.png,"[-218, 209]","[-68, 209]","[82, 209]","[232, 209]","[-218, 59]","[-68, 59]","[82, 59]","[232, 59]","[-218, -91]","[-68, -91]","[82, -91]","[232, -91]","[-218, -241]","[-68, -241]","[82, -241]","[232, -241]","[100, 100]","[100, 100]","[100, 100]","[100, 100]","[100, 100]","[100, 100]","[100, 100]","[100, 100]","[100, 100]","[100, 100]","[100, 100]","[100, 100]","[100, 100]","[100, 100]","[100, 100]","[100, 100]",ok.png,"[0, -375]","[150, 100]",279,both,12,3,m,1,1,1,1,0,0,0,0,0,0,0,0.965817451477,0.9658174514770508,0,257,257,52,52,1,1,0,0,0,0,0,0,0,0.682546913624,0.6825469136238098,0,-252,-252,-246,-246,242
00.png,00.png,00.png,00.png,01.png,34.png,33.png,32.png,dots2.png,30.png,29.png,tray2.png,08.png,06.png,04.png,02.png,"[-234, 224]","[-84, 224]","[66, 224]","[216, 224]","[-234, 74]","[-84, 74]","[66, 74]","[216, 74]","[-234, -76]","[-84, -76]","[66, -76]","[216, -76]","[-234, -226]","[-84, -226]","[66, -226]","[216, -226]","[100, 100]","[100, 100]","[100, 100]","[100, 100]","[100, 100]","[100, 100]","[100, 100]","[100, 100]","[100, 100]","[100, 100]","[100, 100]","[100, 100]","[100, 100]","[100, 100]","[100, 100]","[100, 100]",ok.png,"[0, -375]","[150, 100]",280,both,12,3,m,1,1,1,1,0,0,0,0,0,0,0,1.06544268131,1.065442681312561,0,237,237,-99,-99,1,1,0,0,0,0,0,0,0,0.749536991119,0.7495369911193848,0,9,9,-392,-392,396
00.png,00.png,23.png,17.png,29.png,09.png,15.png,06.png,00.png,00.png,tray2.png,04.png,27.png,dots2.png,34.png,01.png,"[-211, 205]","[-61, 205]","[89, 205]","[239, 205]","[-211, 55]","[-61, 55]","[89, 55]","[239, 55]","[-211, -95]","[-61, -95]","[89, -95]","[239, -95]","[-211, -245]","[-61, -245]","[89, -245]","[239, -245]","[100, 100]","[100, 100]","[100, 100]","[100, 100]","[100, 100]","[100, 100]","[100, 100]","[100, 100]","[100, 100]","[100, 100]","[100, 100]","[100, 100]","[100, 100]","[100, 100]","[100, 100]","[100, 100]",ok.png,"[0, -375]","[150, 100]",281,both,12,3,m,1,1,1,1,0,0,0,0,0,0,0,1.26565694809,1.2656569480896,0,118,118,-104,-104,1,1,0,0,0,0,0,0,0,0.799602091312,0.7996020913124084,0,-53,-53,-229,-229,133
17.png,09.png,22.png,06.png,00.png,00.png,14.png,18.png,25.png,tray2.png,03.png,07.png,dots2.png,02.png,00.png,00.png,"[-232, 239]","[-82, 239]","[68, 239]","[218, 239]","[-232, 89]","[-82, 89]","[68, 89]","[218, 89]","[-232, -61]","[-82, -61]","[68, -61]","[218, -61]","[-232, -211]","[-82, -211]","[68, -211]","[218, -211]","[100, 100]","[100, 100]","[100, 100]","[100, 100]","[100, 100]","[100, 100]","[100, 100]","[100, 100]","[100, 100]","[100, 100]","[100, 100]","[100, 100]","[100, 100]","[100, 100]","[100, 100]","[100, 100]",ok.png,"[0, -375]","[150, 100]",282,both,12,3,m,1,1,1,1,0,0,0,0,0,0,0,1.34903120995,1.349031209945679,0,-88,-88,-79,-79,1,1,0,0,0,0,0,0,0,0.46591886878,0.4659188687801361,0,-203,-203,-198,-198,247
00.png,dots2.png,00.png,00.png,31.png,25.png,17.png,30.png,tray2.png,27.png,15.png,20.png,07.png,33.png,05.png,00.png,"[-218, 216]","[-68, 216]","[82, 216]","[232, 216]","[-218, 66]","[-68, 66]","[82, 66]","[232, 66]","[-218, -84]","[-68, -84]","[82, -84]","[232, -84]","[-218, -234]","[-68, -234]","[82, -234]","[232, -234]","[100, 100]","[100, 100]","[100, 100]","[100, 100]","[100, 100]","[100, 100]","[100, 100]","[100, 100]","[100, 100]","[100, 100]","[100, 100]","[100, 100]","[100, 100]","[100, 100]","[100, 100]","[100, 100]",ok.png,"[0, -375]","[150, 100]",283,both,12,3,m,1,1,1,1,0,0,0,0,0,0,0,1.38261473179,1.382614731788635,0,-70,-70,236,236,1,1,0,0,0,0,0,0,0,0.632661640644,0.6326616406440735,0,-171,-171,-82,-82,283
33.png,31.png,dots2.png,21.png,27.png,23.png,29.png,tray2.png,00.png,00.png,00.png,00.png,16.png,13.png,10.png,07.png,"[-236, 231]","[-86, 231]","[64, 231]","[214, 231]","[-236, 81]","[-86, 81]","[64, 81]","[214, 81]","[-236, -69]","[-86, -69]","[64, -69]","[214, -69]","[-236, -219]","[-86, -219]","[64, -219]","[214, -219]","[100, 100]","[100, 100]","[100, 100]","[100, 100]","[100, 100]","[100, 100]","[100, 100]","[100, 100]","[100, 100]","[100, 100]","[100, 100]","[100, 100]","[100, 100]","[100, 100]","[100, 100]","[100, 100]",ok.png,"[0, -375]","[150, 100]",284,both,12,3,m,1,1,1,1,0,0,0,0,0,0,0,1.4658292532,1.465829253196716,0,220,220,134,134,1,1,0,0,0,0,0,0,0,0.615796923637,0.6157969236373901,0,133,133,181,181,137
00.png,00.png,00.png,00.png,26.png,24.png,tray2.png,22.png,20.png,18.png,16.png,14.png,03.png,dots2.png,07.png,09.png,"[-203, 220]","[-53, 220]","[97, 220]","[247, 220]","[-203, 70]","[-53, 70]","[97, 70]","[247, 70]","[-203, -80]","[-53, -80]","[97, -80]","[247, -80]","[-203, -230]","[-53, -230]","[97, -230]","[247, -230]","[100, 100]","[100, 100]","[100, 100]","[100, 100]","[100, 100]","[100, 100]","[100, 100]","[100, 100]","[100, 100]","[100, 100]","[100, 100]","[100, 100]","[100, 100]","[100, 100]","[100, 100]","[100, 100]",ok.png,"[0, -375]","[150, 100]",285,both,12,3,m,1,1,1,1,0,0,0,0,0,0,0,1.19882643223,1.198826432228088,0,98,98,64,64,1,1,0,0,0,0,0,0,0,1.11594641209,1.115946412086487,0,-98,-98,-228,-228,194
00.png,00.png,27.png,24.png,21.png,tray2.png,19.png,16.png,32.png,34.png,10.png,dots2.png,31.png,33.png,00.png,00.png,"[-200, 246]","[-50, 246]","[100, 246]","[250, 246]","[-200, 96]","[-50, 96]","[100, 96]","[250, 96]","[-200, -54]","[-50, -54]","[100, -54]","[250, -54]","[-200, -204]","[-50, -204]","[100, -204]","[250, -204]","[100, 100]","[100, 100]","[100, 100]","[100, 100]","[100, 100]","[100, 100]","[100, 100]","[100, 100]","[100, 100]","[100, 100]","[100, 100]","[100, 100]","[100, 100]","[100, 100]","[100, 100]","[100, 100]",ok.png,"[0, -375]","[150, 100]",286,both,12,3,m,1,1,1,1,0,0,0,0,0,0,0,1.29884040356,1.298840403556824,0,-45,-45,100,100,1,1,0,0,0,0,0,0,0,0.616114914417,0.6161149144172668,0,-28,-28,-384,-384,296
34.png,27.png,00.png,00.png,tray2.png,11.png,16.png,21.png,17.png,04.png,00.png,00.png,dots2.png,20.png,15.png,10.png,"[-210, 223]","[-60, 223]","[90, 223]","[240, 223]","[-210, 73]","[-60, 73]","[90, 73]","[240, 73]","[-210, -77]","[-60, -77]","[90, -77]","[240, -77]","[-210, -227]","[-60, -227]","[90, -227]","[240, -227]","[100, 100]","[100, 100]","[100, 100]","[100, 100]","[100, 100]","[100, 100]","[100, 100]","[100, 100]","[100, 100]","[100, 100]","[100, 100]","[100, 100]","[100, 100]","[100, 100]","[100, 100]","[100, 100]",ok.png,"[0, -375]","[150, 100]",287,both,12,3,m,1,1,1,1,0,0,0,0,0,0,0,1.31566643715,1.315666437149048,0,-223,-223,101,101,1,1,0,0,0,0,0,0,0,0.599197864532,0.5991978645324707,0,-200,-200,-231,-231,116
04.png,02.png,05.png,tray2.png,08.png,07.png,01.png,03.png,00.png,00.png,32.png,28.png,24.png,dots2.png,00.png,00.png,"[-207, 213]","[-57, 213]","[93, 213]","[243, 213]","[-207, 63]","[-57, 63]","[93, 63]","[243, 63]","[-207, -87]","[-57, -87]","[93, -87]","[243, -87]","[-207, -237]","[-57, -237]","[93, -237]","[243, -237]","[100, 100]","[100, 100]","[100, 100]","[100, 100]","[100, 100]","[100, 100]","[100, 100]","[100, 100]","[100, 100]","[100, 100]","[100, 100]","[100, 100]","[100, 100]","[100, 100]","[100, 100]","[100, 100]",ok.png,"[0, -375]","[150, 100]",288,both,12,3,m,1,1,1,1,0,0,0,0,0,0,0,0.865900099277,0.8659000992774963,0,266,266,191,191,1,1,0,0,0,0,0,0,0,1.04928195477,1.04928195476532,0,-35,-35,-204,-204,26
01.png,12.png,tray2.png,23.png,00.png,00.png,28.png,13.png,08.png,dots2.png,03.png,00.png,16.png,06.png,00.png,29.png,"[-248, 217]","[-98, 217]","[52, 217]","[202, 217]","[-248, 67]","[-98, 67]","[52, 67]","[202, 67]","[-248, -83]","[-98, -83]","[52, -83]","[202, -83]","[-248, -233]","[-98, -233]","[52, -233]","[202, -233]","[100, 100]","[100, 100]","[100, 100]","[100, 100]","[100, 100]","[100, 100]","[100, 100]","[100, 100]","[100, 100]","[100, 100]","[100, 100]","[100, 100]","[100, 100]","[100, 100]","[100, 100]","[100, 100]",ok.png,"[0, -375]","[150, 100]",289,both,12,3,m,1,1,1,1,0,0,0,0,0,0,0,0.8990188241,0.8990188241004944,0,88,88,202,202,1,1,0,0,0,0,0,0,0,0.666113734245,0.6661137342453003,0,-106,-106,-66,-66,443
00.png,tray2.png,03.png,07.png,13.png,17.png,23.png,27.png,dots2.png,04.png,06.png,14.png,16.png,00.png,00.png,00.png,"[-238, 231]","[-88, 231]","[62, 231]","[212, 231]","[-238, 81]","[-88, 81]","[62, 81]","[212, 81]","[-238, -69]","[-88, -69]","[62, -69]","[212, -69]","[-238, -219]","[-88, -219]","[62, -219]","[212, -219]","[100, 100]","[100, 100]","[100, 100]","[100, 100]","[100, 100]","[100, 100]","[100, 100]","[100, 100]","[100, 100]","[100, 100]","[100, 100]","[100, 100]","[100, 100]","[100, 100]","[100, 100]","[100, 100]",ok.png,"[0, -375]","[150, 100]",290,both,12,3,m,1,1,1,1,0,0,0,0,0,0,0,1.48208868504,1.482088685035706,0,-56,-56,236,236,1,1,0,0,0,0,0,0,0,0.949538707733,0.9495387077331544,0,-228,-228,-65,-65,420
tray2.png,17.png,07.png,14.png,00.png,00.png,23.png,dots2.png,04.png,03.png,00.png,00.png,02.png,30.png,20.png,04.png,"[-218, 215]","[-68, 215]","[82, 215]","[232, 215]","[-218, 65]","[-68, 65]","[82, 65]","[232, 65]","[-218, -85]","[-68, -85]","[82, -85]","[232, -85]","[-218, -235]","[-68, -235]","[82, -235]","[232, -235]","[100, 100]","[100, 100]","[100, 100]","[100, 100]","[100, 100]","[100, 100]","[100, 100]","[100, 100]","[100, 100]","[100, 100]","[100, 100]","[100, 100]","[100, 100]","[100, 100]","[100, 100]","[100, 100]",ok.png,"[0, -375]","[150, 100]",291,both,12,3,m,1,1,1,1,0,0,0,0,0,0,0,1.53254425526,1.532544255256653,0,236,236,82,82,1,1,0,0,0,0,0,0,0,1.1991289854,1.199128985404968,0,-192,-192,225,225,388
18.png,tray2.png,04.png,00.png,00.png,16.png,dots2.png,12.png,11.png,32.png,02.png,00.png,00.png,29.png,19.png,03.png,"[-209, 208]","[-59, 208]","[91, 208]","[241, 208]","[-209, 58]","[-59, 58]","[91, 58]","[241, 58]","[-209, -92]","[-59, -92]","[91, -92]","[241, -92]","[-209, -242]","[-59, -242]","[91, -242]","[241, -242]","[100, 100]","[100, 100]","[100, 100]","[100, 100]","[100, 100]","[100, 100]","[100, 100]","[100, 100]","[100, 100]","[100, 100]","[100, 100]","[100, 100]","[100, 100]","[100, 100]","[100, 100]","[100, 100]",ok.png,"[0, -375]","[150, 100]",292,both,12,3,m,1,1,1,1,0,0,0,0,0,0,0,0.948871135712,0.94887113571167,0,72,72,42,42,1,1,0,0,0,0,0,0,0,0.766263484955,0.766263484954834,0,20,20,-384,-384,377
15.png,08.png,tray2.png,03.png,25.png,dots2.png,27.png,00.png,00.png,00.png,00.png,21.png,05.png,11.png,13.png,16.png,"[-232, 240]","[-82, 240]","[68, 240]","[218, 240]","[-232, 90]","[-82, 90]","[68, 90]","[218, 90]","[-232, -60]","[-82, -60]","[68, -60]","[218, -60]","[-232, -210]","[-82, -210]","[68, -210]","[218, -210]","[100, 100]","[100, 100]","[100, 100]","[100, 100]","[100, 100]","[100, 100]","[100, 100]","[100, 100]","[100, 100]","[100, 100]","[100, 100]","[100, 100]","[100, 100]","[100, 100]","[100, 100]","[100, 100]",ok.png,"[0, -375]","[150, 100]",293,both,12,3,m,1,1,1,1,0,0,0,0,0,0,0,1.0653192997,1.065319299697876,0,76,76,226,226,1,1,0,0,0,0,0,0,0,0.749553799629,0.7495537996292114,0,-76,-76,78,78,246
00.png,07.png,14.png,tray2.png,23.png,00.png,09.png,29.png,28.png,16.png,00.png,00.png,17.png,15.png,21.png,dots2.png,"[-243, 203]","[-93, 203]","[57, 203]","[207, 203]","[-243, 53]","[-93, 53]","[57, 53]","[207, 53]","[-243, -97]","[-93, -97]","[57, -97]","[207, -97]","[-243, -247]","[-93, -247]","[57, -247]","[207, -247]","[100, 100]","[100, 100]","[100, 100]","[100, 100]","[100, 100]","[100, 100]","[100, 100]","[100, 100]","[100, 100]","[100, 100]","[100, 100]","[100, 100]","[100, 100]","[100, 100]","[100, 100]","[100, 100]",ok.png,"[0, -375]","[150, 100]",294,both,12,3,m,1,1,1,1,0,0,0,0,0,0,0,3.06550049782,3.065500497817993,0,196,196,-240,-240,1,1,0,0,0,0,0,0,0,1.49961018562,1.499610185623169,0,219,219,205,205,240
00.png,32.png,21.png,31.png,tray2.png,08.png,30.png,15.png,34.png,00.png,00.png,12.png,28.png,01.png,dots2.png,00.png,"[-247, 243]","[-97, 243]","[53, 243]","[203, 243]","[-247, 93]","[-97, 93]","[53, 93]","[203, 93]","[-247, -57]","[-97, -57]","[53, -57]","[203, -57]","[-247, -207]","[-97, -207]","[53, -207]","[203, -207]","[100, 100]","[100, 100]","[100, 100]","[100, 100]","[100, 100]","[100, 100]","[100, 100]","[100, 100]","[100, 100]","[100, 100]","[100, 100]","[100, 100]","[100, 100]","[100, 100]","[100, 100]","[100, 100]",ok.png,"[0, -375]","[150, 100]",295,both,12,3,m,1,1,1,1,0,0,0,0,0,0,0,1.28228521347,1.282285213470459,0,-216,-216,94,94,1,1,0,0,0,0,0,0,0,0.566305875778,0.5663058757781982,0,82,82,-204,-204,205
00.png,00.png,16.png,13.png,10.png,tray2.png,09.png,07.png,27.png,24.png,31.png,32.png,04.png,dots2.png,00.png,00.png,"[-236, 249]","[-86, 249]","[64, 249]","[214, 249]","[-236, 99]","[-86, 99]","[64, 99]","[214, 99]","[-236, -51]","[-86, -51]","[64, -51]","[214, -51]","[-236, -201]","[-86, -201]","[64, -201]","[214, -201]","[100, 100]","[100, 100]","[100, 100]","[100, 100]","[100, 100]","[100, 100]","[100, 100]","[100, 100]","[100, 100]","[100, 100]","[100, 100]","[100, 100]","[100, 100]","[100, 100]","[100, 100]","[100, 100]",ok.png,"[0, -375]","[150, 100]",296,both,12,3,m,1,1,1,1,0,0,0,0,0,0,0,0.932328701019,0.9323287010192872,0,-70,-70,88,88,1,1,0,0,0,0,0,0,0,0.665934801102,0.6659348011016846,0,-62,-62,-204,-204,210
30.png,00.png,20.png,34.png,10.png,07.png,tray2.png,01.png,00.png,05.png,19.png,33.png,dots2.png,25.png,00.png,00.png,"[-221, 250]","[-71, 250]","[79, 250]","[229, 250]","[-221, 100]","[-71, 100]","[79, 100]","[229, 100]","[-221, -50]","[-71, -50]","[79, -50]","[229, -50]","[-221, -200]","[-71, -200]","[79, -200]","[229, -200]","[100, 100]","[100, 100]","[100, 100]","[100, 100]","[100, 100]","[100, 100]","[100, 100]","[100, 100]","[100, 100]","[100, 100]","[100, 100]","[100, 100]","[100, 100]","[100, 100]","[100, 100]","[100, 100]",ok.png,"[0, -375]","[150, 100]",297,both,12,3,m,1,1,1,1,0,0,0,0,0,0,0,0.699180066586,0.6991800665855408,0,59,59,119,119,1,1,0,0,0,0,0,0,0,1.34960615635,1.349606156349182,0,-191,-191,-196,-196,109
00.png,00.png,24.png,26.png,30.png,04.png,02.png,tray2.png,09.png,00.png,dots2.png,00.png,18.png,17.png,13.png,11.png,"[-221, 249]","[-71, 249]","[79, 249]","[229, 249]","[-221, 99]","[-71, 99]","[79, 99]","[229, 99]","[-221, -51]","[-71, -51]","[79, -51]","[229, -51]","[-221, -201]","[-71, -201]","[79, -201]","[229, -201]","[100, 100]","[100, 100]","[100, 100]","[100, 100]","[100, 100]","[100, 100]","[100, 100]","[100, 100]","[100, 100]","[100, 100]","[100, 100]","[100, 100]","[100, 100]","[100, 100]","[100, 100]","[100, 100]",ok.png,"[0, -375]","[150, 100]",298,both,12,3,m,1,1,1,1,0,0,0,0,0,0,0,1.4655550718299999,1.46555507183075,0,78,78,-46,-46,1,1,0,0,0,0,0,0,0,0.565926671028,0.5659266710281372,0,242,242,86,86,221
19.png,dots2.png,00.png,09.png,30.png,00.png,31.png,18.png,tray2.png,00.png,07.png,11.png,20.png,10.png,14.png,00.png,"[-218, 250]","[-68, 250]","[82, 250]","[232, 250]","[-218, 100]","[-68, 100]","[82, 100]","[232, 100]","[-218, -50]","[-68, -50]","[82, -50]","[232, -50]","[-218, -200]","[-68, -200]","[82, -200]","[232, -200]","[100, 100]","[100, 100]","[100, 100]","[100, 100]","[100, 100]","[100, 100]","[100, 100]","[100, 100]","[100, 100]","[100, 100]","[100, 100]","[100, 100]","[100, 100]","[100, 100]","[100, 100]","[100, 100]",ok.png,"[0, -375]","[150, 100]",299,both,12,3,m,1,1,1,1,0,0,0,0,0,0,0,1.08225882053,1.082258820533752,0,-80,-80,265,265,1,1,0,0,0,0,0,0,0,0.582932770252,0.5829327702522278,0,-193,-193,-30,-30,209
26.png,29.png,32.png,dots2.png,00.png,14.png,00.png,33.png,00.png,tray2.png,21.png,23.png,00.png,13.png,03.png,31.png,"[-204, 246]","[-54, 246]","[96, 246]","[246, 246]","[-204, 96]","[-54, 96]","[96, 96]","[246, 96]","[-204, -54]","[-54, -54]","[96, -54]","[246, -54]","[-204, -204]","[-54, -204]","[96, -204]","[246, -204]","[100, 100]","[100, 100]","[100, 100]","[100, 100]","[100, 100]","[100, 100]","[100, 100]","[100, 100]","[100, 100]","[100, 100]","[100, 100]","[100, 100]","[100, 100]","[100, 100]","[100, 100]","[100, 100]",ok.png,"[0, -375]","[150, 100]",300,both,12,3,m,1,1,1,1,0,0,0,0,0,0,0,2.71572613716,2.715726137161255,0,-84,-84,-80,-80,1,1,0,0,0,0,0,0,0,0.949477553368,0.9494775533676147,0,322,322,282,282,441
tray1.png,01.png,02.png,03.png,04.png,05.png,06.png,07.png,08.png,09.png,10.png,11.png,12.png,13.png,14.png,15.png,"[-217, 211]","[-67, 211]","[83, 211]","[233, 211]","[-217, 61]","[-67, 61]","[83, 61]","[233, 61]","[-217, -89]","[-67, -89]","[83, -89]","[233, -89]","[-217, -239]","[-67, -239]","[83, -239]","[233, -239]","[100, 100]","[100, 100]","[100, 100]","[100, 100]","[100, 100]","[100, 100]","[100, 100]","[100, 100]","[100, 100]","[100, 100]","[100, 100]","[100, 100]","[100, 100]","[100, 100]","[100, 100]","[100, 100]",ok.png,"[0, -375]","[150, 100]",301,tray,16,1,m,1,1,1,1,0,0,0,0,0,0,0,1.36561715603,1.365617156028748,0,-200,-200,189,189,1,1,0,0,0,0,0,0,0,0.732873678207,0.7328736782073975,0,-7,-7,-333,-333,329
08.png,tray1.png,09.png,01.png,10.png,11.png,12.png,13.png,15.png,14.png,34.png,33.png,32.png,31.png,22.png,23.png,"[-231, 217]","[-81, 217]","[69, 217]","[219, 217]","[-231, 67]","[-81, 67]","[69, 67]","[219, 67]","[-231, -83]","[-81, -83]","[69, -83]","[219, -83]","[-231, -233]","[-81, -233]","[69, -233]","[219, -233]","[100, 100]","[100, 100]","[100, 100]","[100, 100]","[100, 100]","[100, 100]","[100, 100]","[100, 100]","[100, 100]","[100, 100]","[100, 100]","[100, 100]","[100, 100]","[100, 100]","[100, 100]","[100, 100]",ok.png,"[0, -375]","[150, 100]",302,tray,16,1,m,1,1,1,1,0,0,0,0,0,0,0,1.41559839249,1.415598392486572,0,-96,-96,220,220,1,1,0,0,0,0,0,0,0,0.73282790184,0.73282790184021,0,24,24,-399,-399,410
05.png,06.png,tray1.png,15.png,16.png,17.png,18.png,19.png,20.png,21.png,22.png,23.png,24.png,25.png,30.png,27.png,"[-222, 212]","[-72, 212]","[78, 212]","[228, 212]","[-222, 62]","[-72, 62]","[78, 62]","[228, 62]","[-222, -88]","[-72, -88]","[78, -88]","[228, -88]","[-222, -238]","[-72, -238]","[78, -238]","[228, -238]","[100, 100]","[100, 100]","[100, 100]","[100, 100]","[100, 100]","[100, 100]","[100, 100]","[100, 100]","[100, 100]","[100, 100]","[100, 100]","[100, 100]","[100, 100]","[100, 100]","[100, 100]","[100, 100]",ok.png,"[0, -375]","[150, 100]",303,tray,16,1,m,1,1,1,1,0,0,0,0,0,0,0,1.06548535824,1.06548535823822,0,60,60,240,240,1,1,0,0,0,0,0,0,0,2.31594467163,2.315944671630859,0,-29,-29,-377,-377,336
22.png,23.png,24.png,tray1.png,03.png,12.png,25.png,26.png,02.png,08.png,27.png,28.png,29.png,30.png,31.png,32.png,"[-239, 215]","[-89, 215]","[61, 215]","[211, 215]","[-239, 65]","[-89, 65]","[61, 65]","[211, 65]","[-239, -85]","[-89, -85]","[61, -85]","[211, -85]","[-239, -235]","[-89, -235]","[61, -235]","[211, -235]","[100, 100]","[100, 100]","[100, 100]","[100, 100]","[100, 100]","[100, 100]","[100, 100]","[100, 100]","[100, 100]","[100, 100]","[100, 100]","[100, 100]","[100, 100]","[100, 100]","[100, 100]","[100, 100]",ok.png,"[0, -375]","[150, 100]",304,tray,16,1,m,1,1,1,1,0,0,0,0,0,0,0,3.11566305161,3.115663051605225,0,170,170,213,213,1,1,0,0,0,0,0,0,0,0.682798087597,0.6827980875968933,0,-12,-12,-377,-377,342
02.png,04.png,06.png,08.png,tray1.png,29.png,30.png,31.png,32.png,33.png,34.png,01.png,22.png,24.png,26.png,28.png,"[-215, 201]","[-65, 201]","[85, 201]","[235, 201]","[-215, 51]","[-65, 51]","[85, 51]","[235, 51]","[-215, -99]","[-65, -99]","[85, -99]","[235, -99]","[-215, -249]","[-65, -249]","[85, -249]","[235, -249]","[100, 100]","[100, 100]","[100, 100]","[100, 100]","[100, 100]","[100, 100]","[100, 100]","[100, 100]","[100, 100]","[100, 100]","[100, 100]","[100, 100]","[100, 100]","[100, 100]","[100, 100]","[100, 100]",ok.png,"[0, -375]","[150, 100]",305,tray,16,1,m,1,1,1,1,0,0,0,0,0,0,0,1.2491863966,1.249186396598816,0,-221,-221,78,78,1,1,0,0,0,0,0,0,0,0.982350230217,0.98235023021698,0,28,28,-355,-355,286
01.png,34.png,07.png,27.png,04.png,tray1.png,11.png,26.png,06.png,15.png,09.png,29.png,17.png,23.png,30.png,32.png,"[-228, 216]","[-78, 216]","[72, 216]","[222, 216]","[-228, 66]","[-78, 66]","[72, 66]","[222, 66]","[-228, -84]","[-78, -84]","[72, -84]","[222, -84]","[-228, -234]","[-78, -234]","[72, -234]","[222, -234]","[100, 100]","[100, 100]","[100, 100]","[100, 100]","[100, 100]","[100, 100]","[100, 100]","[100, 100]","[100, 100]","[100, 100]","[100, 100]","[100, 100]","[100, 100]","[100, 100]","[100, 100]","[100, 100]",ok.png,"[0, -375]","[150, 100]",306,tray,16,1,m,1,1,1,1,0,0,0,0,0,0,0,0.948726594448,0.9487265944480896,0,-69,-69,82,82,1,1,0,0,0,0,0,0,0,1.2994645834,1.299464583396912,0,5,5,-351,-351,295
12.png,24.png,02.png,05.png,07.png,03.png,tray1.png,25.png,18.png,14.png,13.png,27.png,06.png,22.png,09.png,17.png,"[-218, 241]","[-68, 241]","[82, 241]","[232, 241]","[-218, 91]","[-68, 91]","[82, 91]","[232, 91]","[-218, -59]","[-68, -59]","[82, -59]","[232, -59]","[-218, -209]","[-68, -209]","[82, -209]","[232, -209]","[100, 100]","[100, 100]","[100, 100]","[100, 100]","[100, 100]","[100, 100]","[100, 100]","[100, 100]","[100, 100]","[100, 100]","[100, 100]","[100, 100]","[100, 100]","[100, 100]","[100, 100]","[100, 100]",ok.png,"[0, -375]","[150, 100]",307,tray,16,1,m,1,1,1,1,0,0,0,0,0,0,0,0.899182677269,0.8991826772689819,0,75,75,82,82,1,1,0,0,0,0,0,0,0,1.58237528801,1.582375288009644,0,12,12,-376,-376,232
13.png,05.png,33.png,07.png,20.png,15.png,27.png,tray1.png,30.png,17.png,25.png,31.png,09.png,01.png,33.png,22.png,"[-223, 205]","[-73, 205]","[77, 205]","[227, 205]","[-223, 55]","[-73, 55]","[77, 55]","[227, 55]","[-223, -95]","[-73, -95]","[77, -95]","[227, -95]","[-223, -245]","[-73, -245]","[77, -245]","[227, -245]","[100, 100]","[100, 100]","[100, 100]","[100, 100]","[100, 100]","[100, 100]","[100, 100]","[100, 100]","[100, 100]","[100, 100]","[100, 100]","[100, 100]","[100, 100]","[100, 100]","[100, 100]","[100, 100]",ok.png,"[0, -375]","[150, 100]",308,tray,16,1,m,1,1,1,1,0,0,0,0,0,0,0,1.66559743881,1.665597438812256,0,212,212,44,44,1,1,0,0,0,0,0,0,0,2.04946660995,2.049466609954834,0,31,31,-392,-392,36
07.png,10.png,13.png,16.png,02.png,08.png,04.png,06.png,tray1.png,29.png,23.png,27.png,21.png,25.png,31.png,33.png,"[-218, 240]","[-68, 240]","[82, 240]","[232, 240]","[-218, 90]","[-68, 90]","[82, 90]","[232, 90]","[-218, -60]","[-68, -60]","[82, -60]","[232, -60]","[-218, -210]","[-68, -210]","[82, -210]","[232, -210]","[100, 100]","[100, 100]","[100, 100]","[100, 100]","[100, 100]","[100, 100]","[100, 100]","[100, 100]","[100, 100]","[100, 100]","[100, 100]","[100, 100]","[100, 100]","[100, 100]","[100, 100]","[100, 100]",ok.png,"[0, -375]","[150, 100]",309,tray,16,1,m,1,1,1,1,0,0,0,0,0,0,0,3.1160223484,3.116022348403931,0,-260,-260,-52,-52,1,1,0,0,0,0,0,0,0,0.665822982788,0.6658229827880859,0,70,70,-370,-370,175
09.png,07.png,05.png,03.png,14.png,16.png,18.png,20.png,22.png,tray1.png,24.png,26.png,21.png,27.png,32.png,30.png,"[-246, 232]","[-96, 232]","[54, 232]","[204, 232]","[-246, 82]","[-96, 82]","[54, 82]","[204, 82]","[-246, -68]","[-96, -68]","[54, -68]","[204, -68]","[-246, -218]","[-96, -218]","[54, -218]","[204, -218]","[100, 100]","[100, 100]","[100, 100]","[100, 100]","[100, 100]","[100, 100]","[100, 100]","[100, 100]","[100, 100]","[100, 100]","[100, 100]","[100, 100]","[100, 100]","[100, 100]","[100, 100]","[100, 100]",ok.png,"[0, -375]","[150, 100]",310,tray,16,1,m,1,1,1,1,0,0,0,0,0,0,0,1.76564049721,1.765640497207642,0,-119,-119,-73,-73,1,1,0,0,0,0,0,0,0,0.666202425957,0.6662024259567261,0,15,15,-403,-403,307
05.png,14.png,33.png,31.png,13.png,10.png,34.png,32.png,16.png,19.png,tray1.png,21.png,24.png,27.png,18.png,01.png,"[-223, 232]","[-73, 232]","[77, 232]","[227, 232]","[-223, 82]","[-73, 82]","[77, 82]","[227, 82]","[-223, -68]","[-73, -68]","[77, -68]","[227, -68]","[-223, -218]","[-73, -218]","[77, -218]","[227, -218]","[100, 100]","[100, 100]","[100, 100]","[100, 100]","[100, 100]","[100, 100]","[100, 100]","[100, 100]","[100, 100]","[100, 100]","[100, 100]","[100, 100]","[100, 100]","[100, 100]","[100, 100]","[100, 100]",ok.png,"[0, -375]","[150, 100]",311,tray,16,1,m,1,1,1,1,0,0,0,0,0,0,0,0.93232268095,0.9323226809501648,0,136,136,-50,-50,1,1,0,0,0,0,0,0,0,0.649622738361,0.6496227383613586,0,34,34,-342,-342,325
10.png,15.png,20.png,25.png,09.png,24.png,04.png,17.png,21.png,16.png,11.png,tray1.png,18.png,08.png,27.png,34.png,"[-212, 205]","[-62, 205]","[88, 205]","[238, 205]","[-212, 55]","[-62, 55]","[88, 55]","[238, 55]","[-212, -95]","[-62, -95]","[88, -95]","[238, -95]","[-212, -245]","[-62, -245]","[88, -245]","[238, -245]","[100, 100]","[100, 100]","[100, 100]","[100, 100]","[100, 100]","[100, 100]","[100, 100]","[100, 100]","[100, 100]","[100, 100]","[100, 100]","[100, 100]","[100, 100]","[100, 100]","[100, 100]","[100, 100]",ok.png,"[0, -375]","[150, 100]",312,tray,16,1,m,1,1,1,1,0,0,0,0,0,0,0,1.56583511829,1.565835118293762,0,287,287,-86,-86,1,1,0,0,0,0,0,0,0,1.41603755951,1.416037559509277,0,20,20,-365,-365,165
16.png,10.png,20.png,24.png,28.png,32.png,29.png,26.png,03.png,01.png,07.png,08.png,tray1.png,05.png,02.png,04.png,"[-225, 240]","[-75, 240]","[75, 240]","[225, 240]","[-225, 90]","[-75, 90]","[75, 90]","[225, 90]","[-225, -60]","[-75, -60]","[75, -60]","[225, -60]","[-225, -210]","[-75, -210]","[75, -210]","[225, -210]","[100, 100]","[100, 100]","[100, 100]","[100, 100]","[100, 100]","[100, 100]","[100, 100]","[100, 100]","[100, 100]","[100, 100]","[100, 100]","[100, 100]","[100, 100]","[100, 100]","[100, 100]","[100, 100]",ok.png,"[0, -375]","[150, 100]",313,tray,16,1,m,1,1,1,1,0,0,0,0,0,0,0,2.64910817146,2.649108171463013,0,-248,-248,-208,-208,1,1,0,0,0,0,0,0,0,0.466093808413,0.4660938084125519,0,-27,-27,-368,-368,273
29.png,17.png,06.png,16.png,15.png,03.png,33.png,08.png,13.png,28.png,02.png,10.png,23.png,tray1.png,12.png,01.png,"[-221, 213]","[-71, 213]","[79, 213]","[229, 213]","[-221, 63]","[-71, 63]","[79, 63]","[229, 63]","[-221, -87]","[-71, -87]","[79, -87]","[229, -87]","[-221, -237]","[-71, -237]","[79, -237]","[229, -237]","[100, 100]","[100, 100]","[100, 100]","[100, 100]","[100, 100]","[100, 100]","[100, 100]","[100, 100]","[100, 100]","[100, 100]","[100, 100]","[100, 100]","[100, 100]","[100, 100]","[100, 100]","[100, 100]",ok.png,"[0, -375]","[150, 100]",314,tray,16,1,m,1,1,1,1,0,0,0,0,0,0,0,2.39904022217,2.399040222167969,0,-50,-50,-250,-250,1,1,0,0,0,0,0,0,0,0.36609762907,0.366097629070282,0,46,46,-371,-371,91
32.png,30.png,08.png,16.png,14.png,06.png,04.png,33.png,27.png,23.png,17.png,13.png,07.png,03.png,tray1.png,24.png,"[-227, 225]","[-77, 225]","[73, 225]","[223, 225]","[-227, 75]","[-77, 75]","[73, 75]","[223, 75]","[-227, -75]","[-77, -75]","[73, -75]","[223, -75]","[-227, -225]","[-77, -225]","[73, -225]","[223, -225]","[100, 100]","[100, 100]","[100, 100]","[100, 100]","[100, 100]","[100, 100]","[100, 100]","[100, 100]","[100, 100]","[100, 100]","[100, 100]","[100, 100]","[100, 100]","[100, 100]","[100, 100]","[100, 100]",ok.png,"[0, -375]","[150, 100]",315,tray,16,1,m,1,1,1,1,0,0,0,0,0,0,0,1.89895343781,1.898953437805176,0,93,93,-197,-197,1,1,0,0,0,0,0,0,0,0.432715952396,0.4327159523963928,0,-29,-29,-401,-401,93
04.png,20.png,30.png,02.png,12.png,16.png,03.png,04.png,24.png,23.png,33.png,27.png,14.png,07.png,17.png,tray1.png,"[-230, 248]","[-80, 248]","[70, 248]","[220, 248]","[-230, 98]","[-80, 98]","[70, 98]","[220, 98]","[-230, -52]","[-80, -52]","[70, -52]","[220, -52]","[-230, -202]","[-80, -202]","[70, -202]","[220, -202]","[100, 100]","[100, 100]","[100, 100]","[100, 100]","[100, 100]","[100, 100]","[100, 100]","[100, 100]","[100, 100]","[100, 100]","[100, 100]","[100, 100]","[100, 100]","[100, 100]","[100, 100]","[100, 100]",ok.png,"[0, -375]","[150, 100]",316,tray,16,1,m,1,1,1,1,0,0,0,0,0,0,0,2.3156273365,2.315627336502075,0,224,224,-201,-201,1,1,0,0,0,0,0,0,0,0.932676851749,0.9326768517494202,0,19,19,-345,-345,5
03.png,19.png,29.png,09.png,25.png,02.png,32.png,11.png,12.png,22.png,16.png,31.png,13.png,04.png,tray1.png,18.png,"[-250, 245]","[-100, 245]","[50, 245]","[200, 245]","[-250, 95]","[-100, 95]","[50, 95]","[200, 95]","[-250, -55]","[-100, -55]","[50, -55]","[200, -55]","[-250, -205]","[-100, -205]","[50, -205]","[200, -205]","[100, 100]","[100, 100]","[100, 100]","[100, 100]","[100, 100]","[100, 100]","[100, 100]","[100, 100]","[100, 100]","[100, 100]","[100, 100]","[100, 100]","[100, 100]","[100, 100]","[100, 100]","[100, 100]",ok.png,"[0, -375]","[150, 100]",317,tray,16,1,m,1,1,1,1,0,0,0,0,0,0,0,2.08250403404,2.082504034042358,0,40,40,-218,-218,1,1,0,0,0,0,0,0,0,0.366030782461,0.3660307824611664,0,-48,-48,-383,-383,271
16.png,13.png,11.png,05.png,21.png,30.png,07.png,23.png,01.png,27.png,28.png,25.png,03.png,tray1.png,08.png,15.png,"[-246, 214]","[-96, 214]","[54, 214]","[204, 214]","[-246, 64]","[-96, 64]","[54, 64]","[204, 64]","[-246, -86]","[-96, -86]","[54, -86]","[204, -86]","[-246, -236]","[-96, -236]","[54, -236]","[204, -236]","[100, 100]","[100, 100]","[100, 100]","[100, 100]","[100, 100]","[100, 100]","[100, 100]","[100, 100]","[100, 100]","[100, 100]","[100, 100]","[100, 100]","[100, 100]","[100, 100]","[100, 100]","[100, 100]",ok.png,"[0, -375]","[150, 100]",318,tray,16,1,m,1,1,1,1,0,0,0,0,0,0,0,2.83219146729,2.832191467285156,0,-91,-91,-251,-251,1,1,0,0,0,0,0,0,0,0.449642956257,0.4496429562568665,0,3,3,-390,-390,384
06.png,21.png,15.png,17.png,20.png,05.png,16.png,28.png,29.png,09.png,02.png,23.png,tray1.png,14.png,07.png,32.png,"[-206, 229]","[-56, 229]","[94, 229]","[244, 229]","[-206, 79]","[-56, 79]","[94, 79]","[244, 79]","[-206, -71]","[-56, -71]","[94, -71]","[244, -71]","[-206, -221]","[-56, -221]","[94, -221]","[244, -221]","[100, 100]","[100, 100]","[100, 100]","[100, 100]","[100, 100]","[100, 100]","[100, 100]","[100, 100]","[100, 100]","[100, 100]","[100, 100]","[100, 100]","[100, 100]","[100, 100]","[100, 100]","[100, 100]",ok.png,"[0, -375]","[150, 100]",319,tray,16,1,m,1,1,1,1,0,0,0,0,0,0,0,1.36556231976,1.365562319755554,0,-200,-200,-208,-208,1,1,0,0,0,0,0,0,0,0.616300940514,0.6163009405136108,0,7,7,-384,-384,120
06.png,11.png,01.png,28.png,12.png,17.png,19.png,34.png,15.png,30.png,08.png,tray1.png,31.png,21.png,32.png,03.png,"[-240, 244]","[-90, 244]","[60, 244]","[210, 244]","[-240, 94]","[-90, 94]","[60, 94]","[210, 94]","[-240, -56]","[-90, -56]","[60, -56]","[210, -56]","[-240, -206]","[-90, -206]","[60, -206]","[210, -206]","[100, 100]","[100, 100]","[100, 100]","[100, 100]","[100, 100]","[100, 100]","[100, 100]","[100, 100]","[100, 100]","[100, 100]","[100, 100]","[100, 100]","[100, 100]","[100, 100]","[100, 100]","[100, 100]",ok.png,"[0, -375]","[150, 100]",320,tray,16,1,m,1,1,1,1,0,0,0,0,0,0,0,2.08180952072,2.081809520721436,0,185,185,-56,-56,1,1,0,0,0,0,0,0,0,0.666142463684,0.666142463684082,0,59,59,-353,-353,254
09.png,03.png,12.png,04.png,32.png,31.png,24.png,27.png,07.png,09.png,tray1.png,10.png,13.png,16.png,22.png,28.png,"[-249, 209]","[-99, 209]","[51, 209]","[201, 209]","[-249, 59]","[-99, 59]","[51, 59]","[201, 59]","[-249, -91]","[-99, -91]","[51, -91]","[201, -91]","[-249, -241]","[-99, -241]","[51, -241]","[201, -241]","[100, 100]","[100, 100]","[100, 100]","[100, 100]","[100, 100]","[100, 100]","[100, 100]","[100, 100]","[100, 100]","[100, 100]","[100, 100]","[100, 100]","[100, 100]","[100, 100]","[100, 100]","[100, 100]",ok.png,"[0, -375]","[150, 100]",321,tray,16,1,m,1,1,1,1,0,0,0,0,0,0,0,1.83216834068,1.832168340682983,0,55,55,-102,-102,1,1,0,0,0,0,0,0,0,0.799425423145,0.7994254231452942,0,10,10,-388,-388,400
18.png,14.png,25.png,12.png,33.png,19.png,05.png,08.png,01.png,tray1.png,07.png,10.png,34.png,20.png,26.png,30.png,"[-220, 203]","[-70, 203]","[80, 203]","[230, 203]","[-220, 53]","[-70, 53]","[80, 53]","[230, 53]","[-220, -97]","[-70, -97]","[80, -97]","[230, -97]","[-220, -247]","[-70, -247]","[80, -247]","[230, -247]","[100, 100]","[100, 100]","[100, 100]","[100, 100]","[100, 100]","[100, 100]","[100, 100]","[100, 100]","[100, 100]","[100, 100]","[100, 100]","[100, 100]","[100, 100]","[100, 100]","[100, 100]","[100, 100]",ok.png,"[0, -375]","[150, 100]",322,tray,16,1,m,1,1,1,1,0,0,0,0,0,0,0,1.14908015728,1.149080157279968,0,-73,-73,-104,-104,1,1,0,0,0,0,0,0,0,0.71609967947,0.7160996794700623,0,-10,-10,-391,-391,324
11.png,13.png,17.png,18.png,21.png,14.png,25.png,09.png,tray1.png,02.png,04.png,30.png,26.png,24.png,33.png,01.png,"[-225, 248]","[-75, 248]","[75, 248]","[225, 248]","[-225, 98]","[-75, 98]","[75, 98]","[225, 98]","[-225, -52]","[-75, -52]","[75, -52]","[225, -52]","[-225, -202]","[-75, -202]","[75, -202]","[225, -202]","[100, 100]","[100, 100]","[100, 100]","[100, 100]","[100, 100]","[100, 100]","[100, 100]","[100, 100]","[100, 100]","[100, 100]","[100, 100]","[100, 100]","[100, 100]","[100, 100]","[100, 100]","[100, 100]",ok.png,"[0, -375]","[150, 100]",323,tray,16,1,m,1,1,1,1,0,0,0,0,0,0,0,1.73250818253,1.732508182525635,0,-249,-249,-48,-48,1,1,0,0,0,0,0,0,0,1.38274812698,1.382748126983643,0,-11,-11,-361,-361,252
08.png,14.png,10.png,20.png,11.png,07.png,22.png,tray1.png,18.png,31.png,26.png,30.png,09.png,29.png,03.png,19.png,"[-229, 218]","[-79, 218]","[71, 218]","[221, 218]","[-229, 68]","[-79, 68]","[71, 68]","[221, 68]","[-229, -82]","[-79, -82]","[71, -82]","[221, -82]","[-229, -232]","[-79, -232]","[71, -232]","[221, -232]","[100, 100]","[100, 100]","[100, 100]","[100, 100]","[100, 100]","[100, 100]","[100, 100]","[100, 100]","[100, 100]","[100, 100]","[100, 100]","[100, 100]","[100, 100]","[100, 100]","[100, 100]","[100, 100]",ok.png,"[0, -375]","[150, 100]",324,tray,16,1,m,1,1,1,1,0,0,0,0,0,0,0,2.24894881248,2.248948812484741,0,246,246,67,67,1,1,0,0,0,0,0,0,0,0.532647550106,0.5326475501060486,0,-3,-3,-410,-410,52
31.png,03.png,13.png,11.png,23.png,21.png,tray1.png,30.png,33.png,15.png,14.png,05.png,19.png,32.png,29.png,26.png,"[-234, 222]","[-84, 222]","[66, 222]","[216, 222]","[-234, 72]","[-84, 72]","[66, 72]","[216, 72]","[-234, -78]","[-84, -78]","[66, -78]","[216, -78]","[-234, -228]","[-84, -228]","[66, -228]","[216, -228]","[100, 100]","[100, 100]","[100, 100]","[100, 100]","[100, 100]","[100, 100]","[100, 100]","[100, 100]","[100, 100]","[100, 100]","[100, 100]","[100, 100]","[100, 100]","[100, 100]","[100, 100]","[100, 100]",ok.png,"[0, -375]","[150, 100]",325,tray,16,1,m,1,1,1,1,0,0,0,0,0,0,0,0.732452392578,0.732452392578125,0,104,104,41,41,1,1,0,0,0,0,0,0,0,0.949435472488,0.9494354724884032,0,37,37,-341,-341,431
15.png,14.png,13.png,12.png,11.png,10.png,09.png,08.png,07.png,06.png,05.png,04.png,03.png,02.png,01.png,tray2.png,"[-209, 239]","[-59, 239]","[91, 239]","[241, 239]","[-209, 89]","[-59, 89]","[91, 89]","[241, 89]","[-209, -61]","[-59, -61]","[91, -61]","[241, -61]","[-209, -211]","[-59, -211]","[91, -211]","[241, -211]","[100, 100]","[100, 100]","[100, 100]","[100, 100]","[100, 100]","[100, 100]","[100, 100]","[100, 100]","[100, 100]","[100, 100]","[100, 100]","[100, 100]","[100, 100]","[100, 100]","[100, 100]","[100, 100]",ok.png,"[0, -375]","[150, 100]",326,tray,16,1,m,1,1,1,1,0,0,0,0,0,0,0,2.56559920311,2.565599203109741,0,255,255,-190,-190,1,1,0,0,0,0,0,0,0,0.716105937958,0.7161059379577637,0,23,23,-364,-364,423
23.png,22.png,31.png,32.png,33.png,34.png,14.png,15.png,13.png,12.png,11.png,10.png,01.png,09.png,tray2.png,08.png,"[-206, 226]","[-56, 226]","[94, 226]","[244, 226]","[-206, 76]","[-56, 76]","[94, 76]","[244, 76]","[-206, -74]","[-56, -74]","[94, -74]","[244, -74]","[-206, -224]","[-56, -224]","[94, -224]","[244, -224]","[100, 100]","[100, 100]","[100, 100]","[100, 100]","[100, 100]","[100, 100]","[100, 100]","[100, 100]","[100, 100]","[100, 100]","[100, 100]","[100, 100]","[100, 100]","[100, 100]","[100, 100]","[100, 100]",ok.png,"[0, -375]","[150, 100]",327,tray,16,1,m,1,1,1,1,0,0,0,0,0,0,0,2.09896707535,2.0989670753479,0,89,89,-232,-232,1,1,0,0,0,0,0,0,0,0.866352617741,0.8663526177406311,0,41,41,-396,-396,39
27.png,30.png,25.png,24.png,23.png,22.png,21.png,20.png,19.png,18.png,17.png,16.png,15.png,tray2.png,06.png,05.png,"[-232, 226]","[-82, 226]","[68, 226]","[218, 226]","[-232, 76]","[-82, 76]","[68, 76]","[218, 76]","[-232, -74]","[-82, -74]","[68, -74]","[218, -74]","[-232, -224]","[-82, -224]","[68, -224]","[218, -224]","[100, 100]","[100, 100]","[100, 100]","[100, 100]","[100, 100]","[100, 100]","[100, 100]","[100, 100]","[100, 100]","[100, 100]","[100, 100]","[100, 100]","[100, 100]","[100, 100]","[100, 100]","[100, 100]",ok.png,"[0, -375]","[150, 100]",328,tray,16,1,m,1,1,1,1,0,0,0,0,0,0,0,1.74873745441,1.748737454414368,0,-91,-91,-217,-217,1,1,0,0,0,0,0,0,0,1.41638994217,1.416389942169189,0,-3,-3,-376,-376,268
33.png,32.png,30.png,29.png,08.png,02.png,31.png,27.png,26.png,28.png,12.png,03.png,tray2.png,24.png,23.png,22.png,"[-237, 217]","[-87, 217]","[63, 217]","[213, 217]","[-237, 67]","[-87, 67]","[63, 67]","[213, 67]","[-237, -83]","[-87, -83]","[63, -83]","[213, -83]","[-237, -233]","[-87, -233]","[63, -233]","[213, -233]","[100, 100]","[100, 100]","[100, 100]","[100, 100]","[100, 100]","[100, 100]","[100, 100]","[100, 100]","[100, 100]","[100, 100]","[100, 100]","[100, 100]","[100, 100]","[100, 100]","[100, 100]","[100, 100]",ok.png,"[0, -375]","[150, 100]",329,tray,16,1,m,1,1,1,1,0,0,0,0,0,0,0,2.03226423264,2.032264232635498,0,-182,-182,-239,-239,1,1,0,0,0,0,0,0,0,0.982688128948,0.9826881289482116,0,-1,-1,-331,-331,448
28.png,26.png,24.png,22.png,01.png,34.png,33.png,32.png,31.png,30.png,29.png,tray2.png,08.png,06.png,04.png,02.png,"[-216, 234]","[-66, 234]","[84, 234]","[234, 234]","[-216, 84]","[-66, 84]","[84, 84]","[234, 84]","[-216, -66]","[-66, -66]","[84, -66]","[234, -66]","[-216, -216]","[-66, -216]","[84, -216]","[234, -216]","[100, 100]","[100, 100]","[100, 100]","[100, 100]","[100, 100]","[100, 100]","[100, 100]","[100, 100]","[100, 100]","[100, 100]","[100, 100]","[100, 100]","[100, 100]","[100, 100]","[100, 100]","[100, 100]",ok.png,"[0, -375]","[150, 100]",330,tray,16,1,m,1,1,1,1,0,0,0,0,0,0,0,2.49951267242,2.499512672424316,0,236,236,-72,-72,1,1,0,0,0,0,0,0,0,0.632216155529,0.6322161555290222,0,9,9,-387,-387,349
32.png,30.png,23.png,17.png,29.png,09.png,15.png,06.png,26.png,11.png,tray2.png,04.png,27.png,07.png,34.png,01.png,"[-211, 250]","[-61, 250]","[89, 250]","[239, 250]","[-211, 100]","[-61, 100]","[89, 100]","[239, 100]","[-211, -50]","[-61, -50]","[89, -50]","[239, -50]","[-211, -200]","[-61, -200]","[89, -200]","[239, -200]","[100, 100]","[100, 100]","[100, 100]","[100, 100]","[100, 100]","[100, 100]","[100, 100]","[100, 100]","[100, 100]","[100, 100]","[100, 100]","[100, 100]","[100, 100]","[100, 100]","[100, 100]","[100, 100]",ok.png,"[0, -375]","[150, 100]",331,tray,16,1,m,1,1,1,1,0,0,0,0,0,0,0,0.832110106945,0.8321101069450378,0,91,91,-55,-55,1,1,0,0,0,0,0,0,0,0.882748842239,0.8827488422393799,0,-1,-1,-371,-371,261
17.png,09.png,22.png,06.png,27.png,13.png,14.png,18.png,25.png,tray2.png,03.png,07.png,05.png,02.png,24.png,12.png,"[-237, 200]","[-87, 200]","[63, 200]","[213, 200]","[-237, 50]","[-87, 50]","[63, 50]","[213, 50]","[-237, -100]","[-87, -100]","[63, -100]","[213, -100]","[-237, -250]","[-87, -250]","[63, -250]","[213, -250]","[100, 100]","[100, 100]","[100, 100]","[100, 100]","[100, 100]","[100, 100]","[100, 100]","[100, 100]","[100, 100]","[100, 100]","[100, 100]","[100, 100]","[100, 100]","[100, 100]","[100, 100]","[100, 100]",ok.png,"[0, -375]","[150, 100]",332,tray,16,1,m,1,1,1,1,0,0,0,0,0,0,0,1.9823319912,1.982331991195679,0,-91,-91,-104,-104,1,1,0,0,0,0,0,0,0,1.04949450493,1.049494504928589,0,33,33,-382,-382,146
22.png,33.png,01.png,09.png,31.png,25.png,17.png,30.png,tray2.png,27.png,15.png,20.png,07.png,33.png,05.png,13.png,"[-206, 206]","[-56, 206]","[94, 206]","[244, 206]","[-206, 56]","[-56, 56]","[94, 56]","[244, 56]","[-206, -94]","[-56, -94]","[94, -94]","[244, -94]","[-206, -244]","[-56, -244]","[94, -244]","[244, -244]","[100, 100]","[100, 100]","[100, 100]","[100, 100]","[100, 100]","[100, 100]","[100, 100]","[100, 100]","[100, 100]","[100, 100]","[100, 100]","[100, 100]","[100, 100]","[100, 100]","[100, 100]","[100, 100]",ok.png,"[0, -375]","[150, 100]",333,tray,16,1,m,1,1,1,1,0,0,0,0,0,0,0,1.93242371082,1.932423710823059,0,-229,-229,-96,-96,1,1,0,0,0,0,0,0,0,0.749554038048,0.7495540380477905,0,27,27,-405,-405,238
33.png,31.png,25.png,21.png,27.png,23.png,29.png,tray2.png,06.png,04.png,08.png,02.png,16.png,13.png,10.png,07.png,"[-240, 221]","[-90, 221]","[60, 221]","[210, 221]","[-240, 71]","[-90, 71]","[60, 71]","[210, 71]","[-240, -79]","[-90, -79]","[60, -79]","[210, -79]","[-240, -229]","[-90, -229]","[60, -229]","[210, -229]","[100, 100]","[100, 100]","[100, 100]","[100, 100]","[100, 100]","[100, 100]","[100, 100]","[100, 100]","[100, 100]","[100, 100]","[100, 100]","[100, 100]","[100, 100]","[100, 100]","[100, 100]","[100, 100]",ok.png,"[0, -375]","[150, 100]",334,tray,16,1,m,1,1,1,1,0,0,0,0,0,0,0,1.06551408768,1.065514087677002,0,203,203,45,45,1,1,0,0,0,0,0,0,0,0.84943985939,0.8494398593902588,0,-53,-53,-390,-390,287
30.png,32.png,27.png,21.png,26.png,24.png,tray2.png,22.png,20.png,18.png,16.png,14.png,03.png,05.png,07.png,09.png,"[-223, 243]","[-73, 243]","[77, 243]","[227, 243]","[-223, 93]","[-73, 93]","[77, 93]","[227, 93]","[-223, -57]","[-73, -57]","[77, -57]","[227, -57]","[-223, -207]","[-73, -207]","[77, -207]","[227, -207]","[100, 100]","[100, 100]","[100, 100]","[100, 100]","[100, 100]","[100, 100]","[100, 100]","[100, 100]","[100, 100]","[100, 100]","[100, 100]","[100, 100]","[100, 100]","[100, 100]","[100, 100]","[100, 100]",ok.png,"[0, -375]","[150, 100]",335,tray,16,1,m,1,1,1,1,0,0,0,0,0,0,0,1.19878661633,1.198786616325378,0,68,68,107,107,1,1,0,0,0,0,0,0,0,2.03299164772,2.032991647720337,0,17,17,-377,-377,8
01.png,18.png,27.png,24.png,21.png,tray2.png,19.png,16.png,32.png,34.png,10.png,13.png,31.png,33.png,14.png,05.png,"[-241, 240]","[-91, 240]","[59, 240]","[209, 240]","[-241, 90]","[-91, 90]","[59, 90]","[209, 90]","[-241, -60]","[-91, -60]","[59, -60]","[209, -60]","[-241, -210]","[-91, -210]","[59, -210]","[209, -210]","[100, 100]","[100, 100]","[100, 100]","[100, 100]","[100, 100]","[100, 100]","[100, 100]","[100, 100]","[100, 100]","[100, 100]","[100, 100]","[100, 100]","[100, 100]","[100, 100]","[100, 100]","[100, 100]",ok.png,"[0, -375]","[150, 100]",336,tray,16,1,m,1,1,1,1,0,0,0,0,0,0,0,1.01563644409,1.015636444091797,0,-113,-113,98,98,1,1,0,0,0,0,0,0,0,0.949613809586,0.9496138095855712,0,-35,-35,-377,-377,306
34.png,27.png,08.png,18.png,tray2.png,11.png,16.png,21.png,17.png,04.png,24.png,09.png,25.png,20.png,15.png,10.png,"[-238, 200]","[-88, 200]","[62, 200]","[212, 200]","[-238, 50]","[-88, 50]","[62, 50]","[212, 50]","[-238, -100]","[-88, -100]","[62, -100]","[212, -100]","[-238, -250]","[-88, -250]","[62, -250]","[212, -250]","[100, 100]","[100, 100]","[100, 100]","[100, 100]","[100, 100]","[100, 100]","[100, 100]","[100, 100]","[100, 100]","[100, 100]","[100, 100]","[100, 100]","[100, 100]","[100, 100]","[100, 100]","[100, 100]",ok.png,"[0, -375]","[150, 100]",337,tray,16,1,m,1,1,1,1,0,0,0,0,0,0,0,1.29908537865,1.299085378646851,0,-230,-230,42,42,1,1,0,0,0,0,0,0,0,0.532827854156,0.5328278541564941,0,-15,-15,-384,-384,375
04.png,02.png,05.png,tray2.png,08.png,07.png,01.png,03.png,26.png,29.png,32.png,28.png,24.png,20.png,10.png,16.png,"[-243, 223]","[-93, 223]","[57, 223]","[207, 223]","[-243, 73]","[-93, 73]","[57, 73]","[207, 73]","[-243, -77]","[-93, -77]","[57, -77]","[207, -77]","[-243, -227]","[-93, -227]","[57, -227]","[207, -227]","[100, 100]","[100, 100]","[100, 100]","[100, 100]","[100, 100]","[100, 100]","[100, 100]","[100, 100]","[100, 100]","[100, 100]","[100, 100]","[100, 100]","[100, 100]","[100, 100]","[100, 100]","[100, 100]",ok.png,"[0, -375]","[150, 100]",338,tray,16,1,m,1,1,1,1,0,0,0,0,0,0,0,0.982460021973,0.9824600219726564,0,200,200,233,233,1,1,0,0,0,0,0,0,0,1.34868645668,1.348686456680298,0,-6,-6,-372,-372,50
01.png,12.png,tray2.png,23.png,10.png,02.png,28.png,13.png,08.png,33.png,03.png,15.png,16.png,06.png,17.png,29.png,"[-241, 208]","[-91, 208]","[59, 208]","[209, 208]","[-241, 58]","[-91, 58]","[59, 58]","[209, 58]","[-241, -92]","[-91, -92]","[59, -92]","[209, -92]","[-241, -242]","[-91, -242]","[59, -242]","[209, -242]","[100, 100]","[100, 100]","[100, 100]","[100, 100]","[100, 100]","[100, 100]","[100, 100]","[100, 100]","[100, 100]","[100, 100]","[100, 100]","[100, 100]","[100, 100]","[100, 100]","[100, 100]","[100, 100]",ok.png,"[0, -375]","[150, 100]",339,tray,16,1,m,1,1,1,1,0,0,0,0,0,0,0,0.915503799915,0.9155037999153136,0,65,65,197,197,1,1,0,0,0,0,0,0,0,0.832765460014,0.8327654600143433,0,44,44,-390,-390,96
24.png,tray2.png,03.png,07.png,13.png,17.png,23.png,27.png,33.png,04.png,06.png,14.png,16.png,08.png,30.png,32.png,"[-217, 236]","[-67, 236]","[83, 236]","[233, 236]","[-217, 86]","[-67, 86]","[83, 86]","[233, 86]","[-217, -64]","[-67, -64]","[83, -64]","[233, -64]","[-217, -214]","[-67, -214]","[83, -214]","[233, -214]","[100, 100]","[100, 100]","[100, 100]","[100, 100]","[100, 100]","[100, 100]","[100, 100]","[100, 100]","[100, 100]","[100, 100]","[100, 100]","[100, 100]","[100, 100]","[100, 100]","[100, 100]","[100, 100]",ok.png,"[0, -375]","[150, 100]",340,tray,16,1,m,1,1,1,1,0,0,0,0,0,0,0,1.26579916477,1.265799164772034,0,-53,-53,216,216,1,1,0,0,0,0,0,0,0,2.08284568787,2.082845687866211,0,59,59,-384,-384,78
tray2.png,17.png,07.png,14.png,27.png,33.png,23.png,24.png,04.png,03.png,16.png,12.png,02.png,30.png,20.png,04.png,"[-204, 247]","[-54, 247]","[96, 247]","[246, 247]","[-204, 97]","[-54, 97]","[96, 97]","[246, 97]","[-204, -53]","[-54, -53]","[96, -53]","[246, -53]","[-204, -203]","[-54, -203]","[96, -203]","[246, -203]","[100, 100]","[100, 100]","[100, 100]","[100, 100]","[100, 100]","[100, 100]","[100, 100]","[100, 100]","[100, 100]","[100, 100]","[100, 100]","[100, 100]","[100, 100]","[100, 100]","[100, 100]","[100, 100]",ok.png,"[0, -375]","[150, 100]",341,tray,16,1,m,1,1,1,1,0,0,0,0,0,0,0,1.81579720974,1.815797209739685,0,-214,-214,241,241,1,1,0,0,0,0,0,0,0,1.01614141464,1.016141414642334,0,-41,-41,-394,-394,174
18.png,tray2.png,04.png,13.png,31.png,16.png,22.png,12.png,11.png,32.png,02.png,25.png,09.png,29.png,19.png,03.png,"[-235, 205]","[-85, 205]","[65, 205]","[215, 205]","[-235, 55]","[-85, 55]","[65, 55]","[215, 55]","[-235, -95]","[-85, -95]","[65, -95]","[215, -95]","[-235, -245]","[-85, -245]","[65, -245]","[215, -245]","[100, 100]","[100, 100]","[100, 100]","[100, 100]","[100, 100]","[100, 100]","[100, 100]","[100, 100]","[100, 100]","[100, 100]","[100, 100]","[100, 100]","[100, 100]","[100, 100]","[100, 100]","[100, 100]",ok.png,"[0, -375]","[150, 100]",342,tray,16,1,m,1,1,1,1,0,0,0,0,0,0,0,1.38227880001,1.382278800010681,0,-100,-100,197,197,1,1,0,0,0,0,0,0,0,0.615991175175,0.6159911751747131,0,72,72,-392,-392,189
15.png,08.png,tray2.png,03.png,25.png,28.png,27.png,01.png,23.png,07.png,30.png,21.png,05.png,11.png,13.png,16.png,"[-247, 231]","[-97, 231]","[53, 231]","[203, 231]","[-247, 81]","[-97, 81]","[53, 81]","[203, 81]","[-247, -69]","[-97, -69]","[53, -69]","[203, -69]","[-247, -219]","[-97, -219]","[53, -219]","[203, -219]","[100, 100]","[100, 100]","[100, 100]","[100, 100]","[100, 100]","[100, 100]","[100, 100]","[100, 100]","[100, 100]","[100, 100]","[100, 100]","[100, 100]","[100, 100]","[100, 100]","[100, 100]","[100, 100]",ok.png,"[0, -375]","[150, 100]",343,tray,16,1,m,1,1,1,1,0,0,0,0,0,0,0,1.43222784996,1.432227849960327,0,59,59,224,224,1,1,0,0,0,0,0,0,0,0.6996306777,0.6996306777000427,0,7,7,-410,-410,370
32.png,07.png,14.png,tray2.png,23.png,02.png,09.png,29.png,28.png,16.png,05.png,20.png,17.png,15.png,21.png,06.png,"[-249, 209]","[-99, 209]","[51, 209]","[201, 209]","[-249, 59]","[-99, 59]","[51, 59]","[201, 59]","[-249, -91]","[-99, -91]","[51, -91]","[201, -91]","[-249, -241]","[-99, -241]","[51, -241]","[201, -241]","[100, 100]","[100, 100]","[100, 100]","[100, 100]","[100, 100]","[100, 100]","[100, 100]","[100, 100]","[100, 100]","[100, 100]","[100, 100]","[100, 100]","[100, 100]","[100, 100]","[100, 100]","[100, 100]",ok.png,"[0, -375]","[150, 100]",344,tray,16,1,m,1,1,1,1,0,0,0,0,0,0,0,3.11553239822,3.115532398223877,0,206,206,186,186,1,1,0,0,0,0,0,0,0,1.34939813614,1.349398136138916,0,-19,-19,-364,-364,82
03.png,32.png,21.png,31.png,tray2.png,08.png,30.png,15.png,34.png,19.png,17.png,12.png,28.png,01.png,11.png,06.png,"[-248, 231]","[-98, 231]","[52, 231]","[202, 231]","[-248, 81]","[-98, 81]","[52, 81]","[202, 81]","[-248, -69]","[-98, -69]","[52, -69]","[202, -69]","[-248, -219]","[-98, -219]","[52, -219]","[202, -219]","[100, 100]","[100, 100]","[100, 100]","[100, 100]","[100, 100]","[100, 100]","[100, 100]","[100, 100]","[100, 100]","[100, 100]","[100, 100]","[100, 100]","[100, 100]","[100, 100]","[100, 100]","[100, 100]",ok.png,"[0, -375]","[150, 100]",345,tray,16,1,m,1,1,1,1,0,0,0,0,0,0,0,1.09911036491,1.09911036491394,0,-235,-235,66,66,1,1,0,0,0,0,0,0,0,0.816295564175,0.8162955641746521,0,18,18,-383,-383,212
28.png,22.png,16.png,13.png,10.png,tray2.png,09.png,07.png,27.png,24.png,31.png,32.png,04.png,12.png,03.png,09.png,"[-249, 240]","[-99, 240]","[51, 240]","[201, 240]","[-249, 90]","[-99, 90]","[51, 90]","[201, 90]","[-249, -60]","[-99, -60]","[51, -60]","[201, -60]","[-249, -210]","[-99, -210]","[51, -210]","[201, -210]","[100, 100]","[100, 100]","[100, 100]","[100, 100]","[100, 100]","[100, 100]","[100, 100]","[100, 100]","[100, 100]","[100, 100]","[100, 100]","[100, 100]","[100, 100]","[100, 100]","[100, 100]","[100, 100]",ok.png,"[0, -375]","[150, 100]",346,tray,16,1,m,1,1,1,1,0,0,0,0,0,0,0,0.982259213924,0.982259213924408,0,-108,-108,92,92,1,1,0,0,0,0,0,0,0,1.64950275421,1.649502754211426,0,42,42,-377,-377,101
30.png,26.png,20.png,34.png,10.png,07.png,tray2.png,01.png,08.png,05.png,19.png,33.png,12.png,25.png,14.png,18.png,"[-235, 214]","[-85, 214]","[65, 214]","[215, 214]","[-235, 64]","[-85, 64]","[65, 64]","[215, 64]","[-235, -86]","[-85, -86]","[65, -86]","[215, -86]","[-235, -236]","[-85, -236]","[65, -236]","[215, -236]","[100, 100]","[100, 100]","[100, 100]","[100, 100]","[100, 100]","[100, 100]","[100, 100]","[100, 100]","[100, 100]","[100, 100]","[100, 100]","[100, 100]","[100, 100]","[100, 100]","[100, 100]","[100, 100]",ok.png,"[0, -375]","[150, 100]",347,tray,16,1,m,1,1,1,1,0,0,0,0,0,0,0,0.848963975906,0.8489639759063721,0,81,81,86,86,1,1,0,0,0,0,0,0,0,1.34941244125,1.349412441253662,0,-18,-18,-387,-387,340
01.png,33.png,24.png,26.png,30.png,04.png,02.png,tray2.png,09.png,25.png,14.png,21.png,18.png,17.png,13.png,11.png,"[-242, 213]","[-92, 213]","[58, 213]","[208, 213]","[-242, 63]","[-92, 63]","[58, 63]","[208, 63]","[-242, -87]","[-92, -87]","[58, -87]","[208, -87]","[-242, -237]","[-92, -237]","[58, -237]","[208, -237]","[100, 100]","[100, 100]","[100, 100]","[100, 100]","[100, 100]","[100, 100]","[100, 100]","[100, 100]","[100, 100]","[100, 100]","[100, 100]","[100, 100]","[100, 100]","[100, 100]","[100, 100]","[100, 100]",ok.png,"[0, -375]","[150, 100]",348,tray,16,1,m,1,1,1,1,0,0,0,0,0,0,0,1.29916703701,1.299167037010193,0,190,190,50,50,1,1,0,0,0,0,0,0,0,0.799251317978,0.7992513179779053,0,-8,-8,-342,-342,350
19.png,03.png,29.png,09.png,30.png,26.png,31.png,18.png,tray2.png,22.png,07.png,11.png,20.png,10.png,14.png,08.png,"[-225, 213]","[-75, 213]","[75, 213]","[225, 213]","[-225, 63]","[-75, 63]","[75, 63]","[225, 63]","[-225, -87]","[-75, -87]","[75, -87]","[225, -87]","[-225, -237]","[-75, -237]","[75, -237]","[225, -237]","[100, 100]","[100, 100]","[100, 100]","[100, 100]","[100, 100]","[100, 100]","[100, 100]","[100, 100]","[100, 100]","[100, 100]","[100, 100]","[100, 100]","[100, 100]","[100, 100]","[100, 100]","[100, 100]",ok.png,"[0, -375]","[150, 100]",349,tray,16,1,m,1,1,1,1,0,0,0,0,0,0,0,1.44900465012,1.449004650115967,0,-251,-251,-91,-91,1,1,0,0,0,0,0,0,0,1.41605067253,1.416050672531128,0,45,45,-408,-408,134
26.png,29.png,32.png,19.png,05.png,14.png,15.png,33.png,30.png,tray2.png,21.png,23.png,11.png,13.png,03.png,31.png,"[-250, 249]","[-100, 249]","[50, 249]","[200, 249]","[-250, 99]","[-100, 99]","[50, 99]","[200, 99]","[-250, -51]","[-100, -51]","[50, -51]","[200, -51]","[-250, -201]","[-100, -201]","[50, -201]","[200, -201]","[100, 100]","[100, 100]","[100, 100]","[100, 100]","[100, 100]","[100, 100]","[100, 100]","[100, 100]","[100, 100]","[100, 100]","[100, 100]","[100, 100]","[100, 100]","[100, 100]","[100, 100]","[100, 100]",ok.png,"[0, -375]","[150, 100]",350,tray,16,1,m,1,1,1,1,0,0,0,0,0,0,0,1.39881360531,1.398813605308533,0,-58,-58,-67,-67,1,1,0,0,0,0,0,0,0,0.883018255234,0.8830182552337646,0,49,49,-381,-381,407
dots1.png,01.png,02.png,03.png,04.png,05.png,06.png,07.png,08.png,09.png,10.png,11.png,12.png,13.png,14.png,15.png,"[-235, 246]","[-85, 246]","[65, 246]","[215, 246]","[-235, 96]","[-85, 96]","[65, 96]","[215, 96]","[-235, -54]","[-85, -54]","[65, -54]","[215, -54]","[-235, -204]","[-85, -204]","[65, -204]","[215, -204]","[100, 100]","[100, 100]","[100, 100]","[100, 100]","[100, 100]","[100, 100]","[100, 100]","[100, 100]","[100, 100]","[100, 100]","[100, 100]","[100, 100]","[100, 100]","[100, 100]","[100, 100]","[100, 100]",ok.png,"[0, -375]","[150, 100]",351,dots,16,2,m,1,1,1,1,0,0,0,0,0,0,0,1.61596214771,1.615962147712708,0,-246,-246,244,244,1,1,0,0,0,0,0,0,0,0.849579513073,0.8495795130729675,0,33,33,-429,-429,43
08.png,dots1.png,09.png,01.png,10.png,11.png,12.png,13.png,15.png,14.png,34.png,33.png,32.png,31.png,22.png,23.png,"[-225, 223]","[-75, 223]","[75, 223]","[225, 223]","[-225, 73]","[-75, 73]","[75, 73]","[225, 73]","[-225, -77]","[-75, -77]","[75, -77]","[225, -77]","[-225, -227]","[-75, -227]","[75, -227]","[225, -227]","[100, 100]","[100, 100]","[100, 100]","[100, 100]","[100, 100]","[100, 100]","[100, 100]","[100, 100]","[100, 100]","[100, 100]","[100, 100]","[100, 100]","[100, 100]","[100, 100]","[100, 100]","[100, 100]",ok.png,"[0, -375]","[150, 100]",352,dots,16,2,m,1,1,1,1,0,0,0,0,0,0,0,1.48245847225,1.482458472251892,0,-92,-92,234,234,1,1,0,0,0,0,0,0,0,0.666148424149,0.6661484241485596,0,52,52,-389,-389,305
05.png,06.png,dots1.png,15.png,16.png,17.png,18.png,19.png,20.png,21.png,22.png,23.png,24.png,25.png,30.png,27.png,"[-226, 234]","[-76, 234]","[74, 234]","[224, 234]","[-226, 84]","[-76, 84]","[74, 84]","[224, 84]","[-226, -66]","[-76, -66]","[74, -66]","[224, -66]","[-226, -216]","[-76, -216]","[74, -216]","[224, -216]","[100, 100]","[100, 100]","[100, 100]","[100, 100]","[100, 100]","[100, 100]","[100, 100]","[100, 100]","[100, 100]","[100, 100]","[100, 100]","[100, 100]","[100, 100]","[100, 100]","[100, 100]","[100, 100]",ok.png,"[0, -375]","[150, 100]",353,dots,16,2,m,1,1,1,1,0,0,0,0,0,0,0,1.34878408909,1.34878408908844,0,60,60,223,223,1,1,0,0,0,0,0,0,0,1.09954845905,1.09954845905304,0,20,20,-419,-419,59
22.png,23.png,24.png,dots1.png,03.png,12.png,25.png,26.png,02.png,08.png,27.png,28.png,29.png,30.png,31.png,32.png,"[-241, 225]","[-91, 225]","[59, 225]","[209, 225]","[-241, 75]","[-91, 75]","[59, 75]","[209, 75]","[-241, -75]","[-91, -75]","[59, -75]","[209, -75]","[-241, -225]","[-91, -225]","[59, -225]","[209, -225]","[100, 100]","[100, 100]","[100, 100]","[100, 100]","[100, 100]","[100, 100]","[100, 100]","[100, 100]","[100, 100]","[100, 100]","[100, 100]","[100, 100]","[100, 100]","[100, 100]","[100, 100]","[100, 100]",ok.png,"[0, -375]","[150, 100]",354,dots,16,2,m,1,1,1,1,0,0,0,0,0,0,0,4.61558771133,4.615587711334229,0,214,214,199,199,1,1,0,0,0,0,0,0,0,0.782801926136,0.7828019261360168,0,-37,-37,-375,-375,47
02.png,04.png,06.png,08.png,dots1.png,29.png,30.png,31.png,32.png,33.png,34.png,01.png,22.png,24.png,26.png,28.png,"[-247, 209]","[-97, 209]","[53, 209]","[203, 209]","[-247, 59]","[-97, 59]","[53, 59]","[203, 59]","[-247, -91]","[-97, -91]","[53, -91]","[203, -91]","[-247, -241]","[-97, -241]","[53, -241]","[203, -241]","[100, 100]","[100, 100]","[100, 100]","[100, 100]","[100, 100]","[100, 100]","[100, 100]","[100, 100]","[100, 100]","[100, 100]","[100, 100]","[100, 100]","[100, 100]","[100, 100]","[100, 100]","[100, 100]",ok.png,"[0, -375]","[150, 100]",355,dots,16,2,m,1,1,1,1,0,0,0,0,0,0,0,2.09919428825,2.099194288253784,0,-223,-223,78,78,1,1,0,0,0,0,0,0,0,1.68239247799,1.682392477989197,0,4,4,-400,-400,192
01.png,34.png,07.png,27.png,04.png,dots1.png,11.png,26.png,06.png,15.png,09.png,29.png,17.png,23.png,30.png,32.png,"[-204, 231]","[-54, 231]","[96, 231]","[246, 231]","[-204, 81]","[-54, 81]","[96, 81]","[246, 81]","[-204, -69]","[-54, -69]","[96, -69]","[246, -69]","[-204, -219]","[-54, -219]","[96, -219]","[246, -219]","[100, 100]","[100, 100]","[100, 100]","[100, 100]","[100, 100]","[100, 100]","[100, 100]","[100, 100]","[100, 100]","[100, 100]","[100, 100]","[100, 100]","[100, 100]","[100, 100]","[100, 100]","[100, 100]",ok.png,"[0, -375]","[150, 100]",356,dots,16,2,m,1,1,1,1,0,0,0,0,0,0,0,1.4320704937,1.43207049369812,0,-57,-57,83,83,1,1,0,0,0,0,0,0,0,1.5829449892,1.582944989204407,0,-45,-45,-346,-346,348
12.png,24.png,02.png,05.png,07.png,03.png,dots1.png,25.png,18.png,14.png,13.png,27.png,06.png,22.png,09.png,17.png,"[-201, 237]","[-51, 237]","[99, 237]","[249, 237]","[-201, 87]","[-51, 87]","[99, 87]","[249, 87]","[-201, -63]","[-51, -63]","[99, -63]","[249, -63]","[-201, -213]","[-51, -213]","[99, -213]","[249, -213]","[100, 100]","[100, 100]","[100, 100]","[100, 100]","[100, 100]","[100, 100]","[100, 100]","[100, 100]","[100, 100]","[100, 100]","[100, 100]","[100, 100]","[100, 100]","[100, 100]","[100, 100]","[100, 100]",ok.png,"[0, -375]","[150, 100]",357,dots,16,2,m,1,1,1,1,0,0,0,0,0,0,0,3.66560673714,3.665606737136841,0,118,118,76,76,1,1,0,0,0,0,0,0,0,0.433262079954,0.4332620799541473,0,12,12,-362,-362,274
13.png,05.png,33.png,07.png,20.png,15.png,27.png,dots1.png,30.png,17.png,25.png,31.png,09.png,01.png,33.png,22.png,"[-215, 206]","[-65, 206]","[85, 206]","[235, 206]","[-215, 56]","[-65, 56]","[85, 56]","[235, 56]","[-215, -94]","[-65, -94]","[85, -94]","[235, -94]","[-215, -244]","[-65, -244]","[85, -244]","[235, -244]","[100, 100]","[100, 100]","[100, 100]","[100, 100]","[100, 100]","[100, 100]","[100, 100]","[100, 100]","[100, 100]","[100, 100]","[100, 100]","[100, 100]","[100, 100]","[100, 100]","[100, 100]","[100, 100]",ok.png,"[0, -375]","[150, 100]",358,dots,16,2,m,1,1,1,1,0,0,0,0,0,0,0,2.16008019447,2.160080194473267,0,253,253,53,53,1,1,0,0,0,0,0,0,0,1.91563975811,1.915639758110046,0,30,30,-363,-363,0
07.png,10.png,13.png,16.png,02.png,08.png,04.png,06.png,dots1.png,29.png,23.png,27.png,21.png,25.png,31.png,33.png,"[-205, 232]","[-55, 232]","[95, 232]","[245, 232]","[-205, 82]","[-55, 82]","[95, 82]","[245, 82]","[-205, -68]","[-55, -68]","[95, -68]","[245, -68]","[-205, -218]","[-55, -218]","[95, -218]","[245, -218]","[100, 100]","[100, 100]","[100, 100]","[100, 100]","[100, 100]","[100, 100]","[100, 100]","[100, 100]","[100, 100]","[100, 100]","[100, 100]","[100, 100]","[100, 100]","[100, 100]","[100, 100]","[100, 100]",ok.png,"[0, -375]","[150, 100]",359,dots,16,2,m,1,1,1,1,0,0,0,0,0,0,0,1.53257441521,1.532574415206909,0,-230,-230,-60,-60,1,1,0,0,0,0,0,0,0,2.1827173233,2.182717323303223,0,-23,-23,-375,-375,197
09.png,07.png,05.png,03.png,14.png,16.png,18.png,20.png,22.png,dots1.png,24.png,26.png,21.png,27.png,32.png,30.png,"[-218, 218]","[-68, 218]","[82, 218]","[232, 218]","[-218, 68]","[-68, 68]","[82, 68]","[232, 68]","[-218, -82]","[-68, -82]","[82, -82]","[232, -82]","[-218, -232]","[-68, -232]","[82, -232]","[232, -232]","[100, 100]","[100, 100]","[100, 100]","[100, 100]","[100, 100]","[100, 100]","[100, 100]","[100, 100]","[100, 100]","[100, 100]","[100, 100]","[100, 100]","[100, 100]","[100, 100]","[100, 100]","[100, 100]",ok.png,"[0, -375]","[150, 100]",360,dots,16,2,m,1,1,1,1,0,0,0,0,0,0,0,1.48222863674,1.482228636741638,0,-70,-70,-84,-84,1,1,0,0,0,0,0,0,0,0.565957665443,0.5659576654434204,0,32,32,-390,-390,364
05.png,14.png,33.png,31.png,13.png,10.png,34.png,32.png,16.png,19.png,dots1.png,21.png,24.png,27.png,18.png,01.png,"[-222, 206]","[-72, 206]","[78, 206]","[228, 206]","[-222, 56]","[-72, 56]","[78, 56]","[228, 56]","[-222, -94]","[-72, -94]","[78, -94]","[228, -94]","[-222, -244]","[-72, -244]","[78, -244]","[228, -244]","[100, 100]","[100, 100]","[100, 100]","[100, 100]","[100, 100]","[100, 100]","[100, 100]","[100, 100]","[100, 100]","[100, 100]","[100, 100]","[100, 100]","[100, 100]","[100, 100]","[100, 100]","[100, 100]",ok.png,"[0, -375]","[150, 100]",361,dots,16,2,m,1,1,1,1,0,0,0,0,0,0,0,2.53264713287,2.532647132873535,0,98,98,-105,-105,1,1,0,0,0,0,0,0,0,0.865949571133,0.8659495711326599,0,31,31,-378,-378,122
10.png,15.png,20.png,25.png,09.png,24.png,04.png,17.png,21.png,16.png,11.png,dots1.png,18.png,08.png,27.png,34.png,"[-247, 224]","[-97, 224]","[53, 224]","[203, 224]","[-247, 74]","[-97, 74]","[53, 74]","[203, 74]","[-247, -76]","[-97, -76]","[53, -76]","[203, -76]","[-247, -226]","[-97, -226]","[53, -226]","[203, -226]","[100, 100]","[100, 100]","[100, 100]","[100, 100]","[100, 100]","[100, 100]","[100, 100]","[100, 100]","[100, 100]","[100, 100]","[100, 100]","[100, 100]","[100, 100]","[100, 100]","[100, 100]","[100, 100]",ok.png,"[0, -375]","[150, 100]",362,dots,16,2,m,1,1,1,1,0,0,0,0,0,0,0,3.83197665215,3.831976652145386,0,-74,-74,66,66,1,1,0,0,0,0,0,0,0,0.916185855865,0.9161858558654784,0,16,16,-392,-392,235
16.png,10.png,20.png,24.png,28.png,32.png,29.png,26.png,03.png,01.png,07.png,08.png,dots1.png,05.png,02.png,04.png,"[-214, 208]","[-64, 208]","[86, 208]","[236, 208]","[-214, 58]","[-64, 58]","[86, 58]","[236, 58]","[-214, -92]","[-64, -92]","[86, -92]","[236, -92]","[-214, -242]","[-64, -242]","[86, -242]","[236, -242]","[100, 100]","[100, 100]","[100, 100]","[100, 100]","[100, 100]","[100, 100]","[100, 100]","[100, 100]","[100, 100]","[100, 100]","[100, 100]","[100, 100]","[100, 100]","[100, 100]","[100, 100]","[100, 100]",ok.png,"[0, -375]","[150, 100]",363,dots,16,2,m,1,1,1,1,0,0,0,0,0,0,0,1.61582899094,1.615828990936279,0,-184,-184,-217,-217,1,1,0,0,0,0,0,0,0,0.399376511574,0.3993765115737915,0,-32,-32,-356,-356,427
29.png,17.png,06.png,16.png,15.png,03.png,33.png,08.png,13.png,28.png,02.png,10.png,23.png,dots1.png,12.png,01.png,"[-200, 201]","[-50, 201]","[100, 201]","[250, 201]","[-200, 51]","[-50, 51]","[100, 51]","[250, 51]","[-200, -99]","[-50, -99]","[100, -99]","[250, -99]","[-200, -249]","[-50, -249]","[100, -249]","[250, -249]","[100, 100]","[100, 100]","[100, 100]","[100, 100]","[100, 100]","[100, 100]","[100, 100]","[100, 100]","[100, 100]","[100, 100]","[100, 100]","[100, 100]","[100, 100]","[100, 100]","[100, 100]","[100, 100]",ok.png,"[0, -375]","[150, 100]",364,dots,16,2,m,1,1,1,1,0,0,0,0,0,0,0,2.33267903328,2.332679033279419,0,-51,-51,-250,-250,1,1,0,0,0,0,0,0,0,0.516332924366,0.5163329243659973,0,-8,-8,-376,-376,337
32.png,30.png,08.png,16.png,14.png,06.png,04.png,33.png,27.png,23.png,17.png,13.png,07.png,03.png,dots1.png,24.png,"[-233, 208]","[-83, 208]","[67, 208]","[217, 208]","[-233, 58]","[-83, 58]","[67, 58]","[217, 58]","[-233, -92]","[-83, -92]","[67, -92]","[217, -92]","[-233, -242]","[-83, -242]","[67, -242]","[217, -242]","[100, 100]","[100, 100]","[100, 100]","[100, 100]","[100, 100]","[100, 100]","[100, 100]","[100, 100]","[100, 100]","[100, 100]","[100, 100]","[100, 100]","[100, 100]","[100, 100]","[100, 100]","[100, 100]",ok.png,"[0, -375]","[150, 100]",365,dots,16,2,m,1,1,1,1,0,0,0,0,0,0,0,1.89893174171,1.898931741714478,0,71,71,-234,-234,1,1,0,0,0,0,0,0,0,0.449567586184,0.449567586183548,0,-8,-8,-383,-383,408
04.png,20.png,30.png,02.png,12.png,16.png,03.png,04.png,24.png,23.png,33.png,27.png,14.png,07.png,17.png,dots1.png,"[-210, 203]","[-60, 203]","[90, 203]","[240, 203]","[-210, 53]","[-60, 53]","[90, 53]","[240, 53]","[-210, -97]","[-60, -97]","[90, -97]","[240, -97]","[-210, -247]","[-60, -247]","[90, -247]","[240, -247]","[100, 100]","[100, 100]","[100, 100]","[100, 100]","[100, 100]","[100, 100]","[100, 100]","[100, 100]","[100, 100]","[100, 100]","[100, 100]","[100, 100]","[100, 100]","[100, 100]","[100, 100]","[100, 100]",ok.png,"[0, -375]","[150, 100]",366,dots,16,2,m,1,1,1,1,0,0,0,0,0,0,0,1.29904925823,1.299049258232117,0,240,240,-255,-255,1,1,0,0,0,0,0,0,0,0.766344845295,0.7663448452949524,0,38,38,-382,-382,302
03.png,19.png,29.png,09.png,25.png,02.png,32.png,11.png,12.png,22.png,16.png,31.png,13.png,04.png,dots1.png,18.png,"[-201, 236]","[-51, 236]","[99, 236]","[249, 236]","[-201, 86]","[-51, 86]","[99, 86]","[249, 86]","[-201, -64]","[-51, -64]","[99, -64]","[249, -64]","[-201, -214]","[-51, -214]","[99, -214]","[249, -214]","[100, 100]","[100, 100]","[100, 100]","[100, 100]","[100, 100]","[100, 100]","[100, 100]","[100, 100]","[100, 100]","[100, 100]","[100, 100]","[100, 100]","[100, 100]","[100, 100]","[100, 100]","[100, 100]",ok.png,"[0, -375]","[150, 100]",367,dots,16,2,m,1,1,0,0,0,0,0,0,1,1,0,1.09898519516,1.098985195159912,0,-182,-182,-539,-539,1,1,0,0,0,0,0,0,0,1.06611859798,1.066118597984314,0,87,87,-211,-211,374
16.png,13.png,11.png,05.png,21.png,30.png,07.png,23.png,01.png,27.png,28.png,25.png,03.png,dots1.png,08.png,15.png,"[-206, 250]","[-56, 250]","[94, 250]","[244, 250]","[-206, 100]","[-56, 100]","[94, 100]","[244, 100]","[-206, -50]","[-56, -50]","[94, -50]","[244, -50]","[-206, -200]","[-56, -200]","[94, -200]","[244, -200]","[100, 100]","[100, 100]","[100, 100]","[100, 100]","[100, 100]","[100, 100]","[100, 100]","[100, 100]","[100, 100]","[100, 100]","[100, 100]","[100, 100]","[100, 100]","[100, 100]","[100, 100]","[100, 100]",ok.png,"[0, -375]","[150, 100]",368,dots,16,2,m,1,1,1,1,0,0,0,0,0,0,0,2.49907302856,2.499073028564453,0,-61,-61,-219,-219,1,1,0,0,0,0,0,0,0,0.516063570976,0.5160635709762573,0,-21,-21,-359,-359,173
06.png,21.png,15.png,17.png,20.png,05.png,16.png,28.png,29.png,09.png,02.png,23.png,dots1.png,14.png,07.png,32.png,"[-203, 202]","[-53, 202]","[97, 202]","[247, 202]","[-203, 52]","[-53, 52]","[97, 52]","[247, 52]","[-203, -98]","[-53, -98]","[97, -98]","[247, -98]","[-203, -248]","[-53, -248]","[97, -248]","[247, -248]","[100, 100]","[100, 100]","[100, 100]","[100, 100]","[100, 100]","[100, 100]","[100, 100]","[100, 100]","[100, 100]","[100, 100]","[100, 100]","[100, 100]","[100, 100]","[100, 100]","[100, 100]","[100, 100]",ok.png,"[0, -375]","[150, 100]",369,dots,16,2,m,1,1,1,1,0,0,0,0,0,0,0,2.2821803093,2.282180309295654,0,-238,-238,-274,-274,1,1,0,0,0,0,0,0,0,0.649704694748,0.6497046947479248,0,-13,-13,-376,-376,130
06.png,11.png,01.png,28.png,12.png,17.png,19.png,34.png,15.png,30.png,08.png,dots1.png,31.png,21.png,32.png,03.png,"[-232, 207]","[-82, 207]","[68, 207]","[218, 207]","[-232, 57]","[-82, 57]","[68, 57]","[218, 57]","[-232, -93]","[-82, -93]","[68, -93]","[218, -93]","[-232, -243]","[-82, -243]","[68, -243]","[218, -243]","[100, 100]","[100, 100]","[100, 100]","[100, 100]","[100, 100]","[100, 100]","[100, 100]","[100, 100]","[100, 100]","[100, 100]","[100, 100]","[100, 100]","[100, 100]","[100, 100]","[100, 100]","[100, 100]",ok.png,"[0, -375]","[150, 100]",370,dots,16,2,m,1,1,1,1,0,0,0,0,0,0,0,0.965575098991,0.965575098991394,0,221,221,-71,-71,1,1,0,0,0,0,0,0,0,0.832930445671,0.8329304456710815,0,15,15,-408,-408,343
09.png,03.png,12.png,04.png,32.png,31.png,24.png,27.png,07.png,09.png,dots1.png,10.png,13.png,16.png,22.png,28.png,"[-216, 210]","[-66, 210]","[84, 210]","[234, 210]","[-216, 60]","[-66, 60]","[84, 60]","[234, 60]","[-216, -90]","[-66, -90]","[84, -90]","[234, -90]","[-216, -240]","[-66, -240]","[84, -240]","[234, -240]","[100, 100]","[100, 100]","[100, 100]","[100, 100]","[100, 100]","[100, 100]","[100, 100]","[100, 100]","[100, 100]","[100, 100]","[100, 100]","[100, 100]","[100, 100]","[100, 100]","[100, 100]","[100, 100]",ok.png,"[0, -375]","[150, 100]",371,dots,16,2,m,1,1,1,1,0,0,0,0,0,0,0,2.84885764122,2.848857641220093,0,106,106,-104,-104,1,1,0,0,0,0,0,0,0,0.732683062553,0.7326830625534058,0,18,18,-393,-393,428
18.png,14.png,25.png,12.png,33.png,19.png,05.png,08.png,01.png,dots1.png,07.png,10.png,34.png,20.png,26.png,30.png,"[-241, 225]","[-91, 225]","[59, 225]","[209, 225]","[-241, 75]","[-91, 75]","[59, 75]","[209, 75]","[-241, -75]","[-91, -75]","[59, -75]","[209, -75]","[-241, -225]","[-91, -225]","[59, -225]","[209, -225]","[100, 100]","[100, 100]","[100, 100]","[100, 100]","[100, 100]","[100, 100]","[100, 100]","[100, 100]","[100, 100]","[100, 100]","[100, 100]","[100, 100]","[100, 100]","[100, 100]","[100, 100]","[100, 100]",ok.png,"[0, -375]","[150, 100]",372,dots,16,2,m,1,1,1,1,0,0,0,0,0,0,0,1.19887733459,1.198877334594727,0,-86,-86,-53,-53,1,1,0,0,0,0,0,0,0,0.866169154644,0.8661691546440125,0,27,27,-370,-370,207
11.png,13.png,17.png,18.png,21.png,14.png,25.png,09.png,dots1.png,02.png,04.png,30.png,26.png,24.png,33.png,01.png,"[-241, 250]","[-91, 250]","[59, 250]","[209, 250]","[-241, 100]","[-91, 100]","[59, 100]","[209, 100]","[-241, -50]","[-91, -50]","[59, -50]","[209, -50]","[-241, -200]","[-91, -200]","[59, -200]","[209, -200]","[100, 100]","[100, 100]","[100, 100]","[100, 100]","[100, 100]","[100, 100]","[100, 100]","[100, 100]","[100, 100]","[100, 100]","[100, 100]","[100, 100]","[100, 100]","[100, 100]","[100, 100]","[100, 100]",ok.png,"[0, -375]","[150, 100]",373,dots,16,2,m,1,1,1,1,0,0,0,0,0,0,0,12.2325572968,12.23255729675293,0,-109,-109,-212,-212,1,1,0,0,0,0,0,0,0,2.18273234367,2.182732343673706,0,-38,-38,-379,-379,233
08.png,14.png,10.png,20.png,11.png,07.png,22.png,dots1.png,18.png,31.png,26.png,30.png,09.png,29.png,03.png,19.png,"[-236, 202]","[-86, 202]","[64, 202]","[214, 202]","[-236, 52]","[-86, 52]","[64, 52]","[214, 52]","[-236, -98]","[-86, -98]","[64, -98]","[214, -98]","[-236, -248]","[-86, -248]","[64, -248]","[214, -248]","[100, 100]","[100, 100]","[100, 100]","[100, 100]","[100, 100]","[100, 100]","[100, 100]","[100, 100]","[100, 100]","[100, 100]","[100, 100]","[100, 100]","[100, 100]","[100, 100]","[100, 100]","[100, 100]",ok.png,"[0, -375]","[150, 100]",374,dots,16,2,m,1,1,1,1,0,0,0,0,0,0,0,1.14892828465,1.148928284645081,0,243,243,36,36,1,1,0,0,0,0,0,0,0,1.36625409126,1.366254091262817,0,21,21,-377,-377,225
31.png,03.png,13.png,11.png,23.png,21.png,dots1.png,30.png,33.png,15.png,14.png,05.png,19.png,32.png,29.png,26.png,"[-207, 229]","[-57, 229]","[93, 229]","[243, 229]","[-207, 79]","[-57, 79]","[93, 79]","[243, 79]","[-207, -71]","[-57, -71]","[93, -71]","[243, -71]","[-207, -221]","[-57, -221]","[93, -221]","[243, -221]","[100, 100]","[100, 100]","[100, 100]","[100, 100]","[100, 100]","[100, 100]","[100, 100]","[100, 100]","[100, 100]","[100, 100]","[100, 100]","[100, 100]","[100, 100]","[100, 100]","[100, 100]","[100, 100]",ok.png,"[0, -375]","[150, 100]",375,dots,16,2,m,1,1,1,1,0,0,0,0,0,0,0,2.13237667084,2.132376670837402,0,60,60,49,49,1,1,0,0,0,0,0,0,0,0.88261204958,0.8826120495796204,0,55,55,-361,-361,393
15.png,14.png,13.png,12.png,11.png,10.png,09.png,08.png,07.png,06.png,05.png,04.png,03.png,02.png,01.png,dots2.png,"[-215, 230]","[-65, 230]","[85, 230]","[235, 230]","[-215, 80]","[-65, 80]","[85, 80]","[235, 80]","[-215, -70]","[-65, -70]","[85, -70]","[235, -70]","[-215, -220]","[-65, -220]","[85, -220]","[235, -220]","[100, 100]","[100, 100]","[100, 100]","[100, 100]","[100, 100]","[100, 100]","[100, 100]","[100, 100]","[100, 100]","[100, 100]","[100, 100]","[100, 100]","[100, 100]","[100, 100]","[100, 100]","[100, 100]",ok.png,"[0, -375]","[150, 100]",376,dots,16,2,m,1,1,1,1,0,0,0,0,0,0,0,1.99910366535,1.999103665351868,0,243,243,-222,-222,1,1,0,0,0,0,0,0,0,0.715881228447,0.7158812284469604,0,-8,-8,-370,-370,58
23.png,22.png,31.png,32.png,33.png,34.png,14.png,15.png,13.png,12.png,11.png,10.png,01.png,09.png,dots2.png,08.png,"[-244, 246]","[-94, 246]","[56, 246]","[206, 246]","[-244, 96]","[-94, 96]","[56, 96]","[206, 96]","[-244, -54]","[-94, -54]","[56, -54]","[206, -54]","[-244, -204]","[-94, -204]","[56, -204]","[206, -204]","[100, 100]","[100, 100]","[100, 100]","[100, 100]","[100, 100]","[100, 100]","[100, 100]","[100, 100]","[100, 100]","[100, 100]","[100, 100]","[100, 100]","[100, 100]","[100, 100]","[100, 100]","[100, 100]",ok.png,"[0, -375]","[150, 100]",377,dots,16,2,m,1,1,1,1,0,0,0,0,0,0,0,2.01560783386,2.015607833862305,0,67,67,-216,-216,1,1,0,0,0,0,0,0,0,1.18280220032,1.182802200317383,0,25,25,-350,-350,65
27.png,30.png,25.png,24.png,23.png,22.png,21.png,20.png,19.png,18.png,17.png,16.png,15.png,dots2.png,06.png,05.png,"[-225, 244]","[-75, 244]","[75, 244]","[225, 244]","[-225, 94]","[-75, 94]","[75, 94]","[225, 94]","[-225, -56]","[-75, -56]","[75, -56]","[225, -56]","[-225, -206]","[-75, -206]","[75, -206]","[225, -206]","[100, 100]","[100, 100]","[100, 100]","[100, 100]","[100, 100]","[100, 100]","[100, 100]","[100, 100]","[100, 100]","[100, 100]","[100, 100]","[100, 100]","[100, 100]","[100, 100]","[100, 100]","[100, 100]",ok.png,"[0, -375]","[150, 100]",378,dots,16,2,m,1,1,1,1,0,0,0,0,0,0,0,2.81557011604,2.815570116043091,0,222,222,249,249,1,1,0,0,0,0,0,0,0,1.23252654076,1.232526540756226,0,-3,-3,-425,-425,234
33.png,32.png,30.png,29.png,08.png,02.png,31.png,27.png,26.png,28.png,12.png,03.png,dots2.png,24.png,23.png,22.png,"[-211, 203]","[-61, 203]","[89, 203]","[239, 203]","[-211, 53]","[-61, 53]","[89, 53]","[239, 53]","[-211, -97]","[-61, -97]","[89, -97]","[239, -97]","[-211, -247]","[-61, -247]","[89, -247]","[239, -247]","[100, 100]","[100, 100]","[100, 100]","[100, 100]","[100, 100]","[100, 100]","[100, 100]","[100, 100]","[100, 100]","[100, 100]","[100, 100]","[100, 100]","[100, 100]","[100, 100]","[100, 100]","[100, 100]",ok.png,"[0, -375]","[150, 100]",379,dots,16,2,m,1,1,1,1,0,0,0,0,0,0,0,1.66592514515,1.665925145149231,0,-192,-192,-237,-237,1,1,0,0,0,0,0,0,0,1.04936385155,1.049363851547241,0,-12,-12,-380,-380,169
28.png,26.png,24.png,22.png,01.png,34.png,33.png,32.png,31.png,30.png,29.png,dots2.png,08.png,06.png,04.png,02.png,"[-214, 210]","[-64, 210]","[86, 210]","[236, 210]","[-214, 60]","[-64, 60]","[86, 60]","[236, 60]","[-214, -90]","[-64, -90]","[86, -90]","[236, -90]","[-214, -240]","[-64, -240]","[86, -240]","[236, -240]","[100, 100]","[100, 100]","[100, 100]","[100, 100]","[100, 100]","[100, 100]","[100, 100]","[100, 100]","[100, 100]","[100, 100]","[100, 100]","[100, 100]","[100, 100]","[100, 100]","[100, 100]","[100, 100]",ok.png,"[0, -375]","[150, 100]",380,dots,16,2,m,1,1,1,1,0,0,0,0,0,0,0,0.94935041666,0.9493504166603088,0,243,243,-88,-88,1,1,0,0,0,0,0,0,0,1.48258304596,1.482583045959473,0,34,34,-385,-385,356
32.png,30.png,23.png,17.png,29.png,09.png,15.png,06.png,26.png,11.png,dots2.png,04.png,27.png,07.png,34.png,01.png,"[-231, 206]","[-81, 206]","[69, 206]","[219, 206]","[-231, 56]","[-81, 56]","[69, 56]","[219, 56]","[-231, -94]","[-81, -94]","[69, -94]","[219, -94]","[-231, -244]","[-81, -244]","[69, -244]","[219, -244]","[100, 100]","[100, 100]","[100, 100]","[100, 100]","[100, 100]","[100, 100]","[100, 100]","[100, 100]","[100, 100]","[100, 100]","[100, 100]","[100, 100]","[100, 100]","[100, 100]","[100, 100]","[100, 100]",ok.png,"[0, -375]","[150, 100]",381,dots,16,2,m,1,1,1,1,0,0,0,0,0,0,0,1.23221647739,1.232216477394104,0,80,80,-80,-80,1,1,0,0,0,0,0,0,0,1.01629209518,1.016292095184326,0,-28,-28,-389,-389,416
17.png,09.png,22.png,06.png,27.png,13.png,14.png,18.png,25.png,dots2.png,03.png,07.png,05.png,02.png,24.png,12.png,"[-207, 248]","[-57, 248]","[93, 248]","[243, 248]","[-207, 98]","[-57, 98]","[93, 98]","[243, 98]","[-207, -52]","[-57, -52]","[93, -52]","[243, -52]","[-207, -202]","[-57, -202]","[93, -202]","[243, -202]","[100, 100]","[100, 100]","[100, 100]","[100, 100]","[100, 100]","[100, 100]","[100, 100]","[100, 100]","[100, 100]","[100, 100]","[100, 100]","[100, 100]","[100, 100]","[100, 100]","[100, 100]","[100, 100]",ok.png,"[0, -375]","[150, 100]",382,dots,16,2,m,1,1,1,1,0,0,0,0,0,0,0,1.53228974342,1.532289743423462,0,-76,-76,-69,-69,1,1,0,0,0,0,0,0,0,1.78257071972,1.782570719718933,0,-8,-8,-399,-399,217
22.png,33.png,01.png,09.png,31.png,25.png,17.png,30.png,dots2.png,27.png,15.png,20.png,07.png,33.png,05.png,13.png,"[-227, 211]","[-77, 211]","[73, 211]","[223, 211]","[-227, 61]","[-77, 61]","[73, 61]","[223, 61]","[-227, -89]","[-77, -89]","[73, -89]","[223, -89]","[-227, -239]","[-77, -239]","[73, -239]","[223, -239]","[100, 100]","[100, 100]","[100, 100]","[100, 100]","[100, 100]","[100, 100]","[100, 100]","[100, 100]","[100, 100]","[100, 100]","[100, 100]","[100, 100]","[100, 100]","[100, 100]","[100, 100]","[100, 100]",ok.png,"[0, -375]","[150, 100]",383,dots,16,2,m,1,1,1,1,0,0,0,0,0,0,0,1.4988373518,1.498837351799011,0,-255,-255,-94,-94,1,1,0,0,0,0,0,0,0,0.732807993889,0.732807993888855,0,-22,-22,-367,-367,284
33.png,31.png,25.png,21.png,27.png,23.png,29.png,dots2.png,06.png,04.png,08.png,02.png,16.png,13.png,10.png,07.png,"[-225, 233]","[-75, 233]","[75, 233]","[225, 233]","[-225, 83]","[-75, 83]","[75, 83]","[225, 83]","[-225, -67]","[-75, -67]","[75, -67]","[225, -67]","[-225, -217]","[-75, -217]","[75, -217]","[225, -217]","[100, 100]","[100, 100]","[100, 100]","[100, 100]","[100, 100]","[100, 100]","[100, 100]","[100, 100]","[100, 100]","[100, 100]","[100, 100]","[100, 100]","[100, 100]","[100, 100]","[100, 100]","[100, 100]",ok.png,"[0, -375]","[150, 100]",384,dots,16,2,m,1,1,1,1,0,0,0,0,0,0,0,1.63254070282,1.632540702819824,0,219,219,95,95,1,1,0,0,0,0,0,0,0,1.14914810658,1.149148106575012,0,38,38,-395,-395,37
30.png,32.png,27.png,21.png,26.png,24.png,dots2.png,22.png,20.png,18.png,16.png,14.png,03.png,05.png,07.png,09.png,"[-241, 211]","[-91, 211]","[59, 211]","[209, 211]","[-241, 61]","[-91, 61]","[59, 61]","[209, 61]","[-241, -89]","[-91, -89]","[59, -89]","[209, -89]","[-241, -239]","[-91, -239]","[59, -239]","[209, -239]","[100, 100]","[100, 100]","[100, 100]","[100, 100]","[100, 100]","[100, 100]","[100, 100]","[100, 100]","[100, 100]","[100, 100]","[100, 100]","[100, 100]","[100, 100]","[100, 100]","[100, 100]","[100, 100]",ok.png,"[0, -375]","[150, 100]",385,dots,16,2,m,1,1,1,1,0,0,0,0,0,0,0,3.29885959625,3.298859596252441,0,68,68,40,40,1,1,0,0,0,0,0,0,0,0.582693576813,0.5826935768127441,0,17,17,-381,-381,409
01.png,18.png,27.png,24.png,21.png,dots2.png,19.png,16.png,32.png,34.png,10.png,13.png,31.png,33.png,14.png,05.png,"[-200, 239]","[-50, 239]","[100, 239]","[250, 239]","[-200, 89]","[-50, 89]","[100, 89]","[250, 89]","[-200, -61]","[-50, -61]","[100, -61]","[250, -61]","[-200, -211]","[-50, -211]","[100, -211]","[250, -211]","[100, 100]","[100, 100]","[100, 100]","[100, 100]","[100, 100]","[100, 100]","[100, 100]","[100, 100]","[100, 100]","[100, 100]","[100, 100]","[100, 100]","[100, 100]","[100, 100]","[100, 100]","[100, 100]",ok.png,"[0, -375]","[150, 100]",386,dots,16,2,m,1,1,1,1,0,0,0,0,0,0,0,0.932030320168,0.9320303201675416,0,-66,-66,105,105,1,1,0,0,0,0,0,0,0,1.08305633068,1.083056330680847,0,15,15,-414,-414,127
34.png,27.png,08.png,18.png,dots2.png,11.png,16.png,21.png,17.png,04.png,24.png,09.png,25.png,20.png,15.png,10.png,"[-213, 234]","[-63, 234]","[87, 234]","[237, 234]","[-213, 84]","[-63, 84]","[87, 84]","[237, 84]","[-213, -66]","[-63, -66]","[87, -66]","[237, -66]","[-213, -216]","[-63, -216]","[87, -216]","[237, -216]","[100, 100]","[100, 100]","[100, 100]","[100, 100]","[100, 100]","[100, 100]","[100, 100]","[100, 100]","[100, 100]","[100, 100]","[100, 100]","[100, 100]","[100, 100]","[100, 100]","[100, 100]","[100, 100]",ok.png,"[0, -375]","[150, 100]",387,dots,16,2,m,1,1,1,1,0,0,0,0,0,0,0,2.16573166847,2.16573166847229,0,-189,-189,85,85,1,1,0,0,0,0,0,0,0,0.749635696411,0.7496356964111328,0,-11,-11,-356,-356,208
04.png,02.png,05.png,dots2.png,08.png,07.png,01.png,03.png,26.png,29.png,32.png,28.png,24.png,20.png,10.png,16.png,"[-231, 228]","[-81, 228]","[69, 228]","[219, 228]","[-231, 78]","[-81, 78]","[69, 78]","[219, 78]","[-231, -72]","[-81, -72]","[69, -72]","[219, -72]","[-231, -222]","[-81, -222]","[69, -222]","[219, -222]","[100, 100]","[100, 100]","[100, 100]","[100, 100]","[100, 100]","[100, 100]","[100, 100]","[100, 100]","[100, 100]","[100, 100]","[100, 100]","[100, 100]","[100, 100]","[100, 100]","[100, 100]","[100, 100]",ok.png,"[0, -375]","[150, 100]",388,dots,16,2,m,1,1,1,1,0,0,0,0,0,0,0,1.11553025246,1.115530252456665,0,184,184,205,205,1,1,0,0,0,0,0,0,0,0.765827417374,0.7658274173736572,0,-27,-27,-395,-395,399
01.png,12.png,dots2.png,23.png,10.png,02.png,28.png,13.png,08.png,33.png,03.png,15.png,16.png,06.png,17.png,29.png,"[-200, 237]","[-50, 237]","[100, 237]","[250, 237]","[-200, 87]","[-50, 87]","[100, 87]","[250, 87]","[-200, -63]","[-50, -63]","[100, -63]","[250, -63]","[-200, -213]","[-50, -213]","[100, -213]","[250, -213]","[100, 100]","[100, 100]","[100, 100]","[100, 100]","[100, 100]","[100, 100]","[100, 100]","[100, 100]","[100, 100]","[100, 100]","[100, 100]","[100, 100]","[100, 100]","[100, 100]","[100, 100]","[100, 100]",ok.png,"[0, -375]","[150, 100]",389,dots,16,2,m,1,1,1,1,0,0,0,0,0,0,0,1.29912233353,1.299122333526611,0,106,106,222,222,1,1,0,0,0,0,0,0,0,1.93264639378,1.93264639377594,0,43,43,-382,-382,72
24.png,dots2.png,03.png,07.png,13.png,17.png,23.png,27.png,33.png,04.png,06.png,14.png,16.png,08.png,30.png,32.png,"[-220, 228]","[-70, 228]","[80, 228]","[230, 228]","[-220, 78]","[-70, 78]","[80, 78]","[230, 78]","[-220, -72]","[-70, -72]","[80, -72]","[230, -72]","[-220, -222]","[-70, -222]","[80, -222]","[230, -222]","[100, 100]","[100, 100]","[100, 100]","[100, 100]","[100, 100]","[100, 100]","[100, 100]","[100, 100]","[100, 100]","[100, 100]","[100, 100]","[100, 100]","[100, 100]","[100, 100]","[100, 100]","[100, 100]",ok.png,"[0, -375]","[150, 100]",390,dots,16,2,m,1,1,1,1,0,0,0,0,0,0,0,2.71540904045,2.71540904045105,0,-79,-79,225,225,1,1,0,0,0,0,0,0,0,1.28281998634,1.282819986343384,0,9,9,-373,-373,115
dots2.png,17.png,07.png,14.png,27.png,33.png,23.png,24.png,04.png,03.png,16.png,12.png,02.png,30.png,20.png,04.png,"[-225, 212]","[-75, 212]","[75, 212]","[225, 212]","[-225, 62]","[-75, 62]","[75, 62]","[225, 62]","[-225, -88]","[-75, -88]","[75, -88]","[225, -88]","[-225, -238]","[-75, -238]","[75, -238]","[225, -238]","[100, 100]","[100, 100]","[100, 100]","[100, 100]","[100, 100]","[100, 100]","[100, 100]","[100, 100]","[100, 100]","[100, 100]","[100, 100]","[100, 100]","[100, 100]","[100, 100]","[100, 100]","[100, 100]",ok.png,"[0, -375]","[150, 100]",391,dots,16,2,m,1,1,1,1,0,0,0,0,0,0,0,4.21568012238,4.215680122375488,0,-248,-248,201,201,1,1,0,0,0,0,0,0,0,0.649574995041,0.6495749950408936,0,16,16,-402,-402,10
18.png,dots2.png,04.png,13.png,31.png,16.png,22.png,12.png,11.png,32.png,02.png,25.png,09.png,29.png,19.png,03.png,"[-225, 216]","[-75, 216]","[75, 216]","[225, 216]","[-225, 66]","[-75, 66]","[75, 66]","[225, 66]","[-225, -84]","[-75, -84]","[75, -84]","[225, -84]","[-225, -234]","[-75, -234]","[75, -234]","[225, -234]","[100, 100]","[100, 100]","[100, 100]","[100, 100]","[100, 100]","[100, 100]","[100, 100]","[100, 100]","[100, 100]","[100, 100]","[100, 100]","[100, 100]","[100, 100]","[100, 100]","[100, 100]","[100, 100]",ok.png,"[0, -375]","[150, 100]",392,dots,16,2,m,1,1,1,1,0,0,0,0,0,0,0,2.53212833405,2.53212833404541,0,-57,-57,233,233,1,1,0,0,0,0,0,0,0,0.566271722317,0.5662717223167419,0,-30,-30,-394,-394,362
15.png,08.png,dots2.png,03.png,25.png,28.png,27.png,01.png,23.png,07.png,30.png,21.png,05.png,11.png,13.png,16.png,"[-243, 226]","[-93, 226]","[57, 226]","[207, 226]","[-243, 76]","[-93, 76]","[57, 76]","[207, 76]","[-243, -74]","[-93, -74]","[57, -74]","[207, -74]","[-243, -224]","[-93, -224]","[57, -224]","[207, -224]","[100, 100]","[100, 100]","[100, 100]","[100, 100]","[100, 100]","[100, 100]","[100, 100]","[100, 100]","[100, 100]","[100, 100]","[100, 100]","[100, 100]","[100, 100]","[100, 100]","[100, 100]","[100, 100]",ok.png,"[0, -375]","[150, 100]",393,dots,16,2,m,1,1,1,1,0,0,0,0,0,0,0,2.24911189079,2.249111890792847,0,44,44,203,203,1,1,0,0,0,0,0,0,0,0.749352693558,0.7493526935577393,0,-24,-24,-400,-400,353
32.png,07.png,14.png,dots2.png,23.png,02.png,09.png,29.png,28.png,16.png,05.png,20.png,17.png,15.png,21.png,06.png,"[-212, 242]","[-62, 242]","[88, 242]","[238, 242]","[-212, 92]","[-62, 92]","[88, 92]","[238, 92]","[-212, -58]","[-62, -58]","[88, -58]","[238, -58]","[-212, -208]","[-62, -208]","[88, -208]","[238, -208]","[100, 100]","[100, 100]","[100, 100]","[100, 100]","[100, 100]","[100, 100]","[100, 100]","[100, 100]","[100, 100]","[100, 100]","[100, 100]","[100, 100]","[100, 100]","[100, 100]","[100, 100]","[100, 100]",ok.png,"[0, -375]","[150, 100]",394,dots,16,2,m,1,1,1,1,0,0,0,0,0,0,0,1.4323745966,1.432374596595764,0,221,221,246,246,1,1,0,0,0,0,0,0,0,1.36621713638,1.366217136383057,0,15,15,-374,-374,49
03.png,32.png,21.png,31.png,dots2.png,08.png,30.png,15.png,34.png,19.png,17.png,12.png,28.png,01.png,11.png,06.png,"[-206, 233]","[-56, 233]","[94, 233]","[244, 233]","[-206, 83]","[-56, 83]","[94, 83]","[244, 83]","[-206, -67]","[-56, -67]","[94, -67]","[244, -67]","[-206, -217]","[-56, -217]","[94, -217]","[244, -217]","[100, 100]","[100, 100]","[100, 100]","[100, 100]","[100, 100]","[100, 100]","[100, 100]","[100, 100]","[100, 100]","[100, 100]","[100, 100]","[100, 100]","[100, 100]","[100, 100]","[100, 100]","[100, 100]",ok.png,"[0, -375]","[150, 100]",395,dots,16,2,m,1,1,1,1,0,0,0,0,0,0,0,2.68216228485,2.682162284851074,0,-207,-207,87,87,1,1,0,0,0,0,0,0,0,1.01617097855,1.016170978546143,0,22,22,-398,-398,163
28.png,22.png,16.png,13.png,10.png,dots2.png,09.png,07.png,27.png,24.png,31.png,32.png,04.png,12.png,03.png,09.png,"[-202, 210]","[-52, 210]","[98, 210]","[248, 210]","[-202, 60]","[-52, 60]","[98, 60]","[248, 60]","[-202, -90]","[-52, -90]","[98, -90]","[248, -90]","[-202, -240]","[-52, -240]","[98, -240]","[248, -240]","[100, 100]","[100, 100]","[100, 100]","[100, 100]","[100, 100]","[100, 100]","[100, 100]","[100, 100]","[100, 100]","[100, 100]","[100, 100]","[100, 100]","[100, 100]","[100, 100]","[100, 100]","[100, 100]",ok.png,"[0, -375]","[150, 100]",396,dots,16,2,m,1,1,1,1,0,0,0,0,0,0,0,1.24900889397,1.249008893966675,0,-24,-24,32,32,1,1,0,0,0,0,0,0,0,1.33309292793,1.333092927932739,0,23,23,-335,-335,406
30.png,26.png,20.png,34.png,10.png,07.png,dots2.png,01.png,08.png,05.png,19.png,33.png,12.png,25.png,14.png,18.png,"[-228, 240]","[-78, 240]","[72, 240]","[222, 240]","[-228, 90]","[-78, 90]","[72, 90]","[222, 90]","[-228, -60]","[-78, -60]","[72, -60]","[222, -60]","[-228, -210]","[-78, -210]","[72, -210]","[222, -210]","[100, 100]","[100, 100]","[100, 100]","[100, 100]","[100, 100]","[100, 100]","[100, 100]","[100, 100]","[100, 100]","[100, 100]","[100, 100]","[100, 100]","[100, 100]","[100, 100]","[100, 100]","[100, 100]",ok.png,"[0, -375]","[150, 100]",397,dots,16,2,m,1,1,1,1,0,0,0,0,0,0,0,1.04850745201,1.048507452011108,0,74,74,103,103,1,1,0,0,0,0,0,0,0,1.89969694614,1.899696946144104,0,29,29,-375,-375,143
01.png,33.png,24.png,26.png,30.png,04.png,02.png,dots2.png,09.png,25.png,14.png,21.png,18.png,17.png,13.png,11.png,"[-247, 231]","[-97, 231]","[53, 231]","[203, 231]","[-247, 81]","[-97, 81]","[53, 81]","[203, 81]","[-247, -69]","[-97, -69]","[53, -69]","[203, -69]","[-247, -219]","[-97, -219]","[53, -219]","[203, -219]","[100, 100]","[100, 100]","[100, 100]","[100, 100]","[100, 100]","[100, 100]","[100, 100]","[100, 100]","[100, 100]","[100, 100]","[100, 100]","[100, 100]","[100, 100]","[100, 100]","[100, 100]","[100, 100]",ok.png,"[0, -375]","[150, 100]",398,dots,16,2,m,1,1,1,1,0,0,0,0,0,0,0,1.61579406261,1.615794062614441,0,209,209,95,95,1,1,0,0,0,0,0,0,0,0.932772099972,0.9327720999717712,0,39,39,-383,-383,253
19.png,03.png,29.png,09.png,30.png,26.png,31.png,18.png,dots2.png,22.png,07.png,11.png,20.png,10.png,14.png,08.png,"[-217, 242]","[-67, 242]","[83, 242]","[233, 242]","[-217, 92]","[-67, 92]","[83, 92]","[233, 92]","[-217, -58]","[-67, -58]","[83, -58]","[233, -58]","[-217, -208]","[-67, -208]","[83, -208]","[233, -208]","[100, 100]","[100, 100]","[100, 100]","[100, 100]","[100, 100]","[100, 100]","[100, 100]","[100, 100]","[100, 100]","[100, 100]","[100, 100]","[100, 100]","[100, 100]","[100, 100]","[100, 100]","[100, 100]",ok.png,"[0, -375]","[150, 100]",399,dots,16,2,m,1,1,1,1,0,0,0,0,0,0,0,1.48240983486,1.482409834861755,0,-197,-197,-75,-75,1,1,0,0,0,0,0,0,0,0.682966470718,0.6829664707183838,0,40,40,-442,-442,119
26.png,29.png,32.png,19.png,05.png,14.png,15.png,33.png,30.png,dots2.png,21.png,23.png,11.png,13.png,03.png,31.png,"[-223, 204]","[-73, 204]","[77, 204]","[227, 204]","[-223, 54]","[-73, 54]","[77, 54]","[227, 54]","[-223, -96]","[-73, -96]","[77, -96]","[227, -96]","[-223, -246]","[-73, -246]","[77, -246]","[227, -246]","[100, 100]","[100, 100]","[100, 100]","[100, 100]","[100, 100]","[100, 100]","[100, 100]","[100, 100]","[100, 100]","[100, 100]","[100, 100]","[100, 100]","[100, 100]","[100, 100]","[100, 100]","[100, 100]",ok.png,"[0, -375]","[150, 100]",400,dots,16,2,m,1,1,1,1,0,0,0,0,0,0,0,3.64907956123,3.649079561233521,0,-71,-71,-99,-99,1,1,0,0,0,0,0,0,0,0.699117779732,0.6991177797317505,0,34,34,-373,-373,4
tray1.png,01.png,02.png,03.png,04.png,05.png,06.png,07.png,08.png,09.png,10.png,11.png,12.png,13.png,14.png,dots1.png,"[-200, 239]","[-50, 239]","[100, 239]","[250, 239]","[-200, 89]","[-50, 89]","[100, 89]","[250, 89]","[-200, -61]","[-50, -61]","[100, -61]","[250, -61]","[-200, -211]","[-50, -211]","[100, -211]","[250, -211]","[100, 100]","[100, 100]","[100, 100]","[100, 100]","[100, 100]","[100, 100]","[100, 100]","[100, 100]","[100, 100]","[100, 100]","[100, 100]","[100, 100]","[100, 100]","[100, 100]","[100, 100]","[100, 100]",ok.png,"[0, -375]","[150, 100]",401,both,16,3,m,1,1,1,1,0,0,0,0,0,0,0,1.01573944092,1.015739440917969,0,-176,-176,246,246,1,1,0,0,0,0,0,0,0,0.782859683037,0.7828596830368042,0,-7,-7,-328,-328,183
08.png,tray1.png,09.png,01.png,10.png,11.png,12.png,13.png,15.png,14.png,34.png,33.png,32.png,31.png,dots1.png,23.png,"[-221, 209]","[-71, 209]","[79, 209]","[229, 209]","[-221, 59]","[-71, 59]","[79, 59]","[229, 59]","[-221, -91]","[-71, -91]","[79, -91]","[229, -91]","[-221, -241]","[-71, -241]","[79, -241]","[229, -241]","[100, 100]","[100, 100]","[100, 100]","[100, 100]","[100, 100]","[100, 100]","[100, 100]","[100, 100]","[100, 100]","[100, 100]","[100, 100]","[100, 100]","[100, 100]","[100, 100]","[100, 100]","[100, 100]",ok.png,"[0, -375]","[150, 100]",402,both,16,3,m,1,1,1,1,0,0,0,0,0,0,0,1.21578669548,1.215786695480347,0,121,121,-241,-241,1,1,0,0,0,0,0,0,0,1.58243811131,1.582438111305237,0,-69,-69,222,222,215
05.png,06.png,tray1.png,15.png,16.png,17.png,18.png,19.png,20.png,21.png,22.png,23.png,24.png,dots1.png,30.png,27.png,"[-244, 211]","[-94, 211]","[56, 211]","[206, 211]","[-244, 61]","[-94, 61]","[56, 61]","[206, 61]","[-244, -89]","[-94, -89]","[56, -89]","[206, -89]","[-244, -239]","[-94, -239]","[56, -239]","[206, -239]","[100, 100]","[100, 100]","[100, 100]","[100, 100]","[100, 100]","[100, 100]","[100, 100]","[100, 100]","[100, 100]","[100, 100]","[100, 100]","[100, 100]","[100, 100]","[100, 100]","[100, 100]","[100, 100]",ok.png,"[0, -375]","[150, 100]",403,both,16,3,m,1,1,1,1,0,0,0,0,0,0,0,1.58223927021,1.582239270210266,0,49,49,235,235,1,1,0,0,0,0,0,0,0,1.03277111053,1.032771110534668,0,-95,-95,-226,-226,168
22.png,23.png,24.png,tray1.png,03.png,12.png,25.png,26.png,02.png,08.png,27.png,28.png,dots1.png,30.png,31.png,32.png,"[-203, 220]","[-53, 220]","[97, 220]","[247, 220]","[-203, 70]","[-53, 70]","[97, 70]","[247, 70]","[-203, -80]","[-53, -80]","[97, -80]","[247, -80]","[-203, -230]","[-53, -230]","[97, -230]","[247, -230]","[100, 100]","[100, 100]","[100, 100]","[100, 100]","[100, 100]","[100, 100]","[100, 100]","[100, 100]","[100, 100]","[100, 100]","[100, 100]","[100, 100]","[100, 100]","[100, 100]","[100, 100]","[100, 100]",ok.png,"[0, -375]","[150, 100]",404,both,16,3,m,1,1,1,1,0,0,0,0,0,0,0,1.53239154816,1.532391548156738,0,-181,-181,-226,-226,1,1,0,0,0,0,0,0,0,1.64925634861,1.649256348609924,0,265,265,210,210,105
02.png,04.png,06.png,08.png,tray1.png,29.png,30.png,31.png,32.png,33.png,34.png,dots1.png,22.png,24.png,26.png,28.png,"[-213, 243]","[-63, 243]","[87, 243]","[237, 243]","[-213, 93]","[-63, 93]","[87, 93]","[237, 93]","[-213, -57]","[-63, -57]","[87, -57]","[237, -57]","[-213, -207]","[-63, -207]","[87, -207]","[237, -207]","[100, 100]","[100, 100]","[100, 100]","[100, 100]","[100, 100]","[100, 100]","[100, 100]","[100, 100]","[100, 100]","[100, 100]","[100, 100]","[100, 100]","[100, 100]","[100, 100]","[100, 100]","[100, 100]",ok.png,"[0, -375]","[150, 100]",405,both,16,3,m,1,1,1,1,0,0,0,0,0,0,0,0.982548773289,0.9825487732887268,0,268,268,-68,-68,1,1,0,0,0,0,0,0,0,1.91623651981,1.916236519813538,0,-226,-226,51,51,360
01.png,34.png,07.png,27.png,04.png,tray1.png,11.png,26.png,06.png,15.png,dots1.png,29.png,17.png,23.png,30.png,32.png,"[-202, 222]","[-52, 222]","[98, 222]","[248, 222]","[-202, 72]","[-52, 72]","[98, 72]","[248, 72]","[-202, -78]","[-52, -78]","[98, -78]","[248, -78]","[-202, -228]","[-52, -228]","[98, -228]","[248, -228]","[100, 100]","[100, 100]","[100, 100]","[100, 100]","[100, 100]","[100, 100]","[100, 100]","[100, 100]","[100, 100]","[100, 100]","[100, 100]","[100, 100]","[100, 100]","[100, 100]","[100, 100]","[100, 100]",ok.png,"[0, -375]","[150, 100]",406,both,16,3,m,1,1,1,1,0,0,0,0,0,0,0,1.13247346878,1.132473468780518,0,-56,-56,58,58,1,1,0,0,0,0,0,0,0,1.3994436264,1.399443626403809,0,-46,-46,-114,-114,41
12.png,24.png,02.png,05.png,07.png,03.png,tray1.png,25.png,18.png,dots1.png,13.png,27.png,06.png,22.png,09.png,17.png,"[-211, 207]","[-61, 207]","[89, 207]","[239, 207]","[-211, 57]","[-61, 57]","[89, 57]","[239, 57]","[-211, -93]","[-61, -93]","[89, -93]","[239, -93]","[-211, -243]","[-61, -243]","[89, -243]","[239, -243]","[100, 100]","[100, 100]","[100, 100]","[100, 100]","[100, 100]","[100, 100]","[100, 100]","[100, 100]","[100, 100]","[100, 100]","[100, 100]","[100, 100]","[100, 100]","[100, 100]","[100, 100]","[100, 100]",ok.png,"[0, -375]","[150, 100]",407,both,16,3,m,1,1,1,1,0,0,0,0,0,0,0,0.78229701519,0.7822970151901245,0,82,82,83,83,1,1,0,0,0,0,0,0,0,0.799305677414,0.7993056774139404,0,-53,-53,-127,-127,432
13.png,05.png,33.png,07.png,20.png,15.png,27.png,tray1.png,dots1.png,17.png,25.png,31.png,09.png,01.png,33.png,22.png,"[-216, 204]","[-66, 204]","[84, 204]","[234, 204]","[-216, 54]","[-66, 54]","[84, 54]","[234, 54]","[-216, -96]","[-66, -96]","[84, -96]","[234, -96]","[-216, -246]","[-66, -246]","[84, -246]","[234, -246]","[100, 100]","[100, 100]","[100, 100]","[100, 100]","[100, 100]","[100, 100]","[100, 100]","[100, 100]","[100, 100]","[100, 100]","[100, 100]","[100, 100]","[100, 100]","[100, 100]","[100, 100]","[100, 100]",ok.png,"[0, -375]","[150, 100]",408,both,16,3,m,1,1,1,1,0,0,0,0,0,0,0,1.88259530067,1.882595300674438,0,-239,-239,-118,-118,1,1,0,0,0,0,0,0,0,0.649134635925,0.649134635925293,0,311,311,55,55,317
07.png,10.png,13.png,16.png,02.png,08.png,04.png,dots1.png,tray1.png,29.png,23.png,27.png,21.png,25.png,31.png,33.png,"[-235, 214]","[-85, 214]","[65, 214]","[215, 214]","[-235, 64]","[-85, 64]","[65, 64]","[215, 64]","[-235, -86]","[-85, -86]","[65, -86]","[215, -86]","[-235, -236]","[-85, -236]","[65, -236]","[215, -236]","[100, 100]","[100, 100]","[100, 100]","[100, 100]","[100, 100]","[100, 100]","[100, 100]","[100, 100]","[100, 100]","[100, 100]","[100, 100]","[100, 100]","[100, 100]","[100, 100]","[100, 100]","[100, 100]",ok.png,"[0, -375]","[150, 100]",409,both,16,3,m,1,1,1,1,0,0,0,0,0,0,0,1.8823517561,1.882351756095886,0,-241,-241,-95,-95,1,1,0,0,0,0,0,0,0,0.765989840031,0.7659898400306702,0,-5,-5,-379,-379,188
09.png,07.png,05.png,03.png,14.png,16.png,dots1.png,20.png,22.png,tray1.png,24.png,26.png,21.png,27.png,32.png,30.png,"[-227, 227]","[-77, 227]","[73, 227]","[223, 227]","[-227, 77]","[-77, 77]","[73, 77]","[223, 77]","[-227, -73]","[-77, -73]","[73, -73]","[223, -73]","[-227, -223]","[-77, -223]","[73, -223]","[223, -223]","[100, 100]","[100, 100]","[100, 100]","[100, 100]","[100, 100]","[100, 100]","[100, 100]","[100, 100]","[100, 100]","[100, 100]","[100, 100]","[100, 100]","[100, 100]","[100, 100]","[100, 100]","[100, 100]",ok.png,"[0, -375]","[150, 100]",410,both,16,3,m,1,1,1,1,0,0,0,0,0,0,0,4.2323217392,4.232321739196777,0,-71,-71,-76,-76,1,1,0,0,0,0,0,0,0,0.549402713776,0.5494027137756348,0,52,52,-425,-425,151
05.png,14.png,33.png,31.png,13.png,dots1.png,34.png,32.png,16.png,19.png,tray1.png,21.png,24.png,27.png,18.png,01.png,"[-211, 228]","[-61, 228]","[89, 228]","[239, 228]","[-211, 78]","[-61, 78]","[89, 78]","[239, 78]","[-211, -72]","[-61, -72]","[89, -72]","[239, -72]","[-211, -222]","[-61, -222]","[89, -222]","[239, -222]","[100, 100]","[100, 100]","[100, 100]","[100, 100]","[100, 100]","[100, 100]","[100, 100]","[100, 100]","[100, 100]","[100, 100]","[100, 100]","[100, 100]","[100, 100]","[100, 100]","[100, 100]","[100, 100]",ok.png,"[0, -375]","[150, 100]",411,both,16,3,m,1,1,1,1,0,0,0,0,0,0,0,1.51583266258,1.515832662582397,0,-82,-82,62,62,1,1,0,0,0,0,0,0,0,0.499283611774,0.4992836117744446,0,112,112,-66,-66,66
10.png,15.png,20.png,25.png,dots1.png,24.png,04.png,17.png,21.png,16.png,11.png,tray1.png,18.png,08.png,27.png,34.png,"[-218, 232]","[-68, 232]","[82, 232]","[232, 232]","[-218, 82]","[-68, 82]","[82, 82]","[232, 82]","[-218, -68]","[-68, -68]","[82, -68]","[232, -68]","[-218, -218]","[-68, -218]","[82, -218]","[232, -218]","[100, 100]","[100, 100]","[100, 100]","[100, 100]","[100, 100]","[100, 100]","[100, 100]","[100, 100]","[100, 100]","[100, 100]","[100, 100]","[100, 100]","[100, 100]","[100, 100]","[100, 100]","[100, 100]",ok.png,"[0, -375]","[150, 100]",412,both,16,3,m,1,1,1,1,0,0,0,0,0,0,0,2.08250832558,2.082508325576782,0,-260,-260,74,74,1,1,0,0,0,0,0,0,0,0.932745397091,0.932745397090912,0,22,22,-417,-417,193
16.png,10.png,20.png,dots1.png,28.png,32.png,29.png,26.png,03.png,01.png,07.png,08.png,tray1.png,05.png,02.png,04.png,"[-224, 234]","[-74, 234]","[76, 234]","[226, 234]","[-224, 84]","[-74, 84]","[76, 84]","[226, 84]","[-224, -66]","[-74, -66]","[76, -66]","[226, -66]","[-224, -216]","[-74, -216]","[76, -216]","[226, -216]","[100, 100]","[100, 100]","[100, 100]","[100, 100]","[100, 100]","[100, 100]","[100, 100]","[100, 100]","[100, 100]","[100, 100]","[100, 100]","[100, 100]","[100, 100]","[100, 100]","[100, 100]","[100, 100]",ok.png,"[0, -375]","[150, 100]",413,both,16,3,m,1,1,1,1,0,0,0,0,0,0,0,1.46556639671,1.465566396713257,0,-198,-198,-214,-214,1,1,0,0,0,0,0,0,0,0.982820153236,0.9828201532363892,0,5,5,-394,-394,369
29.png,17.png,dots1.png,16.png,15.png,03.png,33.png,08.png,13.png,28.png,02.png,10.png,23.png,tray1.png,12.png,01.png,"[-214, 201]","[-64, 201]","[86, 201]","[236, 201]","[-214, 51]","[-64, 51]","[86, 51]","[236, 51]","[-214, -99]","[-64, -99]","[86, -99]","[236, -99]","[-214, -249]","[-64, -249]","[86, -249]","[236, -249]","[100, 100]","[100, 100]","[100, 100]","[100, 100]","[100, 100]","[100, 100]","[100, 100]","[100, 100]","[100, 100]","[100, 100]","[100, 100]","[100, 100]","[100, 100]","[100, 100]","[100, 100]","[100, 100]",ok.png,"[0, -375]","[150, 100]",414,both,16,3,m,1,1,1,1,0,0,0,0,0,0,0,1.28235125542,1.28235125541687,0,109,109,210,210,1,1,0,0,0,0,0,0,0,0.933014214039,0.9330142140388488,0,-7,-7,-227,-227,449
32.png,dots1.png,08.png,16.png,14.png,06.png,04.png,33.png,27.png,23.png,17.png,13.png,07.png,03.png,tray1.png,24.png,"[-246, 223]","[-96, 223]","[54, 223]","[204, 223]","[-246, 73]","[-96, 73]","[54, 73]","[204, 73]","[-246, -77]","[-96, -77]","[54, -77]","[204, -77]","[-246, -227]","[-96, -227]","[54, -227]","[204, -227]","[100, 100]","[100, 100]","[100, 100]","[100, 100]","[100, 100]","[100, 100]","[100, 100]","[100, 100]","[100, 100]","[100, 100]","[100, 100]","[100, 100]","[100, 100]","[100, 100]","[100, 100]","[100, 100]",ok.png,"[0, -375]","[150, 100]",415,both,16,3,m,1,1,1,1,0,0,0,0,0,0,0,2.08211374283,2.082113742828369,0,49,49,-220,-220,1,1,0,0,0,0,0,0,0,0.616164147854,0.6161641478538513,0,-9,-9,-432,-432,62
dots1.png,20.png,30.png,02.png,12.png,16.png,03.png,04.png,24.png,23.png,33.png,27.png,14.png,07.png,17.png,tray1.png,"[-226, 212]","[-76, 212]","[74, 212]","[224, 212]","[-226, 62]","[-76, 62]","[74, 62]","[224, 62]","[-226, -88]","[-76, -88]","[74, -88]","[224, -88]","[-226, -238]","[-76, -238]","[74, -238]","[224, -238]","[100, 100]","[100, 100]","[100, 100]","[100, 100]","[100, 100]","[100, 100]","[100, 100]","[100, 100]","[100, 100]","[100, 100]","[100, 100]","[100, 100]","[100, 100]","[100, 100]","[100, 100]","[100, 100]",ok.png,"[0, -375]","[150, 100]",416,both,16,3,m,1,1,1,1,0,0,0,0,0,0,0,1.68219649792,1.682196497917175,0,-218,-218,228,228,1,1,0,0,0,0,0,0,0,1.68277132511,1.682771325111389,0,227,227,-249,-249,21
03.png,dots1.png,29.png,09.png,25.png,02.png,32.png,11.png,12.png,22.png,16.png,31.png,13.png,04.png,tray1.png,18.png,"[-220, 249]","[-70, 249]","[80, 249]","[230, 249]","[-220, 99]","[-70, 99]","[80, 99]","[230, 99]","[-220, -51]","[-70, -51]","[80, -51]","[230, -51]","[-220, -201]","[-70, -201]","[80, -201]","[230, -201]","[100, 100]","[100, 100]","[100, 100]","[100, 100]","[100, 100]","[100, 100]","[100, 100]","[100, 100]","[100, 100]","[100, 100]","[100, 100]","[100, 100]","[100, 100]","[100, 100]","[100, 100]","[100, 100]",ok.png,"[0, -375]","[150, 100]",417,both,16,3,m,1,1,1,1,0,0,0,0,0,0,0,1.94851243496,1.948512434959412,0,67,67,-212,-212,1,1,0,0,0,0,0,0,0,1.01611292362,1.016112923622131,0,-68,-68,253,253,124
16.png,13.png,dots1.png,05.png,21.png,30.png,07.png,23.png,01.png,27.png,28.png,25.png,03.png,tray1.png,08.png,15.png,"[-202, 203]","[-52, 203]","[98, 203]","[248, 203]","[-202, 53]","[-52, 53]","[98, 53]","[248, 53]","[-202, -97]","[-52, -97]","[98, -97]","[248, -97]","[-202, -247]","[-52, -247]","[98, -247]","[248, -247]","[100, 100]","[100, 100]","[100, 100]","[100, 100]","[100, 100]","[100, 100]","[100, 100]","[100, 100]","[100, 100]","[100, 100]","[100, 100]","[100, 100]","[100, 100]","[100, 100]","[100, 100]","[100, 100]",ok.png,"[0, -375]","[150, 100]",418,both,16,3,m,1,1,1,1,0,0,0,0,0,0,0,3.28247785568,3.282477855682373,0,-67,-67,-229,-229,1,1,0,0,0,0,0,0,0,0.432754069567,0.4327540695667267,0,-18,-18,-369,-369,424
06.png,21.png,15.png,dots1.png,20.png,05.png,16.png,28.png,29.png,09.png,02.png,23.png,tray1.png,14.png,07.png,32.png,"[-205, 246]","[-55, 246]","[95, 246]","[245, 246]","[-205, 96]","[-55, 96]","[95, 96]","[245, 96]","[-205, -54]","[-55, -54]","[95, -54]","[245, -54]","[-205, -204]","[-55, -204]","[95, -204]","[245, -204]","[100, 100]","[100, 100]","[100, 100]","[100, 100]","[100, 100]","[100, 100]","[100, 100]","[100, 100]","[100, 100]","[100, 100]","[100, 100]","[100, 100]","[100, 100]","[100, 100]","[100, 100]","[100, 100]",ok.png,"[0, -375]","[150, 100]",419,both,16,3,m,1,1,1,1,0,0,0,0,0,0,0,1.28223180771,1.28223180770874,0,281,281,245,245,1,1,0,0,0,0,0,0,0,2.04954457283,2.0495445728302,0,5,5,-408,-408,141
06.png,11.png,01.png,28.png,dots1.png,17.png,19.png,34.png,15.png,30.png,08.png,tray1.png,31.png,21.png,32.png,03.png,"[-203, 231]","[-53, 231]","[97, 231]","[247, 231]","[-203, 81]","[-53, 81]","[97, 81]","[247, 81]","[-203, -69]","[-53, -69]","[97, -69]","[247, -69]","[-203, -219]","[-53, -219]","[97, -219]","[247, -219]","[100, 100]","[100, 100]","[100, 100]","[100, 100]","[100, 100]","[100, 100]","[100, 100]","[100, 100]","[100, 100]","[100, 100]","[100, 100]","[100, 100]","[100, 100]","[100, 100]","[100, 100]","[100, 100]",ok.png,"[0, -375]","[150, 100]",420,both,16,3,m,1,1,1,1,0,0,0,0,0,0,0,0.898892819881,0.8988928198814392,0,305,305,-45,-45,1,1,0,0,0,0,0,0,0,1.59933245182,1.599332451820374,0,30,30,-309,-309,112
09.png,03.png,12.png,04.png,32.png,dots1.png,24.png,27.png,07.png,09.png,tray1.png,10.png,13.png,16.png,22.png,28.png,"[-234, 228]","[-84, 228]","[66, 228]","[216, 228]","[-234, 78]","[-84, 78]","[66, 78]","[216, 78]","[-234, -72]","[-84, -72]","[66, -72]","[216, -72]","[-234, -222]","[-84, -222]","[66, -222]","[216, -222]","[100, 100]","[100, 100]","[100, 100]","[100, 100]","[100, 100]","[100, 100]","[100, 100]","[100, 100]","[100, 100]","[100, 100]","[100, 100]","[100, 100]","[100, 100]","[100, 100]","[100, 100]","[100, 100]",ok.png,"[0, -375]","[150, 100]",421,both,16,3,m,1,1,1,1,0,0,0,0,0,0,0,8.0489616394,8.048961639404297,0,80,80,-44,-44,1,1,0,0,0,0,0,0,0,0.699429571629,0.6994295716285706,0,-19,-19,-401,-401,159
18.png,14.png,25.png,12.png,33.png,19.png,dots1.png,08.png,01.png,tray1.png,07.png,10.png,34.png,20.png,26.png,30.png,"[-230, 242]","[-80, 242]","[70, 242]","[220, 242]","[-230, 92]","[-80, 92]","[70, 92]","[220, 92]","[-230, -58]","[-80, -58]","[70, -58]","[220, -58]","[-230, -208]","[-80, -208]","[70, -208]","[220, -208]","[100, 100]","[100, 100]","[100, 100]","[100, 100]","[100, 100]","[100, 100]","[100, 100]","[100, 100]","[100, 100]","[100, 100]","[100, 100]","[100, 100]","[100, 100]","[100, 100]","[100, 100]","[100, 100]",ok.png,"[0, -375]","[150, 100]",422,both,16,3,m,1,1,1,1,0,0,0,0,0,0,0,1.76572501659,1.765725016593933,0,-79,-79,-47,-47,1,1,0,0,0,0,0,0,0,2.66603302956,2.666033029556274,0,-7,-7,-349,-349,264
11.png,13.png,17.png,18.png,21.png,14.png,25.png,dots1.png,tray1.png,02.png,04.png,30.png,26.png,24.png,33.png,01.png,"[-245, 208]","[-95, 208]","[55, 208]","[205, 208]","[-245, 58]","[-95, 58]","[55, 58]","[205, 58]","[-245, -92]","[-95, -92]","[55, -92]","[205, -92]","[-245, -242]","[-95, -242]","[55, -242]","[205, -242]","[100, 100]","[100, 100]","[100, 100]","[100, 100]","[100, 100]","[100, 100]","[100, 100]","[100, 100]","[100, 100]","[100, 100]","[100, 100]","[100, 100]","[100, 100]","[100, 100]","[100, 100]","[100, 100]",ok.png,"[0, -375]","[150, 100]",423,both,16,3,m,1,1,1,1,0,0,0,0,0,0,0,0.815707325935,0.8157073259353638,0,178,178,62,62,1,1,0,0,0,0,0,0,0,1.63263738155,1.63263738155365,0,-18,-18,-414,-414,398
08.png,14.png,10.png,20.png,11.png,07.png,22.png,tray1.png,dots1.png,31.png,26.png,30.png,09.png,29.png,03.png,19.png,"[-241, 231]","[-91, 231]","[59, 231]","[209, 231]","[-241, 81]","[-91, 81]","[59, 81]","[209, 81]","[-241, -69]","[-91, -69]","[59, -69]","[209, -69]","[-241, -219]","[-91, -219]","[59, -219]","[209, -219]","[100, 100]","[100, 100]","[100, 100]","[100, 100]","[100, 100]","[100, 100]","[100, 100]","[100, 100]","[100, 100]","[100, 100]","[100, 100]","[100, 100]","[100, 100]","[100, 100]","[100, 100]","[100, 100]",ok.png,"[0, -375]","[150, 100]",424,both,16,3,m,1,1,1,1,0,0,0,0,0,0,0,0.898995220661,0.8989952206611633,0,212,212,69,69,1,1,0,0,0,0,0,0,0,0.632790744305,0.632790744304657,0,29,29,-396,-396,411
31.png,03.png,13.png,11.png,23.png,21.png,tray1.png,30.png,33.png,dots1.png,14.png,05.png,19.png,32.png,29.png,26.png,"[-217, 240]","[-67, 240]","[83, 240]","[233, 240]","[-217, 90]","[-67, 90]","[83, 90]","[233, 90]","[-217, -60]","[-67, -60]","[83, -60]","[233, -60]","[-217, -210]","[-67, -210]","[83, -210]","[233, -210]","[100, 100]","[100, 100]","[100, 100]","[100, 100]","[100, 100]","[100, 100]","[100, 100]","[100, 100]","[100, 100]","[100, 100]","[100, 100]","[100, 100]","[100, 100]","[100, 100]","[100, 100]","[100, 100]",ok.png,"[0, -375]","[150, 100]",425,both,16,3,m,1,1,1,1,0,0,0,0,0,0,0,1.04893410206,1.048934102058411,0,61,61,67,67,1,1,0,0,0,0,0,0,0,1.61608791351,1.616087913513184,0,-75,-75,-62,-62,79
dots2.png,14.png,13.png,12.png,11.png,10.png,09.png,08.png,07.png,06.png,05.png,04.png,03.png,02.png,01.png,tray2.png,"[-229, 218]","[-79, 218]","[71, 218]","[221, 218]","[-229, 68]","[-79, 68]","[71, 68]","[221, 68]","[-229, -82]","[-79, -82]","[71, -82]","[221, -82]","[-229, -232]","[-79, -232]","[71, -232]","[221, -232]","[100, 100]","[100, 100]","[100, 100]","[100, 100]","[100, 100]","[100, 100]","[100, 100]","[100, 100]","[100, 100]","[100, 100]","[100, 100]","[100, 100]","[100, 100]","[100, 100]","[100, 100]","[100, 100]",ok.png,"[0, -375]","[150, 100]",426,both,16,3,m,1,1,1,1,0,0,0,0,0,0,0,2.28253889084,2.282538890838623,0,-214,-214,240,240,1,1,0,0,0,0,0,0,0,0.749373435974,0.7493734359741211,0,206,206,-201,-201,46
23.png,dots2.png,31.png,32.png,33.png,34.png,14.png,15.png,13.png,12.png,11.png,10.png,01.png,09.png,tray2.png,08.png,"[-236, 223]","[-86, 223]","[64, 223]","[214, 223]","[-236, 73]","[-86, 73]","[64, 73]","[214, 73]","[-236, -77]","[-86, -77]","[64, -77]","[214, -77]","[-236, -227]","[-86, -227]","[64, -227]","[214, -227]","[100, 100]","[100, 100]","[100, 100]","[100, 100]","[100, 100]","[100, 100]","[100, 100]","[100, 100]","[100, 100]","[100, 100]","[100, 100]","[100, 100]","[100, 100]","[100, 100]","[100, 100]","[100, 100]",ok.png,"[0, -375]","[150, 100]",427,both,16,3,m,1,1,1,1,0,0,0,0,0,0,0,0.849187850952,0.8491878509521484,0,-107,-107,241,241,1,1,0,0,0,0,0,0,0,0.566098749638,0.5660987496376038,0,54,54,-213,-213,310
27.png,30.png,dots2.png,24.png,23.png,22.png,21.png,20.png,19.png,18.png,17.png,16.png,15.png,tray2.png,06.png,05.png,"[-202, 223]","[-52, 223]","[98, 223]","[248, 223]","[-202, 73]","[-52, 73]","[98, 73]","[248, 73]","[-202, -77]","[-52, -77]","[98, -77]","[248, -77]","[-202, -227]","[-52, -227]","[98, -227]","[248, -227]","[100, 100]","[100, 100]","[100, 100]","[100, 100]","[100, 100]","[100, 100]","[100, 100]","[100, 100]","[100, 100]","[100, 100]","[100, 100]","[100, 100]","[100, 100]","[100, 100]","[100, 100]","[100, 100]",ok.png,"[0, -375]","[150, 100]",428,both,16,3,m,1,1,1,1,0,0,0,0,0,0,0,1.16591191292,1.165911912918091,0,117,117,233,233,1,1,0,0,0,0,0,0,0,1.08250486851,1.082504868507385,0,9,9,-397,-397,321
33.png,32.png,30.png,dots2.png,08.png,02.png,31.png,27.png,26.png,28.png,12.png,03.png,tray2.png,24.png,23.png,22.png,"[-217, 204]","[-67, 204]","[83, 204]","[233, 204]","[-217, 54]","[-67, 54]","[83, 54]","[233, 54]","[-217, -96]","[-67, -96]","[83, -96]","[233, -96]","[-217, -246]","[-67, -246]","[83, -246]","[233, -246]","[100, 100]","[100, 100]","[100, 100]","[100, 100]","[100, 100]","[100, 100]","[100, 100]","[100, 100]","[100, 100]","[100, 100]","[100, 100]","[100, 100]","[100, 100]","[100, 100]","[100, 100]","[100, 100]",ok.png,"[0, -375]","[150, 100]",429,both,16,3,m,1,1,1,1,0,0,0,0,0,0,0,1.69923269749,1.699232697486877,0,275,275,210,210,1,1,0,0,0,0,0,0,0,1.0827909708,1.082790970802307,0,-156,-156,-214,-214,84
28.png,26.png,24.png,22.png,dots2.png,34.png,33.png,32.png,31.png,30.png,29.png,tray2.png,08.png,06.png,04.png,02.png,"[-245, 202]","[-95, 202]","[55, 202]","[205, 202]","[-245, 52]","[-95, 52]","[55, 52]","[205, 52]","[-245, -98]","[-95, -98]","[55, -98]","[205, -98]","[-245, -248]","[-95, -248]","[55, -248]","[205, -248]","[100, 100]","[100, 100]","[100, 100]","[100, 100]","[100, 100]","[100, 100]","[100, 100]","[100, 100]","[100, 100]","[100, 100]","[100, 100]","[100, 100]","[100, 100]","[100, 100]","[100, 100]","[100, 100]",ok.png,"[0, -375]","[150, 100]",430,both,16,3,m,1,1,1,1,0,0,0,0,0,0,0,1.59904932976,1.59904932975769,0,178,178,-113,-113,1,1,0,0,0,0,0,0,0,0.566039323807,0.5660393238067627,0,11,11,-331,-331,392
32.png,30.png,23.png,17.png,29.png,dots2.png,15.png,06.png,26.png,11.png,tray2.png,04.png,27.png,07.png,34.png,01.png,"[-248, 208]","[-98, 208]","[52, 208]","[202, 208]","[-248, 58]","[-98, 58]","[52, 58]","[202, 58]","[-248, -92]","[-98, -92]","[52, -92]","[202, -92]","[-248, -242]","[-98, -242]","[52, -242]","[202, -242]","[100, 100]","[100, 100]","[100, 100]","[100, 100]","[100, 100]","[100, 100]","[100, 100]","[100, 100]","[100, 100]","[100, 100]","[100, 100]","[100, 100]","[100, 100]","[100, 100]","[100, 100]","[100, 100]",ok.png,"[0, -375]","[150, 100]",431,both,16,3,m,1,1,1,1,0,0,0,0,0,0,0,1.16493737698,1.164937376976013,0,71,71,-124,-124,1,1,0,0,0,0,0,0,0,1.06618797779,1.066187977790833,0,5,5,-356,-356,111
17.png,09.png,22.png,06.png,27.png,13.png,dots2.png,18.png,25.png,tray2.png,03.png,07.png,05.png,02.png,24.png,12.png,"[-229, 224]","[-79, 224]","[71, 224]","[221, 224]","[-229, 74]","[-79, 74]","[71, 74]","[221, 74]","[-229, -76]","[-79, -76]","[71, -76]","[221, -76]","[-229, -226]","[-79, -226]","[71, -226]","[221, -226]","[100, 100]","[100, 100]","[100, 100]","[100, 100]","[100, 100]","[100, 100]","[100, 100]","[100, 100]","[100, 100]","[100, 100]","[100, 100]","[100, 100]","[100, 100]","[100, 100]","[100, 100]","[100, 100]",ok.png,"[0, -375]","[150, 100]",432,both,16,3,m,1,1,1,1,0,0,0,0,0,0,0,1.08126151562,1.081261515617371,0,81,81,65,65,1,1,0,0,0,0,0,0,0,0.733089864254,0.7330898642539978,0,-121,-121,-48,-48,395
22.png,33.png,01.png,09.png,31.png,25.png,17.png,dots2.png,tray2.png,27.png,15.png,20.png,07.png,33.png,05.png,13.png,"[-226, 214]","[-76, 214]","[74, 214]","[224, 214]","[-226, 64]","[-76, 64]","[74, 64]","[224, 64]","[-226, -86]","[-76, -86]","[74, -86]","[224, -86]","[-226, -236]","[-76, -236]","[74, -236]","[224, -236]","[100, 100]","[100, 100]","[100, 100]","[100, 100]","[100, 100]","[100, 100]","[100, 100]","[100, 100]","[100, 100]","[100, 100]","[100, 100]","[100, 100]","[100, 100]","[100, 100]","[100, 100]","[100, 100]",ok.png,"[0, -375]","[150, 100]",433,both,16,3,m,1,1,1,1,0,0,0,0,0,0,0,1.94942629337,1.949426293373108,0,-225,-225,-93,-93,1,1,0,0,0,0,0,0,0,1.53275477886,1.532754778862,0,22,22,-391,-391,61
33.png,31.png,25.png,21.png,27.png,23.png,29.png,tray2.png,dots2.png,04.png,08.png,02.png,16.png,13.png,10.png,07.png,"[-215, 208]","[-65, 208]","[85, 208]","[235, 208]","[-215, 58]","[-65, 58]","[85, 58]","[235, 58]","[-215, -92]","[-65, -92]","[85, -92]","[235, -92]","[-215, -242]","[-65, -242]","[85, -242]","[235, -242]","[100, 100]","[100, 100]","[100, 100]","[100, 100]","[100, 100]","[100, 100]","[100, 100]","[100, 100]","[100, 100]","[100, 100]","[100, 100]","[100, 100]","[100, 100]","[100, 100]","[100, 100]","[100, 100]",ok.png,"[0, -375]","[150, 100]",434,both,16,3,m,1,1,1,1,0,0,0,0,0,0,0,1.08223628998,1.082236289978027,0,-241,-241,-105,-105,1,1,0,0,0,0,0,0,0,0.766102492809,0.7661024928092957,0,243,243,61,61,272
30.png,32.png,27.png,21.png,26.png,24.png,tray2.png,22.png,20.png,dots2.png,16.png,14.png,03.png,05.png,07.png,09.png,"[-212, 228]","[-62, 228]","[88, 228]","[238, 228]","[-212, 78]","[-62, 78]","[88, 78]","[238, 78]","[-212, -72]","[-62, -72]","[88, -72]","[238, -72]","[-212, -222]","[-62, -222]","[88, -222]","[238, -222]","[100, 100]","[100, 100]","[100, 100]","[100, 100]","[100, 100]","[100, 100]","[100, 100]","[100, 100]","[100, 100]","[100, 100]","[100, 100]","[100, 100]","[100, 100]","[100, 100]","[100, 100]","[100, 100]",ok.png,"[0, -375]","[150, 100]",435,both,16,3,m,1,1,1,1,0,0,0,0,0,0,0,1.06573593616,1.065735936164856,0,-82,-82,-48,-48,1,1,0,0,0,0,0,0,0,0.899496376514,0.8994963765144348,0,128,128,59,59,214
01.png,18.png,27.png,24.png,21.png,tray2.png,19.png,16.png,32.png,34.png,dots2.png,13.png,31.png,33.png,14.png,05.png,"[-218, 204]","[-68, 204]","[82, 204]","[232, 204]","[-218, 54]","[-68, 54]","[82, 54]","[232, 54]","[-218, -96]","[-68, -96]","[82, -96]","[232, -96]","[-218, -246]","[-68, -246]","[82, -246]","[232, -246]","[100, 100]","[100, 100]","[100, 100]","[100, 100]","[100, 100]","[100, 100]","[100, 100]","[100, 100]","[100, 100]","[100, 100]","[100, 100]","[100, 100]","[100, 100]","[100, 100]","[100, 100]","[100, 100]",ok.png,"[0, -375]","[150, 100]",436,both,16,3,m,1,1,1,1,0,0,0,0,0,0,0,0.832586526871,0.8325865268707275,0,-36,-36,41,41,1,1,0,0,0,0,0,0,0,0.649298191071,0.6492981910705566,0,-28,-28,-389,-389,311
34.png,27.png,08.png,18.png,tray2.png,11.png,16.png,21.png,17.png,04.png,24.png,dots2.png,25.png,20.png,15.png,10.png,"[-204, 216]","[-54, 216]","[96, 216]","[246, 216]","[-204, 66]","[-54, 66]","[96, 66]","[246, 66]","[-204, -84]","[-54, -84]","[96, -84]","[246, -84]","[-204, -234]","[-54, -234]","[96, -234]","[246, -234]","[100, 100]","[100, 100]","[100, 100]","[100, 100]","[100, 100]","[100, 100]","[100, 100]","[100, 100]","[100, 100]","[100, 100]","[100, 100]","[100, 100]","[100, 100]","[100, 100]","[100, 100]","[100, 100]",ok.png,"[0, -375]","[150, 100]",437,both,16,3,m,1,1,1,1,0,0,0,0,0,0,0,2.31557440758,2.315574407577515,0,-213,-213,45,45,1,1,0,0,0,0,0,0,0,0.749591588974,0.749591588973999,0,224,224,-101,-101,132
04.png,02.png,05.png,tray2.png,08.png,07.png,01.png,03.png,26.png,29.png,32.png,28.png,dots2.png,20.png,10.png,16.png,"[-207, 235]","[-57, 235]","[93, 235]","[243, 235]","[-207, 85]","[-57, 85]","[93, 85]","[243, 85]","[-207, -65]","[-57, -65]","[93, -65]","[243, -65]","[-207, -215]","[-57, -215]","[93, -215]","[243, -215]","[100, 100]","[100, 100]","[100, 100]","[100, 100]","[100, 100]","[100, 100]","[100, 100]","[100, 100]","[100, 100]","[100, 100]","[100, 100]","[100, 100]","[100, 100]","[100, 100]","[100, 100]","[100, 100]",ok.png,"[0, -375]","[150, 100]",438,both,16,3,m,1,1,1,1,0,0,0,0,0,0,0,1.14907562733,1.149075627326965,0,258,258,230,230,1,1,0,0,0,0,0,0,0,0.882994890213,0.8829948902130127,0,-243,-243,-195,-195,184
01.png,12.png,tray2.png,23.png,10.png,02.png,28.png,13.png,08.png,33.png,03.png,15.png,16.png,dots2.png,17.png,29.png,"[-208, 232]","[-58, 232]","[92, 232]","[242, 232]","[-208, 82]","[-58, 82]","[92, 82]","[242, 82]","[-208, -68]","[-58, -68]","[92, -68]","[242, -68]","[-208, -218]","[-58, -218]","[92, -218]","[242, -218]","[100, 100]","[100, 100]","[100, 100]","[100, 100]","[100, 100]","[100, 100]","[100, 100]","[100, 100]","[100, 100]","[100, 100]","[100, 100]","[100, 100]","[100, 100]","[100, 100]","[100, 100]","[100, 100]",ok.png,"[0, -375]","[150, 100]",439,both,16,3,m,1,1,1,1,0,0,0,0,0,0,0,1.28226590157,1.282265901565552,0,74,74,243,243,1,1,0,0,0,0,0,0,0,0.649396598339,0.6493965983390808,0,-51,-51,-214,-214,248
24.png,tray2.png,03.png,07.png,13.png,17.png,23.png,27.png,33.png,04.png,06.png,14.png,16.png,08.png,dots2.png,32.png,"[-206, 239]","[-56, 239]","[94, 239]","[244, 239]","[-206, 89]","[-56, 89]","[94, 89]","[244, 89]","[-206, -61]","[-56, -61]","[94, -61]","[244, -61]","[-206, -211]","[-56, -211]","[94, -211]","[244, -211]","[100, 100]","[100, 100]","[100, 100]","[100, 100]","[100, 100]","[100, 100]","[100, 100]","[100, 100]","[100, 100]","[100, 100]","[100, 100]","[100, 100]","[100, 100]","[100, 100]","[100, 100]","[100, 100]",ok.png,"[0, -375]","[150, 100]",440,both,16,3,m,1,1,1,1,0,0,0,0,0,0,0,3.06575512886,3.065755128860474,0,133,133,-227,-227,1,1,0,0,0,0,0,0,0,0.483015120029,0.4830151200294495,0,17,17,-384,-384,236
tray2.png,17.png,07.png,14.png,27.png,33.png,23.png,24.png,04.png,03.png,16.png,12.png,02.png,30.png,20.png,dots2.png,"[-220, 216]","[-70, 216]","[80, 216]","[230, 216]","[-220, 66]","[-70, 66]","[80, 66]","[230, 66]","[-220, -84]","[-70, -84]","[80, -84]","[230, -84]","[-220, -234]","[-70, -234]","[80, -234]","[230, -234]","[100, 100]","[100, 100]","[100, 100]","[100, 100]","[100, 100]","[100, 100]","[100, 100]","[100, 100]","[100, 100]","[100, 100]","[100, 100]","[100, 100]","[100, 100]","[100, 100]","[100, 100]","[100, 100]",ok.png,"[0, -375]","[150, 100]",441,both,16,3,m,1,1,1,1,0,0,0,0,0,0,0,0.998930513859,0.9989305138587952,0,-187,-187,207,207,1,1,0,0,0,0,0,0,0,0.682542383671,0.6825423836708069,0,254,254,-277,-277,85
18.png,tray2.png,04.png,13.png,31.png,16.png,22.png,12.png,11.png,32.png,02.png,25.png,09.png,29.png,dots2.png,03.png,"[-201, 247]","[-51, 247]","[99, 247]","[249, 247]","[-201, 97]","[-51, 97]","[99, 97]","[249, 97]","[-201, -53]","[-51, -53]","[99, -53]","[249, -53]","[-201, -203]","[-51, -203]","[99, -203]","[249, -203]","[100, 100]","[100, 100]","[100, 100]","[100, 100]","[100, 100]","[100, 100]","[100, 100]","[100, 100]","[100, 100]","[100, 100]","[100, 100]","[100, 100]","[100, 100]","[100, 100]","[100, 100]","[100, 100]",ok.png,"[0, -375]","[150, 100]",442,both,16,3,m,1,1,1,1,0,0,0,0,0,0,0,2.33251166344,2.33251166343689,0,111,111,-183,-183,1,1,0,0,0,0,0,0,0,1.08282279968,1.082822799682617,0,-58,-58,289,289,218
15.png,08.png,tray2.png,03.png,25.png,28.png,27.png,01.png,23.png,07.png,30.png,21.png,05.png,dots2.png,13.png,16.png,"[-204, 224]","[-54, 224]","[96, 224]","[246, 224]","[-204, 74]","[-54, 74]","[96, 74]","[246, 74]","[-204, -76]","[-54, -76]","[96, -76]","[246, -76]","[-204, -226]","[-54, -226]","[96, -226]","[246, -226]","[100, 100]","[100, 100]","[100, 100]","[100, 100]","[100, 100]","[100, 100]","[100, 100]","[100, 100]","[100, 100]","[100, 100]","[100, 100]","[100, 100]","[100, 100]","[100, 100]","[100, 100]","[100, 100]",ok.png,"[0, -375]","[150, 100]",443,both,16,3,m,1,1,1,1,0,0,0,0,0,0,0,1.14906084538,1.149060845375061,0,120,120,206,206,1,1,0,0,0,0,0,0,0,1.53292489052,1.532924890518188,0,-68,-68,-229,-229,167
32.png,07.png,14.png,tray2.png,23.png,02.png,09.png,29.png,28.png,16.png,05.png,20.png,dots2.png,15.png,21.png,06.png,"[-228, 236]","[-78, 236]","[72, 236]","[222, 236]","[-228, 86]","[-78, 86]","[72, 86]","[222, 86]","[-228, -64]","[-78, -64]","[72, -64]","[222, -64]","[-228, -214]","[-78, -214]","[72, -214]","[222, -214]","[100, 100]","[100, 100]","[100, 100]","[100, 100]","[100, 100]","[100, 100]","[100, 100]","[100, 100]","[100, 100]","[100, 100]","[100, 100]","[100, 100]","[100, 100]","[100, 100]","[100, 100]","[100, 100]",ok.png,"[0, -375]","[150, 100]",444,both,16,3,m,1,1,1,1,0,0,0,0,0,0,0,1.34886205196,1.348862051963806,0,226,226,241,241,1,1,0,0,0,0,0,0,0,1.61624634266,1.616246342658997,0,-240,-240,-218,-218,2
03.png,32.png,21.png,31.png,tray2.png,08.png,30.png,15.png,34.png,19.png,17.png,dots2.png,28.png,01.png,11.png,06.png,"[-245, 208]","[-95, 208]","[55, 208]","[205, 208]","[-245, 58]","[-95, 58]","[55, 58]","[205, 58]","[-245, -92]","[-95, -92]","[55, -92]","[205, -92]","[-245, -242]","[-95, -242]","[55, -242]","[205, -242]","[100, 100]","[100, 100]","[100, 100]","[100, 100]","[100, 100]","[100, 100]","[100, 100]","[100, 100]","[100, 100]","[100, 100]","[100, 100]","[100, 100]","[100, 100]","[100, 100]","[100, 100]","[100, 100]",ok.png,"[0, -375]","[150, 100]",445,both,16,3,m,1,1,1,1,0,0,0,0,0,0,0,1.41549479961,1.415494799613953,0,221,221,-130,-130,1,1,0,0,0,0,0,0,0,0.93282276392,0.9328227639198304,0,-42,-42,-390,-390,241
28.png,22.png,16.png,13.png,10.png,tray2.png,09.png,07.png,27.png,24.png,dots2.png,32.png,04.png,12.png,03.png,09.png,"[-230, 233]","[-80, 233]","[70, 233]","[220, 233]","[-230, 83]","[-80, 83]","[70, 83]","[220, 83]","[-230, -67]","[-80, -67]","[70, -67]","[220, -67]","[-230, -217]","[-80, -217]","[70, -217]","[220, -217]","[100, 100]","[100, 100]","[100, 100]","[100, 100]","[100, 100]","[100, 100]","[100, 100]","[100, 100]","[100, 100]","[100, 100]","[100, 100]","[100, 100]","[100, 100]","[100, 100]","[100, 100]","[100, 100]",ok.png,"[0, -375]","[150, 100]",446,both,16,3,m,1,1,1,1,0,0,0,0,0,0,0,1.43222296238,1.432222962379456,0,-80,-80,59,59,1,1,0,0,0,0,0,0,0,0.78266453743,0.7826645374298096,0,68,68,-377,-377,152
30.png,26.png,20.png,34.png,10.png,07.png,tray2.png,01.png,08.png,dots2.png,19.png,33.png,12.png,25.png,14.png,18.png,"[-234, 211]","[-84, 211]","[66, 211]","[216, 211]","[-234, 61]","[-84, 61]","[66, 61]","[216, 61]","[-234, -89]","[-84, -89]","[66, -89]","[216, -89]","[-234, -239]","[-84, -239]","[66, -239]","[216, -239]","[100, 100]","[100, 100]","[100, 100]","[100, 100]","[100, 100]","[100, 100]","[100, 100]","[100, 100]","[100, 100]","[100, 100]","[100, 100]","[100, 100]","[100, 100]","[100, 100]","[100, 100]","[100, 100]",ok.png,"[0, -375]","[150, 100]",447,both,16,3,m,1,1,1,1,0,0,0,0,0,0,0,1.01578867435,1.015788674354553,0,59,59,75,75,1,1,0,0,0,0,0,0,0,2.14955472946,2.14955472946167,0,5,5,-370,-370,265
01.png,33.png,24.png,26.png,30.png,04.png,02.png,tray2.png,dots2.png,25.png,14.png,21.png,18.png,17.png,13.png,11.png,"[-234, 211]","[-84, 211]","[66, 211]","[216, 211]","[-234, 61]","[-84, 61]","[66, 61]","[216, 61]","[-234, -89]","[-84, -89]","[66, -89]","[216, -89]","[-234, -239]","[-84, -239]","[66, -239]","[216, -239]","[100, 100]","[100, 100]","[100, 100]","[100, 100]","[100, 100]","[100, 100]","[100, 100]","[100, 100]","[100, 100]","[100, 100]","[100, 100]","[100, 100]","[100, 100]","[100, 100]","[100, 100]","[100, 100]",ok.png,"[0, -375]","[150, 100]",448,both,16,3,m,1,1,1,1,0,0,0,0,0,0,0,1.16549229622,1.165492296218872,0,220,220,40,40,1,1,0,0,0,0,0,0,0,3.43289542198,3.432895421981812,0,-224,-224,-105,-105,243
19.png,03.png,29.png,09.png,30.png,26.png,31.png,dots2.png,tray2.png,22.png,07.png,11.png,20.png,10.png,14.png,08.png,"[-250, 247]","[-100, 247]","[50, 247]","[200, 247]","[-250, 97]","[-100, 97]","[50, 97]","[200, 97]","[-250, -53]","[-100, -53]","[50, -53]","[200, -53]","[-250, -203]","[-100, -203]","[50, -203]","[200, -203]","[100, 100]","[100, 100]","[100, 100]","[100, 100]","[100, 100]","[100, 100]","[100, 100]","[100, 100]","[100, 100]","[100, 100]","[100, 100]","[100, 100]","[100, 100]","[100, 100]","[100, 100]","[100, 100]",ok.png,"[0, -375]","[150, 100]",449,both,16,3,m,1,1,1,1,0,0,0,0,0,0,0,1.74899089336,1.748990893363953,0,149,149,62,62,1,1,0,0,0,0,0,0,0,0.699400246143,0.6994002461433411,0,-292,-292,-51,-51,322
26.png,29.png,32.png,19.png,05.png,14.png,dots2.png,33.png,30.png,tray2.png,21.png,23.png,11.png,13.png,03.png,31.png,"[-222, 214]","[-72, 214]","[78, 214]","[228, 214]","[-222, 64]","[-72, 64]","[78, 64]","[228, 64]","[-222, -86]","[-72, -86]","[78, -86]","[228, -86]","[-222, -236]","[-72, -236]","[78, -236]","[228, -236]","[100, 100]","[100, 100]","[100, 100]","[100, 100]","[100, 100]","[100, 100]","[100, 100]","[100, 100]","[100, 100]","[100, 100]","[100, 100]","[100, 100]","[100, 100]","[100, 100]","[100, 100]","[100, 100]",ok.png,"[0, -375]","[150, 100]",450,both,16,3,m,1,1,1,1,0,0,0,0,0,0,0,1.58256757259,1.582567572593689,0,-61,-61,-73,-73,1,1,0,0,0,0,0,0,0,0.682643353939,0.6826433539390564,0,-16,-16,-362,-362,181
NA,NA,NA,NA,NA,NA,NA,NA,NA,NA,NA,NA,NA,NA,NA,NA,NA,NA,NA,NA,NA,NA,NA,NA,NA,NA,NA,NA,NA,NA,NA,NA,NA,NA,NA,NA,NA,NA,NA,NA,NA,NA,NA,NA,NA,NA,NA,NA,NA,NA,NA,NA,NA,NA,NA,NA,NA,NA,NA,NA,NA,NA,NA,NA,NA,NA,NA,NA,NA,NA,NA,NA,NA,NA,NA,NA,NA,NA,NA,NA,NA,NA,NA,NA,NA,NA,NA,NA,NA,NA,NA
extraInfo,NA,NA,NA,NA,NA,NA,NA,NA,NA,NA,NA,NA,NA,NA,NA,NA,NA,NA,NA,NA,NA,NA,NA,NA,NA,NA,NA,NA,NA,NA,NA,NA,NA,NA,NA,NA,NA,NA,NA,NA,NA,NA,NA,NA,NA,NA,NA,NA,NA,NA,NA,NA,NA,NA,NA,NA,NA,NA,NA,NA,NA,NA,NA,NA,NA,NA,NA,NA,NA,NA,NA,NA,NA,NA,NA,NA,NA,NA,NA,NA,NA,NA,NA,NA,NA,NA,NA,NA,NA,NA
expName,sharexp,NA,NA,NA,NA,NA,NA,NA,NA,NA,NA,NA,NA,NA,NA,NA,NA,NA,NA,NA,NA,NA,NA,NA,NA,NA,NA,NA,NA,NA,NA,NA,NA,NA,NA,NA,NA,NA,NA,NA,NA,NA,NA,NA,NA,NA,NA,NA,NA,NA,NA,NA,NA,NA,NA,NA,NA,NA,NA,NA,NA,NA,NA,NA,NA,NA,NA,NA,NA,NA,NA,NA,NA,NA,NA,NA,NA,NA,NA,NA,NA,NA,NA,NA,NA,NA,NA,NA,NA,NA
age,18,NA,NA,NA,NA,NA,NA,NA,NA,NA,NA,NA,NA,NA,NA,NA,NA,NA,NA,NA,NA,NA,NA,NA,NA,NA,NA,NA,NA,NA,NA,NA,NA,NA,NA,NA,NA,NA,NA,NA,NA,NA,NA,NA,NA,NA,NA,NA,NA,NA,NA,NA,NA,NA,NA,NA,NA,NA,NA,NA,NA,NA,NA,NA,NA,NA,NA,NA,NA,NA,NA,NA,NA,NA,NA,NA,NA,NA,NA,NA,NA,NA,NA,NA,NA,NA,NA,NA,NA,NA
frameRate,60.04729531556843,NA,NA,NA,NA,NA,NA,NA,NA,NA,NA,NA,NA,NA,NA,NA,NA,NA,NA,NA,NA,NA,NA,NA,NA,NA,NA,NA,NA,NA,NA,NA,NA,NA,NA,NA,NA,NA,NA,NA,NA,NA,NA,NA,NA,NA,NA,NA,NA,NA,NA,NA,NA,NA,NA,NA,NA,NA,NA,NA,NA,NA,NA,NA,NA,NA,NA,NA,NA,NA,NA,NA,NA,NA,NA,NA,NA,NA,NA,NA,NA,NA,NA,NA,NA,NA,NA,NA,NA,NA
session,1,NA,NA,NA,NA,NA,NA,NA,NA,NA,NA,NA,NA,NA,NA,NA,NA,NA,NA,NA,NA,NA,NA,NA,NA,NA,NA,NA,NA,NA,NA,NA,NA,NA,NA,NA,NA,NA,NA,NA,NA,NA,NA,NA,NA,NA,NA,NA,NA,NA,NA,NA,NA,NA,NA,NA,NA,NA,NA,NA,NA,NA,NA,NA,NA,NA,NA,NA,NA,NA,NA,NA,NA,NA,NA,NA,NA,NA,NA,NA,NA,NA,NA,NA,NA,NA,NA,NA,NA,NA
date,2019_May_13_1503,NA,NA,NA,NA,NA,NA,NA,NA,NA,NA,NA,NA,NA,NA,NA,NA,NA,NA,NA,NA,NA,NA,NA,NA,NA,NA,NA,NA,NA,NA,NA,NA,NA,NA,NA,NA,NA,NA,NA,NA,NA,NA,NA,NA,NA,NA,NA,NA,NA,NA,NA,NA,NA,NA,NA,NA,NA,NA,NA,NA,NA,NA,NA,NA,NA,NA,NA,NA,NA,NA,NA,NA,NA,NA,NA,NA,NA,NA,NA,NA,NA,NA,NA,NA,NA,NA,NA,NA,NA
participant,4,NA,NA,NA,NA,NA,NA,NA,NA,NA,NA,NA,NA,NA,NA,NA,NA,NA,NA,NA,NA,NA,NA,NA,NA,NA,NA,NA,NA,NA,NA,NA,NA,NA,NA,NA,NA,NA,NA,NA,NA,NA,NA,NA,NA,NA,NA,NA,NA,NA,NA,NA,NA,NA,NA,NA,NA,NA,NA,NA,NA,NA,NA,NA,NA,NA,NA,NA,NA,NA,NA,NA,NA,NA,NA,NA,NA,NA,NA,NA,NA,NA,NA,NA,NA,NA,NA,NA,NA,NA
