stim1,stim2,stim3,stim4,stim5,stim6,stim7,stim8,stim9,pos9,pos8,sizeok,pos6,pos7,pos4,pos5,pos2,pos3,pos1,pos14,pos15,pos16,size7,pos10,pos11,pos12,pos13,sernum,setsize,size8,size9,trialtype,stim12,stim13,stim10,stim11,stim16,stim14,stim15,ser,size4,size5,size6,size16,size14,size15,size12,size13,size10,size11,size1,posok,ok,size2,size3,numtrial,trialtypenum,n,mouse_main1.leftButton_mean,mouse_main1.leftButton_raw,mouse_main1.leftButton_std,mouse_main1.midButton_mean,mouse_main1.midButton_raw,mouse_main1.midButton_std,mouse_main1.rightButton_mean,mouse_main1.rightButton_raw,mouse_main1.rightButton_std,mouse_main1.time_mean,mouse_main1.time_raw,mouse_main1.time_std,mouse_main1.x_mean,mouse_main1.x_raw,mouse_main1.y_mean,mouse_main1.y_raw,mouse_main2.leftButton_mean,mouse_main2.leftButton_raw,mouse_main2.leftButton_std,mouse_main2.midButton_mean,mouse_main2.midButton_raw,mouse_main2.midButton_std,mouse_main2.rightButton_mean,mouse_main2.rightButton_raw,mouse_main2.rightButton_std,mouse_main2.time_mean,mouse_main2.time_raw,mouse_main2.time_std,mouse_main2.x_mean,mouse_main2.x_raw,mouse_main2.y_mean,mouse_main2.y_raw,order
tray1.png,01.png,02.png,03.png,04.png,05.png,06.png,07.png,00.png,"[-238, -98]","[212, 52]","[150, 100]","[-88, 52]","[62, 52]","[212, 202]","[-238, 52]","[-88, 202]","[62, 202]","[-238, 202]","[-88, -248]","[62, -248]","[212, -248]","[100, 100]","[-88, -98]","[62, -98]","[212, -98]","[-238, -248]",1,8,"[100, 100]","[100, 100]",tray,00.png,00.png,00.png,00.png,00.png,00.png,00.png,m,"[100, 100]","[100, 100]","[100, 100]","[100, 100]","[100, 100]","[100, 100]","[100, 100]","[100, 100]","[100, 100]","[100, 100]","[100, 100]","[0, -375]",ok.png,"[100, 100]","[100, 100]",1,1,1,1,1,0,0,0,0,0,0,0,0.904638707638,0.9046387076377868,0,-255,-255,190,190,1,1,0,0,0,0,0,0,0,0.3613948524,0.361394852399826,0,150,150,-369,-369,105
08.png,tray1.png,09.png,00.png,10.png,11.png,12.png,13.png,00.png,"[-213, -74]","[237, 76]","[150, 100]","[-63, 76]","[87, 76]","[237, 226]","[-213, 76]","[-63, 226]","[87, 226]","[-213, 226]","[-63, -224]","[87, -224]","[237, -224]","[100, 100]","[-63, -74]","[87, -74]","[237, -74]","[-213, -224]",1,8,"[100, 100]","[100, 100]",tray,00.png,00.png,14.png,00.png,00.png,00.png,00.png,m,"[100, 100]","[100, 100]","[100, 100]","[100, 100]","[100, 100]","[100, 100]","[100, 100]","[100, 100]","[100, 100]","[100, 100]","[100, 100]","[0, -375]",ok.png,"[100, 100]","[100, 100]",2,1,1,1,1,0,0,0,0,0,0,0,1.1352673769,1.135267376899719,0,-50,-50,216,216,1,1,0,0,0,0,0,0,0,0.385182410479,0.3851824104785919,0,109,109,-436,-436,301
00.png,00.png,tray1.png,15.png,16.png,17.png,18.png,19.png,20.png,"[-234, -83]","[216, 67]","[150, 100]","[-84, 67]","[66, 67]","[216, 217]","[-234, 67]","[-84, 217]","[66, 217]","[-234, 217]","[-84, -233]","[66, -233]","[216, -233]","[100, 100]","[-84, -83]","[66, -83]","[216, -83]","[-234, -233]",1,8,"[100, 100]","[100, 100]",tray,00.png,00.png,21.png,00.png,00.png,00.png,00.png,m,"[100, 100]","[100, 100]","[100, 100]","[100, 100]","[100, 100]","[100, 100]","[100, 100]","[100, 100]","[100, 100]","[100, 100]","[100, 100]","[0, -375]",ok.png,"[100, 100]","[100, 100]",3,1,1,1,1,0,0,0,0,0,0,0,1.2791466713,1.279146671295166,0,84,84,210,210,1,1,0,0,0,0,0,0,0,0.419079571962,0.4190795719623566,0,22,22,-376,-376,317
22.png,23.png,24.png,tray1.png,00.png,00.png,25.png,26.png,00.png,"[-247, -82]","[203, 68]","[150, 100]","[-97, 68]","[53, 68]","[203, 218]","[-247, 68]","[-97, 218]","[53, 218]","[-247, 218]","[-97, -232]","[53, -232]","[203, -232]","[100, 100]","[-97, -82]","[53, -82]","[203, -82]","[-247, -232]",1,8,"[100, 100]","[100, 100]",tray,28.png,00.png,00.png,27.png,00.png,00.png,00.png,m,"[100, 100]","[100, 100]","[100, 100]","[100, 100]","[100, 100]","[100, 100]","[100, 100]","[100, 100]","[100, 100]","[100, 100]","[100, 100]","[0, -375]",ok.png,"[100, 100]","[100, 100]",4,1,1,1,1,0,0,0,0,0,0,0,1.22079789639,1.220797896385193,0,211,211,217,217,1,1,0,0,0,0,0,0,0,0.466297835112,0.466297835111618,0,55,55,-295,-295,169
00.png,00.png,00.png,00.png,tray1.png,29.png,30.png,31.png,32.png,"[-243, -91]","[207, 59]","[150, 100]","[-93, 59]","[57, 59]","[207, 209]","[-243, 59]","[-93, 209]","[57, 209]","[-243, 209]","[-93, -241]","[57, -241]","[207, -241]","[100, 100]","[-93, -91]","[57, -91]","[207, -91]","[-243, -241]",1,8,"[100, 100]","[100, 100]",tray,01.png,00.png,33.png,34.png,00.png,00.png,00.png,m,"[100, 100]","[100, 100]","[100, 100]","[100, 100]","[100, 100]","[100, 100]","[100, 100]","[100, 100]","[100, 100]","[100, 100]","[100, 100]","[0, -375]",ok.png,"[100, 100]","[100, 100]",5,1,1,1,1,0,0,0,0,0,0,0,0.759890139103,0.7598901391029358,0,-278,-278,76,76,1,1,0,0,0,0,0,0,0,0.33013817668,0.3301381766796112,0,-44,-44,-311,-311,311
01.png,34.png,00.png,00.png,04.png,tray1.png,00.png,00.png,06.png,"[-210, -60]","[240, 90]","[150, 100]","[-60, 90]","[90, 90]","[240, 240]","[-210, 90]","[-60, 240]","[90, 240]","[-210, 240]","[-60, -210]","[90, -210]","[240, -210]","[100, 100]","[-60, -60]","[90, -60]","[240, -60]","[-210, -210]",1,8,"[100, 100]","[100, 100]",tray,00.png,17.png,15.png,00.png,00.png,23.png,00.png,m,"[100, 100]","[100, 100]","[100, 100]","[100, 100]","[100, 100]","[100, 100]","[100, 100]","[100, 100]","[100, 100]","[100, 100]","[100, 100]","[0, -375]",ok.png,"[100, 100]","[100, 100]",6,1,1,1,1,0,0,0,0,0,0,0,1.29905772209,1.299057722091675,0,-30,-30,89,89,1,1,0,0,0,0,0,0,0,0.558471262455,0.5584712624549866,0,8,8,-414,-414,328
00.png,00.png,00.png,00.png,07.png,03.png,tray1.png,25.png,00.png,"[-227, -84]","[223, 66]","[150, 100]","[-77, 66]","[73, 66]","[223, 216]","[-227, 66]","[-77, 216]","[73, 216]","[-227, 216]","[-77, -234]","[73, -234]","[223, -234]","[100, 100]","[-77, -84]","[73, -84]","[223, -84]","[-227, -234]",1,8,"[100, 100]","[100, 100]",tray,00.png,06.png,00.png,00.png,14.png,22.png,09.png,m,"[100, 100]","[100, 100]","[100, 100]","[100, 100]","[100, 100]","[100, 100]","[100, 100]","[100, 100]","[100, 100]","[100, 100]","[100, 100]","[0, -375]",ok.png,"[100, 100]","[100, 100]",7,1,1,1,1,0,0,0,0,0,0,0,1.23000061512,1.230000615119934,0,50,50,67,67,1,1,0,0,0,0,0,0,0,0.717848181725,0.7178481817245483,0,61,61,-405,-405,400
00.png,05.png,33.png,07.png,00.png,00.png,27.png,tray1.png,00.png,"[-237, -98]","[213, 52]","[150, 100]","[-87, 52]","[63, 52]","[213, 202]","[-237, 52]","[-87, 202]","[63, 202]","[-237, 202]","[-87, -248]","[63, -248]","[213, -248]","[100, 100]","[-87, -98]","[63, -98]","[213, -98]","[-237, -248]",1,8,"[100, 100]","[100, 100]",tray,31.png,00.png,17.png,30.png,00.png,00.png,00.png,m,"[100, 100]","[100, 100]","[100, 100]","[100, 100]","[100, 100]","[100, 100]","[100, 100]","[100, 100]","[100, 100]","[100, 100]","[100, 100]","[0, -375]",ok.png,"[100, 100]","[100, 100]",8,1,1,1,1,0,0,0,0,0,0,0,1.1185798645,1.118579864501953,0,226,226,63,63,1,1,0,0,0,0,0,0,0,0.312516629696,0.3125166296958923,0,40,40,-360,-360,440
00.png,00.png,00.png,00.png,00.png,00.png,00.png,00.png,tray1.png,"[-229, -93]","[221, 57]","[150, 100]","[-79, 57]","[71, 57]","[221, 207]","[-229, 57]","[-79, 207]","[71, 207]","[-229, 207]","[-79, -243]","[71, -243]","[221, -243]","[100, 100]","[-79, -93]","[71, -93]","[221, -93]","[-229, -243]",1,8,"[100, 100]","[100, 100]",tray,27.png,21.png,29.png,23.png,33.png,25.png,31.png,m,"[100, 100]","[100, 100]","[100, 100]","[100, 100]","[100, 100]","[100, 100]","[100, 100]","[100, 100]","[100, 100]","[100, 100]","[100, 100]","[0, -375]",ok.png,"[100, 100]","[100, 100]",9,1,1,1,1,0,0,0,0,0,0,0,1.93108725548,1.931087255477905,0,-210,-210,-90,-90,1,1,0,0,0,0,0,0,0,0.656537652016,0.656537652015686,0,-30,-30,-409,-409,48
00.png,00.png,00.png,00.png,14.png,16.png,18.png,20.png,22.png,"[-234, -79]","[216, 71]","[150, 100]","[-84, 71]","[66, 71]","[216, 221]","[-234, 71]","[-84, 221]","[66, 221]","[-234, 221]","[-84, -229]","[66, -229]","[216, -229]","[100, 100]","[-84, -79]","[66, -79]","[216, -79]","[-234, -229]",1,8,"[100, 100]","[100, 100]",tray,26.png,00.png,tray1.png,24.png,00.png,00.png,00.png,m,"[100, 100]","[100, 100]","[100, 100]","[100, 100]","[100, 100]","[100, 100]","[100, 100]","[100, 100]","[100, 100]","[100, 100]","[100, 100]","[0, -375]",ok.png,"[100, 100]","[100, 100]",10,1,1,1,1,0,0,0,0,0,0,0,0.752795994282,0.7527959942817688,0,-70,-70,-74,-74,1,1,0,0,0,0,0,0,0,0.25921651721,0.2592165172100067,0,19,19,-275,-275,362
00.png,00.png,00.png,00.png,13.png,10.png,00.png,00.png,16.png,"[-207, -53]","[243, 97]","[150, 100]","[-57, 97]","[93, 97]","[243, 247]","[-207, 97]","[-57, 247]","[93, 247]","[-207, 247]","[-57, -203]","[93, -203]","[243, -203]","[100, 100]","[-57, -53]","[93, -53]","[243, -53]","[-207, -203]",1,8,"[100, 100]","[100, 100]",tray,21.png,24.png,19.png,tray1.png,00.png,27.png,00.png,m,"[100, 100]","[100, 100]","[100, 100]","[100, 100]","[100, 100]","[100, 100]","[100, 100]","[100, 100]","[100, 100]","[100, 100]","[100, 100]","[0, -375]",ok.png,"[100, 100]","[100, 100]",11,1,1,1,1,0,0,0,0,0,0,0,0.917046368122,0.9170463681221008,0,81,81,-35,-35,1,1,0,0,0,0,0,0,0,0.377718389034,0.3777183890342712,0,30,30,-318,-318,216
10.png,15.png,20.png,25.png,00.png,00.png,00.png,00.png,21.png,"[-230, -67]","[220, 83]","[150, 100]","[-80, 83]","[70, 83]","[220, 233]","[-230, 83]","[-80, 233]","[70, 233]","[-230, 233]","[-80, -217]","[70, -217]","[220, -217]","[100, 100]","[-80, -67]","[70, -67]","[220, -67]","[-230, -217]",1,8,"[100, 100]","[100, 100]",tray,tray1.png,00.png,16.png,11.png,00.png,00.png,00.png,m,"[100, 100]","[100, 100]","[100, 100]","[100, 100]","[100, 100]","[100, 100]","[100, 100]","[100, 100]","[100, 100]","[100, 100]","[100, 100]","[0, -375]",ok.png,"[100, 100]","[100, 100]",12,1,1,1,1,0,0,0,0,0,0,0,1.64601647854,1.646016478538513,0,272,272,-83,-83,1,1,0,0,0,0,0,0,0,0.312376707792,0.3123767077922821,0,154,154,-294,-294,420
00.png,00.png,00.png,00.png,00.png,00.png,00.png,00.png,03.png,"[-201, -84]","[249, 66]","[150, 100]","[-51, 66]","[99, 66]","[249, 216]","[-201, 66]","[-51, 216]","[99, 216]","[-201, 216]","[-51, -234]","[99, -234]","[249, -234]","[100, 100]","[-51, -84]","[99, -84]","[249, -84]","[-201, -234]",1,8,"[100, 100]","[100, 100]",tray,08.png,tray1.png,01.png,07.png,04.png,05.png,02.png,m,"[100, 100]","[100, 100]","[100, 100]","[100, 100]","[100, 100]","[100, 100]","[100, 100]","[100, 100]","[100, 100]","[100, 100]","[100, 100]","[0, -375]",ok.png,"[100, 100]","[100, 100]",13,1,1,1,1,0,0,0,0,0,0,0,1.20237278938,1.202372789382935,0,-207,-207,-246,-246,1,1,0,0,0,0,0,0,0,0.32661947608,0.3266194760799408,0,-56,-56,-348,-348,33
29.png,00.png,00.png,16.png,00.png,00.png,33.png,08.png,13.png,"[-246, -76]","[204, 74]","[150, 100]","[-96, 74]","[54, 74]","[204, 224]","[-246, 74]","[-96, 224]","[54, 224]","[-246, 224]","[-96, -226]","[54, -226]","[204, -226]","[100, 100]","[-96, -76]","[54, -76]","[204, -76]","[-246, -226]",1,8,"[100, 100]","[100, 100]",tray,00.png,23.png,00.png,00.png,00.png,tray1.png,12.png,m,"[100, 100]","[100, 100]","[100, 100]","[100, 100]","[100, 100]","[100, 100]","[100, 100]","[100, 100]","[100, 100]","[100, 100]","[100, 100]","[0, -375]",ok.png,"[100, 100]","[100, 100]",14,1,1,1,1,0,0,0,0,0,0,0,2.07346916199,2.073469161987305,0,-84,-84,-227,-227,1,1,0,0,0,0,0,0,0,0.313479691744,0.3134796917438507,0,-42,-42,-363,-363,162
00.png,00.png,00.png,00.png,00.png,00.png,00.png,33.png,27.png,"[-212, -68]","[238, 82]","[150, 100]","[-62, 82]","[88, 82]","[238, 232]","[-212, 82]","[-62, 232]","[88, 232]","[-212, 232]","[-62, -218]","[88, -218]","[238, -218]","[100, 100]","[-62, -68]","[88, -68]","[238, -68]","[-212, -218]",1,8,"[100, 100]","[100, 100]",tray,13.png,07.png,23.png,17.png,00.png,03.png,tray1.png,m,"[100, 100]","[100, 100]","[100, 100]","[100, 100]","[100, 100]","[100, 100]","[100, 100]","[100, 100]","[100, 100]","[100, 100]","[100, 100]","[0, -375]",ok.png,"[100, 100]","[100, 100]",15,1,1,1,1,0,0,0,0,0,0,0,1.5711659193,1.571165919303894,0,72,72,-228,-228,1,1,0,0,0,0,0,0,0,0.42256167531,0.4225616753101349,0,26,26,-385,-385,336
04.png,20.png,30.png,02.png,00.png,00.png,00.png,00.png,00.png,"[-203, -70]","[247, 80]","[150, 100]","[-53, 80]","[97, 80]","[247, 230]","[-203, 80]","[-53, 230]","[97, 230]","[-203, 230]","[-53, -220]","[97, -220]","[247, -220]","[100, 100]","[-53, -70]","[97, -70]","[247, -70]","[-203, -220]",1,8,"[100, 100]","[100, 100]",tray,00.png,14.png,00.png,00.png,tray1.png,07.png,17.png,m,"[100, 100]","[100, 100]","[100, 100]","[100, 100]","[100, 100]","[100, 100]","[100, 100]","[100, 100]","[100, 100]","[100, 100]","[100, 100]","[0, -375]",ok.png,"[100, 100]","[100, 100]",16,1,1,1,1,0,0,0,0,0,0,0,1.3549246788,1.35492467880249,0,278,278,-222,-222,1,1,0,0,0,0,0,0,0,0.346923559904,0.3469235599040985,0,58,58,-369,-369,350
00.png,19.png,29.png,00.png,00.png,02.png,32.png,00.png,00.png,"[-211, -83]","[239, 67]","[150, 100]","[-61, 67]","[89, 67]","[239, 217]","[-211, 67]","[-61, 217]","[89, 217]","[-211, 217]","[-61, -233]","[89, -233]","[239, -233]","[100, 100]","[-61, -83]","[89, -83]","[239, -83]","[-211, -233]",1,8,"[100, 100]","[100, 100]",tray,00.png,00.png,22.png,16.png,00.png,04.png,tray1.png,m,"[100, 100]","[100, 100]","[100, 100]","[100, 100]","[100, 100]","[100, 100]","[100, 100]","[100, 100]","[100, 100]","[100, 100]","[100, 100]","[0, -375]",ok.png,"[100, 100]","[100, 100]",17,1,1,1,1,0,0,0,0,0,0,0,1.73139405251,1.731394052505493,0,90,90,-233,-233,1,1,0,0,0,0,0,0,0,0.384118407965,0.3841184079647064,0,29,29,-442,-442,82
00.png,00.png,00.png,05.png,21.png,00.png,00.png,00.png,00.png,"[-223, -73]","[227, 77]","[150, 100]","[-73, 77]","[77, 77]","[227, 227]","[-223, 77]","[-73, 227]","[77, 227]","[-223, 227]","[-73, -223]","[77, -223]","[227, -223]","[100, 100]","[-73, -73]","[77, -73]","[227, -73]","[-223, -223]",1,8,"[100, 100]","[100, 100]",tray,25.png,03.png,27.png,28.png,00.png,tray1.png,08.png,m,"[100, 100]","[100, 100]","[100, 100]","[100, 100]","[100, 100]","[100, 100]","[100, 100]","[100, 100]","[100, 100]","[100, 100]","[100, 100]","[0, -375]",ok.png,"[100, 100]","[100, 100]",18,1,1,1,1,0,0,0,0,0,0,0,0.977384209633,0.9773842096328736,0,-72,-72,-218,-218,1,1,0,0,0,0,0,0,0,0.295426428318,0.2954264283180237,0,-30,-30,-420,-420,319
06.png,00.png,15.png,17.png,00.png,00.png,16.png,00.png,00.png,"[-247, -51]","[203, 99]","[150, 100]","[-97, 99]","[53, 99]","[203, 249]","[-247, 99]","[-97, 249]","[53, 249]","[-247, 249]","[-97, -201]","[53, -201]","[203, -201]","[100, 100]","[-97, -51]","[53, -51]","[203, -51]","[-247, -201]",1,8,"[100, 100]","[100, 100]",tray,23.png,tray1.png,09.png,00.png,00.png,00.png,07.png,m,"[100, 100]","[100, 100]","[100, 100]","[100, 100]","[100, 100]","[100, 100]","[100, 100]","[100, 100]","[100, 100]","[100, 100]","[100, 100]","[0, -375]",ok.png,"[100, 100]","[100, 100]",19,1,1,1,1,0,0,0,0,0,0,0,2.27620267868,2.27620267868042,0,-255,-255,-189,-189,1,1,0,0,0,0,0,0,0,0.294716507196,0.2947165071964264,0,-82,-82,-353,-353,271
00.png,11.png,00.png,00.png,12.png,00.png,00.png,34.png,00.png,"[-208, -90]","[242, 60]","[150, 100]","[-58, 60]","[92, 60]","[242, 210]","[-208, 60]","[-58, 210]","[92, 210]","[-208, 210]","[-58, -240]","[92, -240]","[242, -240]","[100, 100]","[-58, -90]","[92, -90]","[242, -90]","[-208, -240]",1,8,"[100, 100]","[100, 100]",tray,tray1.png,31.png,30.png,08.png,00.png,00.png,32.png,m,"[100, 100]","[100, 100]","[100, 100]","[100, 100]","[100, 100]","[100, 100]","[100, 100]","[100, 100]","[100, 100]","[100, 100]","[100, 100]","[0, -375]",ok.png,"[100, 100]","[100, 100]",20,1,1,1,1,0,0,0,0,0,0,0,1.27593147755,1.275931477546692,0,257,257,-84,-84,1,1,0,0,0,0,0,0,0,0.495046794415,0.4950467944145203,0,-119,-119,-397,-397,386
00.png,00.png,00.png,00.png,00.png,00.png,24.png,27.png,07.png,"[-216, -95]","[234, 55]","[150, 100]","[-66, 55]","[84, 55]","[234, 205]","[-216, 55]","[-66, 205]","[84, 205]","[-216, 205]","[-66, -245]","[84, -245]","[234, -245]","[100, 100]","[-66, -95]","[84, -95]","[234, -95]","[-216, -245]",1,8,"[100, 100]","[100, 100]",tray,10.png,13.png,09.png,tray1.png,00.png,16.png,00.png,m,"[100, 100]","[100, 100]","[100, 100]","[100, 100]","[100, 100]","[100, 100]","[100, 100]","[100, 100]","[100, 100]","[100, 100]","[100, 100]","[0, -375]",ok.png,"[100, 100]","[100, 100]",21,1,1,1,1,0,0,0,0,0,0,0,1.83746194839,1.837461948394775,0,71,71,-109,-109,1,1,0,0,0,0,0,0,0,0.275740534067,0.2757405340671539,0,59,59,-287,-287,442
00.png,00.png,25.png,00.png,33.png,00.png,05.png,00.png,01.png,"[-204, -92]","[246, 58]","[150, 100]","[-54, 58]","[96, 58]","[246, 208]","[-204, 58]","[-54, 208]","[96, 208]","[-204, 208]","[-54, -242]","[96, -242]","[246, -242]","[100, 100]","[-54, -92]","[96, -92]","[246, -92]","[-204, -242]",1,8,"[100, 100]","[100, 100]",tray,10.png,00.png,tray1.png,00.png,30.png,20.png,00.png,m,"[100, 100]","[100, 100]","[100, 100]","[100, 100]","[100, 100]","[100, 100]","[100, 100]","[100, 100]","[100, 100]","[100, 100]","[100, 100]","[0, -375]",ok.png,"[100, 100]","[100, 100]",22,1,1,1,1,0,0,0,0,0,0,0,0.733047485352,0.7330474853515625,0,-32,-32,-102,-102,1,1,0,0,0,0,0,0,0,0.357052356005,0.357052356004715,0,67,67,-429,-429,230
00.png,00.png,00.png,18.png,00.png,14.png,00.png,09.png,tray1.png,"[-214, -81]","[236, 69]","[150, 100]","[-64, 69]","[86, 69]","[236, 219]","[-214, 69]","[-64, 219]","[86, 219]","[-214, 219]","[-64, -231]","[86, -231]","[236, -231]","[100, 100]","[-64, -81]","[86, -81]","[236, -81]","[-214, -231]",1,8,"[100, 100]","[100, 100]",tray,00.png,26.png,02.png,04.png,00.png,24.png,00.png,m,"[100, 100]","[100, 100]","[100, 100]","[100, 100]","[100, 100]","[100, 100]","[100, 100]","[100, 100]","[100, 100]","[100, 100]","[100, 100]","[0, -375]",ok.png,"[100, 100]","[100, 100]",23,1,1,1,1,0,0,0,0,0,0,0,0.873799085617,0.8737990856170654,0,-251,-251,-90,-90,1,1,0,0,0,0,0,0,0,0.384976804256,0.3849768042564392,0,-9,-9,-445,-445,424
00.png,14.png,00.png,00.png,11.png,07.png,00.png,tray1.png,18.png,"[-216, -66]","[234, 84]","[150, 100]","[-66, 84]","[84, 84]","[234, 234]","[-216, 84]","[-66, 234]","[84, 234]","[-216, 234]","[-66, -216]","[84, -216]","[234, -216]","[100, 100]","[-66, -66]","[84, -66]","[234, -66]","[-216, -216]",1,8,"[100, 100]","[100, 100]",tray,30.png,09.png,00.png,00.png,19.png,00.png,00.png,m,"[100, 100]","[100, 100]","[100, 100]","[100, 100]","[100, 100]","[100, 100]","[100, 100]","[100, 100]","[100, 100]","[100, 100]","[100, 100]","[0, -375]",ok.png,"[100, 100]","[100, 100]",24,1,1,1,1,0,0,0,0,0,0,0,0.933829367161,0.9338293671607972,0,228,228,64,64,1,1,0,0,0,0,0,0,0,0.527138233185,0.5271382331848145,0,-18,-18,-377,-377,16
31.png,00.png,13.png,00.png,23.png,00.png,tray1.png,00.png,33.png,"[-212, -59]","[238, 91]","[150, 100]","[-62, 91]","[88, 91]","[238, 241]","[-212, 91]","[-62, 241]","[88, 241]","[-212, 241]","[-62, -209]","[88, -209]","[238, -209]","[100, 100]","[-62, -59]","[88, -59]","[238, -59]","[-212, -209]",1,8,"[100, 100]","[100, 100]",tray,00.png,19.png,00.png,14.png,00.png,00.png,29.png,m,"[100, 100]","[100, 100]","[100, 100]","[100, 100]","[100, 100]","[100, 100]","[100, 100]","[100, 100]","[100, 100]","[100, 100]","[100, 100]","[0, -375]",ok.png,"[100, 100]","[100, 100]",25,1,1,1,1,0,0,0,0,0,0,0,0.949008524418,0.9490085244178772,0,96,96,112,112,1,1,0,0,0,0,0,0,0,1.49788057804,1.497880578041077,0,-13,-13,-394,-394,77
00.png,00.png,00.png,00.png,00.png,00.png,00.png,00.png,07.png,"[-238, -51]","[212, 99]","[150, 100]","[-88, 99]","[62, 99]","[212, 249]","[-238, 99]","[-88, 249]","[62, 249]","[-238, 249]","[-88, -201]","[62, -201]","[212, -201]","[100, 100]","[-88, -51]","[62, -51]","[212, -51]","[-238, -201]",1,8,"[100, 100]","[100, 100]",tray,04.png,03.png,06.png,05.png,tray2.png,02.png,01.png,m,"[100, 100]","[100, 100]","[100, 100]","[100, 100]","[100, 100]","[100, 100]","[100, 100]","[100, 100]","[100, 100]","[100, 100]","[100, 100]","[0, -375]",ok.png,"[100, 100]","[100, 100]",26,1,1,1,1,0,0,0,0,0,0,0,1.291893363,1.291893362998962,0,224,224,-211,-211,1,1,0,0,0,0,0,0,0,0.309352040291,0.3093520402908325,0,72,72,-340,-340,195
00.png,00.png,00.png,00.png,00.png,00.png,14.png,00.png,13.png,"[-241, -87]","[209, 63]","[150, 100]","[-91, 63]","[59, 63]","[209, 213]","[-241, 63]","[-91, 213]","[59, 213]","[-241, 213]","[-91, -237]","[59, -237]","[209, -237]","[100, 100]","[-91, -87]","[59, -87]","[209, -87]","[-241, -237]",1,8,"[100, 100]","[100, 100]",tray,10.png,00.png,12.png,11.png,08.png,09.png,tray2.png,m,"[100, 100]","[100, 100]","[100, 100]","[100, 100]","[100, 100]","[100, 100]","[100, 100]","[100, 100]","[100, 100]","[100, 100]","[100, 100]","[0, -375]",ok.png,"[100, 100]","[100, 100]",27,1,1,1,1,0,0,0,0,0,0,0,0.792162954807,0.7921629548072815,0,56,56,-238,-238,1,1,0,0,0,0,0,0,0,0.297814399004,0.2978143990039825,0,21,21,-408,-408,245
00.png,00.png,00.png,00.png,00.png,00.png,21.png,20.png,19.png,"[-240, -84]","[210, 66]","[150, 100]","[-90, 66]","[60, 66]","[210, 216]","[-240, 66]","[-90, 216]","[60, 216]","[-240, 216]","[-90, -234]","[60, -234]","[210, -234]","[100, 100]","[-90, -84]","[60, -84]","[210, -84]","[-240, -234]",1,8,"[100, 100]","[100, 100]",tray,16.png,15.png,18.png,17.png,00.png,tray2.png,00.png,m,"[100, 100]","[100, 100]","[100, 100]","[100, 100]","[100, 100]","[100, 100]","[100, 100]","[100, 100]","[100, 100]","[100, 100]","[100, 100]","[0, -375]",ok.png,"[100, 100]","[100, 100]",28,1,1,1,1,0,0,0,0,0,0,0,1.21558713913,1.215587139129639,0,-67,-67,-221,-221,1,1,0,0,0,0,0,0,0,0.280174404383,0.2801744043827057,0,-18,-18,-304,-304,366
00.png,00.png,00.png,00.png,00.png,00.png,31.png,27.png,26.png,"[-226, -82]","[224, 68]","[150, 100]","[-76, 68]","[74, 68]","[224, 218]","[-226, 68]","[-76, 218]","[74, 218]","[-226, 218]","[-76, -232]","[74, -232]","[224, -232]","[100, 100]","[-76, -82]","[74, -82]","[224, -82]","[-226, -232]",1,8,"[100, 100]","[100, 100]",tray,00.png,tray2.png,28.png,00.png,22.png,24.png,23.png,m,"[100, 100]","[100, 100]","[100, 100]","[100, 100]","[100, 100]","[100, 100]","[100, 100]","[100, 100]","[100, 100]","[100, 100]","[100, 100]","[0, -375]",ok.png,"[100, 100]","[100, 100]",29,1,1,1,1,0,0,0,0,0,0,0,1.99921000004,1.999210000038147,0,-221,-221,-223,-223,1,1,0,0,0,0,0,0,0,0.382578194141,0.3825781941413879,0,-87,-87,-400,-400,416
00.png,00.png,00.png,00.png,01.png,34.png,33.png,32.png,31.png,"[-236, -64]","[214, 86]","[150, 100]","[-86, 86]","[64, 86]","[214, 236]","[-236, 86]","[-86, 236]","[64, 236]","[-236, 236]","[-86, -214]","[64, -214]","[214, -214]","[100, 100]","[-86, -64]","[64, -64]","[214, -64]","[-236, -214]",1,8,"[100, 100]","[100, 100]",tray,tray2.png,00.png,30.png,29.png,00.png,00.png,00.png,m,"[100, 100]","[100, 100]","[100, 100]","[100, 100]","[100, 100]","[100, 100]","[100, 100]","[100, 100]","[100, 100]","[100, 100]","[100, 100]","[0, -375]",ok.png,"[100, 100]","[100, 100]",30,1,1,1,1,0,0,0,0,0,0,0,0.759986281395,0.7599862813949585,0,200,200,-77,-77,1,1,0,0,0,0,0,0,0,0.371539711952,0.3715397119522095,0,13,13,-384,-384,190
00.png,00.png,23.png,17.png,00.png,00.png,15.png,06.png,00.png,"[-218, -71]","[232, 79]","[150, 100]","[-68, 79]","[82, 79]","[232, 229]","[-218, 79]","[-68, 229]","[82, 229]","[-218, 229]","[-68, -221]","[82, -221]","[232, -221]","[100, 100]","[-68, -71]","[82, -71]","[232, -71]","[-218, -221]",1,8,"[100, 100]","[100, 100]",tray,04.png,00.png,00.png,tray2.png,01.png,00.png,34.png,m,"[100, 100]","[100, 100]","[100, 100]","[100, 100]","[100, 100]","[100, 100]","[100, 100]","[100, 100]","[100, 100]","[100, 100]","[100, 100]","[0, -375]",ok.png,"[100, 100]","[100, 100]",31,1,1,1,1,0,0,0,0,0,0,0,0.690531313419,0.690531313419342,0,74,74,-53,-53,1,1,0,0,0,0,0,0,0,0.700336456299,0.7003364562988281,0,-33,-33,-392,-392,390
14.png,09.png,22.png,06.png,00.png,00.png,00.png,00.png,25.png,"[-208, -82]","[242, 68]","[150, 100]","[-58, 68]","[92, 68]","[242, 218]","[-208, 68]","[-58, 218]","[92, 218]","[-208, 218]","[-58, -232]","[92, -232]","[242, -232]","[100, 100]","[-58, -82]","[92, -82]","[242, -82]","[-208, -232]",1,8,"[100, 100]","[100, 100]",tray,07.png,00.png,tray2.png,03.png,00.png,00.png,00.png,m,"[100, 100]","[100, 100]","[100, 100]","[100, 100]","[100, 100]","[100, 100]","[100, 100]","[100, 100]","[100, 100]","[100, 100]","[100, 100]","[0, -375]",ok.png,"[100, 100]","[100, 100]",32,1,1,1,1,0,0,0,0,0,0,0,0.698549211025,0.698549211025238,0,-79,-79,-72,-72,1,1,0,0,0,0,0,0,0,0.310280889273,0.3102808892726898,0,23,23,-372,-372,329
00.png,00.png,00.png,00.png,31.png,30.png,17.png,00.png,tray2.png,"[-205, -50]","[245, 100]","[150, 100]","[-55, 100]","[95, 100]","[245, 250]","[-205, 100]","[-55, 250]","[95, 250]","[-205, 250]","[-55, -200]","[95, -200]","[245, -200]","[100, 100]","[-55, -50]","[95, -50]","[245, -50]","[-205, -200]",1,8,"[100, 100]","[100, 100]",tray,00.png,07.png,27.png,00.png,00.png,33.png,05.png,m,"[100, 100]","[100, 100]","[100, 100]","[100, 100]","[100, 100]","[100, 100]","[100, 100]","[100, 100]","[100, 100]","[100, 100]","[100, 100]","[0, -375]",ok.png,"[100, 100]","[100, 100]",33,1,1,1,1,0,0,0,0,0,0,0,1.14884412289,1.148844122886658,0,-201,-201,-58,-58,1,1,0,0,0,0,0,0,0,0.748124361038,0.748124361038208,0,-8,-8,-370,-370,5
33.png,31.png,25.png,21.png,27.png,23.png,29.png,tray2.png,00.png,"[-202, -93]","[248, 57]","[150, 100]","[-52, 57]","[98, 57]","[248, 207]","[-202, 57]","[-52, 207]","[98, 207]","[-202, 207]","[-52, -243]","[98, -243]","[248, -243]","[100, 100]","[-52, -93]","[98, -93]","[248, -93]","[-202, -243]",1,8,"[100, 100]","[100, 100]",tray,00.png,00.png,00.png,00.png,00.png,00.png,00.png,m,"[100, 100]","[100, 100]","[100, 100]","[100, 100]","[100, 100]","[100, 100]","[100, 100]","[100, 100]","[100, 100]","[100, 100]","[100, 100]","[0, -375]",ok.png,"[100, 100]","[100, 100]",34,1,1,1,1,0,0,0,0,0,0,0,1.25213050842,1.252130508422852,0,232,232,49,49,1,1,0,0,0,0,0,0,0,0.324948549271,0.3249485492706299,0,107,107,-324,-324,443
00.png,00.png,00.png,00.png,26.png,24.png,tray2.png,22.png,20.png,"[-219, -59]","[231, 91]","[150, 100]","[-69, 91]","[81, 91]","[231, 241]","[-219, 91]","[-69, 241]","[81, 241]","[-219, 241]","[-69, -209]","[81, -209]","[231, -209]","[100, 100]","[-69, -59]","[81, -59]","[231, -59]","[-219, -209]",1,8,"[100, 100]","[100, 100]",tray,14.png,00.png,18.png,16.png,00.png,00.png,00.png,m,"[100, 100]","[100, 100]","[100, 100]","[100, 100]","[100, 100]","[100, 100]","[100, 100]","[100, 100]","[100, 100]","[100, 100]","[100, 100]","[0, -375]",ok.png,"[100, 100]","[100, 100]",35,1,1,1,1,0,0,0,0,0,0,0,0.767485558987,0.7674855589866638,0,85,85,85,85,1,1,0,0,0,0,0,0,0,0.434407532215,0.4344075322151184,0,5,5,-398,-398,375
00.png,00.png,27.png,24.png,21.png,tray2.png,19.png,16.png,00.png,"[-208, -95]","[242, 55]","[150, 100]","[-58, 55]","[92, 55]","[242, 205]","[-208, 55]","[-58, 205]","[92, 205]","[-208, 205]","[-58, -245]","[92, -245]","[242, -245]","[100, 100]","[-58, -95]","[92, -95]","[242, -95]","[-208, -245]",1,8,"[100, 100]","[100, 100]",tray,13.png,00.png,00.png,10.png,00.png,00.png,00.png,m,"[100, 100]","[100, 100]","[100, 100]","[100, 100]","[100, 100]","[100, 100]","[100, 100]","[100, 100]","[100, 100]","[100, 100]","[100, 100]","[0, -375]",ok.png,"[100, 100]","[100, 100]",36,1,1,1,1,0,0,0,0,0,0,0,1.32912623882,1.329126238822937,0,-57,-57,49,49,1,1,0,0,0,0,0,0,0,0.35882177949,0.3588217794895172,0,-32,-32,-343,-343,293
00.png,00.png,00.png,00.png,tray2.png,11.png,16.png,21.png,00.png,"[-231, -53]","[219, 97]","[150, 100]","[-81, 97]","[69, 97]","[219, 247]","[-231, 97]","[-81, 247]","[69, 247]","[-231, 247]","[-81, -203]","[69, -203]","[219, -203]","[100, 100]","[-81, -53]","[69, -53]","[219, -53]","[-231, -203]",1,8,"[100, 100]","[100, 100]",tray,00.png,25.png,00.png,00.png,10.png,20.png,15.png,m,"[100, 100]","[100, 100]","[100, 100]","[100, 100]","[100, 100]","[100, 100]","[100, 100]","[100, 100]","[100, 100]","[100, 100]","[100, 100]","[0, -375]",ok.png,"[100, 100]","[100, 100]",37,1,1,1,1,0,0,0,0,0,0,0,0.8067933321,0.8067933320999146,0,67,67,125,125,1,1,0,0,0,0,0,0,0,1.6965252161,1.6965252161026,0,-234,-234,73,73,367
04.png,02.png,05.png,tray2.png,08.png,07.png,01.png,03.png,00.png,"[-245, -52]","[205, 98]","[150, 100]","[-95, 98]","[55, 98]","[205, 248]","[-245, 98]","[-95, 248]","[55, 248]","[-245, 248]","[-95, -202]","[55, -202]","[205, -202]","[100, 100]","[-95, -52]","[55, -52]","[205, -52]","[-245, -202]",1,8,"[100, 100]","[100, 100]",tray,00.png,00.png,00.png,00.png,00.png,00.png,00.png,m,"[100, 100]","[100, 100]","[100, 100]","[100, 100]","[100, 100]","[100, 100]","[100, 100]","[100, 100]","[100, 100]","[100, 100]","[100, 100]","[0, -375]",ok.png,"[100, 100]","[100, 100]",38,1,1,1,1,0,0,0,0,0,0,0,0.90025001764299994,0.9002500176429749,0,213,213,257,257,1,1,0,0,0,0,0,0,0,0.298829138279,0.2988291382789612,0,263,263,-454,-454,407
00.png,12.png,tray2.png,23.png,00.png,00.png,00.png,13.png,08.png,"[-231, -91]","[219, 59]","[150, 100]","[-81, 59]","[69, 59]","[219, 209]","[-231, 59]","[-81, 209]","[69, 209]","[-231, 209]","[-81, -241]","[69, -241]","[219, -241]","[100, 100]","[-81, -91]","[69, -91]","[219, -91]","[-231, -241]",1,8,"[100, 100]","[100, 100]",tray,00.png,16.png,33.png,00.png,29.png,00.png,00.png,m,"[100, 100]","[100, 100]","[100, 100]","[100, 100]","[100, 100]","[100, 100]","[100, 100]","[100, 100]","[100, 100]","[100, 100]","[100, 100]","[0, -375]",ok.png,"[100, 100]","[100, 100]",39,1,1,1,1,0,0,0,0,0,0,0,1.45374166965,1.453741669654846,0,73,73,218,218,1,1,0,0,0,0,0,0,0,0.930962741375,0.9309627413749696,0,10,10,-389,-389,261
00.png,tray2.png,03.png,07.png,13.png,17.png,23.png,27.png,33.png,"[-213, -82]","[237, 68]","[150, 100]","[-63, 68]","[87, 68]","[237, 218]","[-213, 68]","[-63, 218]","[87, 218]","[-213, 218]","[-63, -232]","[87, -232]","[237, -232]","[100, 100]","[-63, -82]","[87, -82]","[237, -82]","[-213, -232]",1,8,"[100, 100]","[100, 100]",tray,00.png,00.png,00.png,00.png,00.png,00.png,00.png,m,"[100, 100]","[100, 100]","[100, 100]","[100, 100]","[100, 100]","[100, 100]","[100, 100]","[100, 100]","[100, 100]","[100, 100]","[100, 100]","[0, -375]",ok.png,"[100, 100]","[100, 100]",40,1,1,1,1,0,0,0,0,0,0,0,1.20438885689,1.204388856887817,0,-55,-55,208,208,1,1,0,0,0,0,0,0,0,0.418820261955,0.4188202619552612,0,80,80,-436,-436,238
tray2.png,17.png,07.png,14.png,00.png,00.png,00.png,00.png,00.png,"[-201, -82]","[249, 68]","[150, 100]","[-51, 68]","[99, 68]","[249, 218]","[-201, 68]","[-51, 218]","[99, 218]","[-201, 218]","[-51, -232]","[99, -232]","[249, -232]","[100, 100]","[-51, -82]","[99, -82]","[249, -82]","[-201, -232]",1,8,"[100, 100]","[100, 100]",tray,00.png,02.png,00.png,00.png,04.png,30.png,20.png,m,"[100, 100]","[100, 100]","[100, 100]","[100, 100]","[100, 100]","[100, 100]","[100, 100]","[100, 100]","[100, 100]","[100, 100]","[100, 100]","[0, -375]",ok.png,"[100, 100]","[100, 100]",41,1,1,1,1,0,0,0,0,0,0,0,1.56177377701,1.561773777008057,0,-195,-195,209,209,1,1,0,0,0,0,0,0,0,0.577551603317,0.5775516033172607,0,1,1,-394,-394,98
00.png,tray2.png,04.png,00.png,00.png,16.png,22.png,00.png,00.png,"[-207, -50]","[243, 100]","[150, 100]","[-57, 100]","[93, 100]","[243, 250]","[-207, 100]","[-57, 250]","[93, 250]","[-207, 250]","[-57, -200]","[93, -200]","[243, -200]","[100, 100]","[-57, -50]","[93, -50]","[243, -50]","[-207, -200]",1,8,"[100, 100]","[100, 100]",tray,00.png,00.png,32.png,02.png,00.png,29.png,19.png,m,"[100, 100]","[100, 100]","[100, 100]","[100, 100]","[100, 100]","[100, 100]","[100, 100]","[100, 100]","[100, 100]","[100, 100]","[100, 100]","[0, -375]",ok.png,"[100, 100]","[100, 100]",42,1,1,1,1,0,0,0,0,0,0,0,1.68279767036,1.68279767036438,0,-89,-89,268,268,1,1,0,0,0,0,0,0,0,0.747055888176,0.7470558881759644,0,-27,-27,-407,-407,58
00.png,08.png,tray2.png,03.png,25.png,28.png,27.png,00.png,00.png,"[-227, -53]","[223, 97]","[150, 100]","[-77, 97]","[73, 97]","[223, 247]","[-227, 97]","[-77, 247]","[73, 247]","[-227, 247]","[-77, -203]","[73, -203]","[223, -203]","[100, 100]","[-77, -53]","[73, -53]","[223, -53]","[-227, -203]",1,8,"[100, 100]","[100, 100]",tray,21.png,05.png,00.png,00.png,00.png,00.png,00.png,m,"[100, 100]","[100, 100]","[100, 100]","[100, 100]","[100, 100]","[100, 100]","[100, 100]","[100, 100]","[100, 100]","[100, 100]","[100, 100]","[0, -375]",ok.png,"[100, 100]","[100, 100]",43,1,1,1,1,0,0,0,0,0,0,0,0.995011925697,0.9950119256973268,0,48,48,263,263,1,1,0,0,0,0,0,0,0,0.347843855619,0.3478438556194305,0,9,9,-284,-284,163
00.png,07.png,00.png,tray2.png,23.png,00.png,09.png,00.png,00.png,"[-243, -76]","[207, 74]","[150, 100]","[-93, 74]","[57, 74]","[207, 224]","[-243, 74]","[-93, 224]","[57, 224]","[-243, 224]","[-93, -226]","[57, -226]","[207, -226]","[100, 100]","[-93, -76]","[57, -76]","[207, -76]","[-243, -226]",1,8,"[100, 100]","[100, 100]",tray,00.png,17.png,16.png,00.png,06.png,15.png,00.png,m,"[100, 100]","[100, 100]","[100, 100]","[100, 100]","[100, 100]","[100, 100]","[100, 100]","[100, 100]","[100, 100]","[100, 100]","[100, 100]","[0, -375]",ok.png,"[100, 100]","[100, 100]",44,1,1,1,1,0,0,0,0,0,0,0,1.49503111839,1.495031118392944,0,212,212,228,228,1,1,0,0,0,0,0,0,0,0.592179894447,0.5921798944473267,0,-52,-52,-423,-423,211
00.png,32.png,00.png,31.png,tray2.png,08.png,30.png,00.png,34.png,"[-243, -52]","[207, 98]","[150, 100]","[-93, 98]","[57, 98]","[207, 248]","[-243, 98]","[-93, 248]","[57, 248]","[-243, 248]","[-93, -202]","[57, -202]","[207, -202]","[100, 100]","[-93, -52]","[57, -52]","[207, -52]","[-243, -202]",1,8,"[100, 100]","[100, 100]",tray,12.png,00.png,00.png,00.png,00.png,00.png,11.png,m,"[100, 100]","[100, 100]","[100, 100]","[100, 100]","[100, 100]","[100, 100]","[100, 100]","[100, 100]","[100, 100]","[100, 100]","[100, 100]","[0, -375]",ok.png,"[100, 100]","[100, 100]",45,1,1,1,1,0,0,0,0,0,0,0,0.8932082057,0.8932082056999207,0,-239,-239,104,104,1,1,0,0,0,0,0,0,0,0.373746395111,0.373746395111084,0,24,24,-433,-433,266
00.png,00.png,16.png,13.png,10.png,tray2.png,09.png,07.png,27.png,"[-241, -56]","[209, 94]","[150, 100]","[-91, 94]","[59, 94]","[209, 244]","[-241, 94]","[-91, 244]","[59, 244]","[-241, 244]","[-91, -206]","[59, -206]","[209, -206]","[100, 100]","[-91, -56]","[59, -56]","[209, -56]","[-241, -206]",1,8,"[100, 100]","[100, 100]",tray,00.png,00.png,24.png,00.png,00.png,00.png,00.png,m,"[100, 100]","[100, 100]","[100, 100]","[100, 100]","[100, 100]","[100, 100]","[100, 100]","[100, 100]","[100, 100]","[100, 100]","[100, 100]","[0, -375]",ok.png,"[100, 100]","[100, 100]",46,1,1,1,1,0,0,0,0,0,0,0,1.74366688728,1.743666887283325,0,-80,-80,100,100,1,1,0,0,0,0,0,0,0,0.344660103321,0.3446601033210754,0,72,72,-355,-355,214
30.png,00.png,20.png,00.png,10.png,00.png,tray2.png,01.png,00.png,"[-232, -58]","[218, 92]","[150, 100]","[-82, 92]","[68, 92]","[218, 242]","[-232, 92]","[-82, 242]","[68, 242]","[-232, 242]","[-82, -208]","[68, -208]","[218, -208]","[100, 100]","[-82, -58]","[68, -58]","[218, -58]","[-232, -208]",1,8,"[100, 100]","[100, 100]",tray,33.png,00.png,05.png,00.png,00.png,25.png,00.png,m,"[100, 100]","[100, 100]","[100, 100]","[100, 100]","[100, 100]","[100, 100]","[100, 100]","[100, 100]","[100, 100]","[100, 100]","[100, 100]","[0, -375]",ok.png,"[100, 100]","[100, 100]",47,1,1,1,1,0,0,0,0,0,0,0,1.23611426353,1.236114263534546,0,104,104,81,81,1,1,0,0,0,0,0,0,0,0.792845129967,0.7928451299667358,0,-31,-31,-392,-392,101
00.png,00.png,24.png,26.png,00.png,04.png,02.png,tray2.png,09.png,"[-234, -60]","[216, 90]","[150, 100]","[-84, 90]","[66, 90]","[216, 240]","[-234, 90]","[-84, 240]","[66, 240]","[-234, 240]","[-84, -210]","[66, -210]","[216, -210]","[100, 100]","[-84, -60]","[66, -60]","[216, -60]","[-234, -210]",1,8,"[100, 100]","[100, 100]",tray,00.png,18.png,00.png,14.png,00.png,00.png,00.png,m,"[100, 100]","[100, 100]","[100, 100]","[100, 100]","[100, 100]","[100, 100]","[100, 100]","[100, 100]","[100, 100]","[100, 100]","[100, 100]","[0, -375]",ok.png,"[100, 100]","[100, 100]",48,1,1,1,1,0,0,0,0,0,0,0,0.968366265297,0.968366265296936,0,191,191,79,79,1,1,0,0,0,0,0,0,0,0.432516306639,0.4325163066387177,0,185,185,-302,-302,415
19.png,00.png,00.png,09.png,30.png,00.png,00.png,18.png,tray2.png,"[-227, -86]","[223, 64]","[150, 100]","[-77, 64]","[73, 64]","[223, 214]","[-227, 64]","[-77, 214]","[73, 214]","[-227, 214]","[-77, -236]","[73, -236]","[223, -236]","[100, 100]","[-77, -86]","[73, -86]","[223, -86]","[-227, -236]",1,8,"[100, 100]","[100, 100]",tray,11.png,00.png,00.png,07.png,00.png,00.png,14.png,m,"[100, 100]","[100, 100]","[100, 100]","[100, 100]","[100, 100]","[100, 100]","[100, 100]","[100, 100]","[100, 100]","[100, 100]","[100, 100]","[0, -375]",ok.png,"[100, 100]","[100, 100]",49,1,1,1,1,0,0,0,0,0,0,0,0.795461654663,0.7954616546630859,0,-191,-191,-84,-84,1,1,0,0,0,0,0,0,0,0.655504465103,0.6555044651031494,0,22,22,-398,-398,27
00.png,29.png,00.png,19.png,00.png,14.png,00.png,33.png,00.png,"[-200, -75]","[250, 75]","[150, 100]","[-50, 75]","[100, 75]","[250, 225]","[-200, 75]","[-50, 225]","[100, 225]","[-200, 225]","[-50, -225]","[100, -225]","[250, -225]","[100, 100]","[-50, -75]","[100, -75]","[250, -75]","[-200, -225]",1,8,"[100, 100]","[100, 100]",tray,23.png,00.png,tray2.png,00.png,31.png,13.png,00.png,m,"[100, 100]","[100, 100]","[100, 100]","[100, 100]","[100, 100]","[100, 100]","[100, 100]","[100, 100]","[100, 100]","[100, 100]","[100, 100]","[0, -375]",ok.png,"[100, 100]","[100, 100]",50,1,1,1,1,0,0,0,0,0,0,0,0.885929226875,0.8859292268753052,0,-45,-45,-69,-69,1,1,0,0,0,0,0,0,0,0.667932271957,0.6679322719573975,0,33,33,-490,-490,182
dots1.png,01.png,02.png,03.png,04.png,05.png,06.png,07.png,00.png,"[-213, -87]","[237, 63]","[150, 100]","[-63, 63]","[87, 63]","[237, 213]","[-213, 63]","[-63, 213]","[87, 213]","[-213, 213]","[-63, -237]","[87, -237]","[237, -237]","[100, 100]","[-63, -87]","[87, -87]","[237, -87]","[-213, -237]",1,8,"[100, 100]","[100, 100]",dots,00.png,00.png,00.png,00.png,00.png,00.png,00.png,m,"[100, 100]","[100, 100]","[100, 100]","[100, 100]","[100, 100]","[100, 100]","[100, 100]","[100, 100]","[100, 100]","[100, 100]","[100, 100]","[0, -375]",ok.png,"[100, 100]","[100, 100]",51,2,1,1,1,0,0,0,0,0,0,0,0.767101705074,0.7671017050743103,0,-196,-196,232,232,1,1,0,0,0,0,0,0,0,0.307077288628,0.3070772886276245,0,-15,-15,-365,-365,275
08.png,dots1.png,09.png,00.png,10.png,11.png,12.png,13.png,00.png,"[-227, -95]","[223, 55]","[150, 100]","[-77, 55]","[73, 55]","[223, 205]","[-227, 55]","[-77, 205]","[73, 205]","[-227, 205]","[-77, -245]","[73, -245]","[223, -245]","[100, 100]","[-77, -95]","[73, -95]","[223, -95]","[-227, -245]",1,8,"[100, 100]","[100, 100]",dots,00.png,00.png,14.png,00.png,00.png,00.png,00.png,m,"[100, 100]","[100, 100]","[100, 100]","[100, 100]","[100, 100]","[100, 100]","[100, 100]","[100, 100]","[100, 100]","[100, 100]","[100, 100]","[0, -375]",ok.png,"[100, 100]","[100, 100]",52,2,1,1,1,0,0,0,0,0,0,0,1.29790639877,1.297906398773193,0,-52,-52,214,214,1,1,0,0,0,0,0,0,0,0.417255729437,0.4172557294368744,0,108,108,-326,-326,219
00.png,00.png,dots1.png,15.png,16.png,17.png,18.png,19.png,20.png,"[-209, -76]","[241, 74]","[150, 100]","[-59, 74]","[91, 74]","[241, 224]","[-209, 74]","[-59, 224]","[91, 224]","[-209, 224]","[-59, -226]","[91, -226]","[241, -226]","[100, 100]","[-59, -76]","[91, -76]","[241, -76]","[-209, -226]",1,8,"[100, 100]","[100, 100]",dots,00.png,00.png,21.png,00.png,00.png,00.png,00.png,m,"[100, 100]","[100, 100]","[100, 100]","[100, 100]","[100, 100]","[100, 100]","[100, 100]","[100, 100]","[100, 100]","[100, 100]","[100, 100]","[0, -375]",ok.png,"[100, 100]","[100, 100]",53,2,1,1,1,0,0,0,0,0,0,0,0.882707178593,0.8827071785926819,0,76,76,223,223,1,1,0,0,0,0,0,0,0,0.908425986767,0.9084259867668152,0,23,23,-331,-331,339
22.png,23.png,24.png,dots1.png,00.png,00.png,25.png,26.png,00.png,"[-226, -79]","[224, 71]","[150, 100]","[-76, 71]","[74, 71]","[224, 221]","[-226, 71]","[-76, 221]","[74, 221]","[-226, 221]","[-76, -229]","[74, -229]","[224, -229]","[100, 100]","[-76, -79]","[74, -79]","[224, -79]","[-226, -229]",1,8,"[100, 100]","[100, 100]",dots,28.png,00.png,00.png,27.png,00.png,00.png,00.png,m,"[100, 100]","[100, 100]","[100, 100]","[100, 100]","[100, 100]","[100, 100]","[100, 100]","[100, 100]","[100, 100]","[100, 100]","[100, 100]","[0, -375]",ok.png,"[100, 100]","[100, 100]",54,2,1,1,1,0,0,0,0,0,0,0,0.964731276035,0.9647312760353088,0,211,211,182,182,1,1,0,0,0,0,0,0,0,1.38860321045,1.388603210449219,0,-17,-17,-391,-391,60
00.png,00.png,00.png,00.png,dots1.png,29.png,30.png,31.png,32.png,"[-250, -94]","[200, 56]","[150, 100]","[-100, 56]","[50, 56]","[200, 206]","[-250, 56]","[-100, 206]","[50, 206]","[-250, 206]","[-100, -244]","[50, -244]","[200, -244]","[100, 100]","[-100, -94]","[50, -94]","[200, -94]","[-250, -244]",1,8,"[100, 100]","[100, 100]",dots,01.png,00.png,33.png,34.png,00.png,00.png,00.png,m,"[100, 100]","[100, 100]","[100, 100]","[100, 100]","[100, 100]","[100, 100]","[100, 100]","[100, 100]","[100, 100]","[100, 100]","[100, 100]","[0, -375]",ok.png,"[100, 100]","[100, 100]",55,2,1,1,1,0,0,0,0,0,0,0,0.749633789062,0.7496337890625,0,-220,-220,68,68,1,1,0,0,0,0,0,0,0,0.326889395714,0.3268893957138062,0,-34,-34,-458,-458,393
01.png,34.png,00.png,00.png,04.png,dots1.png,00.png,00.png,06.png,"[-224, -65]","[226, 85]","[150, 100]","[-74, 85]","[76, 85]","[226, 235]","[-224, 85]","[-74, 235]","[76, 235]","[-224, 235]","[-74, -215]","[76, -215]","[226, -215]","[100, 100]","[-74, -65]","[76, -65]","[226, -65]","[-224, -215]",1,8,"[100, 100]","[100, 100]",dots,00.png,17.png,15.png,00.png,00.png,23.png,00.png,m,"[100, 100]","[100, 100]","[100, 100]","[100, 100]","[100, 100]","[100, 100]","[100, 100]","[100, 100]","[100, 100]","[100, 100]","[100, 100]","[0, -375]",ok.png,"[100, 100]","[100, 100]",56,2,1,1,1,0,0,0,0,0,0,0,1.26117312908,1.261173129081726,0,-98,-98,89,89,1,1,0,0,0,0,0,0,0,0.704051852226,0.7040518522262573,0,33,33,-394,-394,56
00.png,00.png,00.png,00.png,07.png,03.png,dots1.png,25.png,00.png,"[-210, -99]","[240, 51]","[150, 100]","[-60, 51]","[90, 51]","[240, 201]","[-210, 51]","[-60, 201]","[90, 201]","[-210, 201]","[-60, -249]","[90, -249]","[240, -249]","[100, 100]","[-60, -99]","[90, -99]","[240, -99]","[-210, -249]",1,8,"[100, 100]","[100, 100]",dots,00.png,06.png,00.png,00.png,14.png,22.png,09.png,m,"[100, 100]","[100, 100]","[100, 100]","[100, 100]","[100, 100]","[100, 100]","[100, 100]","[100, 100]","[100, 100]","[100, 100]","[100, 100]","[0, -375]",ok.png,"[100, 100]","[100, 100]",57,2,1,1,1,0,0,0,0,0,0,0,0.875757694244,0.8757576942443848,0,94,94,12,12,1,1,0,0,0,0,0,0,0,0.545033156872,0.5450331568717957,0,65,65,-387,-387,246
00.png,05.png,33.png,07.png,00.png,00.png,27.png,dots1.png,00.png,"[-245, -72]","[205, 78]","[150, 100]","[-95, 78]","[55, 78]","[205, 228]","[-245, 78]","[-95, 228]","[55, 228]","[-245, 228]","[-95, -222]","[55, -222]","[205, -222]","[100, 100]","[-95, -72]","[55, -72]","[205, -72]","[-245, -222]",1,8,"[100, 100]","[100, 100]",dots,31.png,00.png,17.png,30.png,00.png,00.png,00.png,m,"[100, 100]","[100, 100]","[100, 100]","[100, 100]","[100, 100]","[100, 100]","[100, 100]","[100, 100]","[100, 100]","[100, 100]","[100, 100]","[0, -375]",ok.png,"[100, 100]","[100, 100]",58,2,1,1,1,0,0,0,0,0,0,0,1.02848351002,1.028483510017395,0,212,212,78,78,1,1,0,0,0,0,0,0,0,0.347762793303,0.347762793302536,0,-7,-7,-422,-422,309
00.png,00.png,00.png,00.png,00.png,00.png,00.png,00.png,dots1.png,"[-230, -75]","[220, 75]","[150, 100]","[-80, 75]","[70, 75]","[220, 225]","[-230, 75]","[-80, 225]","[70, 225]","[-230, 225]","[-80, -225]","[70, -225]","[220, -225]","[100, 100]","[-80, -75]","[70, -75]","[220, -75]","[-230, -225]",1,8,"[100, 100]","[100, 100]",dots,27.png,21.png,29.png,23.png,33.png,25.png,31.png,m,"[100, 100]","[100, 100]","[100, 100]","[100, 100]","[100, 100]","[100, 100]","[100, 100]","[100, 100]","[100, 100]","[100, 100]","[100, 100]","[0, -375]",ok.png,"[100, 100]","[100, 100]",59,2,1,1,1,0,0,0,0,0,0,0,1.21650874615,1.216508746147156,0,-213,-213,-63,-63,1,1,0,0,0,0,0,0,0,0.632467150688,0.6324671506881714,0,24,24,-415,-415,55
00.png,00.png,00.png,00.png,14.png,16.png,18.png,20.png,22.png,"[-245, -92]","[205, 58]","[150, 100]","[-95, 58]","[55, 58]","[205, 208]","[-245, 58]","[-95, 208]","[55, 208]","[-245, 208]","[-95, -242]","[55, -242]","[205, -242]","[100, 100]","[-95, -92]","[55, -92]","[205, -92]","[-245, -242]",1,8,"[100, 100]","[100, 100]",dots,26.png,00.png,dots1.png,24.png,00.png,00.png,00.png,m,"[100, 100]","[100, 100]","[100, 100]","[100, 100]","[100, 100]","[100, 100]","[100, 100]","[100, 100]","[100, 100]","[100, 100]","[100, 100]","[0, -375]",ok.png,"[100, 100]","[100, 100]",60,2,1,1,1,0,0,0,0,0,0,0,1.07633733749,1.076337337493896,0,-98,-98,-106,-106,1,1,0,0,0,0,0,0,0,0.246753111482,0.2467531114816666,0,-21,-21,-316,-316,413
00.png,00.png,00.png,00.png,13.png,10.png,00.png,00.png,16.png,"[-227, -74]","[223, 76]","[150, 100]","[-77, 76]","[73, 76]","[223, 226]","[-227, 76]","[-77, 226]","[73, 226]","[-227, 226]","[-77, -224]","[73, -224]","[223, -224]","[100, 100]","[-77, -74]","[73, -74]","[223, -74]","[-227, -224]",1,8,"[100, 100]","[100, 100]",dots,21.png,24.png,19.png,dots1.png,00.png,27.png,00.png,m,"[100, 100]","[100, 100]","[100, 100]","[100, 100]","[100, 100]","[100, 100]","[100, 100]","[100, 100]","[100, 100]","[100, 100]","[100, 100]","[0, -375]",ok.png,"[100, 100]","[100, 100]",61,2,1,1,1,0,0,0,0,0,0,0,0.90221208334,0.9022120833396912,0,73,73,-71,-71,1,1,0,0,0,0,0,0,0,0.9852861166,0.9852861166000366,0,-28,-28,-343,-343,62
10.png,15.png,20.png,25.png,00.png,00.png,00.png,00.png,21.png,"[-211, -91]","[239, 59]","[150, 100]","[-61, 59]","[89, 59]","[239, 209]","[-211, 59]","[-61, 209]","[89, 209]","[-211, 209]","[-61, -241]","[89, -241]","[239, -241]","[100, 100]","[-61, -91]","[89, -91]","[239, -91]","[-211, -241]",1,8,"[100, 100]","[100, 100]",dots,dots1.png,00.png,16.png,11.png,00.png,00.png,00.png,m,"[100, 100]","[100, 100]","[100, 100]","[100, 100]","[100, 100]","[100, 100]","[100, 100]","[100, 100]","[100, 100]","[100, 100]","[100, 100]","[0, -375]",ok.png,"[100, 100]","[100, 100]",62,2,1,1,1,0,0,0,0,0,0,0,1.17073941231,1.170739412307739,0,269,269,-109,-109,1,1,0,0,0,0,0,0,0,0.274757295847,0.2747572958469391,0,114,114,-276,-276,363
00.png,00.png,00.png,00.png,00.png,00.png,00.png,00.png,03.png,"[-239, -87]","[211, 63]","[150, 100]","[-89, 63]","[61, 63]","[211, 213]","[-239, 63]","[-89, 213]","[61, 213]","[-239, 213]","[-89, -237]","[61, -237]","[211, -237]","[100, 100]","[-89, -87]","[61, -87]","[211, -87]","[-239, -237]",1,8,"[100, 100]","[100, 100]",dots,08.png,dots1.png,01.png,07.png,04.png,05.png,02.png,m,"[100, 100]","[100, 100]","[100, 100]","[100, 100]","[100, 100]","[100, 100]","[100, 100]","[100, 100]","[100, 100]","[100, 100]","[100, 100]","[0, -375]",ok.png,"[100, 100]","[100, 100]",63,2,1,1,1,0,0,0,0,0,0,0,1.11965239048,1.119652390480042,0,-209,-209,-246,-246,1,1,0,0,0,0,0,0,0,0.528604269028,0.52860426902771,0,-30,-30,-355,-355,57
29.png,00.png,00.png,16.png,00.png,00.png,33.png,08.png,13.png,"[-236, -97]","[214, 53]","[150, 100]","[-86, 53]","[64, 53]","[214, 203]","[-236, 53]","[-86, 203]","[64, 203]","[-236, 203]","[-86, -247]","[64, -247]","[214, -247]","[100, 100]","[-86, -97]","[64, -97]","[214, -97]","[-236, -247]",1,8,"[100, 100]","[100, 100]",dots,00.png,23.png,00.png,00.png,00.png,dots1.png,12.png,m,"[100, 100]","[100, 100]","[100, 100]","[100, 100]","[100, 100]","[100, 100]","[100, 100]","[100, 100]","[100, 100]","[100, 100]","[100, 100]","[0, -375]",ok.png,"[100, 100]","[100, 100]",64,2,1,1,1,0,0,0,0,0,0,0,1.46606862545,1.466068625450134,0,-80,-80,-238,-238,1,1,0,0,0,0,0,0,0,0.686724901199,0.6867249011993408,0,17,17,-463,-463,247
00.png,00.png,00.png,00.png,00.png,00.png,00.png,33.png,27.png,"[-226, -51]","[224, 99]","[150, 100]","[-76, 99]","[74, 99]","[224, 249]","[-226, 99]","[-76, 249]","[74, 249]","[-226, 249]","[-76, -201]","[74, -201]","[224, -201]","[100, 100]","[-76, -51]","[74, -51]","[224, -51]","[-226, -201]",1,8,"[100, 100]","[100, 100]",dots,13.png,07.png,23.png,17.png,00.png,03.png,dots1.png,m,"[100, 100]","[100, 100]","[100, 100]","[100, 100]","[100, 100]","[100, 100]","[100, 100]","[100, 100]","[100, 100]","[100, 100]","[100, 100]","[0, -375]",ok.png,"[100, 100]","[100, 100]",65,2,1,1,1,0,0,0,0,0,0,0,1.1331199407600001,1.133119940757751,0,77,77,-197,-197,1,1,0,0,0,0,0,0,0,0.378893911839,0.3788939118385315,0,92,92,-423,-423,242
04.png,20.png,30.png,02.png,00.png,00.png,00.png,00.png,00.png,"[-204, -65]","[246, 85]","[150, 100]","[-54, 85]","[96, 85]","[246, 235]","[-204, 85]","[-54, 235]","[96, 235]","[-204, 235]","[-54, -215]","[96, -215]","[246, -215]","[100, 100]","[-54, -65]","[96, -65]","[246, -65]","[-204, -215]",1,8,"[100, 100]","[100, 100]",dots,00.png,14.png,00.png,00.png,dots1.png,07.png,17.png,m,"[100, 100]","[100, 100]","[100, 100]","[100, 100]","[100, 100]","[100, 100]","[100, 100]","[100, 100]","[100, 100]","[100, 100]","[100, 100]","[0, -375]",ok.png,"[100, 100]","[100, 100]",66,2,1,1,1,0,0,0,0,0,0,0,1.10422074795,1.104220747947693,0,228,228,-244,-244,1,1,0,0,0,0,0,0,0,0.299404233694,0.2994042336940765,0,133,133,-333,-333,264
00.png,19.png,29.png,00.png,00.png,02.png,32.png,00.png,00.png,"[-231, -60]","[219, 90]","[150, 100]","[-81, 90]","[69, 90]","[219, 240]","[-231, 90]","[-81, 240]","[69, 240]","[-231, 240]","[-81, -210]","[69, -210]","[219, -210]","[100, 100]","[-81, -60]","[69, -60]","[219, -60]","[-231, -210]",1,8,"[100, 100]","[100, 100]",dots,00.png,00.png,22.png,16.png,00.png,04.png,dots1.png,m,"[100, 100]","[100, 100]","[100, 100]","[100, 100]","[100, 100]","[100, 100]","[100, 100]","[100, 100]","[100, 100]","[100, 100]","[100, 100]","[0, -375]",ok.png,"[100, 100]","[100, 100]",67,2,1,1,1,0,0,0,0,0,0,0,1.95605313778,1.956053137779236,0,72,72,-220,-220,1,1,0,0,0,0,0,0,0,0.701126039028,0.7011260390281677,0,30,30,-381,-381,0
00.png,00.png,00.png,05.png,21.png,00.png,00.png,00.png,00.png,"[-219, -83]","[231, 67]","[150, 100]","[-69, 67]","[81, 67]","[231, 217]","[-219, 67]","[-69, 217]","[81, 217]","[-219, 217]","[-69, -233]","[81, -233]","[231, -233]","[100, 100]","[-69, -83]","[81, -83]","[231, -83]","[-219, -233]",1,8,"[100, 100]","[100, 100]",dots,25.png,03.png,27.png,28.png,00.png,dots1.png,08.png,m,"[100, 100]","[100, 100]","[100, 100]","[100, 100]","[100, 100]","[100, 100]","[100, 100]","[100, 100]","[100, 100]","[100, 100]","[100, 100]","[0, -375]",ok.png,"[100, 100]","[100, 100]",68,2,1,1,1,0,0,0,0,0,0,0,0.950299680233,0.9502996802330016,0,-76,-76,-253,-253,1,1,0,0,0,0,0,0,0,0.293602913618,0.2936029136180878,0,-17,-17,-319,-319,259
06.png,00.png,15.png,17.png,00.png,00.png,16.png,00.png,00.png,"[-239, -60]","[211, 90]","[150, 100]","[-89, 90]","[61, 90]","[211, 240]","[-239, 90]","[-89, 240]","[61, 240]","[-239, 240]","[-89, -210]","[61, -210]","[211, -210]","[100, 100]","[-89, -60]","[61, -60]","[211, -60]","[-239, -210]",1,8,"[100, 100]","[100, 100]",dots,23.png,dots1.png,09.png,00.png,00.png,00.png,07.png,m,"[100, 100]","[100, 100]","[100, 100]","[100, 100]","[100, 100]","[100, 100]","[100, 100]","[100, 100]","[100, 100]","[100, 100]","[100, 100]","[0, -375]",ok.png,"[100, 100]","[100, 100]",69,2,1,1,1,0,0,0,0,0,0,0,2.0131752491,2.013175249099731,0,-228,-228,-193,-193,1,1,0,0,0,0,0,0,0,0.577989459038,0.5779894590377808,0,26,26,-367,-367,83
00.png,11.png,00.png,00.png,12.png,00.png,00.png,34.png,00.png,"[-210, -53]","[240, 97]","[150, 100]","[-60, 97]","[90, 97]","[240, 247]","[-210, 97]","[-60, 247]","[90, 247]","[-210, 247]","[-60, -203]","[90, -203]","[240, -203]","[100, 100]","[-60, -53]","[90, -53]","[240, -53]","[-210, -203]",1,8,"[100, 100]","[100, 100]",dots,dots1.png,31.png,30.png,08.png,00.png,00.png,32.png,m,"[100, 100]","[100, 100]","[100, 100]","[100, 100]","[100, 100]","[100, 100]","[100, 100]","[100, 100]","[100, 100]","[100, 100]","[100, 100]","[0, -375]",ok.png,"[100, 100]","[100, 100]",70,2,1,1,1,0,0,0,0,0,0,0,1.02708792686,1.027087926864624,0,195,195,-61,-61,1,1,0,0,0,0,0,0,0,0.388011038303,0.3880110383033752,0,-54,-54,-459,-459,299
00.png,00.png,00.png,00.png,00.png,00.png,24.png,27.png,07.png,"[-223, -68]","[227, 82]","[150, 100]","[-73, 82]","[77, 82]","[227, 232]","[-223, 82]","[-73, 232]","[77, 232]","[-223, 232]","[-73, -218]","[77, -218]","[227, -218]","[100, 100]","[-73, -68]","[77, -68]","[227, -68]","[-223, -218]",1,8,"[100, 100]","[100, 100]",dots,10.png,13.png,09.png,dots1.png,00.png,16.png,00.png,m,"[100, 100]","[100, 100]","[100, 100]","[100, 100]","[100, 100]","[100, 100]","[100, 100]","[100, 100]","[100, 100]","[100, 100]","[100, 100]","[0, -375]",ok.png,"[100, 100]","[100, 100]",71,2,1,1,1,0,0,0,0,0,0,0,2.07573080063,2.075730800628662,0,111,111,-79,-79,1,1,0,0,0,0,0,0,0,0.378040999174,0.378040999174118,0,43,43,-384,-384,387
00.png,00.png,25.png,00.png,33.png,00.png,05.png,00.png,01.png,"[-230, -65]","[220, 85]","[150, 100]","[-80, 85]","[70, 85]","[220, 235]","[-230, 85]","[-80, 235]","[70, 235]","[-230, 235]","[-80, -215]","[70, -215]","[220, -215]","[100, 100]","[-80, -65]","[70, -65]","[220, -65]","[-230, -215]",1,8,"[100, 100]","[100, 100]",dots,10.png,00.png,dots1.png,00.png,30.png,20.png,00.png,m,"[100, 100]","[100, 100]","[100, 100]","[100, 100]","[100, 100]","[100, 100]","[100, 100]","[100, 100]","[100, 100]","[100, 100]","[100, 100]","[0, -375]",ok.png,"[100, 100]","[100, 100]",72,2,1,1,1,0,0,0,0,0,0,0,2.7119538784,2.71195387840271,0,-68,-68,-63,-63,1,1,0,0,0,0,0,0,0,0.279908925295,0.2799089252948761,0,30,30,-371,-371,392
00.png,00.png,00.png,18.png,00.png,14.png,00.png,09.png,dots1.png,"[-204, -66]","[246, 84]","[150, 100]","[-54, 84]","[96, 84]","[246, 234]","[-204, 84]","[-54, 234]","[96, 234]","[-204, 234]","[-54, -216]","[96, -216]","[246, -216]","[100, 100]","[-54, -66]","[96, -66]","[246, -66]","[-204, -216]",1,8,"[100, 100]","[100, 100]",dots,00.png,26.png,02.png,04.png,00.png,24.png,00.png,m,"[100, 100]","[100, 100]","[100, 100]","[100, 100]","[100, 100]","[100, 100]","[100, 100]","[100, 100]","[100, 100]","[100, 100]","[100, 100]","[0, -375]",ok.png,"[100, 100]","[100, 100]",73,2,1,1,1,0,0,0,0,0,0,0,1.21846938133,1.218469381332397,0,-231,-231,-49,-49,1,1,0,0,0,0,0,0,0,0.451891899109,0.4518918991088867,0,-24,-24,-401,-401,185
00.png,14.png,00.png,00.png,11.png,07.png,00.png,dots1.png,18.png,"[-205, -86]","[245, 64]","[150, 100]","[-55, 64]","[95, 64]","[245, 214]","[-205, 64]","[-55, 214]","[95, 214]","[-205, 214]","[-55, -236]","[95, -236]","[245, -236]","[100, 100]","[-55, -86]","[95, -86]","[245, -86]","[-205, -236]",1,8,"[100, 100]","[100, 100]",dots,30.png,09.png,00.png,00.png,19.png,00.png,00.png,m,"[100, 100]","[100, 100]","[100, 100]","[100, 100]","[100, 100]","[100, 100]","[100, 100]","[100, 100]","[100, 100]","[100, 100]","[100, 100]","[0, -375]",ok.png,"[100, 100]","[100, 100]",74,2,1,1,1,0,0,0,0,0,0,0,0.900243878365,0.900243878364563,0,249,249,72,72,1,1,0,0,0,0,0,0,0,1.2794765234,1.279476523399353,0,210,210,53,53,298
31.png,00.png,13.png,00.png,23.png,00.png,dots1.png,00.png,33.png,"[-247, -77]","[203, 73]","[150, 100]","[-97, 73]","[53, 73]","[203, 223]","[-247, 73]","[-97, 223]","[53, 223]","[-247, 223]","[-97, -227]","[53, -227]","[203, -227]","[100, 100]","[-97, -77]","[53, -77]","[203, -77]","[-247, -227]",1,8,"[100, 100]","[100, 100]",dots,00.png,19.png,00.png,14.png,00.png,00.png,29.png,m,"[100, 100]","[100, 100]","[100, 100]","[100, 100]","[100, 100]","[100, 100]","[100, 100]","[100, 100]","[100, 100]","[100, 100]","[100, 100]","[0, -375]",ok.png,"[100, 100]","[100, 100]",75,2,1,1,1,0,0,0,0,0,0,0,0.796339213848,0.796339213848114,0,28,28,85,85,1,1,0,0,0,0,0,0,0,0.604498565197,0.604498565196991,0,-44,-44,-419,-419,234
00.png,00.png,00.png,00.png,00.png,00.png,00.png,00.png,07.png,"[-207, -91]","[243, 59]","[150, 100]","[-57, 59]","[93, 59]","[243, 209]","[-207, 59]","[-57, 209]","[93, 209]","[-207, 209]","[-57, -241]","[93, -241]","[243, -241]","[100, 100]","[-57, -91]","[93, -91]","[243, -91]","[-207, -241]",1,8,"[100, 100]","[100, 100]",dots,04.png,03.png,06.png,05.png,dots2.png,02.png,01.png,m,"[100, 100]","[100, 100]","[100, 100]","[100, 100]","[100, 100]","[100, 100]","[100, 100]","[100, 100]","[100, 100]","[100, 100]","[100, 100]","[0, -375]",ok.png,"[100, 100]","[100, 100]",76,2,1,1,1,0,0,0,0,0,0,0,1.33802258968,1.338022589683533,0,286,286,-256,-256,1,1,0,0,0,0,0,0,0,0.421594828367,0.4215948283672333,0,-57,-57,-417,-417,85
00.png,00.png,00.png,00.png,00.png,00.png,14.png,00.png,13.png,"[-237, -86]","[213, 64]","[150, 100]","[-87, 64]","[63, 64]","[213, 214]","[-237, 64]","[-87, 214]","[63, 214]","[-237, 214]","[-87, -236]","[63, -236]","[213, -236]","[100, 100]","[-87, -86]","[63, -86]","[213, -86]","[-237, -236]",1,8,"[100, 100]","[100, 100]",dots,10.png,00.png,12.png,11.png,08.png,09.png,dots2.png,m,"[100, 100]","[100, 100]","[100, 100]","[100, 100]","[100, 100]","[100, 100]","[100, 100]","[100, 100]","[100, 100]","[100, 100]","[100, 100]","[0, -375]",ok.png,"[100, 100]","[100, 100]",77,2,1,1,1,0,0,0,0,0,0,0,1.49520456791,1.495204567909241,0,70,70,-226,-226,1,1,0,0,0,0,0,0,0,0.516249299049,0.5162492990493774,0,-2,-2,-403,-403,143
00.png,00.png,00.png,00.png,00.png,00.png,21.png,20.png,19.png,"[-231, -93]","[219, 57]","[150, 100]","[-81, 57]","[69, 57]","[219, 207]","[-231, 57]","[-81, 207]","[69, 207]","[-231, 207]","[-81, -243]","[69, -243]","[219, -243]","[100, 100]","[-81, -93]","[69, -93]","[219, -93]","[-231, -243]",1,8,"[100, 100]","[100, 100]",dots,16.png,15.png,18.png,17.png,00.png,dots2.png,00.png,m,"[100, 100]","[100, 100]","[100, 100]","[100, 100]","[100, 100]","[100, 100]","[100, 100]","[100, 100]","[100, 100]","[100, 100]","[100, 100]","[0, -375]",ok.png,"[100, 100]","[100, 100]",78,2,1,1,1,0,0,0,0,0,0,0,1.36897718906,1.368977189064026,0,-90,-90,-267,-267,1,1,0,0,0,0,0,0,0,0.386419177055,0.3864191770553589,0,15,15,-399,-399,205
00.png,00.png,00.png,00.png,00.png,00.png,31.png,27.png,26.png,"[-245, -78]","[205, 72]","[150, 100]","[-95, 72]","[55, 72]","[205, 222]","[-245, 72]","[-95, 222]","[55, 222]","[-245, 222]","[-95, -228]","[55, -228]","[205, -228]","[100, 100]","[-95, -78]","[55, -78]","[205, -78]","[-245, -228]",1,8,"[100, 100]","[100, 100]",dots,00.png,dots2.png,28.png,00.png,22.png,24.png,23.png,m,"[100, 100]","[100, 100]","[100, 100]","[100, 100]","[100, 100]","[100, 100]","[100, 100]","[100, 100]","[100, 100]","[100, 100]","[100, 100]","[0, -375]",ok.png,"[100, 100]","[100, 100]",79,2,1,1,1,0,0,0,0,0,0,0,2.00571846962,2.005718469619751,0,-236,-236,-252,-252,1,1,0,0,0,0,0,0,0,0.296799004078,0.2967990040779114,0,24,24,-377,-377,53
00.png,00.png,00.png,00.png,01.png,34.png,33.png,32.png,31.png,"[-210, -62]","[240, 88]","[150, 100]","[-60, 88]","[90, 88]","[240, 238]","[-210, 88]","[-60, 238]","[90, 238]","[-210, 238]","[-60, -212]","[90, -212]","[240, -212]","[100, 100]","[-60, -62]","[90, -62]","[240, -62]","[-210, -212]",1,8,"[100, 100]","[100, 100]",dots,dots2.png,00.png,30.png,29.png,00.png,00.png,00.png,m,"[100, 100]","[100, 100]","[100, 100]","[100, 100]","[100, 100]","[100, 100]","[100, 100]","[100, 100]","[100, 100]","[100, 100]","[100, 100]","[0, -375]",ok.png,"[100, 100]","[100, 100]",80,2,1,1,1,0,0,0,0,0,0,0,1.13749194145,1.137491941452026,0,271,271,-58,-58,1,1,0,0,0,0,0,0,0,0.50496172905,0.5049617290496826,0,11,11,-389,-389,59
00.png,00.png,23.png,17.png,00.png,00.png,15.png,06.png,00.png,"[-212, -52]","[238, 98]","[150, 100]","[-62, 98]","[88, 98]","[238, 248]","[-212, 98]","[-62, 248]","[88, 248]","[-212, 248]","[-62, -202]","[88, -202]","[238, -202]","[100, 100]","[-62, -52]","[88, -52]","[238, -52]","[-212, -202]",1,8,"[100, 100]","[100, 100]",dots,04.png,00.png,00.png,dots2.png,01.png,00.png,34.png,m,"[100, 100]","[100, 100]","[100, 100]","[100, 100]","[100, 100]","[100, 100]","[100, 100]","[100, 100]","[100, 100]","[100, 100]","[100, 100]","[0, -375]",ok.png,"[100, 100]","[100, 100]",81,2,1,1,1,0,0,0,0,0,0,0,0.954128980637,0.9541289806365968,0,101,101,-53,-53,1,1,0,0,0,0,0,0,0,0.358481705189,0.3584817051887512,0,40,40,-403,-403,147
14.png,09.png,22.png,06.png,00.png,00.png,00.png,00.png,25.png,"[-239, -55]","[211, 95]","[150, 100]","[-89, 95]","[61, 95]","[211, 245]","[-239, 95]","[-89, 245]","[61, 245]","[-239, 245]","[-89, -205]","[61, -205]","[211, -205]","[100, 100]","[-89, -55]","[61, -55]","[211, -55]","[-239, -205]",1,8,"[100, 100]","[100, 100]",dots,07.png,00.png,dots2.png,03.png,00.png,00.png,00.png,m,"[100, 100]","[100, 100]","[100, 100]","[100, 100]","[100, 100]","[100, 100]","[100, 100]","[100, 100]","[100, 100]","[100, 100]","[100, 100]","[0, -375]",ok.png,"[100, 100]","[100, 100]",82,2,1,1,1,0,0,0,0,0,0,0,0.884470820427,0.8844708204269409,0,-57,-57,-48,-48,1,1,0,0,0,0,0,0,0,0.720073997974,0.7200739979743958,0,28,28,-347,-347,76
00.png,00.png,00.png,00.png,31.png,30.png,17.png,00.png,dots2.png,"[-216, -79]","[234, 71]","[150, 100]","[-66, 71]","[84, 71]","[234, 221]","[-216, 71]","[-66, 221]","[84, 221]","[-216, 221]","[-66, -229]","[84, -229]","[234, -229]","[100, 100]","[-66, -79]","[84, -79]","[234, -79]","[-216, -229]",1,8,"[100, 100]","[100, 100]",dots,00.png,07.png,27.png,00.png,00.png,33.png,05.png,m,"[100, 100]","[100, 100]","[100, 100]","[100, 100]","[100, 100]","[100, 100]","[100, 100]","[100, 100]","[100, 100]","[100, 100]","[100, 100]","[0, -375]",ok.png,"[100, 100]","[100, 100]",83,2,1,1,1,0,0,0,0,0,0,0,0.807251095772,0.8072510957717896,0,-201,-201,-75,-75,1,1,0,0,0,0,0,0,0,0.376898676157,0.3768986761569977,0,-19,-19,-446,-446,263
33.png,31.png,25.png,21.png,27.png,23.png,29.png,dots2.png,00.png,"[-235, -96]","[215, 54]","[150, 100]","[-85, 54]","[65, 54]","[215, 204]","[-235, 54]","[-85, 204]","[65, 204]","[-235, 204]","[-85, -246]","[65, -246]","[215, -246]","[100, 100]","[-85, -96]","[65, -96]","[215, -96]","[-235, -246]",1,8,"[100, 100]","[100, 100]",dots,00.png,00.png,00.png,00.png,00.png,00.png,00.png,m,"[100, 100]","[100, 100]","[100, 100]","[100, 100]","[100, 100]","[100, 100]","[100, 100]","[100, 100]","[100, 100]","[100, 100]","[100, 100]","[0, -375]",ok.png,"[100, 100]","[100, 100]",84,2,1,1,1,0,0,0,0,0,0,0,2.14943361282,2.149433612823486,0,209,209,58,58,1,1,0,0,0,0,0,0,0,0.313736975193,0.3137369751930237,0,53,53,-430,-430,384
00.png,00.png,00.png,00.png,26.png,24.png,dots2.png,22.png,20.png,"[-226, -56]","[224, 94]","[150, 100]","[-76, 94]","[74, 94]","[224, 244]","[-226, 94]","[-76, 244]","[74, 244]","[-226, 244]","[-76, -206]","[74, -206]","[224, -206]","[100, 100]","[-76, -56]","[74, -56]","[224, -56]","[-226, -206]",1,8,"[100, 100]","[100, 100]",dots,14.png,00.png,18.png,16.png,00.png,00.png,00.png,m,"[100, 100]","[100, 100]","[100, 100]","[100, 100]","[100, 100]","[100, 100]","[100, 100]","[100, 100]","[100, 100]","[100, 100]","[100, 100]","[0, -375]",ok.png,"[100, 100]","[100, 100]",85,2,1,1,1,0,0,0,0,0,0,0,1.40383446217,1.403834462165833,0,50,50,122,122,1,1,0,0,0,0,0,0,0,0.400675624609,0.4006756246089935,0,88,88,-353,-353,119
00.png,00.png,27.png,24.png,21.png,dots2.png,19.png,16.png,00.png,"[-227, -72]","[223, 78]","[150, 100]","[-77, 78]","[73, 78]","[223, 228]","[-227, 78]","[-77, 228]","[73, 228]","[-227, 228]","[-77, -222]","[73, -222]","[223, -222]","[100, 100]","[-77, -72]","[73, -72]","[223, -72]","[-227, -222]",1,8,"[100, 100]","[100, 100]",dots,13.png,00.png,00.png,10.png,00.png,00.png,00.png,m,"[100, 100]","[100, 100]","[100, 100]","[100, 100]","[100, 100]","[100, 100]","[100, 100]","[100, 100]","[100, 100]","[100, 100]","[100, 100]","[0, -375]",ok.png,"[100, 100]","[100, 100]",86,2,1,1,1,0,0,0,0,0,0,0,1.83844041824,1.838440418243408,0,-84,-84,81,81,1,1,0,0,0,0,0,0,0,0.420503467321,0.4205034673213959,0,20,20,-355,-355,172
00.png,00.png,00.png,00.png,dots2.png,11.png,16.png,21.png,00.png,"[-216, -84]","[234, 66]","[150, 100]","[-66, 66]","[84, 66]","[234, 216]","[-216, 66]","[-66, 216]","[84, 216]","[-216, 216]","[-66, -234]","[84, -234]","[234, -234]","[100, 100]","[-66, -84]","[84, -84]","[234, -84]","[-216, -234]",1,8,"[100, 100]","[100, 100]",dots,00.png,25.png,00.png,00.png,10.png,20.png,15.png,m,"[100, 100]","[100, 100]","[100, 100]","[100, 100]","[100, 100]","[100, 100]","[100, 100]","[100, 100]","[100, 100]","[100, 100]","[100, 100]","[0, -375]",ok.png,"[100, 100]","[100, 100]",87,2,1,1,1,0,0,0,0,0,0,0,1.21030235291,1.210302352905273,0,-217,-217,84,84,1,1,0,0,0,0,0,0,0,0.857100903988,0.8571009039878845,0,-12,-12,-389,-389,63
04.png,02.png,05.png,dots2.png,08.png,07.png,01.png,03.png,00.png,"[-220, -58]","[230, 92]","[150, 100]","[-70, 92]","[80, 92]","[230, 242]","[-220, 92]","[-70, 242]","[80, 242]","[-220, 242]","[-70, -208]","[80, -208]","[230, -208]","[100, 100]","[-70, -58]","[80, -58]","[230, -58]","[-220, -208]",1,8,"[100, 100]","[100, 100]",dots,00.png,00.png,00.png,00.png,00.png,00.png,00.png,m,"[100, 100]","[100, 100]","[100, 100]","[100, 100]","[100, 100]","[100, 100]","[100, 100]","[100, 100]","[100, 100]","[100, 100]","[100, 100]","[0, -375]",ok.png,"[100, 100]","[100, 100]",88,2,1,1,1,0,0,0,0,0,0,0,1.35721588135,1.357215881347656,0,254,254,217,217,1,1,0,0,0,0,0,0,0,0.477620959282,0.4776209592819214,0,53,53,-458,-458,20
00.png,12.png,dots2.png,23.png,00.png,00.png,00.png,13.png,08.png,"[-242, -59]","[208, 91]","[150, 100]","[-92, 91]","[58, 91]","[208, 241]","[-242, 91]","[-92, 241]","[58, 241]","[-242, 241]","[-92, -209]","[58, -209]","[208, -209]","[100, 100]","[-92, -59]","[58, -59]","[208, -59]","[-242, -209]",1,8,"[100, 100]","[100, 100]",dots,00.png,16.png,33.png,00.png,29.png,00.png,00.png,m,"[100, 100]","[100, 100]","[100, 100]","[100, 100]","[100, 100]","[100, 100]","[100, 100]","[100, 100]","[100, 100]","[100, 100]","[100, 100]","[0, -375]",ok.png,"[100, 100]","[100, 100]",89,2,1,1,1,0,0,0,0,0,0,0,1.17183351517,1.171833515167236,0,69,69,245,245,1,1,0,0,0,0,0,0,0,0.353962659836,0.3539626598358154,0,-15,-15,-502,-502,345
00.png,dots2.png,03.png,07.png,13.png,17.png,23.png,27.png,33.png,"[-239, -68]","[211, 82]","[150, 100]","[-89, 82]","[61, 82]","[211, 232]","[-239, 82]","[-89, 232]","[61, 232]","[-239, 232]","[-89, -218]","[61, -218]","[211, -218]","[100, 100]","[-89, -68]","[61, -68]","[211, -68]","[-239, -218]",1,8,"[100, 100]","[100, 100]",dots,00.png,00.png,00.png,00.png,00.png,00.png,00.png,m,"[100, 100]","[100, 100]","[100, 100]","[100, 100]","[100, 100]","[100, 100]","[100, 100]","[100, 100]","[100, 100]","[100, 100]","[100, 100]","[0, -375]",ok.png,"[100, 100]","[100, 100]",90,2,1,1,1,0,0,0,0,0,0,0,0.742704451084,0.742704451084137,0,-60,-60,214,214,1,1,0,0,0,0,0,0,0,0.342824965715,0.3428249657154083,0,41,41,-408,-408,346
dots2.png,17.png,07.png,14.png,00.png,00.png,00.png,00.png,00.png,"[-238, -97]","[212, 53]","[150, 100]","[-88, 53]","[62, 53]","[212, 203]","[-238, 53]","[-88, 203]","[62, 203]","[-238, 203]","[-88, -247]","[62, -247]","[212, -247]","[100, 100]","[-88, -97]","[62, -97]","[212, -97]","[-238, -247]",1,8,"[100, 100]","[100, 100]",dots,00.png,02.png,00.png,00.png,04.png,30.png,20.png,m,"[100, 100]","[100, 100]","[100, 100]","[100, 100]","[100, 100]","[100, 100]","[100, 100]","[100, 100]","[100, 100]","[100, 100]","[100, 100]","[0, -375]",ok.png,"[100, 100]","[100, 100]",91,2,1,1,1,0,0,0,0,0,0,0,0.88453990221,0.8845399022102356,0,-224,-224,202,202,1,1,0,0,0,0,0,0,0,0.838509500027,0.8385095000267029,0,42,42,-425,-425,106
00.png,dots2.png,04.png,00.png,00.png,16.png,22.png,00.png,00.png,"[-244, -51]","[206, 99]","[150, 100]","[-94, 99]","[56, 99]","[206, 249]","[-244, 99]","[-94, 249]","[56, 249]","[-244, 249]","[-94, -201]","[56, -201]","[206, -201]","[100, 100]","[-94, -51]","[56, -51]","[206, -51]","[-244, -201]",1,8,"[100, 100]","[100, 100]",dots,00.png,00.png,32.png,02.png,00.png,29.png,19.png,m,"[100, 100]","[100, 100]","[100, 100]","[100, 100]","[100, 100]","[100, 100]","[100, 100]","[100, 100]","[100, 100]","[100, 100]","[100, 100]","[0, -375]",ok.png,"[100, 100]","[100, 100]",92,2,1,1,1,0,0,0,0,0,0,0,0.77759552002,0.77759552001953125,0,-69,-69,281,281,1,1,0,0,0,0,0,0,0,0.729330003262,0.7293300032615662,0,5,5,-354,-354,22
00.png,08.png,dots2.png,03.png,25.png,28.png,27.png,00.png,00.png,"[-223, -82]","[227, 68]","[150, 100]","[-73, 68]","[77, 68]","[227, 218]","[-223, 68]","[-73, 218]","[77, 218]","[-223, 218]","[-73, -232]","[77, -232]","[227, -232]","[100, 100]","[-73, -82]","[77, -82]","[227, -82]","[-223, -232]",1,8,"[100, 100]","[100, 100]",dots,21.png,05.png,00.png,00.png,00.png,00.png,00.png,m,"[100, 100]","[100, 100]","[100, 100]","[100, 100]","[100, 100]","[100, 100]","[100, 100]","[100, 100]","[100, 100]","[100, 100]","[100, 100]","[0, -375]",ok.png,"[100, 100]","[100, 100]",93,2,1,1,1,0,0,0,0,0,0,0,1.20202994347,1.202029943466187,0,78,78,247,247,1,1,0,0,0,0,0,0,0,0.432849884033,0.4328498840332031,0,59,59,-411,-411,89
00.png,07.png,00.png,dots2.png,23.png,00.png,09.png,00.png,00.png,"[-224, -87]","[226, 63]","[150, 100]","[-74, 63]","[76, 63]","[226, 213]","[-224, 63]","[-74, 213]","[76, 213]","[-224, 213]","[-74, -237]","[76, -237]","[226, -237]","[100, 100]","[-74, -87]","[76, -87]","[226, -87]","[-224, -237]",1,8,"[100, 100]","[100, 100]",dots,00.png,17.png,16.png,00.png,06.png,15.png,00.png,m,"[100, 100]","[100, 100]","[100, 100]","[100, 100]","[100, 100]","[100, 100]","[100, 100]","[100, 100]","[100, 100]","[100, 100]","[100, 100]","[0, -375]",ok.png,"[100, 100]","[100, 100]",94,2,1,1,1,0,0,0,0,0,0,0,1.8104146719,1.810414671897888,0,243,243,211,211,1,1,0,0,0,0,0,0,0,0.527647316456,0.5276473164558411,0,53,53,-368,-368,333
00.png,32.png,00.png,31.png,dots2.png,08.png,30.png,00.png,34.png,"[-204, -65]","[246, 85]","[150, 100]","[-54, 85]","[96, 85]","[246, 235]","[-204, 85]","[-54, 235]","[96, 235]","[-204, 235]","[-54, -215]","[96, -215]","[246, -215]","[100, 100]","[-54, -65]","[96, -65]","[246, -65]","[-204, -215]",1,8,"[100, 100]","[100, 100]",dots,12.png,00.png,00.png,00.png,00.png,00.png,11.png,m,"[100, 100]","[100, 100]","[100, 100]","[100, 100]","[100, 100]","[100, 100]","[100, 100]","[100, 100]","[100, 100]","[100, 100]","[100, 100]","[0, -375]",ok.png,"[100, 100]","[100, 100]",95,2,1,1,1,0,0,0,0,0,0,0,0.681585550308,0.6815855503082275,0,-202,-202,100,100,1,1,0,0,0,0,0,0,0,0.511857509613,0.5118575096130371,0,45,45,-432,-432,405
00.png,00.png,16.png,13.png,10.png,dots2.png,09.png,07.png,27.png,"[-214, -74]","[236, 76]","[150, 100]","[-64, 76]","[86, 76]","[236, 226]","[-214, 76]","[-64, 226]","[86, 226]","[-214, 226]","[-64, -224]","[86, -224]","[236, -224]","[100, 100]","[-64, -74]","[86, -74]","[236, -74]","[-214, -224]",1,8,"[100, 100]","[100, 100]",dots,00.png,00.png,24.png,00.png,00.png,00.png,00.png,m,"[100, 100]","[100, 100]","[100, 100]","[100, 100]","[100, 100]","[100, 100]","[100, 100]","[100, 100]","[100, 100]","[100, 100]","[100, 100]","[0, -375]",ok.png,"[100, 100]","[100, 100]",96,2,1,1,1,0,0,0,0,0,0,0,1.11765408516,1.117654085159302,0,-70,-70,128,128,1,1,0,0,0,0,0,0,0,0.638893187046,0.638893187046051,0,-37,-37,-281,-281,326
30.png,00.png,20.png,00.png,10.png,00.png,dots2.png,01.png,00.png,"[-249, -81]","[201, 69]","[150, 100]","[-99, 69]","[51, 69]","[201, 219]","[-249, 69]","[-99, 219]","[51, 219]","[-249, 219]","[-99, -231]","[51, -231]","[201, -231]","[100, 100]","[-99, -81]","[51, -81]","[201, -81]","[-249, -231]",1,8,"[100, 100]","[100, 100]",dots,33.png,00.png,05.png,00.png,00.png,25.png,00.png,m,"[100, 100]","[100, 100]","[100, 100]","[100, 100]","[100, 100]","[100, 100]","[100, 100]","[100, 100]","[100, 100]","[100, 100]","[100, 100]","[0, -375]",ok.png,"[100, 100]","[100, 100]",97,2,1,1,1,0,0,0,0,0,0,0,0.774448037148,0.774448037147522,0,53,53,66,66,1,1,0,0,0,0,0,0,0,0.29557043314,0.295570433139801,0,10,10,-423,-423,310
00.png,00.png,24.png,26.png,00.png,04.png,02.png,dots2.png,09.png,"[-200, -53]","[250, 97]","[150, 100]","[-50, 97]","[100, 97]","[250, 247]","[-200, 97]","[-50, 247]","[100, 247]","[-200, 247]","[-50, -203]","[100, -203]","[250, -203]","[100, 100]","[-50, -53]","[100, -53]","[250, -53]","[-200, -203]",1,8,"[100, 100]","[100, 100]",dots,00.png,18.png,00.png,14.png,00.png,00.png,00.png,m,"[100, 100]","[100, 100]","[100, 100]","[100, 100]","[100, 100]","[100, 100]","[100, 100]","[100, 100]","[100, 100]","[100, 100]","[100, 100]","[0, -375]",ok.png,"[100, 100]","[100, 100]",98,2,1,1,1,0,0,0,0,0,0,0,0.909122169018,0.9091221690177916,0,244,244,98,98,1,1,0,0,0,0,0,0,0,0.368128120899,0.3681281208992004,0,77,77,-289,-289,204
19.png,00.png,00.png,09.png,30.png,00.png,00.png,18.png,dots2.png,"[-239, -55]","[211, 95]","[150, 100]","[-89, 95]","[61, 95]","[211, 245]","[-239, 95]","[-89, 245]","[61, 245]","[-239, 245]","[-89, -205]","[61, -205]","[211, -205]","[100, 100]","[-89, -55]","[61, -55]","[211, -55]","[-239, -205]",1,8,"[100, 100]","[100, 100]",dots,11.png,00.png,00.png,07.png,00.png,00.png,14.png,m,"[100, 100]","[100, 100]","[100, 100]","[100, 100]","[100, 100]","[100, 100]","[100, 100]","[100, 100]","[100, 100]","[100, 100]","[100, 100]","[0, -375]",ok.png,"[100, 100]","[100, 100]",99,2,1,1,1,0,0,0,0,0,0,0,0.851811408997,0.851811408996582,0,-200,-200,-60,-60,1,1,0,0,0,0,0,0,0,0.516287624836,0.516287624835968,0,93,93,-429,-429,150
00.png,29.png,00.png,19.png,00.png,14.png,00.png,33.png,00.png,"[-223, -92]","[227, 58]","[150, 100]","[-73, 58]","[77, 58]","[227, 208]","[-223, 58]","[-73, 208]","[77, 208]","[-223, 208]","[-73, -242]","[77, -242]","[227, -242]","[100, 100]","[-73, -92]","[77, -92]","[227, -92]","[-223, -242]",1,8,"[100, 100]","[100, 100]",dots,23.png,00.png,dots2.png,00.png,31.png,13.png,00.png,m,"[100, 100]","[100, 100]","[100, 100]","[100, 100]","[100, 100]","[100, 100]","[100, 100]","[100, 100]","[100, 100]","[100, 100]","[100, 100]","[0, -375]",ok.png,"[100, 100]","[100, 100]",100,2,1,1,1,0,0,0,0,0,0,0,1.07829737663,1.07829737663269,0,-93,-93,-112,-112,1,1,0,0,0,0,0,0,0,0.510925233364,0.5109252333641052,0,-3,-3,-353,-353,296
dots1.png,01.png,02.png,03.png,04.png,05.png,06.png,tray1.png,00.png,"[-229, -90]","[221, 60]","[150, 100]","[-79, 60]","[71, 60]","[221, 210]","[-229, 60]","[-79, 210]","[71, 210]","[-229, 210]","[-79, -240]","[71, -240]","[221, -240]","[100, 100]","[-79, -90]","[71, -90]","[221, -90]","[-229, -240]",1,8,"[100, 100]","[100, 100]",both,00.png,00.png,00.png,00.png,00.png,00.png,00.png,m,"[100, 100]","[100, 100]","[100, 100]","[100, 100]","[100, 100]","[100, 100]","[100, 100]","[100, 100]","[100, 100]","[100, 100]","[100, 100]","[0, -375]",ok.png,"[100, 100]","[100, 100]",101,3,1,1,1,0,0,0,0,0,0,0,1.2619767189,1.261976718902588,0,211,211,24,24,1,1,0,0,0,0,0,0,0,0.546436846256,0.5464368462562561,0,-244,-244,229,229,92
08.png,dots1.png,09.png,00.png,10.png,11.png,tray1.png,13.png,00.png,"[-226, -89]","[224, 61]","[150, 100]","[-76, 61]","[74, 61]","[224, 211]","[-226, 61]","[-76, 211]","[74, 211]","[-226, 211]","[-76, -239]","[74, -239]","[224, -239]","[100, 100]","[-76, -89]","[74, -89]","[224, -89]","[-226, -239]",1,8,"[100, 100]","[100, 100]",both,00.png,00.png,14.png,00.png,00.png,00.png,00.png,m,"[100, 100]","[100, 100]","[100, 100]","[100, 100]","[100, 100]","[100, 100]","[100, 100]","[100, 100]","[100, 100]","[100, 100]","[100, 100]","[0, -375]",ok.png,"[100, 100]","[100, 100]",102,3,1,1,1,0,0,0,0,0,0,0,0.636087119579,0.6360871195793152,0,-83,-83,195,195,1,1,0,0,0,0,0,0,0,0.330127209425,0.3301272094249725,0,-60,-60,-299,-299,330
00.png,00.png,dots1.png,15.png,16.png,tray1.png,18.png,19.png,20.png,"[-202, -59]","[248, 91]","[150, 100]","[-52, 91]","[98, 91]","[248, 241]","[-202, 91]","[-52, 241]","[98, 241]","[-202, 241]","[-52, -209]","[98, -209]","[248, -209]","[100, 100]","[-52, -59]","[98, -59]","[248, -59]","[-202, -209]",1,8,"[100, 100]","[100, 100]",both,00.png,00.png,21.png,00.png,00.png,00.png,00.png,m,"[100, 100]","[100, 100]","[100, 100]","[100, 100]","[100, 100]","[100, 100]","[100, 100]","[100, 100]","[100, 100]","[100, 100]","[100, 100]","[0, -375]",ok.png,"[100, 100]","[100, 100]",103,3,1,1,1,0,0,0,0,0,0,0,0.962559521198,0.9625595211982728,0,10,10,249,249,1,1,0,0,0,0,0,0,0,0.347117215395,0.3471172153949738,0,-85,-85,-494,-494,258
22.png,23.png,24.png,dots1.png,00.png,00.png,25.png,26.png,00.png,"[-203, -73]","[247, 77]","[150, 100]","[-53, 77]","[97, 77]","[247, 227]","[-203, 77]","[-53, 227]","[97, 227]","[-203, 227]","[-53, -223]","[97, -223]","[247, -223]","[100, 100]","[-53, -73]","[97, -73]","[247, -73]","[-203, -223]",1,8,"[100, 100]","[100, 100]",both,28.png,00.png,00.png,tray1.png,00.png,00.png,00.png,m,"[100, 100]","[100, 100]","[100, 100]","[100, 100]","[100, 100]","[100, 100]","[100, 100]","[100, 100]","[100, 100]","[100, 100]","[100, 100]","[0, -375]",ok.png,"[100, 100]","[100, 100]",104,3,1,1,1,0,0,0,0,0,0,0,1.00948560238,1.009485602378845,0,86,86,-54,-54,1,1,0,0,0,0,0,0,0,0.514086425304,0.5140864253044128,0,274,274,268,268,133
00.png,00.png,00.png,00.png,dots1.png,29.png,30.png,31.png,32.png,"[-210, -55]","[240, 95]","[150, 100]","[-60, 95]","[90, 95]","[240, 245]","[-210, 95]","[-60, 245]","[90, 245]","[-210, 245]","[-60, -205]","[90, -205]","[240, -205]","[100, 100]","[-60, -55]","[90, -55]","[240, -55]","[-210, -205]",1,8,"[100, 100]","[100, 100]",both,tray1.png,00.png,33.png,34.png,00.png,00.png,00.png,m,"[100, 100]","[100, 100]","[100, 100]","[100, 100]","[100, 100]","[100, 100]","[100, 100]","[100, 100]","[100, 100]","[100, 100]","[100, 100]","[0, -375]",ok.png,"[100, 100]","[100, 100]",105,3,1,1,1,0,0,0,0,0,0,0,1.1052724123,1.10527241230011,0,217,217,-54,-54,1,1,0,0,0,0,0,0,0,0.451719462872,0.4517194628715515,0,-205,-205,108,108,110
01.png,tray1.png,00.png,00.png,04.png,dots1.png,00.png,00.png,06.png,"[-227, -63]","[223, 87]","[150, 100]","[-77, 87]","[73, 87]","[223, 237]","[-227, 87]","[-77, 237]","[73, 237]","[-227, 237]","[-77, -213]","[73, -213]","[223, -213]","[100, 100]","[-77, -63]","[73, -63]","[223, -63]","[-227, -213]",1,8,"[100, 100]","[100, 100]",both,00.png,17.png,15.png,00.png,00.png,23.png,00.png,m,"[100, 100]","[100, 100]","[100, 100]","[100, 100]","[100, 100]","[100, 100]","[100, 100]","[100, 100]","[100, 100]","[100, 100]","[100, 100]","[0, -375]",ok.png,"[100, 100]","[100, 100]",106,3,1,1,1,0,0,0,0,0,0,0,1.20102405548,1.201024055480957,0,-79,-79,81,81,1,1,0,0,0,0,0,0,0,0.292605638504,0.2926056385040283,0,-102,-102,222,222,280
00.png,00.png,00.png,00.png,07.png,03.png,dots1.png,25.png,00.png,"[-227, -73]","[223, 77]","[150, 100]","[-77, 77]","[73, 77]","[223, 227]","[-227, 77]","[-77, 227]","[73, 227]","[-227, 227]","[-77, -223]","[73, -223]","[223, -223]","[100, 100]","[-77, -73]","[73, -73]","[223, -73]","[-227, -223]",1,8,"[100, 100]","[100, 100]",both,00.png,06.png,00.png,00.png,14.png,tray1.png,09.png,m,"[100, 100]","[100, 100]","[100, 100]","[100, 100]","[100, 100]","[100, 100]","[100, 100]","[100, 100]","[100, 100]","[100, 100]","[100, 100]","[0, -375]",ok.png,"[100, 100]","[100, 100]",107,3,1,1,1,0,0,0,0,0,0,0,0.780256867409,0.7802568674087524,0,72,72,77,77,1,1,0,0,0,0,0,0,0,0.541648209095,0.5416482090950012,0,-67,-67,-234,-234,73
00.png,05.png,33.png,07.png,00.png,00.png,27.png,dots1.png,00.png,"[-228, -69]","[222, 81]","[150, 100]","[-78, 81]","[72, 81]","[222, 231]","[-228, 81]","[-78, 231]","[72, 231]","[-228, 231]","[-78, -219]","[72, -219]","[222, -219]","[100, 100]","[-78, -69]","[72, -69]","[222, -69]","[-228, -219]",1,8,"[100, 100]","[100, 100]",both,31.png,00.png,tray1.png,30.png,00.png,00.png,00.png,m,"[100, 100]","[100, 100]","[100, 100]","[100, 100]","[100, 100]","[100, 100]","[100, 100]","[100, 100]","[100, 100]","[100, 100]","[100, 100]","[0, -375]",ok.png,"[100, 100]","[100, 100]",108,3,1,1,1,0,0,0,0,0,0,0,0.858402013779,0.8584020137786865,0,88,88,84,84,1,1,0,0,0,0,0,0,0,0.579739451408,0.5797394514083862,0,184,184,89,89,331
00.png,00.png,00.png,00.png,00.png,00.png,00.png,00.png,dots1.png,"[-235, -94]","[215, 56]","[150, 100]","[-85, 56]","[65, 56]","[215, 206]","[-235, 56]","[-85, 206]","[65, 206]","[-235, 206]","[-85, -244]","[65, -244]","[215, -244]","[100, 100]","[-85, -94]","[65, -94]","[215, -94]","[-235, -244]",1,8,"[100, 100]","[100, 100]",both,tray1.png,21.png,29.png,23.png,33.png,25.png,31.png,m,"[100, 100]","[100, 100]","[100, 100]","[100, 100]","[100, 100]","[100, 100]","[100, 100]","[100, 100]","[100, 100]","[100, 100]","[100, 100]","[0, -375]",ok.png,"[100, 100]","[100, 100]",109,3,1,1,1,0,0,0,0,0,0,0,1.54450321198,1.544503211975098,0,240,240,-98,-98,1,1,0,0,0,0,0,0,0,0.682656049728,0.6826560497283936,0,-178,-178,-115,-115,373
00.png,00.png,00.png,00.png,14.png,tray1.png,18.png,20.png,22.png,"[-208, -70]","[242, 80]","[150, 100]","[-58, 80]","[92, 80]","[242, 230]","[-208, 80]","[-58, 230]","[92, 230]","[-208, 230]","[-58, -220]","[92, -220]","[242, -220]","[100, 100]","[-58, -70]","[92, -70]","[242, -70]","[-208, -220]",1,8,"[100, 100]","[100, 100]",both,26.png,00.png,dots1.png,24.png,00.png,00.png,00.png,m,"[100, 100]","[100, 100]","[100, 100]","[100, 100]","[100, 100]","[100, 100]","[100, 100]","[100, 100]","[100, 100]","[100, 100]","[100, 100]","[0, -375]",ok.png,"[100, 100]","[100, 100]",110,3,1,1,1,0,0,0,0,0,0,0,0.916891396046,0.9168913960456848,0,-65,-65,81,81,1,1,0,0,0,0,0,0,0,0.31229186058,0.3122918605804443,0,57,57,-336,-336,240
00.png,00.png,00.png,00.png,13.png,10.png,00.png,00.png,16.png,"[-235, -88]","[215, 62]","[150, 100]","[-85, 62]","[65, 62]","[215, 212]","[-235, 62]","[-85, 212]","[65, 212]","[-235, 212]","[-85, -238]","[65, -238]","[215, -238]","[100, 100]","[-85, -88]","[65, -88]","[215, -88]","[-235, -238]",1,8,"[100, 100]","[100, 100]",both,21.png,tray1.png,19.png,dots1.png,00.png,27.png,00.png,m,"[100, 100]","[100, 100]","[100, 100]","[100, 100]","[100, 100]","[100, 100]","[100, 100]","[100, 100]","[100, 100]","[100, 100]","[100, 100]","[0, -375]",ok.png,"[100, 100]","[100, 100]",111,3,1,1,1,0,0,0,0,0,0,0,0.933618247509,0.9336182475090028,0,60,60,-89,-89,1,1,0,0,0,0,0,0,0,1.03316020966,1.033160209655762,0,-217,-217,-249,-249,54
10.png,15.png,20.png,25.png,00.png,00.png,00.png,00.png,21.png,"[-210, -78]","[240, 72]","[150, 100]","[-60, 72]","[90, 72]","[240, 222]","[-210, 72]","[-60, 222]","[90, 222]","[-210, 222]","[-60, -228]","[90, -228]","[240, -228]","[100, 100]","[-60, -78]","[90, -78]","[240, -78]","[-210, -228]",1,8,"[100, 100]","[100, 100]",both,dots1.png,00.png,16.png,tray1.png,00.png,00.png,00.png,m,"[100, 100]","[100, 100]","[100, 100]","[100, 100]","[100, 100]","[100, 100]","[100, 100]","[100, 100]","[100, 100]","[100, 100]","[100, 100]","[0, -375]",ok.png,"[100, 100]","[100, 100]",112,3,1,1,1,0,0,0,0,0,0,0,0.827787101269,0.8277871012687683,0,105,105,-78,-78,1,1,0,0,0,0,0,0,0,0.311201870441,0.3112018704414368,0,54,54,-393,-393,269
00.png,00.png,00.png,00.png,00.png,00.png,00.png,00.png,tray1.png,"[-200, -65]","[250, 85]","[150, 100]","[-50, 85]","[100, 85]","[250, 235]","[-200, 85]","[-50, 235]","[100, 235]","[-200, 235]","[-50, -215]","[100, -215]","[250, -215]","[100, 100]","[-50, -65]","[100, -65]","[250, -65]","[-200, -215]",1,8,"[100, 100]","[100, 100]",both,08.png,dots1.png,01.png,07.png,04.png,05.png,02.png,m,"[100, 100]","[100, 100]","[100, 100]","[100, 100]","[100, 100]","[100, 100]","[100, 100]","[100, 100]","[100, 100]","[100, 100]","[100, 100]","[0, -375]",ok.png,"[100, 100]","[100, 100]",113,3,1,1,1,0,0,0,0,0,0,0,0.761780381203,0.7617803812026978,0,-168,-168,-59,-59,1,1,0,0,0,0,0,0,0,0.614072799683,0.6140727996826172,0,-175,-175,-247,-247,403
29.png,00.png,00.png,16.png,00.png,00.png,33.png,tray1.png,13.png,"[-214, -99]","[236, 51]","[150, 100]","[-64, 51]","[86, 51]","[236, 201]","[-214, 51]","[-64, 201]","[86, 201]","[-214, 201]","[-64, -249]","[86, -249]","[236, -249]","[100, 100]","[-64, -99]","[86, -99]","[236, -99]","[-214, -249]",1,8,"[100, 100]","[100, 100]",both,00.png,23.png,00.png,00.png,00.png,dots1.png,12.png,m,"[100, 100]","[100, 100]","[100, 100]","[100, 100]","[100, 100]","[100, 100]","[100, 100]","[100, 100]","[100, 100]","[100, 100]","[100, 100]","[0, -375]",ok.png,"[100, 100]","[100, 100]",114,3,1,1,1,0,0,0,0,0,0,0,2.16602897644,2.16602897644043,0,-58,-58,-247,-247,1,1,0,0,0,0,0,0,0,0.827852785587,0.8278527855873108,0,250,250,31,31,277
00.png,00.png,00.png,00.png,00.png,00.png,00.png,33.png,27.png,"[-250, -97]","[200, 53]","[150, 100]","[-100, 53]","[50, 53]","[200, 203]","[-250, 53]","[-100, 203]","[50, 203]","[-250, 203]","[-100, -247]","[50, -247]","[200, -247]","[100, 100]","[-100, -97]","[50, -97]","[200, -97]","[-250, -247]",1,8,"[100, 100]","[100, 100]",both,tray1.png,07.png,23.png,17.png,00.png,03.png,dots1.png,m,"[100, 100]","[100, 100]","[100, 100]","[100, 100]","[100, 100]","[100, 100]","[100, 100]","[100, 100]","[100, 100]","[100, 100]","[100, 100]","[0, -375]",ok.png,"[100, 100]","[100, 100]",115,3,1,1,1,0,0,0,0,0,0,0,1.27771663666,1.277716636657715,0,193,193,-94,-94,1,1,0,0,0,0,0,0,0,0.40392267704,0.4039226770401001,0,51,51,-251,-251,111
04.png,20.png,30.png,tray1.png,00.png,00.png,00.png,00.png,00.png,"[-200, -89]","[250, 61]","[150, 100]","[-50, 61]","[100, 61]","[250, 211]","[-200, 61]","[-50, 211]","[100, 211]","[-200, 211]","[-50, -239]","[100, -239]","[250, -239]","[100, 100]","[-50, -89]","[100, -89]","[250, -89]","[-200, -239]",1,8,"[100, 100]","[100, 100]",both,00.png,14.png,00.png,00.png,dots1.png,07.png,17.png,m,"[100, 100]","[100, 100]","[100, 100]","[100, 100]","[100, 100]","[100, 100]","[100, 100]","[100, 100]","[100, 100]","[100, 100]","[100, 100]","[0, -375]",ok.png,"[100, 100]","[100, 100]",116,3,1,1,1,0,0,0,0,0,0,0,0.840098619461,0.8400986194610596,0,250,250,-241,-241,1,1,0,0,0,0,0,0,0,0.540885269642,0.5408852696418762,0,249,249,209,209,152
00.png,19.png,29.png,00.png,00.png,tray1.png,32.png,00.png,00.png,"[-207, -67]","[243, 83]","[150, 100]","[-57, 83]","[93, 83]","[243, 233]","[-207, 83]","[-57, 233]","[93, 233]","[-207, 233]","[-57, -217]","[93, -217]","[243, -217]","[100, 100]","[-57, -67]","[93, -67]","[243, -67]","[-207, -217]",1,8,"[100, 100]","[100, 100]",both,00.png,00.png,22.png,16.png,00.png,04.png,dots1.png,m,"[100, 100]","[100, 100]","[100, 100]","[100, 100]","[100, 100]","[100, 100]","[100, 100]","[100, 100]","[100, 100]","[100, 100]","[100, 100]","[0, -375]",ok.png,"[100, 100]","[100, 100]",117,3,1,1,1,0,0,0,0,0,0,0,0.760810136795,0.760810136795044,0,95,95,-217,-217,1,1,0,0,0,0,0,0,0,0.295648097992,0.2956480979919434,0,70,70,-348,-348,250
00.png,00.png,00.png,05.png,21.png,00.png,00.png,00.png,00.png,"[-233, -72]","[217, 78]","[150, 100]","[-83, 78]","[67, 78]","[217, 228]","[-233, 78]","[-83, 228]","[67, 228]","[-233, 228]","[-83, -222]","[67, -222]","[217, -222]","[100, 100]","[-83, -72]","[67, -72]","[217, -72]","[-233, -222]",1,8,"[100, 100]","[100, 100]",both,25.png,03.png,tray1.png,28.png,00.png,dots1.png,08.png,m,"[100, 100]","[100, 100]","[100, 100]","[100, 100]","[100, 100]","[100, 100]","[100, 100]","[100, 100]","[100, 100]","[100, 100]","[100, 100]","[0, -375]",ok.png,"[100, 100]","[100, 100]",118,3,1,1,1,0,0,0,0,0,0,0,0.699631989002,0.6996319890022278,0,-72,-72,-46,-46,1,1,0,0,0,0,0,0,0,0.383951127529,0.3839511275291443,0,-50,-50,-189,-189,439
06.png,00.png,15.png,17.png,00.png,00.png,16.png,00.png,00.png,"[-221, -56]","[229, 94]","[150, 100]","[-71, 94]","[79, 94]","[229, 244]","[-221, 94]","[-71, 244]","[79, 244]","[-221, 244]","[-71, -206]","[79, -206]","[229, -206]","[100, 100]","[-71, -56]","[79, -56]","[229, -56]","[-221, -206]",1,8,"[100, 100]","[100, 100]",both,23.png,dots1.png,tray1.png,00.png,00.png,00.png,07.png,m,"[100, 100]","[100, 100]","[100, 100]","[100, 100]","[100, 100]","[100, 100]","[100, 100]","[100, 100]","[100, 100]","[100, 100]","[100, 100]","[0, -375]",ok.png,"[100, 100]","[100, 100]",119,3,1,1,1,0,0,0,0,0,0,0,1.52096879482,1.520968794822693,0,-237,-237,-192,-192,1,1,0,0,0,0,0,0,0,0.404992818832,0.4049928188323975,0,-51,-51,-38,-38,324
00.png,11.png,00.png,00.png,12.png,00.png,00.png,tray1.png,00.png,"[-226, -74]","[224, 76]","[150, 100]","[-76, 76]","[74, 76]","[224, 226]","[-226, 76]","[-76, 226]","[74, 226]","[-226, 226]","[-76, -224]","[74, -224]","[224, -224]","[100, 100]","[-76, -74]","[74, -74]","[224, -74]","[-226, -224]",1,8,"[100, 100]","[100, 100]",both,dots1.png,31.png,30.png,08.png,00.png,00.png,32.png,m,"[100, 100]","[100, 100]","[100, 100]","[100, 100]","[100, 100]","[100, 100]","[100, 100]","[100, 100]","[100, 100]","[100, 100]","[100, 100]","[0, -375]",ok.png,"[100, 100]","[100, 100]",120,3,1,1,1,0,0,0,0,0,0,0,0.884759902954,0.8847599029541016,0,238,238,-65,-65,1,1,0,0,0,0,0,0,0,0.744752049446,0.744752049446106,0,218,218,94,94,262
00.png,00.png,00.png,00.png,00.png,00.png,24.png,27.png,07.png,"[-226, -89]","[224, 61]","[150, 100]","[-76, 61]","[74, 61]","[224, 211]","[-226, 61]","[-76, 211]","[74, 211]","[-226, 211]","[-76, -239]","[74, -239]","[224, -239]","[100, 100]","[-76, -89]","[74, -89]","[224, -89]","[-226, -239]",1,8,"[100, 100]","[100, 100]",both,10.png,13.png,09.png,dots1.png,00.png,16.png,00.png,m,"[100, 100]","[100, 100]","[100, 100]","[100, 100]","[100, 100]","[100, 100]","[100, 100]","[100, 100]","[100, 100]","[100, 100]","[100, 100]","[0, -375]",ok.png,"[100, 100]","[100, 100]",121,3,1,1,1,0,0,0,0,0,0,0,0.808153271675,0.8081532716751099,0,69,69,-89,-89,1,1,0,0,0,0,0,0,0,0.358811169863,0.3588111698627472,0,47,47,-416,-416,342
00.png,00.png,25.png,00.png,tray1.png,00.png,05.png,00.png,01.png,"[-206, -94]","[244, 56]","[150, 100]","[-56, 56]","[94, 56]","[244, 206]","[-206, 56]","[-56, 206]","[94, 206]","[-206, 206]","[-56, -244]","[94, -244]","[244, -244]","[100, 100]","[-56, -94]","[94, -94]","[244, -94]","[-206, -244]",1,8,"[100, 100]","[100, 100]",both,10.png,00.png,dots1.png,00.png,30.png,20.png,00.png,m,"[100, 100]","[100, 100]","[100, 100]","[100, 100]","[100, 100]","[100, 100]","[100, 100]","[100, 100]","[100, 100]","[100, 100]","[100, 100]","[0, -375]",ok.png,"[100, 100]","[100, 100]",122,3,1,1,1,0,0,0,0,0,0,0,0.709830224514,0.7098302245140076,0,-39,-39,-87,-87,1,1,0,0,0,0,0,0,0,0.331150144339,0.3311501443386078,0,-154,-154,50,50,112
00.png,00.png,00.png,18.png,00.png,14.png,00.png,09.png,dots1.png,"[-219, -79]","[231, 71]","[150, 100]","[-69, 71]","[81, 71]","[231, 221]","[-219, 71]","[-69, 221]","[81, 221]","[-219, 221]","[-69, -229]","[81, -229]","[231, -229]","[100, 100]","[-69, -79]","[81, -79]","[231, -79]","[-219, -229]",1,8,"[100, 100]","[100, 100]",both,00.png,26.png,02.png,04.png,00.png,tray1.png,00.png,m,"[100, 100]","[100, 100]","[100, 100]","[100, 100]","[100, 100]","[100, 100]","[100, 100]","[100, 100]","[100, 100]","[100, 100]","[100, 100]","[0, -375]",ok.png,"[100, 100]","[100, 100]",123,3,1,1,1,0,0,0,0,0,0,0,1.78224563599,1.782245635986328,0,-87,-87,-227,-227,1,1,0,0,0,0,0,0,0,0.854226112366,0.8542261123657227,0,-212,-212,-45,-45,9
00.png,tray1.png,00.png,00.png,11.png,07.png,00.png,dots1.png,18.png,"[-237, -75]","[213, 75]","[150, 100]","[-87, 75]","[63, 75]","[213, 225]","[-237, 75]","[-87, 225]","[63, 225]","[-237, 225]","[-87, -225]","[63, -225]","[213, -225]","[100, 100]","[-87, -75]","[63, -75]","[213, -75]","[-237, -225]",1,8,"[100, 100]","[100, 100]",both,30.png,09.png,00.png,00.png,19.png,00.png,00.png,m,"[100, 100]","[100, 100]","[100, 100]","[100, 100]","[100, 100]","[100, 100]","[100, 100]","[100, 100]","[100, 100]","[100, 100]","[100, 100]","[0, -375]",ok.png,"[100, 100]","[100, 100]",124,3,1,1,1,0,0,0,0,0,0,0,1.79797172546,1.797971725463867,0,271,271,67,67,1,1,0,0,0,0,0,0,0,0.292527288198,0.2925272881984711,0,-36,-36,227,227,394
tray1.png,00.png,13.png,00.png,23.png,00.png,dots1.png,00.png,33.png,"[-225, -59]","[225, 91]","[150, 100]","[-75, 91]","[75, 91]","[225, 241]","[-225, 91]","[-75, 241]","[75, 241]","[-225, 241]","[-75, -209]","[75, -209]","[225, -209]","[100, 100]","[-75, -59]","[75, -59]","[225, -59]","[-225, -209]",1,8,"[100, 100]","[100, 100]",both,00.png,19.png,00.png,14.png,00.png,00.png,29.png,m,"[100, 100]","[100, 100]","[100, 100]","[100, 100]","[100, 100]","[100, 100]","[100, 100]","[100, 100]","[100, 100]","[100, 100]","[100, 100]","[0, -375]",ok.png,"[100, 100]","[100, 100]",125,3,1,1,1,0,0,0,0,0,0,0,1.44548296928,1.445482969284058,0,67,67,111,111,1,1,0,0,0,0,0,0,0,0.483828365803,0.4838283658027649,0,-253,-253,212,212,286
00.png,00.png,00.png,00.png,00.png,00.png,00.png,00.png,07.png,"[-200, -98]","[250, 52]","[150, 100]","[-50, 52]","[100, 52]","[250, 202]","[-200, 52]","[-50, 202]","[100, 202]","[-200, 202]","[-50, -248]","[100, -248]","[250, -248]","[100, 100]","[-50, -98]","[100, -98]","[250, -98]","[-200, -248]",1,8,"[100, 100]","[100, 100]",both,04.png,03.png,06.png,tray2.png,dots2.png,02.png,01.png,m,"[100, 100]","[100, 100]","[100, 100]","[100, 100]","[100, 100]","[100, 100]","[100, 100]","[100, 100]","[100, 100]","[100, 100]","[100, 100]","[0, -375]",ok.png,"[100, 100]","[100, 100]",126,3,1,1,1,0,0,0,0,0,0,0,0.841010034084,0.8410100340843201,0,101,101,-111,-111,1,1,0,0,0,0,0,0,0,0.432866632938,0.432866632938385,0,259,259,-254,-254,113
00.png,00.png,00.png,00.png,00.png,00.png,14.png,00.png,13.png,"[-245, -60]","[205, 90]","[150, 100]","[-95, 90]","[55, 90]","[205, 240]","[-245, 90]","[-95, 240]","[55, 240]","[-245, 240]","[-95, -210]","[55, -210]","[205, -210]","[100, 100]","[-95, -60]","[55, -60]","[205, -60]","[-245, -210]",1,8,"[100, 100]","[100, 100]",both,10.png,00.png,tray2.png,11.png,08.png,09.png,dots2.png,m,"[100, 100]","[100, 100]","[100, 100]","[100, 100]","[100, 100]","[100, 100]","[100, 100]","[100, 100]","[100, 100]","[100, 100]","[100, 100]","[0, -375]",ok.png,"[100, 100]","[100, 100]",127,3,1,1,1,0,0,0,0,0,0,0,0.758842587471,0.7588425874710083,0,-108,-108,-55,-55,1,1,0,0,0,0,0,0,0,0.42264854908,0.422648549079895,0,70,70,-217,-217,96
00.png,00.png,00.png,00.png,00.png,00.png,21.png,tray2.png,19.png,"[-202, -75]","[248, 75]","[150, 100]","[-52, 75]","[98, 75]","[248, 225]","[-202, 75]","[-52, 225]","[98, 225]","[-202, 225]","[-52, -225]","[98, -225]","[248, -225]","[100, 100]","[-52, -75]","[98, -75]","[248, -75]","[-202, -225]",1,8,"[100, 100]","[100, 100]",both,16.png,15.png,18.png,17.png,00.png,dots2.png,00.png,m,"[100, 100]","[100, 100]","[100, 100]","[100, 100]","[100, 100]","[100, 100]","[100, 100]","[100, 100]","[100, 100]","[100, 100]","[100, 100]","[0, -375]",ok.png,"[100, 100]","[100, 100]",128,3,1,1,1,0,0,0,0,0,0,0,1.1493781805,1.149378180503845,0,-40,-40,-251,-251,1,1,0,0,0,0,0,0,0,0.779765248299,0.779765248298645,0,244,244,127,127,144
00.png,00.png,00.png,00.png,00.png,00.png,31.png,27.png,26.png,"[-211, -80]","[239, 70]","[150, 100]","[-61, 70]","[89, 70]","[239, 220]","[-211, 70]","[-61, 220]","[89, 220]","[-211, 220]","[-61, -230]","[89, -230]","[239, -230]","[100, 100]","[-61, -80]","[89, -80]","[239, -80]","[-211, -230]",1,8,"[100, 100]","[100, 100]",both,00.png,dots2.png,28.png,00.png,tray2.png,24.png,23.png,m,"[100, 100]","[100, 100]","[100, 100]","[100, 100]","[100, 100]","[100, 100]","[100, 100]","[100, 100]","[100, 100]","[100, 100]","[100, 100]","[0, -375]",ok.png,"[100, 100]","[100, 100]",129,3,1,1,1,0,0,0,0,0,0,0,1.72985172272,1.729851722717285,0,265,265,-248,-248,1,1,0,0,0,0,0,0,0,0.701499998569,0.7014999985694885,0,-222,-222,-234,-234,123
00.png,00.png,00.png,00.png,01.png,34.png,33.png,32.png,tray2.png,"[-216, -90]","[234, 60]","[150, 100]","[-66, 60]","[84, 60]","[234, 210]","[-216, 60]","[-66, 210]","[84, 210]","[-216, 210]","[-66, -240]","[84, -240]","[234, -240]","[100, 100]","[-66, -90]","[84, -90]","[234, -90]","[-216, -240]",1,8,"[100, 100]","[100, 100]",both,dots2.png,00.png,30.png,29.png,00.png,00.png,00.png,m,"[100, 100]","[100, 100]","[100, 100]","[100, 100]","[100, 100]","[100, 100]","[100, 100]","[100, 100]","[100, 100]","[100, 100]","[100, 100]","[0, -375]",ok.png,"[100, 100]","[100, 100]",130,3,1,1,1,0,0,0,0,0,0,0,0.791172862053,0.7911728620529175,0,-205,-205,-87,-87,1,1,0,0,0,0,0,0,0,0.496387213469,0.4963872134685516,0,256,256,-74,-74,26
00.png,00.png,23.png,17.png,00.png,00.png,15.png,06.png,00.png,"[-250, -96]","[200, 54]","[150, 100]","[-100, 54]","[50, 54]","[200, 204]","[-250, 54]","[-100, 204]","[50, 204]","[-250, 204]","[-100, -246]","[50, -246]","[200, -246]","[100, 100]","[-100, -96]","[50, -96]","[200, -96]","[-250, -246]",1,8,"[100, 100]","[100, 100]",both,04.png,00.png,00.png,dots2.png,01.png,00.png,tray2.png,m,"[100, 100]","[100, 100]","[100, 100]","[100, 100]","[100, 100]","[100, 100]","[100, 100]","[100, 100]","[100, 100]","[100, 100]","[100, 100]","[0, -375]",ok.png,"[100, 100]","[100, 100]",131,3,1,1,1,0,0,0,0,0,0,0,0.830768704414,0.8307687044143677,0,62,62,-126,-126,1,1,0,0,0,0,0,0,0,0.35733833909,0.3573383390903473,0,38,38,-247,-247,35
14.png,09.png,22.png,tray2.png,00.png,00.png,00.png,00.png,25.png,"[-231, -54]","[219, 96]","[150, 100]","[-81, 96]","[69, 96]","[219, 246]","[-231, 96]","[-81, 246]","[69, 246]","[-231, 246]","[-81, -204]","[69, -204]","[219, -204]","[100, 100]","[-81, -54]","[69, -54]","[219, -54]","[-231, -204]",1,8,"[100, 100]","[100, 100]",both,07.png,00.png,dots2.png,03.png,00.png,00.png,00.png,m,"[100, 100]","[100, 100]","[100, 100]","[100, 100]","[100, 100]","[100, 100]","[100, 100]","[100, 100]","[100, 100]","[100, 100]","[100, 100]","[0, -375]",ok.png,"[100, 100]","[100, 100]",132,3,1,1,1,0,0,0,0,0,0,0,0.700687110424,0.7006871104240417,0,-61,-61,-59,-59,1,1,0,0,0,0,0,0,0,0.51304090023,0.5130409002304077,0,256,256,274,274,122
00.png,00.png,00.png,00.png,31.png,30.png,17.png,00.png,dots2.png,"[-241, -92]","[209, 58]","[150, 100]","[-91, 58]","[59, 58]","[209, 208]","[-241, 58]","[-91, 208]","[59, 208]","[-241, 208]","[-91, -242]","[59, -242]","[209, -242]","[100, 100]","[-91, -92]","[59, -92]","[209, -92]","[-241, -242]",1,8,"[100, 100]","[100, 100]",both,00.png,07.png,tray2.png,00.png,00.png,33.png,05.png,m,"[100, 100]","[100, 100]","[100, 100]","[100, 100]","[100, 100]","[100, 100]","[100, 100]","[100, 100]","[100, 100]","[100, 100]","[100, 100]","[0, -375]",ok.png,"[100, 100]","[100, 100]",133,3,1,1,1,0,0,0,0,0,0,0,0.937407255173,0.9374072551727296,0,-116,-116,-98,-98,1,1,0,0,0,0,0,0,0,0.249782577157,0.2497825771570206,0,-270,-270,-98,-98,276
33.png,31.png,tray2.png,21.png,27.png,23.png,29.png,dots2.png,00.png,"[-211, -100]","[239, 50]","[150, 100]","[-61, 50]","[89, 50]","[239, 200]","[-211, 50]","[-61, 200]","[89, 200]","[-211, 200]","[-61, -250]","[89, -250]","[239, -250]","[100, 100]","[-61, -100]","[89, -100]","[239, -100]","[-211, -250]",1,8,"[100, 100]","[100, 100]",both,00.png,00.png,00.png,00.png,00.png,00.png,00.png,m,"[100, 100]","[100, 100]","[100, 100]","[100, 100]","[100, 100]","[100, 100]","[100, 100]","[100, 100]","[100, 100]","[100, 100]","[100, 100]","[0, -375]",ok.png,"[100, 100]","[100, 100]",134,3,1,1,1,0,0,0,0,0,0,0,1.47847795486,1.478477954864502,0,82,82,226,226,1,1,0,0,0,0,0,0,0,0.502748906612,0.5027489066123962,0,1,1,-372,-372,170
00.png,00.png,00.png,00.png,26.png,24.png,dots2.png,22.png,20.png,"[-218, -74]","[232, 76]","[150, 100]","[-68, 76]","[82, 76]","[232, 226]","[-218, 76]","[-68, 226]","[82, 226]","[-218, 226]","[-68, -224]","[82, -224]","[232, -224]","[100, 100]","[-68, -74]","[82, -74]","[232, -74]","[-218, -224]",1,8,"[100, 100]","[100, 100]",both,tray2.png,00.png,18.png,16.png,00.png,00.png,00.png,m,"[100, 100]","[100, 100]","[100, 100]","[100, 100]","[100, 100]","[100, 100]","[100, 100]","[100, 100]","[100, 100]","[100, 100]","[100, 100]","[0, -375]",ok.png,"[100, 100]","[100, 100]",135,3,1,1,1,0,0,0,0,0,0,0,0.92450350523,0.92450350522995,0,109,109,92,92,1,1,0,0,0,0,0,0,0,0.524334967136,0.5243349671363831,0,73,73,-378,-378,153
00.png,00.png,27.png,24.png,21.png,dots2.png,19.png,16.png,00.png,"[-248, -87]","[202, 63]","[150, 100]","[-98, 63]","[52, 63]","[202, 213]","[-248, 63]","[-98, 213]","[52, 213]","[-248, 213]","[-98, -237]","[52, -237]","[202, -237]","[100, 100]","[-98, -87]","[52, -87]","[202, -87]","[-248, -237]",1,8,"[100, 100]","[100, 100]",both,13.png,00.png,00.png,tray2.png,00.png,00.png,00.png,m,"[100, 100]","[100, 100]","[100, 100]","[100, 100]","[100, 100]","[100, 100]","[100, 100]","[100, 100]","[100, 100]","[100, 100]","[100, 100]","[0, -375]",ok.png,"[100, 100]","[100, 100]",136,3,1,1,1,0,0,0,0,0,0,0,2.12229943275,2.122299432754517,0,48,48,-109,-109,1,1,0,0,0,0,0,0,0,0.575471162796,0.5754711627960205,0,-82,-82,84,84,34
00.png,00.png,00.png,00.png,dots2.png,11.png,16.png,21.png,00.png,"[-226, -50]","[224, 100]","[150, 100]","[-76, 100]","[74, 100]","[224, 250]","[-226, 100]","[-76, 250]","[74, 250]","[-226, 250]","[-76, -200]","[74, -200]","[224, -200]","[100, 100]","[-76, -50]","[74, -50]","[224, -50]","[-226, -200]",1,8,"[100, 100]","[100, 100]",both,00.png,tray2.png,00.png,00.png,10.png,20.png,15.png,m,"[100, 100]","[100, 100]","[100, 100]","[100, 100]","[100, 100]","[100, 100]","[100, 100]","[100, 100]","[100, 100]","[100, 100]","[100, 100]","[0, -375]",ok.png,"[100, 100]","[100, 100]",137,3,1,1,1,0,0,0,0,0,0,0,0.933664143085,0.9336641430854796,0,-216,-216,118,118,1,1,0,0,0,0,0,0,0,0.450846016407,0.4508460164070129,0,-205,-205,-217,-217,81
tray2.png,02.png,05.png,dots2.png,08.png,07.png,01.png,03.png,00.png,"[-203, -53]","[247, 97]","[150, 100]","[-53, 97]","[97, 97]","[247, 247]","[-203, 97]","[-53, 247]","[97, 247]","[-203, 247]","[-53, -203]","[97, -203]","[247, -203]","[100, 100]","[-53, -53]","[97, -53]","[247, -53]","[-203, -203]",1,8,"[100, 100]","[100, 100]",both,00.png,00.png,00.png,00.png,00.png,00.png,00.png,m,"[100, 100]","[100, 100]","[100, 100]","[100, 100]","[100, 100]","[100, 100]","[100, 100]","[100, 100]","[100, 100]","[100, 100]","[100, 100]","[0, -375]",ok.png,"[100, 100]","[100, 100]",138,3,1,1,1,0,0,0,0,0,0,0,0.811939835548,0.8119398355484009,0,-190,-190,268,268,1,1,0,0,0,0,0,0,0,0.495251715183,0.4952517151832581,0,289,289,268,268,41
00.png,12.png,dots2.png,23.png,00.png,00.png,00.png,tray2.png,08.png,"[-232, -96]","[218, 54]","[150, 100]","[-82, 54]","[68, 54]","[218, 204]","[-232, 54]","[-82, 204]","[68, 204]","[-232, 204]","[-82, -246]","[68, -246]","[218, -246]","[100, 100]","[-82, -96]","[68, -96]","[218, -96]","[-232, -246]",1,8,"[100, 100]","[100, 100]",both,00.png,16.png,33.png,00.png,29.png,00.png,00.png,m,"[100, 100]","[100, 100]","[100, 100]","[100, 100]","[100, 100]","[100, 100]","[100, 100]","[100, 100]","[100, 100]","[100, 100]","[100, 100]","[0, -375]",ok.png,"[100, 100]","[100, 100]",139,3,1,1,1,0,0,0,0,0,0,0,0.756852805614,0.7568528056144714,0,222,222,80,80,1,1,0,0,0,0,0,0,0,0.422455281019,0.4224552810192108,0,57,57,181,181,157
00.png,dots2.png,03.png,07.png,13.png,17.png,tray2.png,27.png,33.png,"[-244, -60]","[206, 90]","[150, 100]","[-94, 90]","[56, 90]","[206, 240]","[-244, 90]","[-94, 240]","[56, 240]","[-244, 240]","[-94, -210]","[56, -210]","[206, -210]","[100, 100]","[-94, -60]","[56, -60]","[206, -60]","[-244, -210]",1,8,"[100, 100]","[100, 100]",both,00.png,00.png,00.png,00.png,00.png,00.png,00.png,m,"[100, 100]","[100, 100]","[100, 100]","[100, 100]","[100, 100]","[100, 100]","[100, 100]","[100, 100]","[100, 100]","[100, 100]","[100, 100]","[0, -375]",ok.png,"[100, 100]","[100, 100]",140,3,1,1,1,0,0,0,0,0,0,0,0.859384894371,0.8593848943710327,0,57,57,76,76,1,1,0,0,0,0,0,0,0,0.308689683676,0.308689683675766,0,-139,-139,267,267,434
dots2.png,17.png,07.png,14.png,00.png,00.png,00.png,00.png,00.png,"[-231, -89]","[219, 61]","[150, 100]","[-81, 61]","[69, 61]","[219, 211]","[-231, 61]","[-81, 211]","[69, 211]","[-231, 211]","[-81, -239]","[69, -239]","[219, -239]","[100, 100]","[-81, -89]","[69, -89]","[219, -89]","[-231, -239]",1,8,"[100, 100]","[100, 100]",both,00.png,02.png,00.png,00.png,04.png,tray2.png,20.png,m,"[100, 100]","[100, 100]","[100, 100]","[100, 100]","[100, 100]","[100, 100]","[100, 100]","[100, 100]","[100, 100]","[100, 100]","[100, 100]","[0, -375]",ok.png,"[100, 100]","[100, 100]",141,3,1,1,1,0,0,0,0,0,0,0,1.01460540295,1.014605402946472,0,-223,-223,213,213,1,1,0,0,0,0,0,0,0,0.935492753983,0.935492753982544,0,-30,-30,-359,-359,253
00.png,dots2.png,04.png,00.png,00.png,16.png,22.png,00.png,00.png,"[-218, -89]","[232, 61]","[150, 100]","[-68, 61]","[82, 61]","[232, 211]","[-218, 61]","[-68, 211]","[82, 211]","[-218, 211]","[-68, -239]","[82, -239]","[232, -239]","[100, 100]","[-68, -89]","[82, -89]","[232, -89]","[-218, -239]",1,8,"[100, 100]","[100, 100]",both,00.png,00.png,32.png,tray2.png,00.png,29.png,19.png,m,"[100, 100]","[100, 100]","[100, 100]","[100, 100]","[100, 100]","[100, 100]","[100, 100]","[100, 100]","[100, 100]","[100, 100]","[100, 100]","[0, -375]",ok.png,"[100, 100]","[100, 100]",142,3,1,1,1,0,0,0,0,0,0,0,1.09570479393,1.095704793930054,0,46,46,-73,-73,1,1,0,0,0,0,0,0,0,0.77534776926,0.7753477692604065,0,-99,-99,245,245,327
00.png,08.png,dots2.png,03.png,25.png,tray2.png,27.png,00.png,00.png,"[-205, -100]","[245, 50]","[150, 100]","[-55, 50]","[95, 50]","[245, 200]","[-205, 50]","[-55, 200]","[95, 200]","[-205, 200]","[-55, -250]","[95, -250]","[245, -250]","[100, 100]","[-55, -100]","[95, -100]","[245, -100]","[-205, -250]",1,8,"[100, 100]","[100, 100]",both,21.png,05.png,00.png,00.png,00.png,00.png,00.png,m,"[100, 100]","[100, 100]","[100, 100]","[100, 100]","[100, 100]","[100, 100]","[100, 100]","[100, 100]","[100, 100]","[100, 100]","[100, 100]","[0, -375]",ok.png,"[100, 100]","[100, 100]",143,3,1,1,1,0,0,0,0,0,0,0,0.843077123165,0.8430771231651306,0,-34,-34,42,42,1,1,0,0,0,0,0,0,0,0.307296931744,0.3072969317436218,0,40,40,212,212,449
00.png,07.png,00.png,dots2.png,23.png,00.png,09.png,00.png,00.png,"[-215, -65]","[235, 85]","[150, 100]","[-65, 85]","[85, 85]","[235, 235]","[-215, 85]","[-65, 235]","[85, 235]","[-215, 235]","[-65, -215]","[85, -215]","[235, -215]","[100, 100]","[-65, -65]","[85, -65]","[235, -65]","[-215, -215]",1,8,"[100, 100]","[100, 100]",both,00.png,tray2.png,16.png,00.png,06.png,15.png,00.png,m,"[100, 100]","[100, 100]","[100, 100]","[100, 100]","[100, 100]","[100, 100]","[100, 100]","[100, 100]","[100, 100]","[100, 100]","[100, 100]","[0, -375]",ok.png,"[100, 100]","[100, 100]",144,3,1,1,1,0,0,0,0,0,0,0,1.15102922916,1.151029229164124,0,270,270,233,233,1,1,0,0,0,0,0,0,0,1.01331222057,1.013312220573425,0,-201,-201,-218,-218,353
00.png,tray2.png,00.png,31.png,dots2.png,08.png,30.png,00.png,34.png,"[-217, -83]","[233, 67]","[150, 100]","[-67, 67]","[83, 67]","[233, 217]","[-217, 67]","[-67, 217]","[83, 217]","[-217, 217]","[-67, -233]","[83, -233]","[233, -233]","[100, 100]","[-67, -83]","[83, -83]","[233, -83]","[-217, -233]",1,8,"[100, 100]","[100, 100]",both,12.png,00.png,00.png,00.png,00.png,00.png,11.png,m,"[100, 100]","[100, 100]","[100, 100]","[100, 100]","[100, 100]","[100, 100]","[100, 100]","[100, 100]","[100, 100]","[100, 100]","[100, 100]","[0, -375]",ok.png,"[100, 100]","[100, 100]",145,3,1,1,1,0,0,0,0,0,0,0,0.718249440193,0.7182494401931763,0,-180,-180,70,70,1,1,0,0,0,0,0,0,0,0.402952760458,0.4029527604579926,0,-46,-46,-387,-387,411
00.png,00.png,16.png,tray2.png,10.png,dots2.png,09.png,07.png,27.png,"[-215, -71]","[235, 79]","[150, 100]","[-65, 79]","[85, 79]","[235, 229]","[-215, 79]","[-65, 229]","[85, 229]","[-215, 229]","[-65, -221]","[85, -221]","[235, -221]","[100, 100]","[-65, -71]","[85, -71]","[235, -71]","[-215, -221]",1,8,"[100, 100]","[100, 100]",both,00.png,00.png,24.png,00.png,00.png,00.png,00.png,m,"[100, 100]","[100, 100]","[100, 100]","[100, 100]","[100, 100]","[100, 100]","[100, 100]","[100, 100]","[100, 100]","[100, 100]","[100, 100]","[0, -375]",ok.png,"[100, 100]","[100, 100]",146,3,1,1,1,0,0,0,0,0,0,0,0.875526070595,0.8755260705947876,0,-117,-117,78,78,1,1,0,0,0,0,0,0,0,0.904082417488,0.904082417488098,0,271,271,263,263,270
30.png,00.png,20.png,00.png,10.png,00.png,dots2.png,01.png,00.png,"[-205, -60]","[245, 90]","[150, 100]","[-55, 90]","[95, 90]","[245, 240]","[-205, 90]","[-55, 240]","[95, 240]","[-205, 240]","[-55, -210]","[95, -210]","[245, -210]","[100, 100]","[-55, -60]","[95, -60]","[245, -60]","[-205, -210]",1,8,"[100, 100]","[100, 100]",both,33.png,00.png,tray2.png,00.png,00.png,25.png,00.png,m,"[100, 100]","[100, 100]","[100, 100]","[100, 100]","[100, 100]","[100, 100]","[100, 100]","[100, 100]","[100, 100]","[100, 100]","[100, 100]","[0, -375]",ok.png,"[100, 100]","[100, 100]",147,3,1,1,1,0,0,0,0,0,0,0,1.72009694576,1.720096945762634,0,122,122,100,100,1,1,0,0,0,0,0,0,0,0.374665677547,0.3746656775474548,0,-58,-58,-71,-71,235
00.png,00.png,24.png,26.png,00.png,04.png,02.png,dots2.png,09.png,"[-229, -80]","[221, 70]","[150, 100]","[-79, 70]","[71, 70]","[221, 220]","[-229, 70]","[-79, 220]","[71, 220]","[-229, 220]","[-79, -230]","[71, -230]","[221, -230]","[100, 100]","[-79, -80]","[71, -80]","[221, -80]","[-229, -230]",1,8,"[100, 100]","[100, 100]",both,00.png,18.png,00.png,tray2.png,00.png,00.png,00.png,m,"[100, 100]","[100, 100]","[100, 100]","[100, 100]","[100, 100]","[100, 100]","[100, 100]","[100, 100]","[100, 100]","[100, 100]","[100, 100]","[0, -375]",ok.png,"[100, 100]","[100, 100]",148,3,1,1,1,0,0,0,0,0,0,0,0.811106443405,0.8111064434051514,0,89,89,-80,-80,1,1,0,0,0,0,0,0,0,0.543025612831,0.5430256128311157,0,190,190,55,55,279
tray2.png,00.png,00.png,09.png,30.png,00.png,00.png,18.png,dots2.png,"[-250, -89]","[200, 61]","[150, 100]","[-100, 61]","[50, 61]","[200, 211]","[-250, 61]","[-100, 211]","[50, 211]","[-250, 211]","[-100, -239]","[50, -239]","[200, -239]","[100, 100]","[-100, -89]","[50, -89]","[200, -89]","[-250, -239]",1,8,"[100, 100]","[100, 100]",both,11.png,00.png,00.png,07.png,00.png,00.png,14.png,m,"[100, 100]","[100, 100]","[100, 100]","[100, 100]","[100, 100]","[100, 100]","[100, 100]","[100, 100]","[100, 100]","[100, 100]","[100, 100]","[0, -375]",ok.png,"[100, 100]","[100, 100]",149,3,1,1,1,0,0,0,0,0,0,0,0.812396228313,0.812396228313446,0,-281,-281,249,249,1,1,0,0,0,0,0,0,0,0.483517378569,0.4835173785686493,0,-21,-21,-376,-376,383
00.png,29.png,00.png,19.png,00.png,14.png,00.png,33.png,00.png,"[-235, -63]","[215, 87]","[150, 100]","[-85, 87]","[65, 87]","[215, 237]","[-235, 87]","[-85, 237]","[65, 237]","[-235, 237]","[-85, -213]","[65, -213]","[215, -213]","[100, 100]","[-85, -63]","[65, -63]","[215, -63]","[-235, -213]",1,8,"[100, 100]","[100, 100]",both,23.png,00.png,dots2.png,00.png,31.png,tray2.png,00.png,m,"[100, 100]","[100, 100]","[100, 100]","[100, 100]","[100, 100]","[100, 100]","[100, 100]","[100, 100]","[100, 100]","[100, 100]","[100, 100]","[0, -375]",ok.png,"[100, 100]","[100, 100]",150,3,1,1,1,0,0,0,0,0,0,0,1.10394775867,1.103947758674622,0,-32,-32,-63,-63,1,1,0,0,0,0,0,0,0,0.38939628005,0.3893962800502777,0,-55,-55,-135,-135,302
tray1.png,01.png,02.png,03.png,04.png,05.png,06.png,07.png,08.png,"[-202, -79]","[248, 71]","[150, 100]","[-52, 71]","[98, 71]","[248, 221]","[-202, 71]","[-52, 221]","[98, 221]","[-202, 221]","[-52, -229]","[98, -229]","[248, -229]","[100, 100]","[-52, -79]","[98, -79]","[248, -79]","[-202, -229]",1,12,"[100, 100]","[100, 100]",tray,11.png,00.png,09.png,10.png,00.png,00.png,00.png,m,"[100, 100]","[100, 100]","[100, 100]","[100, 100]","[100, 100]","[100, 100]","[100, 100]","[100, 100]","[100, 100]","[100, 100]","[100, 100]","[0, -375]",ok.png,"[100, 100]","[100, 100]",151,1,1,1,1,0,0,0,0,0,0,0,1.00975108147,1.009751081466675,0,-175,-175,233,233,1,1,0,0,0,0,0,0,0,0.344375789165,0.3443757891654968,0,68,68,-386,-386,428
08.png,tray1.png,09.png,00.png,10.png,11.png,12.png,13.png,00.png,"[-250, -78]","[200, 72]","[150, 100]","[-100, 72]","[50, 72]","[200, 222]","[-250, 72]","[-100, 222]","[50, 222]","[-250, 222]","[-100, -228]","[50, -228]","[200, -228]","[100, 100]","[-100, -78]","[50, -78]","[200, -78]","[-250, -228]",1,12,"[100, 100]","[100, 100]",tray,33.png,32.png,14.png,34.png,00.png,31.png,00.png,m,"[100, 100]","[100, 100]","[100, 100]","[100, 100]","[100, 100]","[100, 100]","[100, 100]","[100, 100]","[100, 100]","[100, 100]","[100, 100]","[0, -375]",ok.png,"[100, 100]","[100, 100]",152,1,1,1,1,0,0,0,0,0,0,0,1.745901227,1.745901226997375,0,-100,-100,209,209,1,1,0,0,0,0,0,0,0,1.23698699474,1.236986994743347,0,38,38,-410,-410,10
00.png,00.png,tray1.png,15.png,16.png,17.png,18.png,19.png,20.png,"[-234, -84]","[216, 66]","[150, 100]","[-84, 66]","[66, 66]","[216, 216]","[-234, 66]","[-84, 216]","[66, 216]","[-234, 216]","[-84, -234]","[66, -234]","[216, -234]","[100, 100]","[-84, -84]","[66, -84]","[216, -84]","[-234, -234]",1,12,"[100, 100]","[100, 100]",tray,23.png,24.png,21.png,22.png,00.png,25.png,00.png,m,"[100, 100]","[100, 100]","[100, 100]","[100, 100]","[100, 100]","[100, 100]","[100, 100]","[100, 100]","[100, 100]","[100, 100]","[100, 100]","[0, -375]",ok.png,"[100, 100]","[100, 100]",153,1,1,1,1,0,0,0,0,0,0,0,1.87443101406,1.874431014060974,0,74,74,230,230,1,1,0,0,0,0,0,0,0,0.384132772684,0.3841327726840973,0,90,90,-394,-394,347
22.png,23.png,24.png,tray1.png,00.png,00.png,25.png,26.png,00.png,"[-207, -95]","[243, 55]","[150, 100]","[-57, 55]","[93, 55]","[243, 205]","[-207, 55]","[-57, 205]","[93, 205]","[-207, 205]","[-57, -245]","[93, -245]","[243, -245]","[100, 100]","[-57, -95]","[93, -95]","[243, -95]","[-207, -245]",1,12,"[100, 100]","[100, 100]",tray,28.png,29.png,00.png,27.png,32.png,30.png,31.png,m,"[100, 100]","[100, 100]","[100, 100]","[100, 100]","[100, 100]","[100, 100]","[100, 100]","[100, 100]","[100, 100]","[100, 100]","[100, 100]","[0, -375]",ok.png,"[100, 100]","[100, 100]",154,1,1,1,1,0,0,0,0,0,0,0,1.71464657784,1.714646577835083,0,252,252,209,209,1,1,0,0,0,0,0,0,0,0.830378651619,0.8303786516189575,0,-24,-24,-390,-390,224
02.png,04.png,06.png,08.png,tray1.png,29.png,30.png,31.png,32.png,"[-203, -71]","[247, 79]","[150, 100]","[-53, 79]","[97, 79]","[247, 229]","[-203, 79]","[-53, 229]","[97, 229]","[-203, 229]","[-53, -221]","[97, -221]","[247, -221]","[100, 100]","[-53, -71]","[97, -71]","[247, -71]","[-203, -221]",1,12,"[100, 100]","[100, 100]",tray,01.png,00.png,33.png,34.png,00.png,00.png,00.png,m,"[100, 100]","[100, 100]","[100, 100]","[100, 100]","[100, 100]","[100, 100]","[100, 100]","[100, 100]","[100, 100]","[100, 100]","[100, 100]","[0, -375]",ok.png,"[100, 100]","[100, 100]",155,1,1,1,1,0,0,0,0,0,0,0,0.944933176041,0.9449331760406494,0,-169,-169,75,75,1,1,0,0,0,0,0,0,0,0.950793683529,0.9507936835289,0,-29,-29,-329,-329,36
01.png,34.png,07.png,27.png,04.png,tray1.png,00.png,00.png,06.png,"[-240, -84]","[210, 66]","[150, 100]","[-90, 66]","[60, 66]","[210, 216]","[-240, 66]","[-90, 216]","[60, 216]","[-240, 216]","[-90, -234]","[60, -234]","[210, -234]","[100, 100]","[-90, -84]","[60, -84]","[210, -84]","[-240, -234]",1,12,"[100, 100]","[100, 100]",tray,29.png,17.png,15.png,09.png,00.png,23.png,00.png,m,"[100, 100]","[100, 100]","[100, 100]","[100, 100]","[100, 100]","[100, 100]","[100, 100]","[100, 100]","[100, 100]","[100, 100]","[100, 100]","[0, -375]",ok.png,"[100, 100]","[100, 100]",156,1,1,1,1,0,0,0,0,0,0,0,2.08919358253,2.08919358253479,0,-74,-74,55,55,1,1,0,0,0,0,0,0,0,0.439214646816,0.4392146468162537,0,54,54,-392,-392,208
00.png,00.png,02.png,05.png,07.png,03.png,tray1.png,25.png,18.png,"[-210, -95]","[240, 55]","[150, 100]","[-60, 55]","[90, 55]","[240, 205]","[-210, 55]","[-60, 205]","[90, 205]","[-210, 205]","[-60, -245]","[90, -245]","[240, -245]","[100, 100]","[-60, -95]","[90, -95]","[240, -95]","[-210, -245]",1,12,"[100, 100]","[100, 100]",tray,00.png,06.png,14.png,00.png,17.png,22.png,09.png,m,"[100, 100]","[100, 100]","[100, 100]","[100, 100]","[100, 100]","[100, 100]","[100, 100]","[100, 100]","[100, 100]","[100, 100]","[100, 100]","[0, -375]",ok.png,"[100, 100]","[100, 100]",157,1,1,1,1,0,0,0,0,0,0,0,0.740457415581,0.7404574155807495,0,100,100,68,68,1,1,0,0,0,0,0,0,0,0.482963502407,0.482963502407074,0,-1,-1,-372,-372,312
00.png,05.png,33.png,07.png,20.png,15.png,27.png,tray1.png,30.png,"[-250, -64]","[200, 86]","[150, 100]","[-100, 86]","[50, 86]","[200, 236]","[-250, 86]","[-100, 236]","[50, 236]","[-250, 236]","[-100, -214]","[50, -214]","[200, -214]","[100, 100]","[-100, -64]","[50, -64]","[200, -64]","[-250, -214]",1,12,"[100, 100]","[100, 100]",tray,31.png,00.png,17.png,25.png,00.png,00.png,33.png,m,"[100, 100]","[100, 100]","[100, 100]","[100, 100]","[100, 100]","[100, 100]","[100, 100]","[100, 100]","[100, 100]","[100, 100]","[100, 100]","[0, -375]",ok.png,"[100, 100]","[100, 100]",158,1,1,1,1,0,0,0,0,0,0,0,1.15627837181,1.156278371810913,0,188,188,100,100,1,1,0,0,0,0,0,0,0,0.685759425163,0.685759425163269,0,8,8,-389,-389,128
07.png,10.png,13.png,16.png,00.png,00.png,00.png,00.png,tray1.png,"[-214, -98]","[236, 52]","[150, 100]","[-64, 52]","[86, 52]","[236, 202]","[-214, 52]","[-64, 202]","[86, 202]","[-214, 202]","[-64, -248]","[86, -248]","[236, -248]","[100, 100]","[-64, -98]","[86, -98]","[236, -98]","[-214, -248]",1,12,"[100, 100]","[100, 100]",tray,27.png,21.png,29.png,23.png,33.png,25.png,31.png,m,"[100, 100]","[100, 100]","[100, 100]","[100, 100]","[100, 100]","[100, 100]","[100, 100]","[100, 100]","[100, 100]","[100, 100]","[100, 100]","[0, -375]",ok.png,"[100, 100]","[100, 100]",159,1,1,1,1,0,0,0,0,0,0,0,3.06945133209,3.069451332092285,0,-226,-226,-96,-96,1,1,0,0,0,0,0,0,0,1.04456210136,1.044562101364136,0,-38,-38,-405,-405,377
09.png,07.png,05.png,03.png,14.png,16.png,18.png,20.png,22.png,"[-225, -77]","[225, 73]","[150, 100]","[-75, 73]","[75, 73]","[225, 223]","[-225, 73]","[-75, 223]","[75, 223]","[-225, 223]","[-75, -227]","[75, -227]","[225, -227]","[100, 100]","[-75, -77]","[75, -77]","[225, -77]","[-225, -227]",1,12,"[100, 100]","[100, 100]",tray,26.png,00.png,tray1.png,24.png,00.png,00.png,00.png,m,"[100, 100]","[100, 100]","[100, 100]","[100, 100]","[100, 100]","[100, 100]","[100, 100]","[100, 100]","[100, 100]","[100, 100]","[100, 100]","[0, -375]",ok.png,"[100, 100]","[100, 100]",160,1,1,1,1,0,0,0,0,0,0,0,1.08556294441,1.085562944412231,0,-92,-92,-70,-70,1,1,0,0,0,0,0,0,0,0.844613909721,0.8446139097213745,0,41,41,-395,-395,104
00.png,00.png,33.png,31.png,13.png,10.png,34.png,32.png,16.png,"[-227, -66]","[223, 84]","[150, 100]","[-77, 84]","[73, 84]","[223, 234]","[-227, 84]","[-77, 234]","[73, 234]","[-227, 234]","[-77, -216]","[73, -216]","[223, -216]","[100, 100]","[-77, -66]","[73, -66]","[223, -66]","[-227, -216]",1,12,"[100, 100]","[100, 100]",tray,21.png,24.png,19.png,tray1.png,00.png,27.png,00.png,m,"[100, 100]","[100, 100]","[100, 100]","[100, 100]","[100, 100]","[100, 100]","[100, 100]","[100, 100]","[100, 100]","[100, 100]","[100, 100]","[0, -375]",ok.png,"[100, 100]","[100, 100]",161,1,1,1,1,0,0,0,0,0,0,0,0.903533995152,0.9035339951515198,0,70,70,-65,-65,1,1,0,0,0,0,0,0,0,0.503746569157,0.5037465691566467,0,53,53,-335,-335,225
10.png,15.png,20.png,25.png,00.png,00.png,04.png,17.png,21.png,"[-200, -81]","[250, 69]","[150, 100]","[-50, 69]","[100, 69]","[250, 219]","[-200, 69]","[-50, 219]","[100, 219]","[-200, 219]","[-50, -231]","[100, -231]","[250, -231]","[100, 100]","[-50, -81]","[100, -81]","[250, -81]","[-200, -231]",1,12,"[100, 100]","[100, 100]",tray,tray1.png,00.png,16.png,11.png,34.png,00.png,27.png,m,"[100, 100]","[100, 100]","[100, 100]","[100, 100]","[100, 100]","[100, 100]","[100, 100]","[100, 100]","[100, 100]","[100, 100]","[100, 100]","[0, -375]",ok.png,"[100, 100]","[100, 100]",162,1,1,1,1,0,0,0,0,0,0,0,1.35501158237,1.355011582374573,0,229,229,-95,-95,1,1,0,0,0,0,0,0,0,0.498472452164,0.4984724521636963,0,-22,-22,-421,-421,370
00.png,00.png,20.png,24.png,28.png,32.png,00.png,00.png,03.png,"[-214, -74]","[236, 76]","[150, 100]","[-64, 76]","[86, 76]","[236, 226]","[-214, 76]","[-64, 226]","[86, 226]","[-214, 226]","[-64, -224]","[86, -224]","[236, -224]","[100, 100]","[-64, -74]","[86, -74]","[236, -74]","[-214, -224]",1,12,"[100, 100]","[100, 100]",tray,08.png,tray1.png,01.png,07.png,04.png,05.png,02.png,m,"[100, 100]","[100, 100]","[100, 100]","[100, 100]","[100, 100]","[100, 100]","[100, 100]","[100, 100]","[100, 100]","[100, 100]","[100, 100]","[0, -375]",ok.png,"[100, 100]","[100, 100]",163,1,1,1,1,0,0,0,0,0,0,0,1.52587378025,1.525873780250549,0,-189,-189,-191,-191,1,1,0,0,0,0,0,0,0,0.333262056112,0.3332620561122894,0,-96,-96,-380,-380,288
29.png,00.png,06.png,16.png,00.png,03.png,33.png,08.png,13.png,"[-224, -54]","[226, 96]","[150, 100]","[-74, 96]","[76, 96]","[226, 246]","[-224, 96]","[-74, 246]","[76, 246]","[-224, 246]","[-74, -204]","[76, -204]","[226, -204]","[100, 100]","[-74, -54]","[76, -54]","[226, -54]","[-224, -204]",1,12,"[100, 100]","[100, 100]",tray,00.png,23.png,28.png,00.png,01.png,tray1.png,12.png,m,"[100, 100]","[100, 100]","[100, 100]","[100, 100]","[100, 100]","[100, 100]","[100, 100]","[100, 100]","[100, 100]","[100, 100]","[100, 100]","[0, -375]",ok.png,"[100, 100]","[100, 100]",164,1,1,1,1,0,0,0,0,0,0,0,1.9531430006,1.953143000602722,0,-70,-70,-201,-201,1,1,0,0,0,0,0,0,0,0.357133418322,0.3571334183216095,0,-10,-10,-372,-372,218
00.png,00.png,00.png,16.png,14.png,06.png,04.png,33.png,27.png,"[-214, -94]","[236, 56]","[150, 100]","[-64, 56]","[86, 56]","[236, 206]","[-214, 56]","[-64, 206]","[86, 206]","[-214, 206]","[-64, -244]","[86, -244]","[236, -244]","[100, 100]","[-64, -94]","[86, -94]","[236, -94]","[-214, -244]",1,12,"[100, 100]","[100, 100]",tray,13.png,07.png,23.png,17.png,00.png,03.png,tray1.png,m,"[100, 100]","[100, 100]","[100, 100]","[100, 100]","[100, 100]","[100, 100]","[100, 100]","[100, 100]","[100, 100]","[100, 100]","[100, 100]","[0, -375]",ok.png,"[100, 100]","[100, 100]",165,1,1,1,1,0,0,0,0,0,0,0,2.41895365715,2.418953657150269,0,64,64,-249,-249,1,1,0,0,0,0,0,0,0,0.376782000065,0.3767820000648499,0,-1,-1,-379,-379,186
04.png,20.png,30.png,02.png,00.png,00.png,03.png,04.png,24.png,"[-242, -68]","[208, 82]","[150, 100]","[-92, 82]","[58, 82]","[208, 232]","[-242, 82]","[-92, 232]","[58, 232]","[-242, 232]","[-92, -218]","[58, -218]","[208, -218]","[100, 100]","[-92, -68]","[58, -68]","[208, -68]","[-242, -218]",1,12,"[100, 100]","[100, 100]",tray,00.png,14.png,23.png,00.png,tray1.png,07.png,17.png,m,"[100, 100]","[100, 100]","[100, 100]","[100, 100]","[100, 100]","[100, 100]","[100, 100]","[100, 100]","[100, 100]","[100, 100]","[100, 100]","[0, -375]",ok.png,"[100, 100]","[100, 100]",166,1,1,1,1,0,0,0,0,0,0,0,2.5261027813,2.526102781295776,0,205,205,-214,-214,1,1,0,0,0,0,0,0,0,0.649007618427,0.6490076184272766,0,4,4,-365,-365,15
03.png,19.png,29.png,00.png,00.png,02.png,32.png,11.png,12.png,"[-232, -67]","[218, 83]","[150, 100]","[-82, 83]","[68, 83]","[218, 233]","[-232, 83]","[-82, 233]","[68, 233]","[-232, 233]","[-82, -217]","[68, -217]","[218, -217]","[100, 100]","[-82, -67]","[68, -67]","[218, -67]","[-232, -217]",1,12,"[100, 100]","[100, 100]",tray,00.png,00.png,22.png,16.png,18.png,04.png,tray1.png,m,"[100, 100]","[100, 100]","[100, 100]","[100, 100]","[100, 100]","[100, 100]","[100, 100]","[100, 100]","[100, 100]","[100, 100]","[100, 100]","[0, -375]",ok.png,"[100, 100]","[100, 100]",167,1,1,1,1,0,0,0,0,0,0,0,1.49520277977,1.495202779769897,0,51,51,-214,-214,1,1,0,0,0,0,0,0,0,0.807315051556,0.8073150515556335,0,74,74,-397,-397,107
16.png,13.png,11.png,05.png,21.png,00.png,00.png,00.png,00.png,"[-249, -93]","[201, 57]","[150, 100]","[-99, 57]","[51, 57]","[201, 207]","[-249, 57]","[-99, 207]","[51, 207]","[-249, 207]","[-99, -243]","[51, -243]","[201, -243]","[100, 100]","[-99, -93]","[51, -93]","[201, -93]","[-249, -243]",1,12,"[100, 100]","[100, 100]",tray,25.png,03.png,27.png,28.png,15.png,tray1.png,08.png,m,"[100, 100]","[100, 100]","[100, 100]","[100, 100]","[100, 100]","[100, 100]","[100, 100]","[100, 100]","[100, 100]","[100, 100]","[100, 100]","[0, -375]",ok.png,"[100, 100]","[100, 100]",168,1,1,1,1,0,0,0,0,0,0,0,1.80278229713,1.802782297134399,0,-65,-65,-257,-257,1,1,0,0,0,0,0,0,0,0.498556256294,0.4985562562942505,0,3,3,-362,-362,391
06.png,21.png,15.png,17.png,00.png,00.png,16.png,28.png,29.png,"[-206, -71]","[244, 79]","[150, 100]","[-56, 79]","[94, 79]","[244, 229]","[-206, 79]","[-56, 229]","[94, 229]","[-206, 229]","[-56, -221]","[94, -221]","[244, -221]","[100, 100]","[-56, -71]","[94, -71]","[244, -71]","[-206, -221]",1,12,"[100, 100]","[100, 100]",tray,23.png,tray1.png,09.png,00.png,00.png,14.png,07.png,m,"[100, 100]","[100, 100]","[100, 100]","[100, 100]","[100, 100]","[100, 100]","[100, 100]","[100, 100]","[100, 100]","[100, 100]","[100, 100]","[0, -375]",ok.png,"[100, 100]","[100, 100]",169,1,1,1,1,0,0,0,0,0,0,0,1.98440074921,1.984400749206543,0,-205,-205,-221,-221,1,1,0,0,0,0,0,0,0,0.649875581264,0.6498755812644958,0,105,105,-428,-428,198
00.png,11.png,01.png,28.png,12.png,00.png,00.png,34.png,15.png,"[-248, -60]","[202, 90]","[150, 100]","[-98, 90]","[52, 90]","[202, 240]","[-248, 90]","[-98, 240]","[52, 240]","[-248, 240]","[-98, -210]","[52, -210]","[202, -210]","[100, 100]","[-98, -60]","[52, -60]","[202, -60]","[-248, -210]",1,12,"[100, 100]","[100, 100]",tray,tray1.png,31.png,30.png,08.png,00.png,21.png,32.png,m,"[100, 100]","[100, 100]","[100, 100]","[100, 100]","[100, 100]","[100, 100]","[100, 100]","[100, 100]","[100, 100]","[100, 100]","[100, 100]","[0, -375]",ok.png,"[100, 100]","[100, 100]",170,1,1,1,1,0,0,0,0,0,0,0,1.00343894958,1.003438949584961,0,191,191,-68,-68,1,1,0,0,0,0,0,0,0,0.466231822968,0.4662318229675293,0,86,86,-429,-429,126
00.png,00.png,12.png,04.png,32.png,31.png,24.png,27.png,07.png,"[-225, -90]","[225, 60]","[150, 100]","[-75, 60]","[75, 60]","[225, 210]","[-225, 60]","[-75, 210]","[75, 210]","[-225, 210]","[-75, -240]","[75, -240]","[225, -240]","[100, 100]","[-75, -90]","[75, -90]","[225, -90]","[-225, -240]",1,12,"[100, 100]","[100, 100]",tray,10.png,13.png,09.png,tray1.png,00.png,16.png,00.png,m,"[100, 100]","[100, 100]","[100, 100]","[100, 100]","[100, 100]","[100, 100]","[100, 100]","[100, 100]","[100, 100]","[100, 100]","[100, 100]","[0, -375]",ok.png,"[100, 100]","[100, 100]",171,1,1,1,1,0,0,0,0,0,0,0,1.04478681087,1.044786810874939,0,90,90,-85,-85,1,1,0,0,0,0,0,0,0,0.450949013233,0.4509490132331848,0,-7,-7,-351,-351,315
00.png,00.png,25.png,12.png,33.png,19.png,05.png,00.png,01.png,"[-213, -100]","[237, 50]","[150, 100]","[-63, 50]","[87, 50]","[237, 200]","[-213, 50]","[-63, 200]","[87, 200]","[-213, 200]","[-63, -250]","[87, -250]","[237, -250]","[100, 100]","[-63, -100]","[87, -100]","[237, -100]","[-213, -250]",1,12,"[100, 100]","[100, 100]",tray,10.png,34.png,tray1.png,07.png,30.png,20.png,00.png,m,"[100, 100]","[100, 100]","[100, 100]","[100, 100]","[100, 100]","[100, 100]","[100, 100]","[100, 100]","[100, 100]","[100, 100]","[100, 100]","[0, -375]",ok.png,"[100, 100]","[100, 100]",172,1,1,1,1,0,0,0,0,0,0,0,0.970454573631,0.9704545736312866,0,-27,-27,-76,-76,1,1,0,0,0,0,0,0,0,0.399560302496,0.3995603024959564,0,47,47,-328,-328,360
11.png,13.png,17.png,18.png,00.png,14.png,00.png,09.png,tray1.png,"[-222, -88]","[228, 62]","[150, 100]","[-72, 62]","[78, 62]","[228, 212]","[-222, 62]","[-72, 212]","[78, 212]","[-222, 212]","[-72, -238]","[78, -238]","[228, -238]","[100, 100]","[-72, -88]","[78, -88]","[228, -88]","[-222, -238]",1,12,"[100, 100]","[100, 100]",tray,30.png,26.png,02.png,04.png,00.png,24.png,00.png,m,"[100, 100]","[100, 100]","[100, 100]","[100, 100]","[100, 100]","[100, 100]","[100, 100]","[100, 100]","[100, 100]","[100, 100]","[100, 100]","[0, -375]",ok.png,"[100, 100]","[100, 100]",173,1,1,1,1,0,0,0,0,0,0,0,1.88647699356,1.886476993560791,0,-222,-222,-78,-78,1,1,0,0,0,0,0,0,0,0.541207909584,0.5412079095840454,0,25,25,-384,-384,23
00.png,14.png,10.png,20.png,11.png,07.png,00.png,tray1.png,18.png,"[-217, -97]","[233, 53]","[150, 100]","[-67, 53]","[83, 53]","[233, 203]","[-217, 53]","[-67, 203]","[83, 203]","[-217, 203]","[-67, -247]","[83, -247]","[233, -247]","[100, 100]","[-67, -97]","[83, -97]","[233, -97]","[-217, -247]",1,12,"[100, 100]","[100, 100]",tray,30.png,09.png,31.png,00.png,19.png,00.png,03.png,m,"[100, 100]","[100, 100]","[100, 100]","[100, 100]","[100, 100]","[100, 100]","[100, 100]","[100, 100]","[100, 100]","[100, 100]","[100, 100]","[0, -375]",ok.png,"[100, 100]","[100, 100]",174,1,1,1,1,0,0,0,0,0,0,0,1.1090477705,1.109047770500183,0,264,264,47,47,1,1,0,0,0,0,0,0,0,0.433102697134,0.4331026971340179,0,11,11,-461,-461,239
31.png,03.png,13.png,00.png,23.png,21.png,tray1.png,00.png,33.png,"[-242, -63]","[208, 87]","[150, 100]","[-92, 87]","[58, 87]","[208, 237]","[-242, 87]","[-92, 237]","[58, 237]","[-242, 237]","[-92, -213]","[58, -213]","[208, -213]","[100, 100]","[-92, -63]","[58, -63]","[208, -63]","[-242, -213]",1,12,"[100, 100]","[100, 100]",tray,00.png,19.png,00.png,14.png,26.png,32.png,29.png,m,"[100, 100]","[100, 100]","[100, 100]","[100, 100]","[100, 100]","[100, 100]","[100, 100]","[100, 100]","[100, 100]","[100, 100]","[100, 100]","[0, -375]",ok.png,"[100, 100]","[100, 100]",175,1,1,1,1,0,0,0,0,0,0,0,0.951244950294,0.9512449502944946,0,66,66,81,81,1,1,0,0,0,0,0,0,0,1.36995124817,1.369951248168945,0,27,27,-399,-399,281
00.png,00.png,00.png,00.png,11.png,10.png,09.png,08.png,07.png,"[-209, -50]","[241, 100]","[150, 100]","[-59, 100]","[91, 100]","[241, 250]","[-209, 100]","[-59, 250]","[91, 250]","[-209, 250]","[-59, -200]","[91, -200]","[241, -200]","[100, 100]","[-59, -50]","[91, -50]","[241, -50]","[-209, -200]",1,12,"[100, 100]","[100, 100]",tray,04.png,03.png,06.png,05.png,tray2.png,02.png,01.png,m,"[100, 100]","[100, 100]","[100, 100]","[100, 100]","[100, 100]","[100, 100]","[100, 100]","[100, 100]","[100, 100]","[100, 100]","[100, 100]","[0, -375]",ok.png,"[100, 100]","[100, 100]",176,1,1,1,1,0,0,0,0,0,0,0,1.12291145325,1.12291145324707,0,238,238,-177,-177,1,1,0,0,0,0,0,0,0,1.04863190651,1.048631906509399,0,-6,-6,-372,-372,86
00.png,00.png,31.png,32.png,33.png,34.png,14.png,00.png,13.png,"[-247, -95]","[203, 55]","[150, 100]","[-97, 55]","[53, 55]","[203, 205]","[-247, 55]","[-97, 205]","[53, 205]","[-247, 205]","[-97, -245]","[53, -245]","[203, -245]","[100, 100]","[-97, -95]","[53, -95]","[203, -95]","[-247, -245]",1,12,"[100, 100]","[100, 100]",tray,10.png,00.png,12.png,11.png,08.png,09.png,tray2.png,m,"[100, 100]","[100, 100]","[100, 100]","[100, 100]","[100, 100]","[100, 100]","[100, 100]","[100, 100]","[100, 100]","[100, 100]","[100, 100]","[0, -375]",ok.png,"[100, 100]","[100, 100]",177,1,1,1,1,0,0,0,0,0,0,0,1.18643128872,1.186431288719177,0,65,65,-234,-234,1,1,0,0,0,0,0,0,0,0.34355917573,0.3435591757297516,0,-42,-42,-402,-402,389
00.png,00.png,25.png,24.png,23.png,22.png,21.png,20.png,19.png,"[-228, -54]","[222, 96]","[150, 100]","[-78, 96]","[72, 96]","[222, 246]","[-228, 96]","[-78, 246]","[72, 246]","[-228, 246]","[-78, -204]","[72, -204]","[222, -204]","[100, 100]","[-78, -54]","[72, -54]","[222, -54]","[-228, -204]",1,12,"[100, 100]","[100, 100]",tray,16.png,15.png,18.png,17.png,00.png,tray2.png,00.png,m,"[100, 100]","[100, 100]","[100, 100]","[100, 100]","[100, 100]","[100, 100]","[100, 100]","[100, 100]","[100, 100]","[100, 100]","[100, 100]","[0, -375]",ok.png,"[100, 100]","[100, 100]",178,1,1,1,1,0,0,0,0,0,0,0,2.11603045464,2.11603045463562,0,-54,-54,-210,-210,1,1,0,0,0,0,0,0,0,0.455026388168,0.455026388168335,0,10,10,-372,-372,284
33.png,32.png,30.png,29.png,00.png,00.png,31.png,27.png,26.png,"[-244, -90]","[206, 60]","[150, 100]","[-94, 60]","[56, 60]","[206, 210]","[-244, 60]","[-94, 210]","[56, 210]","[-244, 210]","[-94, -240]","[56, -240]","[206, -240]","[100, 100]","[-94, -90]","[56, -90]","[206, -90]","[-244, -240]",1,12,"[100, 100]","[100, 100]",tray,00.png,tray2.png,28.png,00.png,22.png,24.png,23.png,m,"[100, 100]","[100, 100]","[100, 100]","[100, 100]","[100, 100]","[100, 100]","[100, 100]","[100, 100]","[100, 100]","[100, 100]","[100, 100]","[0, -375]",ok.png,"[100, 100]","[100, 100]",179,1,1,1,1,0,0,0,0,0,0,0,1.11048769951,1.110487699508667,0,-258,-258,-276,-276,1,1,0,0,0,0,0,0,0,0.545301020145,0.5453010201454163,0,232,232,59,59,304
00.png,00.png,00.png,00.png,01.png,34.png,33.png,32.png,31.png,"[-235, -70]","[215, 80]","[150, 100]","[-85, 80]","[65, 80]","[215, 230]","[-235, 80]","[-85, 230]","[65, 230]","[-235, 230]","[-85, -220]","[65, -220]","[215, -220]","[100, 100]","[-85, -70]","[65, -70]","[215, -70]","[-235, -220]",1,12,"[100, 100]","[100, 100]",tray,tray2.png,08.png,30.png,29.png,02.png,06.png,04.png,m,"[100, 100]","[100, 100]","[100, 100]","[100, 100]","[100, 100]","[100, 100]","[100, 100]","[100, 100]","[100, 100]","[100, 100]","[100, 100]","[0, -375]",ok.png,"[100, 100]","[100, 100]",180,1,1,1,1,0,0,0,0,0,0,0,1.13878846169,1.138788461685181,0,234,234,-75,-75,1,1,0,0,0,0,0,0,0,0.387941598892,0.3879415988922119,0,90,90,-370,-370,364
00.png,00.png,23.png,17.png,29.png,09.png,15.png,06.png,00.png,"[-250, -51]","[200, 99]","[150, 100]","[-100, 99]","[50, 99]","[200, 249]","[-250, 99]","[-100, 249]","[50, 249]","[-250, 249]","[-100, -201]","[50, -201]","[200, -201]","[100, 100]","[-100, -51]","[50, -51]","[200, -51]","[-250, -201]",1,12,"[100, 100]","[100, 100]",tray,04.png,27.png,00.png,tray2.png,01.png,07.png,34.png,m,"[100, 100]","[100, 100]","[100, 100]","[100, 100]","[100, 100]","[100, 100]","[100, 100]","[100, 100]","[100, 100]","[100, 100]","[100, 100]","[0, -375]",ok.png,"[100, 100]","[100, 100]",181,1,1,1,1,0,0,0,0,0,0,0,0.918111741543,0.9181117415428162,0,42,42,-45,-45,1,1,0,0,0,0,0,0,0,0.857563138008,0.8575631380081177,0,14,14,-410,-410,340
17.png,09.png,22.png,06.png,00.png,00.png,14.png,18.png,25.png,"[-227, -99]","[223, 51]","[150, 100]","[-77, 51]","[73, 51]","[223, 201]","[-227, 51]","[-77, 201]","[73, 201]","[-227, 201]","[-77, -249]","[73, -249]","[223, -249]","[100, 100]","[-77, -99]","[73, -99]","[223, -99]","[-227, -249]",1,12,"[100, 100]","[100, 100]",tray,07.png,05.png,tray2.png,03.png,00.png,02.png,00.png,m,"[100, 100]","[100, 100]","[100, 100]","[100, 100]","[100, 100]","[100, 100]","[100, 100]","[100, 100]","[100, 100]","[100, 100]","[100, 100]","[0, -375]",ok.png,"[100, 100]","[100, 100]",182,1,1,1,1,0,0,0,0,0,0,0,0.982573151588,0.98257315158844,0,-87,-87,-110,-110,1,1,0,0,0,0,0,0,0,0.464099049568,0.4640990495681763,0,-37,-37,-386,-386,52
00.png,33.png,00.png,00.png,31.png,25.png,17.png,30.png,tray2.png,"[-240, -88]","[210, 62]","[150, 100]","[-90, 62]","[60, 62]","[210, 212]","[-240, 62]","[-90, 212]","[60, 212]","[-240, 212]","[-90, -238]","[60, -238]","[210, -238]","[100, 100]","[-90, -88]","[60, -88]","[210, -88]","[-240, -238]",1,12,"[100, 100]","[100, 100]",tray,20.png,07.png,27.png,15.png,00.png,33.png,05.png,m,"[100, 100]","[100, 100]","[100, 100]","[100, 100]","[100, 100]","[100, 100]","[100, 100]","[100, 100]","[100, 100]","[100, 100]","[100, 100]","[0, -375]",ok.png,"[100, 100]","[100, 100]",183,1,1,1,1,0,0,0,0,0,0,0,1.54214596748,1.542145967483521,0,-238,-238,-106,-106,1,1,0,0,0,0,0,0,0,0.527628183365,0.5276281833648682,0,32,32,-408,-408,160
33.png,31.png,25.png,21.png,27.png,23.png,29.png,tray2.png,00.png,"[-239, -87]","[211, 63]","[150, 100]","[-89, 63]","[61, 63]","[211, 213]","[-239, 63]","[-89, 213]","[61, 213]","[-239, 213]","[-89, -237]","[61, -237]","[211, -237]","[100, 100]","[-89, -87]","[61, -87]","[211, -87]","[-239, -237]",1,12,"[100, 100]","[100, 100]",tray,00.png,16.png,00.png,00.png,07.png,13.png,10.png,m,"[100, 100]","[100, 100]","[100, 100]","[100, 100]","[100, 100]","[100, 100]","[100, 100]","[100, 100]","[100, 100]","[100, 100]","[100, 100]","[0, -375]",ok.png,"[100, 100]","[100, 100]",184,1,1,1,1,0,0,0,0,0,0,0,2.59139943123,2.591399431228638,0,211,211,54,54,1,1,0,0,0,0,0,0,0,0.761575758457,0.7615757584571838,0,12,12,-414,-414,74
00.png,00.png,00.png,00.png,26.png,24.png,tray2.png,22.png,20.png,"[-230, -94]","[220, 56]","[150, 100]","[-80, 56]","[70, 56]","[220, 206]","[-230, 56]","[-80, 206]","[70, 206]","[-230, 206]","[-80, -244]","[70, -244]","[220, -244]","[100, 100]","[-80, -94]","[70, -94]","[220, -94]","[-230, -244]",1,12,"[100, 100]","[100, 100]",tray,14.png,03.png,18.png,16.png,09.png,05.png,07.png,m,"[100, 100]","[100, 100]","[100, 100]","[100, 100]","[100, 100]","[100, 100]","[100, 100]","[100, 100]","[100, 100]","[100, 100]","[100, 100]","[0, -375]",ok.png,"[100, 100]","[100, 100]",185,1,1,1,1,0,0,0,0,0,0,0,1.07093119621,1.070931196212769,0,67,67,54,54,1,1,0,0,0,0,0,0,0,0.607490777969,0.6074907779693604,0,-29,-29,-386,-386,355
00.png,00.png,27.png,24.png,21.png,tray2.png,19.png,16.png,32.png,"[-207, -50]","[243, 100]","[150, 100]","[-57, 100]","[93, 100]","[243, 250]","[-207, 100]","[-57, 250]","[93, 250]","[-207, 250]","[-57, -200]","[93, -200]","[243, -200]","[100, 100]","[-57, -50]","[93, -50]","[243, -50]","[-207, -200]",1,12,"[100, 100]","[100, 100]",tray,13.png,31.png,34.png,10.png,00.png,33.png,00.png,m,"[100, 100]","[100, 100]","[100, 100]","[100, 100]","[100, 100]","[100, 100]","[100, 100]","[100, 100]","[100, 100]","[100, 100]","[100, 100]","[0, -375]",ok.png,"[100, 100]","[100, 100]",186,1,1,1,1,0,0,0,0,0,0,0,1.48088824749,1.480888247489929,0,-35,-35,112,112,1,1,0,0,0,0,0,0,0,0.373688906431,0.3736889064311981,0,1,1,-397,-397,221
34.png,27.png,00.png,00.png,tray2.png,11.png,16.png,21.png,17.png,"[-210, -82]","[240, 68]","[150, 100]","[-60, 68]","[90, 68]","[240, 218]","[-210, 68]","[-60, 218]","[90, 218]","[-210, 218]","[-60, -232]","[90, -232]","[240, -232]","[100, 100]","[-60, -82]","[90, -82]","[240, -82]","[-210, -232]",1,12,"[100, 100]","[100, 100]",tray,00.png,25.png,04.png,00.png,10.png,20.png,15.png,m,"[100, 100]","[100, 100]","[100, 100]","[100, 100]","[100, 100]","[100, 100]","[100, 100]","[100, 100]","[100, 100]","[100, 100]","[100, 100]","[0, -375]",ok.png,"[100, 100]","[100, 100]",187,1,1,1,1,0,0,0,0,0,0,0,1.87183737755,1.871837377548218,0,-219,-219,60,60,1,1,0,0,0,0,0,0,0,0.471543550491,0.471543550491333,0,20,20,-389,-389,145
04.png,02.png,05.png,tray2.png,08.png,07.png,01.png,03.png,00.png,"[-248, -61]","[202, 89]","[150, 100]","[-98, 89]","[52, 89]","[202, 239]","[-248, 89]","[-98, 239]","[52, 239]","[-248, 239]","[-98, -211]","[52, -211]","[202, -211]","[100, 100]","[-98, -61]","[52, -61]","[202, -61]","[-248, -211]",1,12,"[100, 100]","[100, 100]",tray,28.png,24.png,00.png,32.png,00.png,20.png,00.png,m,"[100, 100]","[100, 100]","[100, 100]","[100, 100]","[100, 100]","[100, 100]","[100, 100]","[100, 100]","[100, 100]","[100, 100]","[100, 100]","[0, -375]",ok.png,"[100, 100]","[100, 100]",188,1,1,1,1,0,0,0,0,0,0,0,1.1821719408,1.182171940803528,0,218,218,254,254,1,1,0,0,0,0,0,0,0,0.456023305655,0.4560233056545258,0,78,78,-402,-402,349
01.png,12.png,tray2.png,23.png,00.png,00.png,28.png,13.png,08.png,"[-207, -67]","[243, 83]","[150, 100]","[-57, 83]","[93, 83]","[243, 233]","[-207, 83]","[-57, 233]","[93, 233]","[-207, 233]","[-57, -217]","[93, -217]","[243, -217]","[100, 100]","[-57, -67]","[93, -67]","[243, -67]","[-207, -217]",1,12,"[100, 100]","[100, 100]",tray,00.png,16.png,33.png,03.png,29.png,06.png,00.png,m,"[100, 100]","[100, 100]","[100, 100]","[100, 100]","[100, 100]","[100, 100]","[100, 100]","[100, 100]","[100, 100]","[100, 100]","[100, 100]","[0, -375]",ok.png,"[100, 100]","[100, 100]",189,1,1,1,1,0,0,0,0,0,0,0,1.13743710518,1.137437105178833,0,74,74,240,240,1,1,0,0,0,0,0,0,0,0.424720436335,0.42472043633461,0,93,93,-410,-410,448
00.png,tray2.png,03.png,07.png,13.png,17.png,23.png,27.png,33.png,"[-248, -98]","[202, 52]","[150, 100]","[-98, 52]","[52, 52]","[202, 202]","[-248, 52]","[-98, 202]","[52, 202]","[-248, 202]","[-98, -248]","[52, -248]","[202, -248]","[100, 100]","[-98, -98]","[52, -98]","[202, -98]","[-248, -248]",1,12,"[100, 100]","[100, 100]",tray,14.png,16.png,04.png,06.png,00.png,00.png,00.png,m,"[100, 100]","[100, 100]","[100, 100]","[100, 100]","[100, 100]","[100, 100]","[100, 100]","[100, 100]","[100, 100]","[100, 100]","[100, 100]","[0, -375]",ok.png,"[100, 100]","[100, 100]",190,1,1,1,1,0,0,0,0,0,0,0,1.57537984848,1.575379848480225,0,-56,-56,184,184,1,1,0,0,0,0,0,0,0,0.727142870426,0.727142870426178,0,84,84,-377,-377,95
tray2.png,17.png,07.png,14.png,00.png,00.png,23.png,24.png,04.png,"[-213, -83]","[237, 67]","[150, 100]","[-63, 67]","[87, 67]","[237, 217]","[-213, 67]","[-63, 217]","[87, 217]","[-213, 217]","[-63, -233]","[87, -233]","[237, -233]","[100, 100]","[-63, -83]","[87, -83]","[237, -83]","[-213, -233]",1,12,"[100, 100]","[100, 100]",tray,00.png,02.png,03.png,00.png,04.png,30.png,20.png,m,"[100, 100]","[100, 100]","[100, 100]","[100, 100]","[100, 100]","[100, 100]","[100, 100]","[100, 100]","[100, 100]","[100, 100]","[100, 100]","[0, -375]",ok.png,"[100, 100]","[100, 100]",191,1,1,1,1,0,0,0,0,0,0,0,1.40511226654,1.405112266540527,0,-204,-204,216,216,1,1,0,0,0,0,0,0,0,1.82196629047,1.821966290473938,0,20,20,-383,-383,42
18.png,tray2.png,04.png,00.png,00.png,16.png,22.png,12.png,11.png,"[-217, -100]","[233, 50]","[150, 100]","[-67, 50]","[83, 50]","[233, 200]","[-217, 50]","[-67, 200]","[83, 200]","[-217, 200]","[-67, -250]","[83, -250]","[233, -250]","[100, 100]","[-67, -100]","[83, -100]","[233, -100]","[-217, -250]",1,12,"[100, 100]","[100, 100]",tray,00.png,00.png,32.png,02.png,03.png,29.png,19.png,m,"[100, 100]","[100, 100]","[100, 100]","[100, 100]","[100, 100]","[100, 100]","[100, 100]","[100, 100]","[100, 100]","[100, 100]","[100, 100]","[0, -375]",ok.png,"[100, 100]","[100, 100]",192,1,1,1,1,0,0,0,0,0,0,0,1.15094673634,1.150946736335754,0,-43,-43,210,210,1,1,0,0,0,0,0,0,0,0.603621721268,0.6036217212677002,0,46,46,-432,-432,200
15.png,08.png,tray2.png,03.png,25.png,28.png,27.png,00.png,00.png,"[-210, -99]","[240, 51]","[150, 100]","[-60, 51]","[90, 51]","[240, 201]","[-210, 51]","[-60, 201]","[90, 201]","[-210, 201]","[-60, -249]","[90, -249]","[240, -249]","[100, 100]","[-60, -99]","[90, -99]","[240, -99]","[-210, -249]",1,12,"[100, 100]","[100, 100]",tray,21.png,05.png,00.png,00.png,16.png,11.png,13.png,m,"[100, 100]","[100, 100]","[100, 100]","[100, 100]","[100, 100]","[100, 100]","[100, 100]","[100, 100]","[100, 100]","[100, 100]","[100, 100]","[0, -375]",ok.png,"[100, 100]","[100, 100]",193,1,1,1,1,0,0,0,0,0,0,0,2.18259525299,2.182595252990723,0,60,60,194,194,1,1,0,0,0,0,0,0,0,0.744784891605,0.7447848916053772,0,-14,-14,-407,-407,446
00.png,07.png,14.png,tray2.png,23.png,00.png,09.png,29.png,28.png,"[-227, -50]","[223, 100]","[150, 100]","[-77, 100]","[73, 100]","[223, 250]","[-227, 100]","[-77, 250]","[73, 250]","[-227, 250]","[-77, -200]","[73, -200]","[223, -200]","[100, 100]","[-77, -50]","[73, -50]","[223, -50]","[-227, -200]",1,12,"[100, 100]","[100, 100]",tray,00.png,17.png,16.png,00.png,06.png,15.png,21.png,m,"[100, 100]","[100, 100]","[100, 100]","[100, 100]","[100, 100]","[100, 100]","[100, 100]","[100, 100]","[100, 100]","[100, 100]","[100, 100]","[0, -375]",ok.png,"[100, 100]","[100, 100]",194,1,1,1,1,0,0,0,0,0,0,0,1.97428977489,1.974289774894714,0,237,237,291,291,1,1,0,0,0,0,0,0,0,0.779371440411,0.779371440410614,0,-49,-49,-435,-435,25
00.png,32.png,21.png,31.png,tray2.png,08.png,30.png,15.png,34.png,"[-238, -62]","[212, 88]","[150, 100]","[-88, 88]","[62, 88]","[212, 238]","[-238, 88]","[-88, 238]","[62, 238]","[-238, 238]","[-88, -212]","[62, -212]","[212, -212]","[100, 100]","[-88, -62]","[62, -62]","[212, -62]","[-238, -212]",1,12,"[100, 100]","[100, 100]",tray,12.png,28.png,00.png,00.png,00.png,01.png,11.png,m,"[100, 100]","[100, 100]","[100, 100]","[100, 100]","[100, 100]","[100, 100]","[100, 100]","[100, 100]","[100, 100]","[100, 100]","[100, 100]","[0, -375]",ok.png,"[100, 100]","[100, 100]",195,1,1,1,1,0,0,0,0,0,0,0,1.13538515568,1.135385155677795,0,-227,-227,79,79,1,1,0,0,0,0,0,0,0,0.763041079044,0.763041079044342,0,-50,-50,-379,-379,419
00.png,00.png,16.png,13.png,10.png,tray2.png,09.png,07.png,27.png,"[-249, -99]","[201, 51]","[150, 100]","[-99, 51]","[51, 51]","[201, 201]","[-249, 51]","[-99, 201]","[51, 201]","[-249, 201]","[-99, -249]","[51, -249]","[201, -249]","[100, 100]","[-99, -99]","[51, -99]","[201, -99]","[-249, -249]",1,12,"[100, 100]","[100, 100]",tray,32.png,04.png,24.png,31.png,00.png,12.png,00.png,m,"[100, 100]","[100, 100]","[100, 100]","[100, 100]","[100, 100]","[100, 100]","[100, 100]","[100, 100]","[100, 100]","[100, 100]","[100, 100]","[0, -375]",ok.png,"[100, 100]","[100, 100]",196,1,1,1,1,0,0,0,0,0,0,0,2.71615672112,2.716156721115112,0,-123,-123,68,68,1,1,0,0,0,0,0,0,0,1.38806402683,1.388064026832581,0,-30,-30,-371,-371,285
30.png,00.png,20.png,34.png,10.png,07.png,tray2.png,01.png,00.png,"[-228, -59]","[222, 91]","[150, 100]","[-78, 91]","[72, 91]","[222, 241]","[-228, 91]","[-78, 241]","[72, 241]","[-228, 241]","[-78, -209]","[72, -209]","[222, -209]","[100, 100]","[-78, -59]","[72, -59]","[222, -59]","[-228, -209]",1,12,"[100, 100]","[100, 100]",tray,33.png,12.png,05.png,19.png,00.png,25.png,00.png,m,"[100, 100]","[100, 100]","[100, 100]","[100, 100]","[100, 100]","[100, 100]","[100, 100]","[100, 100]","[100, 100]","[100, 100]","[100, 100]","[0, -375]",ok.png,"[100, 100]","[100, 100]",197,1,1,1,1,0,0,0,0,0,0,0,1.11766433716,1.117664337158203,0,86,86,112,112,1,1,0,0,0,0,0,0,0,0.454779356718,0.4547793567180634,0,6,6,-445,-445,161
00.png,00.png,24.png,26.png,30.png,04.png,02.png,tray2.png,09.png,"[-246, -74]","[204, 76]","[150, 100]","[-96, 76]","[54, 76]","[204, 226]","[-246, 76]","[-96, 226]","[54, 226]","[-246, 226]","[-96, -224]","[54, -224]","[204, -224]","[100, 100]","[-96, -74]","[54, -74]","[204, -74]","[-246, -224]",1,12,"[100, 100]","[100, 100]",tray,00.png,18.png,00.png,14.png,11.png,17.png,13.png,m,"[100, 100]","[100, 100]","[100, 100]","[100, 100]","[100, 100]","[100, 100]","[100, 100]","[100, 100]","[100, 100]","[100, 100]","[100, 100]","[0, -375]",ok.png,"[100, 100]","[100, 100]",198,1,1,1,1,0,0,0,0,0,0,0,1.37549185753,1.375491857528687,0,190,190,62,62,1,1,0,0,0,0,0,0,0,0.544805645943,0.544805645942688,0,68,68,-391,-391,438
19.png,03.png,00.png,09.png,30.png,00.png,31.png,18.png,tray2.png,"[-227, -85]","[223, 65]","[150, 100]","[-77, 65]","[73, 65]","[223, 215]","[-227, 65]","[-77, 215]","[73, 215]","[-227, 215]","[-77, -235]","[73, -235]","[223, -235]","[100, 100]","[-77, -85]","[73, -85]","[223, -85]","[-227, -235]",1,12,"[100, 100]","[100, 100]",tray,11.png,20.png,00.png,07.png,00.png,10.png,14.png,m,"[100, 100]","[100, 100]","[100, 100]","[100, 100]","[100, 100]","[100, 100]","[100, 100]","[100, 100]","[100, 100]","[100, 100]","[100, 100]","[0, -375]",ok.png,"[100, 100]","[100, 100]",199,1,1,1,1,0,0,0,0,0,0,0,0.924245238304,0.9242452383041382,0,-238,-238,-63,-63,1,1,0,0,0,0,0,0,0,0.827286243439,0.8272862434387207,0,14,14,-453,-453,354
26.png,29.png,32.png,19.png,00.png,14.png,00.png,33.png,00.png,"[-216, -92]","[234, 58]","[150, 100]","[-66, 58]","[84, 58]","[234, 208]","[-216, 58]","[-66, 208]","[84, 208]","[-216, 208]","[-66, -242]","[84, -242]","[234, -242]","[100, 100]","[-66, -92]","[84, -92]","[234, -92]","[-216, -242]",1,12,"[100, 100]","[100, 100]",tray,23.png,00.png,tray2.png,21.png,31.png,13.png,03.png,m,"[100, 100]","[100, 100]","[100, 100]","[100, 100]","[100, 100]","[100, 100]","[100, 100]","[100, 100]","[100, 100]","[100, 100]","[100, 100]","[0, -375]",ok.png,"[100, 100]","[100, 100]",200,1,1,1,1,0,0,0,0,0,0,0,2.14941430092,2.149414300918579,0,-58,-58,-60,-60,1,1,0,0,0,0,0,0,0,0.70675188303,0.7067518830299377,0,-12,-12,-379,-379,87
dots1.png,01.png,02.png,03.png,04.png,05.png,06.png,07.png,08.png,"[-249, -75]","[201, 75]","[150, 100]","[-99, 75]","[51, 75]","[201, 225]","[-249, 75]","[-99, 225]","[51, 225]","[-249, 225]","[-99, -225]","[51, -225]","[201, -225]","[100, 100]","[-99, -75]","[51, -75]","[201, -75]","[-249, -225]",1,12,"[100, 100]","[100, 100]",dots,11.png,00.png,09.png,10.png,00.png,00.png,00.png,m,"[100, 100]","[100, 100]","[100, 100]","[100, 100]","[100, 100]","[100, 100]","[100, 100]","[100, 100]","[100, 100]","[100, 100]","[100, 100]","[0, -375]",ok.png,"[100, 100]","[100, 100]",201,2,1,1,1,0,0,0,0,0,0,0,1.12092542648,1.120925426483154,0,-262,-262,256,256,1,1,0,0,0,0,0,0,0,0.640048861504,0.6400488615036011,0,81,81,-417,-417,385
08.png,dots1.png,09.png,00.png,10.png,11.png,12.png,13.png,00.png,"[-230, -51]","[220, 99]","[150, 100]","[-80, 99]","[70, 99]","[220, 249]","[-230, 99]","[-80, 249]","[70, 249]","[-230, 249]","[-80, -201]","[70, -201]","[220, -201]","[100, 100]","[-80, -51]","[70, -51]","[220, -51]","[-230, -201]",1,12,"[100, 100]","[100, 100]",dots,33.png,32.png,14.png,34.png,00.png,31.png,00.png,m,"[100, 100]","[100, 100]","[100, 100]","[100, 100]","[100, 100]","[100, 100]","[100, 100]","[100, 100]","[100, 100]","[100, 100]","[100, 100]","[0, -375]",ok.png,"[100, 100]","[100, 100]",202,2,1,1,1,0,0,0,0,0,0,0,0.933743476868,0.9337434768676758,0,-31,-31,230,230,1,1,0,0,0,0,0,0,0,1.01206755638,1.012067556381226,0,-12,-12,-342,-342,39
00.png,00.png,dots1.png,15.png,16.png,17.png,18.png,19.png,20.png,"[-213, -56]","[237, 94]","[150, 100]","[-63, 94]","[87, 94]","[237, 244]","[-213, 94]","[-63, 244]","[87, 244]","[-213, 244]","[-63, -206]","[87, -206]","[237, -206]","[100, 100]","[-63, -56]","[87, -56]","[237, -56]","[-213, -206]",1,12,"[100, 100]","[100, 100]",dots,23.png,24.png,21.png,22.png,00.png,25.png,00.png,m,"[100, 100]","[100, 100]","[100, 100]","[100, 100]","[100, 100]","[100, 100]","[100, 100]","[100, 100]","[100, 100]","[100, 100]","[100, 100]","[0, -375]",ok.png,"[100, 100]","[100, 100]",203,2,1,1,1,0,0,0,0,0,0,0,2.13525295258,2.135252952575684,0,93,93,239,239,1,1,0,0,0,0,0,0,0,0.871810674667,0.8718106746673584,0,0,0,-399,-399,217
22.png,23.png,24.png,dots1.png,00.png,00.png,25.png,26.png,00.png,"[-209, -76]","[241, 74]","[150, 100]","[-59, 74]","[91, 74]","[241, 224]","[-209, 74]","[-59, 224]","[91, 224]","[-209, 224]","[-59, -226]","[91, -226]","[241, -226]","[100, 100]","[-59, -76]","[91, -76]","[241, -76]","[-209, -226]",1,12,"[100, 100]","[100, 100]",dots,28.png,29.png,00.png,27.png,32.png,30.png,31.png,m,"[100, 100]","[100, 100]","[100, 100]","[100, 100]","[100, 100]","[100, 100]","[100, 100]","[100, 100]","[100, 100]","[100, 100]","[100, 100]","[0, -375]",ok.png,"[100, 100]","[100, 100]",204,2,1,1,1,0,0,0,0,0,0,0,1.46838617325,1.468386173248291,0,235,235,239,239,1,1,0,0,0,0,0,0,0,2.88631653786,2.886316537857056,0,-7,-7,-384,-384,3
02.png,04.png,06.png,08.png,dots1.png,29.png,30.png,31.png,32.png,"[-244, -72]","[206, 78]","[150, 100]","[-94, 78]","[56, 78]","[206, 228]","[-244, 78]","[-94, 228]","[56, 228]","[-244, 228]","[-94, -222]","[56, -222]","[206, -222]","[100, 100]","[-94, -72]","[56, -72]","[206, -72]","[-244, -222]",1,12,"[100, 100]","[100, 100]",dots,01.png,00.png,33.png,34.png,00.png,00.png,00.png,m,"[100, 100]","[100, 100]","[100, 100]","[100, 100]","[100, 100]","[100, 100]","[100, 100]","[100, 100]","[100, 100]","[100, 100]","[100, 100]","[0, -375]",ok.png,"[100, 100]","[100, 100]",205,2,1,1,1,0,0,0,0,0,0,0,1.08644604683,1.086446046829224,0,-221,-221,63,63,1,1,0,0,0,0,0,0,0,0.359233349562,0.3592333495616913,0,-49,-49,-363,-363,306
01.png,34.png,07.png,27.png,04.png,dots1.png,00.png,00.png,06.png,"[-227, -91]","[223, 59]","[150, 100]","[-77, 59]","[73, 59]","[223, 209]","[-227, 59]","[-77, 209]","[73, 209]","[-227, 209]","[-77, -241]","[73, -241]","[223, -241]","[100, 100]","[-77, -91]","[73, -91]","[223, -91]","[-227, -241]",1,12,"[100, 100]","[100, 100]",dots,29.png,17.png,15.png,09.png,00.png,23.png,00.png,m,"[100, 100]","[100, 100]","[100, 100]","[100, 100]","[100, 100]","[100, 100]","[100, 100]","[100, 100]","[100, 100]","[100, 100]","[100, 100]","[0, -375]",ok.png,"[100, 100]","[100, 100]",206,2,1,1,1,0,0,0,0,0,0,0,1.55634152889,1.556341528892517,0,-86,-86,41,41,1,1,0,0,0,0,0,0,0,0.816937506199,0.8169375061988831,0,-15,-15,-386,-386,45
00.png,00.png,02.png,05.png,07.png,03.png,dots1.png,25.png,18.png,"[-215, -68]","[235, 82]","[150, 100]","[-65, 82]","[85, 82]","[235, 232]","[-215, 82]","[-65, 232]","[85, 232]","[-215, 232]","[-65, -218]","[85, -218]","[235, -218]","[100, 100]","[-65, -68]","[85, -68]","[235, -68]","[-215, -218]",1,12,"[100, 100]","[100, 100]",dots,00.png,06.png,14.png,00.png,17.png,22.png,09.png,m,"[100, 100]","[100, 100]","[100, 100]","[100, 100]","[100, 100]","[100, 100]","[100, 100]","[100, 100]","[100, 100]","[100, 100]","[100, 100]","[0, -375]",ok.png,"[100, 100]","[100, 100]",207,2,1,1,1,0,0,0,0,0,0,0,0.902763903141,0.9027639031410216,0,102,102,101,101,1,1,0,0,0,0,0,0,0,0.979668557644,0.9796685576438904,0,-11,-11,-415,-415,332
00.png,05.png,33.png,07.png,20.png,15.png,27.png,dots1.png,30.png,"[-216, -80]","[234, 70]","[150, 100]","[-66, 70]","[84, 70]","[234, 220]","[-216, 70]","[-66, 220]","[84, 220]","[-216, 220]","[-66, -230]","[84, -230]","[234, -230]","[100, 100]","[-66, -80]","[84, -80]","[234, -80]","[-216, -230]",1,12,"[100, 100]","[100, 100]",dots,31.png,00.png,17.png,25.png,00.png,00.png,33.png,m,"[100, 100]","[100, 100]","[100, 100]","[100, 100]","[100, 100]","[100, 100]","[100, 100]","[100, 100]","[100, 100]","[100, 100]","[100, 100]","[0, -375]",ok.png,"[100, 100]","[100, 100]",208,2,1,1,1,0,0,0,0,0,0,0,1.96640014648,1.966400146484375,0,236,236,69,69,1,1,0,0,0,0,0,0,0,0.416148632765,0.4161486327648163,0,-18,-18,-379,-379,273
07.png,10.png,13.png,16.png,00.png,00.png,00.png,00.png,dots1.png,"[-241, -73]","[209, 77]","[150, 100]","[-91, 77]","[59, 77]","[209, 227]","[-241, 77]","[-91, 227]","[59, 227]","[-241, 227]","[-91, -223]","[59, -223]","[209, -223]","[100, 100]","[-91, -73]","[59, -73]","[209, -73]","[-241, -223]",1,12,"[100, 100]","[100, 100]",dots,27.png,21.png,29.png,23.png,33.png,25.png,31.png,m,"[100, 100]","[100, 100]","[100, 100]","[100, 100]","[100, 100]","[100, 100]","[100, 100]","[100, 100]","[100, 100]","[100, 100]","[100, 100]","[0, -375]",ok.png,"[100, 100]","[100, 100]",209,2,1,1,1,0,0,0,0,0,0,0,2.14961409569,2.149614095687866,0,-275,-275,-42,-42,1,1,0,0,0,0,0,0,0,1.7372931242,1.737293124198914,0,-23,-23,-402,-402,8
09.png,07.png,05.png,03.png,14.png,16.png,18.png,20.png,22.png,"[-200, -64]","[250, 86]","[150, 100]","[-50, 86]","[100, 86]","[250, 236]","[-200, 86]","[-50, 236]","[100, 236]","[-200, 236]","[-50, -214]","[100, -214]","[250, -214]","[100, 100]","[-50, -64]","[100, -64]","[250, -64]","[-200, -214]",1,12,"[100, 100]","[100, 100]",dots,26.png,00.png,dots1.png,24.png,00.png,00.png,00.png,m,"[100, 100]","[100, 100]","[100, 100]","[100, 100]","[100, 100]","[100, 100]","[100, 100]","[100, 100]","[100, 100]","[100, 100]","[100, 100]","[0, -375]",ok.png,"[100, 100]","[100, 100]",210,2,1,1,1,0,0,0,0,0,0,0,1.07679784298,1.076797842979431,0,-84,-84,-67,-67,1,1,0,0,0,0,0,0,0,0.277935564518,0.2779355645179749,0,62,62,-443,-443,357
00.png,00.png,33.png,31.png,13.png,10.png,34.png,32.png,16.png,"[-221, -59]","[229, 91]","[150, 100]","[-71, 91]","[79, 91]","[229, 241]","[-221, 91]","[-71, 241]","[79, 241]","[-221, 241]","[-71, -209]","[79, -209]","[229, -209]","[100, 100]","[-71, -59]","[79, -59]","[229, -59]","[-221, -209]",1,12,"[100, 100]","[100, 100]",dots,21.png,24.png,19.png,dots1.png,00.png,27.png,00.png,m,"[100, 100]","[100, 100]","[100, 100]","[100, 100]","[100, 100]","[100, 100]","[100, 100]","[100, 100]","[100, 100]","[100, 100]","[100, 100]","[0, -375]",ok.png,"[100, 100]","[100, 100]",211,2,1,1,1,0,0,0,0,0,0,0,1.60594546795,1.605945467948914,0,95,95,-63,-63,1,1,0,0,0,0,0,0,0,0.388828366995,0.3888283669948578,0,19,19,-418,-418,212
10.png,15.png,20.png,25.png,00.png,00.png,04.png,17.png,21.png,"[-248, -56]","[202, 94]","[150, 100]","[-98, 94]","[52, 94]","[202, 244]","[-248, 94]","[-98, 244]","[52, 244]","[-248, 244]","[-98, -206]","[52, -206]","[202, -206]","[100, 100]","[-98, -56]","[52, -56]","[202, -56]","[-248, -206]",1,12,"[100, 100]","[100, 100]",dots,dots1.png,00.png,16.png,11.png,34.png,00.png,27.png,m,"[100, 100]","[100, 100]","[100, 100]","[100, 100]","[100, 100]","[100, 100]","[100, 100]","[100, 100]","[100, 100]","[100, 100]","[100, 100]","[0, -375]",ok.png,"[100, 100]","[100, 100]",212,2,1,1,1,0,0,0,0,0,0,0,0.977187812328,0.9771878123283386,0,208,208,-46,-46,1,1,0,0,0,0,0,0,0,0.607591688633,0.6075916886329651,0,37,37,-358,-358,226
00.png,00.png,20.png,24.png,28.png,32.png,00.png,00.png,03.png,"[-241, -56]","[209, 94]","[150, 100]","[-91, 94]","[59, 94]","[209, 244]","[-241, 94]","[-91, 244]","[59, 244]","[-241, 244]","[-91, -206]","[59, -206]","[209, -206]","[100, 100]","[-91, -56]","[59, -56]","[209, -56]","[-241, -206]",1,12,"[100, 100]","[100, 100]",dots,08.png,dots1.png,01.png,07.png,04.png,05.png,02.png,m,"[100, 100]","[100, 100]","[100, 100]","[100, 100]","[100, 100]","[100, 100]","[100, 100]","[100, 100]","[100, 100]","[100, 100]","[100, 100]","[0, -375]",ok.png,"[100, 100]","[100, 100]",213,2,1,1,1,0,0,0,0,0,0,0,1.24129295349,1.241292953491211,0,-260,-260,-193,-193,1,1,0,0,0,0,0,0,0,0.437218040228,0.43721804022789,0,-48,-48,-354,-354,356
29.png,00.png,06.png,16.png,00.png,03.png,33.png,08.png,13.png,"[-225, -58]","[225, 92]","[150, 100]","[-75, 92]","[75, 92]","[225, 242]","[-225, 92]","[-75, 242]","[75, 242]","[-225, 242]","[-75, -208]","[75, -208]","[225, -208]","[100, 100]","[-75, -58]","[75, -58]","[225, -58]","[-225, -208]",1,12,"[100, 100]","[100, 100]",dots,00.png,23.png,28.png,00.png,01.png,dots1.png,12.png,m,"[100, 100]","[100, 100]","[100, 100]","[100, 100]","[100, 100]","[100, 100]","[100, 100]","[100, 100]","[100, 100]","[100, 100]","[100, 100]","[0, -375]",ok.png,"[100, 100]","[100, 100]",214,2,1,1,1,0,0,0,0,0,0,0,1.26359117031,1.263591170310974,0,-72,-72,-205,-205,1,1,0,0,0,0,0,0,0,0.439170867205,0.4391708672046661,0,-51,-51,-383,-383,191
00.png,00.png,00.png,16.png,14.png,06.png,04.png,33.png,27.png,"[-220, -99]","[230, 51]","[150, 100]","[-70, 51]","[80, 51]","[230, 201]","[-220, 51]","[-70, 201]","[80, 201]","[-220, 201]","[-70, -249]","[80, -249]","[230, -249]","[100, 100]","[-70, -99]","[80, -99]","[230, -99]","[-220, -249]",1,12,"[100, 100]","[100, 100]",dots,13.png,07.png,23.png,17.png,00.png,03.png,dots1.png,m,"[100, 100]","[100, 100]","[100, 100]","[100, 100]","[100, 100]","[100, 100]","[100, 100]","[100, 100]","[100, 100]","[100, 100]","[100, 100]","[0, -375]",ok.png,"[100, 100]","[100, 100]",215,2,1,1,1,0,0,0,0,0,0,0,1.56015658379,1.560156583786011,0,78,78,-274,-274,1,1,0,0,0,0,0,0,0,0.342155784369,0.342155784368515,0,9,9,-372,-372,231
04.png,20.png,30.png,02.png,00.png,00.png,03.png,04.png,24.png,"[-244, -51]","[206, 99]","[150, 100]","[-94, 99]","[56, 99]","[206, 249]","[-244, 99]","[-94, 249]","[56, 249]","[-244, 249]","[-94, -201]","[56, -201]","[206, -201]","[100, 100]","[-94, -51]","[56, -51]","[206, -51]","[-244, -201]",1,12,"[100, 100]","[100, 100]",dots,00.png,14.png,23.png,00.png,dots1.png,07.png,17.png,m,"[100, 100]","[100, 100]","[100, 100]","[100, 100]","[100, 100]","[100, 100]","[100, 100]","[100, 100]","[100, 100]","[100, 100]","[100, 100]","[0, -375]",ok.png,"[100, 100]","[100, 100]",216,2,1,1,1,0,0,0,0,0,0,0,2.03810429573,2.038104295730591,0,180,180,-179,-179,1,1,0,0,0,0,0,0,0,0.985170483589,0.9851704835891724,0,-13,-13,-393,-393,44
03.png,19.png,29.png,00.png,00.png,02.png,32.png,11.png,12.png,"[-204, -88]","[246, 62]","[150, 100]","[-54, 62]","[96, 62]","[246, 212]","[-204, 62]","[-54, 212]","[96, 212]","[-204, 212]","[-54, -238]","[96, -238]","[246, -238]","[100, 100]","[-54, -88]","[96, -88]","[246, -88]","[-204, -238]",1,12,"[100, 100]","[100, 100]",dots,00.png,00.png,22.png,16.png,18.png,04.png,dots1.png,m,"[100, 100]","[100, 100]","[100, 100]","[100, 100]","[100, 100]","[100, 100]","[100, 100]","[100, 100]","[100, 100]","[100, 100]","[100, 100]","[0, -375]",ok.png,"[100, 100]","[100, 100]",217,2,1,1,1,0,0,0,0,0,0,0,0.868033349514,0.8680333495140076,0,120,120,-233,-233,1,1,0,0,0,0,0,0,0,0.660832643509,0.6608326435089111,0,16,16,-401,-401,149
16.png,13.png,11.png,05.png,21.png,00.png,00.png,00.png,00.png,"[-202, -90]","[248, 60]","[150, 100]","[-52, 60]","[98, 60]","[248, 210]","[-202, 60]","[-52, 210]","[98, 210]","[-202, 210]","[-52, -240]","[98, -240]","[248, -240]","[100, 100]","[-52, -90]","[98, -90]","[248, -90]","[-202, -240]",1,12,"[100, 100]","[100, 100]",dots,25.png,03.png,27.png,28.png,15.png,dots1.png,08.png,m,"[100, 100]","[100, 100]","[100, 100]","[100, 100]","[100, 100]","[100, 100]","[100, 100]","[100, 100]","[100, 100]","[100, 100]","[100, 100]","[0, -375]",ok.png,"[100, 100]","[100, 100]",218,2,1,1,1,0,0,0,0,0,0,0,1.94871604443,1.948716044425964,0,-45,-45,-246,-246,1,1,0,0,0,0,0,0,0,0.406029105186,0.4060291051864624,0,10,10,-385,-385,189
06.png,21.png,15.png,17.png,00.png,00.png,16.png,28.png,29.png,"[-234, -57]","[216, 93]","[150, 100]","[-84, 93]","[66, 93]","[216, 243]","[-234, 93]","[-84, 243]","[66, 243]","[-234, 243]","[-84, -207]","[66, -207]","[216, -207]","[100, 100]","[-84, -57]","[66, -57]","[216, -57]","[-234, -207]",1,12,"[100, 100]","[100, 100]",dots,23.png,dots1.png,09.png,00.png,00.png,14.png,07.png,m,"[100, 100]","[100, 100]","[100, 100]","[100, 100]","[100, 100]","[100, 100]","[100, 100]","[100, 100]","[100, 100]","[100, 100]","[100, 100]","[0, -375]",ok.png,"[100, 100]","[100, 100]",219,2,1,1,1,0,0,0,0,0,0,0,2.11606454849,2.116064548492432,0,-238,-238,-228,-228,1,1,0,0,0,0,0,0,0,0.254450112581,0.2544501125812531,0,20,20,-424,-424,409
00.png,11.png,01.png,28.png,12.png,00.png,00.png,34.png,15.png,"[-211, -80]","[239, 70]","[150, 100]","[-61, 70]","[89, 70]","[239, 220]","[-211, 70]","[-61, 220]","[89, 220]","[-211, 220]","[-61, -230]","[89, -230]","[239, -230]","[100, 100]","[-61, -80]","[89, -80]","[239, -80]","[-211, -230]",1,12,"[100, 100]","[100, 100]",dots,dots1.png,31.png,30.png,08.png,00.png,21.png,32.png,m,"[100, 100]","[100, 100]","[100, 100]","[100, 100]","[100, 100]","[100, 100]","[100, 100]","[100, 100]","[100, 100]","[100, 100]","[100, 100]","[0, -375]",ok.png,"[100, 100]","[100, 100]",220,2,1,1,1,0,0,0,0,0,0,0,0.653743207455,0.6537432074546814,0,246,246,-112,-112,1,1,0,0,0,0,0,0,0,0.297987520695,0.2979875206947327,0,82,82,-375,-375,358
00.png,00.png,12.png,04.png,32.png,31.png,24.png,27.png,07.png,"[-248, -75]","[202, 75]","[150, 100]","[-98, 75]","[52, 75]","[202, 225]","[-248, 75]","[-98, 225]","[52, 225]","[-248, 225]","[-98, -225]","[52, -225]","[202, -225]","[100, 100]","[-98, -75]","[52, -75]","[202, -75]","[-248, -225]",1,12,"[100, 100]","[100, 100]",dots,10.png,13.png,09.png,dots1.png,00.png,16.png,00.png,m,"[100, 100]","[100, 100]","[100, 100]","[100, 100]","[100, 100]","[100, 100]","[100, 100]","[100, 100]","[100, 100]","[100, 100]","[100, 100]","[0, -375]",ok.png,"[100, 100]","[100, 100]",221,2,1,1,1,0,0,0,0,0,0,0,1.63656163216,1.636561632156372,0,52,52,-109,-109,1,1,0,0,0,0,0,0,0,1.19616913795,1.196169137954712,0,25,25,-479,-479,435
00.png,00.png,25.png,12.png,33.png,19.png,05.png,00.png,01.png,"[-236, -76]","[214, 74]","[150, 100]","[-86, 74]","[64, 74]","[214, 224]","[-236, 74]","[-86, 224]","[64, 224]","[-236, 224]","[-86, -226]","[64, -226]","[214, -226]","[100, 100]","[-86, -76]","[64, -76]","[214, -76]","[-236, -226]",1,12,"[100, 100]","[100, 100]",dots,10.png,34.png,dots1.png,07.png,30.png,20.png,00.png,m,"[100, 100]","[100, 100]","[100, 100]","[100, 100]","[100, 100]","[100, 100]","[100, 100]","[100, 100]","[100, 100]","[100, 100]","[100, 100]","[0, -375]",ok.png,"[100, 100]","[100, 100]",222,2,1,1,1,0,0,0,0,0,0,0,1.27143704891,1.271437048912048,0,-88,-88,-10,-10,1,1,0,0,0,0,0,0,0,0.532076776028,0.5320767760276794,0,-17,-17,-340,-340,351
11.png,13.png,17.png,18.png,00.png,14.png,00.png,09.png,dots1.png,"[-209, -74]","[241, 76]","[150, 100]","[-59, 76]","[91, 76]","[241, 226]","[-209, 76]","[-59, 226]","[91, 226]","[-209, 226]","[-59, -224]","[91, -224]","[241, -224]","[100, 100]","[-59, -74]","[91, -74]","[241, -74]","[-209, -224]",1,12,"[100, 100]","[100, 100]",dots,30.png,26.png,02.png,04.png,00.png,24.png,00.png,m,"[100, 100]","[100, 100]","[100, 100]","[100, 100]","[100, 100]","[100, 100]","[100, 100]","[100, 100]","[100, 100]","[100, 100]","[100, 100]","[0, -375]",ok.png,"[100, 100]","[100, 100]",223,2,1,1,1,0,0,0,0,0,0,0,1.32953739166,1.329537391662598,0,-210,-210,-59,-59,1,1,0,0,0,0,0,0,0,0.591396450996,0.5913964509963989,0,32,32,-431,-431,343
00.png,14.png,10.png,20.png,11.png,07.png,00.png,dots1.png,18.png,"[-218, -78]","[232, 72]","[150, 100]","[-68, 72]","[82, 72]","[232, 222]","[-218, 72]","[-68, 222]","[82, 222]","[-218, 222]","[-68, -228]","[82, -228]","[232, -228]","[100, 100]","[-68, -78]","[82, -78]","[232, -78]","[-218, -228]",1,12,"[100, 100]","[100, 100]",dots,30.png,09.png,31.png,00.png,19.png,00.png,03.png,m,"[100, 100]","[100, 100]","[100, 100]","[100, 100]","[100, 100]","[100, 100]","[100, 100]","[100, 100]","[100, 100]","[100, 100]","[100, 100]","[0, -375]",ok.png,"[100, 100]","[100, 100]",224,2,1,1,1,0,0,0,0,0,0,0,0.826169252396,0.8261692523956299,0,201,201,90,90,1,1,0,0,0,0,0,0,0,0.37469920516,0.374699205160141,0,15,15,-396,-396,410
31.png,03.png,13.png,00.png,23.png,21.png,dots1.png,00.png,33.png,"[-210, -81]","[240, 69]","[150, 100]","[-60, 69]","[90, 69]","[240, 219]","[-210, 69]","[-60, 219]","[90, 219]","[-210, 219]","[-60, -231]","[90, -231]","[240, -231]","[100, 100]","[-60, -81]","[90, -81]","[240, -81]","[-210, -231]",1,12,"[100, 100]","[100, 100]",dots,00.png,19.png,00.png,14.png,26.png,32.png,29.png,m,"[100, 100]","[100, 100]","[100, 100]","[100, 100]","[100, 100]","[100, 100]","[100, 100]","[100, 100]","[100, 100]","[100, 100]","[100, 100]","[0, -375]",ok.png,"[100, 100]","[100, 100]",225,2,1,1,1,0,0,0,0,0,0,0,1.02693986893,1.026939868927002,0,106,106,50,50,1,1,0,0,0,0,0,0,0,1.43668568134,1.436685681343079,0,-16,-16,-412,-412,179
00.png,00.png,00.png,00.png,11.png,10.png,09.png,08.png,07.png,"[-221, -69]","[229, 81]","[150, 100]","[-71, 81]","[79, 81]","[229, 231]","[-221, 81]","[-71, 231]","[79, 231]","[-221, 231]","[-71, -219]","[79, -219]","[229, -219]","[100, 100]","[-71, -69]","[79, -69]","[229, -69]","[-221, -219]",1,12,"[100, 100]","[100, 100]",dots,04.png,03.png,06.png,05.png,dots2.png,02.png,01.png,m,"[100, 100]","[100, 100]","[100, 100]","[100, 100]","[100, 100]","[100, 100]","[100, 100]","[100, 100]","[100, 100]","[100, 100]","[100, 100]","[0, -375]",ok.png,"[100, 100]","[100, 100]",226,2,1,1,1,0,0,0,0,0,0,0,1.1219432354,1.121943235397339,0,240,240,-222,-222,1,1,0,0,0,0,0,0,0,0.251052200794,0.25105220079422,0,22,22,-379,-379,257
00.png,00.png,31.png,32.png,33.png,34.png,14.png,00.png,13.png,"[-233, -99]","[217, 51]","[150, 100]","[-83, 51]","[67, 51]","[217, 201]","[-233, 51]","[-83, 201]","[67, 201]","[-233, 201]","[-83, -249]","[67, -249]","[217, -249]","[100, 100]","[-83, -99]","[67, -99]","[217, -99]","[-233, -249]",1,12,"[100, 100]","[100, 100]",dots,10.png,00.png,12.png,11.png,08.png,09.png,dots2.png,m,"[100, 100]","[100, 100]","[100, 100]","[100, 100]","[100, 100]","[100, 100]","[100, 100]","[100, 100]","[100, 100]","[100, 100]","[100, 100]","[0, -375]",ok.png,"[100, 100]","[100, 100]",227,2,1,1,1,0,0,0,0,0,0,0,1.01379489899,1.013794898986816,0,82,82,-267,-267,1,1,0,0,0,0,0,0,0,0.343552649021,0.3435526490211487,0,28,28,-414,-414,148
00.png,00.png,25.png,24.png,23.png,22.png,21.png,20.png,19.png,"[-207, -73]","[243, 77]","[150, 100]","[-57, 77]","[93, 77]","[243, 227]","[-207, 77]","[-57, 227]","[93, 227]","[-207, 227]","[-57, -223]","[93, -223]","[243, -223]","[100, 100]","[-57, -73]","[93, -73]","[243, -73]","[-207, -223]",1,12,"[100, 100]","[100, 100]",dots,16.png,15.png,18.png,17.png,00.png,dots2.png,00.png,m,"[100, 100]","[100, 100]","[100, 100]","[100, 100]","[100, 100]","[100, 100]","[100, 100]","[100, 100]","[100, 100]","[100, 100]","[100, 100]","[0, -375]",ok.png,"[100, 100]","[100, 100]",228,2,1,1,1,0,0,0,0,0,0,0,1.67020571232,1.67020571231842,0,-54,-54,-249,-249,1,1,0,0,0,0,0,0,0,0.653467833996,0.6534678339958191,0,35,35,-356,-356,322
33.png,32.png,30.png,29.png,00.png,00.png,31.png,27.png,26.png,"[-206, -59]","[244, 91]","[150, 100]","[-56, 91]","[94, 91]","[244, 241]","[-206, 91]","[-56, 241]","[94, 241]","[-206, 241]","[-56, -209]","[94, -209]","[244, -209]","[100, 100]","[-56, -59]","[94, -59]","[244, -59]","[-206, -209]",1,12,"[100, 100]","[100, 100]",dots,00.png,dots2.png,28.png,00.png,22.png,24.png,23.png,m,"[100, 100]","[100, 100]","[100, 100]","[100, 100]","[100, 100]","[100, 100]","[100, 100]","[100, 100]","[100, 100]","[100, 100]","[100, 100]","[0, -375]",ok.png,"[100, 100]","[100, 100]",229,2,1,1,1,0,0,0,0,0,0,0,1.80546522141,1.805465221405029,0,-191,-191,-177,-177,1,1,0,0,0,0,0,0,0,0.401348561049,0.4013485610485077,0,-11,-11,-453,-453,282
00.png,00.png,00.png,00.png,01.png,34.png,33.png,32.png,31.png,"[-249, -71]","[201, 79]","[150, 100]","[-99, 79]","[51, 79]","[201, 229]","[-249, 79]","[-99, 229]","[51, 229]","[-249, 229]","[-99, -221]","[51, -221]","[201, -221]","[100, 100]","[-99, -71]","[51, -71]","[201, -71]","[-249, -221]",1,12,"[100, 100]","[100, 100]",dots,dots2.png,08.png,30.png,29.png,02.png,06.png,04.png,m,"[100, 100]","[100, 100]","[100, 100]","[100, 100]","[100, 100]","[100, 100]","[100, 100]","[100, 100]","[100, 100]","[100, 100]","[100, 100]","[0, -375]",ok.png,"[100, 100]","[100, 100]",230,2,1,1,1,0,0,0,0,0,0,0,0.868085324764,0.8680853247642517,0,214,214,-80,-80,1,1,0,0,0,0,0,0,0,0.422030687332,0.4220306873321533,0,16,16,-352,-352,372
00.png,00.png,23.png,17.png,29.png,09.png,15.png,06.png,00.png,"[-207, -59]","[243, 91]","[150, 100]","[-57, 91]","[93, 91]","[243, 241]","[-207, 91]","[-57, 241]","[93, 241]","[-207, 241]","[-57, -209]","[93, -209]","[243, -209]","[100, 100]","[-57, -59]","[93, -59]","[243, -59]","[-207, -209]",1,12,"[100, 100]","[100, 100]",dots,04.png,27.png,00.png,dots2.png,01.png,07.png,34.png,m,"[100, 100]","[100, 100]","[100, 100]","[100, 100]","[100, 100]","[100, 100]","[100, 100]","[100, 100]","[100, 100]","[100, 100]","[100, 100]","[0, -375]",ok.png,"[100, 100]","[100, 100]",231,2,1,1,1,0,0,0,0,0,0,0,0.951420128345,0.9514201283454896,0,111,111,-72,-72,1,1,0,0,0,0,0,0,0,0.813588857651,0.8135888576507568,0,67,67,-438,-438,348
17.png,09.png,22.png,06.png,00.png,00.png,14.png,18.png,25.png,"[-243, -65]","[207, 85]","[150, 100]","[-93, 85]","[57, 85]","[207, 235]","[-243, 85]","[-93, 235]","[57, 235]","[-243, 235]","[-93, -215]","[57, -215]","[207, -215]","[100, 100]","[-93, -65]","[57, -65]","[207, -65]","[-243, -215]",1,12,"[100, 100]","[100, 100]",dots,07.png,05.png,dots2.png,03.png,00.png,02.png,00.png,m,"[100, 100]","[100, 100]","[100, 100]","[100, 100]","[100, 100]","[100, 100]","[100, 100]","[100, 100]","[100, 100]","[100, 100]","[100, 100]","[0, -375]",ok.png,"[100, 100]","[100, 100]",232,2,1,1,1,0,0,0,0,0,0,0,0.902476847172,0.9024768471717834,0,-88,-88,-62,-62,1,1,0,0,0,0,0,0,0,0.723089754581,0.7230897545814514,0,-29,-29,-411,-411,196
00.png,33.png,00.png,00.png,31.png,25.png,17.png,30.png,dots2.png,"[-242, -71]","[208, 79]","[150, 100]","[-92, 79]","[58, 79]","[208, 229]","[-242, 79]","[-92, 229]","[58, 229]","[-242, 229]","[-92, -221]","[58, -221]","[208, -221]","[100, 100]","[-92, -71]","[58, -71]","[208, -71]","[-242, -221]",1,12,"[100, 100]","[100, 100]",dots,20.png,07.png,27.png,15.png,00.png,33.png,05.png,m,"[100, 100]","[100, 100]","[100, 100]","[100, 100]","[100, 100]","[100, 100]","[100, 100]","[100, 100]","[100, 100]","[100, 100]","[100, 100]","[0, -375]",ok.png,"[100, 100]","[100, 100]",233,2,1,1,1,0,0,0,0,0,0,0,2.01648950577,2.016489505767822,0,-256,-256,-74,-74,1,1,0,0,0,0,0,0,0,1.5062276125,1.506227612495422,0,1,1,-396,-396,103
33.png,31.png,25.png,21.png,27.png,23.png,29.png,dots2.png,00.png,"[-243, -92]","[207, 58]","[150, 100]","[-93, 58]","[57, 58]","[207, 208]","[-243, 58]","[-93, 208]","[57, 208]","[-243, 208]","[-93, -242]","[57, -242]","[207, -242]","[100, 100]","[-93, -92]","[57, -92]","[207, -92]","[-243, -242]",1,12,"[100, 100]","[100, 100]",dots,00.png,16.png,00.png,00.png,07.png,13.png,10.png,m,"[100, 100]","[100, 100]","[100, 100]","[100, 100]","[100, 100]","[100, 100]","[100, 100]","[100, 100]","[100, 100]","[100, 100]","[100, 100]","[0, -375]",ok.png,"[100, 100]","[100, 100]",234,2,1,1,1,0,0,0,0,0,0,0,1.04595685005,1.04595685005188,0,219,219,64,64,1,1,0,0,0,0,0,0,0,1.44691574574,1.446915745735168,0,18,18,-416,-416,69
00.png,00.png,00.png,00.png,26.png,24.png,dots2.png,22.png,20.png,"[-246, -69]","[204, 81]","[150, 100]","[-96, 81]","[54, 81]","[204, 231]","[-246, 81]","[-96, 231]","[54, 231]","[-246, 231]","[-96, -219]","[54, -219]","[204, -219]","[100, 100]","[-96, -69]","[54, -69]","[204, -69]","[-246, -219]",1,12,"[100, 100]","[100, 100]",dots,14.png,03.png,18.png,16.png,09.png,05.png,07.png,m,"[100, 100]","[100, 100]","[100, 100]","[100, 100]","[100, 100]","[100, 100]","[100, 100]","[100, 100]","[100, 100]","[100, 100]","[100, 100]","[0, -375]",ok.png,"[100, 100]","[100, 100]",235,2,1,1,1,0,0,0,0,0,0,0,0.885863244534,0.8858632445335388,0,41,41,94,94,1,1,0,0,0,0,0,0,0,0.940493524075,0.9404935240745544,0,20,20,-391,-391,28
00.png,00.png,27.png,24.png,21.png,dots2.png,19.png,16.png,32.png,"[-222, -55]","[228, 95]","[150, 100]","[-72, 95]","[78, 95]","[228, 245]","[-222, 95]","[-72, 245]","[78, 245]","[-222, 245]","[-72, -205]","[78, -205]","[228, -205]","[100, 100]","[-72, -55]","[78, -55]","[228, -55]","[-222, -205]",1,12,"[100, 100]","[100, 100]",dots,13.png,31.png,34.png,10.png,00.png,33.png,00.png,m,"[100, 100]","[100, 100]","[100, 100]","[100, 100]","[100, 100]","[100, 100]","[100, 100]","[100, 100]","[100, 100]","[100, 100]","[100, 100]","[0, -375]",ok.png,"[100, 100]","[100, 100]",236,2,1,1,1,0,0,0,0,0,0,0,1.24414002895,1.244140028953552,0,-57,-57,83,83,1,1,0,0,0,0,0,0,0,0.754451155663,0.7544511556625366,0,38,38,-475,-475,159
34.png,27.png,00.png,00.png,dots2.png,11.png,16.png,21.png,17.png,"[-224, -84]","[226, 66]","[150, 100]","[-74, 66]","[76, 66]","[226, 216]","[-224, 66]","[-74, 216]","[76, 216]","[-224, 216]","[-74, -234]","[76, -234]","[226, -234]","[100, 100]","[-74, -84]","[76, -84]","[226, -84]","[-224, -234]",1,12,"[100, 100]","[100, 100]",dots,00.png,25.png,04.png,00.png,10.png,20.png,15.png,m,"[100, 100]","[100, 100]","[100, 100]","[100, 100]","[100, 100]","[100, 100]","[100, 100]","[100, 100]","[100, 100]","[100, 100]","[100, 100]","[0, -375]",ok.png,"[100, 100]","[100, 100]",237,2,1,1,1,0,0,0,0,0,0,0,1.76119053364,1.761190533638,0,-241,-241,86,86,1,1,0,0,0,0,0,0,0,1.61866092682,1.618660926818848,0,10,10,-362,-362,388
04.png,02.png,05.png,dots2.png,08.png,07.png,01.png,03.png,00.png,"[-233, -83]","[217, 67]","[150, 100]","[-83, 67]","[67, 67]","[217, 217]","[-233, 67]","[-83, 217]","[67, 217]","[-233, 217]","[-83, -233]","[67, -233]","[217, -233]","[100, 100]","[-83, -83]","[67, -83]","[217, -83]","[-233, -233]",1,12,"[100, 100]","[100, 100]",dots,28.png,24.png,00.png,32.png,00.png,20.png,00.png,m,"[100, 100]","[100, 100]","[100, 100]","[100, 100]","[100, 100]","[100, 100]","[100, 100]","[100, 100]","[100, 100]","[100, 100]","[100, 100]","[0, -375]",ok.png,"[100, 100]","[100, 100]",238,2,1,1,1,0,0,0,0,0,0,0,1.48285233974,1.482852339744568,0,226,226,210,210,1,1,0,0,0,0,0,0,0,0.804327666759,0.804327666759491,0,41,41,-312,-312,229
01.png,12.png,dots2.png,23.png,00.png,00.png,28.png,13.png,08.png,"[-206, -78]","[244, 72]","[150, 100]","[-56, 72]","[94, 72]","[244, 222]","[-206, 72]","[-56, 222]","[94, 222]","[-206, 222]","[-56, -228]","[94, -228]","[244, -228]","[100, 100]","[-56, -78]","[94, -78]","[244, -78]","[-206, -228]",1,12,"[100, 100]","[100, 100]",dots,00.png,16.png,33.png,03.png,29.png,06.png,00.png,m,"[100, 100]","[100, 100]","[100, 100]","[100, 100]","[100, 100]","[100, 100]","[100, 100]","[100, 100]","[100, 100]","[100, 100]","[100, 100]","[0, -375]",ok.png,"[100, 100]","[100, 100]",239,2,1,1,1,0,0,0,0,0,0,0,1.35271191597,1.352711915969849,0,94,94,211,211,1,1,0,0,0,0,0,0,0,2.4650888443,2.465088844299316,0,4,4,-405,-405,2
00.png,dots2.png,03.png,07.png,13.png,17.png,23.png,27.png,33.png,"[-215, -68]","[235, 82]","[150, 100]","[-65, 82]","[85, 82]","[235, 232]","[-215, 82]","[-65, 232]","[85, 232]","[-215, 232]","[-65, -218]","[85, -218]","[235, -218]","[100, 100]","[-65, -68]","[85, -68]","[235, -68]","[-215, -218]",1,12,"[100, 100]","[100, 100]",dots,14.png,16.png,04.png,06.png,00.png,00.png,00.png,m,"[100, 100]","[100, 100]","[100, 100]","[100, 100]","[100, 100]","[100, 100]","[100, 100]","[100, 100]","[100, 100]","[100, 100]","[100, 100]","[0, -375]",ok.png,"[100, 100]","[100, 100]",240,2,1,1,1,0,0,0,0,0,0,0,1.37082433701,1.370824337005615,0,-53,-53,240,240,1,1,0,0,0,0,0,0,0,0.780372142792,0.780372142791748,0,68,68,-345,-345,430
dots2.png,17.png,07.png,14.png,00.png,00.png,23.png,24.png,04.png,"[-206, -94]","[244, 56]","[150, 100]","[-56, 56]","[94, 56]","[244, 206]","[-206, 56]","[-56, 206]","[94, 206]","[-206, 206]","[-56, -244]","[94, -244]","[244, -244]","[100, 100]","[-56, -94]","[94, -94]","[244, -94]","[-206, -244]",1,12,"[100, 100]","[100, 100]",dots,00.png,02.png,03.png,00.png,04.png,30.png,20.png,m,"[100, 100]","[100, 100]","[100, 100]","[100, 100]","[100, 100]","[100, 100]","[100, 100]","[100, 100]","[100, 100]","[100, 100]","[100, 100]","[0, -375]",ok.png,"[100, 100]","[100, 100]",241,2,1,1,1,0,0,0,0,0,0,0,1.12052619457,1.120526194572449,0,-192,-192,193,193,1,1,0,0,0,0,0,0,0,0.764593243599,0.764593243598938,0,-31,-31,-394,-394,338
18.png,dots2.png,04.png,00.png,00.png,16.png,22.png,12.png,11.png,"[-237, -53]","[213, 97]","[150, 100]","[-87, 97]","[63, 97]","[213, 247]","[-237, 97]","[-87, 247]","[63, 247]","[-237, 247]","[-87, -203]","[63, -203]","[213, -203]","[100, 100]","[-87, -53]","[63, -53]","[213, -53]","[-237, -203]",1,12,"[100, 100]","[100, 100]",dots,00.png,00.png,32.png,02.png,03.png,29.png,19.png,m,"[100, 100]","[100, 100]","[100, 100]","[100, 100]","[100, 100]","[100, 100]","[100, 100]","[100, 100]","[100, 100]","[100, 100]","[100, 100]","[0, -375]",ok.png,"[100, 100]","[100, 100]",242,2,1,1,1,0,0,0,0,0,0,0,1.68825137615,1.688251376152039,0,-91,-91,245,245,1,1,0,0,0,0,0,0,0,0.466204106808,0.4662041068077087,0,-3,-3,-382,-382,278
15.png,08.png,dots2.png,03.png,25.png,28.png,27.png,00.png,00.png,"[-203, -85]","[247, 65]","[150, 100]","[-53, 65]","[97, 65]","[247, 215]","[-203, 65]","[-53, 215]","[97, 215]","[-203, 215]","[-53, -235]","[97, -235]","[247, -235]","[100, 100]","[-53, -85]","[97, -85]","[247, -85]","[-203, -235]",1,12,"[100, 100]","[100, 100]",dots,21.png,05.png,00.png,00.png,16.png,11.png,13.png,m,"[100, 100]","[100, 100]","[100, 100]","[100, 100]","[100, 100]","[100, 100]","[100, 100]","[100, 100]","[100, 100]","[100, 100]","[100, 100]","[0, -375]",ok.png,"[100, 100]","[100, 100]",243,2,1,1,1,0,0,0,0,0,0,0,1.33609855175,1.336098551750183,0,75,75,205,205,1,1,0,0,0,0,0,0,0,2.7915289402,2.791528940200806,0,-18,-18,-413,-413,72
00.png,07.png,14.png,dots2.png,23.png,00.png,09.png,29.png,28.png,"[-203, -87]","[247, 63]","[150, 100]","[-53, 63]","[97, 63]","[247, 213]","[-203, 63]","[-53, 213]","[97, 213]","[-203, 213]","[-53, -237]","[97, -237]","[247, -237]","[100, 100]","[-53, -87]","[97, -87]","[247, -87]","[-203, -237]",1,12,"[100, 100]","[100, 100]",dots,00.png,17.png,16.png,00.png,06.png,15.png,21.png,m,"[100, 100]","[100, 100]","[100, 100]","[100, 100]","[100, 100]","[100, 100]","[100, 100]","[100, 100]","[100, 100]","[100, 100]","[100, 100]","[0, -375]",ok.png,"[100, 100]","[100, 100]",244,2,1,1,1,0,0,0,0,0,0,0,1.43713700771,1.437137007713318,0,211,211,222,222,1,1,0,0,0,0,0,0,0,0.544129610062,0.5441296100616455,0,116,116,-402,-402,406
00.png,32.png,21.png,31.png,dots2.png,08.png,30.png,15.png,34.png,"[-220, -83]","[230, 67]","[150, 100]","[-70, 67]","[80, 67]","[230, 217]","[-220, 67]","[-70, 217]","[80, 217]","[-220, 217]","[-70, -233]","[80, -233]","[230, -233]","[100, 100]","[-70, -83]","[80, -83]","[230, -83]","[-220, -233]",1,12,"[100, 100]","[100, 100]",dots,12.png,28.png,00.png,00.png,00.png,01.png,11.png,m,"[100, 100]","[100, 100]","[100, 100]","[100, 100]","[100, 100]","[100, 100]","[100, 100]","[100, 100]","[100, 100]","[100, 100]","[100, 100]","[0, -375]",ok.png,"[100, 100]","[100, 100]",245,2,1,1,1,0,0,0,0,0,0,0,1.33816051483,1.338160514831543,0,-231,-231,102,102,1,1,0,0,0,0,0,0,0,0.719057559967,0.719057559967041,0,0,0,-386,-386,134
00.png,00.png,16.png,13.png,10.png,dots2.png,09.png,07.png,27.png,"[-207, -60]","[243, 90]","[150, 100]","[-57, 90]","[93, 90]","[243, 240]","[-207, 90]","[-57, 240]","[93, 240]","[-207, 240]","[-57, -210]","[93, -210]","[243, -210]","[100, 100]","[-57, -60]","[93, -60]","[243, -60]","[-207, -210]",1,12,"[100, 100]","[100, 100]",dots,32.png,04.png,24.png,31.png,00.png,12.png,00.png,m,"[100, 100]","[100, 100]","[100, 100]","[100, 100]","[100, 100]","[100, 100]","[100, 100]","[100, 100]","[100, 100]","[100, 100]","[100, 100]","[0, -375]",ok.png,"[100, 100]","[100, 100]",246,2,1,1,1,0,0,0,0,0,0,0,0.808919966221,0.8089199662208557,0,-82,-82,105,105,1,1,0,0,0,0,0,0,0,1.00117003918,1.001170039176941,0,13,13,-421,-421,173
30.png,00.png,20.png,34.png,10.png,07.png,dots2.png,01.png,00.png,"[-206, -63]","[244, 87]","[150, 100]","[-56, 87]","[94, 87]","[244, 237]","[-206, 87]","[-56, 237]","[94, 237]","[-206, 237]","[-56, -213]","[94, -213]","[244, -213]","[100, 100]","[-56, -63]","[94, -63]","[244, -63]","[-206, -213]",1,12,"[100, 100]","[100, 100]",dots,33.png,12.png,05.png,19.png,00.png,25.png,00.png,m,"[100, 100]","[100, 100]","[100, 100]","[100, 100]","[100, 100]","[100, 100]","[100, 100]","[100, 100]","[100, 100]","[100, 100]","[100, 100]","[0, -375]",ok.png,"[100, 100]","[100, 100]",247,2,1,1,1,0,0,0,0,0,0,0,0.901287674904,0.9012876749038696,0,110,110,116,116,1,1,0,0,0,0,0,0,0,1.00078725815,1.000787258148193,0,60,60,-405,-405,30
00.png,00.png,24.png,26.png,30.png,04.png,02.png,dots2.png,09.png,"[-233, -69]","[217, 81]","[150, 100]","[-83, 81]","[67, 81]","[217, 231]","[-233, 81]","[-83, 231]","[67, 231]","[-233, 231]","[-83, -219]","[67, -219]","[217, -219]","[100, 100]","[-83, -69]","[67, -69]","[217, -69]","[-233, -219]",1,12,"[100, 100]","[100, 100]",dots,00.png,18.png,00.png,14.png,11.png,17.png,13.png,m,"[100, 100]","[100, 100]","[100, 100]","[100, 100]","[100, 100]","[100, 100]","[100, 100]","[100, 100]","[100, 100]","[100, 100]","[100, 100]","[0, -375]",ok.png,"[100, 100]","[100, 100]",248,2,1,1,1,0,0,0,0,0,0,0,1.0138219595,1.013821959495544,0,229,229,76,76,1,1,0,0,0,0,0,0,0,0.95409309864,0.954093098640442,0,-3,-3,-398,-398,136
19.png,03.png,00.png,09.png,30.png,00.png,31.png,18.png,dots2.png,"[-203, -81]","[247, 69]","[150, 100]","[-53, 69]","[97, 69]","[247, 219]","[-203, 69]","[-53, 219]","[97, 219]","[-203, 219]","[-53, -231]","[97, -231]","[247, -231]","[100, 100]","[-53, -81]","[97, -81]","[247, -81]","[-203, -231]",1,12,"[100, 100]","[100, 100]",dots,11.png,20.png,00.png,07.png,00.png,10.png,14.png,m,"[100, 100]","[100, 100]","[100, 100]","[100, 100]","[100, 100]","[100, 100]","[100, 100]","[100, 100]","[100, 100]","[100, 100]","[100, 100]","[0, -375]",ok.png,"[100, 100]","[100, 100]",249,2,1,1,1,0,0,0,0,0,0,0,0.871237277985,0.8712372779846191,0,-157,-157,-92,-92,1,1,0,0,0,0,0,0,0,0.530788004398,0.530788004398346,0,54,54,-465,-465,158
26.png,29.png,32.png,19.png,00.png,14.png,00.png,33.png,00.png,"[-220, -96]","[230, 54]","[150, 100]","[-70, 54]","[80, 54]","[230, 204]","[-220, 54]","[-70, 204]","[80, 204]","[-220, 204]","[-70, -246]","[80, -246]","[230, -246]","[100, 100]","[-70, -96]","[80, -96]","[230, -96]","[-220, -246]",1,12,"[100, 100]","[100, 100]",dots,23.png,00.png,dots2.png,21.png,31.png,13.png,03.png,m,"[100, 100]","[100, 100]","[100, 100]","[100, 100]","[100, 100]","[100, 100]","[100, 100]","[100, 100]","[100, 100]","[100, 100]","[100, 100]","[0, -375]",ok.png,"[100, 100]","[100, 100]",250,2,1,1,1,0,0,0,0,0,0,0,2.0380563736,2.038056373596191,0,-59,-59,-82,-82,1,1,0,0,0,0,0,0,0,2.56190896034,2.561908960342407,0,17,17,-379,-379,1
tray1.png,01.png,02.png,03.png,04.png,05.png,06.png,07.png,08.png,"[-238, -68]","[212, 82]","[150, 100]","[-88, 82]","[62, 82]","[212, 232]","[-238, 82]","[-88, 232]","[62, 232]","[-238, 232]","[-88, -218]","[62, -218]","[212, -218]","[100, 100]","[-88, -68]","[62, -68]","[212, -68]","[-238, -218]",1,12,"[100, 100]","[100, 100]",both,dots1.png,00.png,09.png,10.png,00.png,00.png,00.png,m,"[100, 100]","[100, 100]","[100, 100]","[100, 100]","[100, 100]","[100, 100]","[100, 100]","[100, 100]","[100, 100]","[100, 100]","[100, 100]","[0, -375]",ok.png,"[100, 100]","[100, 100]",251,3,1,1,1,0,0,0,0,0,0,0,1.15282940865,1.15282940864563,0,202,202,-82,-82,1,1,0,0,0,0,0,0,0,1.042319417,1.042319416999817,0,-233,-233,275,275,436
08.png,tray1.png,09.png,00.png,10.png,11.png,12.png,13.png,00.png,"[-201, -62]","[249, 88]","[150, 100]","[-51, 88]","[99, 88]","[249, 238]","[-201, 88]","[-51, 238]","[99, 238]","[-201, 238]","[-51, -212]","[99, -212]","[249, -212]","[100, 100]","[-51, -62]","[99, -62]","[249, -62]","[-201, -212]",1,12,"[100, 100]","[100, 100]",both,33.png,32.png,14.png,dots1.png,00.png,31.png,00.png,m,"[100, 100]","[100, 100]","[100, 100]","[100, 100]","[100, 100]","[100, 100]","[100, 100]","[100, 100]","[100, 100]","[100, 100]","[100, 100]","[0, -375]",ok.png,"[100, 100]","[100, 100]",252,3,1,1,1,0,0,0,0,0,0,0,0.653933763504,0.6539337635040283,0,97,97,-38,-38,1,1,0,0,0,0,0,0,0,0.313446164131,0.3134461641311646,0,121,121,-325,-325,251
00.png,00.png,tray1.png,15.png,16.png,17.png,18.png,19.png,20.png,"[-216, -52]","[234, 98]","[150, 100]","[-66, 98]","[84, 98]","[234, 248]","[-216, 98]","[-66, 248]","[84, 248]","[-216, 248]","[-66, -202]","[84, -202]","[234, -202]","[100, 100]","[-66, -52]","[84, -52]","[234, -52]","[-216, -202]",1,12,"[100, 100]","[100, 100]",both,23.png,24.png,dots1.png,22.png,00.png,25.png,00.png,m,"[100, 100]","[100, 100]","[100, 100]","[100, 100]","[100, 100]","[100, 100]","[100, 100]","[100, 100]","[100, 100]","[100, 100]","[100, 100]","[0, -375]",ok.png,"[100, 100]","[100, 100]",253,3,1,1,1,0,0,0,0,0,0,0,1.54059040546,1.540590405464172,0,-93,-93,-39,-39,1,1,0,0,0,0,0,0,0,0.999808728695,0.9998087286949158,0,72,72,292,292,156
22.png,23.png,24.png,tray1.png,00.png,00.png,25.png,dots1.png,00.png,"[-235, -51]","[215, 99]","[150, 100]","[-85, 99]","[65, 99]","[215, 249]","[-235, 99]","[-85, 249]","[65, 249]","[-235, 249]","[-85, -201]","[65, -201]","[215, -201]","[100, 100]","[-85, -51]","[65, -51]","[215, -51]","[-235, -201]",1,12,"[100, 100]","[100, 100]",both,28.png,29.png,00.png,27.png,32.png,30.png,31.png,m,"[100, 100]","[100, 100]","[100, 100]","[100, 100]","[100, 100]","[100, 100]","[100, 100]","[100, 100]","[100, 100]","[100, 100]","[100, 100]","[0, -375]",ok.png,"[100, 100]","[100, 100]",254,3,1,1,1,0,0,0,0,0,0,0,0.921217501163,0.9212175011634828,0,238,238,110,110,1,1,0,0,0,0,0,0,0,1.19838500023,1.198385000228882,0,197,197,265,265,64
02.png,04.png,06.png,08.png,tray1.png,29.png,dots1.png,31.png,32.png,"[-202, -71]","[248, 79]","[150, 100]","[-52, 79]","[98, 79]","[248, 229]","[-202, 79]","[-52, 229]","[98, 229]","[-202, 229]","[-52, -221]","[98, -221]","[248, -221]","[100, 100]","[-52, -71]","[98, -71]","[248, -71]","[-202, -221]",1,12,"[100, 100]","[100, 100]",both,01.png,00.png,33.png,34.png,00.png,00.png,00.png,m,"[100, 100]","[100, 100]","[100, 100]","[100, 100]","[100, 100]","[100, 100]","[100, 100]","[100, 100]","[100, 100]","[100, 100]","[100, 100]","[0, -375]",ok.png,"[100, 100]","[100, 100]",255,3,1,1,1,0,0,0,0,0,0,0,1.04484426975,1.044844269752502,0,56,56,71,71,1,1,0,0,0,0,0,0,0,0.499424904585,0.4994249045848846,0,-229,-229,104,104,429
01.png,34.png,07.png,27.png,dots1.png,tray1.png,00.png,00.png,06.png,"[-248, -79]","[202, 71]","[150, 100]","[-98, 71]","[52, 71]","[202, 221]","[-248, 71]","[-98, 221]","[52, 221]","[-248, 221]","[-98, -229]","[52, -229]","[202, -229]","[100, 100]","[-98, -79]","[52, -79]","[202, -79]","[-248, -229]",1,12,"[100, 100]","[100, 100]",both,29.png,17.png,15.png,09.png,00.png,23.png,00.png,m,"[100, 100]","[100, 100]","[100, 100]","[100, 100]","[100, 100]","[100, 100]","[100, 100]","[100, 100]","[100, 100]","[100, 100]","[100, 100]","[0, -375]",ok.png,"[100, 100]","[100, 100]",256,3,1,1,1,0,0,0,0,0,0,0,0.975015699863,0.9750156998634338,0,-127,-127,88,88,1,1,0,0,0,0,0,0,0,0.423892170191,0.4238921701908112,0,-184,-184,74,74,117
00.png,00.png,02.png,dots1.png,07.png,03.png,tray1.png,25.png,18.png,"[-209, -61]","[241, 89]","[150, 100]","[-59, 89]","[91, 89]","[241, 239]","[-209, 89]","[-59, 239]","[91, 239]","[-209, 239]","[-59, -211]","[91, -211]","[241, -211]","[100, 100]","[-59, -61]","[91, -61]","[241, -61]","[-209, -211]",1,12,"[100, 100]","[100, 100]",both,00.png,06.png,14.png,00.png,17.png,22.png,09.png,m,"[100, 100]","[100, 100]","[100, 100]","[100, 100]","[100, 100]","[100, 100]","[100, 100]","[100, 100]","[100, 100]","[100, 100]","[100, 100]","[0, -375]",ok.png,"[100, 100]","[100, 100]",257,3,1,1,1,0,0,0,0,0,0,0,0.883518695831,0.8835186958312988,0,95,95,88,88,1,1,0,0,0,0,0,0,0,0.456156730652,0.4561567306518555,0,257,257,216,216,75
00.png,05.png,dots1.png,07.png,20.png,15.png,27.png,tray1.png,30.png,"[-225, -86]","[225, 64]","[150, 100]","[-75, 64]","[75, 64]","[225, 214]","[-225, 64]","[-75, 214]","[75, 214]","[-225, 214]","[-75, -236]","[75, -236]","[225, -236]","[100, 100]","[-75, -86]","[75, -86]","[225, -86]","[-225, -236]",1,12,"[100, 100]","[100, 100]",both,31.png,00.png,17.png,25.png,00.png,00.png,33.png,m,"[100, 100]","[100, 100]","[100, 100]","[100, 100]","[100, 100]","[100, 100]","[100, 100]","[100, 100]","[100, 100]","[100, 100]","[100, 100]","[0, -375]",ok.png,"[100, 100]","[100, 100]",258,3,1,1,1,0,0,0,0,0,0,0,1.37155199051,1.371551990509033,0,82,82,215,215,1,1,0,0,0,0,0,0,0,0.5016284585,0.5016284584999084,0,257,257,45,45,368
07.png,dots1.png,13.png,16.png,00.png,00.png,00.png,00.png,tray1.png,"[-248, -54]","[202, 96]","[150, 100]","[-98, 96]","[52, 96]","[202, 246]","[-248, 96]","[-98, 246]","[52, 246]","[-248, 246]","[-98, -204]","[52, -204]","[202, -204]","[100, 100]","[-98, -54]","[52, -54]","[202, -54]","[-248, -204]",1,12,"[100, 100]","[100, 100]",both,27.png,21.png,29.png,23.png,33.png,25.png,31.png,m,"[100, 100]","[100, 100]","[100, 100]","[100, 100]","[100, 100]","[100, 100]","[100, 100]","[100, 100]","[100, 100]","[100, 100]","[100, 100]","[0, -375]",ok.png,"[100, 100]","[100, 100]",259,3,1,1,1,0,0,0,0,0,0,0,1.46403133869,1.464031338691711,0,-215,-215,-50,-50,1,1,0,0,0,0,0,0,0,1.35645735264,1.356457352638245,0,-73,-73,278,278,437
dots1.png,07.png,05.png,03.png,14.png,16.png,18.png,20.png,22.png,"[-243, -70]","[207, 80]","[150, 100]","[-93, 80]","[57, 80]","[207, 230]","[-243, 80]","[-93, 230]","[57, 230]","[-243, 230]","[-93, -220]","[57, -220]","[207, -220]","[100, 100]","[-93, -70]","[57, -70]","[207, -70]","[-243, -220]",1,12,"[100, 100]","[100, 100]",both,26.png,00.png,tray1.png,24.png,00.png,00.png,00.png,m,"[100, 100]","[100, 100]","[100, 100]","[100, 100]","[100, 100]","[100, 100]","[100, 100]","[100, 100]","[100, 100]","[100, 100]","[100, 100]","[0, -375]",ok.png,"[100, 100]","[100, 100]",260,3,1,1,1,0,0,0,0,0,0,0,0.894201338291,0.8942013382911682,0,-236,-236,231,231,1,1,0,0,0,0,0,0,0,0.778256833553,0.7782568335533142,0,-76,-76,-46,-46,24
00.png,00.png,dots1.png,31.png,13.png,10.png,34.png,32.png,16.png,"[-220, -53]","[230, 97]","[150, 100]","[-70, 97]","[80, 97]","[230, 247]","[-220, 97]","[-70, 247]","[80, 247]","[-220, 247]","[-70, -203]","[80, -203]","[230, -203]","[100, 100]","[-70, -53]","[80, -53]","[230, -53]","[-220, -203]",1,12,"[100, 100]","[100, 100]",both,21.png,24.png,19.png,tray1.png,00.png,27.png,00.png,m,"[100, 100]","[100, 100]","[100, 100]","[100, 100]","[100, 100]","[100, 100]","[100, 100]","[100, 100]","[100, 100]","[100, 100]","[100, 100]","[0, -375]",ok.png,"[100, 100]","[100, 100]",261,3,1,1,1,0,0,0,0,0,0,0,0.943377912045,0.9433779120445251,0,64,64,-59,-59,1,1,0,0,0,0,0,0,0,0.42570233345,0.4257023334503174,0,89,89,240,240,414
10.png,15.png,20.png,dots1.png,00.png,00.png,04.png,17.png,21.png,"[-218, -65]","[232, 85]","[150, 100]","[-68, 85]","[82, 85]","[232, 235]","[-218, 85]","[-68, 235]","[82, 235]","[-218, 235]","[-68, -215]","[82, -215]","[232, -215]","[100, 100]","[-68, -65]","[82, -65]","[232, -65]","[-218, -215]",1,12,"[100, 100]","[100, 100]",both,tray1.png,00.png,16.png,11.png,34.png,00.png,27.png,m,"[100, 100]","[100, 100]","[100, 100]","[100, 100]","[100, 100]","[100, 100]","[100, 100]","[100, 100]","[100, 100]","[100, 100]","[100, 100]","[0, -375]",ok.png,"[100, 100]","[100, 100]",262,3,1,1,1,0,0,0,0,0,0,0,2.04145264626,2.041452646255493,0,256,256,-67,-67,1,1,0,0,0,0,0,0,0,0.511908471584,0.5119084715843201,0,62,62,-399,-399,294
00.png,00.png,20.png,24.png,dots1.png,32.png,00.png,00.png,03.png,"[-232, -98]","[218, 52]","[150, 100]","[-82, 52]","[68, 52]","[218, 202]","[-232, 52]","[-82, 202]","[68, 202]","[-232, 202]","[-82, -248]","[68, -248]","[218, -248]","[100, 100]","[-82, -98]","[68, -98]","[218, -98]","[-232, -248]",1,12,"[100, 100]","[100, 100]",both,08.png,tray1.png,01.png,07.png,04.png,05.png,02.png,m,"[100, 100]","[100, 100]","[100, 100]","[100, 100]","[100, 100]","[100, 100]","[100, 100]","[100, 100]","[100, 100]","[100, 100]","[100, 100]","[0, -375]",ok.png,"[100, 100]","[100, 100]",263,3,1,1,1,0,0,0,0,0,0,0,0.887908756733,0.8879087567329407,0,-215,-215,61,61,1,1,0,0,0,0,0,0,0,0.60649895668,0.6064989566802979,0,-240,-240,-288,-288,297
29.png,00.png,06.png,16.png,00.png,dots1.png,33.png,08.png,13.png,"[-209, -82]","[241, 68]","[150, 100]","[-59, 68]","[91, 68]","[241, 218]","[-209, 68]","[-59, 218]","[91, 218]","[-209, 218]","[-59, -232]","[91, -232]","[241, -232]","[100, 100]","[-59, -82]","[91, -82]","[241, -82]","[-209, -232]",1,12,"[100, 100]","[100, 100]",both,00.png,23.png,28.png,00.png,01.png,tray1.png,12.png,m,"[100, 100]","[100, 100]","[100, 100]","[100, 100]","[100, 100]","[100, 100]","[100, 100]","[100, 100]","[100, 100]","[100, 100]","[100, 100]","[0, -375]",ok.png,"[100, 100]","[100, 100]",264,3,1,1,1,0,0,0,0,0,0,0,1.38695144653,1.386951446533203,0,-77,-77,-235,-235,1,1,0,0,0,0,0,0,0,0.653449714184,0.6534497141838074,0,-51,-51,78,78,223
00.png,00.png,00.png,16.png,14.png,06.png,dots1.png,33.png,27.png,"[-209, -83]","[241, 67]","[150, 100]","[-59, 67]","[91, 67]","[241, 217]","[-209, 67]","[-59, 217]","[91, 217]","[-209, 217]","[-59, -233]","[91, -233]","[241, -233]","[100, 100]","[-59, -83]","[91, -83]","[241, -83]","[-209, -233]",1,12,"[100, 100]","[100, 100]",both,13.png,07.png,23.png,17.png,00.png,03.png,tray1.png,m,"[100, 100]","[100, 100]","[100, 100]","[100, 100]","[100, 100]","[100, 100]","[100, 100]","[100, 100]","[100, 100]","[100, 100]","[100, 100]","[0, -375]",ok.png,"[100, 100]","[100, 100]",265,3,1,1,1,0,0,0,0,0,0,0,1.23087263107,1.230872631072998,0,99,99,94,94,1,1,0,0,0,0,0,0,0,0.424740612507,0.4247406125068665,0,87,87,-262,-262,13
04.png,20.png,30.png,02.png,00.png,00.png,03.png,dots1.png,24.png,"[-208, -81]","[242, 69]","[150, 100]","[-58, 69]","[92, 69]","[242, 219]","[-208, 69]","[-58, 219]","[92, 219]","[-208, 219]","[-58, -231]","[92, -231]","[242, -231]","[100, 100]","[-58, -81]","[92, -81]","[242, -81]","[-208, -231]",1,12,"[100, 100]","[100, 100]",both,00.png,14.png,23.png,00.png,tray1.png,07.png,17.png,m,"[100, 100]","[100, 100]","[100, 100]","[100, 100]","[100, 100]","[100, 100]","[100, 100]","[100, 100]","[100, 100]","[100, 100]","[100, 100]","[0, -375]",ok.png,"[100, 100]","[100, 100]",266,3,1,1,1,0,0,0,0,0,0,0,1.10968065262,1.109680652618408,0,204,204,47,47,1,1,0,0,0,0,0,0,0,0.508439064026,0.5084390640258789,0,47,47,-382,-382,213
03.png,19.png,29.png,00.png,00.png,02.png,32.png,11.png,dots1.png,"[-226, -65]","[224, 85]","[150, 100]","[-76, 85]","[74, 85]","[224, 235]","[-226, 85]","[-76, 235]","[74, 235]","[-226, 235]","[-76, -215]","[74, -215]","[224, -215]","[100, 100]","[-76, -65]","[74, -65]","[224, -65]","[-226, -215]",1,12,"[100, 100]","[100, 100]",both,00.png,00.png,22.png,16.png,18.png,04.png,tray1.png,m,"[100, 100]","[100, 100]","[100, 100]","[100, 100]","[100, 100]","[100, 100]","[100, 100]","[100, 100]","[100, 100]","[100, 100]","[100, 100]","[0, -375]",ok.png,"[100, 100]","[100, 100]",267,3,1,1,1,0,0,0,0,0,0,0,1.41397929192,1.413979291915894,0,75,75,-215,-215,1,1,0,0,0,0,0,0,0,0.455924451351,0.4559244513511658,0,-179,-179,-64,-64,115
16.png,13.png,11.png,05.png,21.png,00.png,00.png,00.png,00.png,"[-237, -76]","[213, 74]","[150, 100]","[-87, 74]","[63, 74]","[213, 224]","[-237, 74]","[-87, 224]","[63, 224]","[-237, 224]","[-87, -226]","[63, -226]","[213, -226]","[100, 100]","[-87, -76]","[63, -76]","[213, -76]","[-237, -226]",1,12,"[100, 100]","[100, 100]",both,25.png,03.png,dots1.png,28.png,15.png,tray1.png,08.png,m,"[100, 100]","[100, 100]","[100, 100]","[100, 100]","[100, 100]","[100, 100]","[100, 100]","[100, 100]","[100, 100]","[100, 100]","[100, 100]","[0, -375]",ok.png,"[100, 100]","[100, 100]",268,3,1,1,1,0,0,0,0,0,0,0,1.14140200615,1.141402006149292,0,-103,-103,-82,-82,1,1,0,0,0,0,0,0,0,0.493595868349,0.4935958683490753,0,-95,-95,-192,-192,78
06.png,21.png,15.png,17.png,00.png,00.png,16.png,28.png,29.png,"[-213, -90]","[237, 60]","[150, 100]","[-63, 60]","[87, 60]","[237, 210]","[-213, 60]","[-63, 210]","[87, 210]","[-213, 210]","[-63, -240]","[87, -240]","[237, -240]","[100, 100]","[-63, -90]","[87, -90]","[237, -90]","[-213, -240]",1,12,"[100, 100]","[100, 100]",both,dots1.png,tray1.png,09.png,00.png,00.png,14.png,07.png,m,"[100, 100]","[100, 100]","[100, 100]","[100, 100]","[100, 100]","[100, 100]","[100, 100]","[100, 100]","[100, 100]","[100, 100]","[100, 100]","[0, -375]",ok.png,"[100, 100]","[100, 100]",269,3,1,1,1,0,0,0,0,0,0,0,0.937688112259,0.9376881122589112,0,243,243,-90,-90,1,1,0,0,0,0,0,0,0,0.853063941002,0.8530639410018921,0,-184,-184,-220,-220,194
00.png,11.png,01.png,28.png,12.png,00.png,00.png,34.png,15.png,"[-248, -83]","[202, 67]","[150, 100]","[-98, 67]","[52, 67]","[202, 217]","[-248, 67]","[-98, 217]","[52, 217]","[-248, 217]","[-98, -233]","[52, -233]","[202, -233]","[100, 100]","[-98, -83]","[52, -83]","[202, -83]","[-248, -233]",1,12,"[100, 100]","[100, 100]",both,tray1.png,31.png,30.png,08.png,00.png,21.png,dots1.png,m,"[100, 100]","[100, 100]","[100, 100]","[100, 100]","[100, 100]","[100, 100]","[100, 100]","[100, 100]","[100, 100]","[100, 100]","[100, 100]","[0, -375]",ok.png,"[100, 100]","[100, 100]",270,3,1,1,1,0,0,0,0,0,0,0,1.22786021233,1.22786021232605,0,198,198,-52,-52,1,1,0,0,0,0,0,0,0,0.731481611729,0.7314816117286682,0,13,13,-421,-421,50
00.png,00.png,12.png,dots1.png,32.png,31.png,24.png,27.png,07.png,"[-230, -60]","[220, 90]","[150, 100]","[-80, 90]","[70, 90]","[220, 240]","[-230, 90]","[-80, 240]","[70, 240]","[-230, 240]","[-80, -210]","[70, -210]","[220, -210]","[100, 100]","[-80, -60]","[70, -60]","[220, -60]","[-230, -210]",1,12,"[100, 100]","[100, 100]",both,10.png,13.png,09.png,tray1.png,00.png,16.png,00.png,m,"[100, 100]","[100, 100]","[100, 100]","[100, 100]","[100, 100]","[100, 100]","[100, 100]","[100, 100]","[100, 100]","[100, 100]","[100, 100]","[0, -375]",ok.png,"[100, 100]","[100, 100]",271,3,1,1,1,0,0,0,0,0,0,0,1.17112767696,1.171127676963806,0,44,44,-55,-55,1,1,0,0,0,0,0,0,0,0.683184623718,0.6831846237182617,0,217,217,244,244,209
00.png,00.png,25.png,12.png,dots1.png,19.png,05.png,00.png,01.png,"[-218, -71]","[232, 79]","[150, 100]","[-68, 79]","[82, 79]","[232, 229]","[-218, 79]","[-68, 229]","[82, 229]","[-218, 229]","[-68, -221]","[82, -221]","[232, -221]","[100, 100]","[-68, -71]","[82, -71]","[232, -71]","[-218, -221]",1,12,"[100, 100]","[100, 100]",both,10.png,34.png,tray1.png,07.png,30.png,20.png,00.png,m,"[100, 100]","[100, 100]","[100, 100]","[100, 100]","[100, 100]","[100, 100]","[100, 100]","[100, 100]","[100, 100]","[100, 100]","[100, 100]","[0, -375]",ok.png,"[100, 100]","[100, 100]",272,3,1,1,1,0,0,0,0,0,0,0,0.975903868675,0.975903868675232,0,-184,-184,93,93,1,1,0,0,0,0,0,0,0,0.316830426455,0.3168304264545441,0,-67,-67,-120,-120,303
11.png,13.png,17.png,18.png,00.png,dots1.png,00.png,09.png,tray1.png,"[-223, -64]","[227, 86]","[150, 100]","[-73, 86]","[77, 86]","[227, 236]","[-223, 86]","[-73, 236]","[77, 236]","[-223, 236]","[-73, -214]","[77, -214]","[227, -214]","[100, 100]","[-73, -64]","[77, -64]","[227, -64]","[-223, -214]",1,12,"[100, 100]","[100, 100]",both,30.png,26.png,02.png,04.png,00.png,24.png,00.png,m,"[100, 100]","[100, 100]","[100, 100]","[100, 100]","[100, 100]","[100, 100]","[100, 100]","[100, 100]","[100, 100]","[100, 100]","[100, 100]","[0, -375]",ok.png,"[100, 100]","[100, 100]",273,3,1,1,1,0,0,0,0,0,0,0,1.74462962151,1.744629621505737,0,-84,-84,99,99,1,1,0,0,0,0,0,0,0,0.529580295086,0.529580295085907,0,-201,-201,-88,-88,167
00.png,14.png,10.png,20.png,11.png,07.png,00.png,tray1.png,18.png,"[-213, -92]","[237, 58]","[150, 100]","[-63, 58]","[87, 58]","[237, 208]","[-213, 58]","[-63, 208]","[87, 208]","[-213, 208]","[-63, -242]","[87, -242]","[237, -242]","[100, 100]","[-63, -92]","[87, -92]","[237, -92]","[-213, -242]",1,12,"[100, 100]","[100, 100]",both,30.png,09.png,31.png,00.png,dots1.png,00.png,03.png,m,"[100, 100]","[100, 100]","[100, 100]","[100, 100]","[100, 100]","[100, 100]","[100, 100]","[100, 100]","[100, 100]","[100, 100]","[100, 100]","[0, -375]",ok.png,"[100, 100]","[100, 100]",274,3,1,1,1,0,0,0,0,0,0,0,0.903309226036,0.9033092260360718,0,215,215,91,91,1,1,0,0,0,0,0,0,0,0.472697526217,0.472697526216507,0,202,202,-268,-268,132
31.png,03.png,13.png,00.png,23.png,21.png,tray1.png,00.png,33.png,"[-239, -78]","[211, 72]","[150, 100]","[-89, 72]","[61, 72]","[211, 222]","[-239, 72]","[-89, 222]","[61, 222]","[-239, 222]","[-89, -228]","[61, -228]","[211, -228]","[100, 100]","[-89, -78]","[61, -78]","[211, -78]","[-239, -228]",1,12,"[100, 100]","[100, 100]",both,00.png,19.png,00.png,14.png,26.png,32.png,dots1.png,m,"[100, 100]","[100, 100]","[100, 100]","[100, 100]","[100, 100]","[100, 100]","[100, 100]","[100, 100]","[100, 100]","[100, 100]","[100, 100]","[0, -375]",ok.png,"[100, 100]","[100, 100]",275,3,1,1,1,0,0,0,0,0,0,0,1.45353889465,1.45353889465332,0,74,74,80,80,1,1,0,0,0,0,0,0,0,0.417345374823,0.4173453748226166,0,36,36,-243,-243,289
00.png,00.png,00.png,00.png,dots2.png,10.png,09.png,08.png,07.png,"[-244, -66]","[206, 84]","[150, 100]","[-94, 84]","[56, 84]","[206, 234]","[-244, 84]","[-94, 234]","[56, 234]","[-244, 234]","[-94, -216]","[56, -216]","[206, -216]","[100, 100]","[-94, -66]","[56, -66]","[206, -66]","[-244, -216]",1,12,"[100, 100]","[100, 100]",both,04.png,03.png,06.png,05.png,tray2.png,02.png,01.png,m,"[100, 100]","[100, 100]","[100, 100]","[100, 100]","[100, 100]","[100, 100]","[100, 100]","[100, 100]","[100, 100]","[100, 100]","[100, 100]","[0, -375]",ok.png,"[100, 100]","[100, 100]",276,3,1,1,1,0,0,0,0,0,0,0,0.87448400259,0.8744840025901794,0,-263,-263,90,90,1,1,0,0,0,0,0,0,0,0.575369179249,0.5753691792488098,0,260,260,-227,-227,118
00.png,00.png,31.png,32.png,33.png,dots2.png,14.png,00.png,13.png,"[-224, -54]","[226, 96]","[150, 100]","[-74, 96]","[76, 96]","[226, 246]","[-224, 96]","[-74, 246]","[76, 246]","[-224, 246]","[-74, -204]","[76, -204]","[226, -204]","[100, 100]","[-74, -54]","[76, -54]","[226, -54]","[-224, -204]",1,12,"[100, 100]","[100, 100]",both,10.png,00.png,12.png,11.png,08.png,09.png,tray2.png,m,"[100, 100]","[100, 100]","[100, 100]","[100, 100]","[100, 100]","[100, 100]","[100, 100]","[100, 100]","[100, 100]","[100, 100]","[100, 100]","[0, -375]",ok.png,"[100, 100]","[100, 100]",277,3,1,1,1,0,0,0,0,0,0,0,0.796270787716,0.7962707877159119,0,-74,-74,103,103,1,1,0,0,0,0,0,0,0,0.478470444679,0.4784704446792603,0,86,86,-197,-197,47
00.png,00.png,25.png,24.png,23.png,22.png,dots2.png,20.png,19.png,"[-238, -61]","[212, 89]","[150, 100]","[-88, 89]","[62, 89]","[212, 239]","[-238, 89]","[-88, 239]","[62, 239]","[-238, 239]","[-88, -211]","[62, -211]","[212, -211]","[100, 100]","[-88, -61]","[62, -61]","[212, -61]","[-238, -211]",1,12,"[100, 100]","[100, 100]",both,16.png,15.png,18.png,17.png,00.png,tray2.png,00.png,m,"[100, 100]","[100, 100]","[100, 100]","[100, 100]","[100, 100]","[100, 100]","[100, 100]","[100, 100]","[100, 100]","[100, 100]","[100, 100]","[0, -375]",ok.png,"[100, 100]","[100, 100]",278,3,1,1,1,0,0,0,0,0,0,0,0.794318318367,0.7943183183670044,0,59,59,93,93,1,1,0,0,0,0,0,0,0,0.499537110329,0.4995371103286743,0,-85,-85,-206,-206,90
33.png,32.png,30.png,29.png,00.png,00.png,31.png,dots2.png,26.png,"[-218, -91]","[232, 59]","[150, 100]","[-68, 59]","[82, 59]","[232, 209]","[-218, 59]","[-68, 209]","[82, 209]","[-218, 209]","[-68, -241]","[82, -241]","[232, -241]","[100, 100]","[-68, -91]","[82, -91]","[232, -91]","[-218, -241]",1,12,"[100, 100]","[100, 100]",both,00.png,tray2.png,28.png,00.png,22.png,24.png,23.png,m,"[100, 100]","[100, 100]","[100, 100]","[100, 100]","[100, 100]","[100, 100]","[100, 100]","[100, 100]","[100, 100]","[100, 100]","[100, 100]","[0, -375]",ok.png,"[100, 100]","[100, 100]",279,3,1,1,1,0,0,0,0,0,0,0,0.852070391178,0.8520703911781311,0,259,259,39,39,1,1,0,0,0,0,0,0,0,0.515219509602,0.515219509601593,0,-225,-225,-241,-241,94
00.png,00.png,00.png,00.png,01.png,34.png,33.png,32.png,dots2.png,"[-234, -76]","[216, 74]","[150, 100]","[-84, 74]","[66, 74]","[216, 224]","[-234, 74]","[-84, 224]","[66, 224]","[-234, 224]","[-84, -226]","[66, -226]","[216, -226]","[100, 100]","[-84, -76]","[66, -76]","[216, -76]","[-234, -226]",1,12,"[100, 100]","[100, 100]",both,tray2.png,08.png,30.png,29.png,02.png,06.png,04.png,m,"[100, 100]","[100, 100]","[100, 100]","[100, 100]","[100, 100]","[100, 100]","[100, 100]","[100, 100]","[100, 100]","[100, 100]","[100, 100]","[0, -375]",ok.png,"[100, 100]","[100, 100]",280,3,1,1,1,0,0,0,0,0,0,0,1.16865420341,1.168654203414917,0,210,210,-79,-79,1,1,0,0,0,0,0,0,0,0.593315422535,0.5933154225349426,0,-250,-250,-63,-63,71
00.png,00.png,23.png,17.png,29.png,09.png,15.png,06.png,00.png,"[-211, -95]","[239, 55]","[150, 100]","[-61, 55]","[89, 55]","[239, 205]","[-211, 55]","[-61, 205]","[89, 205]","[-211, 205]","[-61, -245]","[89, -245]","[239, -245]","[100, 100]","[-61, -95]","[89, -95]","[239, -95]","[-211, -245]",1,12,"[100, 100]","[100, 100]",both,04.png,27.png,00.png,tray2.png,01.png,dots2.png,34.png,m,"[100, 100]","[100, 100]","[100, 100]","[100, 100]","[100, 100]","[100, 100]","[100, 100]","[100, 100]","[100, 100]","[100, 100]","[100, 100]","[0, -375]",ok.png,"[100, 100]","[100, 100]",281,3,1,1,1,0,0,0,0,0,0,0,0.858842968941,0.8588429689407349,0,112,112,-86,-86,1,1,0,0,0,0,0,0,0,0.544197678566,0.544197678565979,0,-56,-56,-234,-234,97
17.png,09.png,22.png,06.png,00.png,00.png,14.png,18.png,25.png,"[-232, -61]","[218, 89]","[150, 100]","[-82, 89]","[68, 89]","[218, 239]","[-232, 89]","[-82, 239]","[68, 239]","[-232, 239]","[-82, -211]","[68, -211]","[218, -211]","[100, 100]","[-82, -61]","[68, -61]","[218, -61]","[-232, -211]",1,12,"[100, 100]","[100, 100]",both,07.png,dots2.png,tray2.png,03.png,00.png,02.png,00.png,m,"[100, 100]","[100, 100]","[100, 100]","[100, 100]","[100, 100]","[100, 100]","[100, 100]","[100, 100]","[100, 100]","[100, 100]","[100, 100]","[0, -375]",ok.png,"[100, 100]","[100, 100]",282,3,1,1,1,0,0,0,0,0,0,0,1.02419984341,1.024199843406677,0,-47,-47,-52,-52,1,1,0,0,0,0,0,0,0,0.480396568775,0.480396568775177,0,-240,-240,-213,-213,444
00.png,dots2.png,00.png,00.png,31.png,25.png,17.png,30.png,tray2.png,"[-218, -84]","[232, 66]","[150, 100]","[-68, 66]","[82, 66]","[232, 216]","[-218, 66]","[-68, 216]","[82, 216]","[-218, 216]","[-68, -234]","[82, -234]","[232, -234]","[100, 100]","[-68, -84]","[82, -84]","[232, -84]","[-218, -234]",1,12,"[100, 100]","[100, 100]",both,20.png,07.png,27.png,15.png,00.png,33.png,05.png,m,"[100, 100]","[100, 100]","[100, 100]","[100, 100]","[100, 100]","[100, 100]","[100, 100]","[100, 100]","[100, 100]","[100, 100]","[100, 100]","[0, -375]",ok.png,"[100, 100]","[100, 100]",283,3,1,1,1,0,0,0,0,0,0,0,1.10319578648,1.103195786476135,0,-32,-32,215,215,1,1,0,0,0,0,0,0,0,0.563840448856,0.5638404488563538,0,-235,-235,-103,-103,256
33.png,31.png,dots2.png,21.png,27.png,23.png,29.png,tray2.png,00.png,"[-236, -69]","[214, 81]","[150, 100]","[-86, 81]","[64, 81]","[214, 231]","[-236, 81]","[-86, 231]","[64, 231]","[-236, 231]","[-86, -219]","[64, -219]","[214, -219]","[100, 100]","[-86, -69]","[64, -69]","[214, -69]","[-236, -219]",1,12,"[100, 100]","[100, 100]",both,00.png,16.png,00.png,00.png,07.png,13.png,10.png,m,"[100, 100]","[100, 100]","[100, 100]","[100, 100]","[100, 100]","[100, 100]","[100, 100]","[100, 100]","[100, 100]","[100, 100]","[100, 100]","[0, -375]",ok.png,"[100, 100]","[100, 100]",284,3,1,1,1,0,0,0,0,0,0,0,1.36936724186,1.369367241859436,0,234,234,87,87,1,1,0,0,0,0,0,0,0,0.529708921909,0.5297089219093323,0,62,62,278,278,397
00.png,00.png,00.png,00.png,26.png,24.png,tray2.png,22.png,20.png,"[-203, -80]","[247, 70]","[150, 100]","[-53, 70]","[97, 70]","[247, 220]","[-203, 70]","[-53, 220]","[97, 220]","[-203, 220]","[-53, -230]","[97, -230]","[247, -230]","[100, 100]","[-53, -80]","[97, -80]","[247, -80]","[-203, -230]",1,12,"[100, 100]","[100, 100]",both,14.png,03.png,18.png,16.png,09.png,dots2.png,07.png,m,"[100, 100]","[100, 100]","[100, 100]","[100, 100]","[100, 100]","[100, 100]","[100, 100]","[100, 100]","[100, 100]","[100, 100]","[100, 100]","[0, -375]",ok.png,"[100, 100]","[100, 100]",285,3,1,1,1,0,0,0,0,0,0,0,0.902519643307,0.9025196433067322,0,99,99,58,58,1,1,0,0,0,0,0,0,0,0.437771260738,0.4377712607383728,0,-45,-45,-261,-261,40
00.png,00.png,27.png,24.png,21.png,tray2.png,19.png,16.png,32.png,"[-200, -54]","[250, 96]","[150, 100]","[-50, 96]","[100, 96]","[250, 246]","[-200, 96]","[-50, 246]","[100, 246]","[-200, 246]","[-50, -204]","[100, -204]","[250, -204]","[100, 100]","[-50, -54]","[100, -54]","[250, -54]","[-200, -204]",1,12,"[100, 100]","[100, 100]",both,dots2.png,31.png,34.png,10.png,00.png,33.png,00.png,m,"[100, 100]","[100, 100]","[100, 100]","[100, 100]","[100, 100]","[100, 100]","[100, 100]","[100, 100]","[100, 100]","[100, 100]","[100, 100]","[0, -375]",ok.png,"[100, 100]","[100, 100]",286,3,1,1,1,0,0,0,0,0,0,0,1.38609755039,1.386097550392151,0,266,266,-76,-76,1,1,0,0,0,0,0,0,0,0.74257516861,0.7425751686096191,0,-50,-50,132,132,175
34.png,27.png,00.png,00.png,tray2.png,11.png,16.png,21.png,17.png,"[-210, -77]","[240, 73]","[150, 100]","[-60, 73]","[90, 73]","[240, 223]","[-210, 73]","[-60, 223]","[90, 223]","[-210, 223]","[-60, -227]","[90, -227]","[240, -227]","[100, 100]","[-60, -77]","[90, -77]","[240, -77]","[-210, -227]",1,12,"[100, 100]","[100, 100]",both,00.png,dots2.png,04.png,00.png,10.png,20.png,15.png,m,"[100, 100]","[100, 100]","[100, 100]","[100, 100]","[100, 100]","[100, 100]","[100, 100]","[100, 100]","[100, 100]","[100, 100]","[100, 100]","[0, -375]",ok.png,"[100, 100]","[100, 100]",287,3,1,1,1,0,0,0,0,0,0,0,0.876557588577,0.8765575885772705,0,-219,-219,78,78,1,1,0,0,0,0,0,0,0,0.610528111458,0.6105281114578247,0,-191,-191,-216,-216,359
04.png,02.png,05.png,tray2.png,08.png,07.png,01.png,03.png,00.png,"[-207, -87]","[243, 63]","[150, 100]","[-57, 63]","[93, 63]","[243, 213]","[-207, 63]","[-57, 213]","[93, 213]","[-207, 213]","[-57, -237]","[93, -237]","[243, -237]","[100, 100]","[-57, -87]","[93, -87]","[243, -87]","[-207, -237]",1,12,"[100, 100]","[100, 100]",both,28.png,24.png,00.png,32.png,00.png,dots2.png,00.png,m,"[100, 100]","[100, 100]","[100, 100]","[100, 100]","[100, 100]","[100, 100]","[100, 100]","[100, 100]","[100, 100]","[100, 100]","[100, 100]","[0, -375]",ok.png,"[100, 100]","[100, 100]",288,3,1,1,1,0,0,0,0,0,0,0,0.981602549553,0.9816025495529176,0,251,251,241,241,1,1,0,0,0,0,0,0,0,0.547246336937,0.5472463369369507,0,-74,-74,-248,-248,29
01.png,12.png,tray2.png,23.png,00.png,00.png,28.png,13.png,08.png,"[-248, -83]","[202, 67]","[150, 100]","[-98, 67]","[52, 67]","[202, 217]","[-248, 67]","[-98, 217]","[52, 217]","[-248, 217]","[-98, -233]","[52, -233]","[202, -233]","[100, 100]","[-98, -83]","[52, -83]","[202, -83]","[-248, -233]",1,12,"[100, 100]","[100, 100]",both,00.png,16.png,dots2.png,03.png,29.png,06.png,00.png,m,"[100, 100]","[100, 100]","[100, 100]","[100, 100]","[100, 100]","[100, 100]","[100, 100]","[100, 100]","[100, 100]","[100, 100]","[100, 100]","[0, -375]",ok.png,"[100, 100]","[100, 100]",289,3,1,1,1,0,0,0,0,0,0,0,0.753333806992,0.7533338069915771,0,-79,-79,-68,-68,1,1,0,0,0,0,0,0,0,0.792062342167,0.7920623421669006,0,39,39,194,194,445
00.png,tray2.png,03.png,07.png,13.png,17.png,23.png,27.png,dots2.png,"[-238, -69]","[212, 81]","[150, 100]","[-88, 81]","[62, 81]","[212, 231]","[-238, 81]","[-88, 231]","[62, 231]","[-238, 231]","[-88, -219]","[62, -219]","[212, -219]","[100, 100]","[-88, -69]","[62, -69]","[212, -69]","[-238, -219]",1,12,"[100, 100]","[100, 100]",both,14.png,16.png,04.png,06.png,00.png,00.png,00.png,m,"[100, 100]","[100, 100]","[100, 100]","[100, 100]","[100, 100]","[100, 100]","[100, 100]","[100, 100]","[100, 100]","[100, 100]","[100, 100]","[0, -375]",ok.png,"[100, 100]","[100, 100]",290,3,1,1,1,0,0,0,0,0,0,0,1.06889009476,1.06889009475708,0,-257,-257,-75,-75,1,1,0,0,0,0,0,0,0,1.11338579655,1.113385796546936,0,-94,-94,216,216,320
tray2.png,17.png,07.png,14.png,00.png,00.png,23.png,dots2.png,04.png,"[-218, -85]","[232, 65]","[150, 100]","[-68, 65]","[82, 65]","[232, 215]","[-218, 65]","[-68, 215]","[82, 215]","[-218, 215]","[-68, -235]","[82, -235]","[232, -235]","[100, 100]","[-68, -85]","[82, -85]","[232, -85]","[-218, -235]",1,12,"[100, 100]","[100, 100]",both,00.png,02.png,03.png,00.png,04.png,30.png,20.png,m,"[100, 100]","[100, 100]","[100, 100]","[100, 100]","[100, 100]","[100, 100]","[100, 100]","[100, 100]","[100, 100]","[100, 100]","[100, 100]","[0, -375]",ok.png,"[100, 100]","[100, 100]",291,3,1,1,1,0,0,0,0,0,0,0,1.52973532677,1.529735326766968,0,206,206,47,47,1,1,0,0,0,0,0,0,0,0.483027130365,0.4830271303653717,0,-249,-249,221,221,193
18.png,tray2.png,04.png,00.png,00.png,16.png,dots2.png,12.png,11.png,"[-209, -92]","[241, 58]","[150, 100]","[-59, 58]","[91, 58]","[241, 208]","[-209, 58]","[-59, 208]","[91, 208]","[-209, 208]","[-59, -242]","[91, -242]","[241, -242]","[100, 100]","[-59, -92]","[91, -92]","[241, -92]","[-209, -242]",1,12,"[100, 100]","[100, 100]",both,00.png,00.png,32.png,02.png,03.png,29.png,19.png,m,"[100, 100]","[100, 100]","[100, 100]","[100, 100]","[100, 100]","[100, 100]","[100, 100]","[100, 100]","[100, 100]","[100, 100]","[100, 100]","[0, -375]",ok.png,"[100, 100]","[100, 100]",292,3,1,1,1,0,0,0,0,0,0,0,1.19622516632,1.196225166320801,0,92,92,88,88,1,1,0,0,0,0,0,0,0,0.435465365648,0.4354653656482697,0,-53,-53,200,200,146
15.png,08.png,tray2.png,03.png,25.png,dots2.png,27.png,00.png,00.png,"[-232, -60]","[218, 90]","[150, 100]","[-82, 90]","[68, 90]","[218, 240]","[-232, 90]","[-82, 240]","[68, 240]","[-232, 240]","[-82, -210]","[68, -210]","[218, -210]","[100, 100]","[-82, -60]","[68, -60]","[218, -60]","[-232, -210]",1,12,"[100, 100]","[100, 100]",both,21.png,05.png,00.png,00.png,16.png,11.png,13.png,m,"[100, 100]","[100, 100]","[100, 100]","[100, 100]","[100, 100]","[100, 100]","[100, 100]","[100, 100]","[100, 100]","[100, 100]","[100, 100]","[0, -375]",ok.png,"[100, 100]","[100, 100]",293,3,1,1,1,0,0,0,0,0,0,0,1.5442456007,1.544245600700378,0,-57,-57,103,103,1,1,0,0,0,0,0,0,0,0.329972237349,0.3299722373485565,0,60,60,233,233,254
00.png,07.png,14.png,tray2.png,23.png,00.png,09.png,29.png,28.png,"[-243, -97]","[207, 53]","[150, 100]","[-93, 53]","[57, 53]","[207, 203]","[-243, 53]","[-93, 203]","[57, 203]","[-243, 203]","[-93, -247]","[57, -247]","[207, -247]","[100, 100]","[-93, -97]","[57, -97]","[207, -97]","[-243, -247]",1,12,"[100, 100]","[100, 100]",both,00.png,17.png,16.png,00.png,dots2.png,15.png,21.png,m,"[100, 100]","[100, 100]","[100, 100]","[100, 100]","[100, 100]","[100, 100]","[100, 100]","[100, 100]","[100, 100]","[100, 100]","[100, 100]","[0, -375]",ok.png,"[100, 100]","[100, 100]",294,3,1,1,1,0,0,0,0,0,0,0,1.17073452473,1.170734524726868,0,190,190,214,214,1,1,0,0,0,0,0,0,0,0.433940201998,0.433940201997757,0,231,231,-274,-274,176
00.png,32.png,21.png,31.png,tray2.png,08.png,30.png,15.png,34.png,"[-247, -57]","[203, 93]","[150, 100]","[-97, 93]","[53, 93]","[203, 243]","[-247, 93]","[-97, 243]","[53, 243]","[-247, 243]","[-97, -207]","[53, -207]","[203, -207]","[100, 100]","[-97, -57]","[53, -57]","[203, -57]","[-247, -207]",1,12,"[100, 100]","[100, 100]",both,12.png,28.png,00.png,00.png,00.png,01.png,dots2.png,m,"[100, 100]","[100, 100]","[100, 100]","[100, 100]","[100, 100]","[100, 100]","[100, 100]","[100, 100]","[100, 100]","[100, 100]","[100, 100]","[0, -375]",ok.png,"[100, 100]","[100, 100]",295,3,1,1,1,0,0,0,0,0,0,0,1.31226241589,1.312262415885925,0,-235,-235,83,83,1,1,0,0,0,0,0,0,0,0.671114683151,0.6711146831512451,0,26,26,-163,-163,335
00.png,00.png,16.png,13.png,10.png,tray2.png,09.png,07.png,27.png,"[-236, -51]","[214, 99]","[150, 100]","[-86, 99]","[64, 99]","[214, 249]","[-236, 99]","[-86, 249]","[64, 249]","[-236, 249]","[-86, -201]","[64, -201]","[214, -201]","[100, 100]","[-86, -51]","[64, -51]","[214, -51]","[-236, -201]",1,12,"[100, 100]","[100, 100]",both,32.png,04.png,24.png,31.png,00.png,dots2.png,00.png,m,"[100, 100]","[100, 100]","[100, 100]","[100, 100]","[100, 100]","[100, 100]","[100, 100]","[100, 100]","[100, 100]","[100, 100]","[100, 100]","[0, -375]",ok.png,"[100, 100]","[100, 100]",296,3,1,1,1,0,0,0,0,0,0,0,0.987921118736,0.9879211187362672,0,-92,-92,93,93,1,1,0,0,0,0,0,0,0,0.524326741695,0.524326741695404,0,-39,-39,-239,-239,425
30.png,00.png,20.png,34.png,10.png,07.png,tray2.png,01.png,00.png,"[-221, -50]","[229, 100]","[150, 100]","[-71, 100]","[79, 100]","[229, 250]","[-221, 100]","[-71, 250]","[79, 250]","[-221, 250]","[-71, -200]","[79, -200]","[229, -200]","[100, 100]","[-71, -50]","[79, -50]","[229, -50]","[-221, -200]",1,12,"[100, 100]","[100, 100]",both,33.png,dots2.png,05.png,19.png,00.png,25.png,00.png,m,"[100, 100]","[100, 100]","[100, 100]","[100, 100]","[100, 100]","[100, 100]","[100, 100]","[100, 100]","[100, 100]","[100, 100]","[100, 100]","[0, -375]",ok.png,"[100, 100]","[100, 100]",297,3,1,1,1,0,0,0,0,0,0,0,0.937980651855,0.93798065185546875,0,84,84,129,129,1,1,0,0,0,0,0,0,0,0.41618797183,0.416187971830368,0,-242,-242,-230,-230,131
00.png,00.png,24.png,26.png,30.png,04.png,02.png,tray2.png,09.png,"[-221, -51]","[229, 99]","[150, 100]","[-71, 99]","[79, 99]","[229, 249]","[-221, 99]","[-71, 249]","[79, 249]","[-221, 249]","[-71, -201]","[79, -201]","[229, -201]","[100, 100]","[-71, -51]","[79, -51]","[229, -51]","[-221, -201]",1,12,"[100, 100]","[100, 100]",both,00.png,18.png,00.png,dots2.png,11.png,17.png,13.png,m,"[100, 100]","[100, 100]","[100, 100]","[100, 100]","[100, 100]","[100, 100]","[100, 100]","[100, 100]","[100, 100]","[100, 100]","[100, 100]","[0, -375]",ok.png,"[100, 100]","[100, 100]",298,3,1,1,1,0,0,0,0,0,0,0,0.889034688473,0.8890346884727478,0,215,215,87,87,1,1,0,0,0,0,0,0,0,0.297769248486,0.2977692484855652,0,43,43,-93,-93,37
19.png,dots2.png,00.png,09.png,30.png,00.png,31.png,18.png,tray2.png,"[-218, -50]","[232, 100]","[150, 100]","[-68, 100]","[82, 100]","[232, 250]","[-218, 100]","[-68, 250]","[82, 250]","[-218, 250]","[-68, -200]","[82, -200]","[232, -200]","[100, 100]","[-68, -50]","[82, -50]","[232, -50]","[-218, -200]",1,12,"[100, 100]","[100, 100]",both,11.png,20.png,00.png,07.png,00.png,10.png,14.png,m,"[100, 100]","[100, 100]","[100, 100]","[100, 100]","[100, 100]","[100, 100]","[100, 100]","[100, 100]","[100, 100]","[100, 100]","[100, 100]","[0, -375]",ok.png,"[100, 100]","[100, 100]",299,3,1,1,1,0,0,0,0,0,0,0,1.39940941334,1.399409413337708,0,-192,-192,-46,-46,1,1,0,0,0,0,0,0,0,0.532869756222,0.5328697562217712,0,-22,-22,281,281,210
26.png,29.png,32.png,dots2.png,00.png,14.png,00.png,33.png,00.png,"[-204, -54]","[246, 96]","[150, 100]","[-54, 96]","[96, 96]","[246, 246]","[-204, 96]","[-54, 246]","[96, 246]","[-204, 246]","[-54, -204]","[96, -204]","[246, -204]","[100, 100]","[-54, -54]","[96, -54]","[246, -54]","[-204, -204]",1,12,"[100, 100]","[100, 100]",both,23.png,00.png,tray2.png,21.png,31.png,13.png,03.png,m,"[100, 100]","[100, 100]","[100, 100]","[100, 100]","[100, 100]","[100, 100]","[100, 100]","[100, 100]","[100, 100]","[100, 100]","[100, 100]","[0, -375]",ok.png,"[100, 100]","[100, 100]",300,3,1,1,1,0,0,0,0,0,0,0,0.778762102127,0.7787621021270752,0,-25,-25,-50,-50,1,1,0,0,0,0,0,0,0,0.527759194374,0.5277591943740845,0,235,235,264,264,91
tray1.png,01.png,02.png,03.png,04.png,05.png,06.png,07.png,08.png,"[-217, -89]","[233, 61]","[150, 100]","[-67, 61]","[83, 61]","[233, 211]","[-217, 61]","[-67, 211]","[83, 211]","[-217, 211]","[-67, -239]","[83, -239]","[233, -239]","[100, 100]","[-67, -89]","[83, -89]","[233, -89]","[-217, -239]",1,16,"[100, 100]","[100, 100]",tray,11.png,12.png,09.png,10.png,15.png,13.png,14.png,m,"[100, 100]","[100, 100]","[100, 100]","[100, 100]","[100, 100]","[100, 100]","[100, 100]","[100, 100]","[100, 100]","[100, 100]","[100, 100]","[0, -375]",ok.png,"[100, 100]","[100, 100]",301,1,1,1,1,0,0,0,0,0,0,0,3.88409900665,3.884099006652832,0,-198,-198,217,217,1,1,0,0,0,0,0,0,0,0.838467717171,0.8384677171707153,0,28,28,-399,-399,395
08.png,tray1.png,09.png,01.png,10.png,11.png,12.png,13.png,15.png,"[-231, -83]","[219, 67]","[150, 100]","[-81, 67]","[69, 67]","[219, 217]","[-231, 67]","[-81, 217]","[69, 217]","[-231, 217]","[-81, -233]","[69, -233]","[219, -233]","[100, 100]","[-81, -83]","[69, -83]","[219, -83]","[-231, -233]",1,16,"[100, 100]","[100, 100]",tray,33.png,32.png,14.png,34.png,23.png,31.png,22.png,m,"[100, 100]","[100, 100]","[100, 100]","[100, 100]","[100, 100]","[100, 100]","[100, 100]","[100, 100]","[100, 100]","[100, 100]","[100, 100]","[0, -375]",ok.png,"[100, 100]","[100, 100]",302,1,1,1,1,0,0,0,0,0,0,0,1.96040248871,1.960402488708496,0,-84,-84,248,248,1,1,0,0,0,0,0,0,0,0.717738687992,0.717738687992096,0,67,67,-450,-450,127
05.png,06.png,tray1.png,15.png,16.png,17.png,18.png,19.png,20.png,"[-222, -88]","[228, 62]","[150, 100]","[-72, 62]","[78, 62]","[228, 212]","[-222, 62]","[-72, 212]","[78, 212]","[-222, 212]","[-72, -238]","[78, -238]","[228, -238]","[100, 100]","[-72, -88]","[78, -88]","[228, -88]","[-222, -238]",1,16,"[100, 100]","[100, 100]",tray,23.png,24.png,21.png,22.png,27.png,25.png,30.png,m,"[100, 100]","[100, 100]","[100, 100]","[100, 100]","[100, 100]","[100, 100]","[100, 100]","[100, 100]","[100, 100]","[100, 100]","[100, 100]","[0, -375]",ok.png,"[100, 100]","[100, 100]",303,1,1,1,1,0,0,0,0,0,0,0,1.96583044529,1.965830445289612,0,67,67,235,235,1,1,0,0,0,0,0,0,0,0.752853453159,0.7528534531593323,0,28,28,-388,-388,32
22.png,23.png,24.png,tray1.png,03.png,12.png,25.png,26.png,02.png,"[-239, -85]","[211, 65]","[150, 100]","[-89, 65]","[61, 65]","[211, 215]","[-239, 65]","[-89, 215]","[61, 215]","[-239, 215]","[-89, -235]","[61, -235]","[211, -235]","[100, 100]","[-89, -85]","[61, -85]","[211, -85]","[-239, -235]",1,16,"[100, 100]","[100, 100]",tray,28.png,29.png,08.png,27.png,32.png,30.png,31.png,m,"[100, 100]","[100, 100]","[100, 100]","[100, 100]","[100, 100]","[100, 100]","[100, 100]","[100, 100]","[100, 100]","[100, 100]","[100, 100]","[0, -375]",ok.png,"[100, 100]","[100, 100]",304,1,1,1,1,0,0,0,0,0,0,0,1.93315541744,1.933155417442322,0,201,201,247,247,1,1,0,0,0,0,0,0,0,1.11728048325,1.11728048324585,0,-6,-6,-388,-388,307
02.png,04.png,06.png,08.png,tray1.png,29.png,30.png,31.png,32.png,"[-215, -99]","[235, 51]","[150, 100]","[-65, 51]","[85, 51]","[235, 201]","[-215, 51]","[-65, 201]","[85, 201]","[-215, 201]","[-65, -249]","[85, -249]","[235, -249]","[100, 100]","[-65, -99]","[85, -99]","[235, -99]","[-215, -249]",1,16,"[100, 100]","[100, 100]",tray,01.png,22.png,33.png,34.png,28.png,24.png,26.png,m,"[100, 100]","[100, 100]","[100, 100]","[100, 100]","[100, 100]","[100, 100]","[100, 100]","[100, 100]","[100, 100]","[100, 100]","[100, 100]","[0, -375]",ok.png,"[100, 100]","[100, 100]",305,1,1,1,1,0,0,0,0,0,0,0,2.30857300758,2.308573007583618,0,-229,-229,51,51,1,1,0,0,0,0,0,0,0,0.870688557625,0.8706885576248169,0,7,7,-406,-406,228
01.png,34.png,07.png,27.png,04.png,tray1.png,11.png,26.png,06.png,"[-228, -84]","[222, 66]","[150, 100]","[-78, 66]","[72, 66]","[222, 216]","[-228, 66]","[-78, 216]","[72, 216]","[-228, 216]","[-78, -234]","[72, -234]","[222, -234]","[100, 100]","[-78, -84]","[72, -84]","[222, -84]","[-228, -234]",1,16,"[100, 100]","[100, 100]",tray,29.png,17.png,15.png,09.png,32.png,23.png,30.png,m,"[100, 100]","[100, 100]","[100, 100]","[100, 100]","[100, 100]","[100, 100]","[100, 100]","[100, 100]","[100, 100]","[100, 100]","[100, 100]","[0, -375]",ok.png,"[100, 100]","[100, 100]",306,1,1,1,1,0,0,0,0,0,0,0,1.16871607304,1.168716073036194,0,-78,-78,74,74,1,1,0,0,0,0,0,0,0,1.46561288834,1.465612888336182,0,-16,-16,-376,-376,21
12.png,24.png,02.png,05.png,07.png,03.png,tray1.png,25.png,18.png,"[-218, -59]","[232, 91]","[150, 100]","[-68, 91]","[82, 91]","[232, 241]","[-218, 91]","[-68, 241]","[82, 241]","[-218, 241]","[-68, -209]","[82, -209]","[232, -209]","[100, 100]","[-68, -59]","[82, -59]","[232, -59]","[-218, -209]",1,16,"[100, 100]","[100, 100]",tray,27.png,06.png,14.png,13.png,17.png,22.png,09.png,m,"[100, 100]","[100, 100]","[100, 100]","[100, 100]","[100, 100]","[100, 100]","[100, 100]","[100, 100]","[100, 100]","[100, 100]","[100, 100]","[0, -375]",ok.png,"[100, 100]","[100, 100]",307,1,1,1,1,0,0,0,0,0,0,0,2.02760720253,2.027607202529907,0,66,66,70,70,1,1,0,0,0,0,0,0,0,0.641127586365,0.6411275863647461,0,77,77,-352,-352,404
13.png,05.png,33.png,07.png,20.png,15.png,27.png,tray1.png,30.png,"[-223, -95]","[227, 55]","[150, 100]","[-73, 55]","[77, 55]","[227, 205]","[-223, 55]","[-73, 205]","[77, 205]","[-223, 205]","[-73, -245]","[77, -245]","[227, -245]","[100, 100]","[-73, -95]","[77, -95]","[227, -95]","[-223, -245]",1,16,"[100, 100]","[100, 100]",tray,31.png,09.png,17.png,25.png,22.png,01.png,33.png,m,"[100, 100]","[100, 100]","[100, 100]","[100, 100]","[100, 100]","[100, 100]","[100, 100]","[100, 100]","[100, 100]","[100, 100]","[100, 100]","[0, -375]",ok.png,"[100, 100]","[100, 100]",308,1,1,1,1,0,0,0,0,0,0,0,1.22896528244,1.228965282440186,0,240,240,62,62,1,1,0,0,0,0,0,0,0,0.888392865658,0.8883928656578064,0,45,45,-462,-462,412
07.png,10.png,13.png,16.png,02.png,08.png,04.png,06.png,tray1.png,"[-218, -60]","[232, 90]","[150, 100]","[-68, 90]","[82, 90]","[232, 240]","[-218, 90]","[-68, 240]","[82, 240]","[-218, 240]","[-68, -210]","[82, -210]","[232, -210]","[100, 100]","[-68, -60]","[82, -60]","[232, -60]","[-218, -210]",1,16,"[100, 100]","[100, 100]",tray,27.png,21.png,29.png,23.png,33.png,25.png,31.png,m,"[100, 100]","[100, 100]","[100, 100]","[100, 100]","[100, 100]","[100, 100]","[100, 100]","[100, 100]","[100, 100]","[100, 100]","[100, 100]","[0, -375]",ok.png,"[100, 100]","[100, 100]",309,1,1,1,1,0,0,0,0,0,0,0,1.26127064228,1.261270642280579,0,-221,-221,-49,-49,1,1,0,0,0,0,0,0,0,1.10484862328,1.104848623275757,0,-13,-13,-343,-343,268
09.png,07.png,05.png,03.png,14.png,16.png,18.png,20.png,22.png,"[-246, -68]","[204, 82]","[150, 100]","[-96, 82]","[54, 82]","[204, 232]","[-246, 82]","[-96, 232]","[54, 232]","[-246, 232]","[-96, -218]","[54, -218]","[204, -218]","[100, 100]","[-96, -68]","[54, -68]","[204, -68]","[-246, -218]",1,16,"[100, 100]","[100, 100]",tray,26.png,21.png,tray1.png,24.png,30.png,27.png,32.png,m,"[100, 100]","[100, 100]","[100, 100]","[100, 100]","[100, 100]","[100, 100]","[100, 100]","[100, 100]","[100, 100]","[100, 100]","[100, 100]","[0, -375]",ok.png,"[100, 100]","[100, 100]",310,1,1,1,1,0,0,0,0,0,0,0,1.6824340820300001,1.68243408203125,0,-100,-100,-40,-40,1,1,0,0,0,0,0,0,0,1.35217785835,1.352177858352661,0,-2,-2,-435,-435,93
05.png,14.png,33.png,31.png,13.png,10.png,34.png,32.png,16.png,"[-223, -68]","[227, 82]","[150, 100]","[-73, 82]","[77, 82]","[227, 232]","[-223, 82]","[-73, 232]","[77, 232]","[-223, 232]","[-73, -218]","[77, -218]","[227, -218]","[100, 100]","[-73, -68]","[77, -68]","[227, -68]","[-223, -218]",1,16,"[100, 100]","[100, 100]",tray,21.png,24.png,19.png,tray1.png,01.png,27.png,18.png,m,"[100, 100]","[100, 100]","[100, 100]","[100, 100]","[100, 100]","[100, 100]","[100, 100]","[100, 100]","[100, 100]","[100, 100]","[100, 100]","[0, -375]",ok.png,"[100, 100]","[100, 100]",311,1,1,1,1,0,0,0,0,0,0,0,2.02796888351,2.027968883514404,0,87,87,-39,-39,1,1,0,0,0,0,0,0,0,0.872883558273,0.8728835582733154,0,-19,-19,-407,-407,184
10.png,15.png,20.png,25.png,09.png,24.png,04.png,17.png,21.png,"[-212, -95]","[238, 55]","[150, 100]","[-62, 55]","[88, 55]","[238, 205]","[-212, 55]","[-62, 205]","[88, 205]","[-212, 205]","[-62, -245]","[88, -245]","[238, -245]","[100, 100]","[-62, -95]","[88, -95]","[238, -95]","[-212, -245]",1,16,"[100, 100]","[100, 100]",tray,tray1.png,18.png,16.png,11.png,34.png,08.png,27.png,m,"[100, 100]","[100, 100]","[100, 100]","[100, 100]","[100, 100]","[100, 100]","[100, 100]","[100, 100]","[100, 100]","[100, 100]","[100, 100]","[0, -375]",ok.png,"[100, 100]","[100, 100]",312,1,1,1,1,0,0,0,0,0,0,0,1.16209232807,1.162092328071594,0,224,224,-102,-102,1,1,0,0,0,0,0,0,0,1.21939074993,1.219390749931335,0,12,12,-403,-403,141
16.png,10.png,20.png,24.png,28.png,32.png,29.png,26.png,03.png,"[-225, -60]","[225, 90]","[150, 100]","[-75, 90]","[75, 90]","[225, 240]","[-225, 90]","[-75, 240]","[75, 240]","[-225, 240]","[-75, -210]","[75, -210]","[225, -210]","[100, 100]","[-75, -60]","[75, -60]","[225, -60]","[-225, -210]",1,16,"[100, 100]","[100, 100]",tray,08.png,tray1.png,01.png,07.png,04.png,05.png,02.png,m,"[100, 100]","[100, 100]","[100, 100]","[100, 100]","[100, 100]","[100, 100]","[100, 100]","[100, 100]","[100, 100]","[100, 100]","[100, 100]","[0, -375]",ok.png,"[100, 100]","[100, 100]",313,1,1,1,1,0,0,0,0,0,0,0,2.01520299911,2.01520299911499,0,-212,-212,-230,-230,1,1,0,0,0,0,0,0,0,0.635867834091,0.6358678340911865,0,-1,-1,-362,-362,220
29.png,17.png,06.png,16.png,15.png,03.png,33.png,08.png,13.png,"[-221, -87]","[229, 63]","[150, 100]","[-71, 63]","[79, 63]","[229, 213]","[-221, 63]","[-71, 213]","[79, 213]","[-221, 213]","[-71, -237]","[79, -237]","[229, -237]","[100, 100]","[-71, -87]","[79, -87]","[229, -87]","[-221, -237]",1,16,"[100, 100]","[100, 100]",tray,10.png,23.png,28.png,02.png,01.png,tray1.png,12.png,m,"[100, 100]","[100, 100]","[100, 100]","[100, 100]","[100, 100]","[100, 100]","[100, 100]","[100, 100]","[100, 100]","[100, 100]","[100, 100]","[0, -375]",ok.png,"[100, 100]","[100, 100]",314,1,1,1,1,0,0,0,0,0,0,0,1.47721040249,1.477210402488708,0,-86,-86,-252,-252,1,1,0,0,0,0,0,0,0,1.87552237511,1.875522375106812,0,24,24,-369,-369,165
32.png,30.png,08.png,16.png,14.png,06.png,04.png,33.png,27.png,"[-227, -75]","[223, 75]","[150, 100]","[-77, 75]","[73, 75]","[223, 225]","[-227, 75]","[-77, 225]","[73, 225]","[-227, 225]","[-77, -225]","[73, -225]","[223, -225]","[100, 100]","[-77, -75]","[73, -75]","[223, -75]","[-227, -225]",1,16,"[100, 100]","[100, 100]",tray,13.png,07.png,23.png,17.png,24.png,03.png,tray1.png,m,"[100, 100]","[100, 100]","[100, 100]","[100, 100]","[100, 100]","[100, 100]","[100, 100]","[100, 100]","[100, 100]","[100, 100]","[100, 100]","[0, -375]",ok.png,"[100, 100]","[100, 100]",315,1,1,1,1,0,0,0,0,0,0,0,1.83636128902,1.836361289024353,0,62,62,-223,-223,1,1,0,0,0,0,0,0,0,0.660828530788,0.6608285307884216,0,9,9,-421,-421,308
04.png,20.png,30.png,02.png,12.png,16.png,03.png,04.png,24.png,"[-230, -52]","[220, 98]","[150, 100]","[-80, 98]","[70, 98]","[220, 248]","[-230, 98]","[-80, 248]","[70, 248]","[-230, 248]","[-80, -202]","[70, -202]","[220, -202]","[100, 100]","[-80, -52]","[70, -52]","[220, -52]","[-230, -202]",1,16,"[100, 100]","[100, 100]",tray,27.png,14.png,23.png,33.png,tray1.png,07.png,17.png,m,"[100, 100]","[100, 100]","[100, 100]","[100, 100]","[100, 100]","[100, 100]","[100, 100]","[100, 100]","[100, 100]","[100, 100]","[100, 100]","[0, -375]",ok.png,"[100, 100]","[100, 100]",316,1,1,1,1,0,0,0,0,0,0,0,2.20936965942,2.209369659423828,0,205,205,-220,-220,1,1,0,0,0,0,0,0,0,0.718981921673,0.718981921672821,0,97,97,-424,-424,418
03.png,19.png,29.png,09.png,25.png,02.png,32.png,11.png,12.png,"[-250, -55]","[200, 95]","[150, 100]","[-100, 95]","[50, 95]","[200, 245]","[-250, 95]","[-100, 245]","[50, 245]","[-250, 245]","[-100, -205]","[50, -205]","[200, -205]","[100, 100]","[-100, -55]","[50, -55]","[200, -55]","[-250, -205]",1,16,"[100, 100]","[100, 100]",tray,31.png,13.png,22.png,16.png,18.png,04.png,tray1.png,m,"[100, 100]","[100, 100]","[100, 100]","[100, 100]","[100, 100]","[100, 100]","[100, 100]","[100, 100]","[100, 100]","[100, 100]","[100, 100]","[0, -375]",ok.png,"[100, 100]","[100, 100]",317,1,1,1,1,0,0,0,0,0,0,0,1.49523222446,1.495232224464417,0,65,65,-175,-175,1,1,0,0,0,0,0,0,0,1.72795605659,1.727956056594849,0,4,4,-414,-414,11
16.png,13.png,11.png,05.png,21.png,30.png,07.png,23.png,01.png,"[-246, -86]","[204, 64]","[150, 100]","[-96, 64]","[54, 64]","[204, 214]","[-246, 64]","[-96, 214]","[54, 214]","[-246, 214]","[-96, -236]","[54, -236]","[204, -236]","[100, 100]","[-96, -86]","[54, -86]","[204, -86]","[-246, -236]",1,16,"[100, 100]","[100, 100]",tray,25.png,03.png,27.png,28.png,15.png,tray1.png,08.png,m,"[100, 100]","[100, 100]","[100, 100]","[100, 100]","[100, 100]","[100, 100]","[100, 100]","[100, 100]","[100, 100]","[100, 100]","[100, 100]","[0, -375]",ok.png,"[100, 100]","[100, 100]",318,1,1,1,1,0,0,0,0,0,0,0,2.49416899681,2.494168996810913,0,-94,-94,-241,-241,1,1,0,0,0,0,0,0,0,0.544873356819,0.5448733568191528,0,19,19,-422,-422,125
06.png,21.png,15.png,17.png,20.png,05.png,16.png,28.png,29.png,"[-206, -71]","[244, 79]","[150, 100]","[-56, 79]","[94, 79]","[244, 229]","[-206, 79]","[-56, 229]","[94, 229]","[-206, 229]","[-56, -221]","[94, -221]","[244, -221]","[100, 100]","[-56, -71]","[94, -71]","[244, -71]","[-206, -221]",1,16,"[100, 100]","[100, 100]",tray,23.png,tray1.png,09.png,02.png,32.png,14.png,07.png,m,"[100, 100]","[100, 100]","[100, 100]","[100, 100]","[100, 100]","[100, 100]","[100, 100]","[100, 100]","[100, 100]","[100, 100]","[100, 100]","[0, -375]",ok.png,"[100, 100]","[100, 100]",319,1,1,1,1,0,0,0,0,0,0,0,2.21093559265,2.210935592651367,0,-190,-190,-214,-214,1,1,0,0,0,0,0,0,0,0.531682610512,0.5316826105117798,0,-20,-20,-371,-371,84
06.png,11.png,01.png,28.png,12.png,17.png,19.png,34.png,15.png,"[-240, -56]","[210, 94]","[150, 100]","[-90, 94]","[60, 94]","[210, 244]","[-240, 94]","[-90, 244]","[60, 244]","[-240, 244]","[-90, -206]","[60, -206]","[210, -206]","[100, 100]","[-90, -56]","[60, -56]","[210, -56]","[-240, -206]",1,16,"[100, 100]","[100, 100]",tray,tray1.png,31.png,30.png,08.png,03.png,21.png,32.png,m,"[100, 100]","[100, 100]","[100, 100]","[100, 100]","[100, 100]","[100, 100]","[100, 100]","[100, 100]","[100, 100]","[100, 100]","[100, 100]","[0, -375]",ok.png,"[100, 100]","[100, 100]",320,1,1,1,1,0,0,0,0,0,0,0,1.07827925682,1.078279256820679,0,206,206,-78,-78,1,1,0,0,0,0,0,0,0,0.41826465725899997,0.4182646572589874,0,37,37,-419,-419,265
09.png,03.png,12.png,04.png,32.png,31.png,24.png,27.png,07.png,"[-249, -91]","[201, 59]","[150, 100]","[-99, 59]","[51, 59]","[201, 209]","[-249, 59]","[-99, 209]","[51, 209]","[-249, 209]","[-99, -241]","[51, -241]","[201, -241]","[100, 100]","[-99, -91]","[51, -91]","[201, -91]","[-249, -241]",1,16,"[100, 100]","[100, 100]",tray,10.png,13.png,09.png,tray1.png,28.png,16.png,22.png,m,"[100, 100]","[100, 100]","[100, 100]","[100, 100]","[100, 100]","[100, 100]","[100, 100]","[100, 100]","[100, 100]","[100, 100]","[100, 100]","[0, -375]",ok.png,"[100, 100]","[100, 100]",321,1,1,1,1,0,0,0,0,0,0,0,1.23119425774,1.231194257736206,0,52,52,-92,-92,1,1,0,0,0,0,0,0,0,1.65278220177,1.652782201766968,0,0,0,-397,-397,337
18.png,14.png,25.png,12.png,33.png,19.png,05.png,08.png,01.png,"[-220, -97]","[230, 53]","[150, 100]","[-70, 53]","[80, 53]","[230, 203]","[-220, 53]","[-70, 203]","[80, 203]","[-220, 203]","[-70, -247]","[80, -247]","[230, -247]","[100, 100]","[-70, -97]","[80, -97]","[230, -97]","[-220, -247]",1,16,"[100, 100]","[100, 100]",tray,10.png,34.png,tray1.png,07.png,30.png,20.png,26.png,m,"[100, 100]","[100, 100]","[100, 100]","[100, 100]","[100, 100]","[100, 100]","[100, 100]","[100, 100]","[100, 100]","[100, 100]","[100, 100]","[0, -375]",ok.png,"[100, 100]","[100, 100]",322,1,1,1,1,0,0,0,0,0,0,0,2.05731797218,2.057317972183228,0,-58,-58,-97,-97,1,1,0,0,0,0,0,0,0,1.79436719418,1.79436719417572,0,-8,-8,-395,-395,70
11.png,13.png,17.png,18.png,21.png,14.png,25.png,09.png,tray1.png,"[-225, -52]","[225, 98]","[150, 100]","[-75, 98]","[75, 98]","[225, 248]","[-225, 98]","[-75, 248]","[75, 248]","[-225, 248]","[-75, -202]","[75, -202]","[225, -202]","[100, 100]","[-75, -52]","[75, -52]","[225, -52]","[-225, -202]",1,16,"[100, 100]","[100, 100]",tray,30.png,26.png,02.png,04.png,01.png,24.png,33.png,m,"[100, 100]","[100, 100]","[100, 100]","[100, 100]","[100, 100]","[100, 100]","[100, 100]","[100, 100]","[100, 100]","[100, 100]","[100, 100]","[0, -375]",ok.png,"[100, 100]","[100, 100]",323,1,1,1,1,0,0,0,0,0,0,0,2.69860053062,2.69860053062439,0,15,15,-375,-375,1,1,0,0,0,0,0,0,0,2.88528513908,2.885285139083862,0,-238,-238,-31,-31,19
08.png,14.png,10.png,20.png,11.png,07.png,22.png,tray1.png,18.png,"[-229, -82]","[221, 68]","[150, 100]","[-79, 68]","[71, 68]","[221, 218]","[-229, 68]","[-79, 218]","[71, 218]","[-229, 218]","[-79, -232]","[71, -232]","[221, -232]","[100, 100]","[-79, -82]","[71, -82]","[221, -82]","[-229, -232]",1,16,"[100, 100]","[100, 100]",tray,30.png,09.png,31.png,26.png,19.png,29.png,03.png,m,"[100, 100]","[100, 100]","[100, 100]","[100, 100]","[100, 100]","[100, 100]","[100, 100]","[100, 100]","[100, 100]","[100, 100]","[100, 100]","[0, -375]",ok.png,"[100, 100]","[100, 100]",324,1,1,1,1,0,0,0,0,0,0,0,1.43242835999,1.432428359985352,0,207,207,70,70,1,1,0,0,0,0,0,0,0,2.02933835983,2.029338359832764,0,3,3,-406,-406,68
31.png,03.png,13.png,11.png,23.png,21.png,tray1.png,30.png,33.png,"[-234, -78]","[216, 72]","[150, 100]","[-84, 72]","[66, 72]","[216, 222]","[-234, 72]","[-84, 222]","[66, 222]","[-234, 222]","[-84, -228]","[66, -228]","[216, -228]","[100, 100]","[-84, -78]","[66, -78]","[216, -78]","[-234, -228]",1,16,"[100, 100]","[100, 100]",tray,05.png,19.png,15.png,14.png,26.png,32.png,29.png,m,"[100, 100]","[100, 100]","[100, 100]","[100, 100]","[100, 100]","[100, 100]","[100, 100]","[100, 100]","[100, 100]","[100, 100]","[100, 100]","[0, -375]",ok.png,"[100, 100]","[100, 100]",325,1,1,1,1,0,0,0,0,0,0,0,1.4227026701,1.422702670097351,0,67,67,112,112,1,1,0,0,0,0,0,0,0,1.99176490307,1.991764903068542,0,-1,-1,-429,-429,181
15.png,14.png,13.png,12.png,11.png,10.png,09.png,08.png,07.png,"[-209, -61]","[241, 89]","[150, 100]","[-59, 89]","[91, 89]","[241, 239]","[-209, 89]","[-59, 239]","[91, 239]","[-209, 239]","[-59, -211]","[91, -211]","[241, -211]","[100, 100]","[-59, -61]","[91, -61]","[241, -61]","[-209, -211]",1,16,"[100, 100]","[100, 100]",tray,04.png,03.png,06.png,05.png,tray2.png,02.png,01.png,m,"[100, 100]","[100, 100]","[100, 100]","[100, 100]","[100, 100]","[100, 100]","[100, 100]","[100, 100]","[100, 100]","[100, 100]","[100, 100]","[0, -375]",ok.png,"[100, 100]","[100, 100]",326,1,1,1,1,0,0,0,0,0,0,0,2.57054805756,2.570548057556152,0,263,263,-215,-215,1,1,0,0,0,0,0,0,0,0.637006044388,0.6370060443878174,0,24,24,-385,-385,396
23.png,22.png,31.png,32.png,33.png,34.png,14.png,15.png,13.png,"[-206, -74]","[244, 76]","[150, 100]","[-56, 76]","[94, 76]","[244, 226]","[-206, 76]","[-56, 226]","[94, 226]","[-206, 226]","[-56, -224]","[94, -224]","[244, -224]","[100, 100]","[-56, -74]","[94, -74]","[244, -74]","[-206, -224]",1,16,"[100, 100]","[100, 100]",tray,10.png,01.png,12.png,11.png,08.png,09.png,tray2.png,m,"[100, 100]","[100, 100]","[100, 100]","[100, 100]","[100, 100]","[100, 100]","[100, 100]","[100, 100]","[100, 100]","[100, 100]","[100, 100]","[0, -375]",ok.png,"[100, 100]","[100, 100]",327,1,1,1,1,0,0,0,0,0,0,0,2.60507154465,2.605071544647217,0,100,100,-212,-212,1,1,0,0,0,0,0,0,0,1.82446718216,1.824467182159424,0,-32,-32,-396,-396,4
27.png,30.png,25.png,24.png,23.png,22.png,21.png,20.png,19.png,"[-232, -74]","[218, 76]","[150, 100]","[-82, 76]","[68, 76]","[218, 226]","[-232, 76]","[-82, 226]","[68, 226]","[-232, 226]","[-82, -224]","[68, -224]","[218, -224]","[100, 100]","[-82, -74]","[68, -74]","[218, -74]","[-232, -224]",1,16,"[100, 100]","[100, 100]",tray,16.png,15.png,18.png,17.png,05.png,tray2.png,06.png,m,"[100, 100]","[100, 100]","[100, 100]","[100, 100]","[100, 100]","[100, 100]","[100, 100]","[100, 100]","[100, 100]","[100, 100]","[100, 100]","[0, -375]",ok.png,"[100, 100]","[100, 100]",328,1,1,1,1,0,0,0,0,0,0,0,2.31998276711,2.319982767105103,0,-87,-87,-212,-212,1,1,0,0,0,0,0,0,0,0.823682367802,0.8236823678016663,0,-3,-3,-400,-400,80
33.png,32.png,30.png,29.png,08.png,02.png,31.png,27.png,26.png,"[-237, -83]","[213, 67]","[150, 100]","[-87, 67]","[63, 67]","[213, 217]","[-237, 67]","[-87, 217]","[63, 217]","[-237, 217]","[-87, -233]","[63, -233]","[213, -233]","[100, 100]","[-87, -83]","[63, -83]","[213, -83]","[-237, -233]",1,16,"[100, 100]","[100, 100]",tray,03.png,tray2.png,28.png,12.png,22.png,24.png,23.png,m,"[100, 100]","[100, 100]","[100, 100]","[100, 100]","[100, 100]","[100, 100]","[100, 100]","[100, 100]","[100, 100]","[100, 100]","[100, 100]","[0, -375]",ok.png,"[100, 100]","[100, 100]",329,1,1,1,1,0,0,0,0,0,0,0,2.24284744263,2.242847442626953,0,-199,-199,-228,-228,1,1,0,0,0,0,0,0,0,0.732463121414,0.7324631214141846,0,3,3,-399,-399,88
28.png,26.png,24.png,22.png,01.png,34.png,33.png,32.png,31.png,"[-216, -66]","[234, 84]","[150, 100]","[-66, 84]","[84, 84]","[234, 234]","[-216, 84]","[-66, 234]","[84, 234]","[-216, 234]","[-66, -216]","[84, -216]","[234, -216]","[100, 100]","[-66, -66]","[84, -66]","[234, -66]","[-216, -216]",1,16,"[100, 100]","[100, 100]",tray,tray2.png,08.png,30.png,29.png,02.png,06.png,04.png,m,"[100, 100]","[100, 100]","[100, 100]","[100, 100]","[100, 100]","[100, 100]","[100, 100]","[100, 100]","[100, 100]","[100, 100]","[100, 100]","[0, -375]",ok.png,"[100, 100]","[100, 100]",330,1,1,1,1,0,0,0,0,0,0,0,1.07939624786,1.07939624786377,0,234,234,-84,-84,1,1,0,0,0,0,0,0,0,1.22950077057,1.229500770568848,0,37,37,-378,-378,135
32.png,30.png,23.png,17.png,29.png,09.png,15.png,06.png,26.png,"[-211, -50]","[239, 100]","[150, 100]","[-61, 100]","[89, 100]","[239, 250]","[-211, 100]","[-61, 250]","[89, 250]","[-211, 250]","[-61, -200]","[89, -200]","[239, -200]","[100, 100]","[-61, -50]","[89, -50]","[239, -50]","[-211, -200]",1,16,"[100, 100]","[100, 100]",tray,04.png,27.png,11.png,tray2.png,01.png,07.png,34.png,m,"[100, 100]","[100, 100]","[100, 100]","[100, 100]","[100, 100]","[100, 100]","[100, 100]","[100, 100]","[100, 100]","[100, 100]","[100, 100]","[0, -375]",ok.png,"[100, 100]","[100, 100]",331,1,1,1,1,0,0,0,0,0,0,0,0.955027043819,0.9550270438194276,0,145,145,-62,-62,1,1,0,0,0,0,0,0,0,1.48139452934,1.481394529342651,0,-10,-10,-389,-389,114
17.png,09.png,22.png,06.png,27.png,13.png,14.png,18.png,25.png,"[-237, -100]","[213, 50]","[150, 100]","[-87, 50]","[63, 50]","[213, 200]","[-237, 50]","[-87, 200]","[63, 200]","[-237, 200]","[-87, -250]","[63, -250]","[213, -250]","[100, 100]","[-87, -100]","[63, -100]","[213, -100]","[-237, -250]",1,16,"[100, 100]","[100, 100]",tray,07.png,05.png,tray2.png,03.png,12.png,02.png,24.png,m,"[100, 100]","[100, 100]","[100, 100]","[100, 100]","[100, 100]","[100, 100]","[100, 100]","[100, 100]","[100, 100]","[100, 100]","[100, 100]","[0, -375]",ok.png,"[100, 100]","[100, 100]",332,1,1,1,1,0,0,0,0,0,0,0,1.10531699657,1.105316996574402,0,-83,-83,-87,-87,1,1,0,0,0,0,0,0,0,0.733692705631,0.7336927056312561,0,-46,-46,-402,-402,233
22.png,33.png,01.png,09.png,31.png,25.png,17.png,30.png,tray2.png,"[-206, -94]","[244, 56]","[150, 100]","[-56, 56]","[94, 56]","[244, 206]","[-206, 56]","[-56, 206]","[94, 206]","[-206, 206]","[-56, -244]","[94, -244]","[244, -244]","[100, 100]","[-56, -94]","[94, -94]","[244, -94]","[-206, -244]",1,16,"[100, 100]","[100, 100]",tray,20.png,07.png,27.png,15.png,13.png,33.png,05.png,m,"[100, 100]","[100, 100]","[100, 100]","[100, 100]","[100, 100]","[100, 100]","[100, 100]","[100, 100]","[100, 100]","[100, 100]","[100, 100]","[0, -375]",ok.png,"[100, 100]","[100, 100]",333,1,1,1,1,0,0,0,0,0,0,0,1.01377546787,1.01377546787262,0,-197,-197,-104,-104,1,1,0,0,0,0,0,0,0,1.43229663372,1.432296633720398,0,23,23,-421,-421,433
33.png,31.png,25.png,21.png,27.png,23.png,29.png,tray2.png,06.png,"[-240, -79]","[210, 71]","[150, 100]","[-90, 71]","[60, 71]","[210, 221]","[-240, 71]","[-90, 221]","[60, 221]","[-240, 221]","[-90, -229]","[60, -229]","[210, -229]","[100, 100]","[-90, -79]","[60, -79]","[210, -79]","[-240, -229]",1,16,"[100, 100]","[100, 100]",tray,02.png,16.png,04.png,08.png,07.png,13.png,10.png,m,"[100, 100]","[100, 100]","[100, 100]","[100, 100]","[100, 100]","[100, 100]","[100, 100]","[100, 100]","[100, 100]","[100, 100]","[100, 100]","[0, -375]",ok.png,"[100, 100]","[100, 100]",334,1,1,1,1,0,0,0,0,0,0,0,1.20517635345,1.20517635345459,0,216,216,61,61,1,1,0,0,0,0,0,0,0,0.980114340782,0.9801143407821656,0,76,76,-447,-447,422
30.png,32.png,27.png,21.png,26.png,24.png,tray2.png,22.png,20.png,"[-223, -57]","[227, 93]","[150, 100]","[-73, 93]","[77, 93]","[227, 243]","[-223, 93]","[-73, 243]","[77, 243]","[-223, 243]","[-73, -207]","[77, -207]","[227, -207]","[100, 100]","[-73, -57]","[77, -57]","[227, -57]","[-223, -207]",1,16,"[100, 100]","[100, 100]",tray,14.png,03.png,18.png,16.png,09.png,05.png,07.png,m,"[100, 100]","[100, 100]","[100, 100]","[100, 100]","[100, 100]","[100, 100]","[100, 100]","[100, 100]","[100, 100]","[100, 100]","[100, 100]","[0, -375]",ok.png,"[100, 100]","[100, 100]",335,1,1,1,1,0,0,0,0,0,0,0,0.994948267937,0.9949482679367064,0,86,86,99,99,1,1,0,0,0,0,0,0,0,0.704393625259,0.7043936252593994,0,56,56,-407,-407,408
01.png,18.png,27.png,24.png,21.png,tray2.png,19.png,16.png,32.png,"[-241, -60]","[209, 90]","[150, 100]","[-91, 90]","[59, 90]","[209, 240]","[-241, 90]","[-91, 240]","[59, 240]","[-241, 240]","[-91, -210]","[59, -210]","[209, -210]","[100, 100]","[-91, -60]","[59, -60]","[209, -60]","[-241, -210]",1,16,"[100, 100]","[100, 100]",tray,13.png,31.png,34.png,10.png,05.png,33.png,14.png,m,"[100, 100]","[100, 100]","[100, 100]","[100, 100]","[100, 100]","[100, 100]","[100, 100]","[100, 100]","[100, 100]","[100, 100]","[100, 100]","[0, -375]",ok.png,"[100, 100]","[100, 100]",336,1,1,1,1,0,0,0,0,0,0,0,1.37471354008,1.374713540077209,0,-109,-109,78,78,1,1,0,0,0,0,0,0,0,1.93488311768,1.934883117675781,0,53,53,-433,-433,379
34.png,27.png,08.png,18.png,tray2.png,11.png,16.png,21.png,17.png,"[-238, -100]","[212, 50]","[150, 100]","[-88, 50]","[62, 50]","[212, 200]","[-238, 50]","[-88, 200]","[62, 200]","[-238, 200]","[-88, -250]","[62, -250]","[212, -250]","[100, 100]","[-88, -100]","[62, -100]","[212, -100]","[-238, -250]",1,16,"[100, 100]","[100, 100]",tray,09.png,25.png,04.png,24.png,10.png,20.png,15.png,m,"[100, 100]","[100, 100]","[100, 100]","[100, 100]","[100, 100]","[100, 100]","[100, 100]","[100, 100]","[100, 100]","[100, 100]","[100, 100]","[0, -375]",ok.png,"[100, 100]","[100, 100]",337,1,1,1,1,0,0,0,0,0,0,0,0.903617501259,0.90361750125885,0,-253,-253,42,42,1,1,0,0,0,0,0,0,0,1.34391391277,1.343913912773132,0,20,20,-385,-385,352
04.png,02.png,05.png,tray2.png,08.png,07.png,01.png,03.png,26.png,"[-243, -77]","[207, 73]","[150, 100]","[-93, 73]","[57, 73]","[207, 223]","[-243, 73]","[-93, 223]","[57, 223]","[-243, 223]","[-93, -227]","[57, -227]","[207, -227]","[100, 100]","[-93, -77]","[57, -77]","[207, -77]","[-243, -227]",1,16,"[100, 100]","[100, 100]",tray,28.png,24.png,29.png,32.png,16.png,20.png,10.png,m,"[100, 100]","[100, 100]","[100, 100]","[100, 100]","[100, 100]","[100, 100]","[100, 100]","[100, 100]","[100, 100]","[100, 100]","[100, 100]","[0, -375]",ok.png,"[100, 100]","[100, 100]",338,1,1,1,1,0,0,0,0,0,0,0,1.77067172527,1.770671725273132,0,189,189,212,212,1,1,0,0,0,0,0,0,0,1.81225085258,1.812250852584839,0,-29,-29,-391,-391,61
01.png,12.png,tray2.png,23.png,10.png,02.png,28.png,13.png,08.png,"[-241, -92]","[209, 58]","[150, 100]","[-91, 58]","[59, 58]","[209, 208]","[-241, 58]","[-91, 208]","[59, 208]","[-241, 208]","[-91, -242]","[59, -242]","[209, -242]","[100, 100]","[-91, -92]","[59, -92]","[209, -92]","[-241, -242]",1,16,"[100, 100]","[100, 100]",tray,15.png,16.png,33.png,03.png,29.png,06.png,17.png,m,"[100, 100]","[100, 100]","[100, 100]","[100, 100]","[100, 100]","[100, 100]","[100, 100]","[100, 100]","[100, 100]","[100, 100]","[100, 100]","[0, -375]",ok.png,"[100, 100]","[100, 100]",339,1,1,1,1,0,0,0,0,0,0,0,1.38600480556,1.38600480556488,0,35,35,215,215,1,1,0,0,0,0,0,0,0,0.909400999546,0.909400999546051,0,44,44,-383,-383,427
24.png,tray2.png,03.png,07.png,13.png,17.png,23.png,27.png,33.png,"[-217, -64]","[233, 86]","[150, 100]","[-67, 86]","[83, 86]","[233, 236]","[-217, 86]","[-67, 236]","[83, 236]","[-217, 236]","[-67, -214]","[83, -214]","[233, -214]","[100, 100]","[-67, -64]","[83, -64]","[233, -64]","[-217, -214]",1,16,"[100, 100]","[100, 100]",tray,14.png,16.png,04.png,06.png,32.png,08.png,30.png,m,"[100, 100]","[100, 100]","[100, 100]","[100, 100]","[100, 100]","[100, 100]","[100, 100]","[100, 100]","[100, 100]","[100, 100]","[100, 100]","[0, -375]",ok.png,"[100, 100]","[100, 100]",340,1,1,1,1,0,0,0,0,0,0,0,1.65111398697,1.651113986968994,0,-59,-59,246,246,1,1,0,0,0,0,0,0,0,0.748191416264,0.7481914162635803,0,43,43,-419,-419,305
tray2.png,17.png,07.png,14.png,27.png,33.png,23.png,24.png,04.png,"[-204, -53]","[246, 97]","[150, 100]","[-54, 97]","[96, 97]","[246, 247]","[-204, 97]","[-54, 247]","[96, 247]","[-204, 247]","[-54, -203]","[96, -203]","[246, -203]","[100, 100]","[-54, -53]","[96, -53]","[246, -53]","[-204, -203]",1,16,"[100, 100]","[100, 100]",tray,12.png,02.png,03.png,16.png,04.png,30.png,20.png,m,"[100, 100]","[100, 100]","[100, 100]","[100, 100]","[100, 100]","[100, 100]","[100, 100]","[100, 100]","[100, 100]","[100, 100]","[100, 100]","[0, -375]",ok.png,"[100, 100]","[100, 100]",341,1,1,1,1,0,0,0,0,0,0,0,3.19884824753,3.198848247528076,0,-236,-236,260,260,1,1,0,0,0,0,0,0,0,0.744283020496,0.7442830204963684,0,5,5,-408,-408,49
18.png,tray2.png,04.png,13.png,31.png,16.png,22.png,12.png,11.png,"[-235, -95]","[215, 55]","[150, 100]","[-85, 55]","[65, 55]","[215, 205]","[-235, 55]","[-85, 205]","[65, 205]","[-235, 205]","[-85, -245]","[65, -245]","[215, -245]","[100, 100]","[-85, -95]","[65, -95]","[215, -95]","[-235, -245]",1,16,"[100, 100]","[100, 100]",tray,25.png,09.png,32.png,02.png,03.png,29.png,19.png,m,"[100, 100]","[100, 100]","[100, 100]","[100, 100]","[100, 100]","[100, 100]","[100, 100]","[100, 100]","[100, 100]","[100, 100]","[100, 100]","[0, -375]",ok.png,"[100, 100]","[100, 100]",342,1,1,1,1,0,0,0,0,0,0,0,1.12376737595,1.123767375946045,0,-83,-83,199,199,1,1,0,0,0,0,0,0,0,0.830315053463,0.8303150534629822,0,39,39,-425,-425,248
15.png,08.png,tray2.png,03.png,25.png,28.png,27.png,01.png,23.png,"[-247, -69]","[203, 81]","[150, 100]","[-97, 81]","[53, 81]","[203, 231]","[-247, 81]","[-97, 231]","[53, 231]","[-247, 231]","[-97, -219]","[53, -219]","[203, -219]","[100, 100]","[-97, -69]","[53, -69]","[203, -69]","[-247, -219]",1,16,"[100, 100]","[100, 100]",tray,21.png,05.png,07.png,30.png,16.png,11.png,13.png,m,"[100, 100]","[100, 100]","[100, 100]","[100, 100]","[100, 100]","[100, 100]","[100, 100]","[100, 100]","[100, 100]","[100, 100]","[100, 100]","[0, -375]",ok.png,"[100, 100]","[100, 100]",343,1,1,1,1,0,0,0,0,0,0,0,2.47927808762,2.479278087615967,0,79,79,210,210,1,1,0,0,0,0,0,0,0,0.638762533665,0.6387625336647034,0,30,30,-378,-378,197
32.png,07.png,14.png,tray2.png,23.png,02.png,09.png,29.png,28.png,"[-249, -91]","[201, 59]","[150, 100]","[-99, 59]","[51, 59]","[201, 209]","[-249, 59]","[-99, 209]","[51, 209]","[-249, 209]","[-99, -241]","[51, -241]","[201, -241]","[100, 100]","[-99, -91]","[51, -91]","[201, -91]","[-249, -241]",1,16,"[100, 100]","[100, 100]",tray,20.png,17.png,16.png,05.png,06.png,15.png,21.png,m,"[100, 100]","[100, 100]","[100, 100]","[100, 100]","[100, 100]","[100, 100]","[100, 100]","[100, 100]","[100, 100]","[100, 100]","[100, 100]","[0, -375]",ok.png,"[100, 100]","[100, 100]",344,1,1,1,1,0,0,0,0,0,0,0,1.74372291565,1.743722915649414,0,203,203,213,213,1,1,0,0,0,0,0,0,0,0.606463015079,0.6064630150794983,0,-26,-26,-448,-448,314
03.png,32.png,21.png,31.png,tray2.png,08.png,30.png,15.png,34.png,"[-248, -69]","[202, 81]","[150, 100]","[-98, 81]","[52, 81]","[202, 231]","[-248, 81]","[-98, 231]","[52, 231]","[-248, 231]","[-98, -219]","[52, -219]","[202, -219]","[100, 100]","[-98, -69]","[52, -69]","[202, -69]","[-248, -219]",1,16,"[100, 100]","[100, 100]",tray,12.png,28.png,19.png,17.png,06.png,01.png,11.png,m,"[100, 100]","[100, 100]","[100, 100]","[100, 100]","[100, 100]","[100, 100]","[100, 100]","[100, 100]","[100, 100]","[100, 100]","[100, 100]","[0, -375]",ok.png,"[100, 100]","[100, 100]",345,1,1,1,1,0,0,0,0,0,0,0,1.35572600365,1.355726003646851,0,-224,-224,90,90,1,1,0,0,0,0,0,0,0,1.31186211109,1.311862111091614,0,-15,-15,-390,-390,202
28.png,22.png,16.png,13.png,10.png,tray2.png,09.png,07.png,27.png,"[-249, -60]","[201, 90]","[150, 100]","[-99, 90]","[51, 90]","[201, 240]","[-249, 90]","[-99, 240]","[51, 240]","[-249, 240]","[-99, -210]","[51, -210]","[201, -210]","[100, 100]","[-99, -60]","[51, -60]","[201, -60]","[-249, -210]",1,16,"[100, 100]","[100, 100]",tray,32.png,04.png,24.png,31.png,09.png,12.png,03.png,m,"[100, 100]","[100, 100]","[100, 100]","[100, 100]","[100, 100]","[100, 100]","[100, 100]","[100, 100]","[100, 100]","[100, 100]","[100, 100]","[0, -375]",ok.png,"[100, 100]","[100, 100]",346,1,1,1,1,0,0,0,0,0,0,0,2.72798609734,2.727986097335815,0,-85,-85,96,96,1,1,0,0,0,0,0,0,0,0.562986850739,0.5629868507385254,0,31,31,-442,-442,341
30.png,26.png,20.png,34.png,10.png,07.png,tray2.png,01.png,08.png,"[-235, -86]","[215, 64]","[150, 100]","[-85, 64]","[65, 64]","[215, 214]","[-235, 64]","[-85, 214]","[65, 214]","[-235, 214]","[-85, -236]","[65, -236]","[215, -236]","[100, 100]","[-85, -86]","[65, -86]","[215, -86]","[-235, -236]",1,16,"[100, 100]","[100, 100]",tray,33.png,12.png,05.png,19.png,18.png,25.png,14.png,m,"[100, 100]","[100, 100]","[100, 100]","[100, 100]","[100, 100]","[100, 100]","[100, 100]","[100, 100]","[100, 100]","[100, 100]","[100, 100]","[0, -375]",ok.png,"[100, 100]","[100, 100]",347,1,1,1,1,0,0,0,0,0,0,0,1.06352710724,1.06352710723877,0,52,52,34,34,1,1,0,0,0,0,0,0,0,1.69773602486,1.697736024856567,0,81,81,-417,-417,401
01.png,33.png,24.png,26.png,30.png,04.png,02.png,tray2.png,09.png,"[-242, -87]","[208, 63]","[150, 100]","[-92, 63]","[58, 63]","[208, 213]","[-242, 63]","[-92, 213]","[58, 213]","[-242, 213]","[-92, -237]","[58, -237]","[208, -237]","[100, 100]","[-92, -87]","[58, -87]","[208, -87]","[-242, -237]",1,16,"[100, 100]","[100, 100]",tray,21.png,18.png,25.png,14.png,11.png,17.png,13.png,m,"[100, 100]","[100, 100]","[100, 100]","[100, 100]","[100, 100]","[100, 100]","[100, 100]","[100, 100]","[100, 100]","[100, 100]","[100, 100]","[0, -375]",ok.png,"[100, 100]","[100, 100]",348,1,1,1,1,0,0,0,0,0,0,0,1.12024116516,1.120241165161133,0,213,213,80,80,1,1,0,0,0,0,0,0,0,1.20562386513,1.205623865127563,0,20,20,-362,-362,130
19.png,03.png,29.png,09.png,30.png,26.png,31.png,18.png,tray2.png,"[-225, -87]","[225, 63]","[150, 100]","[-75, 63]","[75, 63]","[225, 213]","[-225, 63]","[-75, 213]","[75, 213]","[-225, 213]","[-75, -237]","[75, -237]","[225, -237]","[100, 100]","[-75, -87]","[75, -87]","[225, -87]","[-225, -237]",1,16,"[100, 100]","[100, 100]",tray,11.png,20.png,22.png,07.png,08.png,10.png,14.png,m,"[100, 100]","[100, 100]","[100, 100]","[100, 100]","[100, 100]","[100, 100]","[100, 100]","[100, 100]","[100, 100]","[100, 100]","[100, 100]","[0, -375]",ok.png,"[100, 100]","[100, 100]",349,1,1,1,1,0,0,0,0,0,0,0,1.5920112133,1.592011213302612,0,-204,-204,-93,-93,1,1,0,0,0,0,0,0,0,0.855138897896,0.855138897895813,0,-11,-11,-394,-394,283
26.png,29.png,32.png,19.png,05.png,14.png,15.png,33.png,30.png,"[-250, -51]","[200, 99]","[150, 100]","[-100, 99]","[50, 99]","[200, 249]","[-250, 99]","[-100, 249]","[50, 249]","[-250, 249]","[-100, -201]","[50, -201]","[200, -201]","[100, 100]","[-100, -51]","[50, -51]","[200, -51]","[-250, -201]",1,16,"[100, 100]","[100, 100]",tray,23.png,11.png,tray2.png,21.png,31.png,13.png,03.png,m,"[100, 100]","[100, 100]","[100, 100]","[100, 100]","[100, 100]","[100, 100]","[100, 100]","[100, 100]","[100, 100]","[100, 100]","[100, 100]","[0, -375]",ok.png,"[100, 100]","[100, 100]",350,1,1,1,1,0,0,0,0,0,0,0,1.41614484787,1.416144847869873,0,-90,-90,-45,-45,1,1,0,0,0,0,0,0,0,0.996592819691,0.9965928196907043,0,84,84,-355,-355,252
dots1.png,01.png,02.png,03.png,04.png,05.png,06.png,07.png,08.png,"[-235, -54]","[215, 96]","[150, 100]","[-85, 96]","[65, 96]","[215, 246]","[-235, 96]","[-85, 246]","[65, 246]","[-235, 246]","[-85, -204]","[65, -204]","[215, -204]","[100, 100]","[-85, -54]","[65, -54]","[215, -54]","[-235, -204]",1,16,"[100, 100]","[100, 100]",dots,11.png,12.png,09.png,10.png,15.png,13.png,14.png,m,"[100, 100]","[100, 100]","[100, 100]","[100, 100]","[100, 100]","[100, 100]","[100, 100]","[100, 100]","[100, 100]","[100, 100]","[100, 100]","[0, -375]",ok.png,"[100, 100]","[100, 100]",351,2,1,1,1,0,0,0,0,0,0,0,0.842203319073,0.8422033190727234,0,-217,-217,285,285,1,1,0,0,0,0,0,0,0,1.33760976791,1.337609767913818,0,-23,-23,-401,-401,31
08.png,dots1.png,09.png,01.png,10.png,11.png,12.png,13.png,15.png,"[-225, -77]","[225, 73]","[150, 100]","[-75, 73]","[75, 73]","[225, 223]","[-225, 73]","[-75, 223]","[75, 223]","[-225, 223]","[-75, -227]","[75, -227]","[225, -227]","[100, 100]","[-75, -77]","[75, -77]","[225, -77]","[-225, -227]",1,16,"[100, 100]","[100, 100]",dots,33.png,32.png,14.png,34.png,23.png,31.png,22.png,m,"[100, 100]","[100, 100]","[100, 100]","[100, 100]","[100, 100]","[100, 100]","[100, 100]","[100, 100]","[100, 100]","[100, 100]","[100, 100]","[0, -375]",ok.png,"[100, 100]","[100, 100]",352,2,1,1,1,0,0,0,0,0,0,0,1.17993557453,1.179935574531555,0,-105,-105,267,267,1,1,0,0,0,0,0,0,0,1.13917064667,1.13917064666748,0,4,4,-370,-370,188
05.png,06.png,dots1.png,15.png,16.png,17.png,18.png,19.png,20.png,"[-226, -66]","[224, 84]","[150, 100]","[-76, 84]","[74, 84]","[224, 234]","[-226, 84]","[-76, 234]","[74, 234]","[-226, 234]","[-76, -216]","[74, -216]","[224, -216]","[100, 100]","[-76, -66]","[74, -66]","[224, -66]","[-226, -216]",1,16,"[100, 100]","[100, 100]",dots,23.png,24.png,21.png,22.png,27.png,25.png,30.png,m,"[100, 100]","[100, 100]","[100, 100]","[100, 100]","[100, 100]","[100, 100]","[100, 100]","[100, 100]","[100, 100]","[100, 100]","[100, 100]","[0, -375]",ok.png,"[100, 100]","[100, 100]",353,2,1,1,1,0,0,0,0,0,0,0,1.5407422781,1.54074227809906,0,59,59,245,245,1,1,0,0,0,0,0,0,0,1.27543604374,1.275436043739319,0,56,56,-374,-374,380
22.png,23.png,24.png,dots1.png,03.png,12.png,25.png,26.png,02.png,"[-241, -75]","[209, 75]","[150, 100]","[-91, 75]","[59, 75]","[209, 225]","[-241, 75]","[-91, 225]","[59, 225]","[-241, 225]","[-91, -225]","[59, -225]","[209, -225]","[100, 100]","[-91, -75]","[59, -75]","[209, -75]","[-241, -225]",1,16,"[100, 100]","[100, 100]",dots,28.png,29.png,08.png,27.png,32.png,30.png,31.png,m,"[100, 100]","[100, 100]","[100, 100]","[100, 100]","[100, 100]","[100, 100]","[100, 100]","[100, 100]","[100, 100]","[100, 100]","[100, 100]","[0, -375]",ok.png,"[100, 100]","[100, 100]",354,2,1,1,1,0,0,0,0,0,0,0,1.55866932869,1.558669328689575,0,176,176,218,218,1,1,0,0,0,0,0,0,0,4.44534635544,4.445346355438232,0,-6,-6,-402,-402,334
02.png,04.png,06.png,08.png,dots1.png,29.png,30.png,31.png,32.png,"[-247, -91]","[203, 59]","[150, 100]","[-97, 59]","[53, 59]","[203, 209]","[-247, 59]","[-97, 209]","[53, 209]","[-247, 209]","[-97, -241]","[53, -241]","[203, -241]","[100, 100]","[-97, -91]","[53, -91]","[203, -91]","[-247, -241]",1,16,"[100, 100]","[100, 100]",dots,01.png,22.png,33.png,34.png,28.png,24.png,26.png,m,"[100, 100]","[100, 100]","[100, 100]","[100, 100]","[100, 100]","[100, 100]","[100, 100]","[100, 100]","[100, 100]","[100, 100]","[100, 100]","[0, -375]",ok.png,"[100, 100]","[100, 100]",355,2,1,1,1,0,0,0,0,0,0,0,1.86648011208,1.866480112075806,0,-223,-223,77,77,1,1,0,0,0,0,0,0,0,1.2837420702,1.283742070198059,0,4,4,-452,-452,236
01.png,34.png,07.png,27.png,04.png,dots1.png,11.png,26.png,06.png,"[-204, -69]","[246, 81]","[150, 100]","[-54, 81]","[96, 81]","[246, 231]","[-204, 81]","[-54, 231]","[96, 231]","[-204, 231]","[-54, -219]","[96, -219]","[246, -219]","[100, 100]","[-54, -69]","[96, -69]","[246, -69]","[-204, -219]",1,16,"[100, 100]","[100, 100]",dots,29.png,17.png,15.png,09.png,32.png,23.png,30.png,m,"[100, 100]","[100, 100]","[100, 100]","[100, 100]","[100, 100]","[100, 100]","[100, 100]","[100, 100]","[100, 100]","[100, 100]","[100, 100]","[0, -375]",ok.png,"[100, 100]","[100, 100]",356,2,1,1,1,0,0,0,0,0,0,0,1.01591300964,1.015913009643555,0,-37,-37,71,71,1,1,0,0,0,0,0,0,0,0.994558572769,0.994558572769165,0,2,2,-383,-383,272
12.png,24.png,02.png,05.png,07.png,03.png,dots1.png,25.png,18.png,"[-201, -63]","[249, 87]","[150, 100]","[-51, 87]","[99, 87]","[249, 237]","[-201, 87]","[-51, 237]","[99, 237]","[-201, 237]","[-51, -213]","[99, -213]","[249, -213]","[100, 100]","[-51, -63]","[99, -63]","[249, -63]","[-201, -213]",1,16,"[100, 100]","[100, 100]",dots,27.png,06.png,14.png,13.png,17.png,22.png,09.png,m,"[100, 100]","[100, 100]","[100, 100]","[100, 100]","[100, 100]","[100, 100]","[100, 100]","[100, 100]","[100, 100]","[100, 100]","[100, 100]","[0, -375]",ok.png,"[100, 100]","[100, 100]",357,2,1,1,1,0,0,0,0,0,0,0,1.18205320835,1.182053208351135,0,101,101,107,107,1,1,0,0,0,0,0,0,0,3.72979402542,3.729794025421143,0,22,22,-383,-383,67
13.png,05.png,33.png,07.png,20.png,15.png,27.png,dots1.png,30.png,"[-215, -94]","[235, 56]","[150, 100]","[-65, 56]","[85, 56]","[235, 206]","[-215, 56]","[-65, 206]","[85, 206]","[-215, 206]","[-65, -244]","[85, -244]","[235, -244]","[100, 100]","[-65, -94]","[85, -94]","[235, -94]","[-215, -244]",1,16,"[100, 100]","[100, 100]",dots,31.png,09.png,17.png,25.png,22.png,01.png,33.png,m,"[100, 100]","[100, 100]","[100, 100]","[100, 100]","[100, 100]","[100, 100]","[100, 100]","[100, 100]","[100, 100]","[100, 100]","[100, 100]","[0, -375]",ok.png,"[100, 100]","[100, 100]",358,2,1,1,1,0,0,0,0,0,0,0,0.796037435532,0.7960374355316162,0,238,238,84,84,1,1,0,0,0,0,0,0,0,0.433351069689,0.433351069688797,0,25,25,-467,-467,316
07.png,10.png,13.png,16.png,02.png,08.png,04.png,06.png,dots1.png,"[-205, -68]","[245, 82]","[150, 100]","[-55, 82]","[95, 82]","[245, 232]","[-205, 82]","[-55, 232]","[95, 232]","[-205, 232]","[-55, -218]","[95, -218]","[245, -218]","[100, 100]","[-55, -68]","[95, -68]","[245, -68]","[-205, -218]",1,16,"[100, 100]","[100, 100]",dots,27.png,21.png,29.png,23.png,33.png,25.png,31.png,m,"[100, 100]","[100, 100]","[100, 100]","[100, 100]","[100, 100]","[100, 100]","[100, 100]","[100, 100]","[100, 100]","[100, 100]","[100, 100]","[0, -375]",ok.png,"[100, 100]","[100, 100]",359,2,1,1,1,0,0,0,0,0,0,0,1.52852082253,1.528520822525024,0,-174,-174,-75,-75,1,1,0,0,0,0,0,0,0,0.857022583485,0.8570225834846497,0,-4,-4,-367,-367,382
09.png,07.png,05.png,03.png,14.png,16.png,18.png,20.png,22.png,"[-218, -82]","[232, 68]","[150, 100]","[-68, 68]","[82, 68]","[232, 218]","[-218, 68]","[-68, 218]","[82, 218]","[-218, 218]","[-68, -232]","[82, -232]","[232, -232]","[100, 100]","[-68, -82]","[82, -82]","[232, -82]","[-218, -232]",1,16,"[100, 100]","[100, 100]",dots,26.png,21.png,dots1.png,24.png,30.png,27.png,32.png,m,"[100, 100]","[100, 100]","[100, 100]","[100, 100]","[100, 100]","[100, 100]","[100, 100]","[100, 100]","[100, 100]","[100, 100]","[100, 100]","[0, -375]",ok.png,"[100, 100]","[100, 100]",360,2,1,1,1,0,0,0,0,0,0,0,1.27754175663,1.277541756629944,0,-75,-75,-61,-61,1,1,0,0,0,0,0,0,0,2.39857983589,2.398579835891724,0,13,13,-389,-389,51
05.png,14.png,33.png,31.png,13.png,10.png,34.png,32.png,16.png,"[-222, -94]","[228, 56]","[150, 100]","[-72, 56]","[78, 56]","[228, 206]","[-222, 56]","[-72, 206]","[78, 206]","[-222, 206]","[-72, -244]","[78, -244]","[228, -244]","[100, 100]","[-72, -94]","[78, -94]","[228, -94]","[-222, -244]",1,16,"[100, 100]","[100, 100]",dots,21.png,24.png,19.png,dots1.png,01.png,27.png,18.png,m,"[100, 100]","[100, 100]","[100, 100]","[100, 100]","[100, 100]","[100, 100]","[100, 100]","[100, 100]","[100, 100]","[100, 100]","[100, 100]","[0, -375]",ok.png,"[100, 100]","[100, 100]",361,2,1,1,1,0,0,0,0,0,0,0,0.938765466213,0.9387654662132264,0,86,86,-103,-103,1,1,0,0,0,0,0,0,0,1.80668902397,1.806689023971558,0,55,55,-393,-393,139
10.png,15.png,20.png,25.png,09.png,24.png,04.png,17.png,21.png,"[-247, -76]","[203, 74]","[150, 100]","[-97, 74]","[53, 74]","[203, 224]","[-247, 74]","[-97, 224]","[53, 224]","[-247, 224]","[-97, -226]","[53, -226]","[203, -226]","[100, 100]","[-97, -76]","[53, -76]","[203, -76]","[-247, -226]",1,16,"[100, 100]","[100, 100]",dots,dots1.png,18.png,16.png,11.png,34.png,08.png,27.png,m,"[100, 100]","[100, 100]","[100, 100]","[100, 100]","[100, 100]","[100, 100]","[100, 100]","[100, 100]","[100, 100]","[100, 100]","[100, 100]","[0, -375]",ok.png,"[100, 100]","[100, 100]",362,2,1,1,1,0,0,0,0,0,0,0,1.18966639042,1.189666390419006,0,202,202,-94,-94,1,1,0,0,0,0,0,0,0,2.24572920799,2.245729207992554,0,5,5,-373,-373,287
16.png,10.png,20.png,24.png,28.png,32.png,29.png,26.png,03.png,"[-214, -92]","[236, 58]","[150, 100]","[-64, 58]","[86, 58]","[236, 208]","[-214, 58]","[-64, 208]","[86, 208]","[-214, 208]","[-64, -242]","[86, -242]","[236, -242]","[100, 100]","[-64, -92]","[86, -92]","[236, -92]","[-214, -242]",1,16,"[100, 100]","[100, 100]",dots,08.png,dots1.png,01.png,07.png,04.png,05.png,02.png,m,"[100, 100]","[100, 100]","[100, 100]","[100, 100]","[100, 100]","[100, 100]","[100, 100]","[100, 100]","[100, 100]","[100, 100]","[100, 100]","[0, -375]",ok.png,"[100, 100]","[100, 100]",363,2,1,1,1,0,0,0,0,0,0,0,1.91650140285,1.916501402854919,0,-185,-185,-245,-245,1,1,0,0,0,0,0,0,0,1.0101993084,1.010199308395386,0,22,22,-415,-415,402
29.png,17.png,06.png,16.png,15.png,03.png,33.png,08.png,13.png,"[-200, -99]","[250, 51]","[150, 100]","[-50, 51]","[100, 51]","[250, 201]","[-200, 51]","[-50, 201]","[100, 201]","[-200, 201]","[-50, -249]","[100, -249]","[250, -249]","[100, 100]","[-50, -99]","[100, -99]","[250, -99]","[-200, -249]",1,16,"[100, 100]","[100, 100]",dots,10.png,23.png,28.png,02.png,01.png,dots1.png,12.png,m,"[100, 100]","[100, 100]","[100, 100]","[100, 100]","[100, 100]","[100, 100]","[100, 100]","[100, 100]","[100, 100]","[100, 100]","[100, 100]","[0, -375]",ok.png,"[100, 100]","[100, 100]",364,2,1,1,1,0,0,0,0,0,0,0,1.91864538193,1.91864538192749,0,-49,-49,-214,-214,1,1,0,0,0,0,0,0,0,0.496274650097,0.4962746500968933,0,17,17,-402,-402,267
32.png,30.png,08.png,16.png,14.png,06.png,04.png,33.png,27.png,"[-233, -92]","[217, 58]","[150, 100]","[-83, 58]","[67, 58]","[217, 208]","[-233, 58]","[-83, 208]","[67, 208]","[-233, 208]","[-83, -242]","[67, -242]","[217, -242]","[100, 100]","[-83, -92]","[67, -92]","[217, -92]","[-233, -242]",1,16,"[100, 100]","[100, 100]",dots,13.png,07.png,23.png,17.png,24.png,03.png,dots1.png,m,"[100, 100]","[100, 100]","[100, 100]","[100, 100]","[100, 100]","[100, 100]","[100, 100]","[100, 100]","[100, 100]","[100, 100]","[100, 100]","[0, -375]",ok.png,"[100, 100]","[100, 100]",365,2,1,1,1,0,0,0,0,0,0,0,1.44728624821,1.447286248207092,0,49,49,-258,-258,1,1,0,0,0,0,0,0,0,0.325935930014,0.3259359300136566,0,2,2,-383,-383,423
04.png,20.png,30.png,02.png,12.png,16.png,03.png,04.png,24.png,"[-210, -97]","[240, 53]","[150, 100]","[-60, 53]","[90, 53]","[240, 203]","[-210, 53]","[-60, 203]","[90, 203]","[-210, 203]","[-60, -247]","[90, -247]","[240, -247]","[100, 100]","[-60, -97]","[90, -97]","[240, -97]","[-210, -247]",1,16,"[100, 100]","[100, 100]",dots,27.png,14.png,23.png,33.png,dots1.png,07.png,17.png,m,"[100, 100]","[100, 100]","[100, 100]","[100, 100]","[100, 100]","[100, 100]","[100, 100]","[100, 100]","[100, 100]","[100, 100]","[100, 100]","[0, -375]",ok.png,"[100, 100]","[100, 100]",366,2,1,1,1,0,0,0,0,0,0,0,1.91851127148,1.918511271476746,0,248,248,-241,-241,1,1,0,0,0,0,0,0,0,1.48320364952,1.483203649520874,0,-5,-5,-401,-401,222
03.png,19.png,29.png,09.png,25.png,02.png,32.png,11.png,12.png,"[-201, -64]","[249, 86]","[150, 100]","[-51, 86]","[99, 86]","[249, 236]","[-201, 86]","[-51, 236]","[99, 236]","[-201, 236]","[-51, -214]","[99, -214]","[249, -214]","[100, 100]","[-51, -64]","[99, -64]","[249, -64]","[-201, -214]",1,16,"[100, 100]","[100, 100]",dots,31.png,13.png,22.png,16.png,18.png,04.png,dots1.png,m,"[100, 100]","[100, 100]","[100, 100]","[100, 100]","[100, 100]","[100, 100]","[100, 100]","[100, 100]","[100, 100]","[100, 100]","[100, 100]","[0, -375]",ok.png,"[100, 100]","[100, 100]",367,2,1,1,1,0,0,0,0,0,0,0,1.15209591389,1.152095913887024,0,94,94,-240,-240,1,1,0,0,0,0,0,0,0,0.917579710484,0.917579710483551,0,5,5,-381,-381,140
16.png,13.png,11.png,05.png,21.png,30.png,07.png,23.png,01.png,"[-206, -50]","[244, 100]","[150, 100]","[-56, 100]","[94, 100]","[244, 250]","[-206, 100]","[-56, 250]","[94, 250]","[-206, 250]","[-56, -200]","[94, -200]","[244, -200]","[100, 100]","[-56, -50]","[94, -50]","[244, -50]","[-206, -200]",1,16,"[100, 100]","[100, 100]",dots,25.png,03.png,27.png,28.png,15.png,dots1.png,08.png,m,"[100, 100]","[100, 100]","[100, 100]","[100, 100]","[100, 100]","[100, 100]","[100, 100]","[100, 100]","[100, 100]","[100, 100]","[100, 100]","[0, -375]",ok.png,"[100, 100]","[100, 100]",368,2,1,1,1,0,0,0,0,0,0,0,1.10534465313,1.105344653129578,0,-75,-75,-216,-216,1,1,0,0,0,0,0,0,0,1.43461310863,1.434613108634949,0,143,143,-373,-373,361
06.png,21.png,15.png,17.png,20.png,05.png,16.png,28.png,29.png,"[-203, -98]","[247, 52]","[150, 100]","[-53, 52]","[97, 52]","[247, 202]","[-203, 52]","[-53, 202]","[97, 202]","[-203, 202]","[-53, -248]","[97, -248]","[247, -248]","[100, 100]","[-53, -98]","[97, -98]","[247, -98]","[-203, -248]",1,16,"[100, 100]","[100, 100]",dots,23.png,dots1.png,09.png,02.png,32.png,14.png,07.png,m,"[100, 100]","[100, 100]","[100, 100]","[100, 100]","[100, 100]","[100, 100]","[100, 100]","[100, 100]","[100, 100]","[100, 100]","[100, 100]","[0, -375]",ok.png,"[100, 100]","[100, 100]",369,2,1,1,1,0,0,0,0,0,0,0,2.2963757515,2.296375751495361,0,-187,-187,-231,-231,1,1,0,0,0,0,0,0,0,0.728091180325,0.7280911803245544,0,29,29,-449,-449,398
06.png,11.png,01.png,28.png,12.png,17.png,19.png,34.png,15.png,"[-232, -93]","[218, 57]","[150, 100]","[-82, 57]","[68, 57]","[218, 207]","[-232, 57]","[-82, 207]","[68, 207]","[-232, 207]","[-82, -243]","[68, -243]","[218, -243]","[100, 100]","[-82, -93]","[68, -93]","[218, -93]","[-232, -243]",1,16,"[100, 100]","[100, 100]",dots,dots1.png,31.png,30.png,08.png,03.png,21.png,32.png,m,"[100, 100]","[100, 100]","[100, 100]","[100, 100]","[100, 100]","[100, 100]","[100, 100]","[100, 100]","[100, 100]","[100, 100]","[100, 100]","[0, -375]",ok.png,"[100, 100]","[100, 100]",370,2,1,1,1,0,0,0,0,0,0,0,1.7613736391099999,1.76137363910675,0,235,235,-116,-116,1,1,0,0,0,0,0,0,0,0.515234589577,0.5152345895767212,0,15,15,-363,-363,325
09.png,03.png,12.png,04.png,32.png,31.png,24.png,27.png,07.png,"[-216, -90]","[234, 60]","[150, 100]","[-66, 60]","[84, 60]","[234, 210]","[-216, 60]","[-66, 210]","[84, 210]","[-216, 210]","[-66, -240]","[84, -240]","[234, -240]","[100, 100]","[-66, -90]","[84, -90]","[234, -90]","[-216, -240]",1,16,"[100, 100]","[100, 100]",dots,10.png,13.png,09.png,dots1.png,28.png,16.png,22.png,m,"[100, 100]","[100, 100]","[100, 100]","[100, 100]","[100, 100]","[100, 100]","[100, 100]","[100, 100]","[100, 100]","[100, 100]","[100, 100]","[0, -375]",ok.png,"[100, 100]","[100, 100]",371,2,1,1,1,0,0,0,0,0,0,0,1.34692358971,1.346923589706421,0,73,73,-87,-87,1,1,0,0,0,0,0,0,0,1.06892132759,1.068921327590942,0,-10,-10,-398,-398,300
18.png,14.png,25.png,12.png,33.png,19.png,05.png,08.png,01.png,"[-241, -75]","[209, 75]","[150, 100]","[-91, 75]","[59, 75]","[209, 225]","[-241, 75]","[-91, 225]","[59, 225]","[-241, 225]","[-91, -225]","[59, -225]","[209, -225]","[100, 100]","[-91, -75]","[59, -75]","[209, -75]","[-241, -225]",1,16,"[100, 100]","[100, 100]",dots,10.png,34.png,dots1.png,07.png,30.png,20.png,26.png,m,"[100, 100]","[100, 100]","[100, 100]","[100, 100]","[100, 100]","[100, 100]","[100, 100]","[100, 100]","[100, 100]","[100, 100]","[100, 100]","[0, -375]",ok.png,"[100, 100]","[100, 100]",372,2,1,1,1,0,0,0,0,0,0,0,2.25533008575,2.255330085754395,0,-83,-83,-67,-67,1,1,0,0,0,0,0,0,0,0.999839186668,0.999839186668396,0,-50,-50,-368,-368,79
11.png,13.png,17.png,18.png,21.png,14.png,25.png,09.png,dots1.png,"[-241, -50]","[209, 100]","[150, 100]","[-91, 100]","[59, 100]","[209, 250]","[-241, 100]","[-91, 250]","[59, 250]","[-241, 250]","[-91, -200]","[59, -200]","[209, -200]","[100, 100]","[-91, -50]","[59, -50]","[209, -50]","[-241, -200]",1,16,"[100, 100]","[100, 100]",dots,30.png,26.png,02.png,04.png,01.png,24.png,33.png,m,"[100, 100]","[100, 100]","[100, 100]","[100, 100]","[100, 100]","[100, 100]","[100, 100]","[100, 100]","[100, 100]","[100, 100]","[100, 100]","[0, -375]",ok.png,"[100, 100]","[100, 100]",373,2,1,1,1,0,0,0,0,0,0,0,1.1867607832,1.186760783195496,0,-261,-261,-17,-17,1,1,0,0,0,0,0,0,0,1.43314409256,1.433144092559814,0,-11,-11,-362,-362,192
08.png,14.png,10.png,20.png,11.png,07.png,22.png,dots1.png,18.png,"[-236, -98]","[214, 52]","[150, 100]","[-86, 52]","[64, 52]","[214, 202]","[-236, 52]","[-86, 202]","[64, 202]","[-236, 202]","[-86, -248]","[64, -248]","[214, -248]","[100, 100]","[-86, -98]","[64, -98]","[214, -98]","[-236, -248]",1,16,"[100, 100]","[100, 100]",dots,30.png,09.png,31.png,26.png,19.png,29.png,03.png,m,"[100, 100]","[100, 100]","[100, 100]","[100, 100]","[100, 100]","[100, 100]","[100, 100]","[100, 100]","[100, 100]","[100, 100]","[100, 100]","[0, -375]",ok.png,"[100, 100]","[100, 100]",374,2,1,1,1,0,0,0,0,0,0,0,1.00130963326,1.001309633255005,0,241,241,52,52,1,1,0,0,0,0,0,0,0,1.29113590717,1.291135907173157,0,75,75,-369,-369,100
31.png,03.png,13.png,11.png,23.png,21.png,dots1.png,30.png,33.png,"[-207, -71]","[243, 79]","[150, 100]","[-57, 79]","[93, 79]","[243, 229]","[-207, 79]","[-57, 229]","[93, 229]","[-207, 229]","[-57, -221]","[93, -221]","[243, -221]","[100, 100]","[-57, -71]","[93, -71]","[243, -71]","[-207, -221]",1,16,"[100, 100]","[100, 100]",dots,05.png,19.png,15.png,14.png,26.png,32.png,29.png,m,"[100, 100]","[100, 100]","[100, 100]","[100, 100]","[100, 100]","[100, 100]","[100, 100]","[100, 100]","[100, 100]","[100, 100]","[100, 100]","[0, -375]",ok.png,"[100, 100]","[100, 100]",375,2,1,1,1,0,0,0,0,0,0,0,2.01116132736,2.011161327362061,0,90,90,95,95,1,1,0,0,0,0,0,0,0,0.638727962971,0.6387279629707336,0,70,70,-352,-352,174
15.png,14.png,13.png,12.png,11.png,10.png,09.png,08.png,07.png,"[-215, -70]","[235, 80]","[150, 100]","[-65, 80]","[85, 80]","[235, 230]","[-215, 80]","[-65, 230]","[85, 230]","[-215, 230]","[-65, -220]","[85, -220]","[235, -220]","[100, 100]","[-65, -70]","[85, -70]","[235, -70]","[-215, -220]",1,16,"[100, 100]","[100, 100]",dots,04.png,03.png,06.png,05.png,dots2.png,02.png,01.png,m,"[100, 100]","[100, 100]","[100, 100]","[100, 100]","[100, 100]","[100, 100]","[100, 100]","[100, 100]","[100, 100]","[100, 100]","[100, 100]","[0, -375]",ok.png,"[100, 100]","[100, 100]",376,2,1,1,1,0,0,0,0,0,0,0,2.29284310341,2.292843103408813,0,248,248,-226,-226,1,1,0,0,0,0,0,0,0,0.820947110653,0.8209471106529236,0,101,101,-378,-378,344
23.png,22.png,31.png,32.png,33.png,34.png,14.png,15.png,13.png,"[-244, -54]","[206, 96]","[150, 100]","[-94, 96]","[56, 96]","[206, 246]","[-244, 96]","[-94, 246]","[56, 246]","[-244, 246]","[-94, -204]","[56, -204]","[206, -204]","[100, 100]","[-94, -54]","[56, -54]","[206, -54]","[-244, -204]",1,16,"[100, 100]","[100, 100]",dots,10.png,01.png,12.png,11.png,08.png,09.png,dots2.png,m,"[100, 100]","[100, 100]","[100, 100]","[100, 100]","[100, 100]","[100, 100]","[100, 100]","[100, 100]","[100, 100]","[100, 100]","[100, 100]","[0, -375]",ok.png,"[100, 100]","[100, 100]",377,2,1,1,1,0,0,0,0,0,0,0,0.998286306858,0.9982863068580629,0,69,69,-201,-201,1,1,0,0,0,0,0,0,0,1.6216647625,1.621664762496948,0,-37,-37,-407,-407,109
27.png,30.png,25.png,24.png,23.png,22.png,21.png,20.png,19.png,"[-225, -56]","[225, 94]","[150, 100]","[-75, 94]","[75, 94]","[225, 244]","[-225, 94]","[-75, 244]","[75, 244]","[-225, 244]","[-75, -206]","[75, -206]","[225, -206]","[100, 100]","[-75, -56]","[75, -56]","[225, -56]","[-225, -206]",1,16,"[100, 100]","[100, 100]",dots,16.png,15.png,18.png,17.png,05.png,dots2.png,06.png,m,"[100, 100]","[100, 100]","[100, 100]","[100, 100]","[100, 100]","[100, 100]","[100, 100]","[100, 100]","[100, 100]","[100, 100]","[100, 100]","[0, -375]",ok.png,"[100, 100]","[100, 100]",378,2,1,1,1,0,0,0,0,0,0,0,1.99784600735,1.997846007347107,0,-71,-71,-213,-213,1,1,0,0,0,0,0,0,0,0.746855080128,0.7468550801277161,0,-25,-25,-396,-396,441
33.png,32.png,30.png,29.png,08.png,02.png,31.png,27.png,26.png,"[-211, -97]","[239, 53]","[150, 100]","[-61, 53]","[89, 53]","[239, 203]","[-211, 53]","[-61, 203]","[89, 203]","[-211, 203]","[-61, -247]","[89, -247]","[239, -247]","[100, 100]","[-61, -97]","[89, -97]","[239, -97]","[-211, -247]",1,16,"[100, 100]","[100, 100]",dots,03.png,dots2.png,28.png,12.png,22.png,24.png,23.png,m,"[100, 100]","[100, 100]","[100, 100]","[100, 100]","[100, 100]","[100, 100]","[100, 100]","[100, 100]","[100, 100]","[100, 100]","[100, 100]","[0, -375]",ok.png,"[100, 100]","[100, 100]",379,2,1,1,1,0,0,0,0,0,0,0,2.6684961319,2.668496131896973,0,-212,-212,-248,-248,1,1,0,0,0,0,0,0,0,1.05731964111,1.057319641113281,0,-18,-18,-397,-397,292
28.png,26.png,24.png,22.png,01.png,34.png,33.png,32.png,31.png,"[-214, -90]","[236, 60]","[150, 100]","[-64, 60]","[86, 60]","[236, 210]","[-214, 60]","[-64, 210]","[86, 210]","[-214, 210]","[-64, -240]","[86, -240]","[236, -240]","[100, 100]","[-64, -90]","[86, -90]","[236, -90]","[-214, -240]",1,16,"[100, 100]","[100, 100]",dots,dots2.png,08.png,30.png,29.png,02.png,06.png,04.png,m,"[100, 100]","[100, 100]","[100, 100]","[100, 100]","[100, 100]","[100, 100]","[100, 100]","[100, 100]","[100, 100]","[100, 100]","[100, 100]","[0, -375]",ok.png,"[100, 100]","[100, 100]",380,2,1,1,1,0,0,0,0,0,0,0,0.924408078194,0.9244080781936646,0,235,235,-94,-94,1,1,0,0,0,0,0,0,0,2.20920562744,2.209205627441406,0,48,48,-386,-386,183
32.png,30.png,23.png,17.png,29.png,09.png,15.png,06.png,26.png,"[-231, -94]","[219, 56]","[150, 100]","[-81, 56]","[69, 56]","[219, 206]","[-231, 56]","[-81, 206]","[69, 206]","[-231, 206]","[-81, -244]","[69, -244]","[219, -244]","[100, 100]","[-81, -94]","[69, -94]","[219, -94]","[-231, -244]",1,16,"[100, 100]","[100, 100]",dots,04.png,27.png,11.png,dots2.png,01.png,07.png,34.png,m,"[100, 100]","[100, 100]","[100, 100]","[100, 100]","[100, 100]","[100, 100]","[100, 100]","[100, 100]","[100, 100]","[100, 100]","[100, 100]","[0, -375]",ok.png,"[100, 100]","[100, 100]",381,2,1,1,1,0,0,0,0,0,0,0,1.18737149239,1.187371492385864,0,46,46,-114,-114,1,1,0,0,0,0,0,0,0,0.570187807083,0.5701878070831299,0,13,13,-383,-383,447
17.png,09.png,22.png,06.png,27.png,13.png,14.png,18.png,25.png,"[-207, -52]","[243, 98]","[150, 100]","[-57, 98]","[93, 98]","[243, 248]","[-207, 98]","[-57, 248]","[93, 248]","[-207, 248]","[-57, -202]","[93, -202]","[243, -202]","[100, 100]","[-57, -52]","[93, -52]","[243, -52]","[-207, -202]",1,16,"[100, 100]","[100, 100]",dots,07.png,05.png,dots2.png,03.png,12.png,02.png,24.png,m,"[100, 100]","[100, 100]","[100, 100]","[100, 100]","[100, 100]","[100, 100]","[100, 100]","[100, 100]","[100, 100]","[100, 100]","[100, 100]","[0, -375]",ok.png,"[100, 100]","[100, 100]",382,2,1,1,1,0,0,0,0,0,0,0,1.04624974728,1.046249747276306,0,262,262,-215,-215,1,1,0,0,0,0,0,0,0,1.18265986443,1.182659864425659,0,-52,-52,-54,-54,417
22.png,33.png,01.png,09.png,31.png,25.png,17.png,30.png,dots2.png,"[-227, -89]","[223, 61]","[150, 100]","[-77, 61]","[73, 61]","[223, 211]","[-227, 61]","[-77, 211]","[73, 211]","[-227, 211]","[-77, -239]","[73, -239]","[223, -239]","[100, 100]","[-77, -89]","[73, -89]","[223, -89]","[-227, -239]",1,16,"[100, 100]","[100, 100]",dots,20.png,07.png,27.png,15.png,13.png,33.png,05.png,m,"[100, 100]","[100, 100]","[100, 100]","[100, 100]","[100, 100]","[100, 100]","[100, 100]","[100, 100]","[100, 100]","[100, 100]","[100, 100]","[0, -375]",ok.png,"[100, 100]","[100, 100]",383,2,1,1,1,0,0,0,0,0,0,0,1.49727535248,1.497275352478027,0,-193,-193,-77,-77,1,1,0,0,0,0,0,0,0,2.16656661034,2.166566610336304,0,10,10,-419,-419,17
33.png,31.png,25.png,21.png,27.png,23.png,29.png,dots2.png,06.png,"[-225, -67]","[225, 83]","[150, 100]","[-75, 83]","[75, 83]","[225, 233]","[-225, 83]","[-75, 233]","[75, 233]","[-225, 233]","[-75, -217]","[75, -217]","[225, -217]","[100, 100]","[-75, -67]","[75, -67]","[225, -67]","[-225, -217]",1,16,"[100, 100]","[100, 100]",dots,02.png,16.png,04.png,08.png,07.png,13.png,10.png,m,"[100, 100]","[100, 100]","[100, 100]","[100, 100]","[100, 100]","[100, 100]","[100, 100]","[100, 100]","[100, 100]","[100, 100]","[100, 100]","[0, -375]",ok.png,"[100, 100]","[100, 100]",384,2,1,1,1,0,0,0,0,0,0,0,1.66999661922,1.669996619224548,0,252,252,106,106,1,1,0,0,0,0,0,0,0,0.48395255208,0.4839525520801544,0,83,83,-454,-454,244
30.png,32.png,27.png,21.png,26.png,24.png,dots2.png,22.png,20.png,"[-241, -89]","[209, 61]","[150, 100]","[-91, 61]","[59, 61]","[209, 211]","[-241, 61]","[-91, 211]","[59, 211]","[-241, 211]","[-91, -239]","[59, -239]","[209, -239]","[100, 100]","[-91, -89]","[59, -89]","[209, -89]","[-241, -239]",1,16,"[100, 100]","[100, 100]",dots,14.png,03.png,18.png,16.png,09.png,05.png,07.png,m,"[100, 100]","[100, 100]","[100, 100]","[100, 100]","[100, 100]","[100, 100]","[100, 100]","[100, 100]","[100, 100]","[100, 100]","[100, 100]","[0, -375]",ok.png,"[100, 100]","[100, 100]",385,2,1,1,1,0,0,0,0,0,0,0,1.04687440395,1.046874403953552,0,39,39,55,55,1,1,0,0,0,0,0,0,0,1.41345512867,1.413455128669739,0,86,86,-431,-431,207
01.png,18.png,27.png,24.png,21.png,dots2.png,19.png,16.png,32.png,"[-200, -61]","[250, 89]","[150, 100]","[-50, 89]","[100, 89]","[250, 239]","[-200, 89]","[-50, 239]","[100, 239]","[-200, 239]","[-50, -211]","[100, -211]","[250, -211]","[100, 100]","[-50, -61]","[100, -61]","[250, -61]","[-200, -211]",1,16,"[100, 100]","[100, 100]",dots,13.png,31.png,34.png,10.png,05.png,33.png,14.png,m,"[100, 100]","[100, 100]","[100, 100]","[100, 100]","[100, 100]","[100, 100]","[100, 100]","[100, 100]","[100, 100]","[100, 100]","[100, 100]","[0, -375]",ok.png,"[100, 100]","[100, 100]",386,2,1,1,1,0,0,0,0,0,0,0,0.903484404087,0.9034844040870668,0,-60,-60,108,108,1,1,0,0,0,0,0,0,0,1.62412011623,1.624120116233826,0,14,14,-365,-365,203
34.png,27.png,08.png,18.png,dots2.png,11.png,16.png,21.png,17.png,"[-213, -66]","[237, 84]","[150, 100]","[-63, 84]","[87, 84]","[237, 234]","[-213, 84]","[-63, 234]","[87, 234]","[-213, 234]","[-63, -216]","[87, -216]","[237, -216]","[100, 100]","[-63, -66]","[87, -66]","[237, -66]","[-213, -216]",1,16,"[100, 100]","[100, 100]",dots,09.png,25.png,04.png,24.png,10.png,20.png,15.png,m,"[100, 100]","[100, 100]","[100, 100]","[100, 100]","[100, 100]","[100, 100]","[100, 100]","[100, 100]","[100, 100]","[100, 100]","[100, 100]","[0, -375]",ok.png,"[100, 100]","[100, 100]",387,2,1,1,1,0,0,0,0,0,0,0,1.41624546051,1.416245460510254,0,-247,-247,95,95,1,1,0,0,0,0,0,0,0,1.09445667267,1.094456672668457,0,24,24,-389,-389,199
04.png,02.png,05.png,dots2.png,08.png,07.png,01.png,03.png,26.png,"[-231, -72]","[219, 78]","[150, 100]","[-81, 78]","[69, 78]","[219, 228]","[-231, 78]","[-81, 228]","[69, 228]","[-231, 228]","[-81, -222]","[69, -222]","[219, -222]","[100, 100]","[-81, -72]","[69, -72]","[219, -72]","[-231, -222]",1,16,"[100, 100]","[100, 100]",dots,28.png,24.png,29.png,32.png,16.png,20.png,10.png,m,"[100, 100]","[100, 100]","[100, 100]","[100, 100]","[100, 100]","[100, 100]","[100, 100]","[100, 100]","[100, 100]","[100, 100]","[100, 100]","[0, -375]",ok.png,"[100, 100]","[100, 100]",388,2,1,1,1,0,0,0,0,0,0,0,1.04047954082,1.04047954082489,0,211,211,229,229,1,1,0,0,0,0,0,0,0,1.42128419876,1.421284198760986,0,-5,-5,-372,-372,155
01.png,12.png,dots2.png,23.png,10.png,02.png,28.png,13.png,08.png,"[-200, -63]","[250, 87]","[150, 100]","[-50, 87]","[100, 87]","[250, 237]","[-200, 87]","[-50, 237]","[100, 237]","[-200, 237]","[-50, -213]","[100, -213]","[250, -213]","[100, 100]","[-50, -63]","[100, -63]","[250, -63]","[-200, -213]",1,16,"[100, 100]","[100, 100]",dots,15.png,16.png,33.png,03.png,29.png,06.png,17.png,m,"[100, 100]","[100, 100]","[100, 100]","[100, 100]","[100, 100]","[100, 100]","[100, 100]","[100, 100]","[100, 100]","[100, 100]","[100, 100]","[0, -375]",ok.png,"[100, 100]","[100, 100]",389,2,1,1,1,0,0,0,0,0,0,0,0.985563576221,0.985563576221466,0,85,85,225,225,1,1,0,0,0,0,0,0,0,1.03045201302,1.030452013015747,0,54,54,-439,-439,154
24.png,dots2.png,03.png,07.png,13.png,17.png,23.png,27.png,33.png,"[-220, -72]","[230, 78]","[150, 100]","[-70, 78]","[80, 78]","[230, 228]","[-220, 78]","[-70, 228]","[80, 228]","[-220, 228]","[-70, -222]","[80, -222]","[230, -222]","[100, 100]","[-70, -72]","[80, -72]","[230, -72]","[-220, -222]",1,16,"[100, 100]","[100, 100]",dots,14.png,16.png,04.png,06.png,32.png,08.png,30.png,m,"[100, 100]","[100, 100]","[100, 100]","[100, 100]","[100, 100]","[100, 100]","[100, 100]","[100, 100]","[100, 100]","[100, 100]","[100, 100]","[0, -375]",ok.png,"[100, 100]","[100, 100]",390,2,1,1,1,0,0,0,0,0,0,0,2.3751950264,2.375195026397705,0,-77,-77,244,244,1,1,0,0,0,0,0,0,0,0.96266657114,0.9626665711402892,0,-9,-9,-418,-418,116
dots2.png,17.png,07.png,14.png,27.png,33.png,23.png,24.png,04.png,"[-225, -88]","[225, 62]","[150, 100]","[-75, 62]","[75, 62]","[225, 212]","[-225, 62]","[-75, 212]","[75, 212]","[-225, 212]","[-75, -238]","[75, -238]","[225, -238]","[100, 100]","[-75, -88]","[75, -88]","[225, -88]","[-225, -238]",1,16,"[100, 100]","[100, 100]",dots,12.png,02.png,03.png,16.png,04.png,30.png,20.png,m,"[100, 100]","[100, 100]","[100, 100]","[100, 100]","[100, 100]","[100, 100]","[100, 100]","[100, 100]","[100, 100]","[100, 100]","[100, 100]","[0, -375]",ok.png,"[100, 100]","[100, 100]",391,2,1,1,1,0,0,0,0,0,0,0,1.13760507107,1.13760507106781,0,-210,-210,233,233,1,1,0,0,0,0,0,0,0,2.42958474159,2.429584741592407,0,11,11,-381,-381,108
18.png,dots2.png,04.png,13.png,31.png,16.png,22.png,12.png,11.png,"[-225, -84]","[225, 66]","[150, 100]","[-75, 66]","[75, 66]","[225, 216]","[-225, 66]","[-75, 216]","[75, 216]","[-225, 216]","[-75, -234]","[75, -234]","[225, -234]","[100, 100]","[-75, -84]","[75, -84]","[225, -84]","[-225, -234]",1,16,"[100, 100]","[100, 100]",dots,25.png,09.png,32.png,02.png,03.png,29.png,19.png,m,"[100, 100]","[100, 100]","[100, 100]","[100, 100]","[100, 100]","[100, 100]","[100, 100]","[100, 100]","[100, 100]","[100, 100]","[100, 100]","[0, -375]",ok.png,"[100, 100]","[100, 100]",392,2,1,1,1,0,0,0,0,0,0,0,0.923150777817,0.92315077781677235,0,-99,-99,234,234,1,1,0,0,0,0,0,0,0,1.31884074211,1.318840742111206,0,14,14,-439,-439,381
15.png,08.png,dots2.png,03.png,25.png,28.png,27.png,01.png,23.png,"[-243, -74]","[207, 76]","[150, 100]","[-93, 76]","[57, 76]","[207, 226]","[-243, 76]","[-93, 226]","[57, 226]","[-243, 226]","[-93, -224]","[57, -224]","[207, -224]","[100, 100]","[-93, -74]","[57, -74]","[207, -74]","[-243, -224]",1,16,"[100, 100]","[100, 100]",dots,21.png,05.png,07.png,30.png,16.png,11.png,13.png,m,"[100, 100]","[100, 100]","[100, 100]","[100, 100]","[100, 100]","[100, 100]","[100, 100]","[100, 100]","[100, 100]","[100, 100]","[100, 100]","[0, -375]",ok.png,"[100, 100]","[100, 100]",393,2,1,1,1,0,0,0,0,0,0,0,1.24777472019,1.247774720191956,0,46,46,219,219,1,1,0,0,0,0,0,0,0,0.827083408833,0.82708340883255,0,-59,-59,-407,-407,313
32.png,07.png,14.png,dots2.png,23.png,02.png,09.png,29.png,28.png,"[-212, -58]","[238, 92]","[150, 100]","[-62, 92]","[88, 92]","[238, 242]","[-212, 92]","[-62, 242]","[88, 242]","[-212, 242]","[-62, -208]","[88, -208]","[238, -208]","[100, 100]","[-62, -58]","[88, -58]","[238, -58]","[-212, -208]",1,16,"[100, 100]","[100, 100]",dots,20.png,17.png,16.png,05.png,06.png,15.png,21.png,m,"[100, 100]","[100, 100]","[100, 100]","[100, 100]","[100, 100]","[100, 100]","[100, 100]","[100, 100]","[100, 100]","[100, 100]","[100, 100]","[0, -375]",ok.png,"[100, 100]","[100, 100]",394,2,1,1,1,0,0,0,0,0,0,0,1.48056221008,1.480562210083008,0,222,222,210,210,1,1,0,0,0,0,0,0,0,2.49952578545,2.499525785446167,0,8,8,-391,-391,7
03.png,32.png,21.png,31.png,dots2.png,08.png,30.png,15.png,34.png,"[-206, -67]","[244, 83]","[150, 100]","[-56, 83]","[94, 83]","[244, 233]","[-206, 83]","[-56, 233]","[94, 233]","[-206, 233]","[-56, -217]","[94, -217]","[244, -217]","[100, 100]","[-56, -67]","[94, -67]","[244, -67]","[-206, -217]",1,16,"[100, 100]","[100, 100]",dots,12.png,28.png,19.png,17.png,06.png,01.png,11.png,m,"[100, 100]","[100, 100]","[100, 100]","[100, 100]","[100, 100]","[100, 100]","[100, 100]","[100, 100]","[100, 100]","[100, 100]","[100, 100]","[0, -375]",ok.png,"[100, 100]","[100, 100]",395,2,1,1,1,0,0,0,0,0,0,0,0.90359801054,0.9035980105400084,0,-196,-196,93,93,1,1,0,0,0,0,0,0,0,1.91597247124,1.915972471237183,0,-40,-40,-402,-402,18
28.png,22.png,16.png,13.png,10.png,dots2.png,09.png,07.png,27.png,"[-202, -90]","[248, 60]","[150, 100]","[-52, 60]","[98, 60]","[248, 210]","[-202, 60]","[-52, 210]","[98, 210]","[-202, 210]","[-52, -240]","[98, -240]","[248, -240]","[100, 100]","[-52, -90]","[98, -90]","[248, -90]","[-202, -240]",1,16,"[100, 100]","[100, 100]",dots,32.png,04.png,24.png,31.png,09.png,12.png,03.png,m,"[100, 100]","[100, 100]","[100, 100]","[100, 100]","[100, 100]","[100, 100]","[100, 100]","[100, 100]","[100, 100]","[100, 100]","[100, 100]","[0, -375]",ok.png,"[100, 100]","[100, 100]",396,2,1,1,1,0,0,0,0,0,0,0,1.73355078697,1.733550786972046,0,-40,-40,54,54,1,1,0,0,0,0,0,0,0,1.27737379074,1.277373790740967,0,0,0,-399,-399,12
30.png,26.png,20.png,34.png,10.png,07.png,dots2.png,01.png,08.png,"[-228, -60]","[222, 90]","[150, 100]","[-78, 90]","[72, 90]","[222, 240]","[-228, 90]","[-78, 240]","[72, 240]","[-228, 240]","[-78, -210]","[72, -210]","[222, -210]","[100, 100]","[-78, -60]","[72, -60]","[222, -60]","[-228, -210]",1,16,"[100, 100]","[100, 100]",dots,33.png,12.png,05.png,19.png,18.png,25.png,14.png,m,"[100, 100]","[100, 100]","[100, 100]","[100, 100]","[100, 100]","[100, 100]","[100, 100]","[100, 100]","[100, 100]","[100, 100]","[100, 100]","[0, -375]",ok.png,"[100, 100]","[100, 100]",397,2,1,1,1,0,0,0,0,0,0,0,1.30810153484,1.308101534843445,0,65,65,80,80,1,1,0,0,0,0,0,0,0,1.51243984699,1.512439846992493,0,6,6,-383,-383,46
01.png,33.png,24.png,26.png,30.png,04.png,02.png,dots2.png,09.png,"[-247, -69]","[203, 81]","[150, 100]","[-97, 81]","[53, 81]","[203, 231]","[-247, 81]","[-97, 231]","[53, 231]","[-247, 231]","[-97, -219]","[53, -219]","[203, -219]","[100, 100]","[-97, -69]","[53, -69]","[203, -69]","[-247, -219]",1,16,"[100, 100]","[100, 100]",dots,21.png,18.png,25.png,14.png,11.png,17.png,13.png,m,"[100, 100]","[100, 100]","[100, 100]","[100, 100]","[100, 100]","[100, 100]","[100, 100]","[100, 100]","[100, 100]","[100, 100]","[100, 100]","[0, -375]",ok.png,"[100, 100]","[100, 100]",398,2,1,1,1,0,0,0,0,0,0,0,1.64013409615,1.64013409614563,0,205,205,83,83,1,1,0,0,0,0,0,0,0,0.762358546257,0.762358546257019,0,93,93,-399,-399,206
19.png,03.png,29.png,09.png,30.png,26.png,31.png,18.png,dots2.png,"[-217, -58]","[233, 92]","[150, 100]","[-67, 92]","[83, 92]","[233, 242]","[-217, 92]","[-67, 242]","[83, 242]","[-217, 242]","[-67, -208]","[83, -208]","[233, -208]","[100, 100]","[-67, -58]","[83, -58]","[233, -58]","[-217, -208]",1,16,"[100, 100]","[100, 100]",dots,11.png,20.png,22.png,07.png,08.png,10.png,14.png,m,"[100, 100]","[100, 100]","[100, 100]","[100, 100]","[100, 100]","[100, 100]","[100, 100]","[100, 100]","[100, 100]","[100, 100]","[100, 100]","[0, -375]",ok.png,"[100, 100]","[100, 100]",399,2,1,1,1,0,0,0,0,0,0,0,1.50035750866,1.500357508659363,0,-217,-217,-39,-39,1,1,0,0,0,0,0,0,0,0.601339459419,0.6013394594192505,0,-42,-42,-392,-392,171
26.png,29.png,32.png,19.png,05.png,14.png,15.png,33.png,30.png,"[-223, -96]","[227, 54]","[150, 100]","[-73, 54]","[77, 54]","[227, 204]","[-223, 54]","[-73, 204]","[77, 204]","[-223, 204]","[-73, -246]","[77, -246]","[227, -246]","[100, 100]","[-73, -96]","[77, -96]","[227, -96]","[-223, -246]",1,16,"[100, 100]","[100, 100]",dots,23.png,11.png,dots2.png,21.png,31.png,13.png,03.png,m,"[100, 100]","[100, 100]","[100, 100]","[100, 100]","[100, 100]","[100, 100]","[100, 100]","[100, 100]","[100, 100]","[100, 100]","[100, 100]","[0, -375]",ok.png,"[100, 100]","[100, 100]",400,2,1,1,1,0,0,0,0,0,0,0,1.55963516235,1.559635162353516,0,-61,-61,-97,-97,1,1,0,0,0,0,0,0,0,0.793653547764,0.7936535477638245,0,20,20,-373,-373,371
tray1.png,01.png,02.png,03.png,04.png,05.png,06.png,07.png,08.png,"[-200, -61]","[250, 89]","[150, 100]","[-50, 89]","[100, 89]","[250, 239]","[-200, 89]","[-50, 239]","[100, 239]","[-200, 239]","[-50, -211]","[100, -211]","[250, -211]","[100, 100]","[-50, -61]","[100, -61]","[250, -61]","[-200, -211]",1,16,"[100, 100]","[100, 100]",both,11.png,12.png,09.png,10.png,dots1.png,13.png,14.png,m,"[100, 100]","[100, 100]","[100, 100]","[100, 100]","[100, 100]","[100, 100]","[100, 100]","[100, 100]","[100, 100]","[100, 100]","[100, 100]","[0, -375]",ok.png,"[100, 100]","[100, 100]",401,3,1,1,1,0,0,0,0,0,0,0,1.33827030659,1.338270306587219,0,-211,-211,269,269,1,1,0,0,0,0,0,0,0,0.687900424004,0.6879004240036011,0,238,238,-235,-235,66
08.png,tray1.png,09.png,01.png,10.png,11.png,12.png,13.png,15.png,"[-221, -91]","[229, 59]","[150, 100]","[-71, 59]","[79, 59]","[229, 209]","[-221, 59]","[-71, 209]","[79, 209]","[-221, 209]","[-71, -241]","[79, -241]","[229, -241]","[100, 100]","[-71, -91]","[79, -91]","[229, -91]","[-221, -241]",1,16,"[100, 100]","[100, 100]",both,33.png,32.png,14.png,34.png,23.png,31.png,dots1.png,m,"[100, 100]","[100, 100]","[100, 100]","[100, 100]","[100, 100]","[100, 100]","[100, 100]","[100, 100]","[100, 100]","[100, 100]","[100, 100]","[0, -375]",ok.png,"[100, 100]","[100, 100]",402,3,1,1,1,0,0,0,0,0,0,0,1.21195375919,1.21195375919342,0,58,58,-240,-240,1,1,0,0,0,0,0,0,0,0.782418012619,0.7824180126190186,0,-46,-46,222,222,243
05.png,06.png,tray1.png,15.png,16.png,17.png,18.png,19.png,20.png,"[-244, -89]","[206, 61]","[150, 100]","[-94, 61]","[56, 61]","[206, 211]","[-244, 61]","[-94, 211]","[56, 211]","[-244, 211]","[-94, -239]","[56, -239]","[206, -239]","[100, 100]","[-94, -89]","[56, -89]","[206, -89]","[-244, -239]",1,16,"[100, 100]","[100, 100]",both,23.png,24.png,21.png,22.png,27.png,dots1.png,30.png,m,"[100, 100]","[100, 100]","[100, 100]","[100, 100]","[100, 100]","[100, 100]","[100, 100]","[100, 100]","[100, 100]","[100, 100]","[100, 100]","[0, -375]",ok.png,"[100, 100]","[100, 100]",403,3,1,1,1,0,0,0,0,0,0,0,1.60516405106,1.605164051055908,0,-106,-106,-242,-242,1,1,0,0,0,0,0,0,0,1.41357755661,1.413577556610107,0,56,56,210,210,421
22.png,23.png,24.png,tray1.png,03.png,12.png,25.png,26.png,02.png,"[-203, -80]","[247, 70]","[150, 100]","[-53, 70]","[97, 70]","[247, 220]","[-203, 70]","[-53, 220]","[97, 220]","[-203, 220]","[-53, -230]","[97, -230]","[247, -230]","[100, 100]","[-53, -80]","[97, -80]","[247, -80]","[-203, -230]",1,16,"[100, 100]","[100, 100]",both,28.png,dots1.png,08.png,27.png,32.png,30.png,31.png,m,"[100, 100]","[100, 100]","[100, 100]","[100, 100]","[100, 100]","[100, 100]","[100, 100]","[100, 100]","[100, 100]","[100, 100]","[100, 100]","[0, -375]",ok.png,"[100, 100]","[100, 100]",404,3,1,1,1,0,0,0,0,0,0,0,1.77701628208,1.777016282081604,0,-209,-209,-236,-236,1,1,0,0,0,0,0,0,0,0.826178848743,0.8261788487434387,0,268,268,240,240,249
02.png,04.png,06.png,08.png,tray1.png,29.png,30.png,31.png,32.png,"[-213, -57]","[237, 93]","[150, 100]","[-63, 93]","[87, 93]","[237, 243]","[-213, 93]","[-63, 243]","[87, 243]","[-213, 243]","[-63, -207]","[87, -207]","[237, -207]","[100, 100]","[-63, -57]","[87, -57]","[237, -57]","[-213, -207]",1,16,"[100, 100]","[100, 100]",both,dots1.png,22.png,33.png,34.png,28.png,24.png,26.png,m,"[100, 100]","[100, 100]","[100, 100]","[100, 100]","[100, 100]","[100, 100]","[100, 100]","[100, 100]","[100, 100]","[100, 100]","[100, 100]","[0, -375]",ok.png,"[100, 100]","[100, 100]",405,3,1,1,1,0,0,0,0,0,0,0,0.963744938374,0.9637449383735656,0,234,234,-47,-47,1,1,0,0,0,0,0,0,0,0.595279157162,0.5952791571617126,0,-209,-209,81,81,178
01.png,34.png,07.png,27.png,04.png,tray1.png,11.png,26.png,06.png,"[-202, -78]","[248, 72]","[150, 100]","[-52, 72]","[98, 72]","[248, 222]","[-202, 72]","[-52, 222]","[98, 222]","[-202, 222]","[-52, -228]","[98, -228]","[248, -228]","[100, 100]","[-52, -78]","[98, -78]","[248, -78]","[-202, -228]",1,16,"[100, 100]","[100, 100]",both,29.png,17.png,15.png,dots1.png,32.png,23.png,30.png,m,"[100, 100]","[100, 100]","[100, 100]","[100, 100]","[100, 100]","[100, 100]","[100, 100]","[100, 100]","[100, 100]","[100, 100]","[100, 100]","[0, -375]",ok.png,"[100, 100]","[100, 100]",406,3,1,1,1,0,0,0,0,0,0,0,1.2457062006,1.24570620059967,0,116,116,-64,-64,1,1,0,0,0,0,0,0,0,0.715626776218,0.7156267762184143,0,-32,-32,83,83,232
12.png,24.png,02.png,05.png,07.png,03.png,tray1.png,25.png,18.png,"[-211, -93]","[239, 57]","[150, 100]","[-61, 57]","[89, 57]","[239, 207]","[-211, 57]","[-61, 207]","[89, 207]","[-211, 207]","[-61, -243]","[89, -243]","[239, -243]","[100, 100]","[-61, -93]","[89, -93]","[239, -93]","[-211, -243]",1,16,"[100, 100]","[100, 100]",both,27.png,06.png,dots1.png,13.png,17.png,22.png,09.png,m,"[100, 100]","[100, 100]","[100, 100]","[100, 100]","[100, 100]","[100, 100]","[100, 100]","[100, 100]","[100, 100]","[100, 100]","[100, 100]","[0, -375]",ok.png,"[100, 100]","[100, 100]",407,3,1,1,1,0,0,0,0,0,0,0,1.04698944092,1.046989440917969,0,113,113,46,46,1,1,0,0,0,0,0,0,0,0.469466209412,0.4694662094116211,0,-31,-31,-81,-81,102
13.png,05.png,33.png,07.png,20.png,15.png,27.png,tray1.png,dots1.png,"[-216, -96]","[234, 54]","[150, 100]","[-66, 54]","[84, 54]","[234, 204]","[-216, 54]","[-66, 204]","[84, 204]","[-216, 204]","[-66, -246]","[84, -246]","[234, -246]","[100, 100]","[-66, -96]","[84, -96]","[234, -96]","[-216, -246]",1,16,"[100, 100]","[100, 100]",both,31.png,09.png,17.png,25.png,22.png,01.png,33.png,m,"[100, 100]","[100, 100]","[100, 100]","[100, 100]","[100, 100]","[100, 100]","[100, 100]","[100, 100]","[100, 100]","[100, 100]","[100, 100]","[0, -375]",ok.png,"[100, 100]","[100, 100]",408,3,1,1,1,0,0,0,0,0,0,0,1.29359984398,1.293599843978882,0,-196,-196,-92,-92,1,1,0,0,0,0,0,0,0,1.21076250076,1.210762500762939,0,297,297,65,65,215
07.png,10.png,13.png,16.png,02.png,08.png,04.png,dots1.png,tray1.png,"[-235, -86]","[215, 64]","[150, 100]","[-85, 64]","[65, 64]","[215, 214]","[-235, 64]","[-85, 214]","[65, 214]","[-235, 214]","[-85, -236]","[65, -236]","[215, -236]","[100, 100]","[-85, -86]","[65, -86]","[215, -86]","[-235, -236]",1,16,"[100, 100]","[100, 100]",both,27.png,21.png,29.png,23.png,33.png,25.png,31.png,m,"[100, 100]","[100, 100]","[100, 100]","[100, 100]","[100, 100]","[100, 100]","[100, 100]","[100, 100]","[100, 100]","[100, 100]","[100, 100]","[0, -375]",ok.png,"[100, 100]","[100, 100]",409,3,1,1,1,0,0,0,0,0,0,0,1.05432271957,1.054322719573975,0,213,213,71,71,1,1,0,0,0,0,0,0,0,0.844117164612,0.8441171646118164,0,-259,-259,-82,-82,166
09.png,07.png,05.png,03.png,14.png,16.png,dots1.png,20.png,22.png,"[-227, -73]","[223, 77]","[150, 100]","[-77, 77]","[73, 77]","[223, 227]","[-227, 77]","[-77, 227]","[73, 227]","[-227, 227]","[-77, -223]","[73, -223]","[223, -223]","[100, 100]","[-77, -73]","[73, -73]","[223, -73]","[-227, -223]",1,16,"[100, 100]","[100, 100]",both,26.png,21.png,tray1.png,24.png,30.png,27.png,32.png,m,"[100, 100]","[100, 100]","[100, 100]","[100, 100]","[100, 100]","[100, 100]","[100, 100]","[100, 100]","[100, 100]","[100, 100]","[100, 100]","[0, -375]",ok.png,"[100, 100]","[100, 100]",410,3,1,1,1,0,0,0,0,0,0,0,0.796048045158,0.7960480451583862,0,71,71,68,68,1,1,0,0,0,0,0,0,0,0.510606706142,0.5106067061424255,0,-77,-77,-107,-107,369
05.png,14.png,33.png,31.png,13.png,dots1.png,34.png,32.png,16.png,"[-211, -72]","[239, 78]","[150, 100]","[-61, 78]","[89, 78]","[239, 228]","[-211, 78]","[-61, 228]","[89, 228]","[-211, 228]","[-61, -222]","[89, -222]","[239, -222]","[100, 100]","[-61, -72]","[89, -72]","[239, -72]","[-211, -222]",1,16,"[100, 100]","[100, 100]",both,21.png,24.png,19.png,tray1.png,01.png,27.png,18.png,m,"[100, 100]","[100, 100]","[100, 100]","[100, 100]","[100, 100]","[100, 100]","[100, 100]","[100, 100]","[100, 100]","[100, 100]","[100, 100]","[0, -375]",ok.png,"[100, 100]","[100, 100]",411,3,1,1,1,0,0,0,0,0,0,0,0.981407880783,0.981407880783081,0,-67,-67,68,68,1,1,0,0,0,0,0,0,0,1.5946855545,1.594685554504395,0,81,81,-90,-90,295
10.png,15.png,20.png,25.png,dots1.png,24.png,04.png,17.png,21.png,"[-218, -68]","[232, 82]","[150, 100]","[-68, 82]","[82, 82]","[232, 232]","[-218, 82]","[-68, 232]","[82, 232]","[-218, 232]","[-68, -218]","[82, -218]","[232, -218]","[100, 100]","[-68, -68]","[82, -68]","[232, -68]","[-218, -218]",1,16,"[100, 100]","[100, 100]",both,tray1.png,18.png,16.png,11.png,34.png,08.png,27.png,m,"[100, 100]","[100, 100]","[100, 100]","[100, 100]","[100, 100]","[100, 100]","[100, 100]","[100, 100]","[100, 100]","[100, 100]","[100, 100]","[0, -375]",ok.png,"[100, 100]","[100, 100]",412,3,1,1,1,0,0,0,0,0,0,0,1.80287504196,1.80287504196167,0,232,232,-61,-61,1,1,0,0,0,0,0,0,0,0.455974042416,0.4559740424156189,0,-259,-259,101,101,168
16.png,10.png,20.png,dots1.png,28.png,32.png,29.png,26.png,03.png,"[-224, -66]","[226, 84]","[150, 100]","[-74, 84]","[76, 84]","[226, 234]","[-224, 84]","[-74, 234]","[76, 234]","[-224, 234]","[-74, -216]","[76, -216]","[226, -216]","[100, 100]","[-74, -66]","[76, -66]","[226, -66]","[-224, -216]",1,16,"[100, 100]","[100, 100]",both,08.png,tray1.png,01.png,07.png,04.png,05.png,02.png,m,"[100, 100]","[100, 100]","[100, 100]","[100, 100]","[100, 100]","[100, 100]","[100, 100]","[100, 100]","[100, 100]","[100, 100]","[100, 100]","[0, -375]",ok.png,"[100, 100]","[100, 100]",413,3,1,1,1,0,0,0,0,0,0,0,3.03859591484,3.038595914840698,0,-227,-227,-200,-200,1,1,0,0,0,0,0,0,0,0.796975851059,0.79697585105896,0,239,239,237,237,121
29.png,17.png,dots1.png,16.png,15.png,03.png,33.png,08.png,13.png,"[-214, -99]","[236, 51]","[150, 100]","[-64, 51]","[86, 51]","[236, 201]","[-214, 51]","[-64, 201]","[86, 201]","[-214, 201]","[-64, -249]","[86, -249]","[236, -249]","[100, 100]","[-64, -99]","[86, -99]","[236, -99]","[-214, -249]",1,16,"[100, 100]","[100, 100]",both,10.png,23.png,28.png,02.png,01.png,tray1.png,12.png,m,"[100, 100]","[100, 100]","[100, 100]","[100, 100]","[100, 100]","[100, 100]","[100, 100]","[100, 100]","[100, 100]","[100, 100]","[100, 100]","[0, -375]",ok.png,"[100, 100]","[100, 100]",414,3,1,1,1,0,0,0,0,0,0,0,0.945947229862,0.9459472298622132,0,69,69,219,219,1,1,0,0,0,0,0,0,0,0.858040034771,0.8580400347709656,0,-59,-59,-279,-279,365
32.png,dots1.png,08.png,16.png,14.png,06.png,04.png,33.png,27.png,"[-246, -77]","[204, 73]","[150, 100]","[-96, 73]","[54, 73]","[204, 223]","[-246, 73]","[-96, 223]","[54, 223]","[-246, 223]","[-96, -227]","[54, -227]","[204, -227]","[100, 100]","[-96, -77]","[54, -77]","[204, -77]","[-246, -227]",1,16,"[100, 100]","[100, 100]",both,13.png,07.png,23.png,17.png,24.png,03.png,tray1.png,m,"[100, 100]","[100, 100]","[100, 100]","[100, 100]","[100, 100]","[100, 100]","[100, 100]","[100, 100]","[100, 100]","[100, 100]","[100, 100]","[0, -375]",ok.png,"[100, 100]","[100, 100]",415,3,1,1,1,0,0,0,0,0,0,0,2.15158510208,2.151585102081299,0,-107,-107,228,228,1,1,0,0,0,0,0,0,0,0.623391091824,0.6233910918235779,0,37,37,-259,-259,260
dots1.png,20.png,30.png,02.png,12.png,16.png,03.png,04.png,24.png,"[-226, -88]","[224, 62]","[150, 100]","[-76, 62]","[74, 62]","[224, 212]","[-226, 62]","[-76, 212]","[74, 212]","[-226, 212]","[-76, -238]","[74, -238]","[224, -238]","[100, 100]","[-76, -88]","[74, -88]","[224, -88]","[-226, -238]",1,16,"[100, 100]","[100, 100]",both,27.png,14.png,23.png,33.png,tray1.png,07.png,17.png,m,"[100, 100]","[100, 100]","[100, 100]","[100, 100]","[100, 100]","[100, 100]","[100, 100]","[100, 100]","[100, 100]","[100, 100]","[100, 100]","[0, -375]",ok.png,"[100, 100]","[100, 100]",416,3,1,1,1,0,0,0,0,0,0,0,2.69964718819,2.699647188186646,0,-240,-240,209,209,1,1,0,0,0,0,0,0,0,0.83870446682,0.8387044668197632,0,223,223,-203,-203,129
03.png,dots1.png,29.png,09.png,25.png,02.png,32.png,11.png,12.png,"[-220, -51]","[230, 99]","[150, 100]","[-70, 99]","[80, 99]","[230, 249]","[-220, 99]","[-70, 249]","[80, 249]","[-220, 249]","[-70, -201]","[80, -201]","[230, -201]","[100, 100]","[-70, -51]","[80, -51]","[230, -51]","[-220, -201]",1,16,"[100, 100]","[100, 100]",both,31.png,13.png,22.png,16.png,18.png,04.png,tray1.png,m,"[100, 100]","[100, 100]","[100, 100]","[100, 100]","[100, 100]","[100, 100]","[100, 100]","[100, 100]","[100, 100]","[100, 100]","[100, 100]","[0, -375]",ok.png,"[100, 100]","[100, 100]",417,3,1,1,1,0,0,0,0,0,0,0,0.979463934898,0.9794639348983764,0,62,62,-210,-210,1,1,0,0,0,0,0,0,0,0.636770009995,0.6367700099945068,0,-81,-81,233,233,374
16.png,13.png,dots1.png,05.png,21.png,30.png,07.png,23.png,01.png,"[-202, -97]","[248, 53]","[150, 100]","[-52, 53]","[98, 53]","[248, 203]","[-202, 53]","[-52, 203]","[98, 203]","[-202, 203]","[-52, -247]","[98, -247]","[248, -247]","[100, 100]","[-52, -97]","[98, -97]","[248, -97]","[-202, -247]",1,16,"[100, 100]","[100, 100]",both,25.png,03.png,27.png,28.png,15.png,tray1.png,08.png,m,"[100, 100]","[100, 100]","[100, 100]","[100, 100]","[100, 100]","[100, 100]","[100, 100]","[100, 100]","[100, 100]","[100, 100]","[100, 100]","[0, -375]",ok.png,"[100, 100]","[100, 100]",418,3,1,1,1,0,0,0,0,0,0,0,1.40489733219,1.404897332191467,0,75,75,228,228,1,1,0,0,0,0,0,0,0,0.744860172272,0.7448601722717285,0,-23,-23,-238,-238,120
06.png,21.png,15.png,dots1.png,20.png,05.png,16.png,28.png,29.png,"[-205, -54]","[245, 96]","[150, 100]","[-55, 96]","[95, 96]","[245, 246]","[-205, 96]","[-55, 246]","[95, 246]","[-205, 246]","[-55, -204]","[95, -204]","[245, -204]","[100, 100]","[-55, -54]","[95, -54]","[245, -54]","[-205, -204]",1,16,"[100, 100]","[100, 100]",both,23.png,tray1.png,09.png,02.png,32.png,14.png,07.png,m,"[100, 100]","[100, 100]","[100, 100]","[100, 100]","[100, 100]","[100, 100]","[100, 100]","[100, 100]","[100, 100]","[100, 100]","[100, 100]","[0, -375]",ok.png,"[100, 100]","[100, 100]",419,3,1,1,1,0,0,0,0,0,0,0,1.38825631142,1.388256311416626,0,247,247,243,243,1,1,0,0,0,0,0,0,0,0.570154607296,0.57015460729599,0,-205,-205,-205,-205,99
06.png,11.png,01.png,28.png,dots1.png,17.png,19.png,34.png,15.png,"[-203, -69]","[247, 81]","[150, 100]","[-53, 81]","[97, 81]","[247, 231]","[-203, 81]","[-53, 231]","[97, 231]","[-203, 231]","[-53, -219]","[97, -219]","[247, -219]","[100, 100]","[-53, -69]","[97, -69]","[247, -69]","[-203, -219]",1,16,"[100, 100]","[100, 100]",both,tray1.png,31.png,30.png,08.png,03.png,21.png,32.png,m,"[100, 100]","[100, 100]","[100, 100]","[100, 100]","[100, 100]","[100, 100]","[100, 100]","[100, 100]","[100, 100]","[100, 100]","[100, 100]","[0, -375]",ok.png,"[100, 100]","[100, 100]",420,3,1,1,1,0,0,0,0,0,0,0,1.46176993847,1.461769938468933,0,285,285,-52,-52,1,1,0,0,0,0,0,0,0,0.467297166586,0.4672971665859222,0,-197,-197,92,92,201
09.png,03.png,12.png,04.png,32.png,dots1.png,24.png,27.png,07.png,"[-234, -72]","[216, 78]","[150, 100]","[-84, 78]","[66, 78]","[216, 228]","[-234, 78]","[-84, 228]","[66, 228]","[-234, 228]","[-84, -222]","[66, -222]","[216, -222]","[100, 100]","[-84, -72]","[66, -72]","[216, -72]","[-234, -222]",1,16,"[100, 100]","[100, 100]",both,10.png,13.png,09.png,tray1.png,28.png,16.png,22.png,m,"[100, 100]","[100, 100]","[100, 100]","[100, 100]","[100, 100]","[100, 100]","[100, 100]","[100, 100]","[100, 100]","[100, 100]","[100, 100]","[0, -375]",ok.png,"[100, 100]","[100, 100]",421,3,1,1,1,0,0,0,0,0,0,0,1.04603624344,1.046036243438721,0,-75,-75,90,90,1,1,0,0,0,0,0,0,0,1.88680708408,1.886807084083557,0,87,87,-71,-71,318
18.png,14.png,25.png,12.png,33.png,19.png,dots1.png,08.png,01.png,"[-230, -58]","[220, 92]","[150, 100]","[-80, 92]","[70, 92]","[220, 242]","[-230, 92]","[-80, 242]","[70, 242]","[-230, 242]","[-80, -208]","[70, -208]","[220, -208]","[100, 100]","[-80, -58]","[70, -58]","[220, -58]","[-230, -208]",1,16,"[100, 100]","[100, 100]",both,10.png,34.png,tray1.png,07.png,30.png,20.png,26.png,m,"[100, 100]","[100, 100]","[100, 100]","[100, 100]","[100, 100]","[100, 100]","[100, 100]","[100, 100]","[100, 100]","[100, 100]","[100, 100]","[0, -375]",ok.png,"[100, 100]","[100, 100]",422,3,1,1,1,0,0,0,0,0,0,0,0.872379302979,0.8723793029785156,0,77,77,90,90,1,1,0,0,0,0,0,0,0,0.486016213894,0.4860162138938904,0,-76,-76,-23,-23,432
11.png,13.png,17.png,18.png,21.png,14.png,25.png,dots1.png,tray1.png,"[-245, -92]","[205, 58]","[150, 100]","[-95, 58]","[55, 58]","[205, 208]","[-245, 58]","[-95, 208]","[55, 208]","[-245, 208]","[-95, -242]","[55, -242]","[205, -242]","[100, 100]","[-95, -92]","[55, -92]","[205, -92]","[-245, -242]",1,16,"[100, 100]","[100, 100]",both,30.png,26.png,02.png,04.png,01.png,24.png,33.png,m,"[100, 100]","[100, 100]","[100, 100]","[100, 100]","[100, 100]","[100, 100]","[100, 100]","[100, 100]","[100, 100]","[100, 100]","[100, 100]","[0, -375]",ok.png,"[100, 100]","[100, 100]",423,3,1,1,1,0,0,0,0,0,0,0,1.17010271549,1.170102715492249,0,217,217,48,48,1,1,0,0,0,0,0,0,0,0.654060006142,0.6540600061416626,0,-263,-263,-98,-98,180
08.png,14.png,10.png,20.png,11.png,07.png,22.png,tray1.png,dots1.png,"[-241, -69]","[209, 81]","[150, 100]","[-91, 81]","[59, 81]","[209, 231]","[-241, 81]","[-91, 231]","[59, 231]","[-241, 231]","[-91, -219]","[59, -219]","[209, -219]","[100, 100]","[-91, -69]","[59, -69]","[209, -69]","[-241, -219]",1,16,"[100, 100]","[100, 100]",both,30.png,09.png,31.png,26.png,19.png,29.png,03.png,m,"[100, 100]","[100, 100]","[100, 100]","[100, 100]","[100, 100]","[100, 100]","[100, 100]","[100, 100]","[100, 100]","[100, 100]","[100, 100]","[0, -375]",ok.png,"[100, 100]","[100, 100]",424,3,1,1,1,0,0,0,0,0,0,0,1.5462770462,1.546277046203613,0,-256,-256,-79,-79,1,1,0,0,0,0,0,0,0,0.528667211533,0.5286672115325928,0,206,206,129,129,399
31.png,03.png,13.png,11.png,23.png,21.png,tray1.png,30.png,33.png,"[-217, -60]","[233, 90]","[150, 100]","[-67, 90]","[83, 90]","[233, 240]","[-217, 90]","[-67, 240]","[83, 240]","[-217, 240]","[-67, -210]","[83, -210]","[233, -210]","[100, 100]","[-67, -60]","[83, -60]","[233, -60]","[-217, -210]",1,16,"[100, 100]","[100, 100]",both,05.png,19.png,dots1.png,14.png,26.png,32.png,29.png,m,"[100, 100]","[100, 100]","[100, 100]","[100, 100]","[100, 100]","[100, 100]","[100, 100]","[100, 100]","[100, 100]","[100, 100]","[100, 100]","[0, -375]",ok.png,"[100, 100]","[100, 100]",425,3,1,1,1,0,0,0,0,0,0,0,1.13543570042,1.135435700416565,0,68,68,91,91,1,1,0,0,0,0,0,0,0,0.453584700823,0.4535847008228302,0,-62,-62,-86,-86,38
dots2.png,14.png,13.png,12.png,11.png,10.png,09.png,08.png,07.png,"[-229, -82]","[221, 68]","[150, 100]","[-79, 68]","[71, 68]","[221, 218]","[-229, 68]","[-79, 218]","[71, 218]","[-229, 218]","[-79, -232]","[71, -232]","[221, -232]","[100, 100]","[-79, -82]","[71, -82]","[221, -82]","[-229, -232]",1,16,"[100, 100]","[100, 100]",both,04.png,03.png,06.png,05.png,tray2.png,02.png,01.png,m,"[100, 100]","[100, 100]","[100, 100]","[100, 100]","[100, 100]","[100, 100]","[100, 100]","[100, 100]","[100, 100]","[100, 100]","[100, 100]","[0, -375]",ok.png,"[100, 100]","[100, 100]",426,3,1,1,1,0,0,0,0,0,0,0,1.86045646667,1.860456466674805,0,214,214,-224,-224,1,1,0,0,0,0,0,0,0,0.805076599121,0.80507659912109375,0,-250,-250,281,281,290
23.png,dots2.png,31.png,32.png,33.png,34.png,14.png,15.png,13.png,"[-236, -77]","[214, 73]","[150, 100]","[-86, 73]","[64, 73]","[214, 223]","[-236, 73]","[-86, 223]","[64, 223]","[-236, 223]","[-86, -227]","[64, -227]","[214, -227]","[100, 100]","[-86, -77]","[64, -77]","[214, -77]","[-236, -227]",1,16,"[100, 100]","[100, 100]",both,10.png,01.png,12.png,11.png,08.png,09.png,tray2.png,m,"[100, 100]","[100, 100]","[100, 100]","[100, 100]","[100, 100]","[100, 100]","[100, 100]","[100, 100]","[100, 100]","[100, 100]","[100, 100]","[0, -375]",ok.png,"[100, 100]","[100, 100]",427,3,1,1,1,0,0,0,0,0,0,0,1.28937876225,1.289378762245178,0,59,59,-239,-239,1,1,0,0,0,0,0,0,0,0.548425257206,0.5484252572059631,0,-101,-101,227,227,177
27.png,30.png,dots2.png,24.png,23.png,22.png,21.png,20.png,19.png,"[-202, -77]","[248, 73]","[150, 100]","[-52, 73]","[98, 73]","[248, 223]","[-202, 73]","[-52, 223]","[98, 223]","[-202, 223]","[-52, -227]","[98, -227]","[248, -227]","[100, 100]","[-52, -77]","[98, -77]","[248, -77]","[-202, -227]",1,16,"[100, 100]","[100, 100]",both,16.png,15.png,18.png,17.png,05.png,tray2.png,06.png,m,"[100, 100]","[100, 100]","[100, 100]","[100, 100]","[100, 100]","[100, 100]","[100, 100]","[100, 100]","[100, 100]","[100, 100]","[100, 100]","[0, -375]",ok.png,"[100, 100]","[100, 100]",428,3,1,1,1,0,0,0,0,0,0,0,1.80930244923,1.809302449226379,0,-37,-37,-244,-244,1,1,0,0,0,0,0,0,0,0.704440832138,0.7044408321380615,0,120,120,218,218,151
33.png,32.png,30.png,dots2.png,08.png,02.png,31.png,27.png,26.png,"[-217, -96]","[233, 54]","[150, 100]","[-67, 54]","[83, 54]","[233, 204]","[-217, 54]","[-67, 204]","[83, 204]","[-217, 204]","[-67, -246]","[83, -246]","[233, -246]","[100, 100]","[-67, -96]","[83, -96]","[233, -96]","[-217, -246]",1,16,"[100, 100]","[100, 100]",both,03.png,tray2.png,28.png,12.png,22.png,24.png,23.png,m,"[100, 100]","[100, 100]","[100, 100]","[100, 100]","[100, 100]","[100, 100]","[100, 100]","[100, 100]","[100, 100]","[100, 100]","[100, 100]","[0, -375]",ok.png,"[100, 100]","[100, 100]",429,3,1,1,1,0,0,0,0,0,0,0,1.82705020905,1.82705020904541,0,241,241,219,219,1,1,0,0,0,0,0,0,0,2.0417368412,2.041736841201782,0,-232,-232,-228,-228,323
28.png,26.png,24.png,22.png,dots2.png,34.png,33.png,32.png,31.png,"[-245, -98]","[205, 52]","[150, 100]","[-95, 52]","[55, 52]","[205, 202]","[-245, 52]","[-95, 202]","[55, 202]","[-245, 202]","[-95, -248]","[55, -248]","[205, -248]","[100, 100]","[-95, -98]","[55, -98]","[205, -98]","[-245, -248]",1,16,"[100, 100]","[100, 100]",both,tray2.png,08.png,30.png,29.png,02.png,06.png,04.png,m,"[100, 100]","[100, 100]","[100, 100]","[100, 100]","[100, 100]","[100, 100]","[100, 100]","[100, 100]","[100, 100]","[100, 100]","[100, 100]","[0, -375]",ok.png,"[100, 100]","[100, 100]",430,3,1,1,1,0,0,0,0,0,0,0,1.53883016109,1.538830161094666,0,209,209,-116,-116,1,1,0,0,0,0,0,0,0,0.453870356083,0.4538703560829163,0,-218,-218,64,64,142
32.png,30.png,23.png,17.png,29.png,dots2.png,15.png,06.png,26.png,"[-248, -92]","[202, 58]","[150, 100]","[-98, 58]","[52, 58]","[202, 208]","[-248, 58]","[-98, 208]","[52, 208]","[-248, 208]","[-98, -242]","[52, -242]","[202, -242]","[100, 100]","[-98, -92]","[52, -92]","[202, -92]","[-248, -242]",1,16,"[100, 100]","[100, 100]",both,04.png,27.png,11.png,tray2.png,01.png,07.png,34.png,m,"[100, 100]","[100, 100]","[100, 100]","[100, 100]","[100, 100]","[100, 100]","[100, 100]","[100, 100]","[100, 100]","[100, 100]","[100, 100]","[0, -375]",ok.png,"[100, 100]","[100, 100]",431,3,1,1,1,0,0,0,0,0,0,0,0.869478106499,0.8694781064987183,0,38,38,-100,-100,1,1,0,0,0,0,0,0,0,0.438230395317,0.4382303953170776,0,-88,-88,50,50,321
17.png,09.png,22.png,06.png,27.png,13.png,dots2.png,18.png,25.png,"[-229, -76]","[221, 74]","[150, 100]","[-79, 74]","[71, 74]","[221, 224]","[-229, 74]","[-79, 224]","[71, 224]","[-229, 224]","[-79, -226]","[71, -226]","[221, -226]","[100, 100]","[-79, -76]","[71, -76]","[221, -76]","[-229, -226]",1,16,"[100, 100]","[100, 100]",both,07.png,05.png,tray2.png,03.png,12.png,02.png,24.png,m,"[100, 100]","[100, 100]","[100, 100]","[100, 100]","[100, 100]","[100, 100]","[100, 100]","[100, 100]","[100, 100]","[100, 100]","[100, 100]","[0, -375]",ok.png,"[100, 100]","[100, 100]",432,3,1,1,1,0,0,0,0,0,0,0,0.829647541046,0.8296475410461426,0,-23,-23,-17,-17,1,1,0,0,0,0,0,0,0,0.527499198914,0.5274991989135742,0,-90,-90,-39,-39,227
22.png,33.png,01.png,09.png,31.png,25.png,17.png,dots2.png,tray2.png,"[-226, -86]","[224, 64]","[150, 100]","[-76, 64]","[74, 64]","[224, 214]","[-226, 64]","[-76, 214]","[74, 214]","[-226, 214]","[-76, -236]","[74, -236]","[224, -236]","[100, 100]","[-76, -86]","[74, -86]","[224, -86]","[-226, -236]",1,16,"[100, 100]","[100, 100]",both,20.png,07.png,27.png,15.png,13.png,33.png,05.png,m,"[100, 100]","[100, 100]","[100, 100]","[100, 100]","[100, 100]","[100, 100]","[100, 100]","[100, 100]","[100, 100]","[100, 100]","[100, 100]","[0, -375]",ok.png,"[100, 100]","[100, 100]",433,3,1,1,1,0,0,0,0,0,0,0,1.01268744469,1.01268744468689,0,278,278,68,68,1,1,0,0,0,0,0,0,0,0.406022936106,0.4060229361057281,0,-197,-197,-85,-85,274
33.png,31.png,25.png,21.png,27.png,23.png,29.png,tray2.png,dots2.png,"[-215, -92]","[235, 58]","[150, 100]","[-65, 58]","[85, 58]","[235, 208]","[-215, 58]","[-65, 208]","[85, 208]","[-215, 208]","[-65, -242]","[85, -242]","[235, -242]","[100, 100]","[-65, -92]","[85, -92]","[235, -92]","[-215, -242]",1,16,"[100, 100]","[100, 100]",both,02.png,16.png,04.png,08.png,07.png,13.png,10.png,m,"[100, 100]","[100, 100]","[100, 100]","[100, 100]","[100, 100]","[100, 100]","[100, 100]","[100, 100]","[100, 100]","[100, 100]","[100, 100]","[0, -375]",ok.png,"[100, 100]","[100, 100]",434,3,1,1,1,0,0,0,0,0,0,0,1.3038315773,1.303831577301025,0,235,235,76,76,1,1,0,0,0,0,0,0,0,0.641941487789,0.641941487789154,0,-185,-185,-64,-64,124
30.png,32.png,27.png,21.png,26.png,24.png,tray2.png,22.png,20.png,"[-212, -72]","[238, 78]","[150, 100]","[-62, 78]","[88, 78]","[238, 228]","[-212, 78]","[-62, 228]","[88, 228]","[-212, 228]","[-62, -222]","[88, -222]","[238, -222]","[100, 100]","[-62, -72]","[88, -72]","[238, -72]","[-212, -222]",1,16,"[100, 100]","[100, 100]",both,14.png,03.png,dots2.png,16.png,09.png,05.png,07.png,m,"[100, 100]","[100, 100]","[100, 100]","[100, 100]","[100, 100]","[100, 100]","[100, 100]","[100, 100]","[100, 100]","[100, 100]","[100, 100]","[0, -375]",ok.png,"[100, 100]","[100, 100]",435,3,1,1,1,0,0,0,0,0,0,0,1.71674001217,1.716740012168884,0,146,146,76,76,1,1,0,0,0,0,0,0,0,0.559795618057,0.559795618057251,0,-41,-41,-76,-76,241
01.png,18.png,27.png,24.png,21.png,tray2.png,19.png,16.png,32.png,"[-218, -96]","[232, 54]","[150, 100]","[-68, 54]","[82, 54]","[232, 204]","[-218, 54]","[-68, 204]","[82, 204]","[-218, 204]","[-68, -246]","[82, -246]","[232, -246]","[100, 100]","[-68, -96]","[82, -96]","[232, -96]","[-218, -246]",1,16,"[100, 100]","[100, 100]",both,13.png,31.png,34.png,dots2.png,05.png,33.png,14.png,m,"[100, 100]","[100, 100]","[100, 100]","[100, 100]","[100, 100]","[100, 100]","[100, 100]","[100, 100]","[100, 100]","[100, 100]","[100, 100]","[0, -375]",ok.png,"[100, 100]","[100, 100]",436,3,1,1,1,0,0,0,0,0,0,0,1.55235242844,1.552352428436279,0,53,53,-100,-100,1,1,0,0,0,0,0,0,0,0.408156722784,0.4081567227840424,0,-57,-57,67,67,14
34.png,27.png,08.png,18.png,tray2.png,11.png,16.png,21.png,17.png,"[-204, -84]","[246, 66]","[150, 100]","[-54, 66]","[96, 66]","[246, 216]","[-204, 66]","[-54, 216]","[96, 216]","[-204, 216]","[-54, -234]","[96, -234]","[246, -234]","[100, 100]","[-54, -84]","[96, -84]","[246, -84]","[-204, -234]",1,16,"[100, 100]","[100, 100]",both,dots2.png,25.png,04.png,24.png,10.png,20.png,15.png,m,"[100, 100]","[100, 100]","[100, 100]","[100, 100]","[100, 100]","[100, 100]","[100, 100]","[100, 100]","[100, 100]","[100, 100]","[100, 100]","[0, -375]",ok.png,"[100, 100]","[100, 100]",437,3,1,1,1,0,0,0,0,0,0,0,1.26778864861,1.267788648605347,0,254,254,-72,-72,1,1,0,0,0,0,0,0,0,0.963255345821,0.9632553458213806,0,-185,-185,47,47,43
04.png,02.png,05.png,tray2.png,08.png,07.png,01.png,03.png,26.png,"[-207, -65]","[243, 85]","[150, 100]","[-57, 85]","[93, 85]","[243, 235]","[-207, 85]","[-57, 235]","[93, 235]","[-207, 235]","[-57, -215]","[93, -215]","[243, -215]","[100, 100]","[-57, -65]","[93, -65]","[243, -65]","[-207, -215]",1,16,"[100, 100]","[100, 100]",both,28.png,dots2.png,29.png,32.png,16.png,20.png,10.png,m,"[100, 100]","[100, 100]","[100, 100]","[100, 100]","[100, 100]","[100, 100]","[100, 100]","[100, 100]","[100, 100]","[100, 100]","[100, 100]","[0, -375]",ok.png,"[100, 100]","[100, 100]",438,3,1,1,1,0,0,0,0,0,0,0,0.853429615498,0.8534296154975891,0,257,257,248,248,1,1,0,0,0,0,0,0,0,0.876198351383,0.8761983513832092,0,-229,-229,-224,-224,291
01.png,12.png,tray2.png,23.png,10.png,02.png,28.png,13.png,08.png,"[-208, -68]","[242, 82]","[150, 100]","[-58, 82]","[92, 82]","[242, 232]","[-208, 82]","[-58, 232]","[92, 232]","[-208, 232]","[-58, -218]","[92, -218]","[242, -218]","[100, 100]","[-58, -68]","[92, -68]","[242, -68]","[-208, -218]",1,16,"[100, 100]","[100, 100]",both,15.png,16.png,33.png,03.png,29.png,dots2.png,17.png,m,"[100, 100]","[100, 100]","[100, 100]","[100, 100]","[100, 100]","[100, 100]","[100, 100]","[100, 100]","[100, 100]","[100, 100]","[100, 100]","[0, -375]",ok.png,"[100, 100]","[100, 100]",439,3,1,1,1,0,0,0,0,0,0,0,1.1377248764,1.137724876403809,0,106,106,260,260,1,1,0,0,0,0,0,0,0,0.602393209934,0.6023932099342346,0,-48,-48,-190,-190,255
24.png,tray2.png,03.png,07.png,13.png,17.png,23.png,27.png,33.png,"[-206, -61]","[244, 89]","[150, 100]","[-56, 89]","[94, 89]","[244, 239]","[-206, 89]","[-56, 239]","[94, 239]","[-206, 239]","[-56, -211]","[94, -211]","[244, -211]","[100, 100]","[-56, -61]","[94, -61]","[244, -61]","[-206, -211]",1,16,"[100, 100]","[100, 100]",both,14.png,16.png,04.png,06.png,32.png,08.png,dots2.png,m,"[100, 100]","[100, 100]","[100, 100]","[100, 100]","[100, 100]","[100, 100]","[100, 100]","[100, 100]","[100, 100]","[100, 100]","[100, 100]","[0, -375]",ok.png,"[100, 100]","[100, 100]",440,3,1,1,1,0,0,0,0,0,0,0,1.26543831825,1.265438318252563,0,77,77,-267,-267,1,1,0,0,0,0,0,0,0,0.485212594271,0.4852125942707062,0,-89,-89,259,259,138
tray2.png,17.png,07.png,14.png,27.png,33.png,23.png,24.png,04.png,"[-220, -84]","[230, 66]","[150, 100]","[-70, 66]","[80, 66]","[230, 216]","[-220, 66]","[-70, 216]","[80, 216]","[-220, 216]","[-70, -234]","[80, -234]","[230, -234]","[100, 100]","[-70, -84]","[80, -84]","[230, -84]","[-220, -234]",1,16,"[100, 100]","[100, 100]",both,12.png,02.png,03.png,16.png,dots2.png,30.png,20.png,m,"[100, 100]","[100, 100]","[100, 100]","[100, 100]","[100, 100]","[100, 100]","[100, 100]","[100, 100]","[100, 100]","[100, 100]","[100, 100]","[0, -375]",ok.png,"[100, 100]","[100, 100]",441,3,1,1,1,0,0,0,0,0,0,0,2.49662709236,2.49662709236145,0,233,233,-219,-219,1,1,0,0,0,0,0,0,0,0.711435496807,0.7114354968070984,0,-260,-260,247,247,187
18.png,tray2.png,04.png,13.png,31.png,16.png,22.png,12.png,11.png,"[-201, -53]","[249, 97]","[150, 100]","[-51, 97]","[99, 97]","[249, 247]","[-201, 97]","[-51, 247]","[99, 247]","[-201, 247]","[-51, -203]","[99, -203]","[249, -203]","[100, 100]","[-51, -53]","[99, -53]","[249, -53]","[-201, -203]",1,16,"[100, 100]","[100, 100]",both,25.png,09.png,32.png,02.png,03.png,29.png,dots2.png,m,"[100, 100]","[100, 100]","[100, 100]","[100, 100]","[100, 100]","[100, 100]","[100, 100]","[100, 100]","[100, 100]","[100, 100]","[100, 100]","[0, -375]",ok.png,"[100, 100]","[100, 100]",442,3,1,1,1,0,0,0,0,0,0,0,1.43072462082,1.430724620819092,0,-50,-50,246,246,1,1,0,0,0,0,0,0,0,0.745938181877,0.7459381818771362,0,102,102,-209,-209,6
15.png,08.png,tray2.png,03.png,25.png,28.png,27.png,01.png,23.png,"[-204, -76]","[246, 74]","[150, 100]","[-54, 74]","[96, 74]","[246, 224]","[-204, 74]","[-54, 224]","[96, 224]","[-204, 224]","[-54, -226]","[96, -226]","[246, -226]","[100, 100]","[-54, -76]","[96, -76]","[246, -76]","[-204, -226]",1,16,"[100, 100]","[100, 100]",both,21.png,05.png,07.png,30.png,16.png,dots2.png,13.png,m,"[100, 100]","[100, 100]","[100, 100]","[100, 100]","[100, 100]","[100, 100]","[100, 100]","[100, 100]","[100, 100]","[100, 100]","[100, 100]","[0, -375]",ok.png,"[100, 100]","[100, 100]",443,3,1,1,1,0,0,0,0,0,0,0,1.57452762127,1.574527621269226,0,-45,-45,-257,-257,1,1,0,0,0,0,0,0,0,0.527562856674,0.5275628566741943,0,102,102,247,247,137
32.png,07.png,14.png,tray2.png,23.png,02.png,09.png,29.png,28.png,"[-228, -64]","[222, 86]","[150, 100]","[-78, 86]","[72, 86]","[222, 236]","[-228, 86]","[-78, 236]","[72, 236]","[-228, 236]","[-78, -214]","[72, -214]","[222, -214]","[100, 100]","[-78, -64]","[72, -64]","[222, -64]","[-228, -214]",1,16,"[100, 100]","[100, 100]",both,20.png,dots2.png,16.png,05.png,06.png,15.png,21.png,m,"[100, 100]","[100, 100]","[100, 100]","[100, 100]","[100, 100]","[100, 100]","[100, 100]","[100, 100]","[100, 100]","[100, 100]","[100, 100]","[0, -375]",ok.png,"[100, 100]","[100, 100]",444,3,1,1,1,0,0,0,0,0,0,0,1.16980230808,1.169802308082581,0,-268,-268,-222,-222,1,1,0,0,0,0,0,0,0,0.716934680939,0.7169346809387207,0,211,211,234,234,237
03.png,32.png,21.png,31.png,tray2.png,08.png,30.png,15.png,34.png,"[-245, -92]","[205, 58]","[150, 100]","[-95, 58]","[55, 58]","[205, 208]","[-245, 58]","[-95, 208]","[55, 208]","[-245, 208]","[-95, -242]","[55, -242]","[205, -242]","[100, 100]","[-95, -92]","[55, -92]","[205, -92]","[-245, -242]",1,16,"[100, 100]","[100, 100]",both,dots2.png,28.png,19.png,17.png,06.png,01.png,11.png,m,"[100, 100]","[100, 100]","[100, 100]","[100, 100]","[100, 100]","[100, 100]","[100, 100]","[100, 100]","[100, 100]","[100, 100]","[100, 100]","[0, -375]",ok.png,"[100, 100]","[100, 100]",445,3,1,1,1,0,0,0,0,0,0,0,0.81097984314,0.8109798431396484,0,203,203,-92,-92,1,1,0,0,0,0,0,0,0,0.526467382908,0.5264673829078674,0,-245,-245,34,34,376
28.png,22.png,16.png,13.png,10.png,tray2.png,09.png,07.png,27.png,"[-230, -67]","[220, 83]","[150, 100]","[-80, 83]","[70, 83]","[220, 233]","[-230, 83]","[-80, 233]","[70, 233]","[-230, 233]","[-80, -217]","[70, -217]","[220, -217]","[100, 100]","[-80, -67]","[70, -67]","[220, -67]","[-230, -217]",1,16,"[100, 100]","[100, 100]",both,32.png,04.png,24.png,dots2.png,09.png,12.png,03.png,m,"[100, 100]","[100, 100]","[100, 100]","[100, 100]","[100, 100]","[100, 100]","[100, 100]","[100, 100]","[100, 100]","[100, 100]","[100, 100]","[0, -375]",ok.png,"[100, 100]","[100, 100]",446,3,1,1,1,0,0,0,0,0,0,0,0.979418098927,0.9794180989265442,0,-79,-79,69,69,1,1,0,0,0,0,0,0,0,0.280469983816,0.2804699838161469,0,6,6,-15,-15,431
30.png,26.png,20.png,34.png,10.png,07.png,tray2.png,01.png,08.png,"[-234, -89]","[216, 61]","[150, 100]","[-84, 61]","[66, 61]","[216, 211]","[-234, 61]","[-84, 211]","[66, 211]","[-234, 211]","[-84, -239]","[66, -239]","[216, -239]","[100, 100]","[-84, -89]","[66, -89]","[216, -89]","[-234, -239]",1,16,"[100, 100]","[100, 100]",both,33.png,12.png,dots2.png,19.png,18.png,25.png,14.png,m,"[100, 100]","[100, 100]","[100, 100]","[100, 100]","[100, 100]","[100, 100]","[100, 100]","[100, 100]","[100, 100]","[100, 100]","[100, 100]","[0, -375]",ok.png,"[100, 100]","[100, 100]",447,3,1,1,1,0,0,0,0,0,0,0,0.993069708347,0.9930697083473206,0,-93,-93,-91,-91,1,1,0,0,0,0,0,0,0,0.402397841215,0.4023978412151337,0,36,36,45,45,378
01.png,33.png,24.png,26.png,30.png,04.png,02.png,tray2.png,dots2.png,"[-234, -89]","[216, 61]","[150, 100]","[-84, 61]","[66, 61]","[216, 211]","[-234, 61]","[-84, 211]","[66, 211]","[-234, 211]","[-84, -239]","[66, -239]","[216, -239]","[100, 100]","[-84, -89]","[66, -89]","[216, -89]","[-234, -239]",1,16,"[100, 100]","[100, 100]",both,21.png,18.png,25.png,14.png,11.png,17.png,13.png,m,"[100, 100]","[100, 100]","[100, 100]","[100, 100]","[100, 100]","[100, 100]","[100, 100]","[100, 100]","[100, 100]","[100, 100]","[100, 100]","[0, -375]",ok.png,"[100, 100]","[100, 100]",448,3,1,1,1,0,0,0,0,0,0,0,1.02813792229,1.028137922286987,0,188,188,50,50,1,1,0,0,0,0,0,0,0,0.440436720848,0.4404367208480835,0,-296,-296,-115,-115,426
19.png,03.png,29.png,09.png,30.png,26.png,31.png,dots2.png,tray2.png,"[-250, -53]","[200, 97]","[150, 100]","[-100, 97]","[50, 97]","[200, 247]","[-250, 97]","[-100, 247]","[50, 247]","[-250, 247]","[-100, -203]","[50, -203]","[200, -203]","[100, 100]","[-100, -53]","[50, -53]","[200, -53]","[-250, -203]",1,16,"[100, 100]","[100, 100]",both,11.png,20.png,22.png,07.png,08.png,10.png,14.png,m,"[100, 100]","[100, 100]","[100, 100]","[100, 100]","[100, 100]","[100, 100]","[100, 100]","[100, 100]","[100, 100]","[100, 100]","[100, 100]","[0, -375]",ok.png,"[100, 100]","[100, 100]",449,3,1,1,1,0,0,0,0,0,0,0,1.26437568665,1.264375686645508,0,-233,-233,-62,-62,1,1,0,0,0,0,0,0,0,0.528741776943,0.5287417769432068,0,218,218,83,83,164
26.png,29.png,32.png,19.png,05.png,14.png,dots2.png,33.png,30.png,"[-222, -86]","[228, 64]","[150, 100]","[-72, 64]","[78, 64]","[228, 214]","[-222, 64]","[-72, 214]","[78, 214]","[-222, 214]","[-72, -236]","[78, -236]","[228, -236]","[100, 100]","[-72, -86]","[78, -86]","[228, -86]","[-222, -236]",1,16,"[100, 100]","[100, 100]",both,23.png,11.png,tray2.png,21.png,31.png,13.png,03.png,m,"[100, 100]","[100, 100]","[100, 100]","[100, 100]","[100, 100]","[100, 100]","[100, 100]","[100, 100]","[100, 100]","[100, 100]","[100, 100]","[0, -375]",ok.png,"[100, 100]","[100, 100]",450,3,1,1,1,0,0,0,0,0,0,0,1.02830517292,1.028305172920227,0,69,69,66,66,1,1,0,0,0,0,0,0,0,1.43024432659,1.430244326591492,0,-72,-72,-110,-110,65
NA,NA,NA,NA,NA,NA,NA,NA,NA,NA,NA,NA,NA,NA,NA,NA,NA,NA,NA,NA,NA,NA,NA,NA,NA,NA,NA,NA,NA,NA,NA,NA,NA,NA,NA,NA,NA,NA,NA,NA,NA,NA,NA,NA,NA,NA,NA,NA,NA,NA,NA,NA,NA,NA,NA,NA,NA,NA,NA,NA,NA,NA,NA,NA,NA,NA,NA,NA,NA,NA,NA,NA,NA,NA,NA,NA,NA,NA,NA,NA,NA,NA,NA,NA,NA,NA,NA,NA,NA,NA,NA
extraInfo,NA,NA,NA,NA,NA,NA,NA,NA,NA,NA,NA,NA,NA,NA,NA,NA,NA,NA,NA,NA,NA,NA,NA,NA,NA,NA,NA,NA,NA,NA,NA,NA,NA,NA,NA,NA,NA,NA,NA,NA,NA,NA,NA,NA,NA,NA,NA,NA,NA,NA,NA,NA,NA,NA,NA,NA,NA,NA,NA,NA,NA,NA,NA,NA,NA,NA,NA,NA,NA,NA,NA,NA,NA,NA,NA,NA,NA,NA,NA,NA,NA,NA,NA,NA,NA,NA,NA,NA,NA,NA
expName,sharexp,NA,NA,NA,NA,NA,NA,NA,NA,NA,NA,NA,NA,NA,NA,NA,NA,NA,NA,NA,NA,NA,NA,NA,NA,NA,NA,NA,NA,NA,NA,NA,NA,NA,NA,NA,NA,NA,NA,NA,NA,NA,NA,NA,NA,NA,NA,NA,NA,NA,NA,NA,NA,NA,NA,NA,NA,NA,NA,NA,NA,NA,NA,NA,NA,NA,NA,NA,NA,NA,NA,NA,NA,NA,NA,NA,NA,NA,NA,NA,NA,NA,NA,NA,NA,NA,NA,NA,NA,NA
age,18,NA,NA,NA,NA,NA,NA,NA,NA,NA,NA,NA,NA,NA,NA,NA,NA,NA,NA,NA,NA,NA,NA,NA,NA,NA,NA,NA,NA,NA,NA,NA,NA,NA,NA,NA,NA,NA,NA,NA,NA,NA,NA,NA,NA,NA,NA,NA,NA,NA,NA,NA,NA,NA,NA,NA,NA,NA,NA,NA,NA,NA,NA,NA,NA,NA,NA,NA,NA,NA,NA,NA,NA,NA,NA,NA,NA,NA,NA,NA,NA,NA,NA,NA,NA,NA,NA,NA,NA,NA
frameRate,NA,NA,NA,NA,NA,NA,NA,NA,NA,NA,NA,NA,NA,NA,NA,NA,NA,NA,NA,NA,NA,NA,NA,NA,NA,NA,NA,NA,NA,NA,NA,NA,NA,NA,NA,NA,NA,NA,NA,NA,NA,NA,NA,NA,NA,NA,NA,NA,NA,NA,NA,NA,NA,NA,NA,NA,NA,NA,NA,NA,NA,NA,NA,NA,NA,NA,NA,NA,NA,NA,NA,NA,NA,NA,NA,NA,NA,NA,NA,NA,NA,NA,NA,NA,NA,NA,NA,NA,NA,NA
session,1,NA,NA,NA,NA,NA,NA,NA,NA,NA,NA,NA,NA,NA,NA,NA,NA,NA,NA,NA,NA,NA,NA,NA,NA,NA,NA,NA,NA,NA,NA,NA,NA,NA,NA,NA,NA,NA,NA,NA,NA,NA,NA,NA,NA,NA,NA,NA,NA,NA,NA,NA,NA,NA,NA,NA,NA,NA,NA,NA,NA,NA,NA,NA,NA,NA,NA,NA,NA,NA,NA,NA,NA,NA,NA,NA,NA,NA,NA,NA,NA,NA,NA,NA,NA,NA,NA,NA,NA,NA
date,2019_01_14_1246,NA,NA,NA,NA,NA,NA,NA,NA,NA,NA,NA,NA,NA,NA,NA,NA,NA,NA,NA,NA,NA,NA,NA,NA,NA,NA,NA,NA,NA,NA,NA,NA,NA,NA,NA,NA,NA,NA,NA,NA,NA,NA,NA,NA,NA,NA,NA,NA,NA,NA,NA,NA,NA,NA,NA,NA,NA,NA,NA,NA,NA,NA,NA,NA,NA,NA,NA,NA,NA,NA,NA,NA,NA,NA,NA,NA,NA,NA,NA,NA,NA,NA,NA,NA,NA,NA,NA,NA,NA
surname,Sapronov,NA,NA,NA,NA,NA,NA,NA,NA,NA,NA,NA,NA,NA,NA,NA,NA,NA,NA,NA,NA,NA,NA,NA,NA,NA,NA,NA,NA,NA,NA,NA,NA,NA,NA,NA,NA,NA,NA,NA,NA,NA,NA,NA,NA,NA,NA,NA,NA,NA,NA,NA,NA,NA,NA,NA,NA,NA,NA,NA,NA,NA,NA,NA,NA,NA,NA,NA,NA,NA,NA,NA,NA,NA,NA,NA,NA,NA,NA,NA,NA,NA,NA,NA,NA,NA,NA,NA,NA,NA
