stim1,stim2,stim3,stim4,stim5,stim6,stim7,stim8,stim9,pos9,pos8,sizeok,pos6,pos7,pos4,pos5,pos2,pos3,pos1,pos14,pos15,pos16,size7,pos10,pos11,pos12,pos13,sernum,setsize,size8,size9,trialtype,stim12,stim13,stim10,stim11,stim16,stim14,stim15,ser,size4,size5,size6,size16,size14,size15,size12,size13,size10,size11,size1,posok,ok,size2,size3,numtrial,trialtypenum,n,mouse_main1.leftButton_mean,mouse_main1.leftButton_raw,mouse_main1.leftButton_std,mouse_main1.midButton_mean,mouse_main1.midButton_raw,mouse_main1.midButton_std,mouse_main1.rightButton_mean,mouse_main1.rightButton_raw,mouse_main1.rightButton_std,mouse_main1.time_mean,mouse_main1.time_raw,mouse_main1.time_std,mouse_main1.x_mean,mouse_main1.x_raw,mouse_main1.y_mean,mouse_main1.y_raw,mouse_main2.leftButton_mean,mouse_main2.leftButton_raw,mouse_main2.leftButton_std,mouse_main2.midButton_mean,mouse_main2.midButton_raw,mouse_main2.midButton_std,mouse_main2.rightButton_mean,mouse_main2.rightButton_raw,mouse_main2.rightButton_std,mouse_main2.time_mean,mouse_main2.time_raw,mouse_main2.time_std,mouse_main2.x_mean,mouse_main2.x_raw,mouse_main2.y_mean,mouse_main2.y_raw,order
tray1.png,01.png,02.png,03.png,04.png,05.png,06.png,07.png,00.png,"[-238, -98]","[212, 52]","[150, 100]","[-88, 52]","[62, 52]","[212, 202]","[-238, 52]","[-88, 202]","[62, 202]","[-238, 202]","[-88, -248]","[62, -248]","[212, -248]","[100, 100]","[-88, -98]","[62, -98]","[212, -98]","[-238, -248]",1,8,"[100, 100]","[100, 100]",tray,00.png,00.png,00.png,00.png,00.png,00.png,00.png,m,"[100, 100]","[100, 100]","[100, 100]","[100, 100]","[100, 100]","[100, 100]","[100, 100]","[100, 100]","[100, 100]","[100, 100]","[100, 100]","[0, -375]",ok.png,"[100, 100]","[100, 100]",1,1,1,1,1,0,0,0,0,0,0,0,2.44919610023,2.449196100234985,0,6,6,-357,-357,1,1,0,0,0,0,0,0,0,2.26666665077,2.266666650772095,0,83,83,36,36,41
08.png,tray1.png,09.png,00.png,10.png,11.png,12.png,13.png,00.png,"[-213, -74]","[237, 76]","[150, 100]","[-63, 76]","[87, 76]","[237, 226]","[-213, 76]","[-63, 226]","[87, 226]","[-213, 226]","[-63, -224]","[87, -224]","[237, -224]","[100, 100]","[-63, -74]","[87, -74]","[237, -74]","[-213, -224]",1,8,"[100, 100]","[100, 100]",tray,00.png,00.png,14.png,00.png,00.png,00.png,00.png,m,"[100, 100]","[100, 100]","[100, 100]","[100, 100]","[100, 100]","[100, 100]","[100, 100]","[100, 100]","[100, 100]","[100, 100]","[100, 100]","[0, -375]",ok.png,"[100, 100]","[100, 100]",2,1,1,1,1,0,0,0,0,0,0,0,1.13202297688,1.132022976875305,0,-68,-68,236,236,1,1,0,0,0,0,0,0,0,0.592086553574,0.5920865535736084,0,-13,-13,-374,-374,45
00.png,00.png,tray1.png,15.png,16.png,17.png,18.png,19.png,20.png,"[-234, -83]","[216, 67]","[150, 100]","[-84, 67]","[66, 67]","[216, 217]","[-234, 67]","[-84, 217]","[66, 217]","[-234, 217]","[-84, -233]","[66, -233]","[216, -233]","[100, 100]","[-84, -83]","[66, -83]","[216, -83]","[-234, -233]",1,8,"[100, 100]","[100, 100]",tray,00.png,00.png,21.png,00.png,00.png,00.png,00.png,m,"[100, 100]","[100, 100]","[100, 100]","[100, 100]","[100, 100]","[100, 100]","[100, 100]","[100, 100]","[100, 100]","[100, 100]","[100, 100]","[0, -375]",ok.png,"[100, 100]","[100, 100]",3,1,1,1,1,0,0,0,0,0,0,0,0.886606693268,0.8866066932678223,0,57,57,218,218,1,1,0,0,0,0,0,0,0,0.681642770767,0.6816427707672119,0,-24,-24,-396,-396,290
22.png,23.png,24.png,tray1.png,00.png,00.png,25.png,26.png,00.png,"[-247, -82]","[203, 68]","[150, 100]","[-97, 68]","[53, 68]","[203, 218]","[-247, 68]","[-97, 218]","[53, 218]","[-247, 218]","[-97, -232]","[53, -232]","[203, -232]","[100, 100]","[-97, -82]","[53, -82]","[203, -82]","[-247, -232]",1,8,"[100, 100]","[100, 100]",tray,28.png,00.png,00.png,27.png,00.png,00.png,00.png,m,"[100, 100]","[100, 100]","[100, 100]","[100, 100]","[100, 100]","[100, 100]","[100, 100]","[100, 100]","[100, 100]","[100, 100]","[100, 100]","[0, -375]",ok.png,"[100, 100]","[100, 100]",4,1,1,1,1,0,0,0,0,0,0,0,2.32586884499,2.325868844985962,0,205,205,225,225,1,1,0,0,0,0,0,0,0,0.576251268387,0.5762512683868408,0,17,17,-347,-347,282
00.png,00.png,00.png,00.png,tray1.png,29.png,30.png,31.png,32.png,"[-243, -91]","[207, 59]","[150, 100]","[-93, 59]","[57, 59]","[207, 209]","[-243, 59]","[-93, 209]","[57, 209]","[-243, 209]","[-93, -241]","[57, -241]","[207, -241]","[100, 100]","[-93, -91]","[57, -91]","[207, -91]","[-243, -241]",1,8,"[100, 100]","[100, 100]",tray,01.png,00.png,33.png,34.png,00.png,00.png,00.png,m,"[100, 100]","[100, 100]","[100, 100]","[100, 100]","[100, 100]","[100, 100]","[100, 100]","[100, 100]","[100, 100]","[100, 100]","[100, 100]","[0, -375]",ok.png,"[100, 100]","[100, 100]",5,1,1,1,1,0,0,0,0,0,0,0,0.905555903912,0.9055559039115906,0,-260,-260,51,51,1,1,0,0,0,0,0,0,0,0.510494470596,0.5104944705963135,0,-7,-7,-397,-397,397
01.png,34.png,00.png,00.png,04.png,tray1.png,00.png,00.png,06.png,"[-210, -60]","[240, 90]","[150, 100]","[-60, 90]","[90, 90]","[240, 240]","[-210, 90]","[-60, 240]","[90, 240]","[-210, 240]","[-60, -210]","[90, -210]","[240, -210]","[100, 100]","[-60, -60]","[90, -60]","[240, -60]","[-210, -210]",1,8,"[100, 100]","[100, 100]",tray,00.png,17.png,15.png,00.png,00.png,23.png,00.png,m,"[100, 100]","[100, 100]","[100, 100]","[100, 100]","[100, 100]","[100, 100]","[100, 100]","[100, 100]","[100, 100]","[100, 100]","[100, 100]","[0, -375]",ok.png,"[100, 100]","[100, 100]",6,1,1,1,1,0,0,0,0,0,0,0,0.766904056072,0.7669040560722351,0,-56,-56,96,96,1,1,0,0,0,0,0,0,0,1.11977899075,1.119778990745544,0,13,13,-416,-416,189
00.png,00.png,00.png,00.png,07.png,03.png,tray1.png,25.png,00.png,"[-227, -84]","[223, 66]","[150, 100]","[-77, 66]","[73, 66]","[223, 216]","[-227, 66]","[-77, 216]","[73, 216]","[-227, 216]","[-77, -234]","[73, -234]","[223, -234]","[100, 100]","[-77, -84]","[73, -84]","[223, -84]","[-227, -234]",1,8,"[100, 100]","[100, 100]",tray,00.png,06.png,00.png,00.png,14.png,22.png,09.png,m,"[100, 100]","[100, 100]","[100, 100]","[100, 100]","[100, 100]","[100, 100]","[100, 100]","[100, 100]","[100, 100]","[100, 100]","[100, 100]","[0, -375]",ok.png,"[100, 100]","[100, 100]",7,1,1,1,1,0,0,0,0,0,0,0,0.779811143875,0.7798111438751221,0,57,57,62,62,1,1,0,0,0,0,0,0,0,0.620777606964,0.6207776069641113,0,-30,-30,-384,-384,47
00.png,05.png,33.png,07.png,00.png,00.png,27.png,tray1.png,00.png,"[-237, -98]","[213, 52]","[150, 100]","[-87, 52]","[63, 52]","[213, 202]","[-237, 52]","[-87, 202]","[63, 202]","[-237, 202]","[-87, -248]","[63, -248]","[213, -248]","[100, 100]","[-87, -98]","[63, -98]","[213, -98]","[-237, -248]",1,8,"[100, 100]","[100, 100]",tray,31.png,00.png,17.png,30.png,00.png,00.png,00.png,m,"[100, 100]","[100, 100]","[100, 100]","[100, 100]","[100, 100]","[100, 100]","[100, 100]","[100, 100]","[100, 100]","[100, 100]","[100, 100]","[0, -375]",ok.png,"[100, 100]","[100, 100]",8,1,1,1,1,0,0,0,0,0,0,0,0.917952895164,0.9179528951644896,0,189,189,33,33,1,1,0,0,0,0,0,0,0,0.544833183289,0.5448331832885742,0,-18,-18,-406,-406,339
00.png,00.png,00.png,00.png,00.png,00.png,00.png,00.png,tray1.png,"[-229, -93]","[221, 57]","[150, 100]","[-79, 57]","[71, 57]","[221, 207]","[-229, 57]","[-79, 207]","[71, 207]","[-229, 207]","[-79, -243]","[71, -243]","[221, -243]","[100, 100]","[-79, -93]","[71, -93]","[221, -93]","[-229, -243]",1,8,"[100, 100]","[100, 100]",tray,27.png,21.png,29.png,23.png,33.png,25.png,31.png,m,"[100, 100]","[100, 100]","[100, 100]","[100, 100]","[100, 100]","[100, 100]","[100, 100]","[100, 100]","[100, 100]","[100, 100]","[100, 100]","[0, -375]",ok.png,"[100, 100]","[100, 100]",9,1,1,1,1,0,0,0,0,0,0,0,1.82128572464,1.821285724639893,0,-194,-194,-103,-103,1,1,0,0,0,0,0,0,0,0.482741504908,0.482741504907608,0,-24,-24,-375,-375,340
00.png,00.png,00.png,00.png,14.png,16.png,18.png,20.png,22.png,"[-234, -79]","[216, 71]","[150, 100]","[-84, 71]","[66, 71]","[216, 221]","[-234, 71]","[-84, 221]","[66, 221]","[-234, 221]","[-84, -229]","[66, -229]","[216, -229]","[100, 100]","[-84, -79]","[66, -79]","[216, -79]","[-234, -229]",1,8,"[100, 100]","[100, 100]",tray,26.png,00.png,tray1.png,24.png,00.png,00.png,00.png,m,"[100, 100]","[100, 100]","[100, 100]","[100, 100]","[100, 100]","[100, 100]","[100, 100]","[100, 100]","[100, 100]","[100, 100]","[100, 100]","[0, -375]",ok.png,"[100, 100]","[100, 100]",10,1,1,1,1,0,0,0,0,0,0,0,0.672395646572,0.672395646572113,0,-81,-81,-72,-72,1,1,0,0,0,0,0,0,0,0.884442090988,0.8844420909881592,0,-2,-2,-401,-401,225
00.png,00.png,00.png,00.png,13.png,10.png,00.png,00.png,16.png,"[-207, -53]","[243, 97]","[150, 100]","[-57, 97]","[93, 97]","[243, 247]","[-207, 97]","[-57, 247]","[93, 247]","[-207, 247]","[-57, -203]","[93, -203]","[243, -203]","[100, 100]","[-57, -53]","[93, -53]","[243, -53]","[-207, -203]",1,8,"[100, 100]","[100, 100]",tray,21.png,24.png,19.png,tray1.png,00.png,27.png,00.png,m,"[100, 100]","[100, 100]","[100, 100]","[100, 100]","[100, 100]","[100, 100]","[100, 100]","[100, 100]","[100, 100]","[100, 100]","[100, 100]","[0, -375]",ok.png,"[100, 100]","[100, 100]",11,1,1,1,1,0,0,0,0,0,0,0,1.66885745525,1.668857455253601,0,77,77,-73,-73,1,1,0,0,0,0,0,0,0,0.393478810787,0.393478810787201,0,1,1,-408,-408,82
10.png,15.png,20.png,25.png,00.png,00.png,00.png,00.png,21.png,"[-230, -67]","[220, 83]","[150, 100]","[-80, 83]","[70, 83]","[220, 233]","[-230, 83]","[-80, 233]","[70, 233]","[-230, 233]","[-80, -217]","[70, -217]","[220, -217]","[100, 100]","[-80, -67]","[70, -67]","[220, -67]","[-230, -217]",1,8,"[100, 100]","[100, 100]",tray,tray1.png,00.png,16.png,11.png,00.png,00.png,00.png,m,"[100, 100]","[100, 100]","[100, 100]","[100, 100]","[100, 100]","[100, 100]","[100, 100]","[100, 100]","[100, 100]","[100, 100]","[100, 100]","[0, -375]",ok.png,"[100, 100]","[100, 100]",12,1,1,1,1,0,0,0,0,0,0,0,1.36588764191,1.365887641906738,0,219,219,-66,-66,1,1,0,0,0,0,0,0,0,0.437756419182,0.4377564191818237,0,-40,-40,-427,-427,240
00.png,00.png,00.png,00.png,00.png,00.png,00.png,00.png,03.png,"[-201, -84]","[249, 66]","[150, 100]","[-51, 66]","[99, 66]","[249, 216]","[-201, 66]","[-51, 216]","[99, 216]","[-201, 216]","[-51, -234]","[99, -234]","[249, -234]","[100, 100]","[-51, -84]","[99, -84]","[249, -84]","[-201, -234]",1,8,"[100, 100]","[100, 100]",tray,08.png,tray1.png,01.png,07.png,04.png,05.png,02.png,m,"[100, 100]","[100, 100]","[100, 100]","[100, 100]","[100, 100]","[100, 100]","[100, 100]","[100, 100]","[100, 100]","[100, 100]","[100, 100]","[0, -375]",ok.png,"[100, 100]","[100, 100]",13,1,1,1,1,0,0,0,0,0,0,0,1.15894806385,1.158948063850403,0,-206,-206,-254,-254,1,1,0,0,0,0,0,0,0,0.559092998505,0.5590929985046387,0,-46,-46,-383,-383,253
29.png,00.png,00.png,16.png,00.png,00.png,33.png,08.png,13.png,"[-246, -76]","[204, 74]","[150, 100]","[-96, 74]","[54, 74]","[204, 224]","[-246, 74]","[-96, 224]","[54, 224]","[-246, 224]","[-96, -226]","[54, -226]","[204, -226]","[100, 100]","[-96, -76]","[54, -76]","[204, -76]","[-246, -226]",1,8,"[100, 100]","[100, 100]",tray,00.png,23.png,00.png,00.png,00.png,tray1.png,12.png,m,"[100, 100]","[100, 100]","[100, 100]","[100, 100]","[100, 100]","[100, 100]","[100, 100]","[100, 100]","[100, 100]","[100, 100]","[100, 100]","[0, -375]",ok.png,"[100, 100]","[100, 100]",14,1,1,1,1,0,0,0,0,0,0,0,1.2762503624,1.27625036239624,0,-82,-82,-239,-239,1,1,0,0,0,0,0,0,0,0.45316028595,0.453160285949707,0,-1,-1,-407,-407,343
00.png,00.png,00.png,00.png,00.png,00.png,00.png,33.png,27.png,"[-212, -68]","[238, 82]","[150, 100]","[-62, 82]","[88, 82]","[238, 232]","[-212, 82]","[-62, 232]","[88, 232]","[-212, 232]","[-62, -218]","[88, -218]","[238, -218]","[100, 100]","[-62, -68]","[88, -68]","[238, -68]","[-212, -218]",1,8,"[100, 100]","[100, 100]",tray,13.png,07.png,23.png,17.png,00.png,03.png,tray1.png,m,"[100, 100]","[100, 100]","[100, 100]","[100, 100]","[100, 100]","[100, 100]","[100, 100]","[100, 100]","[100, 100]","[100, 100]","[100, 100]","[0, -375]",ok.png,"[100, 100]","[100, 100]",15,1,1,1,1,0,0,0,0,0,0,0,0.925885260105,0.9258852601051332,0,92,92,-239,-239,1,1,0,0,0,0,0,0,0,0.525466263294,0.52546626329422,0,2,2,-411,-411,205
04.png,20.png,30.png,02.png,00.png,00.png,00.png,00.png,00.png,"[-203, -70]","[247, 80]","[150, 100]","[-53, 80]","[97, 80]","[247, 230]","[-203, 80]","[-53, 230]","[97, 230]","[-203, 230]","[-53, -220]","[97, -220]","[247, -220]","[100, 100]","[-53, -70]","[97, -70]","[247, -70]","[-203, -220]",1,8,"[100, 100]","[100, 100]",tray,00.png,14.png,00.png,00.png,tray1.png,07.png,17.png,m,"[100, 100]","[100, 100]","[100, 100]","[100, 100]","[100, 100]","[100, 100]","[100, 100]","[100, 100]","[100, 100]","[100, 100]","[100, 100]","[0, -375]",ok.png,"[100, 100]","[100, 100]",16,1,1,1,1,0,0,0,0,0,0,0,1.21682620049,1.216826200485229,0,278,278,-236,-236,1,1,0,0,0,0,0,0,0,0.35694745183,0.3569474518299103,0,24,24,-388,-388,384
00.png,19.png,29.png,00.png,00.png,02.png,32.png,00.png,00.png,"[-211, -83]","[239, 67]","[150, 100]","[-61, 67]","[89, 67]","[239, 217]","[-211, 67]","[-61, 217]","[89, 217]","[-211, 217]","[-61, -233]","[89, -233]","[239, -233]","[100, 100]","[-61, -83]","[89, -83]","[239, -83]","[-211, -233]",1,8,"[100, 100]","[100, 100]",tray,00.png,00.png,22.png,16.png,00.png,04.png,tray1.png,m,"[100, 100]","[100, 100]","[100, 100]","[100, 100]","[100, 100]","[100, 100]","[100, 100]","[100, 100]","[100, 100]","[100, 100]","[100, 100]","[0, -375]",ok.png,"[100, 100]","[100, 100]",17,1,1,1,1,0,0,0,0,0,0,0,1.26103198528,1.261031985282898,0,82,82,-241,-241,1,1,0,0,0,0,0,0,0,0.328186273575,0.3281862735748291,0,14,14,-376,-376,196
00.png,00.png,00.png,05.png,21.png,00.png,00.png,00.png,00.png,"[-223, -73]","[227, 77]","[150, 100]","[-73, 77]","[77, 77]","[227, 227]","[-223, 77]","[-73, 227]","[77, 227]","[-223, 227]","[-73, -223]","[77, -223]","[227, -223]","[100, 100]","[-73, -73]","[77, -73]","[227, -73]","[-223, -223]",1,8,"[100, 100]","[100, 100]",tray,25.png,03.png,27.png,28.png,00.png,tray1.png,08.png,m,"[100, 100]","[100, 100]","[100, 100]","[100, 100]","[100, 100]","[100, 100]","[100, 100]","[100, 100]","[100, 100]","[100, 100]","[100, 100]","[0, -375]",ok.png,"[100, 100]","[100, 100]",18,1,1,1,1,0,0,0,0,0,0,0,0.932029724121,0.93202972412109375,0,-76,-76,-240,-240,1,1,0,0,0,0,0,0,0,0.655847728252,0.6558477282524109,0,-7,-7,-390,-390,435
06.png,00.png,15.png,17.png,00.png,00.png,16.png,00.png,00.png,"[-247, -51]","[203, 99]","[150, 100]","[-97, 99]","[53, 99]","[203, 249]","[-247, 99]","[-97, 249]","[53, 249]","[-247, 249]","[-97, -201]","[53, -201]","[203, -201]","[100, 100]","[-97, -51]","[53, -51]","[203, -51]","[-247, -201]",1,8,"[100, 100]","[100, 100]",tray,23.png,tray1.png,09.png,00.png,00.png,00.png,07.png,m,"[100, 100]","[100, 100]","[100, 100]","[100, 100]","[100, 100]","[100, 100]","[100, 100]","[100, 100]","[100, 100]","[100, 100]","[100, 100]","[0, -375]",ok.png,"[100, 100]","[100, 100]",19,1,1,1,1,0,0,0,0,0,0,0,1.27759313583,1.27759313583374,0,-238,-238,-214,-214,1,1,0,0,0,0,0,0,0,0.68980878591499994,0.6898087859153748,0,2,2,-372,-372,264
00.png,11.png,00.png,00.png,12.png,00.png,00.png,34.png,00.png,"[-208, -90]","[242, 60]","[150, 100]","[-58, 60]","[92, 60]","[242, 210]","[-208, 60]","[-58, 210]","[92, 210]","[-208, 210]","[-58, -240]","[92, -240]","[242, -240]","[100, 100]","[-58, -90]","[92, -90]","[242, -90]","[-208, -240]",1,8,"[100, 100]","[100, 100]",tray,tray1.png,31.png,30.png,08.png,00.png,00.png,32.png,m,"[100, 100]","[100, 100]","[100, 100]","[100, 100]","[100, 100]","[100, 100]","[100, 100]","[100, 100]","[100, 100]","[100, 100]","[100, 100]","[0, -375]",ok.png,"[100, 100]","[100, 100]",20,1,1,1,1,0,0,0,0,0,0,0,0.890726804733,0.8907268047332764,0,253,253,-97,-97,1,1,0,0,0,0,0,0,0,0.41498914361,0.4149891436100006,0,15,15,-377,-377,188
00.png,00.png,00.png,00.png,00.png,00.png,24.png,27.png,07.png,"[-216, -95]","[234, 55]","[150, 100]","[-66, 55]","[84, 55]","[234, 205]","[-216, 55]","[-66, 205]","[84, 205]","[-216, 205]","[-66, -245]","[84, -245]","[234, -245]","[100, 100]","[-66, -95]","[84, -95]","[234, -95]","[-216, -245]",1,8,"[100, 100]","[100, 100]",tray,10.png,13.png,09.png,tray1.png,00.png,16.png,00.png,m,"[100, 100]","[100, 100]","[100, 100]","[100, 100]","[100, 100]","[100, 100]","[100, 100]","[100, 100]","[100, 100]","[100, 100]","[100, 100]","[0, -375]",ok.png,"[100, 100]","[100, 100]",21,1,1,1,1,0,0,0,0,0,0,0,1.90323603153,1.903236031532288,0,102,102,-92,-92,1,1,0,0,0,0,0,0,0,0.391809284687,0.3918092846870422,0,-48,-48,-394,-394,79
00.png,00.png,25.png,00.png,33.png,00.png,05.png,00.png,01.png,"[-204, -92]","[246, 58]","[150, 100]","[-54, 58]","[96, 58]","[246, 208]","[-204, 58]","[-54, 208]","[96, 208]","[-204, 208]","[-54, -242]","[96, -242]","[246, -242]","[100, 100]","[-54, -92]","[96, -92]","[246, -92]","[-204, -242]",1,8,"[100, 100]","[100, 100]",tray,10.png,00.png,tray1.png,00.png,30.png,20.png,00.png,m,"[100, 100]","[100, 100]","[100, 100]","[100, 100]","[100, 100]","[100, 100]","[100, 100]","[100, 100]","[100, 100]","[100, 100]","[100, 100]","[0, -375]",ok.png,"[100, 100]","[100, 100]",22,1,1,1,1,0,0,0,0,0,0,0,0.731949865818,0.7319498658180237,0,-61,-61,-93,-93,1,1,0,0,0,0,0,0,0,0.904381096363,0.9043810963630676,0,-1,-1,-373,-373,144
00.png,00.png,00.png,18.png,00.png,14.png,00.png,09.png,tray1.png,"[-214, -81]","[236, 69]","[150, 100]","[-64, 69]","[86, 69]","[236, 219]","[-214, 69]","[-64, 219]","[86, 219]","[-214, 219]","[-64, -231]","[86, -231]","[236, -231]","[100, 100]","[-64, -81]","[86, -81]","[236, -81]","[-214, -231]",1,8,"[100, 100]","[100, 100]",tray,00.png,26.png,02.png,04.png,00.png,24.png,00.png,m,"[100, 100]","[100, 100]","[100, 100]","[100, 100]","[100, 100]","[100, 100]","[100, 100]","[100, 100]","[100, 100]","[100, 100]","[100, 100]","[0, -375]",ok.png,"[100, 100]","[100, 100]",23,1,1,1,1,0,0,0,0,0,0,0,1.33879363537,1.338793635368347,0,-218,-218,-84,-84,1,1,0,0,0,0,0,0,0,0.752617895603,0.7526178956031799,0,-4,-4,-361,-361,44
00.png,14.png,00.png,00.png,11.png,07.png,00.png,tray1.png,18.png,"[-216, -66]","[234, 84]","[150, 100]","[-66, 84]","[84, 84]","[234, 234]","[-216, 84]","[-66, 234]","[84, 234]","[-216, 234]","[-66, -216]","[84, -216]","[234, -216]","[100, 100]","[-66, -66]","[84, -66]","[234, -66]","[-216, -216]",1,8,"[100, 100]","[100, 100]",tray,30.png,09.png,00.png,00.png,19.png,00.png,00.png,m,"[100, 100]","[100, 100]","[100, 100]","[100, 100]","[100, 100]","[100, 100]","[100, 100]","[100, 100]","[100, 100]","[100, 100]","[100, 100]","[0, -375]",ok.png,"[100, 100]","[100, 100]",24,1,1,1,1,0,0,0,0,0,0,0,0.996826827526,0.9968268275260924,0,231,231,95,95,1,1,0,0,0,0,0,0,0,0.637247145176,0.6372471451759338,0,21,21,-364,-364,191
31.png,00.png,13.png,00.png,23.png,00.png,tray1.png,00.png,33.png,"[-212, -59]","[238, 91]","[150, 100]","[-62, 91]","[88, 91]","[238, 241]","[-212, 91]","[-62, 241]","[88, 241]","[-212, 241]","[-62, -209]","[88, -209]","[238, -209]","[100, 100]","[-62, -59]","[88, -59]","[238, -59]","[-212, -209]",1,8,"[100, 100]","[100, 100]",tray,00.png,19.png,00.png,14.png,00.png,00.png,29.png,m,"[100, 100]","[100, 100]","[100, 100]","[100, 100]","[100, 100]","[100, 100]","[100, 100]","[100, 100]","[100, 100]","[100, 100]","[100, 100]","[0, -375]",ok.png,"[100, 100]","[100, 100]",25,1,1,1,1,0,0,0,0,0,0,0,1.49305331707,1.493053317070007,0,92,92,108,108,1,1,0,0,0,0,0,0,0,1.52529382706,1.525293827056885,0,-13,-13,-353,-353,21
00.png,00.png,00.png,00.png,00.png,00.png,00.png,00.png,07.png,"[-238, -51]","[212, 99]","[150, 100]","[-88, 99]","[62, 99]","[212, 249]","[-238, 99]","[-88, 249]","[62, 249]","[-238, 249]","[-88, -201]","[62, -201]","[212, -201]","[100, 100]","[-88, -51]","[62, -51]","[212, -51]","[-238, -201]",1,8,"[100, 100]","[100, 100]",tray,04.png,03.png,06.png,05.png,tray2.png,02.png,01.png,m,"[100, 100]","[100, 100]","[100, 100]","[100, 100]","[100, 100]","[100, 100]","[100, 100]","[100, 100]","[100, 100]","[100, 100]","[100, 100]","[0, -375]",ok.png,"[100, 100]","[100, 100]",26,1,1,1,1,0,0,0,0,0,0,0,1.01165938377,1.011659383773804,0,195,195,-174,-174,1,1,0,0,0,0,0,0,0,0.342239111662,0.342239111661911,0,24,24,-397,-397,103
00.png,00.png,00.png,00.png,00.png,00.png,14.png,00.png,13.png,"[-241, -87]","[209, 63]","[150, 100]","[-91, 63]","[59, 63]","[209, 213]","[-241, 63]","[-91, 213]","[59, 213]","[-241, 213]","[-91, -237]","[59, -237]","[209, -237]","[100, 100]","[-91, -87]","[59, -87]","[209, -87]","[-241, -237]",1,8,"[100, 100]","[100, 100]",tray,10.png,00.png,12.png,11.png,08.png,09.png,tray2.png,m,"[100, 100]","[100, 100]","[100, 100]","[100, 100]","[100, 100]","[100, 100]","[100, 100]","[100, 100]","[100, 100]","[100, 100]","[100, 100]","[0, -375]",ok.png,"[100, 100]","[100, 100]",27,1,1,1,1,0,0,0,0,0,0,0,1.18006765842,1.180067658424377,0,64,64,-247,-247,1,1,0,0,0,0,0,0,0,0.327219456434,0.3272194564342499,0,-31,-31,-400,-400,106
00.png,00.png,00.png,00.png,00.png,00.png,21.png,20.png,19.png,"[-240, -84]","[210, 66]","[150, 100]","[-90, 66]","[60, 66]","[210, 216]","[-240, 66]","[-90, 216]","[60, 216]","[-240, 216]","[-90, -234]","[60, -234]","[210, -234]","[100, 100]","[-90, -84]","[60, -84]","[210, -84]","[-240, -234]",1,8,"[100, 100]","[100, 100]",tray,16.png,15.png,18.png,17.png,00.png,tray2.png,00.png,m,"[100, 100]","[100, 100]","[100, 100]","[100, 100]","[100, 100]","[100, 100]","[100, 100]","[100, 100]","[100, 100]","[100, 100]","[100, 100]","[0, -375]",ok.png,"[100, 100]","[100, 100]",28,1,1,1,1,0,0,0,0,0,0,0,0.994952023029,0.9949520230293274,0,-83,-83,-258,-258,1,1,0,0,0,0,0,0,0,0.529168665409,0.5291686654090881,0,-17,-17,-378,-378,62
00.png,00.png,00.png,00.png,00.png,00.png,31.png,27.png,26.png,"[-226, -82]","[224, 68]","[150, 100]","[-76, 68]","[74, 68]","[224, 218]","[-226, 68]","[-76, 218]","[74, 218]","[-226, 218]","[-76, -232]","[74, -232]","[224, -232]","[100, 100]","[-76, -82]","[74, -82]","[224, -82]","[-226, -232]",1,8,"[100, 100]","[100, 100]",tray,00.png,tray2.png,28.png,00.png,22.png,24.png,23.png,m,"[100, 100]","[100, 100]","[100, 100]","[100, 100]","[100, 100]","[100, 100]","[100, 100]","[100, 100]","[100, 100]","[100, 100]","[100, 100]","[0, -375]",ok.png,"[100, 100]","[100, 100]",29,1,1,1,1,0,0,0,0,0,0,0,1.52359139919,1.52359139919281,0,62,62,-234,-234,1,1,0,0,0,0,0,0,0,0.28384539485,0.2838453948497772,0,-142,-142,-259,-259,303
00.png,00.png,00.png,00.png,01.png,34.png,33.png,32.png,31.png,"[-236, -64]","[214, 86]","[150, 100]","[-86, 86]","[64, 86]","[214, 236]","[-236, 86]","[-86, 236]","[64, 236]","[-236, 236]","[-86, -214]","[64, -214]","[214, -214]","[100, 100]","[-86, -64]","[64, -64]","[214, -64]","[-236, -214]",1,8,"[100, 100]","[100, 100]",tray,tray2.png,00.png,30.png,29.png,00.png,00.png,00.png,m,"[100, 100]","[100, 100]","[100, 100]","[100, 100]","[100, 100]","[100, 100]","[100, 100]","[100, 100]","[100, 100]","[100, 100]","[100, 100]","[0, -375]",ok.png,"[100, 100]","[100, 100]",30,1,1,1,1,0,0,0,0,0,0,0,0.797078847885,0.7970788478851318,0,253,253,-62,-62,1,1,0,0,0,0,0,0,0,0.370962679386,0.3709626793861389,0,-8,-8,-413,-413,151
00.png,00.png,23.png,17.png,00.png,00.png,15.png,06.png,00.png,"[-218, -71]","[232, 79]","[150, 100]","[-68, 79]","[82, 79]","[232, 229]","[-218, 79]","[-68, 229]","[82, 229]","[-218, 229]","[-68, -221]","[82, -221]","[232, -221]","[100, 100]","[-68, -71]","[82, -71]","[232, -71]","[-218, -221]",1,8,"[100, 100]","[100, 100]",tray,04.png,00.png,00.png,tray2.png,01.png,00.png,34.png,m,"[100, 100]","[100, 100]","[100, 100]","[100, 100]","[100, 100]","[100, 100]","[100, 100]","[100, 100]","[100, 100]","[100, 100]","[100, 100]","[0, -375]",ok.png,"[100, 100]","[100, 100]",31,1,1,1,1,0,0,0,0,0,0,0,1.16185677052,1.161856770515442,0,88,88,-75,-75,1,1,0,0,0,0,0,0,0,1.01775491238,1.017754912376404,0,-1,-1,-381,-381,313
14.png,09.png,22.png,06.png,00.png,00.png,00.png,00.png,25.png,"[-208, -82]","[242, 68]","[150, 100]","[-58, 68]","[92, 68]","[242, 218]","[-208, 68]","[-58, 218]","[92, 218]","[-208, 218]","[-58, -232]","[92, -232]","[242, -232]","[100, 100]","[-58, -82]","[92, -82]","[242, -82]","[-208, -232]",1,8,"[100, 100]","[100, 100]",tray,07.png,00.png,tray2.png,03.png,00.png,00.png,00.png,m,"[100, 100]","[100, 100]","[100, 100]","[100, 100]","[100, 100]","[100, 100]","[100, 100]","[100, 100]","[100, 100]","[100, 100]","[100, 100]","[0, -375]",ok.png,"[100, 100]","[100, 100]",32,1,1,1,1,0,0,0,0,0,0,0,0.920567750931,0.920567750930786,0,-67,-67,-90,-90,1,1,0,0,0,0,0,0,0,2.65108132362,2.651081323623657,0,11,11,-409,-409,12
00.png,00.png,00.png,00.png,31.png,30.png,17.png,00.png,tray2.png,"[-205, -50]","[245, 100]","[150, 100]","[-55, 100]","[95, 100]","[245, 250]","[-205, 100]","[-55, 250]","[95, 250]","[-205, 250]","[-55, -200]","[95, -200]","[245, -200]","[100, 100]","[-55, -50]","[95, -50]","[245, -50]","[-205, -200]",1,8,"[100, 100]","[100, 100]",tray,00.png,07.png,27.png,00.png,00.png,33.png,05.png,m,"[100, 100]","[100, 100]","[100, 100]","[100, 100]","[100, 100]","[100, 100]","[100, 100]","[100, 100]","[100, 100]","[100, 100]","[100, 100]","[0, -375]",ok.png,"[100, 100]","[100, 100]",33,1,1,1,1,0,0,0,0,0,0,0,1.27609705925,1.276097059249878,0,-1,-1,-360,-360,1,1,0,0,0,0,0,0,0,1.77899515629,1.778995156288147,0,-210,-210,-60,-60,175
33.png,31.png,25.png,21.png,27.png,23.png,29.png,tray2.png,00.png,"[-202, -93]","[248, 57]","[150, 100]","[-52, 57]","[98, 57]","[248, 207]","[-202, 57]","[-52, 207]","[98, 207]","[-202, 207]","[-52, -243]","[98, -243]","[248, -243]","[100, 100]","[-52, -93]","[98, -93]","[248, -93]","[-202, -243]",1,8,"[100, 100]","[100, 100]",tray,00.png,00.png,00.png,00.png,00.png,00.png,00.png,m,"[100, 100]","[100, 100]","[100, 100]","[100, 100]","[100, 100]","[100, 100]","[100, 100]","[100, 100]","[100, 100]","[100, 100]","[100, 100]","[0, -375]",ok.png,"[100, 100]","[100, 100]",34,1,1,1,1,0,0,0,0,0,0,0,0.95053899288199994,0.9505389928817748,0,253,253,64,64,1,1,0,0,0,0,0,0,0,0.606064796448,0.6060647964477539,0,-12,-12,-382,-382,274
00.png,00.png,00.png,00.png,26.png,24.png,tray2.png,22.png,20.png,"[-219, -59]","[231, 91]","[150, 100]","[-69, 91]","[81, 91]","[231, 241]","[-219, 91]","[-69, 241]","[81, 241]","[-219, 241]","[-69, -209]","[81, -209]","[231, -209]","[100, 100]","[-69, -59]","[81, -59]","[231, -59]","[-219, -209]",1,8,"[100, 100]","[100, 100]",tray,14.png,00.png,18.png,16.png,00.png,00.png,00.png,m,"[100, 100]","[100, 100]","[100, 100]","[100, 100]","[100, 100]","[100, 100]","[100, 100]","[100, 100]","[100, 100]","[100, 100]","[100, 100]","[0, -375]",ok.png,"[100, 100]","[100, 100]",35,1,1,1,1,0,0,0,0,0,0,0,0.856537938118,0.856537938117981,0,78,78,84,84,1,1,0,0,0,0,0,0,0,0.546704590321,0.5467045903205872,0,11,11,-359,-359,382
00.png,00.png,27.png,24.png,21.png,tray2.png,19.png,16.png,00.png,"[-208, -95]","[242, 55]","[150, 100]","[-58, 55]","[92, 55]","[242, 205]","[-208, 55]","[-58, 205]","[92, 205]","[-208, 205]","[-58, -245]","[92, -245]","[242, -245]","[100, 100]","[-58, -95]","[92, -95]","[242, -95]","[-208, -245]",1,8,"[100, 100]","[100, 100]",tray,13.png,00.png,00.png,10.png,00.png,00.png,00.png,m,"[100, 100]","[100, 100]","[100, 100]","[100, 100]","[100, 100]","[100, 100]","[100, 100]","[100, 100]","[100, 100]","[100, 100]","[100, 100]","[0, -375]",ok.png,"[100, 100]","[100, 100]",36,1,1,1,1,0,0,0,0,0,0,0,2.29149389267,2.291493892669678,0,-18,-18,69,69,1,1,0,0,0,0,0,0,0,1.46066021919,1.460660219192505,0,32,32,-398,-398,26
00.png,00.png,00.png,00.png,tray2.png,11.png,16.png,21.png,00.png,"[-231, -53]","[219, 97]","[150, 100]","[-81, 97]","[69, 97]","[219, 247]","[-231, 97]","[-81, 247]","[69, 247]","[-231, 247]","[-81, -203]","[69, -203]","[219, -203]","[100, 100]","[-81, -53]","[69, -53]","[219, -53]","[-231, -203]",1,8,"[100, 100]","[100, 100]",tray,00.png,25.png,00.png,00.png,10.png,20.png,15.png,m,"[100, 100]","[100, 100]","[100, 100]","[100, 100]","[100, 100]","[100, 100]","[100, 100]","[100, 100]","[100, 100]","[100, 100]","[100, 100]","[0, -375]",ok.png,"[100, 100]","[100, 100]",37,1,1,1,1,0,0,0,0,0,0,0,1.13476169109,1.134761691093445,0,-251,-251,99,99,1,1,0,0,0,0,0,0,0,0.941114664078,0.9411146640777588,0,12,12,-377,-377,425
04.png,02.png,05.png,tray2.png,08.png,07.png,01.png,03.png,00.png,"[-245, -52]","[205, 98]","[150, 100]","[-95, 98]","[55, 98]","[205, 248]","[-245, 98]","[-95, 248]","[55, 248]","[-245, 248]","[-95, -202]","[55, -202]","[205, -202]","[100, 100]","[-95, -52]","[55, -52]","[205, -52]","[-245, -202]",1,8,"[100, 100]","[100, 100]",tray,00.png,00.png,00.png,00.png,00.png,00.png,00.png,m,"[100, 100]","[100, 100]","[100, 100]","[100, 100]","[100, 100]","[100, 100]","[100, 100]","[100, 100]","[100, 100]","[100, 100]","[100, 100]","[0, -375]",ok.png,"[100, 100]","[100, 100]",38,1,1,1,1,0,0,0,0,0,0,0,0.967450916767,0.9674509167671204,0,239,239,255,255,1,1,0,0,0,0,0,0,0,0.746508359909,0.7465083599090576,0,-31,-31,-334,-334,352
00.png,12.png,tray2.png,23.png,00.png,00.png,00.png,13.png,08.png,"[-231, -91]","[219, 59]","[150, 100]","[-81, 59]","[69, 59]","[219, 209]","[-231, 59]","[-81, 209]","[69, 209]","[-231, 209]","[-81, -241]","[69, -241]","[219, -241]","[100, 100]","[-81, -91]","[69, -91]","[219, -91]","[-231, -241]",1,8,"[100, 100]","[100, 100]",tray,00.png,16.png,33.png,00.png,29.png,00.png,00.png,m,"[100, 100]","[100, 100]","[100, 100]","[100, 100]","[100, 100]","[100, 100]","[100, 100]","[100, 100]","[100, 100]","[100, 100]","[100, 100]","[0, -375]",ok.png,"[100, 100]","[100, 100]",39,1,1,1,1,0,0,0,0,0,0,0,0.763123631477,0.763123631477356,0,58,58,222,222,1,1,0,0,0,0,0,0,0,1.17955374718,1.179553747177124,0,19,19,-395,-395,393
00.png,tray2.png,03.png,07.png,13.png,17.png,23.png,27.png,33.png,"[-213, -82]","[237, 68]","[150, 100]","[-63, 68]","[87, 68]","[237, 218]","[-213, 68]","[-63, 218]","[87, 218]","[-213, 218]","[-63, -232]","[87, -232]","[237, -232]","[100, 100]","[-63, -82]","[87, -82]","[237, -82]","[-213, -232]",1,8,"[100, 100]","[100, 100]",tray,00.png,00.png,00.png,00.png,00.png,00.png,00.png,m,"[100, 100]","[100, 100]","[100, 100]","[100, 100]","[100, 100]","[100, 100]","[100, 100]","[100, 100]","[100, 100]","[100, 100]","[100, 100]","[0, -375]",ok.png,"[100, 100]","[100, 100]",40,1,1,1,1,0,0,0,0,0,0,0,0.990444660187,0.9904446601867676,0,-49,-49,219,219,1,1,0,0,0,0,0,0,0,0.779433786869,0.7794337868690491,0,-15,-15,-324,-324,250
tray2.png,17.png,07.png,14.png,00.png,00.png,00.png,00.png,00.png,"[-201, -82]","[249, 68]","[150, 100]","[-51, 68]","[99, 68]","[249, 218]","[-201, 68]","[-51, 218]","[99, 218]","[-201, 218]","[-51, -232]","[99, -232]","[249, -232]","[100, 100]","[-51, -82]","[99, -82]","[249, -82]","[-201, -232]",1,8,"[100, 100]","[100, 100]",tray,00.png,02.png,00.png,00.png,04.png,30.png,20.png,m,"[100, 100]","[100, 100]","[100, 100]","[100, 100]","[100, 100]","[100, 100]","[100, 100]","[100, 100]","[100, 100]","[100, 100]","[100, 100]","[0, -375]",ok.png,"[100, 100]","[100, 100]",41,1,1,1,1,0,0,0,0,0,0,0,0.825638890266,0.8256388902664185,0,-208,-208,224,224,1,1,0,0,0,0,0,0,0,0.923545837402,0.9235458374023436,0,15,15,-384,-384,201
00.png,tray2.png,04.png,00.png,00.png,16.png,22.png,00.png,00.png,"[-207, -50]","[243, 100]","[150, 100]","[-57, 100]","[93, 100]","[243, 250]","[-207, 100]","[-57, 250]","[93, 250]","[-207, 250]","[-57, -200]","[93, -200]","[243, -200]","[100, 100]","[-57, -50]","[93, -50]","[243, -50]","[-207, -200]",1,8,"[100, 100]","[100, 100]",tray,00.png,00.png,32.png,02.png,00.png,29.png,19.png,m,"[100, 100]","[100, 100]","[100, 100]","[100, 100]","[100, 100]","[100, 100]","[100, 100]","[100, 100]","[100, 100]","[100, 100]","[100, 100]","[0, -375]",ok.png,"[100, 100]","[100, 100]",42,1,1,1,1,0,0,0,0,0,0,0,1.07780480385,1.077804803848267,0,-64,-64,263,263,1,1,0,0,0,0,0,0,0,0.605016231537,0.6050162315368652,0,33,33,-382,-382,104
00.png,08.png,tray2.png,03.png,25.png,28.png,27.png,00.png,00.png,"[-227, -53]","[223, 97]","[150, 100]","[-77, 97]","[73, 97]","[223, 247]","[-227, 97]","[-77, 247]","[73, 247]","[-227, 247]","[-77, -203]","[73, -203]","[223, -203]","[100, 100]","[-77, -53]","[73, -53]","[223, -53]","[-227, -203]",1,8,"[100, 100]","[100, 100]",tray,21.png,05.png,00.png,00.png,00.png,00.png,00.png,m,"[100, 100]","[100, 100]","[100, 100]","[100, 100]","[100, 100]","[100, 100]","[100, 100]","[100, 100]","[100, 100]","[100, 100]","[100, 100]","[0, -375]",ok.png,"[100, 100]","[100, 100]",43,1,1,1,1,0,0,0,0,0,0,0,1.39228963852,1.392289638519287,0,86,86,232,232,1,1,0,0,0,0,0,0,0,0.80538380146,0.8053838014602661,0,38,38,-363,-363,66
00.png,07.png,00.png,tray2.png,23.png,00.png,09.png,00.png,00.png,"[-243, -76]","[207, 74]","[150, 100]","[-93, 74]","[57, 74]","[207, 224]","[-243, 74]","[-93, 224]","[57, 224]","[-243, 224]","[-93, -226]","[57, -226]","[207, -226]","[100, 100]","[-93, -76]","[57, -76]","[207, -76]","[-243, -226]",1,8,"[100, 100]","[100, 100]",tray,00.png,17.png,16.png,00.png,06.png,15.png,00.png,m,"[100, 100]","[100, 100]","[100, 100]","[100, 100]","[100, 100]","[100, 100]","[100, 100]","[100, 100]","[100, 100]","[100, 100]","[100, 100]","[0, -375]",ok.png,"[100, 100]","[100, 100]",44,1,1,1,1,0,0,0,0,0,0,0,1.22969567776,1.229695677757263,0,191,191,225,225,1,1,0,0,0,0,0,0,0,1.01741957664,1.017419576644897,0,9,9,-390,-390,421
00.png,32.png,00.png,31.png,tray2.png,08.png,30.png,00.png,34.png,"[-243, -52]","[207, 98]","[150, 100]","[-93, 98]","[57, 98]","[207, 248]","[-243, 98]","[-93, 248]","[57, 248]","[-243, 248]","[-93, -202]","[57, -202]","[207, -202]","[100, 100]","[-93, -52]","[57, -52]","[207, -52]","[-243, -202]",1,8,"[100, 100]","[100, 100]",tray,12.png,00.png,00.png,00.png,00.png,00.png,11.png,m,"[100, 100]","[100, 100]","[100, 100]","[100, 100]","[100, 100]","[100, 100]","[100, 100]","[100, 100]","[100, 100]","[100, 100]","[100, 100]","[0, -375]",ok.png,"[100, 100]","[100, 100]",45,1,1,1,1,0,0,0,0,0,0,0,0.876249730587,0.8762497305870056,0,-230,-230,95,95,1,1,0,0,0,0,0,0,0,0.60519105196,0.6051910519599915,0,76,76,-413,-413,444
00.png,00.png,16.png,13.png,10.png,tray2.png,09.png,07.png,27.png,"[-241, -56]","[209, 94]","[150, 100]","[-91, 94]","[59, 94]","[209, 244]","[-241, 94]","[-91, 244]","[59, 244]","[-241, 244]","[-91, -206]","[59, -206]","[209, -206]","[100, 100]","[-91, -56]","[59, -56]","[209, -56]","[-241, -206]",1,8,"[100, 100]","[100, 100]",tray,00.png,00.png,24.png,00.png,00.png,00.png,00.png,m,"[100, 100]","[100, 100]","[100, 100]","[100, 100]","[100, 100]","[100, 100]","[100, 100]","[100, 100]","[100, 100]","[100, 100]","[100, 100]","[0, -375]",ok.png,"[100, 100]","[100, 100]",46,1,1,1,1,0,0,0,0,0,0,0,1.39827561378,1.39827561378479,0,-93,-93,88,88,1,1,0,0,0,0,0,0,0,0.672842144966,0.6728421449661255,0,-2,-2,-365,-365,284
30.png,00.png,20.png,00.png,10.png,00.png,tray2.png,01.png,00.png,"[-232, -58]","[218, 92]","[150, 100]","[-82, 92]","[68, 92]","[218, 242]","[-232, 92]","[-82, 242]","[68, 242]","[-232, 242]","[-82, -208]","[68, -208]","[218, -208]","[100, 100]","[-82, -58]","[68, -58]","[218, -58]","[-232, -208]",1,8,"[100, 100]","[100, 100]",tray,33.png,00.png,05.png,00.png,00.png,25.png,00.png,m,"[100, 100]","[100, 100]","[100, 100]","[100, 100]","[100, 100]","[100, 100]","[100, 100]","[100, 100]","[100, 100]","[100, 100]","[100, 100]","[0, -375]",ok.png,"[100, 100]","[100, 100]",47,1,1,1,1,0,0,0,0,0,0,0,0.672159969807,0.6721599698066711,0,61,61,79,79,1,1,0,0,0,0,0,0,0,0.543932378292,0.5439323782920837,0,18,18,-395,-395,332
00.png,00.png,24.png,26.png,00.png,04.png,02.png,tray2.png,09.png,"[-234, -60]","[216, 90]","[150, 100]","[-84, 90]","[66, 90]","[216, 240]","[-234, 90]","[-84, 240]","[66, 240]","[-234, 240]","[-84, -210]","[66, -210]","[216, -210]","[100, 100]","[-84, -60]","[66, -60]","[216, -60]","[-234, -210]",1,8,"[100, 100]","[100, 100]",tray,00.png,18.png,00.png,14.png,00.png,00.png,00.png,m,"[100, 100]","[100, 100]","[100, 100]","[100, 100]","[100, 100]","[100, 100]","[100, 100]","[100, 100]","[100, 100]","[100, 100]","[100, 100]","[0, -375]",ok.png,"[100, 100]","[100, 100]",48,1,1,1,1,0,0,0,0,0,0,0,2.55844306946,2.558443069458008,0,235,235,91,91,1,1,0,0,0,0,0,0,0,2.20042324066,2.200423240661621,0,18,18,-371,-371,9
19.png,00.png,00.png,09.png,30.png,00.png,00.png,18.png,tray2.png,"[-227, -86]","[223, 64]","[150, 100]","[-77, 64]","[73, 64]","[223, 214]","[-227, 64]","[-77, 214]","[73, 214]","[-227, 214]","[-77, -236]","[73, -236]","[223, -236]","[100, 100]","[-77, -86]","[73, -86]","[223, -86]","[-227, -236]",1,8,"[100, 100]","[100, 100]",tray,11.png,00.png,00.png,07.png,00.png,00.png,14.png,m,"[100, 100]","[100, 100]","[100, 100]","[100, 100]","[100, 100]","[100, 100]","[100, 100]","[100, 100]","[100, 100]","[100, 100]","[100, 100]","[0, -375]",ok.png,"[100, 100]","[100, 100]",49,1,1,1,1,0,0,0,0,0,0,0,0.989760756493,0.9897607564926147,0,-232,-232,-105,-105,1,1,0,0,0,0,0,0,0,0.529768705368,0.529768705368042,0,-40,-40,-358,-358,217
00.png,29.png,00.png,19.png,00.png,14.png,00.png,33.png,00.png,"[-200, -75]","[250, 75]","[150, 100]","[-50, 75]","[100, 75]","[250, 225]","[-200, 75]","[-50, 225]","[100, 225]","[-200, 225]","[-50, -225]","[100, -225]","[250, -225]","[100, 100]","[-50, -75]","[100, -75]","[250, -75]","[-200, -225]",1,8,"[100, 100]","[100, 100]",tray,23.png,00.png,tray2.png,00.png,31.png,13.png,00.png,m,"[100, 100]","[100, 100]","[100, 100]","[100, 100]","[100, 100]","[100, 100]","[100, 100]","[100, 100]","[100, 100]","[100, 100]","[100, 100]","[0, -375]",ok.png,"[100, 100]","[100, 100]",50,1,1,1,1,0,0,0,0,0,0,0,0.792656302452,0.7926563024520874,0,-61,-61,-83,-83,1,1,0,0,0,0,0,0,0,0.765033006668,0.7650330066680908,0,-4,-4,-344,-344,119
dots1.png,01.png,02.png,03.png,04.png,05.png,06.png,07.png,00.png,"[-213, -87]","[237, 63]","[150, 100]","[-63, 63]","[87, 63]","[237, 213]","[-213, 63]","[-63, 213]","[87, 213]","[-213, 213]","[-63, -237]","[87, -237]","[237, -237]","[100, 100]","[-63, -87]","[87, -87]","[237, -87]","[-213, -237]",1,8,"[100, 100]","[100, 100]",dots,00.png,00.png,00.png,00.png,00.png,00.png,00.png,m,"[100, 100]","[100, 100]","[100, 100]","[100, 100]","[100, 100]","[100, 100]","[100, 100]","[100, 100]","[100, 100]","[100, 100]","[100, 100]","[0, -375]",ok.png,"[100, 100]","[100, 100]",51,2,1,1,1,0,0,0,0,0,0,0,0.870698869228,0.870698869228363,0,-218,-218,199,199,1,1,0,0,0,0,0,0,0,0.485586225986,0.4855862259864807,0,52,52,-335,-335,113
08.png,dots1.png,09.png,00.png,10.png,11.png,12.png,13.png,00.png,"[-227, -95]","[223, 55]","[150, 100]","[-77, 55]","[73, 55]","[223, 205]","[-227, 55]","[-77, 205]","[73, 205]","[-227, 205]","[-77, -245]","[73, -245]","[223, -245]","[100, 100]","[-77, -95]","[73, -95]","[223, -95]","[-227, -245]",1,8,"[100, 100]","[100, 100]",dots,00.png,00.png,14.png,00.png,00.png,00.png,00.png,m,"[100, 100]","[100, 100]","[100, 100]","[100, 100]","[100, 100]","[100, 100]","[100, 100]","[100, 100]","[100, 100]","[100, 100]","[100, 100]","[0, -375]",ok.png,"[100, 100]","[100, 100]",52,2,1,1,1,0,0,0,0,0,0,0,0.861110329628,0.8611103296279907,0,-76,-76,177,177,1,1,0,0,0,0,0,0,0,0.451639920473,0.4516399204730988,0,-14,-14,-327,-327,271
00.png,00.png,dots1.png,15.png,16.png,17.png,18.png,19.png,20.png,"[-209, -76]","[241, 74]","[150, 100]","[-59, 74]","[91, 74]","[241, 224]","[-209, 74]","[-59, 224]","[91, 224]","[-209, 224]","[-59, -226]","[91, -226]","[241, -226]","[100, 100]","[-59, -76]","[91, -76]","[241, -76]","[-209, -226]",1,8,"[100, 100]","[100, 100]",dots,00.png,00.png,21.png,00.png,00.png,00.png,00.png,m,"[100, 100]","[100, 100]","[100, 100]","[100, 100]","[100, 100]","[100, 100]","[100, 100]","[100, 100]","[100, 100]","[100, 100]","[100, 100]","[0, -375]",ok.png,"[100, 100]","[100, 100]",53,2,1,1,1,0,0,0,0,0,0,0,0.805763840675,0.805763840675354,0,110,110,207,207,1,1,0,0,0,0,0,0,0,0.626692771912,0.6266927719116211,0,-6,-6,-359,-359,300
22.png,23.png,24.png,dots1.png,00.png,00.png,25.png,26.png,00.png,"[-226, -79]","[224, 71]","[150, 100]","[-76, 71]","[74, 71]","[224, 221]","[-226, 71]","[-76, 221]","[74, 221]","[-226, 221]","[-76, -229]","[74, -229]","[224, -229]","[100, 100]","[-76, -79]","[74, -79]","[224, -79]","[-226, -229]",1,8,"[100, 100]","[100, 100]",dots,28.png,00.png,00.png,27.png,00.png,00.png,00.png,m,"[100, 100]","[100, 100]","[100, 100]","[100, 100]","[100, 100]","[100, 100]","[100, 100]","[100, 100]","[100, 100]","[100, 100]","[100, 100]","[0, -375]",ok.png,"[100, 100]","[100, 100]",54,2,1,1,1,0,0,0,0,0,0,0,1.92711687088,1.927116870880127,0,224,224,256,256,1,1,0,0,0,0,0,0,0,0.660145103931,0.660145103931427,0,19,19,-379,-379,229
00.png,00.png,00.png,00.png,dots1.png,29.png,30.png,31.png,32.png,"[-250, -94]","[200, 56]","[150, 100]","[-100, 56]","[50, 56]","[200, 206]","[-250, 56]","[-100, 206]","[50, 206]","[-250, 206]","[-100, -244]","[50, -244]","[200, -244]","[100, 100]","[-100, -94]","[50, -94]","[200, -94]","[-250, -244]",1,8,"[100, 100]","[100, 100]",dots,01.png,00.png,33.png,34.png,00.png,00.png,00.png,m,"[100, 100]","[100, 100]","[100, 100]","[100, 100]","[100, 100]","[100, 100]","[100, 100]","[100, 100]","[100, 100]","[100, 100]","[100, 100]","[0, -375]",ok.png,"[100, 100]","[100, 100]",55,2,1,1,1,0,0,0,0,0,0,0,0.878953874111,0.8789538741111755,0,-250,-250,49,49,1,1,0,0,0,0,0,0,0,1.97654747963,1.976547479629517,0,24,24,-370,-370,22
01.png,34.png,00.png,00.png,04.png,dots1.png,00.png,00.png,06.png,"[-224, -65]","[226, 85]","[150, 100]","[-74, 85]","[76, 85]","[226, 235]","[-224, 85]","[-74, 235]","[76, 235]","[-224, 235]","[-74, -215]","[76, -215]","[226, -215]","[100, 100]","[-74, -65]","[76, -65]","[226, -65]","[-224, -215]",1,8,"[100, 100]","[100, 100]",dots,00.png,17.png,15.png,00.png,00.png,23.png,00.png,m,"[100, 100]","[100, 100]","[100, 100]","[100, 100]","[100, 100]","[100, 100]","[100, 100]","[100, 100]","[100, 100]","[100, 100]","[100, 100]","[0, -375]",ok.png,"[100, 100]","[100, 100]",56,2,1,1,1,0,0,0,0,0,0,0,0.855217039585,0.8552170395851135,0,-67,-67,64,64,1,1,0,0,0,0,0,0,0,0.751102983952,0.7511029839515686,0,73,73,-443,-443,309
00.png,00.png,00.png,00.png,07.png,03.png,dots1.png,25.png,00.png,"[-210, -99]","[240, 51]","[150, 100]","[-60, 51]","[90, 51]","[240, 201]","[-210, 51]","[-60, 201]","[90, 201]","[-210, 201]","[-60, -249]","[90, -249]","[240, -249]","[100, 100]","[-60, -99]","[90, -99]","[240, -99]","[-210, -249]",1,8,"[100, 100]","[100, 100]",dots,00.png,06.png,00.png,00.png,14.png,22.png,09.png,m,"[100, 100]","[100, 100]","[100, 100]","[100, 100]","[100, 100]","[100, 100]","[100, 100]","[100, 100]","[100, 100]","[100, 100]","[100, 100]","[0, -375]",ok.png,"[100, 100]","[100, 100]",57,2,1,1,1,0,0,0,0,0,0,0,0.777516186237,0.7775161862373352,0,91,91,51,51,1,1,0,0,0,0,0,0,0,0.621721804142,0.6217218041419983,0,-13,-13,-406,-406,370
00.png,05.png,33.png,07.png,00.png,00.png,27.png,dots1.png,00.png,"[-245, -72]","[205, 78]","[150, 100]","[-95, 78]","[55, 78]","[205, 228]","[-245, 78]","[-95, 228]","[55, 228]","[-245, 228]","[-95, -222]","[55, -222]","[205, -222]","[100, 100]","[-95, -72]","[55, -72]","[205, -72]","[-245, -222]",1,8,"[100, 100]","[100, 100]",dots,31.png,00.png,17.png,30.png,00.png,00.png,00.png,m,"[100, 100]","[100, 100]","[100, 100]","[100, 100]","[100, 100]","[100, 100]","[100, 100]","[100, 100]","[100, 100]","[100, 100]","[100, 100]","[0, -375]",ok.png,"[100, 100]","[100, 100]",58,2,1,1,1,0,0,0,0,0,0,0,2.14887952805,2.148879528045654,0,212,212,87,87,1,1,0,0,0,0,0,0,0,0.487171590328,0.4871715903282166,0,21,21,-366,-366,29
00.png,00.png,00.png,00.png,00.png,00.png,00.png,00.png,dots1.png,"[-230, -75]","[220, 75]","[150, 100]","[-80, 75]","[70, 75]","[220, 225]","[-230, 75]","[-80, 225]","[70, 225]","[-230, 225]","[-80, -225]","[70, -225]","[220, -225]","[100, 100]","[-80, -75]","[70, -75]","[220, -75]","[-230, -225]",1,8,"[100, 100]","[100, 100]",dots,27.png,21.png,29.png,23.png,33.png,25.png,31.png,m,"[100, 100]","[100, 100]","[100, 100]","[100, 100]","[100, 100]","[100, 100]","[100, 100]","[100, 100]","[100, 100]","[100, 100]","[100, 100]","[0, -375]",ok.png,"[100, 100]","[100, 100]",59,2,1,1,1,0,0,0,0,0,0,0,1.42936456203,1.429364562034607,0,-219,-219,-106,-106,1,1,0,0,0,0,0,0,0,0.420775055885,0.4207750558853149,0,-3,-3,-433,-433,335
00.png,00.png,00.png,00.png,14.png,16.png,18.png,20.png,22.png,"[-245, -92]","[205, 58]","[150, 100]","[-95, 58]","[55, 58]","[205, 208]","[-245, 58]","[-95, 208]","[55, 208]","[-245, 208]","[-95, -242]","[55, -242]","[205, -242]","[100, 100]","[-95, -92]","[55, -92]","[205, -92]","[-245, -242]",1,8,"[100, 100]","[100, 100]",dots,26.png,00.png,dots1.png,24.png,00.png,00.png,00.png,m,"[100, 100]","[100, 100]","[100, 100]","[100, 100]","[100, 100]","[100, 100]","[100, 100]","[100, 100]","[100, 100]","[100, 100]","[100, 100]","[0, -375]",ok.png,"[100, 100]","[100, 100]",60,2,1,1,1,0,0,0,0,0,0,0,1.03940343857,1.039403438568115,0,-97,-97,-115,-115,1,1,0,0,0,0,0,0,0,0.767904758453,0.7679047584533691,0,10,10,-381,-381,347
00.png,00.png,00.png,00.png,13.png,10.png,00.png,00.png,16.png,"[-227, -74]","[223, 76]","[150, 100]","[-77, 76]","[73, 76]","[223, 226]","[-227, 76]","[-77, 226]","[73, 226]","[-227, 226]","[-77, -224]","[73, -224]","[223, -224]","[100, 100]","[-77, -74]","[73, -74]","[223, -74]","[-227, -224]",1,8,"[100, 100]","[100, 100]",dots,21.png,24.png,19.png,dots1.png,00.png,27.png,00.png,m,"[100, 100]","[100, 100]","[100, 100]","[100, 100]","[100, 100]","[100, 100]","[100, 100]","[100, 100]","[100, 100]","[100, 100]","[100, 100]","[0, -375]",ok.png,"[100, 100]","[100, 100]",61,2,1,1,1,0,0,0,0,0,0,0,0.729373335838,0.7293733358383179,0,90,90,-72,-72,1,1,0,0,0,0,0,0,0,0.888222157955,0.8882221579551697,0,1,1,-431,-431,434
10.png,15.png,20.png,25.png,00.png,00.png,00.png,00.png,21.png,"[-211, -91]","[239, 59]","[150, 100]","[-61, 59]","[89, 59]","[239, 209]","[-211, 59]","[-61, 209]","[89, 209]","[-211, 209]","[-61, -241]","[89, -241]","[239, -241]","[100, 100]","[-61, -91]","[89, -91]","[239, -91]","[-211, -241]",1,8,"[100, 100]","[100, 100]",dots,dots1.png,00.png,16.png,11.png,00.png,00.png,00.png,m,"[100, 100]","[100, 100]","[100, 100]","[100, 100]","[100, 100]","[100, 100]","[100, 100]","[100, 100]","[100, 100]","[100, 100]","[100, 100]","[0, -375]",ok.png,"[100, 100]","[100, 100]",62,2,1,1,1,0,0,0,0,0,0,0,2.531509161,2.531509160995483,0,245,245,-94,-94,1,1,0,0,0,0,0,0,0,0.542419910431,0.5424199104309082,0,31,31,-404,-404,8
00.png,00.png,00.png,00.png,00.png,00.png,00.png,00.png,03.png,"[-239, -87]","[211, 63]","[150, 100]","[-89, 63]","[61, 63]","[211, 213]","[-239, 63]","[-89, 213]","[61, 213]","[-239, 213]","[-89, -237]","[61, -237]","[211, -237]","[100, 100]","[-89, -87]","[61, -87]","[211, -87]","[-239, -237]",1,8,"[100, 100]","[100, 100]",dots,08.png,dots1.png,01.png,07.png,04.png,05.png,02.png,m,"[100, 100]","[100, 100]","[100, 100]","[100, 100]","[100, 100]","[100, 100]","[100, 100]","[100, 100]","[100, 100]","[100, 100]","[100, 100]","[0, -375]",ok.png,"[100, 100]","[100, 100]",63,2,1,1,1,0,0,0,0,0,0,0,2.23945856094,2.239458560943604,0,-237,-237,-262,-262,1,1,0,0,0,0,0,0,0,0.420298814774,0.4202988147735596,0,-26,-26,-390,-390,96
29.png,00.png,00.png,16.png,00.png,00.png,33.png,08.png,13.png,"[-236, -97]","[214, 53]","[150, 100]","[-86, 53]","[64, 53]","[214, 203]","[-236, 53]","[-86, 203]","[64, 203]","[-236, 203]","[-86, -247]","[64, -247]","[214, -247]","[100, 100]","[-86, -97]","[64, -97]","[214, -97]","[-236, -247]",1,8,"[100, 100]","[100, 100]",dots,00.png,23.png,00.png,00.png,00.png,dots1.png,12.png,m,"[100, 100]","[100, 100]","[100, 100]","[100, 100]","[100, 100]","[100, 100]","[100, 100]","[100, 100]","[100, 100]","[100, 100]","[100, 100]","[0, -375]",ok.png,"[100, 100]","[100, 100]",64,2,1,1,1,0,0,0,0,0,0,0,1.10491120815,1.104911208152771,0,-99,-99,-248,-248,1,1,0,0,0,0,0,0,0,0.448750734329,0.4487507343292236,0,-29,-29,-383,-383,178
00.png,00.png,00.png,00.png,00.png,00.png,00.png,33.png,27.png,"[-226, -51]","[224, 99]","[150, 100]","[-76, 99]","[74, 99]","[224, 249]","[-226, 99]","[-76, 249]","[74, 249]","[-226, 249]","[-76, -201]","[74, -201]","[224, -201]","[100, 100]","[-76, -51]","[74, -51]","[224, -51]","[-226, -201]",1,8,"[100, 100]","[100, 100]",dots,13.png,07.png,23.png,17.png,00.png,03.png,dots1.png,m,"[100, 100]","[100, 100]","[100, 100]","[100, 100]","[100, 100]","[100, 100]","[100, 100]","[100, 100]","[100, 100]","[100, 100]","[100, 100]","[0, -375]",ok.png,"[100, 100]","[100, 100]",65,2,1,1,1,0,0,0,0,0,0,0,0.906250417233,0.9062504172325134,0,72,72,-211,-211,1,1,0,0,0,0,0,0,0,1.47856771946,1.478567719459534,0,9,9,-387,-387,98
04.png,20.png,30.png,02.png,00.png,00.png,00.png,00.png,00.png,"[-204, -65]","[246, 85]","[150, 100]","[-54, 85]","[96, 85]","[246, 235]","[-204, 85]","[-54, 235]","[96, 235]","[-204, 235]","[-54, -215]","[96, -215]","[246, -215]","[100, 100]","[-54, -65]","[96, -65]","[246, -65]","[-204, -215]",1,8,"[100, 100]","[100, 100]",dots,00.png,14.png,00.png,00.png,dots1.png,07.png,17.png,m,"[100, 100]","[100, 100]","[100, 100]","[100, 100]","[100, 100]","[100, 100]","[100, 100]","[100, 100]","[100, 100]","[100, 100]","[100, 100]","[0, -375]",ok.png,"[100, 100]","[100, 100]",66,2,1,1,1,0,0,0,0,0,0,0,0.983086705208,0.9830867052078248,0,238,238,-210,-210,1,1,0,0,0,0,0,0,0,0.434565812349,0.4345658123493195,0,-86,-86,-397,-397,394
00.png,19.png,29.png,00.png,00.png,02.png,32.png,00.png,00.png,"[-231, -60]","[219, 90]","[150, 100]","[-81, 90]","[69, 90]","[219, 240]","[-231, 90]","[-81, 240]","[69, 240]","[-231, 240]","[-81, -210]","[69, -210]","[219, -210]","[100, 100]","[-81, -60]","[69, -60]","[219, -60]","[-231, -210]",1,8,"[100, 100]","[100, 100]",dots,00.png,00.png,22.png,16.png,00.png,04.png,dots1.png,m,"[100, 100]","[100, 100]","[100, 100]","[100, 100]","[100, 100]","[100, 100]","[100, 100]","[100, 100]","[100, 100]","[100, 100]","[100, 100]","[0, -375]",ok.png,"[100, 100]","[100, 100]",67,2,1,1,1,0,0,0,0,0,0,0,1.99795997143,1.997959971427917,0,71,71,-223,-223,1,1,0,0,0,0,0,0,0,2.0533721447,2.053372144699097,0,-20,-20,-403,-403,277
00.png,00.png,00.png,05.png,21.png,00.png,00.png,00.png,00.png,"[-219, -83]","[231, 67]","[150, 100]","[-69, 67]","[81, 67]","[231, 217]","[-219, 67]","[-69, 217]","[81, 217]","[-219, 217]","[-69, -233]","[81, -233]","[231, -233]","[100, 100]","[-69, -83]","[81, -83]","[231, -83]","[-219, -233]",1,8,"[100, 100]","[100, 100]",dots,25.png,03.png,27.png,28.png,00.png,dots1.png,08.png,m,"[100, 100]","[100, 100]","[100, 100]","[100, 100]","[100, 100]","[100, 100]","[100, 100]","[100, 100]","[100, 100]","[100, 100]","[100, 100]","[0, -375]",ok.png,"[100, 100]","[100, 100]",68,2,1,1,1,0,0,0,0,0,0,0,1.10199558735,1.101995587348938,0,-88,-88,-228,-228,1,1,0,0,0,0,0,0,0,0.641514360905,0.6415143609046936,0,-24,-24,-416,-416,346
06.png,00.png,15.png,17.png,00.png,00.png,16.png,00.png,00.png,"[-239, -60]","[211, 90]","[150, 100]","[-89, 90]","[61, 90]","[211, 240]","[-239, 90]","[-89, 240]","[61, 240]","[-239, 240]","[-89, -210]","[61, -210]","[211, -210]","[100, 100]","[-89, -60]","[61, -60]","[211, -60]","[-239, -210]",1,8,"[100, 100]","[100, 100]",dots,23.png,dots1.png,09.png,00.png,00.png,00.png,07.png,m,"[100, 100]","[100, 100]","[100, 100]","[100, 100]","[100, 100]","[100, 100]","[100, 100]","[100, 100]","[100, 100]","[100, 100]","[100, 100]","[0, -375]",ok.png,"[100, 100]","[100, 100]",69,2,1,1,1,0,0,0,0,0,0,0,1.81211876869,1.812118768692017,0,-231,-231,-225,-225,1,1,0,0,0,0,0,0,0,0.467291474342,0.4672914743423462,0,-12,-12,-359,-359,180
00.png,11.png,00.png,00.png,12.png,00.png,00.png,34.png,00.png,"[-210, -53]","[240, 97]","[150, 100]","[-60, 97]","[90, 97]","[240, 247]","[-210, 97]","[-60, 247]","[90, 247]","[-210, 247]","[-60, -203]","[90, -203]","[240, -203]","[100, 100]","[-60, -53]","[90, -53]","[240, -53]","[-210, -203]",1,8,"[100, 100]","[100, 100]",dots,dots1.png,31.png,30.png,08.png,00.png,00.png,32.png,m,"[100, 100]","[100, 100]","[100, 100]","[100, 100]","[100, 100]","[100, 100]","[100, 100]","[100, 100]","[100, 100]","[100, 100]","[100, 100]","[0, -375]",ok.png,"[100, 100]","[100, 100]",70,2,1,1,1,0,0,0,0,0,0,0,1.95092833042,1.950928330421448,0,257,257,-53,-53,1,1,0,0,0,0,0,0,0,0.449219435453,0.4492194354534149,0,-38,-38,-381,-381,357
00.png,00.png,00.png,00.png,00.png,00.png,24.png,27.png,07.png,"[-223, -68]","[227, 82]","[150, 100]","[-73, 82]","[77, 82]","[227, 232]","[-223, 82]","[-73, 232]","[77, 232]","[-223, 232]","[-73, -218]","[77, -218]","[227, -218]","[100, 100]","[-73, -68]","[77, -68]","[227, -68]","[-223, -218]",1,8,"[100, 100]","[100, 100]",dots,10.png,13.png,09.png,dots1.png,00.png,16.png,00.png,m,"[100, 100]","[100, 100]","[100, 100]","[100, 100]","[100, 100]","[100, 100]","[100, 100]","[100, 100]","[100, 100]","[100, 100]","[100, 100]","[0, -375]",ok.png,"[100, 100]","[100, 100]",71,2,1,1,1,0,0,0,0,0,0,0,0.734842121601,0.7348421216011047,0,72,72,-65,-65,1,1,0,0,0,0,0,0,0,0.824574530125,0.8245745301246643,0,-4,-4,-376,-376,377
00.png,00.png,25.png,00.png,33.png,00.png,05.png,00.png,01.png,"[-230, -65]","[220, 85]","[150, 100]","[-80, 85]","[70, 85]","[220, 235]","[-230, 85]","[-80, 235]","[70, 235]","[-230, 235]","[-80, -215]","[70, -215]","[220, -215]","[100, 100]","[-80, -65]","[70, -65]","[220, -65]","[-230, -215]",1,8,"[100, 100]","[100, 100]",dots,10.png,00.png,dots1.png,00.png,30.png,20.png,00.png,m,"[100, 100]","[100, 100]","[100, 100]","[100, 100]","[100, 100]","[100, 100]","[100, 100]","[100, 100]","[100, 100]","[100, 100]","[100, 100]","[0, -375]",ok.png,"[100, 100]","[100, 100]",72,2,1,1,1,0,0,0,0,0,0,0,0.700739443302,0.7007394433021545,0,-96,-96,-60,-60,1,1,0,0,0,0,0,0,0,0.414759576321,0.4147595763206482,0,14,14,-345,-345,447
00.png,00.png,00.png,18.png,00.png,14.png,00.png,09.png,dots1.png,"[-204, -66]","[246, 84]","[150, 100]","[-54, 84]","[96, 84]","[246, 234]","[-204, 84]","[-54, 234]","[96, 234]","[-204, 234]","[-54, -216]","[96, -216]","[246, -216]","[100, 100]","[-54, -66]","[96, -66]","[246, -66]","[-204, -216]",1,8,"[100, 100]","[100, 100]",dots,00.png,26.png,02.png,04.png,00.png,24.png,00.png,m,"[100, 100]","[100, 100]","[100, 100]","[100, 100]","[100, 100]","[100, 100]","[100, 100]","[100, 100]","[100, 100]","[100, 100]","[100, 100]","[0, -375]",ok.png,"[100, 100]","[100, 100]",73,2,1,1,1,0,0,0,0,0,0,0,1.04513251781,1.045132517814636,0,-209,-209,-77,-77,1,1,0,0,0,0,0,0,0,0.809340715408,0.8093407154083252,0,12,12,-347,-347,380
00.png,14.png,00.png,00.png,11.png,07.png,00.png,dots1.png,18.png,"[-205, -86]","[245, 64]","[150, 100]","[-55, 64]","[95, 64]","[245, 214]","[-205, 64]","[-55, 214]","[95, 214]","[-205, 214]","[-55, -236]","[95, -236]","[245, -236]","[100, 100]","[-55, -86]","[95, -86]","[245, -86]","[-205, -236]",1,8,"[100, 100]","[100, 100]",dots,30.png,09.png,00.png,00.png,19.png,00.png,00.png,m,"[100, 100]","[100, 100]","[100, 100]","[100, 100]","[100, 100]","[100, 100]","[100, 100]","[100, 100]","[100, 100]","[100, 100]","[100, 100]","[0, -375]",ok.png,"[100, 100]","[100, 100]",74,2,1,1,1,0,0,0,0,0,0,0,0.87698495388,0.8769849538803101,0,248,248,64,64,1,1,0,0,0,0,0,0,0,0.405549764633,0.4055497646331787,0,3,3,-437,-437,267
31.png,00.png,13.png,00.png,23.png,00.png,dots1.png,00.png,33.png,"[-247, -77]","[203, 73]","[150, 100]","[-97, 73]","[53, 73]","[203, 223]","[-247, 73]","[-97, 223]","[53, 223]","[-247, 223]","[-97, -227]","[53, -227]","[203, -227]","[100, 100]","[-97, -77]","[53, -77]","[203, -77]","[-247, -227]",1,8,"[100, 100]","[100, 100]",dots,00.png,19.png,00.png,14.png,00.png,00.png,29.png,m,"[100, 100]","[100, 100]","[100, 100]","[100, 100]","[100, 100]","[100, 100]","[100, 100]","[100, 100]","[100, 100]","[100, 100]","[100, 100]","[0, -375]",ok.png,"[100, 100]","[100, 100]",75,2,1,1,1,0,0,0,0,0,0,0,1.45067858696,1.450678586959839,0,33,33,77,77,1,1,0,0,0,0,0,0,0,0.484177738428,0.4841777384281158,0,-8,-8,-381,-381,330
00.png,00.png,00.png,00.png,00.png,00.png,00.png,00.png,07.png,"[-207, -91]","[243, 59]","[150, 100]","[-57, 59]","[93, 59]","[243, 209]","[-207, 59]","[-57, 209]","[93, 209]","[-207, 209]","[-57, -241]","[93, -241]","[243, -241]","[100, 100]","[-57, -91]","[93, -91]","[243, -91]","[-207, -241]",1,8,"[100, 100]","[100, 100]",dots,04.png,03.png,06.png,05.png,dots2.png,02.png,01.png,m,"[100, 100]","[100, 100]","[100, 100]","[100, 100]","[100, 100]","[100, 100]","[100, 100]","[100, 100]","[100, 100]","[100, 100]","[100, 100]","[0, -375]",ok.png,"[100, 100]","[100, 100]",76,2,1,1,1,0,0,0,0,0,0,0,1.02688264847,1.026882648468018,0,237,237,-249,-249,1,1,0,0,0,0,0,0,0,0.37809035182,0.3780903518199921,0,28,28,-376,-376,120
00.png,00.png,00.png,00.png,00.png,00.png,14.png,00.png,13.png,"[-237, -86]","[213, 64]","[150, 100]","[-87, 64]","[63, 64]","[213, 214]","[-237, 64]","[-87, 214]","[63, 214]","[-237, 214]","[-87, -236]","[63, -236]","[213, -236]","[100, 100]","[-87, -86]","[63, -86]","[213, -86]","[-237, -236]",1,8,"[100, 100]","[100, 100]",dots,10.png,00.png,12.png,11.png,08.png,09.png,dots2.png,m,"[100, 100]","[100, 100]","[100, 100]","[100, 100]","[100, 100]","[100, 100]","[100, 100]","[100, 100]","[100, 100]","[100, 100]","[100, 100]","[0, -375]",ok.png,"[100, 100]","[100, 100]",77,2,1,1,1,0,0,0,0,0,0,0,1.02692842484,1.026928424835205,0,75,75,-257,-257,1,1,0,0,0,0,0,0,0,0.562136828899,0.5621368288993835,0,24,24,-389,-389,428
00.png,00.png,00.png,00.png,00.png,00.png,21.png,20.png,19.png,"[-231, -93]","[219, 57]","[150, 100]","[-81, 57]","[69, 57]","[219, 207]","[-231, 57]","[-81, 207]","[69, 207]","[-231, 207]","[-81, -243]","[69, -243]","[219, -243]","[100, 100]","[-81, -93]","[69, -93]","[219, -93]","[-231, -243]",1,8,"[100, 100]","[100, 100]",dots,16.png,15.png,18.png,17.png,00.png,dots2.png,00.png,m,"[100, 100]","[100, 100]","[100, 100]","[100, 100]","[100, 100]","[100, 100]","[100, 100]","[100, 100]","[100, 100]","[100, 100]","[100, 100]","[0, -375]",ok.png,"[100, 100]","[100, 100]",78,2,1,1,1,0,0,0,0,0,0,0,1.02561092377,1.02561092376709,0,-72,-72,-239,-239,1,1,0,0,0,0,0,0,0,0.484027892351,0.4840278923511505,0,1,1,-377,-377,38
00.png,00.png,00.png,00.png,00.png,00.png,31.png,27.png,26.png,"[-245, -78]","[205, 72]","[150, 100]","[-95, 72]","[55, 72]","[205, 222]","[-245, 72]","[-95, 222]","[55, 222]","[-245, 222]","[-95, -228]","[55, -228]","[205, -228]","[100, 100]","[-95, -78]","[55, -78]","[205, -78]","[-245, -228]",1,8,"[100, 100]","[100, 100]",dots,00.png,dots2.png,28.png,00.png,22.png,24.png,23.png,m,"[100, 100]","[100, 100]","[100, 100]","[100, 100]","[100, 100]","[100, 100]","[100, 100]","[100, 100]","[100, 100]","[100, 100]","[100, 100]","[0, -375]",ok.png,"[100, 100]","[100, 100]",79,2,1,1,1,0,0,0,0,0,0,0,1.00858545303,1.008585453033447,0,-235,-235,-236,-236,1,1,0,0,0,0,0,0,0,0.888377130032,0.8883771300315857,0,7,7,-364,-364,359
00.png,00.png,00.png,00.png,01.png,34.png,33.png,32.png,31.png,"[-210, -62]","[240, 88]","[150, 100]","[-60, 88]","[90, 88]","[240, 238]","[-210, 88]","[-60, 238]","[90, 238]","[-210, 238]","[-60, -212]","[90, -212]","[240, -212]","[100, 100]","[-60, -62]","[90, -62]","[240, -62]","[-210, -212]",1,8,"[100, 100]","[100, 100]",dots,dots2.png,00.png,30.png,29.png,00.png,00.png,00.png,m,"[100, 100]","[100, 100]","[100, 100]","[100, 100]","[100, 100]","[100, 100]","[100, 100]","[100, 100]","[100, 100]","[100, 100]","[100, 100]","[0, -375]",ok.png,"[100, 100]","[100, 100]",80,2,1,1,1,0,0,0,0,0,0,0,0.764316618443,0.7643166184425354,0,250,250,-54,-54,1,1,0,0,0,0,0,0,0,0.542552649975,0.542552649974823,0,-1,-1,-426,-426,249
00.png,00.png,23.png,17.png,00.png,00.png,15.png,06.png,00.png,"[-212, -52]","[238, 98]","[150, 100]","[-62, 98]","[88, 98]","[238, 248]","[-212, 98]","[-62, 248]","[88, 248]","[-212, 248]","[-62, -202]","[88, -202]","[238, -202]","[100, 100]","[-62, -52]","[88, -52]","[238, -52]","[-212, -202]",1,8,"[100, 100]","[100, 100]",dots,04.png,00.png,00.png,dots2.png,01.png,00.png,34.png,m,"[100, 100]","[100, 100]","[100, 100]","[100, 100]","[100, 100]","[100, 100]","[100, 100]","[100, 100]","[100, 100]","[100, 100]","[100, 100]","[0, -375]",ok.png,"[100, 100]","[100, 100]",81,2,1,1,1,0,0,0,0,0,0,0,1.0709682703,1.070968270301819,0,115,115,-74,-74,1,1,0,0,0,0,0,0,0,0.394524663687,0.3945246636867523,0,28,28,-341,-341,404
14.png,09.png,22.png,06.png,00.png,00.png,00.png,00.png,25.png,"[-239, -55]","[211, 95]","[150, 100]","[-89, 95]","[61, 95]","[211, 245]","[-239, 95]","[-89, 245]","[61, 245]","[-239, 245]","[-89, -205]","[61, -205]","[211, -205]","[100, 100]","[-89, -55]","[61, -55]","[211, -55]","[-239, -205]",1,8,"[100, 100]","[100, 100]",dots,07.png,00.png,dots2.png,03.png,00.png,00.png,00.png,m,"[100, 100]","[100, 100]","[100, 100]","[100, 100]","[100, 100]","[100, 100]","[100, 100]","[100, 100]","[100, 100]","[100, 100]","[100, 100]","[0, -375]",ok.png,"[100, 100]","[100, 100]",82,2,1,1,1,0,0,0,0,0,0,0,0.732986152172,0.7329861521720886,0,-69,-69,-60,-60,1,1,0,0,0,0,0,0,0,1.56328332424,1.563283324241638,0,10,10,-406,-406,139
00.png,00.png,00.png,00.png,31.png,30.png,17.png,00.png,dots2.png,"[-216, -79]","[234, 71]","[150, 100]","[-66, 71]","[84, 71]","[234, 221]","[-216, 71]","[-66, 221]","[84, 221]","[-216, 221]","[-66, -229]","[84, -229]","[234, -229]","[100, 100]","[-66, -79]","[84, -79]","[234, -79]","[-216, -229]",1,8,"[100, 100]","[100, 100]",dots,00.png,07.png,27.png,00.png,00.png,33.png,05.png,m,"[100, 100]","[100, 100]","[100, 100]","[100, 100]","[100, 100]","[100, 100]","[100, 100]","[100, 100]","[100, 100]","[100, 100]","[100, 100]","[0, -375]",ok.png,"[100, 100]","[100, 100]",83,2,1,1,1,0,0,0,0,0,0,0,1.40262365341,1.402623653411865,0,-209,-209,-95,-95,1,1,0,0,0,0,0,0,0,1.04471135139,1.044711351394653,0,-16,-16,-377,-377,11
33.png,31.png,25.png,21.png,27.png,23.png,29.png,dots2.png,00.png,"[-235, -96]","[215, 54]","[150, 100]","[-85, 54]","[65, 54]","[215, 204]","[-235, 54]","[-85, 204]","[65, 204]","[-235, 204]","[-85, -246]","[65, -246]","[215, -246]","[100, 100]","[-85, -96]","[65, -96]","[215, -96]","[-235, -246]",1,8,"[100, 100]","[100, 100]",dots,00.png,00.png,00.png,00.png,00.png,00.png,00.png,m,"[100, 100]","[100, 100]","[100, 100]","[100, 100]","[100, 100]","[100, 100]","[100, 100]","[100, 100]","[100, 100]","[100, 100]","[100, 100]","[0, -375]",ok.png,"[100, 100]","[100, 100]",84,2,1,1,1,0,0,0,0,0,0,0,1.18216657639,1.182166576385498,0,204,204,46,46,1,1,0,0,0,0,0,0,0,0.587868571281,0.5878685712814331,0,16,16,-388,-388,133
00.png,00.png,00.png,00.png,26.png,24.png,dots2.png,22.png,20.png,"[-226, -56]","[224, 94]","[150, 100]","[-76, 94]","[74, 94]","[224, 244]","[-226, 94]","[-76, 244]","[74, 244]","[-226, 244]","[-76, -206]","[74, -206]","[224, -206]","[100, 100]","[-76, -56]","[74, -56]","[224, -56]","[-226, -206]",1,8,"[100, 100]","[100, 100]",dots,14.png,00.png,18.png,16.png,00.png,00.png,00.png,m,"[100, 100]","[100, 100]","[100, 100]","[100, 100]","[100, 100]","[100, 100]","[100, 100]","[100, 100]","[100, 100]","[100, 100]","[100, 100]","[0, -375]",ok.png,"[100, 100]","[100, 100]",85,2,1,1,1,0,0,0,0,0,0,0,0.669309735298,0.6693097352981567,0,85,85,91,91,1,1,0,0,0,0,0,0,0,0.548112750053,0.5481127500534058,0,8,8,-353,-353,234
00.png,00.png,27.png,24.png,21.png,dots2.png,19.png,16.png,00.png,"[-227, -72]","[223, 78]","[150, 100]","[-77, 78]","[73, 78]","[223, 228]","[-227, 78]","[-77, 228]","[73, 228]","[-227, 228]","[-77, -222]","[73, -222]","[223, -222]","[100, 100]","[-77, -72]","[73, -72]","[223, -72]","[-227, -222]",1,8,"[100, 100]","[100, 100]",dots,13.png,00.png,00.png,10.png,00.png,00.png,00.png,m,"[100, 100]","[100, 100]","[100, 100]","[100, 100]","[100, 100]","[100, 100]","[100, 100]","[100, 100]","[100, 100]","[100, 100]","[100, 100]","[0, -375]",ok.png,"[100, 100]","[100, 100]",86,2,1,1,1,0,0,0,0,0,0,0,0.760504364967,0.7605043649673462,0,-45,-45,71,71,1,1,0,0,0,0,0,0,0,0.681658864021,0.6816588640213013,0,7,7,-424,-424,294
00.png,00.png,00.png,00.png,dots2.png,11.png,16.png,21.png,00.png,"[-216, -84]","[234, 66]","[150, 100]","[-66, 66]","[84, 66]","[234, 216]","[-216, 66]","[-66, 216]","[84, 216]","[-216, 216]","[-66, -234]","[84, -234]","[234, -234]","[100, 100]","[-66, -84]","[84, -84]","[234, -84]","[-216, -234]",1,8,"[100, 100]","[100, 100]",dots,00.png,25.png,00.png,00.png,10.png,20.png,15.png,m,"[100, 100]","[100, 100]","[100, 100]","[100, 100]","[100, 100]","[100, 100]","[100, 100]","[100, 100]","[100, 100]","[100, 100]","[100, 100]","[0, -375]",ok.png,"[100, 100]","[100, 100]",87,2,1,1,1,0,0,0,0,0,0,0,5.92182397842,5.921823978424072,0,-213,-213,63,63,1,1,0,0,0,0,0,0,0,0.53013241291,0.5301324129104614,0,33,33,-402,-402,18
04.png,02.png,05.png,dots2.png,08.png,07.png,01.png,03.png,00.png,"[-220, -58]","[230, 92]","[150, 100]","[-70, 92]","[80, 92]","[230, 242]","[-220, 92]","[-70, 242]","[80, 242]","[-220, 242]","[-70, -208]","[80, -208]","[230, -208]","[100, 100]","[-70, -58]","[80, -58]","[230, -58]","[-220, -208]",1,8,"[100, 100]","[100, 100]",dots,00.png,00.png,00.png,00.png,00.png,00.png,00.png,m,"[100, 100]","[100, 100]","[100, 100]","[100, 100]","[100, 100]","[100, 100]","[100, 100]","[100, 100]","[100, 100]","[100, 100]","[100, 100]","[0, -375]",ok.png,"[100, 100]","[100, 100]",88,2,1,1,1,0,0,0,0,0,0,0,0.874639391899,0.8746393918991089,0,223,223,245,245,1,1,0,0,0,0,0,0,0,0.529899418354,0.5298994183540344,0,-27,-27,-397,-397,262
00.png,12.png,dots2.png,23.png,00.png,00.png,00.png,13.png,08.png,"[-242, -59]","[208, 91]","[150, 100]","[-92, 91]","[58, 91]","[208, 241]","[-242, 91]","[-92, 241]","[58, 241]","[-242, 241]","[-92, -209]","[58, -209]","[208, -209]","[100, 100]","[-92, -59]","[58, -59]","[208, -59]","[-242, -209]",1,8,"[100, 100]","[100, 100]",dots,00.png,16.png,33.png,00.png,29.png,00.png,00.png,m,"[100, 100]","[100, 100]","[100, 100]","[100, 100]","[100, 100]","[100, 100]","[100, 100]","[100, 100]","[100, 100]","[100, 100]","[100, 100]","[0, -375]",ok.png,"[100, 100]","[100, 100]",89,2,1,1,1,0,0,0,0,0,0,0,0.900623261929,0.9006232619285583,0,55,55,220,220,1,1,0,0,0,0,0,0,0,0.685636639595,0.6856366395950317,0,-4,-4,-409,-409,197
00.png,dots2.png,03.png,07.png,13.png,17.png,23.png,27.png,33.png,"[-239, -68]","[211, 82]","[150, 100]","[-89, 82]","[61, 82]","[211, 232]","[-239, 82]","[-89, 232]","[61, 232]","[-239, 232]","[-89, -218]","[61, -218]","[211, -218]","[100, 100]","[-89, -68]","[61, -68]","[211, -68]","[-239, -218]",1,8,"[100, 100]","[100, 100]",dots,00.png,00.png,00.png,00.png,00.png,00.png,00.png,m,"[100, 100]","[100, 100]","[100, 100]","[100, 100]","[100, 100]","[100, 100]","[100, 100]","[100, 100]","[100, 100]","[100, 100]","[100, 100]","[0, -375]",ok.png,"[100, 100]","[100, 100]",90,2,1,1,1,0,0,0,0,0,0,0,0.900723159313,0.900723159313202,0,-67,-67,195,195,1,1,0,0,0,0,0,0,0,0.96642524004,0.9664252400398254,0,-25,-25,-426,-426,174
dots2.png,17.png,07.png,14.png,00.png,00.png,00.png,00.png,00.png,"[-238, -97]","[212, 53]","[150, 100]","[-88, 53]","[62, 53]","[212, 203]","[-238, 53]","[-88, 203]","[62, 203]","[-238, 203]","[-88, -247]","[62, -247]","[212, -247]","[100, 100]","[-88, -97]","[62, -97]","[212, -97]","[-238, -247]",1,8,"[100, 100]","[100, 100]",dots,00.png,02.png,00.png,00.png,04.png,30.png,20.png,m,"[100, 100]","[100, 100]","[100, 100]","[100, 100]","[100, 100]","[100, 100]","[100, 100]","[100, 100]","[100, 100]","[100, 100]","[100, 100]","[0, -375]",ok.png,"[100, 100]","[100, 100]",91,2,1,1,1,0,0,0,0,0,0,0,1.18664550781,1.1866455078125,0,-246,-246,201,201,1,1,0,0,0,0,0,0,0,1.55531704426,1.555317044258118,0,17,17,-373,-373,322
00.png,dots2.png,04.png,00.png,00.png,16.png,22.png,00.png,00.png,"[-244, -51]","[206, 99]","[150, 100]","[-94, 99]","[56, 99]","[206, 249]","[-244, 99]","[-94, 249]","[56, 249]","[-244, 249]","[-94, -201]","[56, -201]","[206, -201]","[100, 100]","[-94, -51]","[56, -51]","[206, -51]","[-244, -201]",1,8,"[100, 100]","[100, 100]",dots,00.png,00.png,32.png,02.png,00.png,29.png,19.png,m,"[100, 100]","[100, 100]","[100, 100]","[100, 100]","[100, 100]","[100, 100]","[100, 100]","[100, 100]","[100, 100]","[100, 100]","[100, 100]","[0, -375]",ok.png,"[100, 100]","[100, 100]",92,2,1,1,1,0,0,0,0,0,0,0,0.744784772396,0.7447847723960876,0,-89,-89,254,254,1,1,0,0,0,0,0,0,0,0.623536765575,0.6235367655754089,0,6,6,-383,-383,160
00.png,08.png,dots2.png,03.png,25.png,28.png,27.png,00.png,00.png,"[-223, -82]","[227, 68]","[150, 100]","[-73, 68]","[77, 68]","[227, 218]","[-223, 68]","[-73, 218]","[77, 218]","[-223, 218]","[-73, -232]","[77, -232]","[227, -232]","[100, 100]","[-73, -82]","[77, -82]","[227, -82]","[-223, -232]",1,8,"[100, 100]","[100, 100]",dots,21.png,05.png,00.png,00.png,00.png,00.png,00.png,m,"[100, 100]","[100, 100]","[100, 100]","[100, 100]","[100, 100]","[100, 100]","[100, 100]","[100, 100]","[100, 100]","[100, 100]","[100, 100]","[0, -375]",ok.png,"[100, 100]","[100, 100]",93,2,1,1,1,0,0,0,0,0,0,0,0.858014166355,0.8580141663551331,0,74,74,218,218,1,1,0,0,0,0,0,0,0,0.524360179901,0.524360179901123,0,-37,-37,-401,-401,134
00.png,07.png,00.png,dots2.png,23.png,00.png,09.png,00.png,00.png,"[-224, -87]","[226, 63]","[150, 100]","[-74, 63]","[76, 63]","[226, 213]","[-224, 63]","[-74, 213]","[76, 213]","[-224, 213]","[-74, -237]","[76, -237]","[226, -237]","[100, 100]","[-74, -87]","[76, -87]","[226, -87]","[-224, -237]",1,8,"[100, 100]","[100, 100]",dots,00.png,17.png,16.png,00.png,06.png,15.png,00.png,m,"[100, 100]","[100, 100]","[100, 100]","[100, 100]","[100, 100]","[100, 100]","[100, 100]","[100, 100]","[100, 100]","[100, 100]","[100, 100]","[0, -375]",ok.png,"[100, 100]","[100, 100]",94,2,1,1,1,0,0,0,0,0,0,0,1.42251133919,1.422511339187622,0,214,214,203,203,1,1,0,0,0,0,0,0,0,1.02998661995,1.029986619949341,0,13,13,-394,-394,173
00.png,32.png,00.png,31.png,dots2.png,08.png,30.png,00.png,34.png,"[-204, -65]","[246, 85]","[150, 100]","[-54, 85]","[96, 85]","[246, 235]","[-204, 85]","[-54, 235]","[96, 235]","[-204, 235]","[-54, -215]","[96, -215]","[246, -215]","[100, 100]","[-54, -65]","[96, -65]","[246, -65]","[-204, -215]",1,8,"[100, 100]","[100, 100]",dots,12.png,00.png,00.png,00.png,00.png,00.png,11.png,m,"[100, 100]","[100, 100]","[100, 100]","[100, 100]","[100, 100]","[100, 100]","[100, 100]","[100, 100]","[100, 100]","[100, 100]","[100, 100]","[0, -375]",ok.png,"[100, 100]","[100, 100]",95,2,1,1,1,0,0,0,0,0,0,0,0.761734306812,0.7617343068122864,0,-187,-187,80,80,1,1,0,0,0,0,0,0,0,0.559828937054,0.5598289370536804,0,-28,-28,-392,-392,279
00.png,00.png,16.png,13.png,10.png,dots2.png,09.png,07.png,27.png,"[-214, -74]","[236, 76]","[150, 100]","[-64, 76]","[86, 76]","[236, 226]","[-214, 76]","[-64, 226]","[86, 226]","[-214, 226]","[-64, -224]","[86, -224]","[236, -224]","[100, 100]","[-64, -74]","[86, -74]","[236, -74]","[-214, -224]",1,8,"[100, 100]","[100, 100]",dots,00.png,00.png,24.png,00.png,00.png,00.png,00.png,m,"[100, 100]","[100, 100]","[100, 100]","[100, 100]","[100, 100]","[100, 100]","[100, 100]","[100, 100]","[100, 100]","[100, 100]","[100, 100]","[0, -375]",ok.png,"[100, 100]","[100, 100]",96,2,1,1,1,0,0,0,0,0,0,0,0.666786968708,0.6667869687080383,0,-85,-85,92,92,1,1,0,0,0,0,0,0,0,0.815802633762,0.8158026337623596,0,-21,-21,-403,-403,141
30.png,00.png,20.png,00.png,10.png,00.png,dots2.png,01.png,00.png,"[-249, -81]","[201, 69]","[150, 100]","[-99, 69]","[51, 69]","[201, 219]","[-249, 69]","[-99, 219]","[51, 219]","[-249, 219]","[-99, -231]","[51, -231]","[201, -231]","[100, 100]","[-99, -81]","[51, -81]","[201, -81]","[-249, -231]",1,8,"[100, 100]","[100, 100]",dots,33.png,00.png,05.png,00.png,00.png,25.png,00.png,m,"[100, 100]","[100, 100]","[100, 100]","[100, 100]","[100, 100]","[100, 100]","[100, 100]","[100, 100]","[100, 100]","[100, 100]","[100, 100]","[0, -375]",ok.png,"[100, 100]","[100, 100]",97,2,1,1,1,0,0,0,0,0,0,0,0.890496909618,0.8904969096183777,0,46,46,66,66,1,1,0,0,0,0,0,0,0,1.30839025974,1.308390259742737,0,2,2,-355,-355,256
00.png,00.png,24.png,26.png,00.png,04.png,02.png,dots2.png,09.png,"[-200, -53]","[250, 97]","[150, 100]","[-50, 97]","[100, 97]","[250, 247]","[-200, 97]","[-50, 247]","[100, 247]","[-200, 247]","[-50, -203]","[100, -203]","[250, -203]","[100, 100]","[-50, -53]","[100, -53]","[250, -53]","[-200, -203]",1,8,"[100, 100]","[100, 100]",dots,00.png,18.png,00.png,14.png,00.png,00.png,00.png,m,"[100, 100]","[100, 100]","[100, 100]","[100, 100]","[100, 100]","[100, 100]","[100, 100]","[100, 100]","[100, 100]","[100, 100]","[100, 100]","[0, -375]",ok.png,"[100, 100]","[100, 100]",98,2,1,1,1,0,0,0,0,0,0,0,1.13470518589,1.134705185890198,0,247,247,112,112,1,1,0,0,0,0,0,0,0,0.933898031712,0.9338980317115784,0,18,18,-379,-379,172
19.png,00.png,00.png,09.png,30.png,00.png,00.png,18.png,dots2.png,"[-239, -55]","[211, 95]","[150, 100]","[-89, 95]","[61, 95]","[211, 245]","[-239, 95]","[-89, 245]","[61, 245]","[-239, 245]","[-89, -205]","[61, -205]","[211, -205]","[100, 100]","[-89, -55]","[61, -55]","[211, -55]","[-239, -205]",1,8,"[100, 100]","[100, 100]",dots,11.png,00.png,00.png,07.png,00.png,00.png,14.png,m,"[100, 100]","[100, 100]","[100, 100]","[100, 100]","[100, 100]","[100, 100]","[100, 100]","[100, 100]","[100, 100]","[100, 100]","[100, 100]","[0, -375]",ok.png,"[100, 100]","[100, 100]",99,2,1,1,1,0,0,0,0,0,0,0,0.730378866196,0.7303788661956787,0,-234,-234,-61,-61,1,1,0,0,0,0,0,0,0,0.510377466679,0.5103774666786194,0,-5,-5,-408,-408,102
00.png,29.png,00.png,19.png,00.png,14.png,00.png,33.png,00.png,"[-223, -92]","[227, 58]","[150, 100]","[-73, 58]","[77, 58]","[227, 208]","[-223, 58]","[-73, 208]","[77, 208]","[-223, 208]","[-73, -242]","[77, -242]","[227, -242]","[100, 100]","[-73, -92]","[77, -92]","[227, -92]","[-223, -242]",1,8,"[100, 100]","[100, 100]",dots,23.png,00.png,dots2.png,00.png,31.png,13.png,00.png,m,"[100, 100]","[100, 100]","[100, 100]","[100, 100]","[100, 100]","[100, 100]","[100, 100]","[100, 100]","[100, 100]","[100, 100]","[100, 100]","[0, -375]",ok.png,"[100, 100]","[100, 100]",100,2,1,1,1,0,0,0,0,0,0,0,0.713318765163,0.7133187651634216,0,-65,-65,-97,-97,1,1,0,0,0,0,0,0,0,0.825814723969,0.8258147239685059,0,-11,-11,-370,-370,441
dots1.png,01.png,02.png,03.png,04.png,05.png,06.png,tray1.png,00.png,"[-229, -90]","[221, 60]","[150, 100]","[-79, 60]","[71, 60]","[221, 210]","[-229, 60]","[-79, 210]","[71, 210]","[-229, 210]","[-79, -240]","[71, -240]","[221, -240]","[100, 100]","[-79, -90]","[71, -90]","[221, -90]","[-229, -240]",1,8,"[100, 100]","[100, 100]",both,00.png,00.png,00.png,00.png,00.png,00.png,00.png,m,"[100, 100]","[100, 100]","[100, 100]","[100, 100]","[100, 100]","[100, 100]","[100, 100]","[100, 100]","[100, 100]","[100, 100]","[100, 100]","[0, -375]",ok.png,"[100, 100]","[100, 100]",101,3,1,1,1,0,0,0,0,0,0,0,0.930514812469,0.9305148124694824,0,-214,-214,194,194,1,1,0,0,0,0,0,0,0,0.829229414463,0.8292294144630432,0,215,215,62,62,338
08.png,dots1.png,09.png,00.png,10.png,11.png,tray1.png,13.png,00.png,"[-226, -89]","[224, 61]","[150, 100]","[-76, 61]","[74, 61]","[224, 211]","[-226, 61]","[-76, 211]","[74, 211]","[-226, 211]","[-76, -239]","[74, -239]","[224, -239]","[100, 100]","[-76, -89]","[74, -89]","[224, -89]","[-226, -239]",1,8,"[100, 100]","[100, 100]",both,00.png,00.png,14.png,00.png,00.png,00.png,00.png,m,"[100, 100]","[100, 100]","[100, 100]","[100, 100]","[100, 100]","[100, 100]","[100, 100]","[100, 100]","[100, 100]","[100, 100]","[100, 100]","[0, -375]",ok.png,"[100, 100]","[100, 100]",102,3,1,1,1,0,0,0,0,0,0,0,0.890556454659,0.8905564546585083,0,-87,-87,248,248,1,1,0,0,0,0,0,0,0,0.338414937258,0.3384149372577667,0,61,61,54,54,258
00.png,00.png,dots1.png,15.png,16.png,tray1.png,18.png,19.png,20.png,"[-202, -59]","[248, 91]","[150, 100]","[-52, 91]","[98, 91]","[248, 241]","[-202, 91]","[-52, 241]","[98, 241]","[-202, 241]","[-52, -209]","[98, -209]","[248, -209]","[100, 100]","[-52, -59]","[98, -59]","[248, -59]","[-202, -209]",1,8,"[100, 100]","[100, 100]",both,00.png,00.png,21.png,00.png,00.png,00.png,00.png,m,"[100, 100]","[100, 100]","[100, 100]","[100, 100]","[100, 100]","[100, 100]","[100, 100]","[100, 100]","[100, 100]","[100, 100]","[100, 100]","[0, -375]",ok.png,"[100, 100]","[100, 100]",103,3,1,1,1,0,0,0,0,0,0,0,0.822693228722,0.8226932287216187,0,-32,-32,125,125,1,1,0,0,0,0,0,0,0,0.342503249645,0.3425032496452332,0,66,66,284,284,358
22.png,23.png,24.png,dots1.png,00.png,00.png,25.png,26.png,00.png,"[-203, -73]","[247, 77]","[150, 100]","[-53, 77]","[97, 77]","[247, 227]","[-203, 77]","[-53, 227]","[97, 227]","[-203, 227]","[-53, -223]","[97, -223]","[247, -223]","[100, 100]","[-53, -73]","[97, -73]","[247, -73]","[-203, -223]",1,8,"[100, 100]","[100, 100]",both,28.png,00.png,00.png,tray1.png,00.png,00.png,00.png,m,"[100, 100]","[100, 100]","[100, 100]","[100, 100]","[100, 100]","[100, 100]","[100, 100]","[100, 100]","[100, 100]","[100, 100]","[100, 100]","[0, -375]",ok.png,"[100, 100]","[100, 100]",104,3,1,1,1,0,0,0,0,0,0,0,0.886517047882,0.8865170478820801,0,246,246,227,227,1,1,0,0,0,0,0,0,0,0.88714414835,0.887144148349762,0,89,89,-89,-89,145
00.png,00.png,00.png,00.png,dots1.png,29.png,30.png,31.png,32.png,"[-210, -55]","[240, 95]","[150, 100]","[-60, 95]","[90, 95]","[240, 245]","[-210, 95]","[-60, 245]","[90, 245]","[-210, 245]","[-60, -205]","[90, -205]","[240, -205]","[100, 100]","[-60, -55]","[90, -55]","[240, -55]","[-210, -205]",1,8,"[100, 100]","[100, 100]",both,tray1.png,00.png,33.png,34.png,00.png,00.png,00.png,m,"[100, 100]","[100, 100]","[100, 100]","[100, 100]","[100, 100]","[100, 100]","[100, 100]","[100, 100]","[100, 100]","[100, 100]","[100, 100]","[0, -375]",ok.png,"[100, 100]","[100, 100]",105,3,1,1,1,0,0,0,0,0,0,0,1.12435925007,1.124359250068665,0,-199,-199,94,94,1,1,0,0,0,0,0,0,0,0.498443007469,0.4984430074691772,0,278,278,-62,-62,213
01.png,tray1.png,00.png,00.png,04.png,dots1.png,00.png,00.png,06.png,"[-227, -63]","[223, 87]","[150, 100]","[-77, 87]","[73, 87]","[223, 237]","[-227, 87]","[-77, 237]","[73, 237]","[-227, 237]","[-77, -213]","[73, -213]","[223, -213]","[100, 100]","[-77, -63]","[73, -63]","[223, -63]","[-227, -213]",1,8,"[100, 100]","[100, 100]",both,00.png,17.png,15.png,00.png,00.png,23.png,00.png,m,"[100, 100]","[100, 100]","[100, 100]","[100, 100]","[100, 100]","[100, 100]","[100, 100]","[100, 100]","[100, 100]","[100, 100]","[100, 100]","[0, -375]",ok.png,"[100, 100]","[100, 100]",106,3,1,1,1,0,0,0,0,0,0,0,0.652692377567,0.6526923775672913,0,-75,-75,88,88,1,1,0,0,0,0,0,0,0,0.922078847885,0.9220788478851318,0,34,34,-345,-345,147
00.png,00.png,00.png,00.png,07.png,03.png,dots1.png,25.png,00.png,"[-227, -73]","[223, 77]","[150, 100]","[-77, 77]","[73, 77]","[223, 227]","[-227, 77]","[-77, 227]","[73, 227]","[-227, 227]","[-77, -223]","[73, -223]","[223, -223]","[100, 100]","[-77, -73]","[73, -73]","[223, -73]","[-227, -223]",1,8,"[100, 100]","[100, 100]",both,00.png,06.png,00.png,00.png,14.png,tray1.png,09.png,m,"[100, 100]","[100, 100]","[100, 100]","[100, 100]","[100, 100]","[100, 100]","[100, 100]","[100, 100]","[100, 100]","[100, 100]","[100, 100]","[0, -375]",ok.png,"[100, 100]","[100, 100]",107,3,1,1,1,0,0,0,0,0,0,0,1.02827298641,1.028272986412048,0,65,65,71,71,1,1,0,0,0,0,0,0,0,0.623334228992,0.6233342289924622,0,-42,-42,-241,-241,126
00.png,05.png,33.png,07.png,00.png,00.png,27.png,dots1.png,00.png,"[-228, -69]","[222, 81]","[150, 100]","[-78, 81]","[72, 81]","[222, 231]","[-228, 81]","[-78, 231]","[72, 231]","[-228, 231]","[-78, -219]","[72, -219]","[222, -219]","[100, 100]","[-78, -69]","[72, -69]","[222, -69]","[-228, -219]",1,8,"[100, 100]","[100, 100]",both,31.png,00.png,tray1.png,30.png,00.png,00.png,00.png,m,"[100, 100]","[100, 100]","[100, 100]","[100, 100]","[100, 100]","[100, 100]","[100, 100]","[100, 100]","[100, 100]","[100, 100]","[100, 100]","[0, -375]",ok.png,"[100, 100]","[100, 100]",108,3,1,1,1,0,0,0,0,0,0,0,2.44241070747,2.442410707473755,0,-63,-63,-95,-95,1,1,0,0,0,0,0,0,0,0.514137685299,0.5141376852989197,0,200,200,82,82,14
00.png,00.png,00.png,00.png,00.png,00.png,00.png,00.png,dots1.png,"[-235, -94]","[215, 56]","[150, 100]","[-85, 56]","[65, 56]","[215, 206]","[-235, 56]","[-85, 206]","[65, 206]","[-235, 206]","[-85, -244]","[65, -244]","[215, -244]","[100, 100]","[-85, -94]","[65, -94]","[215, -94]","[-235, -244]",1,8,"[100, 100]","[100, 100]",both,tray1.png,21.png,29.png,23.png,33.png,25.png,31.png,m,"[100, 100]","[100, 100]","[100, 100]","[100, 100]","[100, 100]","[100, 100]","[100, 100]","[100, 100]","[100, 100]","[100, 100]","[100, 100]","[0, -375]",ok.png,"[100, 100]","[100, 100]",109,3,1,1,1,0,0,0,0,0,0,0,1.46458876133,1.464588761329651,0,233,233,-94,-94,1,1,0,0,0,0,0,0,0,0.685333907604,0.6853339076042175,0,-219,-219,-105,-105,437
00.png,00.png,00.png,00.png,14.png,tray1.png,18.png,20.png,22.png,"[-208, -70]","[242, 80]","[150, 100]","[-58, 80]","[92, 80]","[242, 230]","[-208, 80]","[-58, 230]","[92, 230]","[-208, 230]","[-58, -220]","[92, -220]","[242, -220]","[100, 100]","[-58, -70]","[92, -70]","[242, -70]","[-208, -220]",1,8,"[100, 100]","[100, 100]",both,26.png,00.png,dots1.png,24.png,00.png,00.png,00.png,m,"[100, 100]","[100, 100]","[100, 100]","[100, 100]","[100, 100]","[100, 100]","[100, 100]","[100, 100]","[100, 100]","[100, 100]","[100, 100]","[0, -375]",ok.png,"[100, 100]","[100, 100]",110,3,1,1,1,0,0,0,0,0,0,0,0.634209811687,0.6342098116874695,0,-24,-24,-68,-68,1,1,0,0,0,0,0,0,0,1.01461601257,1.014616012573242,0,-34,-34,76,76,396
00.png,00.png,00.png,00.png,13.png,10.png,00.png,00.png,16.png,"[-235, -88]","[215, 62]","[150, 100]","[-85, 62]","[65, 62]","[215, 212]","[-235, 62]","[-85, 212]","[65, 212]","[-235, 212]","[-85, -238]","[65, -238]","[215, -238]","[100, 100]","[-85, -88]","[65, -88]","[215, -88]","[-235, -238]",1,8,"[100, 100]","[100, 100]",both,21.png,tray1.png,19.png,dots1.png,00.png,27.png,00.png,m,"[100, 100]","[100, 100]","[100, 100]","[100, 100]","[100, 100]","[100, 100]","[100, 100]","[100, 100]","[100, 100]","[100, 100]","[100, 100]","[0, -375]",ok.png,"[100, 100]","[100, 100]",111,3,1,1,1,0,0,0,0,0,0,0,1.05933964252,1.059339642524719,0,55,55,-81,-81,1,1,0,0,0,0,0,0,0,0.887026786804,0.8870267868041992,0,-233,-233,-247,-247,48
10.png,15.png,20.png,25.png,00.png,00.png,00.png,00.png,21.png,"[-210, -78]","[240, 72]","[150, 100]","[-60, 72]","[90, 72]","[240, 222]","[-210, 72]","[-60, 222]","[90, 222]","[-210, 222]","[-60, -228]","[90, -228]","[240, -228]","[100, 100]","[-60, -78]","[90, -78]","[240, -78]","[-210, -228]",1,8,"[100, 100]","[100, 100]",both,dots1.png,00.png,16.png,tray1.png,00.png,00.png,00.png,m,"[100, 100]","[100, 100]","[100, 100]","[100, 100]","[100, 100]","[100, 100]","[100, 100]","[100, 100]","[100, 100]","[100, 100]","[100, 100]","[0, -375]",ok.png,"[100, 100]","[100, 100]",112,3,1,1,1,0,0,0,0,0,0,0,1.56264829636,1.562648296356201,0,107,107,-98,-98,1,1,0,0,0,0,0,0,0,0.226541653275,0.2265416532754898,0,238,238,-77,-77,33
00.png,00.png,00.png,00.png,00.png,00.png,00.png,00.png,tray1.png,"[-200, -65]","[250, 85]","[150, 100]","[-50, 85]","[100, 85]","[250, 235]","[-200, 85]","[-50, 235]","[100, 235]","[-200, 235]","[-50, -215]","[100, -215]","[250, -215]","[100, 100]","[-50, -65]","[100, -65]","[250, -65]","[-200, -215]",1,8,"[100, 100]","[100, 100]",both,08.png,dots1.png,01.png,07.png,04.png,05.png,02.png,m,"[100, 100]","[100, 100]","[100, 100]","[100, 100]","[100, 100]","[100, 100]","[100, 100]","[100, 100]","[100, 100]","[100, 100]","[100, 100]","[0, -375]",ok.png,"[100, 100]","[100, 100]",113,3,1,1,1,0,0,0,0,0,0,0,0.951582431793,0.9515824317932128,0,-198,-198,-218,-218,1,1,0,0,0,0,0,0,0,0.562545001507,0.5625450015068054,0,-59,-59,-364,-364,224
29.png,00.png,00.png,16.png,00.png,00.png,33.png,tray1.png,13.png,"[-214, -99]","[236, 51]","[150, 100]","[-64, 51]","[86, 51]","[236, 201]","[-214, 51]","[-64, 201]","[86, 201]","[-214, 201]","[-64, -249]","[86, -249]","[236, -249]","[100, 100]","[-64, -99]","[86, -99]","[236, -99]","[-214, -249]",1,8,"[100, 100]","[100, 100]",both,00.png,23.png,00.png,00.png,00.png,dots1.png,12.png,m,"[100, 100]","[100, 100]","[100, 100]","[100, 100]","[100, 100]","[100, 100]","[100, 100]","[100, 100]","[100, 100]","[100, 100]","[100, 100]","[0, -375]",ok.png,"[100, 100]","[100, 100]",114,3,1,1,1,0,0,0,0,0,0,0,0.779835760593,0.7798357605934143,0,-66,-66,-230,-230,1,1,0,0,0,0,0,0,0,0.544125020504,0.5441250205039978,0,224,224,61,61,383
00.png,00.png,00.png,00.png,00.png,00.png,00.png,33.png,27.png,"[-250, -97]","[200, 53]","[150, 100]","[-100, 53]","[50, 53]","[200, 203]","[-250, 53]","[-100, 203]","[50, 203]","[-250, 203]","[-100, -247]","[50, -247]","[200, -247]","[100, 100]","[-100, -97]","[50, -97]","[200, -97]","[-250, -247]",1,8,"[100, 100]","[100, 100]",both,tray1.png,07.png,23.png,17.png,00.png,03.png,dots1.png,m,"[100, 100]","[100, 100]","[100, 100]","[100, 100]","[100, 100]","[100, 100]","[100, 100]","[100, 100]","[100, 100]","[100, 100]","[100, 100]","[0, -375]",ok.png,"[100, 100]","[100, 100]",115,3,1,1,1,0,0,0,0,0,0,0,0.95189923048,0.951899230480194,0,65,65,-258,-258,1,1,0,0,0,0,0,0,0,0.561575770378,0.5615757703781128,0,254,254,-89,-89,446
04.png,20.png,30.png,tray1.png,00.png,00.png,00.png,00.png,00.png,"[-200, -89]","[250, 61]","[150, 100]","[-50, 61]","[100, 61]","[250, 211]","[-200, 61]","[-50, 211]","[100, 211]","[-200, 211]","[-50, -239]","[100, -239]","[250, -239]","[100, 100]","[-50, -89]","[100, -89]","[250, -89]","[-200, -239]",1,8,"[100, 100]","[100, 100]",both,00.png,14.png,00.png,00.png,dots1.png,07.png,17.png,m,"[100, 100]","[100, 100]","[100, 100]","[100, 100]","[100, 100]","[100, 100]","[100, 100]","[100, 100]","[100, 100]","[100, 100]","[100, 100]","[0, -375]",ok.png,"[100, 100]","[100, 100]",116,3,1,1,1,0,0,0,0,0,0,0,0.921679258347,0.9216792583465576,0,289,289,-270,-270,1,1,0,0,0,0,0,0,0,0.59607565403,0.5960756540298462,0,270,270,232,232,363
00.png,19.png,29.png,00.png,00.png,tray1.png,32.png,00.png,00.png,"[-207, -67]","[243, 83]","[150, 100]","[-57, 83]","[93, 83]","[243, 233]","[-207, 83]","[-57, 233]","[93, 233]","[-207, 233]","[-57, -217]","[93, -217]","[243, -217]","[100, 100]","[-57, -67]","[93, -67]","[243, -67]","[-207, -217]",1,8,"[100, 100]","[100, 100]",both,00.png,00.png,22.png,16.png,00.png,04.png,dots1.png,m,"[100, 100]","[100, 100]","[100, 100]","[100, 100]","[100, 100]","[100, 100]","[100, 100]","[100, 100]","[100, 100]","[100, 100]","[100, 100]","[0, -375]",ok.png,"[100, 100]","[100, 100]",117,3,1,1,1,0,0,0,0,0,0,0,0.653687596321,0.653687596321106,0,-23,-23,78,78,1,1,0,0,0,0,0,0,0,0.546903669834,0.546903669834137,0,79,79,-226,-226,283
00.png,00.png,00.png,05.png,21.png,00.png,00.png,00.png,00.png,"[-233, -72]","[217, 78]","[150, 100]","[-83, 78]","[67, 78]","[217, 228]","[-233, 78]","[-83, 228]","[67, 228]","[-233, 228]","[-83, -222]","[67, -222]","[217, -222]","[100, 100]","[-83, -72]","[67, -72]","[217, -72]","[-233, -222]",1,8,"[100, 100]","[100, 100]",both,25.png,03.png,tray1.png,28.png,00.png,dots1.png,08.png,m,"[100, 100]","[100, 100]","[100, 100]","[100, 100]","[100, 100]","[100, 100]","[100, 100]","[100, 100]","[100, 100]","[100, 100]","[100, 100]","[0, -375]",ok.png,"[100, 100]","[100, 100]",118,3,1,1,1,0,0,0,0,0,0,0,0.796787023544,0.7967870235443115,0,-61,-61,-86,-86,1,1,0,0,0,0,0,0,0,0.314011991024,0.3140119910240173,0,-81,-81,-261,-261,232
06.png,00.png,15.png,17.png,00.png,00.png,16.png,00.png,00.png,"[-221, -56]","[229, 94]","[150, 100]","[-71, 94]","[79, 94]","[229, 244]","[-221, 94]","[-71, 244]","[79, 244]","[-221, 244]","[-71, -206]","[79, -206]","[229, -206]","[100, 100]","[-71, -56]","[79, -56]","[229, -56]","[-221, -206]",1,8,"[100, 100]","[100, 100]",both,23.png,dots1.png,tray1.png,00.png,00.png,00.png,07.png,m,"[100, 100]","[100, 100]","[100, 100]","[100, 100]","[100, 100]","[100, 100]","[100, 100]","[100, 100]","[100, 100]","[100, 100]","[100, 100]","[0, -375]",ok.png,"[100, 100]","[100, 100]",119,3,1,1,1,0,0,0,0,0,0,0,0.841212749481,0.8412127494812012,0,-74,-74,-62,-62,1,1,0,0,0,0,0,0,0,1.03267157078,1.032671570777893,0,-222,-222,-232,-232,443
00.png,11.png,00.png,00.png,12.png,00.png,00.png,tray1.png,00.png,"[-226, -74]","[224, 76]","[150, 100]","[-76, 76]","[74, 76]","[224, 226]","[-226, 76]","[-76, 226]","[74, 226]","[-226, 226]","[-76, -224]","[74, -224]","[224, -224]","[100, 100]","[-76, -74]","[74, -74]","[224, -74]","[-226, -224]",1,8,"[100, 100]","[100, 100]",both,dots1.png,31.png,30.png,08.png,00.png,00.png,32.png,m,"[100, 100]","[100, 100]","[100, 100]","[100, 100]","[100, 100]","[100, 100]","[100, 100]","[100, 100]","[100, 100]","[100, 100]","[100, 100]","[0, -375]",ok.png,"[100, 100]","[100, 100]",120,3,1,1,1,0,0,0,0,0,0,0,0.990745007992,0.9907450079917908,0,192,192,-66,-66,1,1,0,0,0,0,0,0,0,0.454131901264,0.4541319012641907,0,-34,-34,-460,-460,156
00.png,00.png,00.png,00.png,00.png,00.png,24.png,27.png,07.png,"[-226, -89]","[224, 61]","[150, 100]","[-76, 61]","[74, 61]","[224, 211]","[-226, 61]","[-76, 211]","[74, 211]","[-226, 211]","[-76, -239]","[74, -239]","[224, -239]","[100, 100]","[-76, -89]","[74, -89]","[224, -89]","[-226, -239]",1,8,"[100, 100]","[100, 100]",both,10.png,13.png,09.png,dots1.png,00.png,16.png,00.png,m,"[100, 100]","[100, 100]","[100, 100]","[100, 100]","[100, 100]","[100, 100]","[100, 100]","[100, 100]","[100, 100]","[100, 100]","[100, 100]","[0, -375]",ok.png,"[100, 100]","[100, 100]",121,3,1,1,1,0,0,0,0,0,0,0,1.46476113796,1.464761137962341,0,67,67,-89,-89,1,1,0,0,0,0,0,0,0,1.2755137682,1.275513768196106,0,25,25,-393,-393,36
00.png,00.png,25.png,00.png,tray1.png,00.png,05.png,00.png,01.png,"[-206, -94]","[244, 56]","[150, 100]","[-56, 56]","[94, 56]","[244, 206]","[-206, 56]","[-56, 206]","[94, 206]","[-206, 206]","[-56, -244]","[94, -244]","[244, -244]","[100, 100]","[-56, -94]","[94, -94]","[244, -94]","[-206, -244]",1,8,"[100, 100]","[100, 100]",both,10.png,00.png,dots1.png,00.png,30.png,20.png,00.png,m,"[100, 100]","[100, 100]","[100, 100]","[100, 100]","[100, 100]","[100, 100]","[100, 100]","[100, 100]","[100, 100]","[100, 100]","[100, 100]","[0, -375]",ok.png,"[100, 100]","[100, 100]",122,3,1,1,1,0,0,0,0,0,0,0,1.02575325966,1.025753259658813,0,-99,-99,-82,-82,1,1,0,0,0,0,0,0,0,0.29669842124,0.2966984212398529,0,-191,-191,46,46,390
00.png,00.png,00.png,18.png,00.png,14.png,00.png,09.png,dots1.png,"[-219, -79]","[231, 71]","[150, 100]","[-69, 71]","[81, 71]","[231, 221]","[-219, 71]","[-69, 221]","[81, 221]","[-219, 221]","[-69, -229]","[81, -229]","[231, -229]","[100, 100]","[-69, -79]","[81, -79]","[231, -79]","[-219, -229]",1,8,"[100, 100]","[100, 100]",both,00.png,26.png,02.png,04.png,00.png,tray1.png,00.png,m,"[100, 100]","[100, 100]","[100, 100]","[100, 100]","[100, 100]","[100, 100]","[100, 100]","[100, 100]","[100, 100]","[100, 100]","[100, 100]","[0, -375]",ok.png,"[100, 100]","[100, 100]",123,3,1,1,1,0,0,0,0,0,0,0,1.05989944935,1.05989944934845,0,-191,-191,-88,-88,1,1,0,0,0,0,0,0,0,0.448761671782,0.4487616717815399,0,-41,-41,-254,-254,77
00.png,tray1.png,00.png,00.png,11.png,07.png,00.png,dots1.png,18.png,"[-237, -75]","[213, 75]","[150, 100]","[-87, 75]","[63, 75]","[213, 225]","[-237, 75]","[-87, 225]","[63, 225]","[-237, 225]","[-87, -225]","[63, -225]","[213, -225]","[100, 100]","[-87, -75]","[63, -75]","[213, -75]","[-237, -225]",1,8,"[100, 100]","[100, 100]",both,30.png,09.png,00.png,00.png,19.png,00.png,00.png,m,"[100, 100]","[100, 100]","[100, 100]","[100, 100]","[100, 100]","[100, 100]","[100, 100]","[100, 100]","[100, 100]","[100, 100]","[100, 100]","[0, -375]",ok.png,"[100, 100]","[100, 100]",124,3,1,1,1,0,0,0,0,0,0,0,1.02683877945,1.026838779449463,0,199,199,80,80,1,1,0,0,0,0,0,0,0,0.468698590994,0.4686985909938812,0,-53,-53,186,186,84
tray1.png,00.png,13.png,00.png,23.png,00.png,dots1.png,00.png,33.png,"[-225, -59]","[225, 91]","[150, 100]","[-75, 91]","[75, 91]","[225, 241]","[-225, 91]","[-75, 241]","[75, 241]","[-225, 241]","[-75, -209]","[75, -209]","[225, -209]","[100, 100]","[-75, -59]","[75, -59]","[225, -59]","[-225, -209]",1,8,"[100, 100]","[100, 100]",both,00.png,19.png,00.png,14.png,00.png,00.png,29.png,m,"[100, 100]","[100, 100]","[100, 100]","[100, 100]","[100, 100]","[100, 100]","[100, 100]","[100, 100]","[100, 100]","[100, 100]","[100, 100]","[0, -375]",ok.png,"[100, 100]","[100, 100]",125,3,1,1,1,0,0,0,0,0,0,0,1.08503174782,1.085031747817993,0,-242,-242,247,247,1,1,0,0,0,0,0,0,0,0.769047737122,0.769047737121582,0,16,16,-383,-383,1
00.png,00.png,00.png,00.png,00.png,00.png,00.png,00.png,07.png,"[-200, -98]","[250, 52]","[150, 100]","[-50, 52]","[100, 52]","[250, 202]","[-200, 52]","[-50, 202]","[100, 202]","[-200, 202]","[-50, -248]","[100, -248]","[250, -248]","[100, 100]","[-50, -98]","[100, -98]","[250, -98]","[-200, -248]",1,8,"[100, 100]","[100, 100]",both,04.png,03.png,06.png,tray2.png,dots2.png,02.png,01.png,m,"[100, 100]","[100, 100]","[100, 100]","[100, 100]","[100, 100]","[100, 100]","[100, 100]","[100, 100]","[100, 100]","[100, 100]","[100, 100]","[0, -375]",ok.png,"[100, 100]","[100, 100]",126,3,1,1,1,0,0,0,0,0,0,0,1.31910097599,1.319100975990295,0,100,100,-97,-97,1,1,0,0,0,0,0,0,0,0.862660825253,0.862660825252533,0,249,249,-259,-259,5
00.png,00.png,00.png,00.png,00.png,00.png,14.png,00.png,13.png,"[-245, -60]","[205, 90]","[150, 100]","[-95, 90]","[55, 90]","[205, 240]","[-245, 90]","[-95, 240]","[55, 240]","[-245, 240]","[-95, -210]","[55, -210]","[205, -210]","[100, 100]","[-95, -60]","[55, -60]","[205, -60]","[-245, -210]",1,8,"[100, 100]","[100, 100]",both,10.png,00.png,tray2.png,11.png,08.png,09.png,dots2.png,m,"[100, 100]","[100, 100]","[100, 100]","[100, 100]","[100, 100]","[100, 100]","[100, 100]","[100, 100]","[100, 100]","[100, 100]","[100, 100]","[0, -375]",ok.png,"[100, 100]","[100, 100]",127,3,1,1,1,0,0,0,0,0,0,0,0.615662932396,0.6156629323959351,0,-84,-84,-70,-70,1,1,0,0,0,0,0,0,0,0.326855450869,0.3268554508686066,0,20,20,-217,-217,226
00.png,00.png,00.png,00.png,00.png,00.png,21.png,tray2.png,19.png,"[-202, -75]","[248, 75]","[150, 100]","[-52, 75]","[98, 75]","[248, 225]","[-202, 75]","[-52, 225]","[98, 225]","[-202, 225]","[-52, -225]","[98, -225]","[248, -225]","[100, 100]","[-52, -75]","[98, -75]","[248, -75]","[-202, -225]",1,8,"[100, 100]","[100, 100]",both,16.png,15.png,18.png,17.png,00.png,dots2.png,00.png,m,"[100, 100]","[100, 100]","[100, 100]","[100, 100]","[100, 100]","[100, 100]","[100, 100]","[100, 100]","[100, 100]","[100, 100]","[100, 100]","[0, -375]",ok.png,"[100, 100]","[100, 100]",128,3,1,1,1,0,0,0,0,0,0,0,1.17750549316,1.177505493164062,0,243,243,75,75,1,1,0,0,0,0,0,0,0,0.514130830765,0.5141308307647705,0,-50,-50,-240,-240,164
00.png,00.png,00.png,00.png,00.png,00.png,31.png,27.png,26.png,"[-211, -80]","[239, 70]","[150, 100]","[-61, 70]","[89, 70]","[239, 220]","[-211, 70]","[-61, 220]","[89, 220]","[-211, 220]","[-61, -230]","[89, -230]","[239, -230]","[100, 100]","[-61, -80]","[89, -80]","[239, -80]","[-211, -230]",1,8,"[100, 100]","[100, 100]",both,00.png,dots2.png,28.png,00.png,tray2.png,24.png,23.png,m,"[100, 100]","[100, 100]","[100, 100]","[100, 100]","[100, 100]","[100, 100]","[100, 100]","[100, 100]","[100, 100]","[100, 100]","[100, 100]","[0, -375]",ok.png,"[100, 100]","[100, 100]",129,3,1,1,1,0,0,0,0,0,0,0,1.80808234215,1.808082342147827,0,222,222,-221,-221,1,1,0,0,0,0,0,0,0,0.827632367611,0.8276323676109314,0,-202,-202,-236,-236,209
00.png,00.png,00.png,00.png,01.png,34.png,33.png,32.png,tray2.png,"[-216, -90]","[234, 60]","[150, 100]","[-66, 60]","[84, 60]","[234, 210]","[-216, 60]","[-66, 210]","[84, 210]","[-216, 210]","[-66, -240]","[84, -240]","[234, -240]","[100, 100]","[-66, -90]","[84, -90]","[234, -90]","[-216, -240]",1,8,"[100, 100]","[100, 100]",both,dots2.png,00.png,30.png,29.png,00.png,00.png,00.png,m,"[100, 100]","[100, 100]","[100, 100]","[100, 100]","[100, 100]","[100, 100]","[100, 100]","[100, 100]","[100, 100]","[100, 100]","[100, 100]","[0, -375]",ok.png,"[100, 100]","[100, 100]",130,3,1,1,1,0,0,0,0,0,0,0,0.995307147503,0.9953071475028992,0,-216,-216,-120,-120,1,1,0,0,0,0,0,0,0,0.488322138786,0.4883221387863159,0,207,207,-88,-88,153
00.png,00.png,23.png,17.png,00.png,00.png,15.png,06.png,00.png,"[-250, -96]","[200, 54]","[150, 100]","[-100, 54]","[50, 54]","[200, 204]","[-250, 54]","[-100, 204]","[50, 204]","[-250, 204]","[-100, -246]","[50, -246]","[200, -246]","[100, 100]","[-100, -96]","[50, -96]","[200, -96]","[-250, -246]",1,8,"[100, 100]","[100, 100]",both,04.png,00.png,00.png,dots2.png,01.png,00.png,tray2.png,m,"[100, 100]","[100, 100]","[100, 100]","[100, 100]","[100, 100]","[100, 100]","[100, 100]","[100, 100]","[100, 100]","[100, 100]","[100, 100]","[0, -375]",ok.png,"[100, 100]","[100, 100]",131,3,1,1,1,0,0,0,0,0,0,0,0.6496950984,0.649695098400116,0,76,76,-69,-69,1,1,0,0,0,0,0,0,0,0.402176499367,0.4021764993667603,0,38,38,-210,-210,411
14.png,09.png,22.png,tray2.png,00.png,00.png,00.png,00.png,25.png,"[-231, -54]","[219, 96]","[150, 100]","[-81, 96]","[69, 96]","[219, 246]","[-231, 96]","[-81, 246]","[69, 246]","[-231, 246]","[-81, -204]","[69, -204]","[219, -204]","[100, 100]","[-81, -54]","[69, -54]","[219, -54]","[-231, -204]",1,8,"[100, 100]","[100, 100]",both,07.png,00.png,dots2.png,03.png,00.png,00.png,00.png,m,"[100, 100]","[100, 100]","[100, 100]","[100, 100]","[100, 100]","[100, 100]","[100, 100]","[100, 100]","[100, 100]","[100, 100]","[100, 100]","[0, -375]",ok.png,"[100, 100]","[100, 100]",132,3,1,1,1,0,0,0,0,0,0,0,0.872373223305,0.8723732233047485,0,-64,-64,-54,-54,1,1,0,0,0,0,0,0,0,0.415054142475,0.4150541424751282,0,216,216,246,246,94
00.png,00.png,00.png,00.png,31.png,30.png,17.png,00.png,dots2.png,"[-241, -92]","[209, 58]","[150, 100]","[-91, 58]","[59, 58]","[209, 208]","[-241, 58]","[-91, 208]","[59, 208]","[-241, 208]","[-91, -242]","[59, -242]","[209, -242]","[100, 100]","[-91, -92]","[59, -92]","[209, -92]","[-241, -242]",1,8,"[100, 100]","[100, 100]",both,00.png,07.png,tray2.png,00.png,00.png,33.png,05.png,m,"[100, 100]","[100, 100]","[100, 100]","[100, 100]","[100, 100]","[100, 100]","[100, 100]","[100, 100]","[100, 100]","[100, 100]","[100, 100]","[0, -375]",ok.png,"[100, 100]","[100, 100]",133,3,1,1,1,0,0,0,0,0,0,0,0.539220094681,0.5392200946807861,0,-65,-65,-95,-95,1,1,0,0,0,0,0,0,0,0.441682577133,0.4416825771331787,0,-25,-25,-360,-360,410
33.png,31.png,tray2.png,21.png,27.png,23.png,29.png,dots2.png,00.png,"[-211, -100]","[239, 50]","[150, 100]","[-61, 50]","[89, 50]","[239, 200]","[-211, 50]","[-61, 200]","[89, 200]","[-211, 200]","[-61, -250]","[89, -250]","[239, -250]","[100, 100]","[-61, -100]","[89, -100]","[239, -100]","[-211, -250]",1,8,"[100, 100]","[100, 100]",both,00.png,00.png,00.png,00.png,00.png,00.png,00.png,m,"[100, 100]","[100, 100]","[100, 100]","[100, 100]","[100, 100]","[100, 100]","[100, 100]","[100, 100]","[100, 100]","[100, 100]","[100, 100]","[0, -375]",ok.png,"[100, 100]","[100, 100]",134,3,1,1,1,0,0,0,0,0,0,0,1.21816658974,1.218166589736938,0,88,88,193,193,1,1,0,0,0,0,0,0,0,0.325485259295,0.3254852592945099,0,252,252,52,52,448
00.png,00.png,00.png,00.png,26.png,24.png,dots2.png,22.png,20.png,"[-218, -74]","[232, 76]","[150, 100]","[-68, 76]","[82, 76]","[232, 226]","[-218, 76]","[-68, 226]","[82, 226]","[-218, 226]","[-68, -224]","[82, -224]","[232, -224]","[100, 100]","[-68, -74]","[82, -74]","[232, -74]","[-218, -224]",1,8,"[100, 100]","[100, 100]",both,tray2.png,00.png,18.png,16.png,00.png,00.png,00.png,m,"[100, 100]","[100, 100]","[100, 100]","[100, 100]","[100, 100]","[100, 100]","[100, 100]","[100, 100]","[100, 100]","[100, 100]","[100, 100]","[0, -375]",ok.png,"[100, 100]","[100, 100]",135,3,1,1,1,0,0,0,0,0,0,0,1.37033081055,1.370330810546875,0,90,90,78,78,1,1,0,0,0,0,0,0,0,0.714222311974,0.7142223119735718,0,222,222,-61,-61,7
00.png,00.png,27.png,24.png,21.png,dots2.png,19.png,16.png,00.png,"[-248, -87]","[202, 63]","[150, 100]","[-98, 63]","[52, 63]","[202, 213]","[-248, 63]","[-98, 213]","[52, 213]","[-248, 213]","[-98, -237]","[52, -237]","[202, -237]","[100, 100]","[-98, -87]","[52, -87]","[202, -87]","[-248, -237]",1,8,"[100, 100]","[100, 100]",both,13.png,00.png,00.png,tray2.png,00.png,00.png,00.png,m,"[100, 100]","[100, 100]","[100, 100]","[100, 100]","[100, 100]","[100, 100]","[100, 100]","[100, 100]","[100, 100]","[100, 100]","[100, 100]","[0, -375]",ok.png,"[100, 100]","[100, 100]",136,3,1,1,1,0,0,0,0,0,0,0,0.737669706345,0.7376697063446045,0,-96,-96,68,68,1,1,0,0,0,0,0,0,0,0.558052301407,0.5580523014068604,0,76,76,-103,-103,183
00.png,00.png,00.png,00.png,dots2.png,11.png,16.png,21.png,00.png,"[-226, -50]","[224, 100]","[150, 100]","[-76, 100]","[74, 100]","[224, 250]","[-226, 100]","[-76, 250]","[74, 250]","[-226, 250]","[-76, -200]","[74, -200]","[224, -200]","[100, 100]","[-76, -50]","[74, -50]","[224, -50]","[-226, -200]",1,8,"[100, 100]","[100, 100]",both,00.png,tray2.png,00.png,00.png,10.png,20.png,15.png,m,"[100, 100]","[100, 100]","[100, 100]","[100, 100]","[100, 100]","[100, 100]","[100, 100]","[100, 100]","[100, 100]","[100, 100]","[100, 100]","[0, -375]",ok.png,"[100, 100]","[100, 100]",137,3,1,1,1,0,0,0,0,0,0,0,0.977165997028,0.9771659970283508,0,-202,-202,85,85,1,1,0,0,0,0,0,0,0,0.284393817186,0.2843938171863556,0,-223,-223,-159,-159,420
tray2.png,02.png,05.png,dots2.png,08.png,07.png,01.png,03.png,00.png,"[-203, -53]","[247, 97]","[150, 100]","[-53, 97]","[97, 97]","[247, 247]","[-203, 97]","[-53, 247]","[97, 247]","[-203, 247]","[-53, -203]","[97, -203]","[247, -203]","[100, 100]","[-53, -53]","[97, -53]","[247, -53]","[-203, -203]",1,8,"[100, 100]","[100, 100]",both,00.png,00.png,00.png,00.png,00.png,00.png,00.png,m,"[100, 100]","[100, 100]","[100, 100]","[100, 100]","[100, 100]","[100, 100]","[100, 100]","[100, 100]","[100, 100]","[100, 100]","[100, 100]","[0, -375]",ok.png,"[100, 100]","[100, 100]",138,3,1,1,1,0,0,0,0,0,0,0,0.984227001667,0.9842270016670228,0,-189,-189,238,238,1,1,0,0,0,0,0,0,0,1.01358282566,1.013582825660706,0,253,253,245,245,244
00.png,12.png,dots2.png,23.png,00.png,00.png,00.png,tray2.png,08.png,"[-232, -96]","[218, 54]","[150, 100]","[-82, 54]","[68, 54]","[218, 204]","[-232, 54]","[-82, 204]","[68, 204]","[-232, 204]","[-82, -246]","[68, -246]","[218, -246]","[100, 100]","[-82, -96]","[68, -96]","[218, -96]","[-232, -246]",1,8,"[100, 100]","[100, 100]",both,00.png,16.png,33.png,00.png,29.png,00.png,00.png,m,"[100, 100]","[100, 100]","[100, 100]","[100, 100]","[100, 100]","[100, 100]","[100, 100]","[100, 100]","[100, 100]","[100, 100]","[100, 100]","[0, -375]",ok.png,"[100, 100]","[100, 100]",139,3,1,1,1,0,0,0,0,0,0,0,1.63402056694,1.634020566940308,0,212,212,62,62,1,1,0,0,0,0,0,0,0,0.784844696522,0.784844696521759,0,67,67,-362,-362,2
00.png,dots2.png,03.png,07.png,13.png,17.png,tray2.png,27.png,33.png,"[-244, -60]","[206, 90]","[150, 100]","[-94, 90]","[56, 90]","[206, 240]","[-244, 90]","[-94, 240]","[56, 240]","[-244, 240]","[-94, -210]","[56, -210]","[206, -210]","[100, 100]","[-94, -60]","[56, -60]","[206, -60]","[-244, -210]",1,8,"[100, 100]","[100, 100]",both,00.png,00.png,00.png,00.png,00.png,00.png,00.png,m,"[100, 100]","[100, 100]","[100, 100]","[100, 100]","[100, 100]","[100, 100]","[100, 100]","[100, 100]","[100, 100]","[100, 100]","[100, 100]","[0, -375]",ok.png,"[100, 100]","[100, 100]",140,3,1,1,1,0,0,0,0,0,0,0,0.888659060001,0.8886590600013733,0,67,67,79,79,1,1,0,0,0,0,0,0,0,0.603665888309,0.6036658883094788,0,-26,-26,-365,-365,336
dots2.png,17.png,07.png,14.png,00.png,00.png,00.png,00.png,00.png,"[-231, -89]","[219, 61]","[150, 100]","[-81, 61]","[69, 61]","[219, 211]","[-231, 61]","[-81, 211]","[69, 211]","[-231, 211]","[-81, -239]","[69, -239]","[219, -239]","[100, 100]","[-81, -89]","[69, -89]","[219, -89]","[-231, -239]",1,8,"[100, 100]","[100, 100]",both,00.png,02.png,00.png,00.png,04.png,tray2.png,20.png,m,"[100, 100]","[100, 100]","[100, 100]","[100, 100]","[100, 100]","[100, 100]","[100, 100]","[100, 100]","[100, 100]","[100, 100]","[100, 100]","[0, -375]",ok.png,"[100, 100]","[100, 100]",141,3,1,1,1,0,0,0,0,0,0,0,1.26345443726,1.263454437255859,0,-229,-229,228,228,1,1,0,0,0,0,0,0,0,0.484421670437,0.4844216704368591,0,-84,-84,-261,-261,351
00.png,dots2.png,04.png,00.png,00.png,16.png,22.png,00.png,00.png,"[-218, -89]","[232, 61]","[150, 100]","[-68, 61]","[82, 61]","[232, 211]","[-218, 61]","[-68, 211]","[82, 211]","[-218, 211]","[-68, -239]","[82, -239]","[232, -239]","[100, 100]","[-68, -89]","[82, -89]","[232, -89]","[-218, -239]",1,8,"[100, 100]","[100, 100]",both,00.png,00.png,32.png,tray2.png,00.png,29.png,19.png,m,"[100, 100]","[100, 100]","[100, 100]","[100, 100]","[100, 100]","[100, 100]","[100, 100]","[100, 100]","[100, 100]","[100, 100]","[100, 100]","[0, -375]",ok.png,"[100, 100]","[100, 100]",142,3,1,1,1,0,0,0,0,0,0,0,2.64804792404,2.648047924041748,0,63,63,-64,-64,1,1,0,0,0,0,0,0,0,0.453041911125,0.4530419111251831,0,10,10,-384,-384,386
00.png,08.png,dots2.png,03.png,25.png,tray2.png,27.png,00.png,00.png,"[-205, -100]","[245, 50]","[150, 100]","[-55, 50]","[95, 50]","[245, 200]","[-205, 50]","[-55, 200]","[95, 200]","[-205, 200]","[-55, -250]","[95, -250]","[245, -250]","[100, 100]","[-55, -100]","[95, -100]","[245, -100]","[-205, -250]",1,8,"[100, 100]","[100, 100]",both,21.png,05.png,00.png,00.png,00.png,00.png,00.png,m,"[100, 100]","[100, 100]","[100, 100]","[100, 100]","[100, 100]","[100, 100]","[100, 100]","[100, 100]","[100, 100]","[100, 100]","[100, 100]","[0, -375]",ok.png,"[100, 100]","[100, 100]",143,3,1,1,1,0,0,0,0,0,0,0,0.841080009937,0.8410800099372864,0,81,81,186,186,1,1,0,0,0,0,0,0,0,0.468463897705,0.4684638977050781,0,-10,-10,-390,-390,275
00.png,07.png,00.png,dots2.png,23.png,00.png,09.png,00.png,00.png,"[-215, -65]","[235, 85]","[150, 100]","[-65, 85]","[85, 85]","[235, 235]","[-215, 85]","[-65, 235]","[85, 235]","[-215, 235]","[-65, -215]","[85, -215]","[235, -215]","[100, 100]","[-65, -65]","[85, -65]","[235, -65]","[-215, -215]",1,8,"[100, 100]","[100, 100]",both,00.png,tray2.png,16.png,00.png,06.png,15.png,00.png,m,"[100, 100]","[100, 100]","[100, 100]","[100, 100]","[100, 100]","[100, 100]","[100, 100]","[100, 100]","[100, 100]","[100, 100]","[100, 100]","[0, -375]",ok.png,"[100, 100]","[100, 100]",144,3,1,1,1,0,0,0,0,0,0,0,1.05518162251,1.055181622505188,0,-215,-215,-234,-234,1,1,0,0,0,0,0,0,0,1.12527990341,1.125279903411865,0,256,256,251,251,118
00.png,tray2.png,00.png,31.png,dots2.png,08.png,30.png,00.png,34.png,"[-217, -83]","[233, 67]","[150, 100]","[-67, 67]","[83, 67]","[233, 217]","[-217, 67]","[-67, 217]","[83, 217]","[-217, 217]","[-67, -233]","[83, -233]","[233, -233]","[100, 100]","[-67, -83]","[83, -83]","[233, -83]","[-217, -233]",1,8,"[100, 100]","[100, 100]",both,12.png,00.png,00.png,00.png,00.png,00.png,11.png,m,"[100, 100]","[100, 100]","[100, 100]","[100, 100]","[100, 100]","[100, 100]","[100, 100]","[100, 100]","[100, 100]","[100, 100]","[100, 100]","[0, -375]",ok.png,"[100, 100]","[100, 100]",145,3,1,1,1,0,0,0,0,0,0,0,0.87764698267,0.8776469826698303,0,-205,-205,64,64,1,1,0,0,0,0,0,0,0,0.245033815503,0.2450338155031204,0,-98,-98,224,224,299
00.png,00.png,16.png,tray2.png,10.png,dots2.png,09.png,07.png,27.png,"[-215, -71]","[235, 79]","[150, 100]","[-65, 79]","[85, 79]","[235, 229]","[-215, 79]","[-65, 229]","[85, 229]","[-215, 229]","[-65, -221]","[85, -221]","[235, -221]","[100, 100]","[-65, -71]","[85, -71]","[235, -71]","[-215, -221]",1,8,"[100, 100]","[100, 100]",both,00.png,00.png,24.png,00.png,00.png,00.png,00.png,m,"[100, 100]","[100, 100]","[100, 100]","[100, 100]","[100, 100]","[100, 100]","[100, 100]","[100, 100]","[100, 100]","[100, 100]","[100, 100]","[0, -375]",ok.png,"[100, 100]","[100, 100]",146,3,1,1,1,0,0,0,0,0,0,0,0.929624974728,0.9296249747276306,0,-51,-51,86,86,1,1,0,0,0,0,0,0,0,0.841646909714,0.8416469097137451,0,215,215,225,225,89
30.png,00.png,20.png,00.png,10.png,00.png,dots2.png,01.png,00.png,"[-205, -60]","[245, 90]","[150, 100]","[-55, 90]","[95, 90]","[245, 240]","[-205, 90]","[-55, 240]","[95, 240]","[-205, 240]","[-55, -210]","[95, -210]","[245, -210]","[100, 100]","[-55, -60]","[95, -60]","[245, -60]","[-205, -210]",1,8,"[100, 100]","[100, 100]",both,33.png,00.png,tray2.png,00.png,00.png,25.png,00.png,m,"[100, 100]","[100, 100]","[100, 100]","[100, 100]","[100, 100]","[100, 100]","[100, 100]","[100, 100]","[100, 100]","[100, 100]","[100, 100]","[0, -375]",ok.png,"[100, 100]","[100, 100]",147,3,1,1,1,0,0,0,0,0,0,0,0.842349290848,0.8423492908477783,0,54,54,61,61,1,1,0,0,0,0,0,0,0,0.312735557556,0.3127355575561523,0,-55,-55,-55,-55,273
00.png,00.png,24.png,26.png,00.png,04.png,02.png,dots2.png,09.png,"[-229, -80]","[221, 70]","[150, 100]","[-79, 70]","[71, 70]","[221, 220]","[-229, 70]","[-79, 220]","[71, 220]","[-229, 220]","[-79, -230]","[71, -230]","[221, -230]","[100, 100]","[-79, -80]","[71, -80]","[221, -80]","[-229, -230]",1,8,"[100, 100]","[100, 100]",both,00.png,18.png,00.png,tray2.png,00.png,00.png,00.png,m,"[100, 100]","[100, 100]","[100, 100]","[100, 100]","[100, 100]","[100, 100]","[100, 100]","[100, 100]","[100, 100]","[100, 100]","[100, 100]","[0, -375]",ok.png,"[100, 100]","[100, 100]",148,3,1,1,1,0,0,0,0,0,0,0,0.818781137466,0.8187811374664307,0,204,204,61,61,1,1,0,0,0,0,0,0,0,0.267030984163,0.2670309841632843,0,92,92,-56,-56,333
tray2.png,00.png,00.png,09.png,30.png,00.png,00.png,18.png,dots2.png,"[-250, -89]","[200, 61]","[150, 100]","[-100, 61]","[50, 61]","[200, 211]","[-250, 61]","[-100, 211]","[50, 211]","[-250, 211]","[-100, -239]","[50, -239]","[200, -239]","[100, 100]","[-100, -89]","[50, -89]","[200, -89]","[-250, -239]",1,8,"[100, 100]","[100, 100]",both,11.png,00.png,00.png,07.png,00.png,00.png,14.png,m,"[100, 100]","[100, 100]","[100, 100]","[100, 100]","[100, 100]","[100, 100]","[100, 100]","[100, 100]","[100, 100]","[100, 100]","[100, 100]","[0, -375]",ok.png,"[100, 100]","[100, 100]",149,3,1,1,1,0,0,0,0,0,0,0,0.777018070221,0.7770180702209473,0,-245,-245,184,184,1,1,0,0,0,0,0,0,0,0.433737903833,0.4337379038333893,0,-246,-246,-71,-71,88
00.png,29.png,00.png,19.png,00.png,14.png,00.png,33.png,00.png,"[-235, -63]","[215, 87]","[150, 100]","[-85, 87]","[65, 87]","[215, 237]","[-235, 87]","[-85, 237]","[65, 237]","[-235, 237]","[-85, -213]","[65, -213]","[215, -213]","[100, 100]","[-85, -63]","[65, -63]","[215, -63]","[-235, -213]",1,8,"[100, 100]","[100, 100]",both,23.png,00.png,dots2.png,00.png,31.png,tray2.png,00.png,m,"[100, 100]","[100, 100]","[100, 100]","[100, 100]","[100, 100]","[100, 100]","[100, 100]","[100, 100]","[100, 100]","[100, 100]","[100, 100]","[0, -375]",ok.png,"[100, 100]","[100, 100]",150,3,1,1,1,0,0,0,0,0,0,0,0.934686601162,0.9346866011619568,0,-65,-65,-31,-31,1,1,0,0,0,0,0,0,0,0.361144572496,0.3611445724964142,0,-79,-79,-200,-200,223
tray1.png,01.png,02.png,03.png,04.png,05.png,06.png,07.png,08.png,"[-202, -79]","[248, 71]","[150, 100]","[-52, 71]","[98, 71]","[248, 221]","[-202, 71]","[-52, 221]","[98, 221]","[-202, 221]","[-52, -229]","[98, -229]","[248, -229]","[100, 100]","[-52, -79]","[98, -79]","[248, -79]","[-202, -229]",1,12,"[100, 100]","[100, 100]",tray,11.png,00.png,09.png,10.png,00.png,00.png,00.png,m,"[100, 100]","[100, 100]","[100, 100]","[100, 100]","[100, 100]","[100, 100]","[100, 100]","[100, 100]","[100, 100]","[100, 100]","[100, 100]","[0, -375]",ok.png,"[100, 100]","[100, 100]",151,1,1,1,1,0,0,0,0,0,0,0,1.10388207436,1.103882074356079,0,-194,-194,217,217,1,1,0,0,0,0,0,0,0,1.57716369629,1.577163696289062,0,27,27,-419,-419,39
08.png,tray1.png,09.png,00.png,10.png,11.png,12.png,13.png,00.png,"[-250, -78]","[200, 72]","[150, 100]","[-100, 72]","[50, 72]","[200, 222]","[-250, 72]","[-100, 222]","[50, 222]","[-250, 222]","[-100, -228]","[50, -228]","[200, -228]","[100, 100]","[-100, -78]","[50, -78]","[200, -78]","[-250, -228]",1,12,"[100, 100]","[100, 100]",tray,33.png,32.png,14.png,34.png,00.png,31.png,00.png,m,"[100, 100]","[100, 100]","[100, 100]","[100, 100]","[100, 100]","[100, 100]","[100, 100]","[100, 100]","[100, 100]","[100, 100]","[100, 100]","[0, -375]",ok.png,"[100, 100]","[100, 100]",152,1,1,1,1,0,0,0,0,0,0,0,1.27238345146,1.272383451461792,0,-110,-110,208,208,1,1,0,0,0,0,0,0,0,0.676818549633,0.6768185496330261,0,29,29,-382,-382,366
00.png,00.png,tray1.png,15.png,16.png,17.png,18.png,19.png,20.png,"[-234, -84]","[216, 66]","[150, 100]","[-84, 66]","[66, 66]","[216, 216]","[-234, 66]","[-84, 216]","[66, 216]","[-234, 216]","[-84, -234]","[66, -234]","[216, -234]","[100, 100]","[-84, -84]","[66, -84]","[216, -84]","[-234, -234]",1,12,"[100, 100]","[100, 100]",tray,23.png,24.png,21.png,22.png,00.png,25.png,00.png,m,"[100, 100]","[100, 100]","[100, 100]","[100, 100]","[100, 100]","[100, 100]","[100, 100]","[100, 100]","[100, 100]","[100, 100]","[100, 100]","[0, -375]",ok.png,"[100, 100]","[100, 100]",153,1,1,1,1,0,0,0,0,0,0,0,0.889445960522,0.889445960521698,0,58,58,207,207,1,1,0,0,0,0,0,0,0,0.79105758667,0.7910575866699219,0,-2,-2,-371,-371,135
22.png,23.png,24.png,tray1.png,00.png,00.png,25.png,26.png,00.png,"[-207, -95]","[243, 55]","[150, 100]","[-57, 55]","[93, 55]","[243, 205]","[-207, 55]","[-57, 205]","[93, 205]","[-207, 205]","[-57, -245]","[93, -245]","[243, -245]","[100, 100]","[-57, -95]","[93, -95]","[243, -95]","[-207, -245]",1,12,"[100, 100]","[100, 100]",tray,28.png,29.png,00.png,27.png,32.png,30.png,31.png,m,"[100, 100]","[100, 100]","[100, 100]","[100, 100]","[100, 100]","[100, 100]","[100, 100]","[100, 100]","[100, 100]","[100, 100]","[100, 100]","[0, -375]",ok.png,"[100, 100]","[100, 100]",154,1,1,1,1,0,0,0,0,0,0,0,3.29916191101,3.299161911010742,0,250,250,200,200,1,1,0,0,0,0,0,0,0,0.607523262501,0.6075232625007629,0,5,5,-380,-380,278
02.png,04.png,06.png,08.png,tray1.png,29.png,30.png,31.png,32.png,"[-203, -71]","[247, 79]","[150, 100]","[-53, 79]","[97, 79]","[247, 229]","[-203, 79]","[-53, 229]","[97, 229]","[-203, 229]","[-53, -221]","[97, -221]","[247, -221]","[100, 100]","[-53, -71]","[97, -71]","[247, -71]","[-203, -221]",1,12,"[100, 100]","[100, 100]",tray,01.png,00.png,33.png,34.png,00.png,00.png,00.png,m,"[100, 100]","[100, 100]","[100, 100]","[100, 100]","[100, 100]","[100, 100]","[100, 100]","[100, 100]","[100, 100]","[100, 100]","[100, 100]","[0, -375]",ok.png,"[100, 100]","[100, 100]",155,1,1,1,1,0,0,0,0,0,0,0,0.676138460636,0.6761384606361389,0,-221,-221,87,87,1,1,0,0,0,0,0,0,0,1.79197382927,1.791973829269409,0,7,7,-384,-384,125
01.png,34.png,07.png,27.png,04.png,tray1.png,00.png,00.png,06.png,"[-240, -84]","[210, 66]","[150, 100]","[-90, 66]","[60, 66]","[210, 216]","[-240, 66]","[-90, 216]","[60, 216]","[-240, 216]","[-90, -234]","[60, -234]","[210, -234]","[100, 100]","[-90, -84]","[60, -84]","[210, -84]","[-240, -234]",1,12,"[100, 100]","[100, 100]",tray,29.png,17.png,15.png,09.png,00.png,23.png,00.png,m,"[100, 100]","[100, 100]","[100, 100]","[100, 100]","[100, 100]","[100, 100]","[100, 100]","[100, 100]","[100, 100]","[100, 100]","[100, 100]","[0, -375]",ok.png,"[100, 100]","[100, 100]",156,1,1,1,1,0,0,0,0,0,0,0,1.2610565424,1.261056542396545,0,-62,-62,57,57,1,1,0,0,0,0,0,0,0,1.62030208111,1.620302081108093,0,11,11,-392,-392,86
00.png,00.png,02.png,05.png,07.png,03.png,tray1.png,25.png,18.png,"[-210, -95]","[240, 55]","[150, 100]","[-60, 55]","[90, 55]","[240, 205]","[-210, 55]","[-60, 205]","[90, 205]","[-210, 205]","[-60, -245]","[90, -245]","[240, -245]","[100, 100]","[-60, -95]","[90, -95]","[240, -95]","[-210, -245]",1,12,"[100, 100]","[100, 100]",tray,00.png,06.png,14.png,00.png,17.png,22.png,09.png,m,"[100, 100]","[100, 100]","[100, 100]","[100, 100]","[100, 100]","[100, 100]","[100, 100]","[100, 100]","[100, 100]","[100, 100]","[100, 100]","[0, -375]",ok.png,"[100, 100]","[100, 100]",157,1,1,1,1,0,0,0,0,0,0,0,0.782813251019,0.7828132510185242,0,115,115,39,39,1,1,0,0,0,0,0,0,0,0.431967437267,0.4319674372673035,0,-33,-33,-436,-436,407
00.png,05.png,33.png,07.png,20.png,15.png,27.png,tray1.png,30.png,"[-250, -64]","[200, 86]","[150, 100]","[-100, 86]","[50, 86]","[200, 236]","[-250, 86]","[-100, 236]","[50, 236]","[-250, 236]","[-100, -214]","[50, -214]","[200, -214]","[100, 100]","[-100, -64]","[50, -64]","[200, -64]","[-250, -214]",1,12,"[100, 100]","[100, 100]",tray,31.png,00.png,17.png,25.png,00.png,00.png,33.png,m,"[100, 100]","[100, 100]","[100, 100]","[100, 100]","[100, 100]","[100, 100]","[100, 100]","[100, 100]","[100, 100]","[100, 100]","[100, 100]","[0, -375]",ok.png,"[100, 100]","[100, 100]",158,1,1,1,1,0,0,0,0,0,0,0,2.57254862785,2.572548627853394,0,172,172,92,92,1,1,0,0,0,0,0,0,0,0.546648144722,0.5466481447219849,0,12,12,-378,-378,440
07.png,10.png,13.png,16.png,00.png,00.png,00.png,00.png,tray1.png,"[-214, -98]","[236, 52]","[150, 100]","[-64, 52]","[86, 52]","[236, 202]","[-214, 52]","[-64, 202]","[86, 202]","[-214, 202]","[-64, -248]","[86, -248]","[236, -248]","[100, 100]","[-64, -98]","[86, -98]","[236, -98]","[-214, -248]",1,12,"[100, 100]","[100, 100]",tray,27.png,21.png,29.png,23.png,33.png,25.png,31.png,m,"[100, 100]","[100, 100]","[100, 100]","[100, 100]","[100, 100]","[100, 100]","[100, 100]","[100, 100]","[100, 100]","[100, 100]","[100, 100]","[0, -375]",ok.png,"[100, 100]","[100, 100]",159,1,1,1,1,0,0,0,0,0,0,0,2.98202705383,2.982027053833008,0,-212,-212,-88,-88,1,1,0,0,0,0,0,0,0,0.509954631329,0.5099546313285828,0,-12,-12,-358,-358,360
09.png,07.png,05.png,03.png,14.png,16.png,18.png,20.png,22.png,"[-225, -77]","[225, 73]","[150, 100]","[-75, 73]","[75, 73]","[225, 223]","[-225, 73]","[-75, 223]","[75, 223]","[-225, 223]","[-75, -227]","[75, -227]","[225, -227]","[100, 100]","[-75, -77]","[75, -77]","[225, -77]","[-225, -227]",1,12,"[100, 100]","[100, 100]",tray,26.png,00.png,tray1.png,24.png,00.png,00.png,00.png,m,"[100, 100]","[100, 100]","[100, 100]","[100, 100]","[100, 100]","[100, 100]","[100, 100]","[100, 100]","[100, 100]","[100, 100]","[100, 100]","[0, -375]",ok.png,"[100, 100]","[100, 100]",160,1,1,1,1,0,0,0,0,0,0,0,0.898046076298,0.89804607629776,0,-111,-111,-119,-119,1,1,0,0,0,0,0,0,0,0.437542945147,0.4375429451465607,0,-14,-14,-340,-340,423
00.png,00.png,33.png,31.png,13.png,10.png,34.png,32.png,16.png,"[-227, -66]","[223, 84]","[150, 100]","[-77, 84]","[73, 84]","[223, 234]","[-227, 84]","[-77, 234]","[73, 234]","[-227, 234]","[-77, -216]","[73, -216]","[223, -216]","[100, 100]","[-77, -66]","[73, -66]","[223, -66]","[-227, -216]",1,12,"[100, 100]","[100, 100]",tray,21.png,24.png,19.png,tray1.png,00.png,27.png,00.png,m,"[100, 100]","[100, 100]","[100, 100]","[100, 100]","[100, 100]","[100, 100]","[100, 100]","[100, 100]","[100, 100]","[100, 100]","[100, 100]","[0, -375]",ok.png,"[100, 100]","[100, 100]",161,1,1,1,1,0,0,0,0,0,0,0,1.24768865108,1.2476886510849,0,70,70,-81,-81,1,1,0,0,0,0,0,0,0,0.901395440102,0.9013954401016236,0,29,29,-403,-403,399
10.png,15.png,20.png,25.png,00.png,00.png,04.png,17.png,21.png,"[-200, -81]","[250, 69]","[150, 100]","[-50, 69]","[100, 69]","[250, 219]","[-200, 69]","[-50, 219]","[100, 219]","[-200, 219]","[-50, -231]","[100, -231]","[250, -231]","[100, 100]","[-50, -81]","[100, -81]","[250, -81]","[-200, -231]",1,12,"[100, 100]","[100, 100]",tray,tray1.png,00.png,16.png,11.png,34.png,00.png,27.png,m,"[100, 100]","[100, 100]","[100, 100]","[100, 100]","[100, 100]","[100, 100]","[100, 100]","[100, 100]","[100, 100]","[100, 100]","[100, 100]","[0, -375]",ok.png,"[100, 100]","[100, 100]",162,1,1,1,1,0,0,0,0,0,0,0,1.57337236404,1.573372364044189,0,267,267,-86,-86,1,1,0,0,0,0,0,0,0,0.902416646481,0.9024166464805604,0,33,33,-368,-368,221
00.png,00.png,20.png,24.png,28.png,32.png,00.png,00.png,03.png,"[-214, -74]","[236, 76]","[150, 100]","[-64, 76]","[86, 76]","[236, 226]","[-214, 76]","[-64, 226]","[86, 226]","[-214, 226]","[-64, -224]","[86, -224]","[236, -224]","[100, 100]","[-64, -74]","[86, -74]","[236, -74]","[-214, -224]",1,12,"[100, 100]","[100, 100]",tray,08.png,tray1.png,01.png,07.png,04.png,05.png,02.png,m,"[100, 100]","[100, 100]","[100, 100]","[100, 100]","[100, 100]","[100, 100]","[100, 100]","[100, 100]","[100, 100]","[100, 100]","[100, 100]","[0, -375]",ok.png,"[100, 100]","[100, 100]",163,1,1,1,1,0,0,0,0,0,0,0,0.917667269707,0.917667269706726,0,-193,-193,-260,-260,1,1,0,0,0,0,0,0,0,1.0302798748,1.030279874801636,0,45,45,-401,-401,391
29.png,00.png,06.png,16.png,00.png,03.png,33.png,08.png,13.png,"[-224, -54]","[226, 96]","[150, 100]","[-74, 96]","[76, 96]","[226, 246]","[-224, 96]","[-74, 246]","[76, 246]","[-224, 246]","[-74, -204]","[76, -204]","[226, -204]","[100, 100]","[-74, -54]","[76, -54]","[226, -54]","[-224, -204]",1,12,"[100, 100]","[100, 100]",tray,00.png,23.png,28.png,00.png,01.png,tray1.png,12.png,m,"[100, 100]","[100, 100]","[100, 100]","[100, 100]","[100, 100]","[100, 100]","[100, 100]","[100, 100]","[100, 100]","[100, 100]","[100, 100]","[0, -375]",ok.png,"[100, 100]","[100, 100]",164,1,1,1,1,0,0,0,0,0,0,0,1.04210758209,1.042107582092285,0,-67,-67,-197,-197,1,1,0,0,0,0,0,0,0,1.12150800228,1.121508002281189,0,-3,-3,-382,-382,121
00.png,00.png,00.png,16.png,14.png,06.png,04.png,33.png,27.png,"[-214, -94]","[236, 56]","[150, 100]","[-64, 56]","[86, 56]","[236, 206]","[-214, 56]","[-64, 206]","[86, 206]","[-214, 206]","[-64, -244]","[86, -244]","[236, -244]","[100, 100]","[-64, -94]","[86, -94]","[236, -94]","[-214, -244]",1,12,"[100, 100]","[100, 100]",tray,13.png,07.png,23.png,17.png,00.png,03.png,tray1.png,m,"[100, 100]","[100, 100]","[100, 100]","[100, 100]","[100, 100]","[100, 100]","[100, 100]","[100, 100]","[100, 100]","[100, 100]","[100, 100]","[0, -375]",ok.png,"[100, 100]","[100, 100]",165,1,1,1,1,0,0,0,0,0,0,0,1.79286360741,1.792863607406616,0,77,77,-248,-248,1,1,0,0,0,0,0,0,0,2.1022207737,2.102220773696899,0,-9,-9,-392,-392,270
04.png,20.png,30.png,02.png,00.png,00.png,03.png,04.png,24.png,"[-242, -68]","[208, 82]","[150, 100]","[-92, 82]","[58, 82]","[208, 232]","[-242, 82]","[-92, 232]","[58, 232]","[-242, 232]","[-92, -218]","[58, -218]","[208, -218]","[100, 100]","[-92, -68]","[58, -68]","[208, -68]","[-242, -218]",1,12,"[100, 100]","[100, 100]",tray,00.png,14.png,23.png,00.png,tray1.png,07.png,17.png,m,"[100, 100]","[100, 100]","[100, 100]","[100, 100]","[100, 100]","[100, 100]","[100, 100]","[100, 100]","[100, 100]","[100, 100]","[100, 100]","[0, -375]",ok.png,"[100, 100]","[100, 100]",166,1,1,1,1,0,0,0,0,0,0,0,2.66613006592,2.666130065917969,0,192,192,-222,-222,1,1,0,0,0,0,0,0,0,0.415141403675,0.4151414036750793,0,43,43,-358,-358,35
03.png,19.png,29.png,00.png,00.png,02.png,32.png,11.png,12.png,"[-232, -67]","[218, 83]","[150, 100]","[-82, 83]","[68, 83]","[218, 233]","[-232, 83]","[-82, 233]","[68, 233]","[-232, 233]","[-82, -217]","[68, -217]","[218, -217]","[100, 100]","[-82, -67]","[68, -67]","[218, -67]","[-232, -217]",1,12,"[100, 100]","[100, 100]",tray,00.png,00.png,22.png,16.png,18.png,04.png,tray1.png,m,"[100, 100]","[100, 100]","[100, 100]","[100, 100]","[100, 100]","[100, 100]","[100, 100]","[100, 100]","[100, 100]","[100, 100]","[100, 100]","[0, -375]",ok.png,"[100, 100]","[100, 100]",167,1,1,1,1,0,0,0,0,0,0,0,1.40543174744,1.405431747436523,0,89,89,-227,-227,1,1,0,0,0,0,0,0,0,1.23299610615,1.232996106147766,0,3,3,-394,-394,266
16.png,13.png,11.png,05.png,21.png,00.png,00.png,00.png,00.png,"[-249, -93]","[201, 57]","[150, 100]","[-99, 57]","[51, 57]","[201, 207]","[-249, 57]","[-99, 207]","[51, 207]","[-249, 207]","[-99, -243]","[51, -243]","[201, -243]","[100, 100]","[-99, -93]","[51, -93]","[201, -93]","[-249, -243]",1,12,"[100, 100]","[100, 100]",tray,25.png,03.png,27.png,28.png,15.png,tray1.png,08.png,m,"[100, 100]","[100, 100]","[100, 100]","[100, 100]","[100, 100]","[100, 100]","[100, 100]","[100, 100]","[100, 100]","[100, 100]","[100, 100]","[0, -375]",ok.png,"[100, 100]","[100, 100]",168,1,1,1,1,0,0,0,0,0,0,0,1.81079638004,1.81079638004303,0,-111,-111,-238,-238,1,1,0,0,0,0,0,0,0,0.320112645626,0.3201126456260681,0,-42,-42,-370,-370,408
06.png,21.png,15.png,17.png,00.png,00.png,16.png,28.png,29.png,"[-206, -71]","[244, 79]","[150, 100]","[-56, 79]","[94, 79]","[244, 229]","[-206, 79]","[-56, 229]","[94, 229]","[-206, 229]","[-56, -221]","[94, -221]","[244, -221]","[100, 100]","[-56, -71]","[94, -71]","[244, -71]","[-206, -221]",1,12,"[100, 100]","[100, 100]",tray,23.png,tray1.png,09.png,00.png,00.png,14.png,07.png,m,"[100, 100]","[100, 100]","[100, 100]","[100, 100]","[100, 100]","[100, 100]","[100, 100]","[100, 100]","[100, 100]","[100, 100]","[100, 100]","[0, -375]",ok.png,"[100, 100]","[100, 100]",169,1,1,1,1,0,0,0,0,0,0,0,1.85233986378,1.852339863777161,0,-199,-199,-223,-223,1,1,0,0,0,0,0,0,0,0.418013811111,0.4180138111114502,0,-12,-12,-380,-380,208
00.png,11.png,01.png,28.png,12.png,00.png,00.png,34.png,15.png,"[-248, -60]","[202, 90]","[150, 100]","[-98, 90]","[52, 90]","[202, 240]","[-248, 90]","[-98, 240]","[52, 240]","[-248, 240]","[-98, -210]","[52, -210]","[202, -210]","[100, 100]","[-98, -60]","[52, -60]","[202, -60]","[-248, -210]",1,12,"[100, 100]","[100, 100]",tray,tray1.png,31.png,30.png,08.png,00.png,21.png,32.png,m,"[100, 100]","[100, 100]","[100, 100]","[100, 100]","[100, 100]","[100, 100]","[100, 100]","[100, 100]","[100, 100]","[100, 100]","[100, 100]","[0, -375]",ok.png,"[100, 100]","[100, 100]",170,1,1,1,1,0,0,0,0,0,0,0,2.1021053791,2.102105379104614,0,197,197,-56,-56,1,1,0,0,0,0,0,0,0,0.528446435928,0.5284464359283447,0,25,25,-356,-356,101
00.png,00.png,12.png,04.png,32.png,31.png,24.png,27.png,07.png,"[-225, -90]","[225, 60]","[150, 100]","[-75, 60]","[75, 60]","[225, 210]","[-225, 60]","[-75, 210]","[75, 210]","[-225, 210]","[-75, -240]","[75, -240]","[225, -240]","[100, 100]","[-75, -90]","[75, -90]","[225, -90]","[-225, -240]",1,12,"[100, 100]","[100, 100]",tray,10.png,13.png,09.png,tray1.png,00.png,16.png,00.png,m,"[100, 100]","[100, 100]","[100, 100]","[100, 100]","[100, 100]","[100, 100]","[100, 100]","[100, 100]","[100, 100]","[100, 100]","[100, 100]","[0, -375]",ok.png,"[100, 100]","[100, 100]",171,1,1,1,1,0,0,0,0,0,0,0,1.96188294888,1.961882948875427,0,80,80,-84,-84,1,1,0,0,0,0,0,0,0,2.5118803978,2.511880397796631,0,17,17,-394,-394,58
00.png,00.png,25.png,12.png,33.png,19.png,05.png,00.png,01.png,"[-213, -100]","[237, 50]","[150, 100]","[-63, 50]","[87, 50]","[237, 200]","[-213, 50]","[-63, 200]","[87, 200]","[-213, 200]","[-63, -250]","[87, -250]","[237, -250]","[100, 100]","[-63, -100]","[87, -100]","[237, -100]","[-213, -250]",1,12,"[100, 100]","[100, 100]",tray,10.png,34.png,tray1.png,07.png,30.png,20.png,00.png,m,"[100, 100]","[100, 100]","[100, 100]","[100, 100]","[100, 100]","[100, 100]","[100, 100]","[100, 100]","[100, 100]","[100, 100]","[100, 100]","[0, -375]",ok.png,"[100, 100]","[100, 100]",172,1,1,1,1,0,0,0,0,0,0,0,0.814096808434,0.8140968084335327,0,-39,-39,-102,-102,1,1,0,0,0,0,0,0,0,0.464350968599,0.4643509685993195,0,23,23,-375,-375,424
11.png,13.png,17.png,18.png,00.png,14.png,00.png,09.png,tray1.png,"[-222, -88]","[228, 62]","[150, 100]","[-72, 62]","[78, 62]","[228, 212]","[-222, 62]","[-72, 212]","[78, 212]","[-222, 212]","[-72, -238]","[78, -238]","[228, -238]","[100, 100]","[-72, -88]","[78, -88]","[228, -88]","[-222, -238]",1,12,"[100, 100]","[100, 100]",tray,30.png,26.png,02.png,04.png,00.png,24.png,00.png,m,"[100, 100]","[100, 100]","[100, 100]","[100, 100]","[100, 100]","[100, 100]","[100, 100]","[100, 100]","[100, 100]","[100, 100]","[100, 100]","[0, -375]",ok.png,"[100, 100]","[100, 100]",173,1,1,1,1,0,0,0,0,0,0,0,0.999026358128,0.999026358127594,0,-231,-231,-86,-86,1,1,0,0,0,0,0,0,0,1.49607527256,1.49607527256012,0,-1,-1,-361,-361,110
00.png,14.png,10.png,20.png,11.png,07.png,00.png,tray1.png,18.png,"[-217, -97]","[233, 53]","[150, 100]","[-67, 53]","[83, 53]","[233, 203]","[-217, 53]","[-67, 203]","[83, 203]","[-217, 203]","[-67, -247]","[83, -247]","[233, -247]","[100, 100]","[-67, -97]","[83, -97]","[233, -97]","[-217, -247]",1,12,"[100, 100]","[100, 100]",tray,30.png,09.png,31.png,00.png,19.png,00.png,03.png,m,"[100, 100]","[100, 100]","[100, 100]","[100, 100]","[100, 100]","[100, 100]","[100, 100]","[100, 100]","[100, 100]","[100, 100]","[100, 100]","[0, -375]",ok.png,"[100, 100]","[100, 100]",174,1,1,1,1,0,0,0,0,0,0,0,1.08784842491,1.087848424911499,0,243,243,69,69,1,1,0,0,0,0,0,0,0,0.994932234287,0.994932234287262,0,34,34,-381,-381,149
31.png,03.png,13.png,00.png,23.png,21.png,tray1.png,00.png,33.png,"[-242, -63]","[208, 87]","[150, 100]","[-92, 87]","[58, 87]","[208, 237]","[-242, 87]","[-92, 237]","[58, 237]","[-242, 237]","[-92, -213]","[58, -213]","[208, -213]","[100, 100]","[-92, -63]","[58, -63]","[208, -63]","[-242, -213]",1,12,"[100, 100]","[100, 100]",tray,00.png,19.png,00.png,14.png,26.png,32.png,29.png,m,"[100, 100]","[100, 100]","[100, 100]","[100, 100]","[100, 100]","[100, 100]","[100, 100]","[100, 100]","[100, 100]","[100, 100]","[100, 100]","[0, -375]",ok.png,"[100, 100]","[100, 100]",175,1,1,1,1,0,0,0,0,0,0,0,0.629445850849,0.6294458508491516,0,64,64,103,103,1,1,0,0,0,0,0,0,0,0.947954595089,0.9479545950889589,0,-21,-21,-383,-383,344
00.png,00.png,00.png,00.png,11.png,10.png,09.png,08.png,07.png,"[-209, -50]","[241, 100]","[150, 100]","[-59, 100]","[91, 100]","[241, 250]","[-209, 100]","[-59, 250]","[91, 250]","[-209, 250]","[-59, -200]","[91, -200]","[241, -200]","[100, 100]","[-59, -50]","[91, -50]","[241, -50]","[-209, -200]",1,12,"[100, 100]","[100, 100]",tray,04.png,03.png,06.png,05.png,tray2.png,02.png,01.png,m,"[100, 100]","[100, 100]","[100, 100]","[100, 100]","[100, 100]","[100, 100]","[100, 100]","[100, 100]","[100, 100]","[100, 100]","[100, 100]","[0, -375]",ok.png,"[100, 100]","[100, 100]",176,1,1,1,1,0,0,0,0,0,0,0,1.12409925461,1.124099254608154,0,238,238,-180,-180,1,1,0,0,0,0,0,0,0,0.280138880014,0.2801388800144196,0,-35,-35,-390,-390,155
00.png,00.png,31.png,32.png,33.png,34.png,14.png,00.png,13.png,"[-247, -95]","[203, 55]","[150, 100]","[-97, 55]","[53, 55]","[203, 205]","[-247, 55]","[-97, 205]","[53, 205]","[-247, 205]","[-97, -245]","[53, -245]","[203, -245]","[100, 100]","[-97, -95]","[53, -95]","[203, -95]","[-247, -245]",1,12,"[100, 100]","[100, 100]",tray,10.png,00.png,12.png,11.png,08.png,09.png,tray2.png,m,"[100, 100]","[100, 100]","[100, 100]","[100, 100]","[100, 100]","[100, 100]","[100, 100]","[100, 100]","[100, 100]","[100, 100]","[100, 100]","[0, -375]",ok.png,"[100, 100]","[100, 100]",177,1,1,1,1,0,0,0,0,0,0,0,1.30020582676,1.300205826759338,0,57,57,-245,-245,1,1,0,0,0,0,0,0,0,0.398330062628,0.3983300626277924,0,16,16,-368,-368,292
00.png,00.png,25.png,24.png,23.png,22.png,21.png,20.png,19.png,"[-228, -54]","[222, 96]","[150, 100]","[-78, 96]","[72, 96]","[222, 246]","[-228, 96]","[-78, 246]","[72, 246]","[-228, 246]","[-78, -204]","[72, -204]","[222, -204]","[100, 100]","[-78, -54]","[72, -54]","[222, -54]","[-228, -204]",1,12,"[100, 100]","[100, 100]",tray,16.png,15.png,18.png,17.png,00.png,tray2.png,00.png,m,"[100, 100]","[100, 100]","[100, 100]","[100, 100]","[100, 100]","[100, 100]","[100, 100]","[100, 100]","[100, 100]","[100, 100]","[100, 100]","[0, -375]",ok.png,"[100, 100]","[100, 100]",178,1,1,1,1,0,0,0,0,0,0,0,1.71586108208,1.715861082077026,0,-89,-89,-233,-233,1,1,0,0,0,0,0,0,0,0.79094606638,0.7909460663795471,0,-8,-8,-403,-403,367
33.png,32.png,30.png,29.png,00.png,00.png,31.png,27.png,26.png,"[-244, -90]","[206, 60]","[150, 100]","[-94, 60]","[56, 60]","[206, 210]","[-244, 60]","[-94, 210]","[56, 210]","[-244, 210]","[-94, -240]","[56, -240]","[206, -240]","[100, 100]","[-94, -90]","[56, -90]","[206, -90]","[-244, -240]",1,12,"[100, 100]","[100, 100]",tray,00.png,tray2.png,28.png,00.png,22.png,24.png,23.png,m,"[100, 100]","[100, 100]","[100, 100]","[100, 100]","[100, 100]","[100, 100]","[100, 100]","[100, 100]","[100, 100]","[100, 100]","[100, 100]","[0, -375]",ok.png,"[100, 100]","[100, 100]",179,1,1,1,1,0,0,0,0,0,0,0,2.08886766434,2.088867664337158,0,-241,-241,-243,-243,1,1,0,0,0,0,0,0,0,0.544076085091,0.5440760850906372,0,-32,-32,-371,-371,403
00.png,00.png,00.png,00.png,01.png,34.png,33.png,32.png,31.png,"[-235, -70]","[215, 80]","[150, 100]","[-85, 80]","[65, 80]","[215, 230]","[-235, 80]","[-85, 230]","[65, 230]","[-235, 230]","[-85, -220]","[65, -220]","[215, -220]","[100, 100]","[-85, -70]","[65, -70]","[215, -70]","[-235, -220]",1,12,"[100, 100]","[100, 100]",tray,tray2.png,08.png,30.png,29.png,02.png,06.png,04.png,m,"[100, 100]","[100, 100]","[100, 100]","[100, 100]","[100, 100]","[100, 100]","[100, 100]","[100, 100]","[100, 100]","[100, 100]","[100, 100]","[0, -375]",ok.png,"[100, 100]","[100, 100]",180,1,1,1,1,0,0,0,0,0,0,0,0.924699127674,0.9246991276741028,0,239,239,-69,-69,1,1,0,0,0,0,0,0,0,2.44687771797,2.446877717971802,0,-5,-5,-398,-398,64
00.png,00.png,23.png,17.png,29.png,09.png,15.png,06.png,00.png,"[-250, -51]","[200, 99]","[150, 100]","[-100, 99]","[50, 99]","[200, 249]","[-250, 99]","[-100, 249]","[50, 249]","[-250, 249]","[-100, -201]","[50, -201]","[200, -201]","[100, 100]","[-100, -51]","[50, -51]","[200, -51]","[-250, -201]",1,12,"[100, 100]","[100, 100]",tray,04.png,27.png,00.png,tray2.png,01.png,07.png,34.png,m,"[100, 100]","[100, 100]","[100, 100]","[100, 100]","[100, 100]","[100, 100]","[100, 100]","[100, 100]","[100, 100]","[100, 100]","[100, 100]","[0, -375]",ok.png,"[100, 100]","[100, 100]",181,1,1,1,1,0,0,0,0,0,0,0,0.795812010765,0.7958120107650757,0,55,55,-36,-36,1,1,0,0,0,0,0,0,0,0.711569190025,0.7115691900253296,0,-1,-1,-383,-383,395
17.png,09.png,22.png,06.png,00.png,00.png,14.png,18.png,25.png,"[-227, -99]","[223, 51]","[150, 100]","[-77, 51]","[73, 51]","[223, 201]","[-227, 51]","[-77, 201]","[73, 201]","[-227, 201]","[-77, -249]","[73, -249]","[223, -249]","[100, 100]","[-77, -99]","[73, -99]","[223, -99]","[-227, -249]",1,12,"[100, 100]","[100, 100]",tray,07.png,05.png,tray2.png,03.png,00.png,02.png,00.png,m,"[100, 100]","[100, 100]","[100, 100]","[100, 100]","[100, 100]","[100, 100]","[100, 100]","[100, 100]","[100, 100]","[100, 100]","[100, 100]","[0, -375]",ok.png,"[100, 100]","[100, 100]",182,1,1,1,1,0,0,0,0,0,0,0,0.696516692638,0.6965166926383972,0,-80,-80,-104,-104,1,1,0,0,0,0,0,0,0,1.66841578484,1.668415784835815,0,1,1,-379,-379,65
00.png,33.png,00.png,00.png,31.png,25.png,17.png,30.png,tray2.png,"[-240, -88]","[210, 62]","[150, 100]","[-90, 62]","[60, 62]","[210, 212]","[-240, 62]","[-90, 212]","[60, 212]","[-240, 212]","[-90, -238]","[60, -238]","[210, -238]","[100, 100]","[-90, -88]","[60, -88]","[210, -88]","[-240, -238]",1,12,"[100, 100]","[100, 100]",tray,20.png,07.png,27.png,15.png,00.png,33.png,05.png,m,"[100, 100]","[100, 100]","[100, 100]","[100, 100]","[100, 100]","[100, 100]","[100, 100]","[100, 100]","[100, 100]","[100, 100]","[100, 100]","[0, -375]",ok.png,"[100, 100]","[100, 100]",183,1,1,1,1,0,0,0,0,0,0,0,3.06816315651,3.068163156509399,0,-216,-216,-122,-122,1,1,0,0,0,0,0,0,0,0.454316645861,0.454316645860672,0,-15,-15,-384,-384,95
33.png,31.png,25.png,21.png,27.png,23.png,29.png,tray2.png,00.png,"[-239, -87]","[211, 63]","[150, 100]","[-89, 63]","[61, 63]","[211, 213]","[-239, 63]","[-89, 213]","[61, 213]","[-239, 213]","[-89, -237]","[61, -237]","[211, -237]","[100, 100]","[-89, -87]","[61, -87]","[211, -87]","[-239, -237]",1,12,"[100, 100]","[100, 100]",tray,00.png,16.png,00.png,00.png,07.png,13.png,10.png,m,"[100, 100]","[100, 100]","[100, 100]","[100, 100]","[100, 100]","[100, 100]","[100, 100]","[100, 100]","[100, 100]","[100, 100]","[100, 100]","[0, -375]",ok.png,"[100, 100]","[100, 100]",184,1,1,1,1,0,0,0,0,0,0,0,0.798105239868,0.7981052398681641,0,191,191,41,41,1,1,0,0,0,0,0,0,0,1.88548219204,1.88548219203949,0,22,22,-383,-383,371
00.png,00.png,00.png,00.png,26.png,24.png,tray2.png,22.png,20.png,"[-230, -94]","[220, 56]","[150, 100]","[-80, 56]","[70, 56]","[220, 206]","[-230, 56]","[-80, 206]","[70, 206]","[-230, 206]","[-80, -244]","[70, -244]","[220, -244]","[100, 100]","[-80, -94]","[70, -94]","[220, -94]","[-230, -244]",1,12,"[100, 100]","[100, 100]",tray,14.png,03.png,18.png,16.png,09.png,05.png,07.png,m,"[100, 100]","[100, 100]","[100, 100]","[100, 100]","[100, 100]","[100, 100]","[100, 100]","[100, 100]","[100, 100]","[100, 100]","[100, 100]","[0, -375]",ok.png,"[100, 100]","[100, 100]",185,1,1,1,1,0,0,0,0,0,0,0,0.735891401768,0.7358914017677307,0,69,69,62,62,1,1,0,0,0,0,0,0,0,1.83734345436,1.837343454360962,0,14,14,-397,-397,316
00.png,00.png,27.png,24.png,21.png,tray2.png,19.png,16.png,32.png,"[-207, -50]","[243, 100]","[150, 100]","[-57, 100]","[93, 100]","[243, 250]","[-207, 100]","[-57, 250]","[93, 250]","[-207, 250]","[-57, -200]","[93, -200]","[243, -200]","[100, 100]","[-57, -50]","[93, -50]","[243, -50]","[-207, -200]",1,12,"[100, 100]","[100, 100]",tray,13.png,31.png,34.png,10.png,00.png,33.png,00.png,m,"[100, 100]","[100, 100]","[100, 100]","[100, 100]","[100, 100]","[100, 100]","[100, 100]","[100, 100]","[100, 100]","[100, 100]","[100, 100]","[0, -375]",ok.png,"[100, 100]","[100, 100]",186,1,1,1,1,0,0,0,0,0,0,0,0.951525270939,0.9515252709388732,0,-72,-72,83,83,1,1,0,0,0,0,0,0,0,0.858796596527,0.8587965965270996,0,18,18,-373,-373,60
34.png,27.png,00.png,00.png,tray2.png,11.png,16.png,21.png,17.png,"[-210, -82]","[240, 68]","[150, 100]","[-60, 68]","[90, 68]","[240, 218]","[-210, 68]","[-60, 218]","[90, 218]","[-210, 218]","[-60, -232]","[90, -232]","[240, -232]","[100, 100]","[-60, -82]","[90, -82]","[240, -82]","[-210, -232]",1,12,"[100, 100]","[100, 100]",tray,00.png,25.png,04.png,00.png,10.png,20.png,15.png,m,"[100, 100]","[100, 100]","[100, 100]","[100, 100]","[100, 100]","[100, 100]","[100, 100]","[100, 100]","[100, 100]","[100, 100]","[100, 100]","[0, -375]",ok.png,"[100, 100]","[100, 100]",187,1,1,1,1,0,0,0,0,0,0,0,1.0477052927,1.047705292701721,0,-196,-196,78,78,1,1,0,0,0,0,0,0,0,0.527084112167,0.5270841121673584,0,-14,-14,-387,-387,112
04.png,02.png,05.png,tray2.png,08.png,07.png,01.png,03.png,00.png,"[-248, -61]","[202, 89]","[150, 100]","[-98, 89]","[52, 89]","[202, 239]","[-248, 89]","[-98, 239]","[52, 239]","[-248, 239]","[-98, -211]","[52, -211]","[202, -211]","[100, 100]","[-98, -61]","[52, -61]","[202, -61]","[-248, -211]",1,12,"[100, 100]","[100, 100]",tray,28.png,24.png,00.png,32.png,00.png,20.png,00.png,m,"[100, 100]","[100, 100]","[100, 100]","[100, 100]","[100, 100]","[100, 100]","[100, 100]","[100, 100]","[100, 100]","[100, 100]","[100, 100]","[0, -375]",ok.png,"[100, 100]","[100, 100]",188,1,1,1,1,0,0,0,0,0,0,0,0.985437035561,0.985437035560608,0,206,206,235,235,1,1,0,0,0,0,0,0,0,0.528344810009,0.5283448100090027,0,-12,-12,-377,-377,326
01.png,12.png,tray2.png,23.png,00.png,00.png,28.png,13.png,08.png,"[-207, -67]","[243, 83]","[150, 100]","[-57, 83]","[93, 83]","[243, 233]","[-207, 83]","[-57, 233]","[93, 233]","[-207, 233]","[-57, -217]","[93, -217]","[243, -217]","[100, 100]","[-57, -67]","[93, -67]","[243, -67]","[-207, -217]",1,12,"[100, 100]","[100, 100]",tray,00.png,16.png,33.png,03.png,29.png,06.png,00.png,m,"[100, 100]","[100, 100]","[100, 100]","[100, 100]","[100, 100]","[100, 100]","[100, 100]","[100, 100]","[100, 100]","[100, 100]","[100, 100]","[0, -375]",ok.png,"[100, 100]","[100, 100]",189,1,1,1,1,0,0,0,0,0,0,0,1.11724209785,1.117242097854614,0,86,86,230,230,1,1,0,0,0,0,0,0,0,1.19916534424,1.199165344238281,0,24,24,-394,-394,57
00.png,tray2.png,03.png,07.png,13.png,17.png,23.png,27.png,33.png,"[-248, -98]","[202, 52]","[150, 100]","[-98, 52]","[52, 52]","[202, 202]","[-248, 52]","[-98, 202]","[52, 202]","[-248, 202]","[-98, -248]","[52, -248]","[202, -248]","[100, 100]","[-98, -98]","[52, -98]","[202, -98]","[-248, -248]",1,12,"[100, 100]","[100, 100]",tray,14.png,16.png,04.png,06.png,00.png,00.png,00.png,m,"[100, 100]","[100, 100]","[100, 100]","[100, 100]","[100, 100]","[100, 100]","[100, 100]","[100, 100]","[100, 100]","[100, 100]","[100, 100]","[0, -375]",ok.png,"[100, 100]","[100, 100]",190,1,1,1,1,0,0,0,0,0,0,0,0.983076095581,0.9830760955810548,0,-102,-102,181,181,1,1,0,0,0,0,0,0,0,1.21002972126,1.210029721260071,0,26,26,-383,-383,185
tray2.png,17.png,07.png,14.png,00.png,00.png,23.png,24.png,04.png,"[-213, -83]","[237, 67]","[150, 100]","[-63, 67]","[87, 67]","[237, 217]","[-213, 67]","[-63, 217]","[87, 217]","[-213, 217]","[-63, -233]","[87, -233]","[237, -233]","[100, 100]","[-63, -83]","[87, -83]","[237, -83]","[-213, -233]",1,12,"[100, 100]","[100, 100]",tray,00.png,02.png,03.png,00.png,04.png,30.png,20.png,m,"[100, 100]","[100, 100]","[100, 100]","[100, 100]","[100, 100]","[100, 100]","[100, 100]","[100, 100]","[100, 100]","[100, 100]","[100, 100]","[0, -375]",ok.png,"[100, 100]","[100, 100]",191,1,1,1,1,0,0,0,0,0,0,0,1.32313287258,1.323132872581482,0,-244,-244,202,202,1,1,0,0,0,0,0,0,0,0.603862941265,0.6038629412651062,0,-13,-13,-357,-357,311
18.png,tray2.png,04.png,00.png,00.png,16.png,22.png,12.png,11.png,"[-217, -100]","[233, 50]","[150, 100]","[-67, 50]","[83, 50]","[233, 200]","[-217, 50]","[-67, 200]","[83, 200]","[-217, 200]","[-67, -250]","[83, -250]","[233, -250]","[100, 100]","[-67, -100]","[83, -100]","[233, -100]","[-217, -250]",1,12,"[100, 100]","[100, 100]",tray,00.png,00.png,32.png,02.png,03.png,29.png,19.png,m,"[100, 100]","[100, 100]","[100, 100]","[100, 100]","[100, 100]","[100, 100]","[100, 100]","[100, 100]","[100, 100]","[100, 100]","[100, 100]","[0, -375]",ok.png,"[100, 100]","[100, 100]",192,1,1,1,1,0,0,0,0,0,0,0,0.874992787838,0.8749927878379822,0,-50,-50,202,202,1,1,0,0,0,0,0,0,0,0.97964400053,0.9796440005302428,0,13,13,-387,-387,75
15.png,08.png,tray2.png,03.png,25.png,28.png,27.png,00.png,00.png,"[-210, -99]","[240, 51]","[150, 100]","[-60, 51]","[90, 51]","[240, 201]","[-210, 51]","[-60, 201]","[90, 201]","[-210, 201]","[-60, -249]","[90, -249]","[240, -249]","[100, 100]","[-60, -99]","[90, -99]","[240, -99]","[-210, -249]",1,12,"[100, 100]","[100, 100]",tray,21.png,05.png,00.png,00.png,16.png,11.png,13.png,m,"[100, 100]","[100, 100]","[100, 100]","[100, 100]","[100, 100]","[100, 100]","[100, 100]","[100, 100]","[100, 100]","[100, 100]","[100, 100]","[0, -375]",ok.png,"[100, 100]","[100, 100]",193,1,1,1,1,0,0,0,0,0,0,0,0.930485367775,0.9304853677749634,0,84,84,243,243,1,1,0,0,0,0,0,0,0,1.79447329044,1.79447329044342,0,-2,-2,-351,-351,305
00.png,07.png,14.png,tray2.png,23.png,00.png,09.png,29.png,28.png,"[-227, -50]","[223, 100]","[150, 100]","[-77, 100]","[73, 100]","[223, 250]","[-227, 100]","[-77, 250]","[73, 250]","[-227, 250]","[-77, -200]","[73, -200]","[223, -200]","[100, 100]","[-77, -50]","[73, -50]","[223, -50]","[-227, -200]",1,12,"[100, 100]","[100, 100]",tray,00.png,17.png,16.png,00.png,06.png,15.png,21.png,m,"[100, 100]","[100, 100]","[100, 100]","[100, 100]","[100, 100]","[100, 100]","[100, 100]","[100, 100]","[100, 100]","[100, 100]","[100, 100]","[0, -375]",ok.png,"[100, 100]","[100, 100]",194,1,1,1,1,0,0,0,0,0,0,0,1.65229487419,1.652294874191284,0,236,236,241,241,1,1,0,0,0,0,0,0,0,1.15334820747,1.153348207473755,0,-13,-13,-395,-395,349
00.png,32.png,21.png,31.png,tray2.png,08.png,30.png,15.png,34.png,"[-238, -62]","[212, 88]","[150, 100]","[-88, 88]","[62, 88]","[212, 238]","[-238, 88]","[-88, 238]","[62, 238]","[-238, 238]","[-88, -212]","[62, -212]","[212, -212]","[100, 100]","[-88, -62]","[62, -62]","[212, -62]","[-238, -212]",1,12,"[100, 100]","[100, 100]",tray,12.png,28.png,00.png,00.png,00.png,01.png,11.png,m,"[100, 100]","[100, 100]","[100, 100]","[100, 100]","[100, 100]","[100, 100]","[100, 100]","[100, 100]","[100, 100]","[100, 100]","[100, 100]","[0, -375]",ok.png,"[100, 100]","[100, 100]",195,1,1,1,1,0,0,0,0,0,0,0,1.18007862568,1.180078625679016,0,-225,-225,78,78,1,1,0,0,0,0,0,0,0,2.04575800896,2.045758008956909,0,-4,-4,-380,-380,50
00.png,00.png,16.png,13.png,10.png,tray2.png,09.png,07.png,27.png,"[-249, -99]","[201, 51]","[150, 100]","[-99, 51]","[51, 51]","[201, 201]","[-249, 51]","[-99, 201]","[51, 201]","[-249, 201]","[-99, -249]","[51, -249]","[201, -249]","[100, 100]","[-99, -99]","[51, -99]","[201, -99]","[-249, -249]",1,12,"[100, 100]","[100, 100]",tray,32.png,04.png,24.png,31.png,00.png,12.png,00.png,m,"[100, 100]","[100, 100]","[100, 100]","[100, 100]","[100, 100]","[100, 100]","[100, 100]","[100, 100]","[100, 100]","[100, 100]","[100, 100]","[0, -375]",ok.png,"[100, 100]","[100, 100]",196,1,1,1,1,0,0,0,0,0,0,0,1.05813479424,1.058134794235229,0,-122,-122,41,41,1,1,0,0,0,0,0,0,0,2.47388410568,2.473884105682373,0,12,12,-378,-378,117
30.png,00.png,20.png,34.png,10.png,07.png,tray2.png,01.png,00.png,"[-228, -59]","[222, 91]","[150, 100]","[-78, 91]","[72, 91]","[222, 241]","[-228, 91]","[-78, 241]","[72, 241]","[-228, 241]","[-78, -209]","[72, -209]","[222, -209]","[100, 100]","[-78, -59]","[72, -59]","[222, -59]","[-228, -209]",1,12,"[100, 100]","[100, 100]",tray,33.png,12.png,05.png,19.png,00.png,25.png,00.png,m,"[100, 100]","[100, 100]","[100, 100]","[100, 100]","[100, 100]","[100, 100]","[100, 100]","[100, 100]","[100, 100]","[100, 100]","[100, 100]","[0, -375]",ok.png,"[100, 100]","[100, 100]",197,1,1,1,1,0,0,0,0,0,0,0,0.612510323524,0.6125103235244751,0,85,85,83,83,1,1,0,0,0,0,0,0,0,0.976500570774,0.9765005707740784,0,20,20,-366,-366,422
00.png,00.png,24.png,26.png,30.png,04.png,02.png,tray2.png,09.png,"[-246, -74]","[204, 76]","[150, 100]","[-96, 76]","[54, 76]","[204, 226]","[-246, 76]","[-96, 226]","[54, 226]","[-246, 226]","[-96, -224]","[54, -224]","[204, -224]","[100, 100]","[-96, -74]","[54, -74]","[204, -74]","[-246, -224]",1,12,"[100, 100]","[100, 100]",tray,00.png,18.png,00.png,14.png,11.png,17.png,13.png,m,"[100, 100]","[100, 100]","[100, 100]","[100, 100]","[100, 100]","[100, 100]","[100, 100]","[100, 100]","[100, 100]","[100, 100]","[100, 100]","[0, -375]",ok.png,"[100, 100]","[100, 100]",198,1,1,1,1,0,0,0,0,0,0,0,0.998357474804,0.9983574748039246,0,198,198,83,83,1,1,0,0,0,0,0,0,0,4.3318977356,4.331897735595703,0,48,48,220,220,13
19.png,03.png,00.png,09.png,30.png,00.png,31.png,18.png,tray2.png,"[-227, -85]","[223, 65]","[150, 100]","[-77, 65]","[73, 65]","[223, 215]","[-227, 65]","[-77, 215]","[73, 215]","[-227, 215]","[-77, -235]","[73, -235]","[223, -235]","[100, 100]","[-77, -85]","[73, -85]","[223, -85]","[-227, -235]",1,12,"[100, 100]","[100, 100]",tray,11.png,20.png,00.png,07.png,00.png,10.png,14.png,m,"[100, 100]","[100, 100]","[100, 100]","[100, 100]","[100, 100]","[100, 100]","[100, 100]","[100, 100]","[100, 100]","[100, 100]","[100, 100]","[0, -375]",ok.png,"[100, 100]","[100, 100]",199,1,1,1,1,0,0,0,0,0,0,0,0.934472739697,0.9344727396965028,0,-229,-229,-104,-104,1,1,0,0,0,0,0,0,0,0.702637553215,0.7026375532150269,0,-16,-16,-389,-389,288
26.png,29.png,32.png,19.png,00.png,14.png,00.png,33.png,00.png,"[-216, -92]","[234, 58]","[150, 100]","[-66, 58]","[84, 58]","[234, 208]","[-216, 58]","[-66, 208]","[84, 208]","[-216, 208]","[-66, -242]","[84, -242]","[234, -242]","[100, 100]","[-66, -92]","[84, -92]","[234, -92]","[-216, -242]",1,12,"[100, 100]","[100, 100]",tray,23.png,00.png,tray2.png,21.png,31.png,13.png,03.png,m,"[100, 100]","[100, 100]","[100, 100]","[100, 100]","[100, 100]","[100, 100]","[100, 100]","[100, 100]","[100, 100]","[100, 100]","[100, 100]","[0, -375]",ok.png,"[100, 100]","[100, 100]",200,1,1,1,1,0,0,0,0,0,0,0,0.929391980171,0.9293919801712036,0,-61,-61,-115,-115,1,1,0,0,0,0,0,0,0,1.07539188862,1.075391888618469,0,4,4,-393,-393,247
dots1.png,01.png,02.png,03.png,04.png,05.png,06.png,07.png,08.png,"[-249, -75]","[201, 75]","[150, 100]","[-99, 75]","[51, 75]","[201, 225]","[-249, 75]","[-99, 225]","[51, 225]","[-249, 225]","[-99, -225]","[51, -225]","[201, -225]","[100, 100]","[-99, -75]","[51, -75]","[201, -75]","[-249, -225]",1,12,"[100, 100]","[100, 100]",dots,11.png,00.png,09.png,10.png,00.png,00.png,00.png,m,"[100, 100]","[100, 100]","[100, 100]","[100, 100]","[100, 100]","[100, 100]","[100, 100]","[100, 100]","[100, 100]","[100, 100]","[100, 100]","[0, -375]",ok.png,"[100, 100]","[100, 100]",201,2,1,1,1,0,0,0,0,0,0,0,1.01242542267,1.012425422668457,0,-228,-228,206,206,1,1,0,0,0,0,0,0,0,1.49564790726,1.49564790725708,0,-11,-11,-401,-401,140
08.png,dots1.png,09.png,00.png,10.png,11.png,12.png,13.png,00.png,"[-230, -51]","[220, 99]","[150, 100]","[-80, 99]","[70, 99]","[220, 249]","[-230, 99]","[-80, 249]","[70, 249]","[-230, 249]","[-80, -201]","[70, -201]","[220, -201]","[100, 100]","[-80, -51]","[70, -51]","[220, -51]","[-230, -201]",1,12,"[100, 100]","[100, 100]",dots,33.png,32.png,14.png,34.png,00.png,31.png,00.png,m,"[100, 100]","[100, 100]","[100, 100]","[100, 100]","[100, 100]","[100, 100]","[100, 100]","[100, 100]","[100, 100]","[100, 100]","[100, 100]","[0, -375]",ok.png,"[100, 100]","[100, 100]",202,2,1,1,1,0,0,0,0,0,0,0,0.981663167477,0.981663167476654,0,-75,-75,248,248,1,1,0,0,0,0,0,0,0,0.819523155689,0.8195231556892395,0,15,15,-394,-394,132
00.png,00.png,dots1.png,15.png,16.png,17.png,18.png,19.png,20.png,"[-213, -56]","[237, 94]","[150, 100]","[-63, 94]","[87, 94]","[237, 244]","[-213, 94]","[-63, 244]","[87, 244]","[-213, 244]","[-63, -206]","[87, -206]","[237, -206]","[100, 100]","[-63, -56]","[87, -56]","[237, -56]","[-213, -206]",1,12,"[100, 100]","[100, 100]",dots,23.png,24.png,21.png,22.png,00.png,25.png,00.png,m,"[100, 100]","[100, 100]","[100, 100]","[100, 100]","[100, 100]","[100, 100]","[100, 100]","[100, 100]","[100, 100]","[100, 100]","[100, 100]","[0, -375]",ok.png,"[100, 100]","[100, 100]",203,2,1,1,1,0,0,0,0,0,0,0,0.840888798237,0.8408887982368469,0,94,94,236,236,1,1,0,0,0,0,0,0,0,0.87290418148,0.8729041814804077,0,29,29,-369,-369,373
22.png,23.png,24.png,dots1.png,00.png,00.png,25.png,26.png,00.png,"[-209, -76]","[241, 74]","[150, 100]","[-59, 74]","[91, 74]","[241, 224]","[-209, 74]","[-59, 224]","[91, 224]","[-209, 224]","[-59, -226]","[91, -226]","[241, -226]","[100, 100]","[-59, -76]","[91, -76]","[241, -76]","[-209, -226]",1,12,"[100, 100]","[100, 100]",dots,28.png,29.png,00.png,27.png,32.png,30.png,31.png,m,"[100, 100]","[100, 100]","[100, 100]","[100, 100]","[100, 100]","[100, 100]","[100, 100]","[100, 100]","[100, 100]","[100, 100]","[100, 100]","[0, -375]",ok.png,"[100, 100]","[100, 100]",204,2,1,1,1,0,0,0,0,0,0,0,1.53641331196,1.536413311958313,0,234,234,237,237,1,1,0,0,0,0,0,0,0,1.15362465382,1.153624653816223,0,4,4,-377,-377,99
02.png,04.png,06.png,08.png,dots1.png,29.png,30.png,31.png,32.png,"[-244, -72]","[206, 78]","[150, 100]","[-94, 78]","[56, 78]","[206, 228]","[-244, 78]","[-94, 228]","[56, 228]","[-244, 228]","[-94, -222]","[56, -222]","[206, -222]","[100, 100]","[-94, -72]","[56, -72]","[206, -72]","[-244, -222]",1,12,"[100, 100]","[100, 100]",dots,01.png,00.png,33.png,34.png,00.png,00.png,00.png,m,"[100, 100]","[100, 100]","[100, 100]","[100, 100]","[100, 100]","[100, 100]","[100, 100]","[100, 100]","[100, 100]","[100, 100]","[100, 100]","[0, -375]",ok.png,"[100, 100]","[100, 100]",205,2,1,1,1,0,0,0,0,0,0,0,1.21269440651,1.212694406509399,0,-224,-224,67,67,1,1,0,0,0,0,0,0,0,0.471105396748,0.4711053967475891,0,-17,-17,-337,-337,74
01.png,34.png,07.png,27.png,04.png,dots1.png,00.png,00.png,06.png,"[-227, -91]","[223, 59]","[150, 100]","[-77, 59]","[73, 59]","[223, 209]","[-227, 59]","[-77, 209]","[73, 209]","[-227, 209]","[-77, -241]","[73, -241]","[223, -241]","[100, 100]","[-77, -91]","[73, -91]","[223, -91]","[-227, -241]",1,12,"[100, 100]","[100, 100]",dots,29.png,17.png,15.png,09.png,00.png,23.png,00.png,m,"[100, 100]","[100, 100]","[100, 100]","[100, 100]","[100, 100]","[100, 100]","[100, 100]","[100, 100]","[100, 100]","[100, 100]","[100, 100]","[0, -375]",ok.png,"[100, 100]","[100, 100]",206,2,1,1,1,0,0,0,0,0,0,0,0.796904027462,0.7969040274620056,0,-83,-83,66,66,1,1,0,0,0,0,0,0,0,0.836526453495,0.8365264534950256,0,-5,-5,-370,-370,245
00.png,00.png,02.png,05.png,07.png,03.png,dots1.png,25.png,18.png,"[-215, -68]","[235, 82]","[150, 100]","[-65, 82]","[85, 82]","[235, 232]","[-215, 82]","[-65, 232]","[85, 232]","[-215, 232]","[-65, -218]","[85, -218]","[235, -218]","[100, 100]","[-65, -68]","[85, -68]","[235, -68]","[-215, -218]",1,12,"[100, 100]","[100, 100]",dots,00.png,06.png,14.png,00.png,17.png,22.png,09.png,m,"[100, 100]","[100, 100]","[100, 100]","[100, 100]","[100, 100]","[100, 100]","[100, 100]","[100, 100]","[100, 100]","[100, 100]","[100, 100]","[0, -375]",ok.png,"[100, 100]","[100, 100]",207,2,1,1,1,0,0,0,0,0,0,0,0.967059850693,0.967059850692749,0,107,107,78,78,1,1,0,0,0,0,0,0,0,1.02894997597,1.028949975967407,0,46,46,-404,-404,71
00.png,05.png,33.png,07.png,20.png,15.png,27.png,dots1.png,30.png,"[-216, -80]","[234, 70]","[150, 100]","[-66, 70]","[84, 70]","[234, 220]","[-216, 70]","[-66, 220]","[84, 220]","[-216, 220]","[-66, -230]","[84, -230]","[234, -230]","[100, 100]","[-66, -80]","[84, -80]","[234, -80]","[-216, -230]",1,12,"[100, 100]","[100, 100]",dots,31.png,00.png,17.png,25.png,00.png,00.png,33.png,m,"[100, 100]","[100, 100]","[100, 100]","[100, 100]","[100, 100]","[100, 100]","[100, 100]","[100, 100]","[100, 100]","[100, 100]","[100, 100]","[0, -375]",ok.png,"[100, 100]","[100, 100]",208,2,1,1,1,0,0,0,0,0,0,0,1.17163991928,1.171639919281006,0,242,242,58,58,1,1,0,0,0,0,0,0,0,1.46299648285,1.462996482849121,0,-16,-16,-393,-393,438
07.png,10.png,13.png,16.png,00.png,00.png,00.png,00.png,dots1.png,"[-241, -73]","[209, 77]","[150, 100]","[-91, 77]","[59, 77]","[209, 227]","[-241, 77]","[-91, 227]","[59, 227]","[-241, 227]","[-91, -223]","[59, -223]","[209, -223]","[100, 100]","[-91, -73]","[59, -73]","[209, -73]","[-241, -223]",1,12,"[100, 100]","[100, 100]",dots,27.png,21.png,29.png,23.png,33.png,25.png,31.png,m,"[100, 100]","[100, 100]","[100, 100]","[100, 100]","[100, 100]","[100, 100]","[100, 100]","[100, 100]","[100, 100]","[100, 100]","[100, 100]","[0, -375]",ok.png,"[100, 100]","[100, 100]",209,2,1,1,1,0,0,0,0,0,0,0,1.10090327263,1.100903272628784,0,-262,-262,-92,-92,1,1,0,0,0,0,0,0,0,1.06412899494,1.064128994941711,0,7,7,-438,-438,287
09.png,07.png,05.png,03.png,14.png,16.png,18.png,20.png,22.png,"[-200, -64]","[250, 86]","[150, 100]","[-50, 86]","[100, 86]","[250, 236]","[-200, 86]","[-50, 236]","[100, 236]","[-200, 236]","[-50, -214]","[100, -214]","[250, -214]","[100, 100]","[-50, -64]","[100, -64]","[250, -64]","[-200, -214]",1,12,"[100, 100]","[100, 100]",dots,26.png,00.png,dots1.png,24.png,00.png,00.png,00.png,m,"[100, 100]","[100, 100]","[100, 100]","[100, 100]","[100, 100]","[100, 100]","[100, 100]","[100, 100]","[100, 100]","[100, 100]","[100, 100]","[0, -375]",ok.png,"[100, 100]","[100, 100]",210,2,1,1,1,0,0,0,0,0,0,0,5.05302000046,5.053020000457764,0,-39,-39,-66,-66,1,1,0,0,0,0,0,0,0,0.417623102665,0.4176231026649475,0,-3,-3,-289,-289,192
00.png,00.png,33.png,31.png,13.png,10.png,34.png,32.png,16.png,"[-221, -59]","[229, 91]","[150, 100]","[-71, 91]","[79, 91]","[229, 241]","[-221, 91]","[-71, 241]","[79, 241]","[-221, 241]","[-71, -209]","[79, -209]","[229, -209]","[100, 100]","[-71, -59]","[79, -59]","[229, -59]","[-221, -209]",1,12,"[100, 100]","[100, 100]",dots,21.png,24.png,19.png,dots1.png,00.png,27.png,00.png,m,"[100, 100]","[100, 100]","[100, 100]","[100, 100]","[100, 100]","[100, 100]","[100, 100]","[100, 100]","[100, 100]","[100, 100]","[100, 100]","[0, -375]",ok.png,"[100, 100]","[100, 100]",211,2,1,1,1,0,0,0,0,0,0,0,0.826581060886,0.8265810608863831,0,63,63,-60,-60,1,1,0,0,0,0,0,0,0,1.43593013287,1.435930132865906,0,-6,-6,-367,-367,150
10.png,15.png,20.png,25.png,00.png,00.png,04.png,17.png,21.png,"[-248, -56]","[202, 94]","[150, 100]","[-98, 94]","[52, 94]","[202, 244]","[-248, 94]","[-98, 244]","[52, 244]","[-248, 244]","[-98, -206]","[52, -206]","[202, -206]","[100, 100]","[-98, -56]","[52, -56]","[202, -56]","[-248, -206]",1,12,"[100, 100]","[100, 100]",dots,dots1.png,00.png,16.png,11.png,34.png,00.png,27.png,m,"[100, 100]","[100, 100]","[100, 100]","[100, 100]","[100, 100]","[100, 100]","[100, 100]","[100, 100]","[100, 100]","[100, 100]","[100, 100]","[0, -375]",ok.png,"[100, 100]","[100, 100]",212,2,1,1,1,0,0,0,0,0,0,0,1.04374325275,1.043743252754211,0,215,215,-62,-62,1,1,0,0,0,0,0,0,0,1.91807091236,1.918070912361145,0,27,27,-378,-378,431
00.png,00.png,20.png,24.png,28.png,32.png,00.png,00.png,03.png,"[-241, -56]","[209, 94]","[150, 100]","[-91, 94]","[59, 94]","[209, 244]","[-241, 94]","[-91, 244]","[59, 244]","[-241, 244]","[-91, -206]","[59, -206]","[209, -206]","[100, 100]","[-91, -56]","[59, -56]","[209, -56]","[-241, -206]",1,12,"[100, 100]","[100, 100]",dots,08.png,dots1.png,01.png,07.png,04.png,05.png,02.png,m,"[100, 100]","[100, 100]","[100, 100]","[100, 100]","[100, 100]","[100, 100]","[100, 100]","[100, 100]","[100, 100]","[100, 100]","[100, 100]","[0, -375]",ok.png,"[100, 100]","[100, 100]",213,2,1,1,1,0,0,0,0,0,0,0,1.00855565071,1.00855565071106,0,-232,-232,-222,-222,1,1,0,0,0,0,0,0,0,0.327136993408,0.3271369934082031,0,8,8,-369,-369,248
29.png,00.png,06.png,16.png,00.png,03.png,33.png,08.png,13.png,"[-225, -58]","[225, 92]","[150, 100]","[-75, 92]","[75, 92]","[225, 242]","[-225, 92]","[-75, 242]","[75, 242]","[-225, 242]","[-75, -208]","[75, -208]","[225, -208]","[100, 100]","[-75, -58]","[75, -58]","[225, -58]","[-225, -208]",1,12,"[100, 100]","[100, 100]",dots,00.png,23.png,28.png,00.png,01.png,dots1.png,12.png,m,"[100, 100]","[100, 100]","[100, 100]","[100, 100]","[100, 100]","[100, 100]","[100, 100]","[100, 100]","[100, 100]","[100, 100]","[100, 100]","[0, -375]",ok.png,"[100, 100]","[100, 100]",214,2,1,1,1,0,0,0,0,0,0,0,1.39052021503,1.390520215034485,0,-69,-69,-223,-223,1,1,0,0,0,0,0,0,0,2.24213242531,2.242132425308228,0,-23,-23,-365,-365,15
00.png,00.png,00.png,16.png,14.png,06.png,04.png,33.png,27.png,"[-220, -99]","[230, 51]","[150, 100]","[-70, 51]","[80, 51]","[230, 201]","[-220, 51]","[-70, 201]","[80, 201]","[-220, 201]","[-70, -249]","[80, -249]","[230, -249]","[100, 100]","[-70, -99]","[80, -99]","[230, -99]","[-220, -249]",1,12,"[100, 100]","[100, 100]",dots,13.png,07.png,23.png,17.png,00.png,03.png,dots1.png,m,"[100, 100]","[100, 100]","[100, 100]","[100, 100]","[100, 100]","[100, 100]","[100, 100]","[100, 100]","[100, 100]","[100, 100]","[100, 100]","[0, -375]",ok.png,"[100, 100]","[100, 100]",215,2,1,1,1,0,0,0,0,0,0,0,1.12325382233,1.12325382232666,0,59,59,-260,-260,1,1,0,0,0,0,0,0,0,1.12383067608,1.123830676078796,0,1,1,-420,-420,203
04.png,20.png,30.png,02.png,00.png,00.png,03.png,04.png,24.png,"[-244, -51]","[206, 99]","[150, 100]","[-94, 99]","[56, 99]","[206, 249]","[-244, 99]","[-94, 249]","[56, 249]","[-244, 249]","[-94, -201]","[56, -201]","[206, -201]","[100, 100]","[-94, -51]","[56, -51]","[206, -51]","[-244, -201]",1,12,"[100, 100]","[100, 100]",dots,00.png,14.png,23.png,00.png,dots1.png,07.png,17.png,m,"[100, 100]","[100, 100]","[100, 100]","[100, 100]","[100, 100]","[100, 100]","[100, 100]","[100, 100]","[100, 100]","[100, 100]","[100, 100]","[0, -375]",ok.png,"[100, 100]","[100, 100]",216,2,1,1,1,0,0,0,0,0,0,0,1.34200441837,1.342004418373108,0,189,189,-218,-218,1,1,0,0,0,0,0,0,0,0.686913430691,0.6869134306907654,0,13,13,-373,-373,368
03.png,19.png,29.png,00.png,00.png,02.png,32.png,11.png,12.png,"[-204, -88]","[246, 62]","[150, 100]","[-54, 62]","[96, 62]","[246, 212]","[-204, 62]","[-54, 212]","[96, 212]","[-204, 212]","[-54, -238]","[96, -238]","[246, -238]","[100, 100]","[-54, -88]","[96, -88]","[246, -88]","[-204, -238]",1,12,"[100, 100]","[100, 100]",dots,00.png,00.png,22.png,16.png,18.png,04.png,dots1.png,m,"[100, 100]","[100, 100]","[100, 100]","[100, 100]","[100, 100]","[100, 100]","[100, 100]","[100, 100]","[100, 100]","[100, 100]","[100, 100]","[0, -375]",ok.png,"[100, 100]","[100, 100]",217,2,1,1,1,0,0,0,0,0,0,0,1.18811869621,1.188118696212769,0,89,89,-236,-236,1,1,0,0,0,0,0,0,0,1.71256506443,1.712565064430237,0,14,14,-386,-386,43
16.png,13.png,11.png,05.png,21.png,00.png,00.png,00.png,00.png,"[-202, -90]","[248, 60]","[150, 100]","[-52, 60]","[98, 60]","[248, 210]","[-202, 60]","[-52, 210]","[98, 210]","[-202, 210]","[-52, -240]","[98, -240]","[248, -240]","[100, 100]","[-52, -90]","[98, -90]","[248, -90]","[-202, -240]",1,12,"[100, 100]","[100, 100]",dots,25.png,03.png,27.png,28.png,15.png,dots1.png,08.png,m,"[100, 100]","[100, 100]","[100, 100]","[100, 100]","[100, 100]","[100, 100]","[100, 100]","[100, 100]","[100, 100]","[100, 100]","[100, 100]","[0, -375]",ok.png,"[100, 100]","[100, 100]",218,2,1,1,1,0,0,0,0,0,0,0,1.1391055584,1.139105558395386,0,-34,-34,-236,-236,1,1,0,0,0,0,0,0,0,1.7771730423,1.777173042297363,0,-24,-24,-411,-411,83
06.png,21.png,15.png,17.png,00.png,00.png,16.png,28.png,29.png,"[-234, -57]","[216, 93]","[150, 100]","[-84, 93]","[66, 93]","[216, 243]","[-234, 93]","[-84, 243]","[66, 243]","[-234, 243]","[-84, -207]","[66, -207]","[216, -207]","[100, 100]","[-84, -57]","[66, -57]","[216, -57]","[-234, -207]",1,12,"[100, 100]","[100, 100]",dots,23.png,dots1.png,09.png,00.png,00.png,14.png,07.png,m,"[100, 100]","[100, 100]","[100, 100]","[100, 100]","[100, 100]","[100, 100]","[100, 100]","[100, 100]","[100, 100]","[100, 100]","[100, 100]","[0, -375]",ok.png,"[100, 100]","[100, 100]",219,2,1,1,1,0,0,0,0,0,0,0,1.35474181175,1.354741811752319,0,-233,-233,-208,-208,1,1,0,0,0,0,0,0,0,0.578948199749,0.5789481997489929,0,13,13,-383,-383,81
00.png,11.png,01.png,28.png,12.png,00.png,00.png,34.png,15.png,"[-211, -80]","[239, 70]","[150, 100]","[-61, 70]","[89, 70]","[239, 220]","[-211, 70]","[-61, 220]","[89, 220]","[-211, 220]","[-61, -230]","[89, -230]","[239, -230]","[100, 100]","[-61, -80]","[89, -80]","[239, -80]","[-211, -230]",1,12,"[100, 100]","[100, 100]",dots,dots1.png,31.png,30.png,08.png,00.png,21.png,32.png,m,"[100, 100]","[100, 100]","[100, 100]","[100, 100]","[100, 100]","[100, 100]","[100, 100]","[100, 100]","[100, 100]","[100, 100]","[100, 100]","[0, -375]",ok.png,"[100, 100]","[100, 100]",220,2,1,1,1,0,0,0,0,0,0,0,1.62115049362,1.621150493621826,0,236,236,-75,-75,1,1,0,0,0,0,0,0,0,0.648816525936,0.6488165259361267,0,7,7,-363,-363,67
00.png,00.png,12.png,04.png,32.png,31.png,24.png,27.png,07.png,"[-248, -75]","[202, 75]","[150, 100]","[-98, 75]","[52, 75]","[202, 225]","[-248, 75]","[-98, 225]","[52, 225]","[-248, 225]","[-98, -225]","[52, -225]","[202, -225]","[100, 100]","[-98, -75]","[52, -75]","[202, -75]","[-248, -225]",1,12,"[100, 100]","[100, 100]",dots,10.png,13.png,09.png,dots1.png,00.png,16.png,00.png,m,"[100, 100]","[100, 100]","[100, 100]","[100, 100]","[100, 100]","[100, 100]","[100, 100]","[100, 100]","[100, 100]","[100, 100]","[100, 100]","[0, -375]",ok.png,"[100, 100]","[100, 100]",221,2,1,1,1,0,0,0,0,0,0,0,1.13521325588,1.135213255882263,0,61,61,-67,-67,1,1,0,0,0,0,0,0,0,1.33902597427,1.339025974273682,0,-14,-14,-388,-388,31
00.png,00.png,25.png,12.png,33.png,19.png,05.png,00.png,01.png,"[-236, -76]","[214, 74]","[150, 100]","[-86, 74]","[64, 74]","[214, 224]","[-236, 74]","[-86, 224]","[64, 224]","[-236, 224]","[-86, -226]","[64, -226]","[214, -226]","[100, 100]","[-86, -76]","[64, -76]","[214, -76]","[-236, -226]",1,12,"[100, 100]","[100, 100]",dots,10.png,34.png,dots1.png,07.png,30.png,20.png,00.png,m,"[100, 100]","[100, 100]","[100, 100]","[100, 100]","[100, 100]","[100, 100]","[100, 100]","[100, 100]","[100, 100]","[100, 100]","[100, 100]","[0, -375]",ok.png,"[100, 100]","[100, 100]",222,2,1,1,1,0,0,0,0,0,0,0,0.740920901299,0.740920901298523,0,-82,-82,-72,-72,1,1,0,0,0,0,0,0,0,0.752325356007,0.7523253560066223,0,-34,-34,-387,-387,355
11.png,13.png,17.png,18.png,00.png,14.png,00.png,09.png,dots1.png,"[-209, -74]","[241, 76]","[150, 100]","[-59, 76]","[91, 76]","[241, 226]","[-209, 76]","[-59, 226]","[91, 226]","[-209, 226]","[-59, -224]","[91, -224]","[241, -224]","[100, 100]","[-59, -74]","[91, -74]","[241, -74]","[-209, -224]",1,12,"[100, 100]","[100, 100]",dots,30.png,26.png,02.png,04.png,00.png,24.png,00.png,m,"[100, 100]","[100, 100]","[100, 100]","[100, 100]","[100, 100]","[100, 100]","[100, 100]","[100, 100]","[100, 100]","[100, 100]","[100, 100]","[0, -375]",ok.png,"[100, 100]","[100, 100]",223,2,1,1,1,0,0,0,0,0,0,0,0.978630959988,0.9786309599876404,0,-217,-217,-76,-76,1,1,0,0,0,0,0,0,0,1.12652003765,1.126520037651062,0,21,21,-366,-366,442
00.png,14.png,10.png,20.png,11.png,07.png,00.png,dots1.png,18.png,"[-218, -78]","[232, 72]","[150, 100]","[-68, 72]","[82, 72]","[232, 222]","[-218, 72]","[-68, 222]","[82, 222]","[-218, 222]","[-68, -228]","[82, -228]","[232, -228]","[100, 100]","[-68, -78]","[82, -78]","[232, -78]","[-218, -228]",1,12,"[100, 100]","[100, 100]",dots,30.png,09.png,31.png,00.png,19.png,00.png,03.png,m,"[100, 100]","[100, 100]","[100, 100]","[100, 100]","[100, 100]","[100, 100]","[100, 100]","[100, 100]","[100, 100]","[100, 100]","[100, 100]","[0, -375]",ok.png,"[100, 100]","[100, 100]",224,2,1,1,1,0,0,0,0,0,0,0,1.0269869566,1.026986956596375,0,232,232,77,77,1,1,0,0,0,0,0,0,0,0.887016236782,0.887016236782074,0,13,13,-398,-398,195
31.png,03.png,13.png,00.png,23.png,21.png,dots1.png,00.png,33.png,"[-210, -81]","[240, 69]","[150, 100]","[-60, 69]","[90, 69]","[240, 219]","[-210, 69]","[-60, 219]","[90, 219]","[-210, 219]","[-60, -231]","[90, -231]","[240, -231]","[100, 100]","[-60, -81]","[90, -81]","[240, -81]","[-210, -231]",1,12,"[100, 100]","[100, 100]",dots,00.png,19.png,00.png,14.png,26.png,32.png,29.png,m,"[100, 100]","[100, 100]","[100, 100]","[100, 100]","[100, 100]","[100, 100]","[100, 100]","[100, 100]","[100, 100]","[100, 100]","[100, 100]","[0, -375]",ok.png,"[100, 100]","[100, 100]",225,2,1,1,1,0,0,0,0,0,0,0,5.03853750229,5.038537502288818,0,96,96,101,101,1,1,0,0,0,0,0,0,0,0.652141571045,0.6521415710449219,0,28,28,-359,-359,364
00.png,00.png,00.png,00.png,11.png,10.png,09.png,08.png,07.png,"[-221, -69]","[229, 81]","[150, 100]","[-71, 81]","[79, 81]","[229, 231]","[-221, 81]","[-71, 231]","[79, 231]","[-221, 231]","[-71, -219]","[79, -219]","[229, -219]","[100, 100]","[-71, -69]","[79, -69]","[229, -69]","[-221, -219]",1,12,"[100, 100]","[100, 100]",dots,04.png,03.png,06.png,05.png,dots2.png,02.png,01.png,m,"[100, 100]","[100, 100]","[100, 100]","[100, 100]","[100, 100]","[100, 100]","[100, 100]","[100, 100]","[100, 100]","[100, 100]","[100, 100]","[0, -375]",ok.png,"[100, 100]","[100, 100]",226,2,1,1,1,0,0,0,0,0,0,0,1.11886036396,1.118860363960266,0,222,222,-240,-240,1,1,0,0,0,0,0,0,0,0.718431770802,0.7184317708015442,0,0,0,-375,-375,433
00.png,00.png,31.png,32.png,33.png,34.png,14.png,00.png,13.png,"[-233, -99]","[217, 51]","[150, 100]","[-83, 51]","[67, 51]","[217, 201]","[-233, 51]","[-83, 201]","[67, 201]","[-233, 201]","[-83, -249]","[67, -249]","[217, -249]","[100, 100]","[-83, -99]","[67, -99]","[217, -99]","[-233, -249]",1,12,"[100, 100]","[100, 100]",dots,10.png,00.png,12.png,11.png,08.png,09.png,dots2.png,m,"[100, 100]","[100, 100]","[100, 100]","[100, 100]","[100, 100]","[100, 100]","[100, 100]","[100, 100]","[100, 100]","[100, 100]","[100, 100]","[0, -375]",ok.png,"[100, 100]","[100, 100]",227,2,1,1,1,0,0,0,0,0,0,0,11.6572313309,11.65723133087158,0,71,71,-249,-249,1,1,0,0,0,0,0,0,0,0.480222165585,0.4802221655845642,0,4,4,-399,-399,4
00.png,00.png,25.png,24.png,23.png,22.png,21.png,20.png,19.png,"[-207, -73]","[243, 77]","[150, 100]","[-57, 77]","[93, 77]","[243, 227]","[-207, 77]","[-57, 227]","[93, 227]","[-207, 227]","[-57, -223]","[93, -223]","[243, -223]","[100, 100]","[-57, -73]","[93, -73]","[243, -73]","[-207, -223]",1,12,"[100, 100]","[100, 100]",dots,16.png,15.png,18.png,17.png,00.png,dots2.png,00.png,m,"[100, 100]","[100, 100]","[100, 100]","[100, 100]","[100, 100]","[100, 100]","[100, 100]","[100, 100]","[100, 100]","[100, 100]","[100, 100]","[0, -375]",ok.png,"[100, 100]","[100, 100]",228,2,1,1,1,0,0,0,0,0,0,0,1.49468553066,1.494685530662537,0,-54,-54,-237,-237,1,1,0,0,0,0,0,0,0,0.488520920277,0.4885209202766418,0,-16,-16,-363,-363,76
33.png,32.png,30.png,29.png,00.png,00.png,31.png,27.png,26.png,"[-206, -59]","[244, 91]","[150, 100]","[-56, 91]","[94, 91]","[244, 241]","[-206, 91]","[-56, 241]","[94, 241]","[-206, 241]","[-56, -209]","[94, -209]","[244, -209]","[100, 100]","[-56, -59]","[94, -59]","[244, -59]","[-206, -209]",1,12,"[100, 100]","[100, 100]",dots,00.png,dots2.png,28.png,00.png,22.png,24.png,23.png,m,"[100, 100]","[100, 100]","[100, 100]","[100, 100]","[100, 100]","[100, 100]","[100, 100]","[100, 100]","[100, 100]","[100, 100]","[100, 100]","[0, -375]",ok.png,"[100, 100]","[100, 100]",229,2,1,1,1,0,0,0,0,0,0,0,3.48003196716,3.480031967163086,0,-176,-176,-217,-217,1,1,0,0,0,0,0,0,0,1.3256059885,1.325605988502502,0,21,21,-404,-404,328
00.png,00.png,00.png,00.png,01.png,34.png,33.png,32.png,31.png,"[-249, -71]","[201, 79]","[150, 100]","[-99, 79]","[51, 79]","[201, 229]","[-249, 79]","[-99, 229]","[51, 229]","[-249, 229]","[-99, -221]","[51, -221]","[201, -221]","[100, 100]","[-99, -71]","[51, -71]","[201, -71]","[-249, -221]",1,12,"[100, 100]","[100, 100]",dots,dots2.png,08.png,30.png,29.png,02.png,06.png,04.png,m,"[100, 100]","[100, 100]","[100, 100]","[100, 100]","[100, 100]","[100, 100]","[100, 100]","[100, 100]","[100, 100]","[100, 100]","[100, 100]","[0, -375]",ok.png,"[100, 100]","[100, 100]",230,2,1,1,1,0,0,0,0,0,0,0,0.856557130814,0.8565571308135986,0,164,164,-73,-73,1,1,0,0,0,0,0,0,0,0.860003590584,0.8600035905838013,0,-6,-6,-382,-382,418
00.png,00.png,23.png,17.png,29.png,09.png,15.png,06.png,00.png,"[-207, -59]","[243, 91]","[150, 100]","[-57, 91]","[93, 91]","[243, 241]","[-207, 91]","[-57, 241]","[93, 241]","[-207, 241]","[-57, -209]","[93, -209]","[243, -209]","[100, 100]","[-57, -59]","[93, -59]","[243, -59]","[-207, -209]",1,12,"[100, 100]","[100, 100]",dots,04.png,27.png,00.png,dots2.png,01.png,07.png,34.png,m,"[100, 100]","[100, 100]","[100, 100]","[100, 100]","[100, 100]","[100, 100]","[100, 100]","[100, 100]","[100, 100]","[100, 100]","[100, 100]","[0, -375]",ok.png,"[100, 100]","[100, 100]",231,2,1,1,1,0,0,0,0,0,0,0,2.06941342354,2.069413423538208,0,90,90,-70,-70,1,1,0,0,0,0,0,0,0,2.48505592346,2.485055923461914,0,11,11,-378,-378,70
17.png,09.png,22.png,06.png,00.png,00.png,14.png,18.png,25.png,"[-243, -65]","[207, 85]","[150, 100]","[-93, 85]","[57, 85]","[207, 235]","[-243, 85]","[-93, 235]","[57, 235]","[-243, 235]","[-93, -215]","[57, -215]","[207, -215]","[100, 100]","[-93, -65]","[57, -65]","[207, -65]","[-243, -215]",1,12,"[100, 100]","[100, 100]",dots,07.png,05.png,dots2.png,03.png,00.png,02.png,00.png,m,"[100, 100]","[100, 100]","[100, 100]","[100, 100]","[100, 100]","[100, 100]","[100, 100]","[100, 100]","[100, 100]","[100, 100]","[100, 100]","[0, -375]",ok.png,"[100, 100]","[100, 100]",232,2,1,1,1,0,0,0,0,0,0,0,0.745410501957,0.7454105019569397,0,-93,-93,-75,-75,1,1,0,0,0,0,0,0,0,0.512804090977,0.5128040909767151,0,7,7,-366,-366,374
00.png,33.png,00.png,00.png,31.png,25.png,17.png,30.png,dots2.png,"[-242, -71]","[208, 79]","[150, 100]","[-92, 79]","[58, 79]","[208, 229]","[-242, 79]","[-92, 229]","[58, 229]","[-242, 229]","[-92, -221]","[58, -221]","[208, -221]","[100, 100]","[-92, -71]","[58, -71]","[208, -71]","[-242, -221]",1,12,"[100, 100]","[100, 100]",dots,20.png,07.png,27.png,15.png,00.png,33.png,05.png,m,"[100, 100]","[100, 100]","[100, 100]","[100, 100]","[100, 100]","[100, 100]","[100, 100]","[100, 100]","[100, 100]","[100, 100]","[100, 100]","[0, -375]",ok.png,"[100, 100]","[100, 100]",233,2,1,1,1,0,0,0,0,0,0,0,2.22539424896,2.225394248962402,0,-250,-250,-79,-79,1,1,0,0,0,0,0,0,0,0.69216221571,0.6921622157096863,0,-22,-22,-350,-350,176
33.png,31.png,25.png,21.png,27.png,23.png,29.png,dots2.png,00.png,"[-243, -92]","[207, 58]","[150, 100]","[-93, 58]","[57, 58]","[207, 208]","[-243, 58]","[-93, 208]","[57, 208]","[-243, 208]","[-93, -242]","[57, -242]","[207, -242]","[100, 100]","[-93, -92]","[57, -92]","[207, -92]","[-243, -242]",1,12,"[100, 100]","[100, 100]",dots,00.png,16.png,00.png,00.png,07.png,13.png,10.png,m,"[100, 100]","[100, 100]","[100, 100]","[100, 100]","[100, 100]","[100, 100]","[100, 100]","[100, 100]","[100, 100]","[100, 100]","[100, 100]","[0, -375]",ok.png,"[100, 100]","[100, 100]",234,2,1,1,1,0,0,0,0,0,0,0,0.943291544914,0.9432915449142456,0,214,214,32,32,1,1,0,0,0,0,0,0,0,0.98378431797,0.983784317970276,0,14,14,-366,-366,402
00.png,00.png,00.png,00.png,26.png,24.png,dots2.png,22.png,20.png,"[-246, -69]","[204, 81]","[150, 100]","[-96, 81]","[54, 81]","[204, 231]","[-246, 81]","[-96, 231]","[54, 231]","[-246, 231]","[-96, -219]","[54, -219]","[204, -219]","[100, 100]","[-96, -69]","[54, -69]","[204, -69]","[-246, -219]",1,12,"[100, 100]","[100, 100]",dots,14.png,03.png,18.png,16.png,09.png,05.png,07.png,m,"[100, 100]","[100, 100]","[100, 100]","[100, 100]","[100, 100]","[100, 100]","[100, 100]","[100, 100]","[100, 100]","[100, 100]","[100, 100]","[0, -375]",ok.png,"[100, 100]","[100, 100]",235,2,1,1,1,0,0,0,0,0,0,0,1.06046998501,1.06046998500824,0,37,37,100,100,1,1,0,0,0,0,0,0,0,1.06009304523,1.06009304523468,0,14,14,-381,-381,63
00.png,00.png,27.png,24.png,21.png,dots2.png,19.png,16.png,32.png,"[-222, -55]","[228, 95]","[150, 100]","[-72, 95]","[78, 95]","[228, 245]","[-222, 95]","[-72, 245]","[78, 245]","[-222, 245]","[-72, -205]","[78, -205]","[228, -205]","[100, 100]","[-72, -55]","[78, -55]","[228, -55]","[-222, -205]",1,12,"[100, 100]","[100, 100]",dots,13.png,31.png,34.png,10.png,00.png,33.png,00.png,m,"[100, 100]","[100, 100]","[100, 100]","[100, 100]","[100, 100]","[100, 100]","[100, 100]","[100, 100]","[100, 100]","[100, 100]","[100, 100]","[0, -375]",ok.png,"[100, 100]","[100, 100]",236,2,1,1,1,0,0,0,0,0,0,0,0.655384540558,0.6553845405578613,0,-85,-85,89,89,1,1,0,0,0,0,0,0,0,1.10286772251,1.102867722511292,0,20,20,-399,-399,265
34.png,27.png,00.png,00.png,dots2.png,11.png,16.png,21.png,17.png,"[-224, -84]","[226, 66]","[150, 100]","[-74, 66]","[76, 66]","[226, 216]","[-224, 66]","[-74, 216]","[76, 216]","[-224, 216]","[-74, -234]","[76, -234]","[226, -234]","[100, 100]","[-74, -84]","[76, -84]","[226, -84]","[-224, -234]",1,12,"[100, 100]","[100, 100]",dots,00.png,25.png,04.png,00.png,10.png,20.png,15.png,m,"[100, 100]","[100, 100]","[100, 100]","[100, 100]","[100, 100]","[100, 100]","[100, 100]","[100, 100]","[100, 100]","[100, 100]","[100, 100]","[0, -375]",ok.png,"[100, 100]","[100, 100]",237,2,1,1,1,0,0,0,0,0,0,0,1.52514326572,1.525143265724182,0,-199,-199,51,51,1,1,0,0,0,0,0,0,0,0.639752149582,0.6397521495819092,0,6,6,-382,-382,85
04.png,02.png,05.png,dots2.png,08.png,07.png,01.png,03.png,00.png,"[-233, -83]","[217, 67]","[150, 100]","[-83, 67]","[67, 67]","[217, 217]","[-233, 67]","[-83, 217]","[67, 217]","[-233, 217]","[-83, -233]","[67, -233]","[217, -233]","[100, 100]","[-83, -83]","[67, -83]","[217, -83]","[-233, -233]",1,12,"[100, 100]","[100, 100]",dots,28.png,24.png,00.png,32.png,00.png,20.png,00.png,m,"[100, 100]","[100, 100]","[100, 100]","[100, 100]","[100, 100]","[100, 100]","[100, 100]","[100, 100]","[100, 100]","[100, 100]","[100, 100]","[0, -375]",ok.png,"[100, 100]","[100, 100]",238,2,1,1,1,0,0,0,0,0,0,0,1.67822599411,1.678225994110107,0,210,210,208,208,1,1,0,0,0,0,0,0,0,1.07553076744,1.075530767440796,0,32,32,-380,-380,158
01.png,12.png,dots2.png,23.png,00.png,00.png,28.png,13.png,08.png,"[-206, -78]","[244, 72]","[150, 100]","[-56, 72]","[94, 72]","[244, 222]","[-206, 72]","[-56, 222]","[94, 222]","[-206, 222]","[-56, -228]","[94, -228]","[244, -228]","[100, 100]","[-56, -78]","[94, -78]","[244, -78]","[-206, -228]",1,12,"[100, 100]","[100, 100]",dots,00.png,16.png,33.png,03.png,29.png,06.png,00.png,m,"[100, 100]","[100, 100]","[100, 100]","[100, 100]","[100, 100]","[100, 100]","[100, 100]","[100, 100]","[100, 100]","[100, 100]","[100, 100]","[0, -375]",ok.png,"[100, 100]","[100, 100]",239,2,1,1,1,0,0,0,0,0,0,0,1.21973276138,1.219732761383057,0,122,122,229,229,1,1,0,0,0,0,0,0,0,0.54210036993,0.5421003699302673,0,2,2,-395,-395,111
00.png,dots2.png,03.png,07.png,13.png,17.png,23.png,27.png,33.png,"[-215, -68]","[235, 82]","[150, 100]","[-65, 82]","[85, 82]","[235, 232]","[-215, 82]","[-65, 232]","[85, 232]","[-215, 232]","[-65, -218]","[85, -218]","[235, -218]","[100, 100]","[-65, -68]","[85, -68]","[235, -68]","[-215, -218]",1,12,"[100, 100]","[100, 100]",dots,14.png,16.png,04.png,06.png,00.png,00.png,00.png,m,"[100, 100]","[100, 100]","[100, 100]","[100, 100]","[100, 100]","[100, 100]","[100, 100]","[100, 100]","[100, 100]","[100, 100]","[100, 100]","[0, -375]",ok.png,"[100, 100]","[100, 100]",240,2,1,1,1,0,0,0,0,0,0,0,1.14023315907,1.140233159065247,0,-62,-62,216,216,1,1,0,0,0,0,0,0,0,1.86693906784,1.866939067840576,0,25,25,-375,-375,159
dots2.png,17.png,07.png,14.png,00.png,00.png,23.png,24.png,04.png,"[-206, -94]","[244, 56]","[150, 100]","[-56, 56]","[94, 56]","[244, 206]","[-206, 56]","[-56, 206]","[94, 206]","[-206, 206]","[-56, -244]","[94, -244]","[244, -244]","[100, 100]","[-56, -94]","[94, -94]","[244, -94]","[-206, -244]",1,12,"[100, 100]","[100, 100]",dots,00.png,02.png,03.png,00.png,04.png,30.png,20.png,m,"[100, 100]","[100, 100]","[100, 100]","[100, 100]","[100, 100]","[100, 100]","[100, 100]","[100, 100]","[100, 100]","[100, 100]","[100, 100]","[0, -375]",ok.png,"[100, 100]","[100, 100]",241,2,1,1,1,0,0,0,0,0,0,0,2.0110771656,2.011077165603638,0,-215,-215,210,210,1,1,0,0,0,0,0,0,0,0.563553571701,0.5635535717010498,0,7,7,-410,-410,401
18.png,dots2.png,04.png,00.png,00.png,16.png,22.png,12.png,11.png,"[-237, -53]","[213, 97]","[150, 100]","[-87, 97]","[63, 97]","[213, 247]","[-237, 97]","[-87, 247]","[63, 247]","[-237, 247]","[-87, -203]","[63, -203]","[213, -203]","[100, 100]","[-87, -53]","[63, -53]","[213, -53]","[-237, -203]",1,12,"[100, 100]","[100, 100]",dots,00.png,00.png,32.png,02.png,03.png,29.png,19.png,m,"[100, 100]","[100, 100]","[100, 100]","[100, 100]","[100, 100]","[100, 100]","[100, 100]","[100, 100]","[100, 100]","[100, 100]","[100, 100]","[0, -375]",ok.png,"[100, 100]","[100, 100]",242,2,1,1,1,0,0,0,0,0,0,0,2.04354166985,2.043541669845581,0,-56,-56,239,239,1,1,0,0,0,0,0,0,0,0.697438359261,0.6974383592605591,0,34,34,-377,-377,261
15.png,08.png,dots2.png,03.png,25.png,28.png,27.png,00.png,00.png,"[-203, -85]","[247, 65]","[150, 100]","[-53, 65]","[97, 65]","[247, 215]","[-203, 65]","[-53, 215]","[97, 215]","[-203, 215]","[-53, -235]","[97, -235]","[247, -235]","[100, 100]","[-53, -85]","[97, -85]","[247, -85]","[-203, -235]",1,12,"[100, 100]","[100, 100]",dots,21.png,05.png,00.png,00.png,16.png,11.png,13.png,m,"[100, 100]","[100, 100]","[100, 100]","[100, 100]","[100, 100]","[100, 100]","[100, 100]","[100, 100]","[100, 100]","[100, 100]","[100, 100]","[0, -375]",ok.png,"[100, 100]","[100, 100]",243,2,1,1,1,0,0,0,0,0,0,0,1.23108708858,1.2310870885849,0,95,95,209,209,1,1,0,0,0,0,0,0,0,2.61600017548,2.616000175476074,0,2,2,-414,-414,27
00.png,07.png,14.png,dots2.png,23.png,00.png,09.png,29.png,28.png,"[-203, -87]","[247, 63]","[150, 100]","[-53, 63]","[97, 63]","[247, 213]","[-203, 63]","[-53, 213]","[97, 213]","[-203, 213]","[-53, -237]","[97, -237]","[247, -237]","[100, 100]","[-53, -87]","[97, -87]","[247, -87]","[-203, -237]",1,12,"[100, 100]","[100, 100]",dots,00.png,17.png,16.png,00.png,06.png,15.png,21.png,m,"[100, 100]","[100, 100]","[100, 100]","[100, 100]","[100, 100]","[100, 100]","[100, 100]","[100, 100]","[100, 100]","[100, 100]","[100, 100]","[0, -375]",ok.png,"[100, 100]","[100, 100]",244,2,1,1,1,0,0,0,0,0,0,0,2.06917738914,2.069177389144897,0,238,238,199,199,1,1,0,0,0,0,0,0,0,0.624770462513,0.62477046251297,0,7,7,-396,-396,312
00.png,32.png,21.png,31.png,dots2.png,08.png,30.png,15.png,34.png,"[-220, -83]","[230, 67]","[150, 100]","[-70, 67]","[80, 67]","[230, 217]","[-220, 67]","[-70, 217]","[80, 217]","[-220, 217]","[-70, -233]","[80, -233]","[230, -233]","[100, 100]","[-70, -83]","[80, -83]","[230, -83]","[-220, -233]",1,12,"[100, 100]","[100, 100]",dots,12.png,28.png,00.png,00.png,00.png,01.png,11.png,m,"[100, 100]","[100, 100]","[100, 100]","[100, 100]","[100, 100]","[100, 100]","[100, 100]","[100, 100]","[100, 100]","[100, 100]","[100, 100]","[0, -375]",ok.png,"[100, 100]","[100, 100]",245,2,1,1,1,0,0,0,0,0,0,0,0.898291409016,0.8982914090156555,0,-228,-228,100,100,1,1,0,0,0,0,0,0,0,0.939136207104,0.9391362071037292,0,16,16,-375,-375,405
00.png,00.png,16.png,13.png,10.png,dots2.png,09.png,07.png,27.png,"[-207, -60]","[243, 90]","[150, 100]","[-57, 90]","[93, 90]","[243, 240]","[-207, 90]","[-57, 240]","[93, 240]","[-207, 240]","[-57, -210]","[93, -210]","[243, -210]","[100, 100]","[-57, -60]","[93, -60]","[243, -60]","[-207, -210]",1,12,"[100, 100]","[100, 100]",dots,32.png,04.png,24.png,31.png,00.png,12.png,00.png,m,"[100, 100]","[100, 100]","[100, 100]","[100, 100]","[100, 100]","[100, 100]","[100, 100]","[100, 100]","[100, 100]","[100, 100]","[100, 100]","[0, -375]",ok.png,"[100, 100]","[100, 100]",246,2,1,1,1,0,0,0,0,0,0,0,0.653943181038,0.6539431810379028,0,-37,-37,83,83,1,1,0,0,0,0,0,0,0,0.949478745461,0.9494787454605104,0,14,14,-410,-410,220
30.png,00.png,20.png,34.png,10.png,07.png,dots2.png,01.png,00.png,"[-206, -63]","[244, 87]","[150, 100]","[-56, 87]","[94, 87]","[244, 237]","[-206, 87]","[-56, 237]","[94, 237]","[-206, 237]","[-56, -213]","[94, -213]","[244, -213]","[100, 100]","[-56, -63]","[94, -63]","[244, -63]","[-206, -213]",1,12,"[100, 100]","[100, 100]",dots,33.png,12.png,05.png,19.png,00.png,25.png,00.png,m,"[100, 100]","[100, 100]","[100, 100]","[100, 100]","[100, 100]","[100, 100]","[100, 100]","[100, 100]","[100, 100]","[100, 100]","[100, 100]","[0, -375]",ok.png,"[100, 100]","[100, 100]",247,2,1,1,1,0,0,0,0,0,0,0,0.743474125862,0.7434741258621216,0,122,122,95,95,1,1,0,0,0,0,0,0,0,0.604906380177,0.6049063801765442,0,26,26,-407,-407,301
00.png,00.png,24.png,26.png,30.png,04.png,02.png,dots2.png,09.png,"[-233, -69]","[217, 81]","[150, 100]","[-83, 81]","[67, 81]","[217, 231]","[-233, 81]","[-83, 231]","[67, 231]","[-233, 231]","[-83, -219]","[67, -219]","[217, -219]","[100, 100]","[-83, -69]","[67, -69]","[217, -69]","[-233, -219]",1,12,"[100, 100]","[100, 100]",dots,00.png,18.png,00.png,14.png,11.png,17.png,13.png,m,"[100, 100]","[100, 100]","[100, 100]","[100, 100]","[100, 100]","[100, 100]","[100, 100]","[100, 100]","[100, 100]","[100, 100]","[100, 100]","[0, -375]",ok.png,"[100, 100]","[100, 100]",248,2,1,1,1,0,0,0,0,0,0,0,1.70204877853,1.702048778533936,0,206,206,94,94,1,1,0,0,0,0,0,0,0,0.763331651688,0.7633316516876221,0,17,17,-375,-375,46
19.png,03.png,00.png,09.png,30.png,00.png,31.png,18.png,dots2.png,"[-203, -81]","[247, 69]","[150, 100]","[-53, 69]","[97, 69]","[247, 219]","[-203, 69]","[-53, 219]","[97, 219]","[-203, 219]","[-53, -231]","[97, -231]","[247, -231]","[100, 100]","[-53, -81]","[97, -81]","[247, -81]","[-203, -231]",1,12,"[100, 100]","[100, 100]",dots,11.png,20.png,00.png,07.png,00.png,10.png,14.png,m,"[100, 100]","[100, 100]","[100, 100]","[100, 100]","[100, 100]","[100, 100]","[100, 100]","[100, 100]","[100, 100]","[100, 100]","[100, 100]","[0, -375]",ok.png,"[100, 100]","[100, 100]",249,2,1,1,1,0,0,0,0,0,0,0,1.05900716782,1.059007167816162,0,-185,-185,-100,-100,1,1,0,0,0,0,0,0,0,0.790949821472,0.790949821472168,0,3,3,-367,-367,54
26.png,29.png,32.png,19.png,00.png,14.png,00.png,33.png,00.png,"[-220, -96]","[230, 54]","[150, 100]","[-70, 54]","[80, 54]","[230, 204]","[-220, 54]","[-70, 204]","[80, 204]","[-220, 204]","[-70, -246]","[80, -246]","[230, -246]","[100, 100]","[-70, -96]","[80, -96]","[230, -96]","[-220, -246]",1,12,"[100, 100]","[100, 100]",dots,23.png,00.png,dots2.png,21.png,31.png,13.png,03.png,m,"[100, 100]","[100, 100]","[100, 100]","[100, 100]","[100, 100]","[100, 100]","[100, 100]","[100, 100]","[100, 100]","[100, 100]","[100, 100]","[0, -375]",ok.png,"[100, 100]","[100, 100]",250,2,1,1,1,0,0,0,0,0,0,0,0.780248701572,0.7802487015724182,0,-67,-67,-108,-108,1,1,0,0,0,0,0,0,0,1.2301851511,1.230185151100159,0,-2,-2,-359,-359,385
tray1.png,01.png,02.png,03.png,04.png,05.png,06.png,07.png,08.png,"[-238, -68]","[212, 82]","[150, 100]","[-88, 82]","[62, 82]","[212, 232]","[-238, 82]","[-88, 232]","[62, 232]","[-238, 232]","[-88, -218]","[62, -218]","[212, -218]","[100, 100]","[-88, -68]","[62, -68]","[212, -68]","[-238, -218]",1,12,"[100, 100]","[100, 100]",both,dots1.png,00.png,09.png,10.png,00.png,00.png,00.png,m,"[100, 100]","[100, 100]","[100, 100]","[100, 100]","[100, 100]","[100, 100]","[100, 100]","[100, 100]","[100, 100]","[100, 100]","[100, 100]","[0, -375]",ok.png,"[100, 100]","[100, 100]",251,3,1,1,1,0,0,0,0,0,0,0,1.81217110157,1.812171101570129,0,-224,-224,232,232,1,1,0,0,0,0,0,0,0,0.904065668583,0.9040656685829164,0,183,183,-72,-72,100
08.png,tray1.png,09.png,00.png,10.png,11.png,12.png,13.png,00.png,"[-201, -62]","[249, 88]","[150, 100]","[-51, 88]","[99, 88]","[249, 238]","[-201, 88]","[-51, 238]","[99, 238]","[-201, 238]","[-51, -212]","[99, -212]","[249, -212]","[100, 100]","[-51, -62]","[99, -62]","[249, -62]","[-201, -212]",1,12,"[100, 100]","[100, 100]",both,33.png,32.png,14.png,dots1.png,00.png,31.png,00.png,m,"[100, 100]","[100, 100]","[100, 100]","[100, 100]","[100, 100]","[100, 100]","[100, 100]","[100, 100]","[100, 100]","[100, 100]","[100, 100]","[0, -375]",ok.png,"[100, 100]","[100, 100]",252,3,1,1,1,0,0,0,0,0,0,0,0.747344851494,0.7473448514938354,0,92,92,-59,-59,1,1,0,0,0,0,0,0,0,0.753456413746,0.7534564137458801,0,-61,-61,226,226,200
00.png,00.png,tray1.png,15.png,16.png,17.png,18.png,19.png,20.png,"[-216, -52]","[234, 98]","[150, 100]","[-66, 98]","[84, 98]","[234, 248]","[-216, 98]","[-66, 248]","[84, 248]","[-216, 248]","[-66, -202]","[84, -202]","[234, -202]","[100, 100]","[-66, -52]","[84, -52]","[234, -52]","[-216, -202]",1,12,"[100, 100]","[100, 100]",both,23.png,24.png,dots1.png,22.png,00.png,25.png,00.png,m,"[100, 100]","[100, 100]","[100, 100]","[100, 100]","[100, 100]","[100, 100]","[100, 100]","[100, 100]","[100, 100]","[100, 100]","[100, 100]","[0, -375]",ok.png,"[100, 100]","[100, 100]",253,3,1,1,1,0,0,0,0,0,0,0,0.704460322857,0.7044603228569031,0,-80,-80,-61,-61,1,1,0,0,0,0,0,0,0,1.1030395031,1.103039503097534,0,89,89,242,242,228
22.png,23.png,24.png,tray1.png,00.png,00.png,25.png,dots1.png,00.png,"[-235, -51]","[215, 99]","[150, 100]","[-85, 99]","[65, 99]","[215, 249]","[-235, 99]","[-85, 249]","[65, 249]","[-235, 249]","[-85, -201]","[65, -201]","[215, -201]","[100, 100]","[-85, -51]","[65, -51]","[215, -51]","[-235, -201]",1,12,"[100, 100]","[100, 100]",both,28.png,29.png,00.png,27.png,32.png,30.png,31.png,m,"[100, 100]","[100, 100]","[100, 100]","[100, 100]","[100, 100]","[100, 100]","[100, 100]","[100, 100]","[100, 100]","[100, 100]","[100, 100]","[0, -375]",ok.png,"[100, 100]","[100, 100]",254,3,1,1,1,0,0,0,0,0,0,0,1.41828477383,1.418284773826599,0,245,245,90,90,1,1,0,0,0,0,0,0,0,1.3440092802,1.344009280204773,0,236,236,312,312,222
02.png,04.png,06.png,08.png,tray1.png,29.png,dots1.png,31.png,32.png,"[-202, -71]","[248, 79]","[150, 100]","[-52, 79]","[98, 79]","[248, 229]","[-202, 79]","[-52, 229]","[98, 229]","[-202, 229]","[-52, -221]","[98, -221]","[248, -221]","[100, 100]","[-52, -71]","[98, -71]","[248, -71]","[-202, -221]",1,12,"[100, 100]","[100, 100]",both,01.png,00.png,33.png,34.png,00.png,00.png,00.png,m,"[100, 100]","[100, 100]","[100, 100]","[100, 100]","[100, 100]","[100, 100]","[100, 100]","[100, 100]","[100, 100]","[100, 100]","[100, 100]","[0, -375]",ok.png,"[100, 100]","[100, 100]",255,3,1,1,1,0,0,0,0,0,0,0,10.8923168182,10.8923168182373,0,-208,-208,77,77,1,1,0,0,0,0,0,0,0,0.861012876034,0.861012876033783,0,21,21,-375,-375,0
01.png,34.png,07.png,27.png,dots1.png,tray1.png,00.png,00.png,06.png,"[-248, -79]","[202, 71]","[150, 100]","[-98, 71]","[52, 71]","[202, 221]","[-248, 71]","[-98, 221]","[52, 221]","[-248, 221]","[-98, -229]","[52, -229]","[202, -229]","[100, 100]","[-98, -79]","[52, -79]","[202, -79]","[-248, -229]",1,12,"[100, 100]","[100, 100]",both,29.png,17.png,15.png,09.png,00.png,23.png,00.png,m,"[100, 100]","[100, 100]","[100, 100]","[100, 100]","[100, 100]","[100, 100]","[100, 100]","[100, 100]","[100, 100]","[100, 100]","[100, 100]","[0, -375]",ok.png,"[100, 100]","[100, 100]",256,3,1,1,1,0,0,0,0,0,0,0,0.819577217102,0.8195772171020508,0,-105,-105,78,78,1,1,0,0,0,0,0,0,0,3.27511835098,3.275118350982666,0,20,20,-380,-380,181
00.png,00.png,02.png,dots1.png,07.png,03.png,tray1.png,25.png,18.png,"[-209, -61]","[241, 89]","[150, 100]","[-59, 89]","[91, 89]","[241, 239]","[-209, 89]","[-59, 239]","[91, 239]","[-209, 239]","[-59, -211]","[91, -211]","[241, -211]","[100, 100]","[-59, -61]","[91, -61]","[241, -61]","[-209, -211]",1,12,"[100, 100]","[100, 100]",both,00.png,06.png,14.png,00.png,17.png,22.png,09.png,m,"[100, 100]","[100, 100]","[100, 100]","[100, 100]","[100, 100]","[100, 100]","[100, 100]","[100, 100]","[100, 100]","[100, 100]","[100, 100]","[0, -375]",ok.png,"[100, 100]","[100, 100]",257,3,1,1,1,0,0,0,0,0,0,0,1.02957057953,1.029570579528809,0,111,111,89,89,1,1,0,0,0,0,0,0,0,0.671395659447,0.6713956594467163,0,46,46,-382,-382,432
00.png,05.png,dots1.png,07.png,20.png,15.png,27.png,tray1.png,30.png,"[-225, -86]","[225, 64]","[150, 100]","[-75, 64]","[75, 64]","[225, 214]","[-225, 64]","[-75, 214]","[75, 214]","[-225, 214]","[-75, -236]","[75, -236]","[225, -236]","[100, 100]","[-75, -86]","[75, -86]","[225, -86]","[-225, -236]",1,12,"[100, 100]","[100, 100]",both,31.png,00.png,17.png,25.png,00.png,00.png,33.png,m,"[100, 100]","[100, 100]","[100, 100]","[100, 100]","[100, 100]","[100, 100]","[100, 100]","[100, 100]","[100, 100]","[100, 100]","[100, 100]","[0, -375]",ok.png,"[100, 100]","[100, 100]",258,3,1,1,1,0,0,0,0,0,0,0,0.704824328423,0.7048243284225464,0,102,102,197,197,1,1,0,0,0,0,0,0,0,0.525566160679,0.5255661606788635,0,272,272,52,52,317
07.png,dots1.png,13.png,16.png,00.png,00.png,00.png,00.png,tray1.png,"[-248, -54]","[202, 96]","[150, 100]","[-98, 96]","[52, 96]","[202, 246]","[-248, 96]","[-98, 246]","[52, 246]","[-248, 246]","[-98, -204]","[52, -204]","[202, -204]","[100, 100]","[-98, -54]","[52, -54]","[202, -54]","[-248, -204]",1,12,"[100, 100]","[100, 100]",both,27.png,21.png,29.png,23.png,33.png,25.png,31.png,m,"[100, 100]","[100, 100]","[100, 100]","[100, 100]","[100, 100]","[100, 100]","[100, 100]","[100, 100]","[100, 100]","[100, 100]","[100, 100]","[0, -375]",ok.png,"[100, 100]","[100, 100]",259,3,1,1,1,0,0,0,0,0,0,0,1.59019052982,1.590190529823303,0,-94,-94,238,238,1,1,0,0,0,0,0,0,0,0.576288223267,0.5762882232666016,0,2,2,-383,-383,105
dots1.png,07.png,05.png,03.png,14.png,16.png,18.png,20.png,22.png,"[-243, -70]","[207, 80]","[150, 100]","[-93, 80]","[57, 80]","[207, 230]","[-243, 80]","[-93, 230]","[57, 230]","[-243, 230]","[-93, -220]","[57, -220]","[207, -220]","[100, 100]","[-93, -70]","[57, -70]","[207, -70]","[-243, -220]",1,12,"[100, 100]","[100, 100]",both,26.png,00.png,tray1.png,24.png,00.png,00.png,00.png,m,"[100, 100]","[100, 100]","[100, 100]","[100, 100]","[100, 100]","[100, 100]","[100, 100]","[100, 100]","[100, 100]","[100, 100]","[100, 100]","[0, -375]",ok.png,"[100, 100]","[100, 100]",260,3,1,1,1,0,0,0,0,0,0,0,0.985383689404,0.985383689403534,0,-233,-233,212,212,1,1,0,0,0,0,0,0,0,0.578238964081,0.5782389640808105,0,-92,-92,-90,-90,199
00.png,00.png,dots1.png,31.png,13.png,10.png,34.png,32.png,16.png,"[-220, -53]","[230, 97]","[150, 100]","[-70, 97]","[80, 97]","[230, 247]","[-220, 97]","[-70, 247]","[80, 247]","[-220, 247]","[-70, -203]","[80, -203]","[230, -203]","[100, 100]","[-70, -53]","[80, -53]","[230, -53]","[-220, -203]",1,12,"[100, 100]","[100, 100]",both,21.png,24.png,19.png,tray1.png,00.png,27.png,00.png,m,"[100, 100]","[100, 100]","[100, 100]","[100, 100]","[100, 100]","[100, 100]","[100, 100]","[100, 100]","[100, 100]","[100, 100]","[100, 100]","[0, -375]",ok.png,"[100, 100]","[100, 100]",261,3,1,1,1,0,0,0,0,0,0,0,0.974520087242,0.9745200872421264,0,66,66,290,290,1,1,0,0,0,0,0,0,0,1.80876255035,1.808762550354004,0,59,59,-112,-112,436
10.png,15.png,20.png,dots1.png,00.png,00.png,04.png,17.png,21.png,"[-218, -65]","[232, 85]","[150, 100]","[-68, 85]","[82, 85]","[232, 235]","[-218, 85]","[-68, 235]","[82, 235]","[-218, 235]","[-68, -215]","[82, -215]","[232, -215]","[100, 100]","[-68, -65]","[82, -65]","[232, -65]","[-218, -215]",1,12,"[100, 100]","[100, 100]",both,tray1.png,00.png,16.png,11.png,34.png,00.png,27.png,m,"[100, 100]","[100, 100]","[100, 100]","[100, 100]","[100, 100]","[100, 100]","[100, 100]","[100, 100]","[100, 100]","[100, 100]","[100, 100]","[0, -375]",ok.png,"[100, 100]","[100, 100]",262,3,1,1,1,0,0,0,0,0,0,0,1.16867136955,1.168671369552612,0,237,237,251,251,1,1,0,0,0,0,0,0,0,0.715675294399,0.7156752943992615,0,235,235,-103,-103,329
00.png,00.png,20.png,24.png,dots1.png,32.png,00.png,00.png,03.png,"[-232, -98]","[218, 52]","[150, 100]","[-82, 52]","[68, 52]","[218, 202]","[-232, 52]","[-82, 202]","[68, 202]","[-232, 202]","[-82, -248]","[68, -248]","[218, -248]","[100, 100]","[-82, -98]","[68, -98]","[218, -98]","[-232, -248]",1,12,"[100, 100]","[100, 100]",both,08.png,tray1.png,01.png,07.png,04.png,05.png,02.png,m,"[100, 100]","[100, 100]","[100, 100]","[100, 100]","[100, 100]","[100, 100]","[100, 100]","[100, 100]","[100, 100]","[100, 100]","[100, 100]","[0, -375]",ok.png,"[100, 100]","[100, 100]",263,3,1,1,1,0,0,0,0,0,0,0,0.985658407211,0.9856584072113036,0,-235,-235,63,63,1,1,0,0,0,0,0,0,0,0.467286348343,0.4672863483428955,0,-227,-227,-251,-251,412
29.png,00.png,06.png,16.png,00.png,dots1.png,33.png,08.png,13.png,"[-209, -82]","[241, 68]","[150, 100]","[-59, 68]","[91, 68]","[241, 218]","[-209, 68]","[-59, 218]","[91, 218]","[-209, 218]","[-59, -232]","[91, -232]","[241, -232]","[100, 100]","[-59, -82]","[91, -82]","[241, -82]","[-209, -232]",1,12,"[100, 100]","[100, 100]",both,00.png,23.png,28.png,00.png,01.png,tray1.png,12.png,m,"[100, 100]","[100, 100]","[100, 100]","[100, 100]","[100, 100]","[100, 100]","[100, 100]","[100, 100]","[100, 100]","[100, 100]","[100, 100]","[0, -375]",ok.png,"[100, 100]","[100, 100]",264,3,1,1,1,0,0,0,0,0,0,0,0.689133107662,0.6891331076622009,0,-47,-47,38,38,1,1,0,0,0,0,0,0,0,0.620573699474,0.6205736994743347,0,-44,-44,-221,-221,426
00.png,00.png,00.png,16.png,14.png,06.png,dots1.png,33.png,27.png,"[-209, -83]","[241, 67]","[150, 100]","[-59, 67]","[91, 67]","[241, 217]","[-209, 67]","[-59, 217]","[91, 217]","[-209, 217]","[-59, -233]","[91, -233]","[241, -233]","[100, 100]","[-59, -83]","[91, -83]","[241, -83]","[-209, -233]",1,12,"[100, 100]","[100, 100]",both,13.png,07.png,23.png,17.png,00.png,03.png,tray1.png,m,"[100, 100]","[100, 100]","[100, 100]","[100, 100]","[100, 100]","[100, 100]","[100, 100]","[100, 100]","[100, 100]","[100, 100]","[100, 100]","[0, -375]",ok.png,"[100, 100]","[100, 100]",265,3,1,1,1,0,0,0,0,0,0,0,0.687488853931,0.687488853931427,0,105,105,79,79,1,1,0,0,0,0,0,0,0,0.729894399643,0.7298943996429443,0,110,110,-245,-245,449
04.png,20.png,30.png,02.png,00.png,00.png,03.png,dots1.png,24.png,"[-208, -81]","[242, 69]","[150, 100]","[-58, 69]","[92, 69]","[242, 219]","[-208, 69]","[-58, 219]","[92, 219]","[-208, 219]","[-58, -231]","[92, -231]","[242, -231]","[100, 100]","[-58, -81]","[92, -81]","[242, -81]","[-208, -231]",1,12,"[100, 100]","[100, 100]",both,00.png,14.png,23.png,00.png,tray1.png,07.png,17.png,m,"[100, 100]","[100, 100]","[100, 100]","[100, 100]","[100, 100]","[100, 100]","[100, 100]","[100, 100]","[100, 100]","[100, 100]","[100, 100]","[0, -375]",ok.png,"[100, 100]","[100, 100]",266,3,1,1,1,0,0,0,0,0,0,0,0.934387266636,0.9343872666358948,0,234,234,31,31,1,1,0,0,0,0,0,0,0,0.657054722309,0.6570547223091125,0,220,220,-223,-223,388
03.png,19.png,29.png,00.png,00.png,02.png,32.png,11.png,dots1.png,"[-226, -65]","[224, 85]","[150, 100]","[-76, 85]","[74, 85]","[224, 235]","[-226, 85]","[-76, 235]","[74, 235]","[-226, 235]","[-76, -215]","[74, -215]","[224, -215]","[100, 100]","[-76, -65]","[74, -65]","[224, -65]","[-226, -215]",1,12,"[100, 100]","[100, 100]",both,00.png,00.png,22.png,16.png,18.png,04.png,tray1.png,m,"[100, 100]","[100, 100]","[100, 100]","[100, 100]","[100, 100]","[100, 100]","[100, 100]","[100, 100]","[100, 100]","[100, 100]","[100, 100]","[0, -375]",ok.png,"[100, 100]","[100, 100]",267,3,1,1,1,0,0,0,0,0,0,0,2.53860974312,2.538609743118286,0,-229,-229,-69,-69,1,1,0,0,0,0,0,0,0,0.579363167286,0.5793631672859192,0,70,70,-192,-192,19
16.png,13.png,11.png,05.png,21.png,00.png,00.png,00.png,00.png,"[-237, -76]","[213, 74]","[150, 100]","[-87, 74]","[63, 74]","[213, 224]","[-237, 74]","[-87, 224]","[63, 224]","[-237, 224]","[-87, -226]","[63, -226]","[213, -226]","[100, 100]","[-87, -76]","[63, -76]","[213, -76]","[-237, -226]",1,12,"[100, 100]","[100, 100]",both,25.png,03.png,dots1.png,28.png,15.png,tray1.png,08.png,m,"[100, 100]","[100, 100]","[100, 100]","[100, 100]","[100, 100]","[100, 100]","[100, 100]","[100, 100]","[100, 100]","[100, 100]","[100, 100]","[0, -375]",ok.png,"[100, 100]","[100, 100]",268,3,1,1,1,0,0,0,0,0,0,0,0.653817653656,0.6538176536560059,0,-69,-69,-74,-74,1,1,0,0,0,0,0,0,0,0.529574036598,0.5295740365982056,0,-49,-49,-245,-245,430
06.png,21.png,15.png,17.png,00.png,00.png,16.png,28.png,29.png,"[-213, -90]","[237, 60]","[150, 100]","[-63, 60]","[87, 60]","[237, 210]","[-213, 60]","[-63, 210]","[87, 210]","[-213, 210]","[-63, -240]","[87, -240]","[237, -240]","[100, 100]","[-63, -90]","[87, -90]","[237, -90]","[-213, -240]",1,12,"[100, 100]","[100, 100]",both,dots1.png,tray1.png,09.png,00.png,00.png,14.png,07.png,m,"[100, 100]","[100, 100]","[100, 100]","[100, 100]","[100, 100]","[100, 100]","[100, 100]","[100, 100]","[100, 100]","[100, 100]","[100, 100]","[0, -375]",ok.png,"[100, 100]","[100, 100]",269,3,1,1,1,0,0,0,0,0,0,0,1.00879716873,1.008797168731689,0,253,253,-104,-104,1,1,0,0,0,0,0,0,0,0.590214490891,0.5902144908905029,0,29,29,-403,-403,170
00.png,11.png,01.png,28.png,12.png,00.png,00.png,34.png,15.png,"[-248, -83]","[202, 67]","[150, 100]","[-98, 67]","[52, 67]","[202, 217]","[-248, 67]","[-98, 217]","[52, 217]","[-248, 217]","[-98, -233]","[52, -233]","[202, -233]","[100, 100]","[-98, -83]","[52, -83]","[202, -83]","[-248, -233]",1,12,"[100, 100]","[100, 100]",both,tray1.png,31.png,30.png,08.png,00.png,21.png,dots1.png,m,"[100, 100]","[100, 100]","[100, 100]","[100, 100]","[100, 100]","[100, 100]","[100, 100]","[100, 100]","[100, 100]","[100, 100]","[100, 100]","[0, -375]",ok.png,"[100, 100]","[100, 100]",270,3,1,1,1,0,0,0,0,0,0,0,1.19708156586,1.197081565856934,0,60,60,-238,-238,1,1,0,0,0,0,0,0,0,0.418899893761,0.4188998937606812,0,202,202,-65,-65,306
00.png,00.png,12.png,dots1.png,32.png,31.png,24.png,27.png,07.png,"[-230, -60]","[220, 90]","[150, 100]","[-80, 90]","[70, 90]","[220, 240]","[-230, 90]","[-80, 240]","[70, 240]","[-230, 240]","[-80, -210]","[70, -210]","[220, -210]","[100, 100]","[-80, -60]","[70, -60]","[220, -60]","[-230, -210]",1,12,"[100, 100]","[100, 100]",both,10.png,13.png,09.png,tray1.png,00.png,16.png,00.png,m,"[100, 100]","[100, 100]","[100, 100]","[100, 100]","[100, 100]","[100, 100]","[100, 100]","[100, 100]","[100, 100]","[100, 100]","[100, 100]","[0, -375]",ok.png,"[100, 100]","[100, 100]",271,3,1,1,1,0,0,0,0,0,0,0,1.37133252621,1.37133252620697,0,198,198,219,219,1,1,0,0,0,0,0,0,0,0.826169490814,0.826169490814209,0,45,45,-57,-57,143
00.png,00.png,25.png,12.png,dots1.png,19.png,05.png,00.png,01.png,"[-218, -71]","[232, 79]","[150, 100]","[-68, 79]","[82, 79]","[232, 229]","[-218, 79]","[-68, 229]","[82, 229]","[-218, 229]","[-68, -221]","[82, -221]","[232, -221]","[100, 100]","[-68, -71]","[82, -71]","[232, -71]","[-218, -221]",1,12,"[100, 100]","[100, 100]",both,10.png,34.png,tray1.png,07.png,30.png,20.png,00.png,m,"[100, 100]","[100, 100]","[100, 100]","[100, 100]","[100, 100]","[100, 100]","[100, 100]","[100, 100]","[100, 100]","[100, 100]","[100, 100]","[0, -375]",ok.png,"[100, 100]","[100, 100]",272,3,1,1,1,0,0,0,0,0,0,0,1.19584786892,1.195847868919373,0,-220,-220,71,71,1,1,0,0,0,0,0,0,0,0.638588249683,0.6385882496833801,0,-46,-46,-114,-114,285
11.png,13.png,17.png,18.png,00.png,dots1.png,00.png,09.png,tray1.png,"[-223, -64]","[227, 86]","[150, 100]","[-73, 86]","[77, 86]","[227, 236]","[-223, 86]","[-73, 236]","[77, 236]","[-223, 236]","[-73, -214]","[77, -214]","[227, -214]","[100, 100]","[-73, -64]","[77, -64]","[227, -64]","[-223, -214]",1,12,"[100, 100]","[100, 100]",both,30.png,26.png,02.png,04.png,00.png,24.png,00.png,m,"[100, 100]","[100, 100]","[100, 100]","[100, 100]","[100, 100]","[100, 100]","[100, 100]","[100, 100]","[100, 100]","[100, 100]","[100, 100]","[0, -375]",ok.png,"[100, 100]","[100, 100]",273,3,1,1,1,0,0,0,0,0,0,0,0.893231451511,0.8932314515113831,0,-64,-64,81,81,1,1,0,0,0,0,0,0,0,0.748550117016,0.7485501170158386,0,-207,-207,-76,-76,25
00.png,14.png,10.png,20.png,11.png,07.png,00.png,tray1.png,18.png,"[-213, -92]","[237, 58]","[150, 100]","[-63, 58]","[87, 58]","[237, 208]","[-213, 58]","[-63, 208]","[87, 208]","[-213, 208]","[-63, -242]","[87, -242]","[237, -242]","[100, 100]","[-63, -92]","[87, -92]","[237, -92]","[-213, -242]",1,12,"[100, 100]","[100, 100]",both,30.png,09.png,31.png,00.png,dots1.png,00.png,03.png,m,"[100, 100]","[100, 100]","[100, 100]","[100, 100]","[100, 100]","[100, 100]","[100, 100]","[100, 100]","[100, 100]","[100, 100]","[100, 100]","[0, -375]",ok.png,"[100, 100]","[100, 100]",274,3,1,1,1,0,0,0,0,0,0,0,1.01064300537,1.010643005371094,0,257,257,66,66,1,1,0,0,0,0,0,0,0,0.511520504951,0.511520504951477,0,226,226,-227,-227,297
31.png,03.png,13.png,00.png,23.png,21.png,tray1.png,00.png,33.png,"[-239, -78]","[211, 72]","[150, 100]","[-89, 72]","[61, 72]","[211, 222]","[-239, 72]","[-89, 222]","[61, 222]","[-239, 222]","[-89, -228]","[61, -228]","[211, -228]","[100, 100]","[-89, -78]","[61, -78]","[211, -78]","[-239, -228]",1,12,"[100, 100]","[100, 100]",both,00.png,19.png,00.png,14.png,26.png,32.png,dots1.png,m,"[100, 100]","[100, 100]","[100, 100]","[100, 100]","[100, 100]","[100, 100]","[100, 100]","[100, 100]","[100, 100]","[100, 100]","[100, 100]","[0, -375]",ok.png,"[100, 100]","[100, 100]",275,3,1,1,1,0,0,0,0,0,0,0,0.669718265533,0.6697182655334473,0,57,57,81,81,1,1,0,0,0,0,0,0,0,0.431939721107,0.4319397211074829,0,46,46,-223,-223,331
00.png,00.png,00.png,00.png,dots2.png,10.png,09.png,08.png,07.png,"[-244, -66]","[206, 84]","[150, 100]","[-94, 84]","[56, 84]","[206, 234]","[-244, 84]","[-94, 234]","[56, 234]","[-244, 234]","[-94, -216]","[56, -216]","[206, -216]","[100, 100]","[-94, -66]","[56, -66]","[206, -66]","[-244, -216]",1,12,"[100, 100]","[100, 100]",both,04.png,03.png,06.png,05.png,tray2.png,02.png,01.png,m,"[100, 100]","[100, 100]","[100, 100]","[100, 100]","[100, 100]","[100, 100]","[100, 100]","[100, 100]","[100, 100]","[100, 100]","[100, 100]","[0, -375]",ok.png,"[100, 100]","[100, 100]",276,3,1,1,1,0,0,0,0,0,0,0,0.838426530361,0.8384265303611755,0,-238,-238,64,64,1,1,0,0,0,0,0,0,0,0.826559185982,0.8265591859817505,0,205,205,-232,-232,109
00.png,00.png,31.png,32.png,33.png,dots2.png,14.png,00.png,13.png,"[-224, -54]","[226, 96]","[150, 100]","[-74, 96]","[76, 96]","[226, 246]","[-224, 96]","[-74, 246]","[76, 246]","[-224, 246]","[-74, -204]","[76, -204]","[226, -204]","[100, 100]","[-74, -54]","[76, -54]","[226, -54]","[-224, -204]",1,12,"[100, 100]","[100, 100]",both,10.png,00.png,12.png,11.png,08.png,09.png,tray2.png,m,"[100, 100]","[100, 100]","[100, 100]","[100, 100]","[100, 100]","[100, 100]","[100, 100]","[100, 100]","[100, 100]","[100, 100]","[100, 100]","[0, -375]",ok.png,"[100, 100]","[100, 100]",277,3,1,1,1,0,0,0,0,0,0,0,0.666544735432,0.6665447354316711,0,-102,-102,88,88,1,1,0,0,0,0,0,0,0,0.749449193478,0.7494491934776306,0,87,87,-230,-230,186
00.png,00.png,25.png,24.png,23.png,22.png,dots2.png,20.png,19.png,"[-238, -61]","[212, 89]","[150, 100]","[-88, 89]","[62, 89]","[212, 239]","[-238, 89]","[-88, 239]","[62, 239]","[-238, 239]","[-88, -211]","[62, -211]","[212, -211]","[100, 100]","[-88, -61]","[62, -61]","[212, -61]","[-238, -211]",1,12,"[100, 100]","[100, 100]",both,16.png,15.png,18.png,17.png,00.png,tray2.png,00.png,m,"[100, 100]","[100, 100]","[100, 100]","[100, 100]","[100, 100]","[100, 100]","[100, 100]","[100, 100]","[100, 100]","[100, 100]","[100, 100]","[0, -375]",ok.png,"[100, 100]","[100, 100]",278,3,1,1,1,0,0,0,0,0,0,0,1.61659657955,1.616596579551697,0,-78,-78,-234,-234,1,1,0,0,0,0,0,0,0,0.877377748489,0.8773777484893799,0,47,47,81,81,68
33.png,32.png,30.png,29.png,00.png,00.png,31.png,dots2.png,26.png,"[-218, -91]","[232, 59]","[150, 100]","[-68, 59]","[82, 59]","[232, 209]","[-218, 59]","[-68, 209]","[82, 209]","[-218, 209]","[-68, -241]","[82, -241]","[232, -241]","[100, 100]","[-68, -91]","[82, -91]","[232, -91]","[-218, -241]",1,12,"[100, 100]","[100, 100]",both,00.png,tray2.png,28.png,00.png,22.png,24.png,23.png,m,"[100, 100]","[100, 100]","[100, 100]","[100, 100]","[100, 100]","[100, 100]","[100, 100]","[100, 100]","[100, 100]","[100, 100]","[100, 100]","[0, -375]",ok.png,"[100, 100]","[100, 100]",279,3,1,1,1,0,0,0,0,0,0,0,0.870812475681,0.8708124756813049,0,223,223,74,74,1,1,0,0,0,0,0,0,0,0.763755857944,0.7637558579444885,0,-221,-221,-251,-251,56
00.png,00.png,00.png,00.png,01.png,34.png,33.png,32.png,dots2.png,"[-234, -76]","[216, 74]","[150, 100]","[-84, 74]","[66, 74]","[216, 224]","[-234, 74]","[-84, 224]","[66, 224]","[-234, 224]","[-84, -226]","[66, -226]","[216, -226]","[100, 100]","[-84, -76]","[66, -76]","[216, -76]","[-234, -226]",1,12,"[100, 100]","[100, 100]",both,tray2.png,08.png,30.png,29.png,02.png,06.png,04.png,m,"[100, 100]","[100, 100]","[100, 100]","[100, 100]","[100, 100]","[100, 100]","[100, 100]","[100, 100]","[100, 100]","[100, 100]","[100, 100]","[0, -375]",ok.png,"[100, 100]","[100, 100]",280,3,1,1,1,0,0,0,0,0,0,0,0.907599747181,0.9075997471809388,0,217,217,-78,-78,1,1,0,0,0,0,0,0,0,0.636166036129,0.6361660361289978,0,-200,-200,-87,-87,280
00.png,00.png,23.png,17.png,29.png,09.png,15.png,06.png,00.png,"[-211, -95]","[239, 55]","[150, 100]","[-61, 55]","[89, 55]","[239, 205]","[-211, 55]","[-61, 205]","[89, 205]","[-211, 205]","[-61, -245]","[89, -245]","[239, -245]","[100, 100]","[-61, -95]","[89, -95]","[239, -95]","[-211, -245]",1,12,"[100, 100]","[100, 100]",both,04.png,27.png,00.png,tray2.png,01.png,dots2.png,34.png,m,"[100, 100]","[100, 100]","[100, 100]","[100, 100]","[100, 100]","[100, 100]","[100, 100]","[100, 100]","[100, 100]","[100, 100]","[100, 100]","[0, -375]",ok.png,"[100, 100]","[100, 100]",281,3,1,1,1,0,0,0,0,0,0,0,1.06197738647,1.061977386474609,0,126,126,-93,-93,1,1,0,0,0,0,0,0,0,1.02751243114,1.027512431144714,0,-69,-69,-237,-237,49
17.png,09.png,22.png,06.png,00.png,00.png,14.png,18.png,25.png,"[-232, -61]","[218, 89]","[150, 100]","[-82, 89]","[68, 89]","[218, 239]","[-232, 89]","[-82, 239]","[68, 239]","[-232, 239]","[-82, -211]","[68, -211]","[218, -211]","[100, 100]","[-82, -61]","[68, -61]","[218, -61]","[-232, -211]",1,12,"[100, 100]","[100, 100]",both,07.png,dots2.png,tray2.png,03.png,00.png,02.png,00.png,m,"[100, 100]","[100, 100]","[100, 100]","[100, 100]","[100, 100]","[100, 100]","[100, 100]","[100, 100]","[100, 100]","[100, 100]","[100, 100]","[0, -375]",ok.png,"[100, 100]","[100, 100]",282,3,1,1,1,0,0,0,0,0,0,0,0.720138251781,0.7201382517814636,0,-66,-66,-44,-44,1,1,0,0,0,0,0,0,0,1.08911108971,1.089111089706421,0,-213,-213,-216,-216,417
00.png,dots2.png,00.png,00.png,31.png,25.png,17.png,30.png,tray2.png,"[-218, -84]","[232, 66]","[150, 100]","[-68, 66]","[82, 66]","[232, 216]","[-218, 66]","[-68, 216]","[82, 216]","[-218, 216]","[-68, -234]","[82, -234]","[232, -234]","[100, 100]","[-68, -84]","[82, -84]","[232, -84]","[-218, -234]",1,12,"[100, 100]","[100, 100]",both,20.png,07.png,27.png,15.png,00.png,33.png,05.png,m,"[100, 100]","[100, 100]","[100, 100]","[100, 100]","[100, 100]","[100, 100]","[100, 100]","[100, 100]","[100, 100]","[100, 100]","[100, 100]","[0, -375]",ok.png,"[100, 100]","[100, 100]",283,3,1,1,1,0,0,0,0,0,0,0,1.05399549007,1.053995490074158,0,-83,-83,212,212,1,1,0,0,0,0,0,0,0,2.32527375221,2.325273752212524,0,-193,-193,-69,-69,341
33.png,31.png,dots2.png,21.png,27.png,23.png,29.png,tray2.png,00.png,"[-236, -69]","[214, 81]","[150, 100]","[-86, 81]","[64, 81]","[214, 231]","[-236, 81]","[-86, 231]","[64, 231]","[-236, 231]","[-86, -219]","[64, -219]","[214, -219]","[100, 100]","[-86, -69]","[64, -69]","[214, -69]","[-236, -219]",1,12,"[100, 100]","[100, 100]",both,00.png,16.png,00.png,00.png,07.png,13.png,10.png,m,"[100, 100]","[100, 100]","[100, 100]","[100, 100]","[100, 100]","[100, 100]","[100, 100]","[100, 100]","[100, 100]","[100, 100]","[100, 100]","[0, -375]",ok.png,"[100, 100]","[100, 100]",284,3,1,1,1,0,0,0,0,0,0,0,1.30374634266,1.303746342658997,0,176,176,69,69,1,1,0,0,0,0,0,0,0,1.0133446455,1.013344645500183,0,80,80,218,218,206
00.png,00.png,00.png,00.png,26.png,24.png,tray2.png,22.png,20.png,"[-203, -80]","[247, 70]","[150, 100]","[-53, 70]","[97, 70]","[247, 220]","[-203, 70]","[-53, 220]","[97, 220]","[-203, 220]","[-53, -230]","[97, -230]","[247, -230]","[100, 100]","[-53, -80]","[97, -80]","[247, -80]","[-203, -230]",1,12,"[100, 100]","[100, 100]",both,14.png,03.png,18.png,16.png,09.png,dots2.png,07.png,m,"[100, 100]","[100, 100]","[100, 100]","[100, 100]","[100, 100]","[100, 100]","[100, 100]","[100, 100]","[100, 100]","[100, 100]","[100, 100]","[0, -375]",ok.png,"[100, 100]","[100, 100]",285,3,1,1,1,0,0,0,0,0,0,0,1.38163948059,1.38163948059082,0,-40,-40,-223,-223,1,1,0,0,0,0,0,0,0,0.301365584135,0.3013655841350555,0,-10,-10,-380,-380,115
00.png,00.png,27.png,24.png,21.png,tray2.png,19.png,16.png,32.png,"[-200, -54]","[250, 96]","[150, 100]","[-50, 96]","[100, 96]","[250, 246]","[-200, 96]","[-50, 246]","[100, 246]","[-200, 246]","[-50, -204]","[100, -204]","[250, -204]","[100, 100]","[-50, -54]","[100, -54]","[250, -54]","[-200, -204]",1,12,"[100, 100]","[100, 100]",both,dots2.png,31.png,34.png,10.png,00.png,33.png,00.png,m,"[100, 100]","[100, 100]","[100, 100]","[100, 100]","[100, 100]","[100, 100]","[100, 100]","[100, 100]","[100, 100]","[100, 100]","[100, 100]","[0, -375]",ok.png,"[100, 100]","[100, 100]",286,3,1,1,1,0,0,0,0,0,0,0,0.831899642944,0.8318996429443359,0,-41,-41,111,111,1,1,0,0,0,0,0,0,0,1.19671308994,1.196713089942932,0,250,250,1,1,59
34.png,27.png,00.png,00.png,tray2.png,11.png,16.png,21.png,17.png,"[-210, -77]","[240, 73]","[150, 100]","[-60, 73]","[90, 73]","[240, 223]","[-210, 73]","[-60, 223]","[90, 223]","[-210, 223]","[-60, -227]","[90, -227]","[240, -227]","[100, 100]","[-60, -77]","[90, -77]","[240, -77]","[-210, -227]",1,12,"[100, 100]","[100, 100]",both,00.png,dots2.png,04.png,00.png,10.png,20.png,15.png,m,"[100, 100]","[100, 100]","[100, 100]","[100, 100]","[100, 100]","[100, 100]","[100, 100]","[100, 100]","[100, 100]","[100, 100]","[100, 100]","[0, -375]",ok.png,"[100, 100]","[100, 100]",287,3,1,1,1,0,0,0,0,0,0,0,2.0165951252,2.016595125198364,0,-216,-216,-252,-252,1,1,0,0,0,0,0,0,0,0.949697375298,0.9496973752975464,0,-177,-177,75,75,190
04.png,02.png,05.png,tray2.png,08.png,07.png,01.png,03.png,00.png,"[-207, -87]","[243, 63]","[150, 100]","[-57, 63]","[93, 63]","[243, 213]","[-207, 63]","[-57, 213]","[93, 213]","[-207, 213]","[-57, -237]","[93, -237]","[243, -237]","[100, 100]","[-57, -87]","[93, -87]","[243, -87]","[-207, -237]",1,12,"[100, 100]","[100, 100]",both,28.png,24.png,00.png,32.png,00.png,dots2.png,00.png,m,"[100, 100]","[100, 100]","[100, 100]","[100, 100]","[100, 100]","[100, 100]","[100, 100]","[100, 100]","[100, 100]","[100, 100]","[100, 100]","[0, -375]",ok.png,"[100, 100]","[100, 100]",288,3,1,1,1,0,0,0,0,0,0,0,1.08963012695,1.089630126953125,0,244,244,234,234,1,1,0,0,0,0,0,0,0,0.734615623951,0.7346156239509583,0,-22,-22,-266,-266,293
01.png,12.png,tray2.png,23.png,00.png,00.png,28.png,13.png,08.png,"[-248, -83]","[202, 67]","[150, 100]","[-98, 67]","[52, 67]","[202, 217]","[-248, 67]","[-98, 217]","[52, 217]","[-248, 217]","[-98, -233]","[52, -233]","[202, -233]","[100, 100]","[-98, -83]","[52, -83]","[202, -83]","[-248, -233]",1,12,"[100, 100]","[100, 100]",both,00.png,16.png,dots2.png,03.png,29.png,06.png,00.png,m,"[100, 100]","[100, 100]","[100, 100]","[100, 100]","[100, 100]","[100, 100]","[100, 100]","[100, 100]","[100, 100]","[100, 100]","[100, 100]","[0, -375]",ok.png,"[100, 100]","[100, 100]",289,3,1,1,1,0,0,0,0,0,0,0,1.19980990887,1.199809908866882,0,46,46,208,208,1,1,0,0,0,0,0,0,0,2.79022240639,2.790222406387329,0,-6,-6,-389,-389,138
00.png,tray2.png,03.png,07.png,13.png,17.png,23.png,27.png,dots2.png,"[-238, -69]","[212, 81]","[150, 100]","[-88, 81]","[62, 81]","[212, 231]","[-238, 81]","[-88, 231]","[62, 231]","[-238, 231]","[-88, -219]","[62, -219]","[212, -219]","[100, 100]","[-88, -69]","[62, -69]","[212, -69]","[-238, -219]",1,12,"[100, 100]","[100, 100]",both,14.png,16.png,04.png,06.png,00.png,00.png,00.png,m,"[100, 100]","[100, 100]","[100, 100]","[100, 100]","[100, 100]","[100, 100]","[100, 100]","[100, 100]","[100, 100]","[100, 100]","[100, 100]","[0, -375]",ok.png,"[100, 100]","[100, 100]",290,3,1,1,1,0,0,0,0,0,0,0,0.798130869865,0.7981308698654175,0,-81,-81,246,246,1,1,0,0,0,0,0,0,0,1.38509082794,1.385090827941895,0,4,4,-392,-392,114
tray2.png,17.png,07.png,14.png,00.png,00.png,23.png,dots2.png,04.png,"[-218, -85]","[232, 65]","[150, 100]","[-68, 65]","[82, 65]","[232, 215]","[-218, 65]","[-68, 215]","[82, 215]","[-218, 215]","[-68, -235]","[82, -235]","[232, -235]","[100, 100]","[-68, -85]","[82, -85]","[232, -85]","[-218, -235]",1,12,"[100, 100]","[100, 100]",both,00.png,02.png,03.png,00.png,04.png,30.png,20.png,m,"[100, 100]","[100, 100]","[100, 100]","[100, 100]","[100, 100]","[100, 100]","[100, 100]","[100, 100]","[100, 100]","[100, 100]","[100, 100]","[0, -375]",ok.png,"[100, 100]","[100, 100]",291,3,1,1,1,0,0,0,0,0,0,0,1.22929370403,1.229293704032898,0,-247,-247,211,211,1,1,0,0,0,0,0,0,0,0.636312127113,0.6363121271133423,0,248,248,64,64,20
18.png,tray2.png,04.png,00.png,00.png,16.png,dots2.png,12.png,11.png,"[-209, -92]","[241, 58]","[150, 100]","[-59, 58]","[91, 58]","[241, 208]","[-209, 58]","[-59, 208]","[91, 208]","[-209, 208]","[-59, -242]","[91, -242]","[241, -242]","[100, 100]","[-59, -92]","[91, -92]","[241, -92]","[-209, -242]",1,12,"[100, 100]","[100, 100]",both,00.png,00.png,32.png,02.png,03.png,29.png,19.png,m,"[100, 100]","[100, 100]","[100, 100]","[100, 100]","[100, 100]","[100, 100]","[100, 100]","[100, 100]","[100, 100]","[100, 100]","[100, 100]","[0, -375]",ok.png,"[100, 100]","[100, 100]",292,3,1,1,1,0,0,0,0,0,0,0,0.780088603497,0.7800886034965515,0,87,87,46,46,1,1,0,0,0,0,0,0,0,0.813162505627,0.8131625056266785,0,-70,-70,206,206,241
15.png,08.png,tray2.png,03.png,25.png,dots2.png,27.png,00.png,00.png,"[-232, -60]","[218, 90]","[150, 100]","[-82, 90]","[68, 90]","[218, 240]","[-232, 90]","[-82, 240]","[68, 240]","[-232, 240]","[-82, -210]","[68, -210]","[218, -210]","[100, 100]","[-82, -60]","[68, -60]","[218, -60]","[-232, -210]",1,12,"[100, 100]","[100, 100]",both,21.png,05.png,00.png,00.png,16.png,11.png,13.png,m,"[100, 100]","[100, 100]","[100, 100]","[100, 100]","[100, 100]","[100, 100]","[100, 100]","[100, 100]","[100, 100]","[100, 100]","[100, 100]","[0, -375]",ok.png,"[100, 100]","[100, 100]",293,3,1,1,1,0,0,0,0,0,0,0,1.61665260792,1.616652607917786,0,70,70,228,228,1,1,0,0,0,0,0,0,0,0.938565850258,0.9385658502578736,0,-91,-91,88,88,171
00.png,07.png,14.png,tray2.png,23.png,00.png,09.png,29.png,28.png,"[-243, -97]","[207, 53]","[150, 100]","[-93, 53]","[57, 53]","[207, 203]","[-243, 53]","[-93, 203]","[57, 203]","[-243, 203]","[-93, -247]","[57, -247]","[207, -247]","[100, 100]","[-93, -97]","[57, -97]","[207, -97]","[-243, -247]",1,12,"[100, 100]","[100, 100]",both,00.png,17.png,16.png,00.png,dots2.png,15.png,21.png,m,"[100, 100]","[100, 100]","[100, 100]","[100, 100]","[100, 100]","[100, 100]","[100, 100]","[100, 100]","[100, 100]","[100, 100]","[100, 100]","[0, -375]",ok.png,"[100, 100]","[100, 100]",294,3,1,1,1,0,0,0,0,0,0,0,2.11872839928,2.118728399276733,0,214,214,-259,-259,1,1,0,0,0,0,0,0,0,0.417765766382,0.4177657663822174,0,-52,-52,-260,-260,321
00.png,32.png,21.png,31.png,tray2.png,08.png,30.png,15.png,34.png,"[-247, -57]","[203, 93]","[150, 100]","[-97, 93]","[53, 93]","[203, 243]","[-247, 93]","[-97, 243]","[53, 243]","[-247, 243]","[-97, -207]","[53, -207]","[203, -207]","[100, 100]","[-97, -57]","[53, -57]","[203, -57]","[-247, -207]",1,12,"[100, 100]","[100, 100]",both,12.png,28.png,00.png,00.png,00.png,01.png,dots2.png,m,"[100, 100]","[100, 100]","[100, 100]","[100, 100]","[100, 100]","[100, 100]","[100, 100]","[100, 100]","[100, 100]","[100, 100]","[100, 100]","[0, -375]",ok.png,"[100, 100]","[100, 100]",295,3,1,1,1,0,0,0,0,0,0,0,1.17005217075,1.170052170753479,0,-229,-229,93,93,1,1,0,0,0,0,0,0,0,0.467291116714,0.4672911167144775,0,22,22,-225,-225,378
00.png,00.png,16.png,13.png,10.png,tray2.png,09.png,07.png,27.png,"[-236, -51]","[214, 99]","[150, 100]","[-86, 99]","[64, 99]","[214, 249]","[-236, 99]","[-86, 249]","[64, 249]","[-236, 249]","[-86, -201]","[64, -201]","[214, -201]","[100, 100]","[-86, -51]","[64, -51]","[214, -51]","[-236, -201]",1,12,"[100, 100]","[100, 100]",both,32.png,04.png,24.png,31.png,00.png,dots2.png,00.png,m,"[100, 100]","[100, 100]","[100, 100]","[100, 100]","[100, 100]","[100, 100]","[100, 100]","[100, 100]","[100, 100]","[100, 100]","[100, 100]","[0, -375]",ok.png,"[100, 100]","[100, 100]",296,3,1,1,1,0,0,0,0,0,0,0,0.920060038567,0.9200600385665894,0,-96,-96,-181,-181,1,1,0,0,0,0,0,0,0,0.621791601181,0.6217916011810303,0,-53,-53,90,90,348
30.png,00.png,20.png,34.png,10.png,07.png,tray2.png,01.png,00.png,"[-221, -50]","[229, 100]","[150, 100]","[-71, 100]","[79, 100]","[229, 250]","[-221, 100]","[-71, 250]","[79, 250]","[-221, 250]","[-71, -200]","[79, -200]","[229, -200]","[100, 100]","[-71, -50]","[79, -50]","[229, -50]","[-221, -200]",1,12,"[100, 100]","[100, 100]",both,33.png,dots2.png,05.png,19.png,00.png,25.png,00.png,m,"[100, 100]","[100, 100]","[100, 100]","[100, 100]","[100, 100]","[100, 100]","[100, 100]","[100, 100]","[100, 100]","[100, 100]","[100, 100]","[0, -375]",ok.png,"[100, 100]","[100, 100]",297,3,1,1,1,0,0,0,0,0,0,0,0.688029408455,0.688029408454895,0,76,76,123,123,1,1,0,0,0,0,0,0,0,0.623386919498,0.6233869194984436,0,-222,-222,-214,-214,211
00.png,00.png,24.png,26.png,30.png,04.png,02.png,tray2.png,09.png,"[-221, -51]","[229, 99]","[150, 100]","[-71, 99]","[79, 99]","[229, 249]","[-221, 99]","[-71, 249]","[79, 249]","[-221, 249]","[-71, -201]","[79, -201]","[229, -201]","[100, 100]","[-71, -51]","[79, -51]","[229, -51]","[-221, -201]",1,12,"[100, 100]","[100, 100]",both,00.png,18.png,00.png,dots2.png,11.png,17.png,13.png,m,"[100, 100]","[100, 100]","[100, 100]","[100, 100]","[100, 100]","[100, 100]","[100, 100]","[100, 100]","[100, 100]","[100, 100]","[100, 100]","[0, -375]",ok.png,"[100, 100]","[100, 100]",298,3,1,1,1,0,0,0,0,0,0,0,0.8409486413,0.8409486413002014,0,245,245,102,102,1,1,0,0,0,0,0,0,0,0.883158802986,0.883158802986145,0,104,104,-10,-10,354
19.png,dots2.png,00.png,09.png,30.png,00.png,31.png,18.png,tray2.png,"[-218, -50]","[232, 100]","[150, 100]","[-68, 100]","[82, 100]","[232, 250]","[-218, 100]","[-68, 250]","[82, 250]","[-218, 250]","[-68, -200]","[82, -200]","[232, -200]","[100, 100]","[-68, -50]","[82, -50]","[232, -50]","[-218, -200]",1,12,"[100, 100]","[100, 100]",both,11.png,20.png,00.png,07.png,00.png,10.png,14.png,m,"[100, 100]","[100, 100]","[100, 100]","[100, 100]","[100, 100]","[100, 100]","[100, 100]","[100, 100]","[100, 100]","[100, 100]","[100, 100]","[0, -375]",ok.png,"[100, 100]","[100, 100]",299,3,1,1,1,0,0,0,0,0,0,0,0.887575209141,0.8875752091407776,0,-221,-221,-68,-68,1,1,0,0,0,0,0,0,0,1.1682060957,1.168206095695496,0,-18,-18,-378,-378,3
26.png,29.png,32.png,dots2.png,00.png,14.png,00.png,33.png,00.png,"[-204, -54]","[246, 96]","[150, 100]","[-54, 96]","[96, 96]","[246, 246]","[-204, 96]","[-54, 246]","[96, 246]","[-204, 246]","[-54, -204]","[96, -204]","[246, -204]","[100, 100]","[-54, -54]","[96, -54]","[246, -54]","[-204, -204]",1,12,"[100, 100]","[100, 100]",both,23.png,00.png,tray2.png,21.png,31.png,13.png,03.png,m,"[100, 100]","[100, 100]","[100, 100]","[100, 100]","[100, 100]","[100, 100]","[100, 100]","[100, 100]","[100, 100]","[100, 100]","[100, 100]","[0, -375]",ok.png,"[100, 100]","[100, 100]",300,3,1,1,1,0,0,0,0,0,0,0,1.08563828468,1.085638284683228,0,236,236,-54,-54,1,1,0,0,0,0,0,0,0,0.672858893871,0.6728588938713074,0,-43,-43,-59,-59,162
tray1.png,01.png,02.png,03.png,04.png,05.png,06.png,07.png,08.png,"[-217, -89]","[233, 61]","[150, 100]","[-67, 61]","[83, 61]","[233, 211]","[-217, 61]","[-67, 211]","[83, 211]","[-217, 211]","[-67, -239]","[83, -239]","[233, -239]","[100, 100]","[-67, -89]","[83, -89]","[233, -89]","[-217, -239]",1,16,"[100, 100]","[100, 100]",tray,11.png,12.png,09.png,10.png,15.png,13.png,14.png,m,"[100, 100]","[100, 100]","[100, 100]","[100, 100]","[100, 100]","[100, 100]","[100, 100]","[100, 100]","[100, 100]","[100, 100]","[100, 100]","[0, -375]",ok.png,"[100, 100]","[100, 100]",301,1,1,1,1,0,0,0,0,0,0,0,1.28171503544,1.281715035438538,0,-206,-206,173,173,1,1,0,0,0,0,0,0,0,0.542613506317,0.5426135063171387,0,-25,-25,-400,-400,198
08.png,tray1.png,09.png,01.png,10.png,11.png,12.png,13.png,15.png,"[-231, -83]","[219, 67]","[150, 100]","[-81, 67]","[69, 67]","[219, 217]","[-231, 67]","[-81, 217]","[69, 217]","[-231, 217]","[-81, -233]","[69, -233]","[219, -233]","[100, 100]","[-81, -83]","[69, -83]","[219, -83]","[-231, -233]",1,16,"[100, 100]","[100, 100]",tray,33.png,32.png,14.png,34.png,23.png,31.png,22.png,m,"[100, 100]","[100, 100]","[100, 100]","[100, 100]","[100, 100]","[100, 100]","[100, 100]","[100, 100]","[100, 100]","[100, 100]","[100, 100]","[0, -375]",ok.png,"[100, 100]","[100, 100]",302,1,1,1,1,0,0,0,0,0,0,0,0.855207085609,0.855207085609436,0,-100,-100,209,209,1,1,0,0,0,0,0,0,0,2.22744488716,2.227444887161255,0,-1,-1,-425,-425,263
05.png,06.png,tray1.png,15.png,16.png,17.png,18.png,19.png,20.png,"[-222, -88]","[228, 62]","[150, 100]","[-72, 62]","[78, 62]","[228, 212]","[-222, 62]","[-72, 212]","[78, 212]","[-222, 212]","[-72, -238]","[78, -238]","[228, -238]","[100, 100]","[-72, -88]","[78, -88]","[228, -88]","[-222, -238]",1,16,"[100, 100]","[100, 100]",tray,23.png,24.png,21.png,22.png,27.png,25.png,30.png,m,"[100, 100]","[100, 100]","[100, 100]","[100, 100]","[100, 100]","[100, 100]","[100, 100]","[100, 100]","[100, 100]","[100, 100]","[100, 100]","[0, -375]",ok.png,"[100, 100]","[100, 100]",303,1,1,1,1,0,0,0,0,0,0,0,0.834214389324,0.8342143893241882,0,89,89,230,230,1,1,0,0,0,0,0,0,0,2.93503546715,2.935035467147827,0,1,1,-389,-389,323
22.png,23.png,24.png,tray1.png,03.png,12.png,25.png,26.png,02.png,"[-239, -85]","[211, 65]","[150, 100]","[-89, 65]","[61, 65]","[211, 215]","[-239, 65]","[-89, 215]","[61, 215]","[-239, 215]","[-89, -235]","[61, -235]","[211, -235]","[100, 100]","[-89, -85]","[61, -85]","[211, -85]","[-239, -235]",1,16,"[100, 100]","[100, 100]",tray,28.png,29.png,08.png,27.png,32.png,30.png,31.png,m,"[100, 100]","[100, 100]","[100, 100]","[100, 100]","[100, 100]","[100, 100]","[100, 100]","[100, 100]","[100, 100]","[100, 100]","[100, 100]","[0, -375]",ok.png,"[100, 100]","[100, 100]",304,1,1,1,1,0,0,0,0,0,0,0,2.24523568153,2.245235681533813,0,193,193,208,208,1,1,0,0,0,0,0,0,0,0.732501327991,0.7325013279914856,0,29,29,-385,-385,314
02.png,04.png,06.png,08.png,tray1.png,29.png,30.png,31.png,32.png,"[-215, -99]","[235, 51]","[150, 100]","[-65, 51]","[85, 51]","[235, 201]","[-215, 51]","[-65, 201]","[85, 201]","[-215, 201]","[-65, -249]","[85, -249]","[235, -249]","[100, 100]","[-65, -99]","[85, -99]","[235, -99]","[-215, -249]",1,16,"[100, 100]","[100, 100]",tray,01.png,22.png,33.png,34.png,28.png,24.png,26.png,m,"[100, 100]","[100, 100]","[100, 100]","[100, 100]","[100, 100]","[100, 100]","[100, 100]","[100, 100]","[100, 100]","[100, 100]","[100, 100]","[0, -375]",ok.png,"[100, 100]","[100, 100]",305,1,1,1,1,0,0,0,0,0,0,0,1.24768996239,1.247689962387085,0,-186,-186,38,38,1,1,0,0,0,0,0,0,0,1.5249273777,1.524927377700806,0,19,19,-389,-389,51
01.png,34.png,07.png,27.png,04.png,tray1.png,11.png,26.png,06.png,"[-228, -84]","[222, 66]","[150, 100]","[-78, 66]","[72, 66]","[222, 216]","[-228, 66]","[-78, 216]","[72, 216]","[-228, 216]","[-78, -234]","[72, -234]","[222, -234]","[100, 100]","[-78, -84]","[72, -84]","[222, -84]","[-228, -234]",1,16,"[100, 100]","[100, 100]",tray,29.png,17.png,15.png,09.png,32.png,23.png,30.png,m,"[100, 100]","[100, 100]","[100, 100]","[100, 100]","[100, 100]","[100, 100]","[100, 100]","[100, 100]","[100, 100]","[100, 100]","[100, 100]","[0, -375]",ok.png,"[100, 100]","[100, 100]",306,1,1,1,1,0,0,0,0,0,0,0,1.07637310028,1.076373100280762,0,-56,-56,65,65,1,1,0,0,0,0,0,0,0,2.4497628212,2.44976282119751,0,17,17,-393,-393,34
12.png,24.png,02.png,05.png,07.png,03.png,tray1.png,25.png,18.png,"[-218, -59]","[232, 91]","[150, 100]","[-68, 91]","[82, 91]","[232, 241]","[-218, 91]","[-68, 241]","[82, 241]","[-218, 241]","[-68, -209]","[82, -209]","[232, -209]","[100, 100]","[-68, -59]","[82, -59]","[232, -59]","[-218, -209]",1,16,"[100, 100]","[100, 100]",tray,27.png,06.png,14.png,13.png,17.png,22.png,09.png,m,"[100, 100]","[100, 100]","[100, 100]","[100, 100]","[100, 100]","[100, 100]","[100, 100]","[100, 100]","[100, 100]","[100, 100]","[100, 100]","[0, -375]",ok.png,"[100, 100]","[100, 100]",307,1,1,1,1,0,0,0,0,0,0,0,3.0825047493,3.082504749298096,0,80,80,97,97,1,1,0,0,0,0,0,0,0,0.472623378038,0.4726233780384064,0,7,7,-376,-376,215
13.png,05.png,33.png,07.png,20.png,15.png,27.png,tray1.png,30.png,"[-223, -95]","[227, 55]","[150, 100]","[-73, 55]","[77, 55]","[227, 205]","[-223, 55]","[-73, 205]","[77, 205]","[-223, 205]","[-73, -245]","[77, -245]","[227, -245]","[100, 100]","[-73, -95]","[77, -95]","[227, -95]","[-223, -245]",1,16,"[100, 100]","[100, 100]",tray,31.png,09.png,17.png,25.png,22.png,01.png,33.png,m,"[100, 100]","[100, 100]","[100, 100]","[100, 100]","[100, 100]","[100, 100]","[100, 100]","[100, 100]","[100, 100]","[100, 100]","[100, 100]","[0, -375]",ok.png,"[100, 100]","[100, 100]",308,1,1,1,1,0,0,0,0,0,0,0,1.21811294556,1.218112945556641,0,209,209,40,40,1,1,0,0,0,0,0,0,0,1.91536927223,1.915369272232056,0,21,21,-388,-388,231
07.png,10.png,13.png,16.png,02.png,08.png,04.png,06.png,tray1.png,"[-218, -60]","[232, 90]","[150, 100]","[-68, 90]","[82, 90]","[232, 240]","[-218, 90]","[-68, 240]","[82, 240]","[-218, 240]","[-68, -210]","[82, -210]","[232, -210]","[100, 100]","[-68, -60]","[82, -60]","[232, -60]","[-218, -210]",1,16,"[100, 100]","[100, 100]",tray,27.png,21.png,29.png,23.png,33.png,25.png,31.png,m,"[100, 100]","[100, 100]","[100, 100]","[100, 100]","[100, 100]","[100, 100]","[100, 100]","[100, 100]","[100, 100]","[100, 100]","[100, 100]","[0, -375]",ok.png,"[100, 100]","[100, 100]",309,1,1,1,1,0,0,0,0,0,0,0,2.65179991722,2.651799917221069,0,-236,-236,-64,-64,1,1,0,0,0,0,0,0,0,0.653308212757,0.6533082127571106,0,0,0,-363,-363,268
09.png,07.png,05.png,03.png,14.png,16.png,18.png,20.png,22.png,"[-246, -68]","[204, 82]","[150, 100]","[-96, 82]","[54, 82]","[204, 232]","[-246, 82]","[-96, 232]","[54, 232]","[-246, 232]","[-96, -218]","[54, -218]","[204, -218]","[100, 100]","[-96, -68]","[54, -68]","[204, -68]","[-246, -218]",1,16,"[100, 100]","[100, 100]",tray,26.png,21.png,tray1.png,24.png,30.png,27.png,32.png,m,"[100, 100]","[100, 100]","[100, 100]","[100, 100]","[100, 100]","[100, 100]","[100, 100]","[100, 100]","[100, 100]","[100, 100]","[100, 100]","[0, -375]",ok.png,"[100, 100]","[100, 100]",310,1,1,1,1,0,0,0,0,0,0,0,3.94241261482,3.942412614822388,0,-97,-97,-58,-58,1,1,0,0,0,0,0,0,0,0.284009277821,0.2840092778205872,0,-21,-21,-448,-448,419
05.png,14.png,33.png,31.png,13.png,10.png,34.png,32.png,16.png,"[-223, -68]","[227, 82]","[150, 100]","[-73, 82]","[77, 82]","[227, 232]","[-223, 82]","[-73, 232]","[77, 232]","[-223, 232]","[-73, -218]","[77, -218]","[227, -218]","[100, 100]","[-73, -68]","[77, -68]","[227, -68]","[-223, -218]",1,16,"[100, 100]","[100, 100]",tray,21.png,24.png,19.png,tray1.png,01.png,27.png,18.png,m,"[100, 100]","[100, 100]","[100, 100]","[100, 100]","[100, 100]","[100, 100]","[100, 100]","[100, 100]","[100, 100]","[100, 100]","[100, 100]","[0, -375]",ok.png,"[100, 100]","[100, 100]",311,1,1,1,1,0,0,0,0,0,0,0,1.65224254131,1.652242541313171,0,63,63,-69,-69,1,1,0,0,0,0,0,0,0,2.72908806801,2.729088068008423,0,27,27,-394,-394,91
10.png,15.png,20.png,25.png,09.png,24.png,04.png,17.png,21.png,"[-212, -95]","[238, 55]","[150, 100]","[-62, 55]","[88, 55]","[238, 205]","[-212, 55]","[-62, 205]","[88, 205]","[-212, 205]","[-62, -245]","[88, -245]","[238, -245]","[100, 100]","[-62, -95]","[88, -95]","[238, -95]","[-212, -245]",1,16,"[100, 100]","[100, 100]",tray,tray1.png,18.png,16.png,11.png,34.png,08.png,27.png,m,"[100, 100]","[100, 100]","[100, 100]","[100, 100]","[100, 100]","[100, 100]","[100, 100]","[100, 100]","[100, 100]","[100, 100]","[100, 100]","[0, -375]",ok.png,"[100, 100]","[100, 100]",312,1,1,1,1,0,0,0,0,0,0,0,1.86922299862,1.86922299861908,0,225,225,-111,-111,1,1,0,0,0,0,0,0,0,1.12250351906,1.122503519058228,0,24,24,-389,-389,254
16.png,10.png,20.png,24.png,28.png,32.png,29.png,26.png,03.png,"[-225, -60]","[225, 90]","[150, 100]","[-75, 90]","[75, 90]","[225, 240]","[-225, 90]","[-75, 240]","[75, 240]","[-225, 240]","[-75, -210]","[75, -210]","[225, -210]","[100, 100]","[-75, -60]","[75, -60]","[225, -60]","[-225, -210]",1,16,"[100, 100]","[100, 100]",tray,08.png,tray1.png,01.png,07.png,04.png,05.png,02.png,m,"[100, 100]","[100, 100]","[100, 100]","[100, 100]","[100, 100]","[100, 100]","[100, 100]","[100, 100]","[100, 100]","[100, 100]","[100, 100]","[0, -375]",ok.png,"[100, 100]","[100, 100]",313,1,1,1,1,0,0,0,0,0,0,0,2.74632048607,2.746320486068726,0,-206,-206,-212,-212,1,1,0,0,0,0,0,0,0,0.792968332767,0.7929683327674866,0,3,3,-387,-387,124
29.png,17.png,06.png,16.png,15.png,03.png,33.png,08.png,13.png,"[-221, -87]","[229, 63]","[150, 100]","[-71, 63]","[79, 63]","[229, 213]","[-221, 63]","[-71, 213]","[79, 213]","[-221, 213]","[-71, -237]","[79, -237]","[229, -237]","[100, 100]","[-71, -87]","[79, -87]","[229, -87]","[-221, -237]",1,16,"[100, 100]","[100, 100]",tray,10.png,23.png,28.png,02.png,01.png,tray1.png,12.png,m,"[100, 100]","[100, 100]","[100, 100]","[100, 100]","[100, 100]","[100, 100]","[100, 100]","[100, 100]","[100, 100]","[100, 100]","[100, 100]","[0, -375]",ok.png,"[100, 100]","[100, 100]",314,1,1,1,1,0,0,0,0,0,0,0,1.43653404713,1.43653404712677,0,-52,-52,-240,-240,1,1,0,0,0,0,0,0,0,2.2486011982,2.248601198196411,0,7,7,-376,-376,259
32.png,30.png,08.png,16.png,14.png,06.png,04.png,33.png,27.png,"[-227, -75]","[223, 75]","[150, 100]","[-77, 75]","[73, 75]","[223, 225]","[-227, 75]","[-77, 225]","[73, 225]","[-227, 225]","[-77, -225]","[73, -225]","[223, -225]","[100, 100]","[-77, -75]","[73, -75]","[223, -75]","[-227, -225]",1,16,"[100, 100]","[100, 100]",tray,13.png,07.png,23.png,17.png,24.png,03.png,tray1.png,m,"[100, 100]","[100, 100]","[100, 100]","[100, 100]","[100, 100]","[100, 100]","[100, 100]","[100, 100]","[100, 100]","[100, 100]","[100, 100]","[0, -375]",ok.png,"[100, 100]","[100, 100]",315,1,1,1,1,0,0,0,0,0,0,0,1.34591925144,1.345919251441956,0,65,65,-241,-241,1,1,0,0,0,0,0,0,0,0.557924687862,0.5579246878623962,0,-1,-1,-374,-374,445
04.png,20.png,30.png,02.png,12.png,16.png,03.png,04.png,24.png,"[-230, -52]","[220, 98]","[150, 100]","[-80, 98]","[70, 98]","[220, 248]","[-230, 98]","[-80, 248]","[70, 248]","[-230, 248]","[-80, -202]","[70, -202]","[220, -202]","[100, 100]","[-80, -52]","[70, -52]","[220, -52]","[-230, -202]",1,16,"[100, 100]","[100, 100]",tray,27.png,14.png,23.png,33.png,tray1.png,07.png,17.png,m,"[100, 100]","[100, 100]","[100, 100]","[100, 100]","[100, 100]","[100, 100]","[100, 100]","[100, 100]","[100, 100]","[100, 100]","[100, 100]","[0, -375]",ok.png,"[100, 100]","[100, 100]",316,1,1,1,1,0,0,0,0,0,0,0,1.62383782864,1.623837828636169,0,231,231,-185,-185,1,1,0,0,0,0,0,0,0,0.434379726648,0.4343797266483307,0,79,79,-363,-363,154
03.png,19.png,29.png,09.png,25.png,02.png,32.png,11.png,12.png,"[-250, -55]","[200, 95]","[150, 100]","[-100, 95]","[50, 95]","[200, 245]","[-250, 95]","[-100, 245]","[50, 245]","[-250, 245]","[-100, -205]","[50, -205]","[200, -205]","[100, 100]","[-100, -55]","[50, -55]","[200, -55]","[-250, -205]",1,16,"[100, 100]","[100, 100]",tray,31.png,13.png,22.png,16.png,18.png,04.png,tray1.png,m,"[100, 100]","[100, 100]","[100, 100]","[100, 100]","[100, 100]","[100, 100]","[100, 100]","[100, 100]","[100, 100]","[100, 100]","[100, 100]","[0, -375]",ok.png,"[100, 100]","[100, 100]",317,1,1,1,1,0,0,0,0,0,0,0,2.75443291664,2.754432916641235,0,53,53,-193,-193,1,1,0,0,0,0,0,0,0,1.35643911362,1.356439113616943,0,16,16,-410,-410,187
16.png,13.png,11.png,05.png,21.png,30.png,07.png,23.png,01.png,"[-246, -86]","[204, 64]","[150, 100]","[-96, 64]","[54, 64]","[204, 214]","[-246, 64]","[-96, 214]","[54, 214]","[-246, 214]","[-96, -236]","[54, -236]","[204, -236]","[100, 100]","[-96, -86]","[54, -86]","[204, -86]","[-246, -236]",1,16,"[100, 100]","[100, 100]",tray,25.png,03.png,27.png,28.png,15.png,tray1.png,08.png,m,"[100, 100]","[100, 100]","[100, 100]","[100, 100]","[100, 100]","[100, 100]","[100, 100]","[100, 100]","[100, 100]","[100, 100]","[100, 100]","[0, -375]",ok.png,"[100, 100]","[100, 100]",318,1,1,1,1,0,0,0,0,0,0,0,1.4210562706,1.421056270599365,0,-106,-106,-214,-214,1,1,0,0,0,0,0,0,0,0.336583226919,0.3365832269191742,0,-19,-19,-408,-408,243
06.png,21.png,15.png,17.png,20.png,05.png,16.png,28.png,29.png,"[-206, -71]","[244, 79]","[150, 100]","[-56, 79]","[94, 79]","[244, 229]","[-206, 79]","[-56, 229]","[94, 229]","[-206, 229]","[-56, -221]","[94, -221]","[244, -221]","[100, 100]","[-56, -71]","[94, -71]","[244, -71]","[-206, -221]",1,16,"[100, 100]","[100, 100]",tray,23.png,tray1.png,09.png,02.png,32.png,14.png,07.png,m,"[100, 100]","[100, 100]","[100, 100]","[100, 100]","[100, 100]","[100, 100]","[100, 100]","[100, 100]","[100, 100]","[100, 100]","[100, 100]","[0, -375]",ok.png,"[100, 100]","[100, 100]",319,1,1,1,1,0,0,0,0,0,0,0,1.07631182671,1.076311826705933,0,88,88,202,202,1,1,0,0,0,0,0,0,0,1.14205217361,1.142052173614502,0,-190,-190,-218,-218,260
06.png,11.png,01.png,28.png,12.png,17.png,19.png,34.png,15.png,"[-240, -56]","[210, 94]","[150, 100]","[-90, 94]","[60, 94]","[210, 244]","[-240, 94]","[-90, 244]","[60, 244]","[-240, 244]","[-90, -206]","[60, -206]","[210, -206]","[100, 100]","[-90, -56]","[60, -56]","[210, -56]","[-240, -206]",1,16,"[100, 100]","[100, 100]",tray,tray1.png,31.png,30.png,08.png,03.png,21.png,32.png,m,"[100, 100]","[100, 100]","[100, 100]","[100, 100]","[100, 100]","[100, 100]","[100, 100]","[100, 100]","[100, 100]","[100, 100]","[100, 100]","[0, -375]",ok.png,"[100, 100]","[100, 100]",320,1,1,1,1,0,0,0,0,0,0,0,0.986882150173,0.9868821501731871,0,234,234,-71,-71,1,1,0,0,0,0,0,0,0,0.730994343758,0.7309943437576294,0,1,1,-401,-401,310
09.png,03.png,12.png,04.png,32.png,31.png,24.png,27.png,07.png,"[-249, -91]","[201, 59]","[150, 100]","[-99, 59]","[51, 59]","[201, 209]","[-249, 59]","[-99, 209]","[51, 209]","[-249, 209]","[-99, -241]","[51, -241]","[201, -241]","[100, 100]","[-99, -91]","[51, -91]","[201, -91]","[-249, -241]",1,16,"[100, 100]","[100, 100]",tray,10.png,13.png,09.png,tray1.png,28.png,16.png,22.png,m,"[100, 100]","[100, 100]","[100, 100]","[100, 100]","[100, 100]","[100, 100]","[100, 100]","[100, 100]","[100, 100]","[100, 100]","[100, 100]","[0, -375]",ok.png,"[100, 100]","[100, 100]",321,1,1,1,1,0,0,0,0,0,0,0,1.50917351246,1.509173512458801,0,69,69,-76,-76,1,1,0,0,0,0,0,0,0,0.996393024921,0.9963930249214172,0,17,17,-402,-402,325
18.png,14.png,25.png,12.png,33.png,19.png,05.png,08.png,01.png,"[-220, -97]","[230, 53]","[150, 100]","[-70, 53]","[80, 53]","[230, 203]","[-220, 53]","[-70, 203]","[80, 203]","[-220, 203]","[-70, -247]","[80, -247]","[230, -247]","[100, 100]","[-70, -97]","[80, -97]","[230, -97]","[-220, -247]",1,16,"[100, 100]","[100, 100]",tray,10.png,34.png,tray1.png,07.png,30.png,20.png,26.png,m,"[100, 100]","[100, 100]","[100, 100]","[100, 100]","[100, 100]","[100, 100]","[100, 100]","[100, 100]","[100, 100]","[100, 100]","[100, 100]","[0, -375]",ok.png,"[100, 100]","[100, 100]",322,1,1,1,1,0,0,0,0,0,0,0,1.74578201771,1.745782017707825,0,-55,-55,-105,-105,1,1,0,0,0,0,0,0,0,1.16923820972,1.169238209724426,0,8,8,-397,-397,40
11.png,13.png,17.png,18.png,21.png,14.png,25.png,09.png,tray1.png,"[-225, -52]","[225, 98]","[150, 100]","[-75, 98]","[75, 98]","[225, 248]","[-225, 98]","[-75, 248]","[75, 248]","[-225, 248]","[-75, -202]","[75, -202]","[225, -202]","[100, 100]","[-75, -52]","[75, -52]","[225, -52]","[-225, -202]",1,16,"[100, 100]","[100, 100]",tray,30.png,26.png,02.png,04.png,01.png,24.png,33.png,m,"[100, 100]","[100, 100]","[100, 100]","[100, 100]","[100, 100]","[100, 100]","[100, 100]","[100, 100]","[100, 100]","[100, 100]","[100, 100]","[0, -375]",ok.png,"[100, 100]","[100, 100]",323,1,1,1,1,0,0,0,0,0,0,0,1.26241886616,1.262418866157532,0,-244,-244,-79,-79,1,1,0,0,0,0,0,0,0,0.823206067085,0.8232060670852661,0,-26,-26,-363,-363,123
08.png,14.png,10.png,20.png,11.png,07.png,22.png,tray1.png,18.png,"[-229, -82]","[221, 68]","[150, 100]","[-79, 68]","[71, 68]","[221, 218]","[-229, 68]","[-79, 218]","[71, 218]","[-229, 218]","[-79, -232]","[71, -232]","[221, -232]","[100, 100]","[-79, -82]","[71, -82]","[221, -82]","[-229, -232]",1,16,"[100, 100]","[100, 100]",tray,30.png,09.png,31.png,26.png,19.png,29.png,03.png,m,"[100, 100]","[100, 100]","[100, 100]","[100, 100]","[100, 100]","[100, 100]","[100, 100]","[100, 100]","[100, 100]","[100, 100]","[100, 100]","[0, -375]",ok.png,"[100, 100]","[100, 100]",324,1,1,1,1,0,0,0,0,0,0,0,1.93298590183,1.932985901832581,0,221,221,49,49,1,1,0,0,0,0,0,0,0,0.671919763088,0.6719197630882263,0,28,28,-382,-382,131
31.png,03.png,13.png,11.png,23.png,21.png,tray1.png,30.png,33.png,"[-234, -78]","[216, 72]","[150, 100]","[-84, 72]","[66, 72]","[216, 222]","[-234, 72]","[-84, 222]","[66, 222]","[-234, 222]","[-84, -228]","[66, -228]","[216, -228]","[100, 100]","[-84, -78]","[66, -78]","[216, -78]","[-234, -228]",1,16,"[100, 100]","[100, 100]",tray,05.png,19.png,15.png,14.png,26.png,32.png,29.png,m,"[100, 100]","[100, 100]","[100, 100]","[100, 100]","[100, 100]","[100, 100]","[100, 100]","[100, 100]","[100, 100]","[100, 100]","[100, 100]","[0, -375]",ok.png,"[100, 100]","[100, 100]",325,1,1,1,1,0,0,0,0,0,0,0,2.80928707123,2.809287071228027,0,61,61,82,82,1,1,0,0,0,0,0,0,0,1.10698235035,1.106982350349426,0,22,22,-374,-374,97
15.png,14.png,13.png,12.png,11.png,10.png,09.png,08.png,07.png,"[-209, -61]","[241, 89]","[150, 100]","[-59, 89]","[91, 89]","[241, 239]","[-209, 89]","[-59, 239]","[91, 239]","[-209, 239]","[-59, -211]","[91, -211]","[241, -211]","[100, 100]","[-59, -61]","[91, -61]","[241, -61]","[-209, -211]",1,16,"[100, 100]","[100, 100]",tray,04.png,03.png,06.png,05.png,tray2.png,02.png,01.png,m,"[100, 100]","[100, 100]","[100, 100]","[100, 100]","[100, 100]","[100, 100]","[100, 100]","[100, 100]","[100, 100]","[100, 100]","[100, 100]","[0, -375]",ok.png,"[100, 100]","[100, 100]",326,1,1,1,1,0,0,0,0,0,0,0,2.02098417282,2.020984172821045,0,238,238,-234,-234,1,1,0,0,0,0,0,0,0,0.670316278934,0.6703162789344788,0,36,36,-391,-391,298
23.png,22.png,31.png,32.png,33.png,34.png,14.png,15.png,13.png,"[-206, -74]","[244, 76]","[150, 100]","[-56, 76]","[94, 76]","[244, 226]","[-206, 76]","[-56, 226]","[94, 226]","[-206, 226]","[-56, -224]","[94, -224]","[244, -224]","[100, 100]","[-56, -74]","[94, -74]","[244, -74]","[-206, -224]",1,16,"[100, 100]","[100, 100]",tray,10.png,01.png,12.png,11.png,08.png,09.png,tray2.png,m,"[100, 100]","[100, 100]","[100, 100]","[100, 100]","[100, 100]","[100, 100]","[100, 100]","[100, 100]","[100, 100]","[100, 100]","[100, 100]","[0, -375]",ok.png,"[100, 100]","[100, 100]",327,1,1,1,1,0,0,0,0,0,0,0,1.19576954842,1.195769548416138,0,101,101,-232,-232,1,1,0,0,0,0,0,0,0,0.301223963499,0.3012239634990692,0,-7,-7,-375,-375,252
27.png,30.png,25.png,24.png,23.png,22.png,21.png,20.png,19.png,"[-232, -74]","[218, 76]","[150, 100]","[-82, 76]","[68, 76]","[218, 226]","[-232, 76]","[-82, 226]","[68, 226]","[-232, 226]","[-82, -224]","[68, -224]","[218, -224]","[100, 100]","[-82, -74]","[68, -74]","[218, -74]","[-232, -224]",1,16,"[100, 100]","[100, 100]",tray,16.png,15.png,18.png,17.png,05.png,tray2.png,06.png,m,"[100, 100]","[100, 100]","[100, 100]","[100, 100]","[100, 100]","[100, 100]","[100, 100]","[100, 100]","[100, 100]","[100, 100]","[100, 100]","[0, -375]",ok.png,"[100, 100]","[100, 100]",328,1,1,1,1,0,0,0,0,0,0,0,1.4549331665,1.454933166503906,0,-91,-91,-252,-252,1,1,0,0,0,0,0,0,0,0.730957686901,0.7309576869010925,0,-28,-28,-381,-381,169
33.png,32.png,30.png,29.png,08.png,02.png,31.png,27.png,26.png,"[-237, -83]","[213, 67]","[150, 100]","[-87, 67]","[63, 67]","[213, 217]","[-237, 67]","[-87, 217]","[63, 217]","[-237, 217]","[-87, -233]","[63, -233]","[213, -233]","[100, 100]","[-87, -83]","[63, -83]","[213, -83]","[-237, -233]",1,16,"[100, 100]","[100, 100]",tray,03.png,tray2.png,28.png,12.png,22.png,24.png,23.png,m,"[100, 100]","[100, 100]","[100, 100]","[100, 100]","[100, 100]","[100, 100]","[100, 100]","[100, 100]","[100, 100]","[100, 100]","[100, 100]","[0, -375]",ok.png,"[100, 100]","[100, 100]",329,1,1,1,1,0,0,0,0,0,0,0,1.44803464413,1.448034644126892,0,-216,-216,-237,-237,1,1,0,0,0,0,0,0,0,0.874179959297,0.8741799592971802,0,-8,-8,-393,-393,372
28.png,26.png,24.png,22.png,01.png,34.png,33.png,32.png,31.png,"[-216, -66]","[234, 84]","[150, 100]","[-66, 84]","[84, 84]","[234, 234]","[-216, 84]","[-66, 234]","[84, 234]","[-216, 234]","[-66, -216]","[84, -216]","[234, -216]","[100, 100]","[-66, -66]","[84, -66]","[234, -66]","[-216, -216]",1,16,"[100, 100]","[100, 100]",tray,tray2.png,08.png,30.png,29.png,02.png,06.png,04.png,m,"[100, 100]","[100, 100]","[100, 100]","[100, 100]","[100, 100]","[100, 100]","[100, 100]","[100, 100]","[100, 100]","[100, 100]","[100, 100]","[0, -375]",ok.png,"[100, 100]","[100, 100]",330,1,1,1,1,0,0,0,0,0,0,0,2.24233722687,2.242337226867676,0,249,249,-84,-84,1,1,0,0,0,0,0,0,0,0.590628445148,0.590628445148468,0,29,29,-382,-382,182
32.png,30.png,23.png,17.png,29.png,09.png,15.png,06.png,26.png,"[-211, -50]","[239, 100]","[150, 100]","[-61, 100]","[89, 100]","[239, 250]","[-211, 100]","[-61, 250]","[89, 250]","[-211, 250]","[-61, -200]","[89, -200]","[239, -200]","[100, 100]","[-61, -50]","[89, -50]","[239, -50]","[-211, -200]",1,16,"[100, 100]","[100, 100]",tray,04.png,27.png,11.png,tray2.png,01.png,07.png,34.png,m,"[100, 100]","[100, 100]","[100, 100]","[100, 100]","[100, 100]","[100, 100]","[100, 100]","[100, 100]","[100, 100]","[100, 100]","[100, 100]","[0, -375]",ok.png,"[100, 100]","[100, 100]",331,1,1,1,1,0,0,0,0,0,0,0,1.31021785736,1.31021785736084,0,112,112,-66,-66,1,1,0,0,0,0,0,0,0,1.08566188812,1.085661888122559,0,10,10,-389,-389,269
17.png,09.png,22.png,06.png,27.png,13.png,14.png,18.png,25.png,"[-237, -100]","[213, 50]","[150, 100]","[-87, 50]","[63, 50]","[213, 200]","[-237, 50]","[-87, 200]","[63, 200]","[-237, 200]","[-87, -250]","[63, -250]","[213, -250]","[100, 100]","[-87, -100]","[63, -100]","[213, -100]","[-237, -250]",1,16,"[100, 100]","[100, 100]",tray,07.png,05.png,tray2.png,03.png,12.png,02.png,24.png,m,"[100, 100]","[100, 100]","[100, 100]","[100, 100]","[100, 100]","[100, 100]","[100, 100]","[100, 100]","[100, 100]","[100, 100]","[100, 100]","[0, -375]",ok.png,"[100, 100]","[100, 100]",332,1,1,1,1,0,0,0,0,0,0,0,1.52591538429,1.525915384292603,0,-97,-97,-113,-113,1,1,0,0,0,0,0,0,0,1.10280025005,1.102800250053406,0,-4,-4,-395,-395,307
22.png,33.png,01.png,09.png,31.png,25.png,17.png,30.png,tray2.png,"[-206, -94]","[244, 56]","[150, 100]","[-56, 56]","[94, 56]","[244, 206]","[-206, 56]","[-56, 206]","[94, 206]","[-206, 206]","[-56, -244]","[94, -244]","[244, -244]","[100, 100]","[-56, -94]","[94, -94]","[244, -94]","[-206, -244]",1,16,"[100, 100]","[100, 100]",tray,20.png,07.png,27.png,15.png,13.png,33.png,05.png,m,"[100, 100]","[100, 100]","[100, 100]","[100, 100]","[100, 100]","[100, 100]","[100, 100]","[100, 100]","[100, 100]","[100, 100]","[100, 100]","[0, -375]",ok.png,"[100, 100]","[100, 100]",333,1,1,1,1,0,0,0,0,0,0,0,1.18275117874,1.182751178741455,0,-181,-181,-85,-85,1,1,0,0,0,0,0,0,0,0.702671706676,0.7026717066764832,0,-29,-29,-391,-391,353
33.png,31.png,25.png,21.png,27.png,23.png,29.png,tray2.png,06.png,"[-240, -79]","[210, 71]","[150, 100]","[-90, 71]","[60, 71]","[210, 221]","[-240, 71]","[-90, 221]","[60, 221]","[-240, 221]","[-90, -229]","[60, -229]","[210, -229]","[100, 100]","[-90, -79]","[60, -79]","[210, -79]","[-240, -229]",1,16,"[100, 100]","[100, 100]",tray,02.png,16.png,04.png,08.png,07.png,13.png,10.png,m,"[100, 100]","[100, 100]","[100, 100]","[100, 100]","[100, 100]","[100, 100]","[100, 100]","[100, 100]","[100, 100]","[100, 100]","[100, 100]","[0, -375]",ok.png,"[100, 100]","[100, 100]",334,1,1,1,1,0,0,0,0,0,0,0,1.22699153423,1.226991534233093,0,242,242,86,86,1,1,0,0,0,0,0,0,0,1.12520051003,1.125200510025024,0,8,8,-374,-374,286
30.png,32.png,27.png,21.png,26.png,24.png,tray2.png,22.png,20.png,"[-223, -57]","[227, 93]","[150, 100]","[-73, 93]","[77, 93]","[227, 243]","[-223, 93]","[-73, 243]","[77, 243]","[-223, 243]","[-73, -207]","[77, -207]","[227, -207]","[100, 100]","[-73, -57]","[77, -57]","[227, -57]","[-223, -207]",1,16,"[100, 100]","[100, 100]",tray,14.png,03.png,18.png,16.png,09.png,05.png,07.png,m,"[100, 100]","[100, 100]","[100, 100]","[100, 100]","[100, 100]","[100, 100]","[100, 100]","[100, 100]","[100, 100]","[100, 100]","[100, 100]","[0, -375]",ok.png,"[100, 100]","[100, 100]",335,1,1,1,1,0,0,0,0,0,0,0,0.797025501728,0.7970255017280579,0,89,89,93,93,1,1,0,0,0,0,0,0,0,0.88308596611,0.8830859661102295,0,-3,-3,-361,-361,342
01.png,18.png,27.png,24.png,21.png,tray2.png,19.png,16.png,32.png,"[-241, -60]","[209, 90]","[150, 100]","[-91, 90]","[59, 90]","[209, 240]","[-241, 90]","[-91, 240]","[59, 240]","[-241, 240]","[-91, -210]","[59, -210]","[209, -210]","[100, 100]","[-91, -60]","[59, -60]","[209, -60]","[-241, -210]",1,16,"[100, 100]","[100, 100]",tray,13.png,31.png,34.png,10.png,05.png,33.png,14.png,m,"[100, 100]","[100, 100]","[100, 100]","[100, 100]","[100, 100]","[100, 100]","[100, 100]","[100, 100]","[100, 100]","[100, 100]","[100, 100]","[0, -375]",ok.png,"[100, 100]","[100, 100]",336,1,1,1,1,0,0,0,0,0,0,0,3.35033297539,3.350332975387573,0,-69,-69,101,101,1,1,0,0,0,0,0,0,0,0.689330518246,0.689330518245697,0,16,16,-371,-371,214
34.png,27.png,08.png,18.png,tray2.png,11.png,16.png,21.png,17.png,"[-238, -100]","[212, 50]","[150, 100]","[-88, 50]","[62, 50]","[212, 200]","[-238, 50]","[-88, 200]","[62, 200]","[-238, 200]","[-88, -250]","[62, -250]","[212, -250]","[100, 100]","[-88, -100]","[62, -100]","[212, -100]","[-238, -250]",1,16,"[100, 100]","[100, 100]",tray,09.png,25.png,04.png,24.png,10.png,20.png,15.png,m,"[100, 100]","[100, 100]","[100, 100]","[100, 100]","[100, 100]","[100, 100]","[100, 100]","[100, 100]","[100, 100]","[100, 100]","[100, 100]","[0, -375]",ok.png,"[100, 100]","[100, 100]",337,1,1,1,1,0,0,0,0,0,0,0,0.999794065952,0.999794065952301,0,-248,-248,32,32,1,1,0,0,0,0,0,0,0,1.35375416279,1.353754162788391,0,-10,-10,-389,-389,227
04.png,02.png,05.png,tray2.png,08.png,07.png,01.png,03.png,26.png,"[-243, -77]","[207, 73]","[150, 100]","[-93, 73]","[57, 73]","[207, 223]","[-243, 73]","[-93, 223]","[57, 223]","[-243, 223]","[-93, -227]","[57, -227]","[207, -227]","[100, 100]","[-93, -77]","[57, -77]","[207, -77]","[-243, -227]",1,16,"[100, 100]","[100, 100]",tray,28.png,24.png,29.png,32.png,16.png,20.png,10.png,m,"[100, 100]","[100, 100]","[100, 100]","[100, 100]","[100, 100]","[100, 100]","[100, 100]","[100, 100]","[100, 100]","[100, 100]","[100, 100]","[0, -375]",ok.png,"[100, 100]","[100, 100]",338,1,1,1,1,0,0,0,0,0,0,0,1.82138192654,1.82138192653656,0,174,174,209,209,1,1,0,0,0,0,0,0,0,2.10773730278,2.107737302780151,0,23,23,-407,-407,127
01.png,12.png,tray2.png,23.png,10.png,02.png,28.png,13.png,08.png,"[-241, -92]","[209, 58]","[150, 100]","[-91, 58]","[59, 58]","[209, 208]","[-241, 58]","[-91, 208]","[59, 208]","[-241, 208]","[-91, -242]","[59, -242]","[209, -242]","[100, 100]","[-91, -92]","[59, -92]","[209, -92]","[-241, -242]",1,16,"[100, 100]","[100, 100]",tray,15.png,16.png,33.png,03.png,29.png,06.png,17.png,m,"[100, 100]","[100, 100]","[100, 100]","[100, 100]","[100, 100]","[100, 100]","[100, 100]","[100, 100]","[100, 100]","[100, 100]","[100, 100]","[0, -375]",ok.png,"[100, 100]","[100, 100]",339,1,1,1,1,0,0,0,0,0,0,0,1.17000842094,1.170008420944214,0,42,42,205,205,1,1,0,0,0,0,0,0,0,5.83642911911,5.836429119110107,0,7,7,-381,-381,17
24.png,tray2.png,03.png,07.png,13.png,17.png,23.png,27.png,33.png,"[-217, -64]","[233, 86]","[150, 100]","[-67, 86]","[83, 86]","[233, 236]","[-217, 86]","[-67, 236]","[83, 236]","[-217, 236]","[-67, -214]","[83, -214]","[233, -214]","[100, 100]","[-67, -64]","[83, -64]","[233, -64]","[-217, -214]",1,16,"[100, 100]","[100, 100]",tray,14.png,16.png,04.png,06.png,32.png,08.png,30.png,m,"[100, 100]","[100, 100]","[100, 100]","[100, 100]","[100, 100]","[100, 100]","[100, 100]","[100, 100]","[100, 100]","[100, 100]","[100, 100]","[0, -375]",ok.png,"[100, 100]","[100, 100]",340,1,1,1,1,0,0,0,0,0,0,0,1.18951427937,1.18951427936554,0,-67,-67,204,204,1,1,0,0,0,0,0,0,0,0.824654579163,0.8246545791625977,0,19,19,-383,-383,237
tray2.png,17.png,07.png,14.png,27.png,33.png,23.png,24.png,04.png,"[-204, -53]","[246, 97]","[150, 100]","[-54, 97]","[96, 97]","[246, 247]","[-204, 97]","[-54, 247]","[96, 247]","[-204, 247]","[-54, -203]","[96, -203]","[246, -203]","[100, 100]","[-54, -53]","[96, -53]","[246, -53]","[-204, -203]",1,16,"[100, 100]","[100, 100]",tray,12.png,02.png,03.png,16.png,04.png,30.png,20.png,m,"[100, 100]","[100, 100]","[100, 100]","[100, 100]","[100, 100]","[100, 100]","[100, 100]","[100, 100]","[100, 100]","[100, 100]","[100, 100]","[0, -375]",ok.png,"[100, 100]","[100, 100]",341,1,1,1,1,0,0,0,0,0,0,0,1.77887201309,1.778872013092041,0,-197,-197,228,228,1,1,0,0,0,0,0,0,0,0.803453564644,0.8034535646438599,0,24,24,-378,-378,389
18.png,tray2.png,04.png,13.png,31.png,16.png,22.png,12.png,11.png,"[-235, -95]","[215, 55]","[150, 100]","[-85, 55]","[65, 55]","[215, 205]","[-235, 55]","[-85, 205]","[65, 205]","[-235, 205]","[-85, -245]","[65, -245]","[215, -245]","[100, 100]","[-85, -95]","[65, -95]","[215, -95]","[-235, -245]",1,16,"[100, 100]","[100, 100]",tray,25.png,09.png,32.png,02.png,03.png,29.png,19.png,m,"[100, 100]","[100, 100]","[100, 100]","[100, 100]","[100, 100]","[100, 100]","[100, 100]","[100, 100]","[100, 100]","[100, 100]","[100, 100]","[0, -375]",ok.png,"[100, 100]","[100, 100]",342,1,1,1,1,0,0,0,0,0,0,0,1.30888879299,1.308888792991638,0,-94,-94,233,233,1,1,0,0,0,0,0,0,0,1.96758842468,1.967588424682617,0,23,23,-404,-404,73
15.png,08.png,tray2.png,03.png,25.png,28.png,27.png,01.png,23.png,"[-247, -69]","[203, 81]","[150, 100]","[-97, 81]","[53, 81]","[203, 231]","[-247, 81]","[-97, 231]","[53, 231]","[-247, 231]","[-97, -219]","[53, -219]","[203, -219]","[100, 100]","[-97, -69]","[53, -69]","[203, -69]","[-247, -219]",1,16,"[100, 100]","[100, 100]",tray,21.png,05.png,07.png,30.png,16.png,11.png,13.png,m,"[100, 100]","[100, 100]","[100, 100]","[100, 100]","[100, 100]","[100, 100]","[100, 100]","[100, 100]","[100, 100]","[100, 100]","[100, 100]","[0, -375]",ok.png,"[100, 100]","[100, 100]",343,1,1,1,1,0,0,0,0,0,0,0,1.06080424786,1.06080424785614,0,38,38,228,228,1,1,0,0,0,0,0,0,0,1.41757214069,1.417572140693665,0,-24,-24,-466,-466,413
32.png,07.png,14.png,tray2.png,23.png,02.png,09.png,29.png,28.png,"[-249, -91]","[201, 59]","[150, 100]","[-99, 59]","[51, 59]","[201, 209]","[-249, 59]","[-99, 209]","[51, 209]","[-249, 209]","[-99, -241]","[51, -241]","[201, -241]","[100, 100]","[-99, -91]","[51, -91]","[201, -91]","[-249, -241]",1,16,"[100, 100]","[100, 100]",tray,20.png,17.png,16.png,05.png,06.png,15.png,21.png,m,"[100, 100]","[100, 100]","[100, 100]","[100, 100]","[100, 100]","[100, 100]","[100, 100]","[100, 100]","[100, 100]","[100, 100]","[100, 100]","[0, -375]",ok.png,"[100, 100]","[100, 100]",344,1,1,1,1,0,0,0,0,0,0,0,0.950282394886,0.9502823948860168,0,190,190,201,201,1,1,0,0,0,0,0,0,0,1.07561182976,1.07561182975769,0,-1,-1,-382,-382,416
03.png,32.png,21.png,31.png,tray2.png,08.png,30.png,15.png,34.png,"[-248, -69]","[202, 81]","[150, 100]","[-98, 81]","[52, 81]","[202, 231]","[-248, 81]","[-98, 231]","[52, 231]","[-248, 231]","[-98, -219]","[52, -219]","[202, -219]","[100, 100]","[-98, -69]","[52, -69]","[202, -69]","[-248, -219]",1,16,"[100, 100]","[100, 100]",tray,12.png,28.png,19.png,17.png,06.png,01.png,11.png,m,"[100, 100]","[100, 100]","[100, 100]","[100, 100]","[100, 100]","[100, 100]","[100, 100]","[100, 100]","[100, 100]","[100, 100]","[100, 100]","[0, -375]",ok.png,"[100, 100]","[100, 100]",345,1,1,1,1,0,0,0,0,0,0,0,1.04744970798,1.047449707984924,0,-251,-251,77,77,1,1,0,0,0,0,0,0,0,1.12001228333,1.120012283325195,0,-18,-18,-386,-386,337
28.png,22.png,16.png,13.png,10.png,tray2.png,09.png,07.png,27.png,"[-249, -60]","[201, 90]","[150, 100]","[-99, 90]","[51, 90]","[201, 240]","[-249, 90]","[-99, 240]","[51, 240]","[-249, 240]","[-99, -210]","[51, -210]","[201, -210]","[100, 100]","[-99, -60]","[51, -60]","[201, -60]","[-249, -210]",1,16,"[100, 100]","[100, 100]",tray,32.png,04.png,24.png,31.png,09.png,12.png,03.png,m,"[100, 100]","[100, 100]","[100, 100]","[100, 100]","[100, 100]","[100, 100]","[100, 100]","[100, 100]","[100, 100]","[100, 100]","[100, 100]","[0, -375]",ok.png,"[100, 100]","[100, 100]",346,1,1,1,1,0,0,0,0,0,0,0,0.93465512991,0.9346551299095154,0,-104,-104,94,94,1,1,0,0,0,0,0,0,0,1.09119570255,1.091195702552795,0,8,8,-383,-383,414
30.png,26.png,20.png,34.png,10.png,07.png,tray2.png,01.png,08.png,"[-235, -86]","[215, 64]","[150, 100]","[-85, 64]","[65, 64]","[215, 214]","[-235, 64]","[-85, 214]","[65, 214]","[-235, 214]","[-85, -236]","[65, -236]","[215, -236]","[100, 100]","[-85, -86]","[65, -86]","[215, -86]","[-235, -236]",1,16,"[100, 100]","[100, 100]",tray,33.png,12.png,05.png,19.png,18.png,25.png,14.png,m,"[100, 100]","[100, 100]","[100, 100]","[100, 100]","[100, 100]","[100, 100]","[100, 100]","[100, 100]","[100, 100]","[100, 100]","[100, 100]","[0, -375]",ok.png,"[100, 100]","[100, 100]",347,1,1,1,1,0,0,0,0,0,0,0,0.890655338764,0.8906553387641907,0,47,47,44,44,1,1,0,0,0,0,0,0,0,2.42766261101,2.42766261100769,0,2,2,-384,-384,163
01.png,33.png,24.png,26.png,30.png,04.png,02.png,tray2.png,09.png,"[-242, -87]","[208, 63]","[150, 100]","[-92, 63]","[58, 63]","[208, 213]","[-242, 63]","[-92, 213]","[58, 213]","[-242, 213]","[-92, -237]","[58, -237]","[208, -237]","[100, 100]","[-92, -87]","[58, -87]","[208, -87]","[-242, -237]",1,16,"[100, 100]","[100, 100]",tray,21.png,18.png,25.png,14.png,11.png,17.png,13.png,m,"[100, 100]","[100, 100]","[100, 100]","[100, 100]","[100, 100]","[100, 100]","[100, 100]","[100, 100]","[100, 100]","[100, 100]","[100, 100]","[0, -375]",ok.png,"[100, 100]","[100, 100]",348,1,1,1,1,0,0,0,0,0,0,0,0.917565643787,0.917565643787384,0,203,203,71,71,1,1,0,0,0,0,0,0,0,2.71230340004,2.712303400039673,0,5,5,-398,-398,128
19.png,03.png,29.png,09.png,30.png,26.png,31.png,18.png,tray2.png,"[-225, -87]","[225, 63]","[150, 100]","[-75, 63]","[75, 63]","[225, 213]","[-225, 63]","[-75, 213]","[75, 213]","[-225, 213]","[-75, -237]","[75, -237]","[225, -237]","[100, 100]","[-75, -87]","[75, -87]","[225, -87]","[-225, -237]",1,16,"[100, 100]","[100, 100]",tray,11.png,20.png,22.png,07.png,08.png,10.png,14.png,m,"[100, 100]","[100, 100]","[100, 100]","[100, 100]","[100, 100]","[100, 100]","[100, 100]","[100, 100]","[100, 100]","[100, 100]","[100, 100]","[0, -375]",ok.png,"[100, 100]","[100, 100]",349,1,1,1,1,0,0,0,0,0,0,0,0.932917833328,0.9329178333282472,0,-232,-232,-92,-92,1,1,0,0,0,0,0,0,0,0.903014361858,0.903014361858368,0,8,8,-394,-394,295
26.png,29.png,32.png,19.png,05.png,14.png,15.png,33.png,30.png,"[-250, -51]","[200, 99]","[150, 100]","[-100, 99]","[50, 99]","[200, 249]","[-250, 99]","[-100, 249]","[50, 249]","[-250, 249]","[-100, -201]","[50, -201]","[200, -201]","[100, 100]","[-100, -51]","[50, -51]","[200, -51]","[-250, -201]",1,16,"[100, 100]","[100, 100]",tray,23.png,11.png,tray2.png,21.png,31.png,13.png,03.png,m,"[100, 100]","[100, 100]","[100, 100]","[100, 100]","[100, 100]","[100, 100]","[100, 100]","[100, 100]","[100, 100]","[100, 100]","[100, 100]","[0, -375]",ok.png,"[100, 100]","[100, 100]",350,1,1,1,1,0,0,0,0,0,0,0,0.74616932869,0.7461693286895752,0,-90,-90,-59,-59,1,1,0,0,0,0,0,0,0,3.03106474876,3.031064748764038,0,73,73,-375,-375,387
dots1.png,01.png,02.png,03.png,04.png,05.png,06.png,07.png,08.png,"[-235, -54]","[215, 96]","[150, 100]","[-85, 96]","[65, 96]","[215, 246]","[-235, 96]","[-85, 246]","[65, 246]","[-235, 246]","[-85, -204]","[65, -204]","[215, -204]","[100, 100]","[-85, -54]","[65, -54]","[215, -54]","[-235, -204]",1,16,"[100, 100]","[100, 100]",dots,11.png,12.png,09.png,10.png,15.png,13.png,14.png,m,"[100, 100]","[100, 100]","[100, 100]","[100, 100]","[100, 100]","[100, 100]","[100, 100]","[100, 100]","[100, 100]","[100, 100]","[100, 100]","[0, -375]",ok.png,"[100, 100]","[100, 100]",351,2,1,1,1,0,0,0,0,0,0,0,1.3117005825,1.311700582504272,0,-220,-220,222,222,1,1,0,0,0,0,0,0,0,0.734067201614,0.7340672016143799,0,-1,-1,-411,-411,289
08.png,dots1.png,09.png,01.png,10.png,11.png,12.png,13.png,15.png,"[-225, -77]","[225, 73]","[150, 100]","[-75, 73]","[75, 73]","[225, 223]","[-225, 73]","[-75, 223]","[75, 223]","[-225, 223]","[-75, -227]","[75, -227]","[225, -227]","[100, 100]","[-75, -77]","[75, -77]","[225, -77]","[-225, -227]",1,16,"[100, 100]","[100, 100]",dots,33.png,32.png,14.png,34.png,23.png,31.png,22.png,m,"[100, 100]","[100, 100]","[100, 100]","[100, 100]","[100, 100]","[100, 100]","[100, 100]","[100, 100]","[100, 100]","[100, 100]","[100, 100]","[0, -375]",ok.png,"[100, 100]","[100, 100]",352,2,1,1,1,0,0,0,0,0,0,0,0.763579368591,0.7635793685913086,0,-52,-52,202,202,1,1,0,0,0,0,0,0,0,0.987019360065,0.9870193600654602,0,5,5,-390,-390,235
05.png,06.png,dots1.png,15.png,16.png,17.png,18.png,19.png,20.png,"[-226, -66]","[224, 84]","[150, 100]","[-76, 84]","[74, 84]","[224, 234]","[-226, 84]","[-76, 234]","[74, 234]","[-226, 234]","[-76, -216]","[74, -216]","[224, -216]","[100, 100]","[-76, -66]","[74, -66]","[224, -66]","[-226, -216]",1,16,"[100, 100]","[100, 100]",dots,23.png,24.png,21.png,22.png,27.png,25.png,30.png,m,"[100, 100]","[100, 100]","[100, 100]","[100, 100]","[100, 100]","[100, 100]","[100, 100]","[100, 100]","[100, 100]","[100, 100]","[100, 100]","[0, -375]",ok.png,"[100, 100]","[100, 100]",353,2,1,1,1,0,0,0,0,0,0,0,0.628315150738,0.6283151507377625,0,61,61,237,237,1,1,0,0,0,0,0,0,0,1.41860949993,1.418609499931335,0,4,4,-418,-418,202
22.png,23.png,24.png,dots1.png,03.png,12.png,25.png,26.png,02.png,"[-241, -75]","[209, 75]","[150, 100]","[-91, 75]","[59, 75]","[209, 225]","[-241, 75]","[-91, 225]","[59, 225]","[-241, 225]","[-91, -225]","[59, -225]","[209, -225]","[100, 100]","[-91, -75]","[59, -75]","[209, -75]","[-241, -225]",1,16,"[100, 100]","[100, 100]",dots,28.png,29.png,08.png,27.png,32.png,30.png,31.png,m,"[100, 100]","[100, 100]","[100, 100]","[100, 100]","[100, 100]","[100, 100]","[100, 100]","[100, 100]","[100, 100]","[100, 100]","[100, 100]","[0, -375]",ok.png,"[100, 100]","[100, 100]",354,2,1,1,1,0,0,0,0,0,0,0,1.57951748371,1.579517483711243,0,187,187,225,225,1,1,0,0,0,0,0,0,0,0.883059263229,0.8830592632293701,0,20,20,-409,-409,152
02.png,04.png,06.png,08.png,dots1.png,29.png,30.png,31.png,32.png,"[-247, -91]","[203, 59]","[150, 100]","[-97, 59]","[53, 59]","[203, 209]","[-247, 59]","[-97, 209]","[53, 209]","[-247, 209]","[-97, -241]","[53, -241]","[203, -241]","[100, 100]","[-97, -91]","[53, -91]","[203, -91]","[-247, -241]",1,16,"[100, 100]","[100, 100]",dots,01.png,22.png,33.png,34.png,28.png,24.png,26.png,m,"[100, 100]","[100, 100]","[100, 100]","[100, 100]","[100, 100]","[100, 100]","[100, 100]","[100, 100]","[100, 100]","[100, 100]","[100, 100]","[0, -375]",ok.png,"[100, 100]","[100, 100]",355,2,1,1,1,0,0,0,0,0,0,0,1.17411446571,1.174114465713501,0,-255,-255,72,72,1,1,0,0,0,0,0,0,0,1.41333985329,1.413339853286743,0,13,13,-396,-396,87
01.png,34.png,07.png,27.png,04.png,dots1.png,11.png,26.png,06.png,"[-204, -69]","[246, 81]","[150, 100]","[-54, 81]","[96, 81]","[246, 231]","[-204, 81]","[-54, 231]","[96, 231]","[-204, 231]","[-54, -219]","[96, -219]","[246, -219]","[100, 100]","[-54, -69]","[96, -69]","[246, -69]","[-204, -219]",1,16,"[100, 100]","[100, 100]",dots,29.png,17.png,15.png,09.png,32.png,23.png,30.png,m,"[100, 100]","[100, 100]","[100, 100]","[100, 100]","[100, 100]","[100, 100]","[100, 100]","[100, 100]","[100, 100]","[100, 100]","[100, 100]","[0, -375]",ok.png,"[100, 100]","[100, 100]",356,2,1,1,1,0,0,0,0,0,0,0,0.63282597065,0.6328259706497192,0,-32,-32,68,68,1,1,0,0,0,0,0,0,0,1.26672720909,1.266727209091187,0,6,6,-380,-380,212
12.png,24.png,02.png,05.png,07.png,03.png,dots1.png,25.png,18.png,"[-201, -63]","[249, 87]","[150, 100]","[-51, 87]","[99, 87]","[249, 237]","[-201, 87]","[-51, 237]","[99, 237]","[-201, 237]","[-51, -213]","[99, -213]","[249, -213]","[100, 100]","[-51, -63]","[99, -63]","[249, -63]","[-201, -213]",1,16,"[100, 100]","[100, 100]",dots,27.png,06.png,14.png,13.png,17.png,22.png,09.png,m,"[100, 100]","[100, 100]","[100, 100]","[100, 100]","[100, 100]","[100, 100]","[100, 100]","[100, 100]","[100, 100]","[100, 100]","[100, 100]","[0, -375]",ok.png,"[100, 100]","[100, 100]",357,2,1,1,1,0,0,0,0,0,0,0,1.26082086563,1.260820865631104,0,104,104,107,107,1,1,0,0,0,0,0,0,0,1.35364878178,1.353648781776428,0,29,29,-388,-388,28
13.png,05.png,33.png,07.png,20.png,15.png,27.png,dots1.png,30.png,"[-215, -94]","[235, 56]","[150, 100]","[-65, 56]","[85, 56]","[235, 206]","[-215, 56]","[-65, 206]","[85, 206]","[-215, 206]","[-65, -244]","[85, -244]","[235, -244]","[100, 100]","[-65, -94]","[85, -94]","[235, -94]","[-215, -244]",1,16,"[100, 100]","[100, 100]",dots,31.png,09.png,17.png,25.png,22.png,01.png,33.png,m,"[100, 100]","[100, 100]","[100, 100]","[100, 100]","[100, 100]","[100, 100]","[100, 100]","[100, 100]","[100, 100]","[100, 100]","[100, 100]","[0, -375]",ok.png,"[100, 100]","[100, 100]",358,2,1,1,1,0,0,0,0,0,0,0,1.10390806198,1.103908061981201,0,224,224,68,68,1,1,0,0,0,0,0,0,0,0.906728029251,0.9067280292510986,0,25,25,-388,-388,365
07.png,10.png,13.png,16.png,02.png,08.png,04.png,06.png,dots1.png,"[-205, -68]","[245, 82]","[150, 100]","[-55, 82]","[95, 82]","[245, 232]","[-205, 82]","[-55, 232]","[95, 232]","[-205, 232]","[-55, -218]","[95, -218]","[245, -218]","[100, 100]","[-55, -68]","[95, -68]","[245, -68]","[-205, -218]",1,16,"[100, 100]","[100, 100]",dots,27.png,21.png,29.png,23.png,33.png,25.png,31.png,m,"[100, 100]","[100, 100]","[100, 100]","[100, 100]","[100, 100]","[100, 100]","[100, 100]","[100, 100]","[100, 100]","[100, 100]","[100, 100]","[0, -375]",ok.png,"[100, 100]","[100, 100]",359,2,1,1,1,0,0,0,0,0,0,0,1.11503756046,1.115037560462952,0,-200,-200,-55,-55,1,1,0,0,0,0,0,0,0,1.4234688282,1.423468828201294,0,16,16,-365,-365,427
09.png,07.png,05.png,03.png,14.png,16.png,18.png,20.png,22.png,"[-218, -82]","[232, 68]","[150, 100]","[-68, 68]","[82, 68]","[232, 218]","[-218, 68]","[-68, 218]","[82, 218]","[-218, 218]","[-68, -232]","[82, -232]","[232, -232]","[100, 100]","[-68, -82]","[82, -82]","[232, -82]","[-218, -232]",1,16,"[100, 100]","[100, 100]",dots,26.png,21.png,dots1.png,24.png,30.png,27.png,32.png,m,"[100, 100]","[100, 100]","[100, 100]","[100, 100]","[100, 100]","[100, 100]","[100, 100]","[100, 100]","[100, 100]","[100, 100]","[100, 100]","[0, -375]",ok.png,"[100, 100]","[100, 100]",360,2,1,1,1,0,0,0,0,0,0,0,0.686751246452,0.6867512464523315,0,-62,-62,-80,-80,1,1,0,0,0,0,0,0,0,1.3107407093,1.31074070930481,0,-25,-25,-404,-404,379
05.png,14.png,33.png,31.png,13.png,10.png,34.png,32.png,16.png,"[-222, -94]","[228, 56]","[150, 100]","[-72, 56]","[78, 56]","[228, 206]","[-222, 56]","[-72, 206]","[78, 206]","[-222, 206]","[-72, -244]","[78, -244]","[228, -244]","[100, 100]","[-72, -94]","[78, -94]","[228, -94]","[-222, -244]",1,16,"[100, 100]","[100, 100]",dots,21.png,24.png,19.png,dots1.png,01.png,27.png,18.png,m,"[100, 100]","[100, 100]","[100, 100]","[100, 100]","[100, 100]","[100, 100]","[100, 100]","[100, 100]","[100, 100]","[100, 100]","[100, 100]","[0, -375]",ok.png,"[100, 100]","[100, 100]",361,2,1,1,1,0,0,0,0,0,0,0,0.917806506157,0.9178065061569214,0,65,65,-95,-95,1,1,0,0,0,0,0,0,0,1.05978679657,1.059786796569824,0,0,0,-398,-398,219
10.png,15.png,20.png,25.png,09.png,24.png,04.png,17.png,21.png,"[-247, -76]","[203, 74]","[150, 100]","[-97, 74]","[53, 74]","[203, 224]","[-247, 74]","[-97, 224]","[53, 224]","[-247, 224]","[-97, -226]","[53, -226]","[203, -226]","[100, 100]","[-97, -76]","[53, -76]","[203, -76]","[-247, -226]",1,16,"[100, 100]","[100, 100]",dots,dots1.png,18.png,16.png,11.png,34.png,08.png,27.png,m,"[100, 100]","[100, 100]","[100, 100]","[100, 100]","[100, 100]","[100, 100]","[100, 100]","[100, 100]","[100, 100]","[100, 100]","[100, 100]","[0, -375]",ok.png,"[100, 100]","[100, 100]",362,2,1,1,1,0,0,0,0,0,0,0,1.71481966972,1.714819669723511,0,192,192,-46,-46,1,1,0,0,0,0,0,0,0,0.690756797791,0.6907567977905273,0,36,36,-369,-369,161
16.png,10.png,20.png,24.png,28.png,32.png,29.png,26.png,03.png,"[-214, -92]","[236, 58]","[150, 100]","[-64, 58]","[86, 58]","[236, 208]","[-214, 58]","[-64, 208]","[86, 208]","[-214, 208]","[-64, -242]","[86, -242]","[236, -242]","[100, 100]","[-64, -92]","[86, -92]","[236, -92]","[-214, -242]",1,16,"[100, 100]","[100, 100]",dots,08.png,dots1.png,01.png,07.png,04.png,05.png,02.png,m,"[100, 100]","[100, 100]","[100, 100]","[100, 100]","[100, 100]","[100, 100]","[100, 100]","[100, 100]","[100, 100]","[100, 100]","[100, 100]","[0, -375]",ok.png,"[100, 100]","[100, 100]",363,2,1,1,1,0,0,0,0,0,0,0,1.73562419415,1.735624194145203,0,-202,-202,-247,-247,1,1,0,0,0,0,0,0,0,0.882715463638,0.8827154636383057,0,24,24,-359,-359,356
29.png,17.png,06.png,16.png,15.png,03.png,33.png,08.png,13.png,"[-200, -99]","[250, 51]","[150, 100]","[-50, 51]","[100, 51]","[250, 201]","[-200, 51]","[-50, 201]","[100, 201]","[-200, 201]","[-50, -249]","[100, -249]","[250, -249]","[100, 100]","[-50, -99]","[100, -99]","[250, -99]","[-200, -249]",1,16,"[100, 100]","[100, 100]",dots,10.png,23.png,28.png,02.png,01.png,dots1.png,12.png,m,"[100, 100]","[100, 100]","[100, 100]","[100, 100]","[100, 100]","[100, 100]","[100, 100]","[100, 100]","[100, 100]","[100, 100]","[100, 100]","[0, -375]",ok.png,"[100, 100]","[100, 100]",364,2,1,1,1,0,0,0,0,0,0,0,1.04948151112,1.049481511116028,0,-55,-55,-233,-233,1,1,0,0,0,0,0,0,0,1.74125850201,1.741258502006531,0,38,38,-354,-354,362
32.png,30.png,08.png,16.png,14.png,06.png,04.png,33.png,27.png,"[-233, -92]","[217, 58]","[150, 100]","[-83, 58]","[67, 58]","[217, 208]","[-233, 58]","[-83, 208]","[67, 208]","[-233, 208]","[-83, -242]","[67, -242]","[217, -242]","[100, 100]","[-83, -92]","[67, -92]","[217, -92]","[-233, -242]",1,16,"[100, 100]","[100, 100]",dots,13.png,07.png,23.png,17.png,24.png,03.png,dots1.png,m,"[100, 100]","[100, 100]","[100, 100]","[100, 100]","[100, 100]","[100, 100]","[100, 100]","[100, 100]","[100, 100]","[100, 100]","[100, 100]","[0, -375]",ok.png,"[100, 100]","[100, 100]",365,2,1,1,1,0,0,0,0,0,0,0,1.71437931061,1.71437931060791,0,90,90,-233,-233,1,1,0,0,0,0,0,0,0,1.91668021679,1.916680216789246,0,1,1,-397,-397,24
04.png,20.png,30.png,02.png,12.png,16.png,03.png,04.png,24.png,"[-210, -97]","[240, 53]","[150, 100]","[-60, 53]","[90, 53]","[240, 203]","[-210, 53]","[-60, 203]","[90, 203]","[-210, 203]","[-60, -247]","[90, -247]","[240, -247]","[100, 100]","[-60, -97]","[90, -97]","[240, -97]","[-210, -247]",1,16,"[100, 100]","[100, 100]",dots,27.png,14.png,23.png,33.png,dots1.png,07.png,17.png,m,"[100, 100]","[100, 100]","[100, 100]","[100, 100]","[100, 100]","[100, 100]","[100, 100]","[100, 100]","[100, 100]","[100, 100]","[100, 100]","[0, -375]",ok.png,"[100, 100]","[100, 100]",366,2,1,1,1,0,0,0,0,0,0,0,1.56712734699,1.567127346992493,0,247,247,-241,-241,1,1,0,0,0,0,0,0,0,1.31400382519,1.314003825187683,0,23,23,-385,-385,137
03.png,19.png,29.png,09.png,25.png,02.png,32.png,11.png,12.png,"[-201, -64]","[249, 86]","[150, 100]","[-51, 86]","[99, 86]","[249, 236]","[-201, 86]","[-51, 236]","[99, 236]","[-201, 236]","[-51, -214]","[99, -214]","[249, -214]","[100, 100]","[-51, -64]","[99, -64]","[249, -64]","[-201, -214]",1,16,"[100, 100]","[100, 100]",dots,31.png,13.png,22.png,16.png,18.png,04.png,dots1.png,m,"[100, 100]","[100, 100]","[100, 100]","[100, 100]","[100, 100]","[100, 100]","[100, 100]","[100, 100]","[100, 100]","[100, 100]","[100, 100]","[0, -375]",ok.png,"[100, 100]","[100, 100]",367,2,1,1,1,0,0,0,0,0,0,0,1.37015795708,1.370157957077026,0,117,117,-213,-213,1,1,0,0,0,0,0,0,0,2.38743901253,2.387439012527466,0,-4,-4,-413,-413,53
16.png,13.png,11.png,05.png,21.png,30.png,07.png,23.png,01.png,"[-206, -50]","[244, 100]","[150, 100]","[-56, 100]","[94, 100]","[244, 250]","[-206, 100]","[-56, 250]","[94, 250]","[-206, 250]","[-56, -200]","[94, -200]","[244, -200]","[100, 100]","[-56, -50]","[94, -50]","[244, -50]","[-206, -200]",1,16,"[100, 100]","[100, 100]",dots,25.png,03.png,27.png,28.png,15.png,dots1.png,08.png,m,"[100, 100]","[100, 100]","[100, 100]","[100, 100]","[100, 100]","[100, 100]","[100, 100]","[100, 100]","[100, 100]","[100, 100]","[100, 100]","[0, -375]",ok.png,"[100, 100]","[100, 100]",368,2,1,1,1,0,0,0,0,0,0,0,1.19834804535,1.198348045349121,0,-85,-85,-189,-189,1,1,0,0,0,0,0,0,0,2.06280660629,2.062806606292725,0,27,27,-373,-373,184
06.png,21.png,15.png,17.png,20.png,05.png,16.png,28.png,29.png,"[-203, -98]","[247, 52]","[150, 100]","[-53, 52]","[97, 52]","[247, 202]","[-203, 52]","[-53, 202]","[97, 202]","[-203, 202]","[-53, -248]","[97, -248]","[247, -248]","[100, 100]","[-53, -98]","[97, -98]","[247, -98]","[-203, -248]",1,16,"[100, 100]","[100, 100]",dots,23.png,dots1.png,09.png,02.png,32.png,14.png,07.png,m,"[100, 100]","[100, 100]","[100, 100]","[100, 100]","[100, 100]","[100, 100]","[100, 100]","[100, 100]","[100, 100]","[100, 100]","[100, 100]","[0, -375]",ok.png,"[100, 100]","[100, 100]",369,2,1,1,1,0,0,0,0,0,0,0,1.36847746372,1.368477463722229,0,-225,-225,-250,-250,1,1,0,0,0,0,0,0,0,1.35389649868,1.353896498680115,0,-13,-13,-374,-374,157
06.png,11.png,01.png,28.png,12.png,17.png,19.png,34.png,15.png,"[-232, -93]","[218, 57]","[150, 100]","[-82, 57]","[68, 57]","[218, 207]","[-232, 57]","[-82, 207]","[68, 207]","[-232, 207]","[-82, -243]","[68, -243]","[218, -243]","[100, 100]","[-82, -93]","[68, -93]","[218, -93]","[-232, -243]",1,16,"[100, 100]","[100, 100]",dots,dots1.png,31.png,30.png,08.png,03.png,21.png,32.png,m,"[100, 100]","[100, 100]","[100, 100]","[100, 100]","[100, 100]","[100, 100]","[100, 100]","[100, 100]","[100, 100]","[100, 100]","[100, 100]","[0, -375]",ok.png,"[100, 100]","[100, 100]",370,2,1,1,1,0,0,0,0,0,0,0,0.885427415371,0.8854274153709412,0,200,200,-107,-107,1,1,0,0,0,0,0,0,0,1.06020283699,1.060202836990356,0,-8,-8,-384,-384,210
09.png,03.png,12.png,04.png,32.png,31.png,24.png,27.png,07.png,"[-216, -90]","[234, 60]","[150, 100]","[-66, 60]","[84, 60]","[234, 210]","[-216, 60]","[-66, 210]","[84, 210]","[-216, 210]","[-66, -240]","[84, -240]","[234, -240]","[100, 100]","[-66, -90]","[84, -90]","[234, -90]","[-216, -240]",1,16,"[100, 100]","[100, 100]",dots,10.png,13.png,09.png,dots1.png,28.png,16.png,22.png,m,"[100, 100]","[100, 100]","[100, 100]","[100, 100]","[100, 100]","[100, 100]","[100, 100]","[100, 100]","[100, 100]","[100, 100]","[100, 100]","[0, -375]",ok.png,"[100, 100]","[100, 100]",371,2,1,1,1,0,0,0,0,0,0,0,0.991366624832,0.9913666248321532,0,94,94,-90,-90,1,1,0,0,0,0,0,0,0,1.5893291235,1.589329123497009,0,26,26,-387,-387,122
18.png,14.png,25.png,12.png,33.png,19.png,05.png,08.png,01.png,"[-241, -75]","[209, 75]","[150, 100]","[-91, 75]","[59, 75]","[209, 225]","[-241, 75]","[-91, 225]","[59, 225]","[-241, 225]","[-91, -225]","[59, -225]","[209, -225]","[100, 100]","[-91, -75]","[59, -75]","[209, -75]","[-241, -225]",1,16,"[100, 100]","[100, 100]",dots,10.png,34.png,dots1.png,07.png,30.png,20.png,26.png,m,"[100, 100]","[100, 100]","[100, 100]","[100, 100]","[100, 100]","[100, 100]","[100, 100]","[100, 100]","[100, 100]","[100, 100]","[100, 100]","[0, -375]",ok.png,"[100, 100]","[100, 100]",372,2,1,1,1,0,0,0,0,0,0,0,0.855359017849,0.8553590178489685,0,-68,-68,-94,-94,1,1,0,0,0,0,0,0,0,0.4687974751,0.4687974750995636,0,20,20,-404,-404,409
11.png,13.png,17.png,18.png,21.png,14.png,25.png,09.png,dots1.png,"[-241, -50]","[209, 100]","[150, 100]","[-91, 100]","[59, 100]","[209, 250]","[-241, 100]","[-91, 250]","[59, 250]","[-241, 250]","[-91, -200]","[59, -200]","[209, -200]","[100, 100]","[-91, -50]","[59, -50]","[209, -50]","[-241, -200]",1,16,"[100, 100]","[100, 100]",dots,30.png,26.png,02.png,04.png,01.png,24.png,33.png,m,"[100, 100]","[100, 100]","[100, 100]","[100, 100]","[100, 100]","[100, 100]","[100, 100]","[100, 100]","[100, 100]","[100, 100]","[100, 100]","[0, -375]",ok.png,"[100, 100]","[100, 100]",373,2,1,1,1,0,0,0,0,0,0,0,1.58945155144,1.589451551437378,0,-266,-266,-60,-60,1,1,0,0,0,0,0,0,0,1.88411712646,1.884117126464844,0,32,32,-366,-366,42
08.png,14.png,10.png,20.png,11.png,07.png,22.png,dots1.png,18.png,"[-236, -98]","[214, 52]","[150, 100]","[-86, 52]","[64, 52]","[214, 202]","[-236, 52]","[-86, 202]","[64, 202]","[-236, 202]","[-86, -248]","[64, -248]","[214, -248]","[100, 100]","[-86, -98]","[64, -98]","[214, -98]","[-236, -248]",1,16,"[100, 100]","[100, 100]",dots,30.png,09.png,31.png,26.png,19.png,29.png,03.png,m,"[100, 100]","[100, 100]","[100, 100]","[100, 100]","[100, 100]","[100, 100]","[100, 100]","[100, 100]","[100, 100]","[100, 100]","[100, 100]","[0, -375]",ok.png,"[100, 100]","[100, 100]",374,2,1,1,1,0,0,0,0,0,0,0,0.987120628357,0.9871206283569336,0,170,170,61,61,1,1,0,0,0,0,0,0,0,1.16870963573,1.168709635734558,0,-40,-40,-375,-375,392
31.png,03.png,13.png,11.png,23.png,21.png,dots1.png,30.png,33.png,"[-207, -71]","[243, 79]","[150, 100]","[-57, 79]","[93, 79]","[243, 229]","[-207, 79]","[-57, 229]","[93, 229]","[-207, 229]","[-57, -221]","[93, -221]","[243, -221]","[100, 100]","[-57, -71]","[93, -71]","[243, -71]","[-207, -221]",1,16,"[100, 100]","[100, 100]",dots,05.png,19.png,15.png,14.png,26.png,32.png,29.png,m,"[100, 100]","[100, 100]","[100, 100]","[100, 100]","[100, 100]","[100, 100]","[100, 100]","[100, 100]","[100, 100]","[100, 100]","[100, 100]","[0, -375]",ok.png,"[100, 100]","[100, 100]",375,2,1,1,1,0,0,0,0,0,0,0,0.71353161335,0.7135316133499146,0,105,105,74,74,1,1,0,0,0,0,0,0,0,1.04828584194,1.048285841941833,0,3,3,-412,-412,239
15.png,14.png,13.png,12.png,11.png,10.png,09.png,08.png,07.png,"[-215, -70]","[235, 80]","[150, 100]","[-65, 80]","[85, 80]","[235, 230]","[-215, 80]","[-65, 230]","[85, 230]","[-215, 230]","[-65, -220]","[85, -220]","[235, -220]","[100, 100]","[-65, -70]","[85, -70]","[235, -70]","[-215, -220]",1,16,"[100, 100]","[100, 100]",dots,04.png,03.png,06.png,05.png,dots2.png,02.png,01.png,m,"[100, 100]","[100, 100]","[100, 100]","[100, 100]","[100, 100]","[100, 100]","[100, 100]","[100, 100]","[100, 100]","[100, 100]","[100, 100]","[0, -375]",ok.png,"[100, 100]","[100, 100]",376,2,1,1,1,0,0,0,0,0,0,0,1.54575181007,1.545751810073853,0,265,265,-225,-225,1,1,0,0,0,0,0,0,0,0.673040211201,0.6730402112007141,0,5,5,-397,-397,168
23.png,22.png,31.png,32.png,33.png,34.png,14.png,15.png,13.png,"[-244, -54]","[206, 96]","[150, 100]","[-94, 96]","[56, 96]","[206, 246]","[-244, 96]","[-94, 246]","[56, 246]","[-244, 246]","[-94, -204]","[56, -204]","[206, -204]","[100, 100]","[-94, -54]","[56, -54]","[206, -54]","[-244, -204]",1,16,"[100, 100]","[100, 100]",dots,10.png,01.png,12.png,11.png,08.png,09.png,dots2.png,m,"[100, 100]","[100, 100]","[100, 100]","[100, 100]","[100, 100]","[100, 100]","[100, 100]","[100, 100]","[100, 100]","[100, 100]","[100, 100]","[0, -375]",ok.png,"[100, 100]","[100, 100]",377,2,1,1,1,0,0,0,0,0,0,0,2.5143225193,2.514322519302368,0,44,44,-183,-183,1,1,0,0,0,0,0,0,0,0.415138661861,0.4151386618614197,0,-33,-33,-351,-351,80
27.png,30.png,25.png,24.png,23.png,22.png,21.png,20.png,19.png,"[-225, -56]","[225, 94]","[150, 100]","[-75, 94]","[75, 94]","[225, 244]","[-225, 94]","[-75, 244]","[75, 244]","[-225, 244]","[-75, -206]","[75, -206]","[225, -206]","[100, 100]","[-75, -56]","[75, -56]","[225, -56]","[-225, -206]",1,16,"[100, 100]","[100, 100]",dots,16.png,15.png,18.png,17.png,05.png,dots2.png,06.png,m,"[100, 100]","[100, 100]","[100, 100]","[100, 100]","[100, 100]","[100, 100]","[100, 100]","[100, 100]","[100, 100]","[100, 100]","[100, 100]","[0, -375]",ok.png,"[100, 100]","[100, 100]",378,2,1,1,1,0,0,0,0,0,0,0,1.23281812668,1.232818126678467,0,-75,-75,-203,-203,1,1,0,0,0,0,0,0,0,0.902269899845,0.9022698998451232,0,-10,-10,-373,-373,246
33.png,32.png,30.png,29.png,08.png,02.png,31.png,27.png,26.png,"[-211, -97]","[239, 53]","[150, 100]","[-61, 53]","[89, 53]","[239, 203]","[-211, 53]","[-61, 203]","[89, 203]","[-211, 203]","[-61, -247]","[89, -247]","[239, -247]","[100, 100]","[-61, -97]","[89, -97]","[239, -97]","[-211, -247]",1,16,"[100, 100]","[100, 100]",dots,03.png,dots2.png,28.png,12.png,22.png,24.png,23.png,m,"[100, 100]","[100, 100]","[100, 100]","[100, 100]","[100, 100]","[100, 100]","[100, 100]","[100, 100]","[100, 100]","[100, 100]","[100, 100]","[0, -375]",ok.png,"[100, 100]","[100, 100]",379,2,1,1,1,0,0,0,0,0,0,0,2.36827325821,2.368273258209229,0,-202,-202,-253,-253,1,1,0,0,0,0,0,0,0,0.603665530682,0.6036655306816101,0,20,20,-401,-401,108
28.png,26.png,24.png,22.png,01.png,34.png,33.png,32.png,31.png,"[-214, -90]","[236, 60]","[150, 100]","[-64, 60]","[86, 60]","[236, 210]","[-214, 60]","[-64, 210]","[86, 210]","[-214, 210]","[-64, -240]","[86, -240]","[236, -240]","[100, 100]","[-64, -90]","[86, -90]","[236, -90]","[-214, -240]",1,16,"[100, 100]","[100, 100]",dots,dots2.png,08.png,30.png,29.png,02.png,06.png,04.png,m,"[100, 100]","[100, 100]","[100, 100]","[100, 100]","[100, 100]","[100, 100]","[100, 100]","[100, 100]","[100, 100]","[100, 100]","[100, 100]","[0, -375]",ok.png,"[100, 100]","[100, 100]",380,2,1,1,1,0,0,0,0,0,0,0,1.01105320454,1.011053204536438,0,236,236,-90,-90,1,1,0,0,0,0,0,0,0,2.35776042938,2.357760429382324,0,26,26,-398,-398,130
32.png,30.png,23.png,17.png,29.png,09.png,15.png,06.png,26.png,"[-231, -94]","[219, 56]","[150, 100]","[-81, 56]","[69, 56]","[219, 206]","[-231, 56]","[-81, 206]","[69, 206]","[-231, 206]","[-81, -244]","[69, -244]","[219, -244]","[100, 100]","[-81, -94]","[69, -94]","[219, -94]","[-231, -244]",1,16,"[100, 100]","[100, 100]",dots,04.png,27.png,11.png,dots2.png,01.png,07.png,34.png,m,"[100, 100]","[100, 100]","[100, 100]","[100, 100]","[100, 100]","[100, 100]","[100, 100]","[100, 100]","[100, 100]","[100, 100]","[100, 100]","[0, -375]",ok.png,"[100, 100]","[100, 100]",381,2,1,1,1,0,0,0,0,0,0,0,0.930503845215,0.9305038452148436,0,90,90,-97,-97,1,1,0,0,0,0,0,0,0,1.45184993744,1.451849937438965,0,-1,-1,-412,-412,345
17.png,09.png,22.png,06.png,27.png,13.png,14.png,18.png,25.png,"[-207, -52]","[243, 98]","[150, 100]","[-57, 98]","[93, 98]","[243, 248]","[-207, 98]","[-57, 248]","[93, 248]","[-207, 248]","[-57, -202]","[93, -202]","[243, -202]","[100, 100]","[-57, -52]","[93, -52]","[243, -52]","[-207, -202]",1,16,"[100, 100]","[100, 100]",dots,07.png,05.png,dots2.png,03.png,12.png,02.png,24.png,m,"[100, 100]","[100, 100]","[100, 100]","[100, 100]","[100, 100]","[100, 100]","[100, 100]","[100, 100]","[100, 100]","[100, 100]","[100, 100]","[0, -375]",ok.png,"[100, 100]","[100, 100]",382,2,1,1,1,0,0,0,0,0,0,0,1.24516177177,1.245161771774292,0,-58,-58,-60,-60,1,1,0,0,0,0,0,0,0,1.0719357729,1.071935772895813,0,74,74,-367,-367,146
22.png,33.png,01.png,09.png,31.png,25.png,17.png,30.png,dots2.png,"[-227, -89]","[223, 61]","[150, 100]","[-77, 61]","[73, 61]","[223, 211]","[-227, 61]","[-77, 211]","[73, 211]","[-227, 211]","[-77, -239]","[73, -239]","[223, -239]","[100, 100]","[-77, -89]","[73, -89]","[223, -89]","[-227, -239]",1,16,"[100, 100]","[100, 100]",dots,20.png,07.png,27.png,15.png,13.png,33.png,05.png,m,"[100, 100]","[100, 100]","[100, 100]","[100, 100]","[100, 100]","[100, 100]","[100, 100]","[100, 100]","[100, 100]","[100, 100]","[100, 100]","[0, -375]",ok.png,"[100, 100]","[100, 100]",383,2,1,1,1,0,0,0,0,0,0,0,1.86955344677,1.869553446769714,0,-245,-245,-103,-103,1,1,0,0,0,0,0,0,0,0.434532284737,0.4345322847366333,0,-15,-15,-384,-384,236
33.png,31.png,25.png,21.png,27.png,23.png,29.png,dots2.png,06.png,"[-225, -67]","[225, 83]","[150, 100]","[-75, 83]","[75, 83]","[225, 233]","[-225, 83]","[-75, 233]","[75, 233]","[-225, 233]","[-75, -217]","[75, -217]","[225, -217]","[100, 100]","[-75, -67]","[75, -67]","[225, -67]","[-225, -217]",1,16,"[100, 100]","[100, 100]",dots,02.png,16.png,04.png,08.png,07.png,13.png,10.png,m,"[100, 100]","[100, 100]","[100, 100]","[100, 100]","[100, 100]","[100, 100]","[100, 100]","[100, 100]","[100, 100]","[100, 100]","[100, 100]","[0, -375]",ok.png,"[100, 100]","[100, 100]",384,2,1,1,1,0,0,0,0,0,0,0,3.80222153664,3.802221536636353,0,211,211,93,93,1,1,0,0,0,0,0,0,0,7.9409327507,7.940932750701904,0,10,10,-417,-417,10
30.png,32.png,27.png,21.png,26.png,24.png,dots2.png,22.png,20.png,"[-241, -89]","[209, 61]","[150, 100]","[-91, 61]","[59, 61]","[209, 211]","[-241, 61]","[-91, 211]","[59, 211]","[-241, 211]","[-91, -239]","[59, -239]","[209, -239]","[100, 100]","[-91, -89]","[59, -89]","[209, -89]","[-241, -239]",1,16,"[100, 100]","[100, 100]",dots,14.png,03.png,18.png,16.png,09.png,05.png,07.png,m,"[100, 100]","[100, 100]","[100, 100]","[100, 100]","[100, 100]","[100, 100]","[100, 100]","[100, 100]","[100, 100]","[100, 100]","[100, 100]","[0, -375]",ok.png,"[100, 100]","[100, 100]",385,2,1,1,1,0,0,0,0,0,0,0,1.46007478237,1.460074782371521,0,71,71,78,78,1,1,0,0,0,0,0,0,0,1.20026803017,1.200268030166626,0,11,11,-410,-410,177
01.png,18.png,27.png,24.png,21.png,dots2.png,19.png,16.png,32.png,"[-200, -61]","[250, 89]","[150, 100]","[-50, 89]","[100, 89]","[250, 239]","[-200, 89]","[-50, 239]","[100, 239]","[-200, 239]","[-50, -211]","[100, -211]","[250, -211]","[100, 100]","[-50, -61]","[100, -61]","[250, -61]","[-200, -211]",1,16,"[100, 100]","[100, 100]",dots,13.png,31.png,34.png,10.png,05.png,33.png,14.png,m,"[100, 100]","[100, 100]","[100, 100]","[100, 100]","[100, 100]","[100, 100]","[100, 100]","[100, 100]","[100, 100]","[100, 100]","[100, 100]","[0, -375]",ok.png,"[100, 100]","[100, 100]",386,2,1,1,1,0,0,0,0,0,0,0,0.747293174267,0.7472931742668152,0,-60,-60,127,127,1,1,0,0,0,0,0,0,0,1.08987033367,1.08987033367157,0,14,14,-360,-360,193
34.png,27.png,08.png,18.png,dots2.png,11.png,16.png,21.png,17.png,"[-213, -66]","[237, 84]","[150, 100]","[-63, 84]","[87, 84]","[237, 234]","[-213, 84]","[-63, 234]","[87, 234]","[-213, 234]","[-63, -216]","[87, -216]","[237, -216]","[100, 100]","[-63, -66]","[87, -66]","[237, -66]","[-213, -216]",1,16,"[100, 100]","[100, 100]",dots,09.png,25.png,04.png,24.png,10.png,20.png,15.png,m,"[100, 100]","[100, 100]","[100, 100]","[100, 100]","[100, 100]","[100, 100]","[100, 100]","[100, 100]","[100, 100]","[100, 100]","[100, 100]","[0, -375]",ok.png,"[100, 100]","[100, 100]",387,2,1,1,1,0,0,0,0,0,0,0,0.98444801569,0.98444801568985,0,-215,-215,95,95,1,1,0,0,0,0,0,0,0,2.89372897148,2.893728971481323,0,13,13,-393,-393,93
04.png,02.png,05.png,dots2.png,08.png,07.png,01.png,03.png,26.png,"[-231, -72]","[219, 78]","[150, 100]","[-81, 78]","[69, 78]","[219, 228]","[-231, 78]","[-81, 228]","[69, 228]","[-231, 228]","[-81, -222]","[69, -222]","[219, -222]","[100, 100]","[-81, -72]","[69, -72]","[219, -72]","[-231, -222]",1,16,"[100, 100]","[100, 100]",dots,28.png,24.png,29.png,32.png,16.png,20.png,10.png,m,"[100, 100]","[100, 100]","[100, 100]","[100, 100]","[100, 100]","[100, 100]","[100, 100]","[100, 100]","[100, 100]","[100, 100]","[100, 100]","[0, -375]",ok.png,"[100, 100]","[100, 100]",388,2,1,1,1,0,0,0,0,0,0,0,2.51484489441,2.51484489440918,0,227,227,228,228,1,1,0,0,0,0,0,0,0,3.36948037148,3.36948037147522,0,-2,-2,-397,-397,78
01.png,12.png,dots2.png,23.png,10.png,02.png,28.png,13.png,08.png,"[-200, -63]","[250, 87]","[150, 100]","[-50, 87]","[100, 87]","[250, 237]","[-200, 87]","[-50, 237]","[100, 237]","[-200, 237]","[-50, -213]","[100, -213]","[250, -213]","[100, 100]","[-50, -63]","[100, -63]","[250, -63]","[-200, -213]",1,16,"[100, 100]","[100, 100]",dots,15.png,16.png,33.png,03.png,29.png,06.png,17.png,m,"[100, 100]","[100, 100]","[100, 100]","[100, 100]","[100, 100]","[100, 100]","[100, 100]","[100, 100]","[100, 100]","[100, 100]","[100, 100]","[0, -375]",ok.png,"[100, 100]","[100, 100]",389,2,1,1,1,0,0,0,0,0,0,0,1.01109695435,1.011096954345703,0,89,89,209,209,1,1,0,0,0,0,0,0,0,1.96495175362,1.964951753616333,0,5,5,-385,-385,415
24.png,dots2.png,03.png,07.png,13.png,17.png,23.png,27.png,33.png,"[-220, -72]","[230, 78]","[150, 100]","[-70, 78]","[80, 78]","[230, 228]","[-220, 78]","[-70, 228]","[80, 228]","[-220, 228]","[-70, -222]","[80, -222]","[230, -222]","[100, 100]","[-70, -72]","[80, -72]","[230, -72]","[-220, -222]",1,16,"[100, 100]","[100, 100]",dots,14.png,16.png,04.png,06.png,32.png,08.png,30.png,m,"[100, 100]","[100, 100]","[100, 100]","[100, 100]","[100, 100]","[100, 100]","[100, 100]","[100, 100]","[100, 100]","[100, 100]","[100, 100]","[0, -375]",ok.png,"[100, 100]","[100, 100]",390,2,1,1,1,0,0,0,0,0,0,0,1.15304172039,1.15304172039032,0,-69,-69,217,217,1,1,0,0,0,0,0,0,0,0.60498470068,0.604984700679779,0,34,34,-412,-412,406
dots2.png,17.png,07.png,14.png,27.png,33.png,23.png,24.png,04.png,"[-225, -88]","[225, 62]","[150, 100]","[-75, 62]","[75, 62]","[225, 212]","[-225, 62]","[-75, 212]","[75, 212]","[-225, 212]","[-75, -238]","[75, -238]","[225, -238]","[100, 100]","[-75, -88]","[75, -88]","[225, -88]","[-225, -238]",1,16,"[100, 100]","[100, 100]",dots,12.png,02.png,03.png,16.png,04.png,30.png,20.png,m,"[100, 100]","[100, 100]","[100, 100]","[100, 100]","[100, 100]","[100, 100]","[100, 100]","[100, 100]","[100, 100]","[100, 100]","[100, 100]","[0, -375]",ok.png,"[100, 100]","[100, 100]",391,2,1,1,1,0,0,0,0,0,0,0,1.35191214085,1.351912140846252,0,-217,-217,192,192,1,1,0,0,0,0,0,0,0,0.735320031643,0.7353200316429138,0,12,12,-420,-420,165
18.png,dots2.png,04.png,13.png,31.png,16.png,22.png,12.png,11.png,"[-225, -84]","[225, 66]","[150, 100]","[-75, 66]","[75, 66]","[225, 216]","[-225, 66]","[-75, 216]","[75, 216]","[-225, 216]","[-75, -234]","[75, -234]","[225, -234]","[100, 100]","[-75, -84]","[75, -84]","[225, -84]","[-225, -234]",1,16,"[100, 100]","[100, 100]",dots,25.png,09.png,32.png,02.png,03.png,29.png,19.png,m,"[100, 100]","[100, 100]","[100, 100]","[100, 100]","[100, 100]","[100, 100]","[100, 100]","[100, 100]","[100, 100]","[100, 100]","[100, 100]","[0, -375]",ok.png,"[100, 100]","[100, 100]",392,2,1,1,1,0,0,0,0,0,0,0,1.15029895306,1.150298953056335,0,-62,-62,209,209,1,1,0,0,0,0,0,0,0,1.96761608124,1.967616081237793,0,22,22,-392,-392,32
15.png,08.png,dots2.png,03.png,25.png,28.png,27.png,01.png,23.png,"[-243, -74]","[207, 76]","[150, 100]","[-93, 76]","[57, 76]","[207, 226]","[-243, 76]","[-93, 226]","[57, 226]","[-243, 226]","[-93, -224]","[57, -224]","[207, -224]","[100, 100]","[-93, -74]","[57, -74]","[207, -74]","[-243, -224]",1,16,"[100, 100]","[100, 100]",dots,21.png,05.png,07.png,30.png,16.png,11.png,13.png,m,"[100, 100]","[100, 100]","[100, 100]","[100, 100]","[100, 100]","[100, 100]","[100, 100]","[100, 100]","[100, 100]","[100, 100]","[100, 100]","[0, -375]",ok.png,"[100, 100]","[100, 100]",393,2,1,1,1,0,0,0,0,0,0,0,1.01156973839,1.011569738388062,0,61,61,258,258,1,1,0,0,0,0,0,0,0,1.37465929985,1.374659299850464,0,17,17,-405,-405,400
32.png,07.png,14.png,dots2.png,23.png,02.png,09.png,29.png,28.png,"[-212, -58]","[238, 92]","[150, 100]","[-62, 92]","[88, 92]","[238, 242]","[-212, 92]","[-62, 242]","[88, 242]","[-212, 242]","[-62, -208]","[88, -208]","[238, -208]","[100, 100]","[-62, -58]","[88, -58]","[238, -58]","[-212, -208]",1,16,"[100, 100]","[100, 100]",dots,20.png,17.png,16.png,05.png,06.png,15.png,21.png,m,"[100, 100]","[100, 100]","[100, 100]","[100, 100]","[100, 100]","[100, 100]","[100, 100]","[100, 100]","[100, 100]","[100, 100]","[100, 100]","[0, -375]",ok.png,"[100, 100]","[100, 100]",394,2,1,1,1,0,0,0,0,0,0,0,1.90312170982,1.903121709823608,0,217,217,253,253,1,1,0,0,0,0,0,0,0,0.994698524475,0.9946985244750975,0,-8,-8,-386,-386,242
03.png,32.png,21.png,31.png,dots2.png,08.png,30.png,15.png,34.png,"[-206, -67]","[244, 83]","[150, 100]","[-56, 83]","[94, 83]","[244, 233]","[-206, 83]","[-56, 233]","[94, 233]","[-206, 233]","[-56, -217]","[94, -217]","[244, -217]","[100, 100]","[-56, -67]","[94, -67]","[244, -67]","[-206, -217]",1,16,"[100, 100]","[100, 100]",dots,12.png,28.png,19.png,17.png,06.png,01.png,11.png,m,"[100, 100]","[100, 100]","[100, 100]","[100, 100]","[100, 100]","[100, 100]","[100, 100]","[100, 100]","[100, 100]","[100, 100]","[100, 100]","[0, -375]",ok.png,"[100, 100]","[100, 100]",395,2,1,1,1,0,0,0,0,0,0,0,1.02540361881,1.025403618812561,0,-187,-187,78,78,1,1,0,0,0,0,0,0,0,1.65286552906,1.652865529060364,0,27,27,-438,-438,361
28.png,22.png,16.png,13.png,10.png,dots2.png,09.png,07.png,27.png,"[-202, -90]","[248, 60]","[150, 100]","[-52, 60]","[98, 60]","[248, 210]","[-202, 60]","[-52, 210]","[98, 210]","[-202, 210]","[-52, -240]","[98, -240]","[248, -240]","[100, 100]","[-52, -90]","[98, -90]","[248, -90]","[-202, -240]",1,16,"[100, 100]","[100, 100]",dots,32.png,04.png,24.png,31.png,09.png,12.png,03.png,m,"[100, 100]","[100, 100]","[100, 100]","[100, 100]","[100, 100]","[100, 100]","[100, 100]","[100, 100]","[100, 100]","[100, 100]","[100, 100]","[0, -375]",ok.png,"[100, 100]","[100, 100]",396,2,1,1,1,0,0,0,0,0,0,0,0.696644663811,0.69664466381073,0,-52,-52,51,51,1,1,0,0,0,0,0,0,0,1.10695946217,1.106959462165833,0,4,4,-374,-374,429
30.png,26.png,20.png,34.png,10.png,07.png,dots2.png,01.png,08.png,"[-228, -60]","[222, 90]","[150, 100]","[-78, 90]","[72, 90]","[222, 240]","[-228, 90]","[-78, 240]","[72, 240]","[-228, 240]","[-78, -210]","[72, -210]","[222, -210]","[100, 100]","[-78, -60]","[72, -60]","[222, -60]","[-228, -210]",1,16,"[100, 100]","[100, 100]",dots,33.png,12.png,05.png,19.png,18.png,25.png,14.png,m,"[100, 100]","[100, 100]","[100, 100]","[100, 100]","[100, 100]","[100, 100]","[100, 100]","[100, 100]","[100, 100]","[100, 100]","[100, 100]","[0, -375]",ok.png,"[100, 100]","[100, 100]",397,2,1,1,1,0,0,0,0,0,0,0,0.79161798954,0.7916179895401001,0,58,58,82,82,1,1,0,0,0,0,0,0,0,1.24595785141,1.245957851409912,0,0,0,-357,-357,233
01.png,33.png,24.png,26.png,30.png,04.png,02.png,dots2.png,09.png,"[-247, -69]","[203, 81]","[150, 100]","[-97, 81]","[53, 81]","[203, 231]","[-247, 81]","[-97, 231]","[53, 231]","[-247, 231]","[-97, -219]","[53, -219]","[203, -219]","[100, 100]","[-97, -69]","[53, -69]","[203, -69]","[-247, -219]",1,16,"[100, 100]","[100, 100]",dots,21.png,18.png,25.png,14.png,11.png,17.png,13.png,m,"[100, 100]","[100, 100]","[100, 100]","[100, 100]","[100, 100]","[100, 100]","[100, 100]","[100, 100]","[100, 100]","[100, 100]","[100, 100]","[0, -375]",ok.png,"[100, 100]","[100, 100]",398,2,1,1,1,0,0,0,0,0,0,0,1.26166796684,1.261667966842651,0,213,213,75,75,1,1,0,0,0,0,0,0,0,2.0871155262,2.087115526199341,0,15,15,-392,-392,90
19.png,03.png,29.png,09.png,30.png,26.png,31.png,18.png,dots2.png,"[-217, -58]","[233, 92]","[150, 100]","[-67, 92]","[83, 92]","[233, 242]","[-217, 92]","[-67, 242]","[83, 242]","[-217, 242]","[-67, -208]","[83, -208]","[233, -208]","[100, 100]","[-67, -58]","[83, -58]","[233, -58]","[-217, -208]",1,16,"[100, 100]","[100, 100]",dots,11.png,20.png,22.png,07.png,08.png,10.png,14.png,m,"[100, 100]","[100, 100]","[100, 100]","[100, 100]","[100, 100]","[100, 100]","[100, 100]","[100, 100]","[100, 100]","[100, 100]","[100, 100]","[0, -375]",ok.png,"[100, 100]","[100, 100]",399,2,1,1,1,0,0,0,0,0,0,0,0.738490104675,0.738490104675293,0,-227,-227,-64,-64,1,1,0,0,0,0,0,0,0,2.28568696976,2.28568696975708,0,42,42,-362,-362,296
26.png,29.png,32.png,19.png,05.png,14.png,15.png,33.png,30.png,"[-223, -96]","[227, 54]","[150, 100]","[-73, 54]","[77, 54]","[227, 204]","[-223, 54]","[-73, 204]","[77, 204]","[-223, 204]","[-73, -246]","[77, -246]","[227, -246]","[100, 100]","[-73, -96]","[77, -96]","[227, -96]","[-223, -246]",1,16,"[100, 100]","[100, 100]",dots,23.png,11.png,dots2.png,21.png,31.png,13.png,03.png,m,"[100, 100]","[100, 100]","[100, 100]","[100, 100]","[100, 100]","[100, 100]","[100, 100]","[100, 100]","[100, 100]","[100, 100]","[100, 100]","[0, -375]",ok.png,"[100, 100]","[100, 100]",400,2,1,1,1,0,0,0,0,0,0,0,4.54188966751,4.541889667510986,0,-57,-57,-124,-124,1,1,0,0,0,0,0,0,0,0.312755048275,0.3127550482749939,0,-28,-28,-383,-383,251
tray1.png,01.png,02.png,03.png,04.png,05.png,06.png,07.png,08.png,"[-200, -61]","[250, 89]","[150, 100]","[-50, 89]","[100, 89]","[250, 239]","[-200, 89]","[-50, 239]","[100, 239]","[-200, 239]","[-50, -211]","[100, -211]","[250, -211]","[100, 100]","[-50, -61]","[100, -61]","[250, -61]","[-200, -211]",1,16,"[100, 100]","[100, 100]",both,11.png,12.png,09.png,10.png,dots1.png,13.png,14.png,m,"[100, 100]","[100, 100]","[100, 100]","[100, 100]","[100, 100]","[100, 100]","[100, 100]","[100, 100]","[100, 100]","[100, 100]","[100, 100]","[0, -375]",ok.png,"[100, 100]","[100, 100]",401,3,1,1,1,0,0,0,0,0,0,0,1.24799275398,1.247992753982544,0,-206,-206,240,240,1,1,0,0,0,0,0,0,0,1.05743062496,1.057430624961853,0,227,227,-206,-206,92
08.png,tray1.png,09.png,01.png,10.png,11.png,12.png,13.png,15.png,"[-221, -91]","[229, 59]","[150, 100]","[-71, 59]","[79, 59]","[229, 209]","[-221, 59]","[-71, 209]","[79, 209]","[-221, 209]","[-71, -241]","[79, -241]","[229, -241]","[100, 100]","[-71, -91]","[79, -91]","[229, -91]","[-221, -241]",1,16,"[100, 100]","[100, 100]",both,33.png,32.png,14.png,34.png,23.png,31.png,dots1.png,m,"[100, 100]","[100, 100]","[100, 100]","[100, 100]","[100, 100]","[100, 100]","[100, 100]","[100, 100]","[100, 100]","[100, 100]","[100, 100]","[0, -375]",ok.png,"[100, 100]","[100, 100]",402,3,1,1,1,0,0,0,0,0,0,0,1.20505797863,1.205057978630066,0,71,71,-228,-228,1,1,0,0,0,0,0,0,0,0.915818095207,0.9158180952072144,0,-49,-49,228,228,16
05.png,06.png,tray1.png,15.png,16.png,17.png,18.png,19.png,20.png,"[-244, -89]","[206, 61]","[150, 100]","[-94, 61]","[56, 61]","[206, 211]","[-244, 61]","[-94, 211]","[56, 211]","[-244, 211]","[-94, -239]","[56, -239]","[206, -239]","[100, 100]","[-94, -89]","[56, -89]","[206, -89]","[-244, -239]",1,16,"[100, 100]","[100, 100]",both,23.png,24.png,21.png,22.png,27.png,dots1.png,30.png,m,"[100, 100]","[100, 100]","[100, 100]","[100, 100]","[100, 100]","[100, 100]","[100, 100]","[100, 100]","[100, 100]","[100, 100]","[100, 100]","[0, -375]",ok.png,"[100, 100]","[100, 100]",403,3,1,1,1,0,0,0,0,0,0,0,1.82541751862,1.825417518615723,0,-106,-106,-238,-238,1,1,0,0,0,0,0,0,0,0.653008878231,0.6530088782310486,0,78,78,203,203,350
22.png,23.png,24.png,tray1.png,03.png,12.png,25.png,26.png,02.png,"[-203, -80]","[247, 70]","[150, 100]","[-53, 70]","[97, 70]","[247, 220]","[-203, 70]","[-53, 220]","[97, 220]","[-203, 220]","[-53, -230]","[97, -230]","[247, -230]","[100, 100]","[-53, -80]","[97, -80]","[247, -80]","[-203, -230]",1,16,"[100, 100]","[100, 100]",both,28.png,dots1.png,08.png,27.png,32.png,30.png,31.png,m,"[100, 100]","[100, 100]","[100, 100]","[100, 100]","[100, 100]","[100, 100]","[100, 100]","[100, 100]","[100, 100]","[100, 100]","[100, 100]","[0, -375]",ok.png,"[100, 100]","[100, 100]",404,3,1,1,1,0,0,0,0,0,0,0,1.44667541981,1.446675419807434,0,-203,-203,-230,-230,1,1,0,0,0,0,0,0,0,1.16913557053,1.169135570526123,0,227,227,207,207,69
02.png,04.png,06.png,08.png,tray1.png,29.png,30.png,31.png,32.png,"[-213, -57]","[237, 93]","[150, 100]","[-63, 93]","[87, 93]","[237, 243]","[-213, 93]","[-63, 243]","[87, 243]","[-213, 243]","[-63, -207]","[87, -207]","[237, -207]","[100, 100]","[-63, -57]","[87, -57]","[237, -57]","[-213, -207]",1,16,"[100, 100]","[100, 100]",both,dots1.png,22.png,33.png,34.png,28.png,24.png,26.png,m,"[100, 100]","[100, 100]","[100, 100]","[100, 100]","[100, 100]","[100, 100]","[100, 100]","[100, 100]","[100, 100]","[100, 100]","[100, 100]","[0, -375]",ok.png,"[100, 100]","[100, 100]",405,3,1,1,1,0,0,0,0,0,0,0,1.19854784012,1.198547840118408,0,-218,-218,92,92,1,1,0,0,0,0,0,0,0,0.7379950881,0.7379950881004333,0,229,229,-60,-60,116
01.png,34.png,07.png,27.png,04.png,tray1.png,11.png,26.png,06.png,"[-202, -78]","[248, 72]","[150, 100]","[-52, 72]","[98, 72]","[248, 222]","[-202, 72]","[-52, 222]","[98, 222]","[-202, 222]","[-52, -228]","[98, -228]","[248, -228]","[100, 100]","[-52, -78]","[98, -78]","[248, -78]","[-202, -228]",1,16,"[100, 100]","[100, 100]",both,29.png,17.png,15.png,dots1.png,32.png,23.png,30.png,m,"[100, 100]","[100, 100]","[100, 100]","[100, 100]","[100, 100]","[100, 100]","[100, 100]","[100, 100]","[100, 100]","[100, 100]","[100, 100]","[0, -375]",ok.png,"[100, 100]","[100, 100]",406,3,1,1,1,0,0,0,0,0,0,0,0.842763900757,0.8427639007568359,0,-49,-49,72,72,1,1,0,0,0,0,0,0,0,1.01014518738,1.01014518737793,0,90,90,-99,-99,61
12.png,24.png,02.png,05.png,07.png,03.png,tray1.png,25.png,18.png,"[-211, -93]","[239, 57]","[150, 100]","[-61, 57]","[89, 57]","[239, 207]","[-211, 57]","[-61, 207]","[89, 207]","[-211, 207]","[-61, -243]","[89, -243]","[239, -243]","[100, 100]","[-61, -93]","[89, -93]","[239, -93]","[-211, -243]",1,16,"[100, 100]","[100, 100]",both,27.png,06.png,dots1.png,13.png,17.png,22.png,09.png,m,"[100, 100]","[100, 100]","[100, 100]","[100, 100]","[100, 100]","[100, 100]","[100, 100]","[100, 100]","[100, 100]","[100, 100]","[100, 100]","[0, -375]",ok.png,"[100, 100]","[100, 100]",407,3,1,1,1,0,0,0,0,0,0,0,4.5354757309,4.535475730895996,0,-62,-62,-112,-112,1,1,0,0,0,0,0,0,0,0.564918279648,0.5649182796478271,0,114,114,54,54,6
13.png,05.png,33.png,07.png,20.png,15.png,27.png,tray1.png,dots1.png,"[-216, -96]","[234, 54]","[150, 100]","[-66, 54]","[84, 54]","[234, 204]","[-216, 54]","[-66, 204]","[84, 204]","[-216, 204]","[-66, -246]","[84, -246]","[234, -246]","[100, 100]","[-66, -96]","[84, -96]","[234, -96]","[-216, -246]",1,16,"[100, 100]","[100, 100]",both,31.png,09.png,17.png,25.png,22.png,01.png,33.png,m,"[100, 100]","[100, 100]","[100, 100]","[100, 100]","[100, 100]","[100, 100]","[100, 100]","[100, 100]","[100, 100]","[100, 100]","[100, 100]","[0, -375]",ok.png,"[100, 100]","[100, 100]",408,3,1,1,1,0,0,0,0,0,0,0,1.29327893257,1.293278932571411,0,-234,-234,-117,-117,1,1,0,0,0,0,0,0,0,0.419183850288,0.4191838502883911,0,288,288,56,56,218
07.png,10.png,13.png,16.png,02.png,08.png,04.png,dots1.png,tray1.png,"[-235, -86]","[215, 64]","[150, 100]","[-85, 64]","[65, 64]","[215, 214]","[-235, 64]","[-85, 214]","[65, 214]","[-235, 214]","[-85, -236]","[65, -236]","[215, -236]","[100, 100]","[-85, -86]","[65, -86]","[215, -86]","[-235, -236]",1,16,"[100, 100]","[100, 100]",both,27.png,21.png,29.png,23.png,33.png,25.png,31.png,m,"[100, 100]","[100, 100]","[100, 100]","[100, 100]","[100, 100]","[100, 100]","[100, 100]","[100, 100]","[100, 100]","[100, 100]","[100, 100]","[0, -375]",ok.png,"[100, 100]","[100, 100]",409,3,1,1,1,0,0,0,0,0,0,0,0.933540523052,0.9335405230522156,0,214,214,67,67,1,1,0,0,0,0,0,0,0,0.845859766006,0.8458597660064697,0,-237,-237,-94,-94,369
09.png,07.png,05.png,03.png,14.png,16.png,dots1.png,20.png,22.png,"[-227, -73]","[223, 77]","[150, 100]","[-77, 77]","[73, 77]","[223, 227]","[-227, 77]","[-77, 227]","[73, 227]","[-227, 227]","[-77, -223]","[73, -223]","[223, -223]","[100, 100]","[-77, -73]","[73, -73]","[223, -73]","[-227, -223]",1,16,"[100, 100]","[100, 100]",both,26.png,21.png,tray1.png,24.png,30.png,27.png,32.png,m,"[100, 100]","[100, 100]","[100, 100]","[100, 100]","[100, 100]","[100, 100]","[100, 100]","[100, 100]","[100, 100]","[100, 100]","[100, 100]","[0, -375]",ok.png,"[100, 100]","[100, 100]",410,3,1,1,1,0,0,0,0,0,0,0,0.669297754765,0.6692977547645569,0,63,63,77,77,1,1,0,0,0,0,0,0,0,0.922807574272,0.9228075742721558,0,-76,-76,-105,-105,302
05.png,14.png,33.png,31.png,13.png,dots1.png,34.png,32.png,16.png,"[-211, -72]","[239, 78]","[150, 100]","[-61, 78]","[89, 78]","[239, 228]","[-211, 78]","[-61, 228]","[89, 228]","[-211, 228]","[-61, -222]","[89, -222]","[239, -222]","[100, 100]","[-61, -72]","[89, -72]","[239, -72]","[-211, -222]",1,16,"[100, 100]","[100, 100]",both,21.png,24.png,19.png,tray1.png,01.png,27.png,18.png,m,"[100, 100]","[100, 100]","[100, 100]","[100, 100]","[100, 100]","[100, 100]","[100, 100]","[100, 100]","[100, 100]","[100, 100]","[100, 100]","[0, -375]",ok.png,"[100, 100]","[100, 100]",411,3,1,1,1,0,0,0,0,0,0,0,0.838498413563,0.8384984135627747,0,73,73,-60,-60,1,1,0,0,0,0,0,0,0,0.589263021946,0.5892630219459534,0,-71,-71,75,75,319
10.png,15.png,20.png,25.png,dots1.png,24.png,04.png,17.png,21.png,"[-218, -68]","[232, 82]","[150, 100]","[-68, 82]","[82, 82]","[232, 232]","[-218, 82]","[-68, 232]","[82, 232]","[-218, 232]","[-68, -218]","[82, -218]","[232, -218]","[100, 100]","[-68, -68]","[82, -68]","[232, -68]","[-218, -218]",1,16,"[100, 100]","[100, 100]",both,tray1.png,18.png,16.png,11.png,34.png,08.png,27.png,m,"[100, 100]","[100, 100]","[100, 100]","[100, 100]","[100, 100]","[100, 100]","[100, 100]","[100, 100]","[100, 100]","[100, 100]","[100, 100]","[0, -375]",ok.png,"[100, 100]","[100, 100]",412,3,1,1,1,0,0,0,0,0,0,0,1.32460904121,1.324609041213989,0,-192,-192,74,74,1,1,0,0,0,0,0,0,0,1.20314455032,1.203144550323486,0,231,231,-50,-50,142
16.png,10.png,20.png,dots1.png,28.png,32.png,29.png,26.png,03.png,"[-224, -66]","[226, 84]","[150, 100]","[-74, 84]","[76, 84]","[226, 234]","[-224, 84]","[-74, 234]","[76, 234]","[-224, 234]","[-74, -216]","[76, -216]","[226, -216]","[100, 100]","[-74, -66]","[76, -66]","[226, -66]","[-224, -216]",1,16,"[100, 100]","[100, 100]",both,08.png,tray1.png,01.png,07.png,04.png,05.png,02.png,m,"[100, 100]","[100, 100]","[100, 100]","[100, 100]","[100, 100]","[100, 100]","[100, 100]","[100, 100]","[100, 100]","[100, 100]","[100, 100]","[0, -375]",ok.png,"[100, 100]","[100, 100]",413,3,1,1,1,0,0,0,0,0,0,0,1.28334140778,1.283341407775879,0,231,231,232,232,1,1,0,0,0,0,0,0,0,2.9111430645,2.911143064498901,0,-212,-212,-180,-180,281
29.png,17.png,dots1.png,16.png,15.png,03.png,33.png,08.png,13.png,"[-214, -99]","[236, 51]","[150, 100]","[-64, 51]","[86, 51]","[236, 201]","[-214, 51]","[-64, 201]","[86, 201]","[-214, 201]","[-64, -249]","[86, -249]","[236, -249]","[100, 100]","[-64, -99]","[86, -99]","[236, -99]","[-214, -249]",1,16,"[100, 100]","[100, 100]",both,10.png,23.png,28.png,02.png,01.png,tray1.png,12.png,m,"[100, 100]","[100, 100]","[100, 100]","[100, 100]","[100, 100]","[100, 100]","[100, 100]","[100, 100]","[100, 100]","[100, 100]","[100, 100]","[0, -375]",ok.png,"[100, 100]","[100, 100]",414,3,1,1,1,0,0,0,0,0,0,0,0.827218413353,0.8272184133529663,0,91,91,186,186,1,1,0,0,0,0,0,0,0,0.60584551096000006,0.6058455109596252,0,-46,-46,-275,-275,204
32.png,dots1.png,08.png,16.png,14.png,06.png,04.png,33.png,27.png,"[-246, -77]","[204, 73]","[150, 100]","[-96, 73]","[54, 73]","[204, 223]","[-246, 73]","[-96, 223]","[54, 223]","[-246, 223]","[-96, -227]","[54, -227]","[204, -227]","[100, 100]","[-96, -77]","[54, -77]","[204, -77]","[-246, -227]",1,16,"[100, 100]","[100, 100]",both,13.png,07.png,23.png,17.png,24.png,03.png,tray1.png,m,"[100, 100]","[100, 100]","[100, 100]","[100, 100]","[100, 100]","[100, 100]","[100, 100]","[100, 100]","[100, 100]","[100, 100]","[100, 100]","[0, -375]",ok.png,"[100, 100]","[100, 100]",415,3,1,1,1,0,0,0,0,0,0,0,0.931886672974,0.9318866729736328,0,-85,-85,201,201,1,1,0,0,0,0,0,0,0,0.791152715683,0.7911527156829834,0,60,60,-248,-248,315
dots1.png,20.png,30.png,02.png,12.png,16.png,03.png,04.png,24.png,"[-226, -88]","[224, 62]","[150, 100]","[-76, 62]","[74, 62]","[224, 212]","[-226, 62]","[-76, 212]","[74, 212]","[-226, 212]","[-76, -238]","[74, -238]","[224, -238]","[100, 100]","[-76, -88]","[74, -88]","[224, -88]","[-226, -238]",1,16,"[100, 100]","[100, 100]",both,27.png,14.png,23.png,33.png,tray1.png,07.png,17.png,m,"[100, 100]","[100, 100]","[100, 100]","[100, 100]","[100, 100]","[100, 100]","[100, 100]","[100, 100]","[100, 100]","[100, 100]","[100, 100]","[0, -375]",ok.png,"[100, 100]","[100, 100]",416,3,1,1,1,0,0,0,0,0,0,0,1.04239940643,1.042399406433105,0,-232,-232,230,230,1,1,0,0,0,0,0,0,0,0.811862468719,0.8118624687194824,0,210,210,-255,-255,166
03.png,dots1.png,29.png,09.png,25.png,02.png,32.png,11.png,12.png,"[-220, -51]","[230, 99]","[150, 100]","[-70, 99]","[80, 99]","[230, 249]","[-220, 99]","[-70, 249]","[80, 249]","[-220, 249]","[-70, -201]","[80, -201]","[230, -201]","[100, 100]","[-70, -51]","[80, -51]","[230, -51]","[-220, -201]",1,16,"[100, 100]","[100, 100]",both,31.png,13.png,22.png,16.png,18.png,04.png,tray1.png,m,"[100, 100]","[100, 100]","[100, 100]","[100, 100]","[100, 100]","[100, 100]","[100, 100]","[100, 100]","[100, 100]","[100, 100]","[100, 100]","[0, -375]",ok.png,"[100, 100]","[100, 100]",417,3,1,1,1,0,0,0,0,0,0,0,0.837936639786,0.8379366397857666,0,-55,-55,234,234,1,1,0,0,0,0,0,0,0,0.792157828808,0.7921578288078308,0,62,62,-208,-208,318
16.png,13.png,dots1.png,05.png,21.png,30.png,07.png,23.png,01.png,"[-202, -97]","[248, 53]","[150, 100]","[-52, 53]","[98, 53]","[248, 203]","[-202, 53]","[-52, 203]","[98, 203]","[-202, 203]","[-52, -247]","[98, -247]","[248, -247]","[100, 100]","[-52, -97]","[98, -97]","[248, -97]","[-202, -247]",1,16,"[100, 100]","[100, 100]",both,25.png,03.png,27.png,28.png,15.png,tray1.png,08.png,m,"[100, 100]","[100, 100]","[100, 100]","[100, 100]","[100, 100]","[100, 100]","[100, 100]","[100, 100]","[100, 100]","[100, 100]","[100, 100]","[0, -375]",ok.png,"[100, 100]","[100, 100]",418,3,1,1,1,0,0,0,0,0,0,0,1.29242122173,1.292421221733093,0,100,100,190,190,1,1,0,0,0,0,0,0,0,0.607801735401,0.6078017354011536,0,-29,-29,-245,-245,334
06.png,21.png,15.png,dots1.png,20.png,05.png,16.png,28.png,29.png,"[-205, -54]","[245, 96]","[150, 100]","[-55, 96]","[95, 96]","[245, 246]","[-205, 96]","[-55, 246]","[95, 246]","[-205, 246]","[-55, -204]","[95, -204]","[245, -204]","[100, 100]","[-55, -54]","[95, -54]","[245, -54]","[-205, -204]",1,16,"[100, 100]","[100, 100]",both,23.png,tray1.png,09.png,02.png,32.png,14.png,07.png,m,"[100, 100]","[100, 100]","[100, 100]","[100, 100]","[100, 100]","[100, 100]","[100, 100]","[100, 100]","[100, 100]","[100, 100]","[100, 100]","[0, -375]",ok.png,"[100, 100]","[100, 100]",419,3,1,1,1,0,0,0,0,0,0,0,0.87661242485,0.8766124248504639,0,232,232,254,254,1,1,0,0,0,0,0,0,0,1.83977890015,1.839778900146484,0,-188,-188,-237,-237,324
06.png,11.png,01.png,28.png,dots1.png,17.png,19.png,34.png,15.png,"[-203, -69]","[247, 81]","[150, 100]","[-53, 81]","[97, 81]","[247, 231]","[-203, 81]","[-53, 231]","[97, 231]","[-203, 231]","[-53, -219]","[97, -219]","[247, -219]","[100, 100]","[-53, -69]","[97, -69]","[247, -69]","[-203, -219]",1,16,"[100, 100]","[100, 100]",both,tray1.png,31.png,30.png,08.png,03.png,21.png,32.png,m,"[100, 100]","[100, 100]","[100, 100]","[100, 100]","[100, 100]","[100, 100]","[100, 100]","[100, 100]","[100, 100]","[100, 100]","[100, 100]","[0, -375]",ok.png,"[100, 100]","[100, 100]",420,3,1,1,1,0,0,0,0,0,0,0,0.889775395393,0.8897753953933716,0,-206,-206,60,60,1,1,0,0,0,0,0,0,0,0.637244045734,0.6372440457344055,0,220,220,-73,-73,216
09.png,03.png,12.png,04.png,32.png,dots1.png,24.png,27.png,07.png,"[-234, -72]","[216, 78]","[150, 100]","[-84, 78]","[66, 78]","[216, 228]","[-234, 78]","[-84, 228]","[66, 228]","[-234, 228]","[-84, -222]","[66, -222]","[216, -222]","[100, 100]","[-84, -72]","[66, -72]","[216, -72]","[-234, -222]",1,16,"[100, 100]","[100, 100]",both,10.png,13.png,09.png,tray1.png,28.png,16.png,22.png,m,"[100, 100]","[100, 100]","[100, 100]","[100, 100]","[100, 100]","[100, 100]","[100, 100]","[100, 100]","[100, 100]","[100, 100]","[100, 100]","[0, -375]",ok.png,"[100, 100]","[100, 100]",421,3,1,1,1,0,0,0,0,0,0,0,0.890437066555,0.8904370665550232,0,-73,-73,108,108,1,1,0,0,0,0,0,0,0,2.4742641449,2.474264144897461,0,62,62,-77,-77,272
18.png,14.png,25.png,12.png,33.png,19.png,dots1.png,08.png,01.png,"[-230, -58]","[220, 92]","[150, 100]","[-80, 92]","[70, 92]","[220, 242]","[-230, 92]","[-80, 242]","[70, 242]","[-230, 242]","[-80, -208]","[70, -208]","[220, -208]","[100, 100]","[-80, -58]","[70, -58]","[220, -58]","[-230, -208]",1,16,"[100, 100]","[100, 100]",both,10.png,34.png,tray1.png,07.png,30.png,20.png,26.png,m,"[100, 100]","[100, 100]","[100, 100]","[100, 100]","[100, 100]","[100, 100]","[100, 100]","[100, 100]","[100, 100]","[100, 100]","[100, 100]","[0, -375]",ok.png,"[100, 100]","[100, 100]",422,3,1,1,1,0,0,0,0,0,0,0,0.933321177959,0.933321177959442,0,92,92,96,96,1,1,0,0,0,0,0,0,0,1.14065802097,1.140658020973206,0,-63,-63,-48,-48,72
11.png,13.png,17.png,18.png,21.png,14.png,25.png,dots1.png,tray1.png,"[-245, -92]","[205, 58]","[150, 100]","[-95, 58]","[55, 58]","[205, 208]","[-245, 58]","[-95, 208]","[55, 208]","[-245, 208]","[-95, -242]","[55, -242]","[205, -242]","[100, 100]","[-95, -92]","[55, -92]","[205, -92]","[-245, -242]",1,16,"[100, 100]","[100, 100]",both,30.png,26.png,02.png,04.png,01.png,24.png,33.png,m,"[100, 100]","[100, 100]","[100, 100]","[100, 100]","[100, 100]","[100, 100]","[100, 100]","[100, 100]","[100, 100]","[100, 100]","[100, 100]","[0, -375]",ok.png,"[100, 100]","[100, 100]",423,3,1,1,1,0,0,0,0,0,0,0,0.937279164791,0.9372791647911072,0,200,200,45,45,1,1,0,0,0,0,0,0,0,0.842814207077,0.8428142070770264,0,-232,-232,-104,-104,439
08.png,14.png,10.png,20.png,11.png,07.png,22.png,tray1.png,dots1.png,"[-241, -69]","[209, 81]","[150, 100]","[-91, 81]","[59, 81]","[209, 231]","[-241, 81]","[-91, 231]","[59, 231]","[-241, 231]","[-91, -219]","[59, -219]","[209, -219]","[100, 100]","[-91, -69]","[59, -69]","[209, -69]","[-241, -219]",1,16,"[100, 100]","[100, 100]",both,30.png,09.png,31.png,26.png,19.png,29.png,03.png,m,"[100, 100]","[100, 100]","[100, 100]","[100, 100]","[100, 100]","[100, 100]","[100, 100]","[100, 100]","[100, 100]","[100, 100]","[100, 100]","[0, -375]",ok.png,"[100, 100]","[100, 100]",424,3,1,1,1,0,0,0,0,0,0,0,1.04055702686,1.040557026863098,0,-222,-222,-62,-62,1,1,0,0,0,0,0,0,0,0.528178870678,0.528178870677948,0,215,215,109,109,327
31.png,03.png,13.png,11.png,23.png,21.png,tray1.png,30.png,33.png,"[-217, -60]","[233, 90]","[150, 100]","[-67, 90]","[83, 90]","[233, 240]","[-217, 90]","[-67, 240]","[83, 240]","[-217, 240]","[-67, -210]","[83, -210]","[233, -210]","[100, 100]","[-67, -60]","[83, -60]","[233, -60]","[-217, -210]",1,16,"[100, 100]","[100, 100]",both,05.png,19.png,dots1.png,14.png,26.png,32.png,29.png,m,"[100, 100]","[100, 100]","[100, 100]","[100, 100]","[100, 100]","[100, 100]","[100, 100]","[100, 100]","[100, 100]","[100, 100]","[100, 100]","[0, -375]",ok.png,"[100, 100]","[100, 100]",425,3,1,1,1,0,0,0,0,0,0,0,1.04371380806,1.043713808059692,0,-77,-77,-96,-96,1,1,0,0,0,0,0,0,0,1.50699114799,1.506991147994995,0,7,7,-362,-362,207
dots2.png,14.png,13.png,12.png,11.png,10.png,09.png,08.png,07.png,"[-229, -82]","[221, 68]","[150, 100]","[-79, 68]","[71, 68]","[221, 218]","[-229, 68]","[-79, 218]","[71, 218]","[-229, 218]","[-79, -232]","[71, -232]","[221, -232]","[100, 100]","[-79, -82]","[71, -82]","[221, -82]","[-229, -232]",1,16,"[100, 100]","[100, 100]",both,04.png,03.png,06.png,05.png,tray2.png,02.png,01.png,m,"[100, 100]","[100, 100]","[100, 100]","[100, 100]","[100, 100]","[100, 100]","[100, 100]","[100, 100]","[100, 100]","[100, 100]","[100, 100]","[0, -375]",ok.png,"[100, 100]","[100, 100]",426,3,1,1,1,0,0,0,0,0,0,0,0.966847062111,0.9668470621109008,0,-219,-219,203,203,1,1,0,0,0,0,0,0,0,0.732673108578,0.7326731085777283,0,200,200,-229,-229,194
23.png,dots2.png,31.png,32.png,33.png,34.png,14.png,15.png,13.png,"[-236, -77]","[214, 73]","[150, 100]","[-86, 73]","[64, 73]","[214, 223]","[-236, 73]","[-86, 223]","[64, 223]","[-236, 223]","[-86, -227]","[64, -227]","[214, -227]","[100, 100]","[-86, -77]","[64, -77]","[214, -77]","[-236, -227]",1,16,"[100, 100]","[100, 100]",both,10.png,01.png,12.png,11.png,08.png,09.png,tray2.png,m,"[100, 100]","[100, 100]","[100, 100]","[100, 100]","[100, 100]","[100, 100]","[100, 100]","[100, 100]","[100, 100]","[100, 100]","[100, 100]","[0, -375]",ok.png,"[100, 100]","[100, 100]",427,3,1,1,1,0,0,0,0,0,0,0,0.856618702412,0.8566187024116516,0,-85,-85,237,237,1,1,0,0,0,0,0,0,0,0.572549879551,0.5725498795509338,0,77,77,-204,-204,320
27.png,30.png,dots2.png,24.png,23.png,22.png,21.png,20.png,19.png,"[-202, -77]","[248, 73]","[150, 100]","[-52, 73]","[98, 73]","[248, 223]","[-202, 73]","[-52, 223]","[98, 223]","[-202, 223]","[-52, -227]","[98, -227]","[248, -227]","[100, 100]","[-52, -77]","[98, -77]","[248, -77]","[-202, -227]",1,16,"[100, 100]","[100, 100]",both,16.png,15.png,18.png,17.png,05.png,tray2.png,06.png,m,"[100, 100]","[100, 100]","[100, 100]","[100, 100]","[100, 100]","[100, 100]","[100, 100]","[100, 100]","[100, 100]","[100, 100]","[100, 100]","[0, -375]",ok.png,"[100, 100]","[100, 100]",428,3,1,1,1,0,0,0,0,0,0,0,1.76287591457,1.762875914573669,0,116,116,230,230,1,1,0,0,0,0,0,0,0,0.667305290699,0.6673052906990051,0,-67,-67,-274,-274,37
33.png,32.png,30.png,dots2.png,08.png,02.png,31.png,27.png,26.png,"[-217, -96]","[233, 54]","[150, 100]","[-67, 54]","[83, 54]","[233, 204]","[-217, 54]","[-67, 204]","[83, 204]","[-217, 204]","[-67, -246]","[83, -246]","[233, -246]","[100, 100]","[-67, -96]","[83, -96]","[233, -96]","[-217, -246]",1,16,"[100, 100]","[100, 100]",both,03.png,tray2.png,28.png,12.png,22.png,24.png,23.png,m,"[100, 100]","[100, 100]","[100, 100]","[100, 100]","[100, 100]","[100, 100]","[100, 100]","[100, 100]","[100, 100]","[100, 100]","[100, 100]","[0, -375]",ok.png,"[100, 100]","[100, 100]",429,3,1,1,1,0,0,0,0,0,0,0,0.98550927639,0.9855092763900756,0,216,216,227,227,1,1,0,0,0,0,0,0,0,1.08996474743,1.089964747428894,0,-206,-206,-262,-262,167
28.png,26.png,24.png,22.png,dots2.png,34.png,33.png,32.png,31.png,"[-245, -98]","[205, 52]","[150, 100]","[-95, 52]","[55, 52]","[205, 202]","[-245, 52]","[-95, 202]","[55, 202]","[-245, 202]","[-95, -248]","[55, -248]","[205, -248]","[100, 100]","[-95, -98]","[55, -98]","[205, -98]","[-245, -248]",1,16,"[100, 100]","[100, 100]",both,tray2.png,08.png,30.png,29.png,02.png,06.png,04.png,m,"[100, 100]","[100, 100]","[100, 100]","[100, 100]","[100, 100]","[100, 100]","[100, 100]","[100, 100]","[100, 100]","[100, 100]","[100, 100]","[0, -375]",ok.png,"[100, 100]","[100, 100]",430,3,1,1,1,0,0,0,0,0,0,0,2.70287489891,2.702874898910522,0,-247,-247,42,42,1,1,0,0,0,0,0,0,0,0.980766475201,0.9807664752006532,0,180,180,-110,-110,23
32.png,30.png,23.png,17.png,29.png,dots2.png,15.png,06.png,26.png,"[-248, -92]","[202, 58]","[150, 100]","[-98, 58]","[52, 58]","[202, 208]","[-248, 58]","[-98, 208]","[52, 208]","[-248, 208]","[-98, -242]","[52, -242]","[202, -242]","[100, 100]","[-98, -92]","[52, -92]","[202, -92]","[-248, -242]",1,16,"[100, 100]","[100, 100]",both,04.png,27.png,11.png,tray2.png,01.png,07.png,34.png,m,"[100, 100]","[100, 100]","[100, 100]","[100, 100]","[100, 100]","[100, 100]","[100, 100]","[100, 100]","[100, 100]","[100, 100]","[100, 100]","[0, -375]",ok.png,"[100, 100]","[100, 100]",431,3,1,1,1,0,0,0,0,0,0,0,1.38327348232,1.383273482322693,0,-98,-98,67,67,1,1,0,0,0,0,0,0,0,1.77749025822,1.777490258216858,0,14,14,-360,-360,148
17.png,09.png,22.png,06.png,27.png,13.png,dots2.png,18.png,25.png,"[-229, -76]","[221, 74]","[150, 100]","[-79, 74]","[71, 74]","[221, 224]","[-229, 74]","[-79, 224]","[71, 224]","[-229, 224]","[-79, -226]","[71, -226]","[221, -226]","[100, 100]","[-79, -76]","[71, -76]","[221, -76]","[-229, -226]",1,16,"[100, 100]","[100, 100]",both,07.png,05.png,tray2.png,03.png,12.png,02.png,24.png,m,"[100, 100]","[100, 100]","[100, 100]","[100, 100]","[100, 100]","[100, 100]","[100, 100]","[100, 100]","[100, 100]","[100, 100]","[100, 100]","[0, -375]",ok.png,"[100, 100]","[100, 100]",432,3,1,1,1,0,0,0,0,0,0,0,0.652202129364,0.6522021293640137,0,-54,-54,-79,-79,1,1,0,0,0,0,0,0,0,0.935371518135,0.9353715181350708,0,105,105,40,40,375
22.png,33.png,01.png,09.png,31.png,25.png,17.png,dots2.png,tray2.png,"[-226, -86]","[224, 64]","[150, 100]","[-76, 64]","[74, 64]","[224, 214]","[-226, 64]","[-76, 214]","[74, 214]","[-226, 214]","[-76, -236]","[74, -236]","[224, -236]","[100, 100]","[-76, -86]","[74, -86]","[224, -86]","[-226, -236]",1,16,"[100, 100]","[100, 100]",both,20.png,07.png,27.png,15.png,13.png,33.png,05.png,m,"[100, 100]","[100, 100]","[100, 100]","[100, 100]","[100, 100]","[100, 100]","[100, 100]","[100, 100]","[100, 100]","[100, 100]","[100, 100]","[0, -375]",ok.png,"[100, 100]","[100, 100]",433,3,1,1,1,0,0,0,0,0,0,0,1.02536702156,1.025367021560669,0,200,200,63,63,1,1,0,0,0,0,0,0,0,0.937271296978,0.9372712969779968,0,-216,-216,-94,-94,230
33.png,31.png,25.png,21.png,27.png,23.png,29.png,tray2.png,dots2.png,"[-215, -92]","[235, 58]","[150, 100]","[-65, 58]","[85, 58]","[235, 208]","[-215, 58]","[-65, 208]","[85, 208]","[-215, 208]","[-65, -242]","[85, -242]","[235, -242]","[100, 100]","[-65, -92]","[85, -92]","[235, -92]","[-215, -242]",1,16,"[100, 100]","[100, 100]",both,02.png,16.png,04.png,08.png,07.png,13.png,10.png,m,"[100, 100]","[100, 100]","[100, 100]","[100, 100]","[100, 100]","[100, 100]","[100, 100]","[100, 100]","[100, 100]","[100, 100]","[100, 100]","[0, -375]",ok.png,"[100, 100]","[100, 100]",434,3,1,1,1,0,0,0,0,0,0,0,0.920510947704,0.9205109477043152,0,225,225,56,56,1,1,0,0,0,0,0,0,0,0.561994194984,0.561994194984436,0,-198,-198,-128,-128,376
30.png,32.png,27.png,21.png,26.png,24.png,tray2.png,22.png,20.png,"[-212, -72]","[238, 78]","[150, 100]","[-62, 78]","[88, 78]","[238, 228]","[-212, 78]","[-62, 228]","[88, 228]","[-212, 228]","[-62, -222]","[88, -222]","[238, -222]","[100, 100]","[-62, -72]","[88, -72]","[238, -72]","[-212, -222]",1,16,"[100, 100]","[100, 100]",both,14.png,03.png,dots2.png,16.png,09.png,05.png,07.png,m,"[100, 100]","[100, 100]","[100, 100]","[100, 100]","[100, 100]","[100, 100]","[100, 100]","[100, 100]","[100, 100]","[100, 100]","[100, 100]","[0, -375]",ok.png,"[100, 100]","[100, 100]",435,3,1,1,1,0,0,0,0,0,0,0,0.71620798111,0.7162079811096191,0,-52,-52,-82,-82,1,1,0,0,0,0,0,0,0,0.299845218658,0.2998452186584473,0,33,33,75,75,308
01.png,18.png,27.png,24.png,21.png,tray2.png,19.png,16.png,32.png,"[-218, -96]","[232, 54]","[150, 100]","[-68, 54]","[82, 54]","[232, 204]","[-218, 54]","[-68, 204]","[82, 204]","[-218, 204]","[-68, -246]","[82, -246]","[232, -246]","[100, 100]","[-68, -96]","[82, -96]","[232, -96]","[-218, -246]",1,16,"[100, 100]","[100, 100]",both,13.png,31.png,34.png,dots2.png,05.png,33.png,14.png,m,"[100, 100]","[100, 100]","[100, 100]","[100, 100]","[100, 100]","[100, 100]","[100, 100]","[100, 100]","[100, 100]","[100, 100]","[100, 100]","[0, -375]",ok.png,"[100, 100]","[100, 100]",436,3,1,1,1,0,0,0,0,0,0,0,0.715972959995,0.7159729599952698,0,-38,-38,39,39,1,1,0,0,0,0,0,0,0,0.514144897461,0.5141448974609375,0,78,78,-103,-103,257
34.png,27.png,08.png,18.png,tray2.png,11.png,16.png,21.png,17.png,"[-204, -84]","[246, 66]","[150, 100]","[-54, 66]","[96, 66]","[246, 216]","[-204, 66]","[-54, 216]","[96, 216]","[-204, 216]","[-54, -234]","[96, -234]","[246, -234]","[100, 100]","[-54, -84]","[96, -84]","[246, -84]","[-204, -234]",1,16,"[100, 100]","[100, 100]",both,dots2.png,25.png,04.png,24.png,10.png,20.png,15.png,m,"[100, 100]","[100, 100]","[100, 100]","[100, 100]","[100, 100]","[100, 100]","[100, 100]","[100, 100]","[100, 100]","[100, 100]","[100, 100]","[0, -375]",ok.png,"[100, 100]","[100, 100]",437,3,1,1,1,0,0,0,0,0,0,0,0.839997887611,0.8399978876113892,0,-200,-200,68,68,1,1,0,0,0,0,0,0,0,1.29082429409,1.290824294090271,0,229,229,-90,-90,291
04.png,02.png,05.png,tray2.png,08.png,07.png,01.png,03.png,26.png,"[-207, -65]","[243, 85]","[150, 100]","[-57, 85]","[93, 85]","[243, 235]","[-207, 85]","[-57, 235]","[93, 235]","[-207, 235]","[-57, -215]","[93, -215]","[243, -215]","[100, 100]","[-57, -65]","[93, -65]","[243, -65]","[-207, -215]",1,16,"[100, 100]","[100, 100]",both,28.png,dots2.png,29.png,32.png,16.png,20.png,10.png,m,"[100, 100]","[100, 100]","[100, 100]","[100, 100]","[100, 100]","[100, 100]","[100, 100]","[100, 100]","[100, 100]","[100, 100]","[100, 100]","[0, -375]",ok.png,"[100, 100]","[100, 100]",438,3,1,1,1,0,0,0,0,0,0,0,1.13042938709,1.13042938709259,0,-197,-197,-228,-228,1,1,0,0,0,0,0,0,0,0.750832736492,0.750832736492157,0,234,234,224,224,107
01.png,12.png,tray2.png,23.png,10.png,02.png,28.png,13.png,08.png,"[-208, -68]","[242, 82]","[150, 100]","[-58, 82]","[92, 82]","[242, 232]","[-208, 82]","[-58, 232]","[92, 232]","[-208, 232]","[-58, -218]","[92, -218]","[242, -218]","[100, 100]","[-58, -68]","[92, -68]","[242, -68]","[-208, -218]",1,16,"[100, 100]","[100, 100]",both,15.png,16.png,33.png,03.png,29.png,dots2.png,17.png,m,"[100, 100]","[100, 100]","[100, 100]","[100, 100]","[100, 100]","[100, 100]","[100, 100]","[100, 100]","[100, 100]","[100, 100]","[100, 100]","[0, -375]",ok.png,"[100, 100]","[100, 100]",439,3,1,1,1,0,0,0,0,0,0,0,0.752767384052,0.7527673840522766,0,-37,-37,-218,-218,1,1,0,0,0,0,0,0,0,0.508751392365,0.508751392364502,0,139,139,275,275,398
24.png,tray2.png,03.png,07.png,13.png,17.png,23.png,27.png,33.png,"[-206, -61]","[244, 89]","[150, 100]","[-56, 89]","[94, 89]","[244, 239]","[-206, 89]","[-56, 239]","[94, 239]","[-206, 239]","[-56, -211]","[94, -211]","[244, -211]","[100, 100]","[-56, -61]","[94, -61]","[244, -61]","[-206, -211]",1,16,"[100, 100]","[100, 100]",both,14.png,16.png,04.png,06.png,32.png,08.png,dots2.png,m,"[100, 100]","[100, 100]","[100, 100]","[100, 100]","[100, 100]","[100, 100]","[100, 100]","[100, 100]","[100, 100]","[100, 100]","[100, 100]","[0, -375]",ok.png,"[100, 100]","[100, 100]",440,3,1,1,1,0,0,0,0,0,0,0,0.967179238796,0.967179238796234,0,-61,-61,253,253,1,1,0,0,0,0,0,0,0,0.997355103493,0.9973551034927368,0,80,80,-207,-207,179
tray2.png,17.png,07.png,14.png,27.png,33.png,23.png,24.png,04.png,"[-220, -84]","[230, 66]","[150, 100]","[-70, 66]","[80, 66]","[230, 216]","[-220, 66]","[-70, 216]","[80, 216]","[-220, 216]","[-70, -234]","[80, -234]","[230, -234]","[100, 100]","[-70, -84]","[80, -84]","[230, -84]","[-220, -234]",1,16,"[100, 100]","[100, 100]",both,12.png,02.png,03.png,16.png,dots2.png,30.png,20.png,m,"[100, 100]","[100, 100]","[100, 100]","[100, 100]","[100, 100]","[100, 100]","[100, 100]","[100, 100]","[100, 100]","[100, 100]","[100, 100]","[0, -375]",ok.png,"[100, 100]","[100, 100]",441,3,1,1,1,0,0,0,0,0,0,0,0.903360903263,0.903360903263092,0,-253,-253,207,207,1,1,0,0,0,0,0,0,0,0.71691173315,0.7169117331504822,0,237,237,-246,-246,238
18.png,tray2.png,04.png,13.png,31.png,16.png,22.png,12.png,11.png,"[-201, -53]","[249, 97]","[150, 100]","[-51, 97]","[99, 97]","[249, 247]","[-201, 97]","[-51, 247]","[99, 247]","[-201, 247]","[-51, -203]","[99, -203]","[249, -203]","[100, 100]","[-51, -53]","[99, -53]","[249, -53]","[-201, -203]",1,16,"[100, 100]","[100, 100]",both,25.png,09.png,32.png,02.png,03.png,29.png,dots2.png,m,"[100, 100]","[100, 100]","[100, 100]","[100, 100]","[100, 100]","[100, 100]","[100, 100]","[100, 100]","[100, 100]","[100, 100]","[100, 100]","[0, -375]",ok.png,"[100, 100]","[100, 100]",442,3,1,1,1,0,0,0,0,0,0,0,0.948857784271,0.9488577842712402,0,69,69,-207,-207,1,1,0,0,0,0,0,0,0,0.640033364296,0.6400333642959595,0,-61,-61,229,229,304
15.png,08.png,tray2.png,03.png,25.png,28.png,27.png,01.png,23.png,"[-204, -76]","[246, 74]","[150, 100]","[-54, 74]","[96, 74]","[246, 224]","[-204, 74]","[-54, 224]","[96, 224]","[-204, 224]","[-54, -226]","[96, -226]","[246, -226]","[100, 100]","[-54, -76]","[96, -76]","[246, -76]","[-204, -226]",1,16,"[100, 100]","[100, 100]",both,21.png,05.png,07.png,30.png,16.png,dots2.png,13.png,m,"[100, 100]","[100, 100]","[100, 100]","[100, 100]","[100, 100]","[100, 100]","[100, 100]","[100, 100]","[100, 100]","[100, 100]","[100, 100]","[0, -375]",ok.png,"[100, 100]","[100, 100]",443,3,1,1,1,0,0,0,0,0,0,0,1.49772560596,1.497725605964661,0,-74,-74,-236,-236,1,1,0,0,0,0,0,0,0,1.37314224243,1.373142242431641,0,99,99,219,219,381
32.png,07.png,14.png,tray2.png,23.png,02.png,09.png,29.png,28.png,"[-228, -64]","[222, 86]","[150, 100]","[-78, 86]","[72, 86]","[222, 236]","[-228, 86]","[-78, 236]","[72, 236]","[-228, 236]","[-78, -214]","[72, -214]","[222, -214]","[100, 100]","[-78, -64]","[72, -64]","[222, -64]","[-228, -214]",1,16,"[100, 100]","[100, 100]",both,20.png,dots2.png,16.png,05.png,06.png,15.png,21.png,m,"[100, 100]","[100, 100]","[100, 100]","[100, 100]","[100, 100]","[100, 100]","[100, 100]","[100, 100]","[100, 100]","[100, 100]","[100, 100]","[0, -375]",ok.png,"[100, 100]","[100, 100]",444,3,1,1,1,0,0,0,0,0,0,0,2.55274224281,2.55274224281311,0,221,221,245,245,1,1,0,0,0,0,0,0,0,1.12824392319,1.128243923187256,0,-200,-200,-237,-237,55
03.png,32.png,21.png,31.png,tray2.png,08.png,30.png,15.png,34.png,"[-245, -92]","[205, 58]","[150, 100]","[-95, 58]","[55, 58]","[205, 208]","[-245, 58]","[-95, 208]","[55, 208]","[-245, 208]","[-95, -242]","[55, -242]","[205, -242]","[100, 100]","[-95, -92]","[55, -92]","[205, -92]","[-245, -242]",1,16,"[100, 100]","[100, 100]",both,dots2.png,28.png,19.png,17.png,06.png,01.png,11.png,m,"[100, 100]","[100, 100]","[100, 100]","[100, 100]","[100, 100]","[100, 100]","[100, 100]","[100, 100]","[100, 100]","[100, 100]","[100, 100]","[0, -375]",ok.png,"[100, 100]","[100, 100]",445,3,1,1,1,0,0,0,0,0,0,0,0.83316886425,0.8331688642501831,0,-242,-242,52,52,1,1,0,0,0,0,0,0,0,0.854001164436,0.8540011644363403,0,209,209,-96,-96,129
28.png,22.png,16.png,13.png,10.png,tray2.png,09.png,07.png,27.png,"[-230, -67]","[220, 83]","[150, 100]","[-80, 83]","[70, 83]","[220, 233]","[-230, 83]","[-80, 233]","[70, 233]","[-230, 233]","[-80, -217]","[70, -217]","[220, -217]","[100, 100]","[-80, -67]","[70, -67]","[220, -67]","[-230, -217]",1,16,"[100, 100]","[100, 100]",both,32.png,04.png,24.png,dots2.png,09.png,12.png,03.png,m,"[100, 100]","[100, 100]","[100, 100]","[100, 100]","[100, 100]","[100, 100]","[100, 100]","[100, 100]","[100, 100]","[100, 100]","[100, 100]","[0, -375]",ok.png,"[100, 100]","[100, 100]",446,3,1,1,1,0,0,0,0,0,0,0,0.727759599686,0.727759599685669,0,-48,-48,67,67,1,1,0,0,0,0,0,0,0,0.887051463127,0.8870514631271362,0,15,15,-75,-75,276
30.png,26.png,20.png,34.png,10.png,07.png,tray2.png,01.png,08.png,"[-234, -89]","[216, 61]","[150, 100]","[-84, 61]","[66, 61]","[216, 211]","[-234, 61]","[-84, 211]","[66, 211]","[-234, 211]","[-84, -239]","[66, -239]","[216, -239]","[100, 100]","[-84, -89]","[66, -89]","[216, -89]","[-234, -239]",1,16,"[100, 100]","[100, 100]",both,33.png,12.png,dots2.png,19.png,18.png,25.png,14.png,m,"[100, 100]","[100, 100]","[100, 100]","[100, 100]","[100, 100]","[100, 100]","[100, 100]","[100, 100]","[100, 100]","[100, 100]","[100, 100]","[0, -375]",ok.png,"[100, 100]","[100, 100]",447,3,1,1,1,0,0,0,0,0,0,0,1.59958577156,1.599585771560669,0,-86,-86,-70,-70,1,1,0,0,0,0,0,0,0,1.03168118,1.031681180000305,0,78,78,88,88,255
01.png,33.png,24.png,26.png,30.png,04.png,02.png,tray2.png,dots2.png,"[-234, -89]","[216, 61]","[150, 100]","[-84, 61]","[66, 61]","[216, 211]","[-234, 61]","[-84, 211]","[66, 211]","[-234, 211]","[-84, -239]","[66, -239]","[216, -239]","[100, 100]","[-84, -89]","[66, -89]","[216, -89]","[-234, -239]",1,16,"[100, 100]","[100, 100]",both,21.png,18.png,25.png,14.png,11.png,17.png,13.png,m,"[100, 100]","[100, 100]","[100, 100]","[100, 100]","[100, 100]","[100, 100]","[100, 100]","[100, 100]","[100, 100]","[100, 100]","[100, 100]","[0, -375]",ok.png,"[100, 100]","[100, 100]",448,3,1,1,1,0,0,0,0,0,0,0,1.30392432213,1.303924322128296,0,-206,-206,-96,-96,1,1,0,0,0,0,0,0,0,0.471039712429,0.4710397124290466,0,203,203,68,68,52
19.png,03.png,29.png,09.png,30.png,26.png,31.png,dots2.png,tray2.png,"[-250, -53]","[200, 97]","[150, 100]","[-100, 97]","[50, 97]","[200, 247]","[-250, 97]","[-100, 247]","[50, 247]","[-250, 247]","[-100, -203]","[50, -203]","[200, -203]","[100, 100]","[-100, -53]","[50, -53]","[200, -53]","[-250, -203]",1,16,"[100, 100]","[100, 100]",both,11.png,20.png,22.png,07.png,08.png,10.png,14.png,m,"[100, 100]","[100, 100]","[100, 100]","[100, 100]","[100, 100]","[100, 100]","[100, 100]","[100, 100]","[100, 100]","[100, 100]","[100, 100]","[0, -375]",ok.png,"[100, 100]","[100, 100]",449,3,1,1,1,0,0,0,0,0,0,0,1.35883903503,1.35883903503418,0,-270,-270,-67,-67,1,1,0,0,0,0,0,0,0,2.02338433266,2.02338433265686,0,210,210,131,131,30
26.png,29.png,32.png,19.png,05.png,14.png,dots2.png,33.png,30.png,"[-222, -86]","[228, 64]","[150, 100]","[-72, 64]","[78, 64]","[228, 214]","[-222, 64]","[-72, 214]","[78, 214]","[-222, 214]","[-72, -236]","[78, -236]","[228, -236]","[100, 100]","[-72, -86]","[78, -86]","[228, -86]","[-222, -236]",1,16,"[100, 100]","[100, 100]",both,23.png,11.png,tray2.png,21.png,31.png,13.png,03.png,m,"[100, 100]","[100, 100]","[100, 100]","[100, 100]","[100, 100]","[100, 100]","[100, 100]","[100, 100]","[100, 100]","[100, 100]","[100, 100]","[0, -375]",ok.png,"[100, 100]","[100, 100]",450,3,1,1,1,0,0,0,0,0,0,0,0.836970508099,0.8369705080986023,0,99,99,59,59,1,1,0,0,0,0,0,0,0,0.609303295612,0.6093032956123352,0,219,219,-109,-109,136
NA,NA,NA,NA,NA,NA,NA,NA,NA,NA,NA,NA,NA,NA,NA,NA,NA,NA,NA,NA,NA,NA,NA,NA,NA,NA,NA,NA,NA,NA,NA,NA,NA,NA,NA,NA,NA,NA,NA,NA,NA,NA,NA,NA,NA,NA,NA,NA,NA,NA,NA,NA,NA,NA,NA,NA,NA,NA,NA,NA,NA,NA,NA,NA,NA,NA,NA,NA,NA,NA,NA,NA,NA,NA,NA,NA,NA,NA,NA,NA,NA,NA,NA,NA,NA,NA,NA,NA,NA,NA,NA
extraInfo,NA,NA,NA,NA,NA,NA,NA,NA,NA,NA,NA,NA,NA,NA,NA,NA,NA,NA,NA,NA,NA,NA,NA,NA,NA,NA,NA,NA,NA,NA,NA,NA,NA,NA,NA,NA,NA,NA,NA,NA,NA,NA,NA,NA,NA,NA,NA,NA,NA,NA,NA,NA,NA,NA,NA,NA,NA,NA,NA,NA,NA,NA,NA,NA,NA,NA,NA,NA,NA,NA,NA,NA,NA,NA,NA,NA,NA,NA,NA,NA,NA,NA,NA,NA,NA,NA,NA,NA,NA,NA
expName,sharexp,NA,NA,NA,NA,NA,NA,NA,NA,NA,NA,NA,NA,NA,NA,NA,NA,NA,NA,NA,NA,NA,NA,NA,NA,NA,NA,NA,NA,NA,NA,NA,NA,NA,NA,NA,NA,NA,NA,NA,NA,NA,NA,NA,NA,NA,NA,NA,NA,NA,NA,NA,NA,NA,NA,NA,NA,NA,NA,NA,NA,NA,NA,NA,NA,NA,NA,NA,NA,NA,NA,NA,NA,NA,NA,NA,NA,NA,NA,NA,NA,NA,NA,NA,NA,NA,NA,NA,NA,NA
age,21,NA,NA,NA,NA,NA,NA,NA,NA,NA,NA,NA,NA,NA,NA,NA,NA,NA,NA,NA,NA,NA,NA,NA,NA,NA,NA,NA,NA,NA,NA,NA,NA,NA,NA,NA,NA,NA,NA,NA,NA,NA,NA,NA,NA,NA,NA,NA,NA,NA,NA,NA,NA,NA,NA,NA,NA,NA,NA,NA,NA,NA,NA,NA,NA,NA,NA,NA,NA,NA,NA,NA,NA,NA,NA,NA,NA,NA,NA,NA,NA,NA,NA,NA,NA,NA,NA,NA,NA,NA
frameRate,NA,NA,NA,NA,NA,NA,NA,NA,NA,NA,NA,NA,NA,NA,NA,NA,NA,NA,NA,NA,NA,NA,NA,NA,NA,NA,NA,NA,NA,NA,NA,NA,NA,NA,NA,NA,NA,NA,NA,NA,NA,NA,NA,NA,NA,NA,NA,NA,NA,NA,NA,NA,NA,NA,NA,NA,NA,NA,NA,NA,NA,NA,NA,NA,NA,NA,NA,NA,NA,NA,NA,NA,NA,NA,NA,NA,NA,NA,NA,NA,NA,NA,NA,NA,NA,NA,NA,NA,NA,NA
session,1,NA,NA,NA,NA,NA,NA,NA,NA,NA,NA,NA,NA,NA,NA,NA,NA,NA,NA,NA,NA,NA,NA,NA,NA,NA,NA,NA,NA,NA,NA,NA,NA,NA,NA,NA,NA,NA,NA,NA,NA,NA,NA,NA,NA,NA,NA,NA,NA,NA,NA,NA,NA,NA,NA,NA,NA,NA,NA,NA,NA,NA,NA,NA,NA,NA,NA,NA,NA,NA,NA,NA,NA,NA,NA,NA,NA,NA,NA,NA,NA,NA,NA,NA,NA,NA,NA,NA,NA,NA
date,2019_02_01_1426,NA,NA,NA,NA,NA,NA,NA,NA,NA,NA,NA,NA,NA,NA,NA,NA,NA,NA,NA,NA,NA,NA,NA,NA,NA,NA,NA,NA,NA,NA,NA,NA,NA,NA,NA,NA,NA,NA,NA,NA,NA,NA,NA,NA,NA,NA,NA,NA,NA,NA,NA,NA,NA,NA,NA,NA,NA,NA,NA,NA,NA,NA,NA,NA,NA,NA,NA,NA,NA,NA,NA,NA,NA,NA,NA,NA,NA,NA,NA,NA,NA,NA,NA,NA,NA,NA,NA,NA,NA
surname,Ivanov,NA,NA,NA,NA,NA,NA,NA,NA,NA,NA,NA,NA,NA,NA,NA,NA,NA,NA,NA,NA,NA,NA,NA,NA,NA,NA,NA,NA,NA,NA,NA,NA,NA,NA,NA,NA,NA,NA,NA,NA,NA,NA,NA,NA,NA,NA,NA,NA,NA,NA,NA,NA,NA,NA,NA,NA,NA,NA,NA,NA,NA,NA,NA,NA,NA,NA,NA,NA,NA,NA,NA,NA,NA,NA,NA,NA,NA,NA,NA,NA,NA,NA,NA,NA,NA,NA,NA,NA,NA
