stim1,stim2,stim3,stim4,stim5,stim6,stim7,stim8,stim9,pos9,pos8,sizeok,pos6,pos7,pos4,pos5,pos2,pos3,pos1,pos14,pos15,pos16,size7,pos10,pos11,pos12,pos13,sernum,setsize,size8,size9,trialtype,stim12,stim13,stim10,stim11,stim16,stim14,stim15,ser,size4,size5,size6,size16,size14,size15,size12,size13,size10,size11,size1,posok,ok,size2,size3,numtrial,trialtypenum,n,mouse_main1.leftButton_mean,mouse_main1.leftButton_raw,mouse_main1.leftButton_std,mouse_main1.midButton_mean,mouse_main1.midButton_raw,mouse_main1.midButton_std,mouse_main1.rightButton_mean,mouse_main1.rightButton_raw,mouse_main1.rightButton_std,mouse_main1.time_mean,mouse_main1.time_raw,mouse_main1.time_std,mouse_main1.x_mean,mouse_main1.x_raw,mouse_main1.y_mean,mouse_main1.y_raw,mouse_main2.leftButton_mean,mouse_main2.leftButton_raw,mouse_main2.leftButton_std,mouse_main2.midButton_mean,mouse_main2.midButton_raw,mouse_main2.midButton_std,mouse_main2.rightButton_mean,mouse_main2.rightButton_raw,mouse_main2.rightButton_std,mouse_main2.time_mean,mouse_main2.time_raw,mouse_main2.time_std,mouse_main2.x_mean,mouse_main2.x_raw,mouse_main2.y_mean,mouse_main2.y_raw,order
tray1.png,01.png,02.png,03.png,04.png,05.png,06.png,07.png,00.png,"[-238, -98]","[212, 52]","[150, 100]","[-88, 52]","[62, 52]","[212, 202]","[-238, 52]","[-88, 202]","[62, 202]","[-238, 202]","[-88, -248]","[62, -248]","[212, -248]","[100, 100]","[-88, -98]","[62, -98]","[212, -98]","[-238, -248]",1,8,"[100, 100]","[100, 100]",tray,00.png,00.png,00.png,00.png,00.png,00.png,00.png,m,"[100, 100]","[100, 100]","[100, 100]","[100, 100]","[100, 100]","[100, 100]","[100, 100]","[100, 100]","[100, 100]","[100, 100]","[100, 100]","[0, -375]",ok.png,"[100, 100]","[100, 100]",1,1,1,1,1,0,0,0,0,0,0,0,0.980711638927,0.9807116389274596,0,-226,-226,202,202,1,1,0,0,0,0,0,0,0,0.582182347775,0.5821823477745056,0,-21,-21,-372,-372,333
08.png,tray1.png,09.png,00.png,10.png,11.png,12.png,13.png,00.png,"[-213, -74]","[237, 76]","[150, 100]","[-63, 76]","[87, 76]","[237, 226]","[-213, 76]","[-63, 226]","[87, 226]","[-213, 226]","[-63, -224]","[87, -224]","[237, -224]","[100, 100]","[-63, -74]","[87, -74]","[237, -74]","[-213, -224]",1,8,"[100, 100]","[100, 100]",tray,00.png,00.png,14.png,00.png,00.png,00.png,00.png,m,"[100, 100]","[100, 100]","[100, 100]","[100, 100]","[100, 100]","[100, 100]","[100, 100]","[100, 100]","[100, 100]","[100, 100]","[100, 100]","[0, -375]",ok.png,"[100, 100]","[100, 100]",2,1,1,1,1,0,0,0,0,0,0,0,1.08071386814,1.0807138681411743,0,-60,-60,210,210,1,1,0,0,0,0,0,0,0,0.582014501095,0.5820145010948181,0,30,30,-361,-361,127
00.png,00.png,tray1.png,15.png,16.png,17.png,18.png,19.png,20.png,"[-234, -83]","[216, 67]","[150, 100]","[-84, 67]","[66, 67]","[216, 217]","[-234, 67]","[-84, 217]","[66, 217]","[-234, 217]","[-84, -233]","[66, -233]","[216, -233]","[100, 100]","[-84, -83]","[66, -83]","[216, -83]","[-234, -233]",1,8,"[100, 100]","[100, 100]",tray,00.png,00.png,21.png,00.png,00.png,00.png,00.png,m,"[100, 100]","[100, 100]","[100, 100]","[100, 100]","[100, 100]","[100, 100]","[100, 100]","[100, 100]","[100, 100]","[100, 100]","[100, 100]","[0, -375]",ok.png,"[100, 100]","[100, 100]",3,1,1,1,1,0,0,0,0,0,0,0,0.930747628212,0.9307476282119752,0,52,52,229,229,1,1,0,0,0,0,0,0,0,0.53229367733,0.5322936773300171,0,6,6,-344,-344,373
22.png,23.png,24.png,tray1.png,00.png,00.png,25.png,26.png,00.png,"[-247, -82]","[203, 68]","[150, 100]","[-97, 68]","[53, 68]","[203, 218]","[-247, 68]","[-97, 218]","[53, 218]","[-247, 218]","[-97, -232]","[53, -232]","[203, -232]","[100, 100]","[-97, -82]","[53, -82]","[203, -82]","[-247, -232]",1,8,"[100, 100]","[100, 100]",tray,28.png,00.png,00.png,27.png,00.png,00.png,00.png,m,"[100, 100]","[100, 100]","[100, 100]","[100, 100]","[100, 100]","[100, 100]","[100, 100]","[100, 100]","[100, 100]","[100, 100]","[100, 100]","[0, -375]",ok.png,"[100, 100]","[100, 100]",4,1,1,1,1,0,0,0,0,0,0,0,0.913893699646,0.913893699645996,0,191,191,207,207,1,1,0,0,0,0,0,0,0,0.565724074841,0.5657240748405457,0,12,12,-380,-380,138
00.png,00.png,00.png,00.png,tray1.png,29.png,30.png,31.png,32.png,"[-243, -91]","[207, 59]","[150, 100]","[-93, 59]","[57, 59]","[207, 209]","[-243, 59]","[-93, 209]","[57, 209]","[-243, 209]","[-93, -241]","[57, -241]","[207, -241]","[100, 100]","[-93, -91]","[57, -91]","[207, -91]","[-243, -241]",1,8,"[100, 100]","[100, 100]",tray,01.png,00.png,33.png,34.png,00.png,00.png,00.png,m,"[100, 100]","[100, 100]","[100, 100]","[100, 100]","[100, 100]","[100, 100]","[100, 100]","[100, 100]","[100, 100]","[100, 100]","[100, 100]","[0, -375]",ok.png,"[100, 100]","[100, 100]",5,1,1,1,1,0,0,0,0,0,0,0,0.897544801235,0.897544801235199,0,-231,-231,59,59,1,1,0,0,0,0,0,0,0,0.848694980145,0.8486949801445007,0,-2,-2,-375,-375,26
01.png,34.png,00.png,00.png,04.png,tray1.png,00.png,00.png,06.png,"[-210, -60]","[240, 90]","[150, 100]","[-60, 90]","[90, 90]","[240, 240]","[-210, 90]","[-60, 240]","[90, 240]","[-210, 240]","[-60, -210]","[90, -210]","[240, -210]","[100, 100]","[-60, -60]","[90, -60]","[240, -60]","[-210, -210]",1,8,"[100, 100]","[100, 100]",tray,00.png,17.png,15.png,00.png,00.png,23.png,00.png,m,"[100, 100]","[100, 100]","[100, 100]","[100, 100]","[100, 100]","[100, 100]","[100, 100]","[100, 100]","[100, 100]","[100, 100]","[100, 100]","[0, -375]",ok.png,"[100, 100]","[100, 100]",6,1,1,1,1,0,0,0,0,0,0,0,0.747670352459,0.7476703524589539,0,-79,-79,95,95,1,1,0,0,0,0,0,0,0,0.78189522028,0.7818952202796936,0,-28,-28,-340,-340,80
00.png,00.png,00.png,00.png,07.png,03.png,tray1.png,25.png,00.png,"[-227, -84]","[223, 66]","[150, 100]","[-77, 66]","[73, 66]","[223, 216]","[-227, 66]","[-77, 216]","[73, 216]","[-227, 216]","[-77, -234]","[73, -234]","[223, -234]","[100, 100]","[-77, -84]","[73, -84]","[223, -84]","[-227, -234]",1,8,"[100, 100]","[100, 100]",tray,00.png,06.png,00.png,00.png,14.png,22.png,09.png,m,"[100, 100]","[100, 100]","[100, 100]","[100, 100]","[100, 100]","[100, 100]","[100, 100]","[100, 100]","[100, 100]","[100, 100]","[100, 100]","[0, -375]",ok.png,"[100, 100]","[100, 100]",7,1,1,1,1,0,0,0,0,0,0,0,0.714166641235,0.7141666412353516,0,71,71,94,94,1,1,0,0,0,0,0,0,0,0.882368505001,0.8823685050010681,0,12,12,-374,-374,140
00.png,05.png,33.png,07.png,00.png,00.png,27.png,tray1.png,00.png,"[-237, -98]","[213, 52]","[150, 100]","[-87, 52]","[63, 52]","[213, 202]","[-237, 52]","[-87, 202]","[63, 202]","[-237, 202]","[-87, -248]","[63, -248]","[213, -248]","[100, 100]","[-87, -98]","[63, -98]","[213, -98]","[-237, -248]",1,8,"[100, 100]","[100, 100]",tray,31.png,00.png,17.png,30.png,00.png,00.png,00.png,m,"[100, 100]","[100, 100]","[100, 100]","[100, 100]","[100, 100]","[100, 100]","[100, 100]","[100, 100]","[100, 100]","[100, 100]","[100, 100]","[0, -375]",ok.png,"[100, 100]","[100, 100]",8,1,1,1,1,0,0,0,0,0,0,0,0.897892653942,0.8978926539421082,0,247,247,62,62,1,1,0,0,0,0,0,0,0,0.465405702591,0.4654057025909424,0,-53,-53,-385,-385,433
00.png,00.png,00.png,00.png,00.png,00.png,00.png,00.png,tray1.png,"[-229, -93]","[221, 57]","[150, 100]","[-79, 57]","[71, 57]","[221, 207]","[-229, 57]","[-79, 207]","[71, 207]","[-229, 207]","[-79, -243]","[71, -243]","[221, -243]","[100, 100]","[-79, -93]","[71, -93]","[221, -93]","[-229, -243]",1,8,"[100, 100]","[100, 100]",tray,27.png,21.png,29.png,23.png,33.png,25.png,31.png,m,"[100, 100]","[100, 100]","[100, 100]","[100, 100]","[100, 100]","[100, 100]","[100, 100]","[100, 100]","[100, 100]","[100, 100]","[100, 100]","[0, -375]",ok.png,"[100, 100]","[100, 100]",9,1,1,1,1,0,0,0,0,0,0,0,0.897780299187,0.8977802991867065,0,-228,-228,-67,-67,1,1,0,0,0,0,0,0,0,0.648606836796,0.6486068367958069,0,28,28,-352,-352,202
00.png,00.png,00.png,00.png,14.png,16.png,18.png,20.png,22.png,"[-234, -79]","[216, 71]","[150, 100]","[-84, 71]","[66, 71]","[216, 221]","[-234, 71]","[-84, 221]","[66, 221]","[-234, 221]","[-84, -229]","[66, -229]","[216, -229]","[100, 100]","[-84, -79]","[66, -79]","[216, -79]","[-234, -229]",1,8,"[100, 100]","[100, 100]",tray,26.png,00.png,tray1.png,24.png,00.png,00.png,00.png,m,"[100, 100]","[100, 100]","[100, 100]","[100, 100]","[100, 100]","[100, 100]","[100, 100]","[100, 100]","[100, 100]","[100, 100]","[100, 100]","[0, -375]",ok.png,"[100, 100]","[100, 100]",10,1,1,1,1,0,0,0,0,0,0,0,1.19738817215,1.1973881721496582,0,-94,-94,-71,-71,1,1,0,0,0,0,0,0,0,0.515381574631,0.5153815746307373,0,0,0,-349,-349,103
00.png,00.png,00.png,00.png,13.png,10.png,00.png,00.png,16.png,"[-207, -53]","[243, 97]","[150, 100]","[-57, 97]","[93, 97]","[243, 247]","[-207, 97]","[-57, 247]","[93, 247]","[-207, 247]","[-57, -203]","[93, -203]","[243, -203]","[100, 100]","[-57, -53]","[93, -53]","[243, -53]","[-207, -203]",1,8,"[100, 100]","[100, 100]",tray,21.png,24.png,19.png,tray1.png,00.png,27.png,00.png,m,"[100, 100]","[100, 100]","[100, 100]","[100, 100]","[100, 100]","[100, 100]","[100, 100]","[100, 100]","[100, 100]","[100, 100]","[100, 100]","[0, -375]",ok.png,"[100, 100]","[100, 100]",11,1,1,1,1,0,0,0,0,0,0,0,0.781035423279,0.7810354232788086,0,101,101,-34,-34,1,1,0,0,0,0,0,0,0,0.481960058212,0.4819600582122803,0,-9,-9,-388,-388,239
10.png,15.png,20.png,25.png,00.png,00.png,00.png,00.png,21.png,"[-230, -67]","[220, 83]","[150, 100]","[-80, 83]","[70, 83]","[220, 233]","[-230, 83]","[-80, 233]","[70, 233]","[-230, 233]","[-80, -217]","[70, -217]","[220, -217]","[100, 100]","[-80, -67]","[70, -67]","[220, -67]","[-230, -217]",1,8,"[100, 100]","[100, 100]",tray,tray1.png,00.png,16.png,11.png,00.png,00.png,00.png,m,"[100, 100]","[100, 100]","[100, 100]","[100, 100]","[100, 100]","[100, 100]","[100, 100]","[100, 100]","[100, 100]","[100, 100]","[100, 100]","[0, -375]",ok.png,"[100, 100]","[100, 100]",12,1,1,1,1,0,0,0,0,0,0,0,0.764297068119,0.7642970681190491,0,218,218,-30,-30,1,1,0,0,0,0,0,0,0,0.548705995083,0.5487059950828552,0,36,36,-413,-413,306
00.png,00.png,00.png,00.png,00.png,00.png,00.png,00.png,03.png,"[-201, -84]","[249, 66]","[150, 100]","[-51, 66]","[99, 66]","[249, 216]","[-201, 66]","[-51, 216]","[99, 216]","[-201, 216]","[-51, -234]","[99, -234]","[249, -234]","[100, 100]","[-51, -84]","[99, -84]","[249, -84]","[-201, -234]",1,8,"[100, 100]","[100, 100]",tray,08.png,tray1.png,01.png,07.png,04.png,05.png,02.png,m,"[100, 100]","[100, 100]","[100, 100]","[100, 100]","[100, 100]","[100, 100]","[100, 100]","[100, 100]","[100, 100]","[100, 100]","[100, 100]","[0, -375]",ok.png,"[100, 100]","[100, 100]",13,1,1,1,1,0,0,0,0,0,0,0,0.964306592941,0.9643065929412842,0,-193,-193,-222,-222,1,1,0,0,0,0,0,0,0,0.431951493025,0.4319514930248261,0,-13,-13,-355,-355,227
29.png,00.png,00.png,16.png,00.png,00.png,33.png,08.png,13.png,"[-246, -76]","[204, 74]","[150, 100]","[-96, 74]","[54, 74]","[204, 224]","[-246, 74]","[-96, 224]","[54, 224]","[-246, 224]","[-96, -226]","[54, -226]","[204, -226]","[100, 100]","[-96, -76]","[54, -76]","[204, -76]","[-246, -226]",1,8,"[100, 100]","[100, 100]",tray,00.png,23.png,00.png,00.png,00.png,tray1.png,12.png,m,"[100, 100]","[100, 100]","[100, 100]","[100, 100]","[100, 100]","[100, 100]","[100, 100]","[100, 100]","[100, 100]","[100, 100]","[100, 100]","[0, -375]",ok.png,"[100, 100]","[100, 100]",14,1,1,1,1,0,0,0,0,0,0,0,2.69888329506,2.698883295059204,0,-111,-111,-233,-233,1,1,0,0,0,0,0,0,0,0.315504521132,0.3155045211315155,0,-12,-12,-412,-412,63
00.png,00.png,00.png,00.png,00.png,00.png,00.png,33.png,27.png,"[-212, -68]","[238, 82]","[150, 100]","[-62, 82]","[88, 82]","[238, 232]","[-212, 82]","[-62, 232]","[88, 232]","[-212, 232]","[-62, -218]","[88, -218]","[238, -218]","[100, 100]","[-62, -68]","[88, -68]","[238, -68]","[-212, -218]",1,8,"[100, 100]","[100, 100]",tray,13.png,07.png,23.png,17.png,00.png,03.png,tray1.png,m,"[100, 100]","[100, 100]","[100, 100]","[100, 100]","[100, 100]","[100, 100]","[100, 100]","[100, 100]","[100, 100]","[100, 100]","[100, 100]","[0, -375]",ok.png,"[100, 100]","[100, 100]",15,1,1,1,1,0,0,0,0,0,0,0,0.764311611652,0.7643116116523743,0,54,54,-229,-229,1,1,0,0,0,0,0,0,0,0.815477609634,0.8154776096343994,0,-10,-10,-355,-355,220
04.png,20.png,30.png,02.png,00.png,00.png,00.png,00.png,00.png,"[-203, -70]","[247, 80]","[150, 100]","[-53, 80]","[97, 80]","[247, 230]","[-203, 80]","[-53, 230]","[97, 230]","[-203, 230]","[-53, -220]","[97, -220]","[247, -220]","[100, 100]","[-53, -70]","[97, -70]","[247, -70]","[-203, -220]",1,8,"[100, 100]","[100, 100]",tray,00.png,14.png,00.png,00.png,tray1.png,07.png,17.png,m,"[100, 100]","[100, 100]","[100, 100]","[100, 100]","[100, 100]","[100, 100]","[100, 100]","[100, 100]","[100, 100]","[100, 100]","[100, 100]","[0, -375]",ok.png,"[100, 100]","[100, 100]",16,1,1,1,1,0,0,0,0,0,0,0,1.28093087673,1.2809308767318726,0,247,247,-202,-202,1,1,0,0,0,0,0,0,0,0.582139730453,0.5821397304534912,0,-14,-14,-367,-367,91
00.png,19.png,29.png,00.png,00.png,02.png,32.png,00.png,00.png,"[-211, -83]","[239, 67]","[150, 100]","[-61, 67]","[89, 67]","[239, 217]","[-211, 67]","[-61, 217]","[89, 217]","[-211, 217]","[-61, -233]","[89, -233]","[239, -233]","[100, 100]","[-61, -83]","[89, -83]","[239, -83]","[-211, -233]",1,8,"[100, 100]","[100, 100]",tray,00.png,00.png,22.png,16.png,00.png,04.png,tray1.png,m,"[100, 100]","[100, 100]","[100, 100]","[100, 100]","[100, 100]","[100, 100]","[100, 100]","[100, 100]","[100, 100]","[100, 100]","[100, 100]","[0, -375]",ok.png,"[100, 100]","[100, 100]",17,1,1,1,1,0,0,0,0,0,0,0,0.680764257908,0.6807642579078674,0,80,80,-236,-236,1,1,0,0,0,0,0,0,0,0.682220637798,0.6822206377983093,0,17,17,-342,-342,432
00.png,00.png,00.png,05.png,21.png,00.png,00.png,00.png,00.png,"[-223, -73]","[227, 77]","[150, 100]","[-73, 77]","[77, 77]","[227, 227]","[-223, 77]","[-73, 227]","[77, 227]","[-223, 227]","[-73, -223]","[77, -223]","[227, -223]","[100, 100]","[-73, -73]","[77, -73]","[227, -73]","[-223, -223]",1,8,"[100, 100]","[100, 100]",tray,25.png,03.png,27.png,28.png,00.png,tray1.png,08.png,m,"[100, 100]","[100, 100]","[100, 100]","[100, 100]","[100, 100]","[100, 100]","[100, 100]","[100, 100]","[100, 100]","[100, 100]","[100, 100]","[0, -375]",ok.png,"[100, 100]","[100, 100]",18,1,1,1,1,0,0,0,0,0,0,0,0.897743999958,0.8977439999580383,0,-86,-86,-224,-224,1,1,0,0,0,0,0,0,0,0.265443742275,0.26544374227523804,0,-13,-13,-396,-396,367
06.png,00.png,15.png,17.png,00.png,00.png,16.png,00.png,00.png,"[-247, -51]","[203, 99]","[150, 100]","[-97, 99]","[53, 99]","[203, 249]","[-247, 99]","[-97, 249]","[53, 249]","[-247, 249]","[-97, -201]","[53, -201]","[203, -201]","[100, 100]","[-97, -51]","[53, -51]","[203, -51]","[-247, -201]",1,8,"[100, 100]","[100, 100]",tray,23.png,tray1.png,09.png,00.png,00.png,00.png,07.png,m,"[100, 100]","[100, 100]","[100, 100]","[100, 100]","[100, 100]","[100, 100]","[100, 100]","[100, 100]","[100, 100]","[100, 100]","[100, 100]","[0, -375]",ok.png,"[100, 100]","[100, 100]",19,1,1,1,1,0,0,0,0,0,0,0,1.0474165678,1.0474165678024292,0,-214,-214,-206,-206,1,1,0,0,0,0,0,0,0,0.398695468903,0.3986954689025879,0,-85,-85,-396,-396,289
00.png,11.png,00.png,00.png,12.png,00.png,00.png,34.png,00.png,"[-208, -90]","[242, 60]","[150, 100]","[-58, 60]","[92, 60]","[242, 210]","[-208, 60]","[-58, 210]","[92, 210]","[-208, 210]","[-58, -240]","[92, -240]","[242, -240]","[100, 100]","[-58, -90]","[92, -90]","[242, -90]","[-208, -240]",1,8,"[100, 100]","[100, 100]",tray,tray1.png,31.png,30.png,08.png,00.png,00.png,32.png,m,"[100, 100]","[100, 100]","[100, 100]","[100, 100]","[100, 100]","[100, 100]","[100, 100]","[100, 100]","[100, 100]","[100, 100]","[100, 100]","[0, -375]",ok.png,"[100, 100]","[100, 100]",20,1,1,1,1,0,0,0,0,0,0,0,1.24766492844,1.2476649284362793,0,229,229,-89,-89,1,1,0,0,0,0,0,0,0,0.398625761271,0.398625761270523,0,21,21,-391,-391,322
00.png,00.png,00.png,00.png,00.png,00.png,24.png,27.png,07.png,"[-216, -95]","[234, 55]","[150, 100]","[-66, 55]","[84, 55]","[234, 205]","[-216, 55]","[-66, 205]","[84, 205]","[-216, 205]","[-66, -245]","[84, -245]","[234, -245]","[100, 100]","[-66, -95]","[84, -95]","[234, -95]","[-216, -245]",1,8,"[100, 100]","[100, 100]",tray,10.png,13.png,09.png,tray1.png,00.png,16.png,00.png,m,"[100, 100]","[100, 100]","[100, 100]","[100, 100]","[100, 100]","[100, 100]","[100, 100]","[100, 100]","[100, 100]","[100, 100]","[100, 100]","[0, -375]",ok.png,"[100, 100]","[100, 100]",21,1,1,1,1,0,0,0,0,0,0,0,0.681148409843,0.6811484098434448,0,99,99,-82,-82,1,1,0,0,0,0,0,0,0,0.49902638793,0.4990263879299164,0,16,16,-398,-398,411
00.png,00.png,25.png,00.png,33.png,00.png,05.png,00.png,01.png,"[-204, -92]","[246, 58]","[150, 100]","[-54, 58]","[96, 58]","[246, 208]","[-204, 58]","[-54, 208]","[96, 208]","[-204, 208]","[-54, -242]","[96, -242]","[246, -242]","[100, 100]","[-54, -92]","[96, -92]","[246, -92]","[-204, -242]",1,8,"[100, 100]","[100, 100]",tray,10.png,00.png,tray1.png,00.png,30.png,20.png,00.png,m,"[100, 100]","[100, 100]","[100, 100]","[100, 100]","[100, 100]","[100, 100]","[100, 100]","[100, 100]","[100, 100]","[100, 100]","[100, 100]","[0, -375]",ok.png,"[100, 100]","[100, 100]",22,1,1,1,1,0,0,0,0,0,0,0,1.14759421349,1.1475942134857178,0,-53,-53,-81,-81,1,1,0,0,0,0,0,0,0,0.731983780861,0.7319837808609009,0,-4,-4,-362,-362,5
00.png,00.png,00.png,18.png,00.png,14.png,00.png,09.png,tray1.png,"[-214, -81]","[236, 69]","[150, 100]","[-64, 69]","[86, 69]","[236, 219]","[-214, 69]","[-64, 219]","[86, 219]","[-214, 219]","[-64, -231]","[86, -231]","[236, -231]","[100, 100]","[-64, -81]","[86, -81]","[236, -81]","[-214, -231]",1,8,"[100, 100]","[100, 100]",tray,00.png,26.png,02.png,04.png,00.png,24.png,00.png,m,"[100, 100]","[100, 100]","[100, 100]","[100, 100]","[100, 100]","[100, 100]","[100, 100]","[100, 100]","[100, 100]","[100, 100]","[100, 100]","[0, -375]",ok.png,"[100, 100]","[100, 100]",23,1,1,1,1,0,0,0,0,0,0,0,0.914089560509,0.914089560508728,0,-196,-196,-71,-71,1,1,0,0,0,0,0,0,0,0.49867990613,0.49867990612983704,0,42,42,-428,-428,158
00.png,14.png,00.png,00.png,11.png,07.png,00.png,tray1.png,18.png,"[-216, -66]","[234, 84]","[150, 100]","[-66, 84]","[84, 84]","[234, 234]","[-216, 84]","[-66, 234]","[84, 234]","[-216, 234]","[-66, -216]","[84, -216]","[234, -216]","[100, 100]","[-66, -66]","[84, -66]","[234, -66]","[-216, -216]",1,8,"[100, 100]","[100, 100]",tray,30.png,09.png,00.png,00.png,19.png,00.png,00.png,m,"[100, 100]","[100, 100]","[100, 100]","[100, 100]","[100, 100]","[100, 100]","[100, 100]","[100, 100]","[100, 100]","[100, 100]","[100, 100]","[0, -375]",ok.png,"[100, 100]","[100, 100]",24,1,1,1,1,0,0,0,0,0,0,0,0.947362780571,0.947362780570984,0,251,251,106,106,1,1,0,0,0,0,0,0,0,0.59872084856,0.5987208485603333,0,1,1,-383,-383,20
31.png,00.png,13.png,00.png,23.png,00.png,tray1.png,00.png,33.png,"[-212, -59]","[238, 91]","[150, 100]","[-62, 91]","[88, 91]","[238, 241]","[-212, 91]","[-62, 241]","[88, 241]","[-212, 241]","[-62, -209]","[88, -209]","[238, -209]","[100, 100]","[-62, -59]","[88, -59]","[238, -59]","[-212, -209]",1,8,"[100, 100]","[100, 100]",tray,00.png,19.png,00.png,14.png,00.png,00.png,29.png,m,"[100, 100]","[100, 100]","[100, 100]","[100, 100]","[100, 100]","[100, 100]","[100, 100]","[100, 100]","[100, 100]","[100, 100]","[100, 100]","[0, -375]",ok.png,"[100, 100]","[100, 100]",25,1,1,1,1,0,0,0,0,0,0,0,0.64764893055,0.6476489305496216,0,94,94,119,119,1,1,0,0,0,0,0,0,0,0.399058461189,0.39905846118927,0,17,17,-396,-396,353
00.png,00.png,00.png,00.png,00.png,00.png,00.png,00.png,07.png,"[-238, -51]","[212, 99]","[150, 100]","[-88, 99]","[62, 99]","[212, 249]","[-238, 99]","[-88, 249]","[62, 249]","[-238, 249]","[-88, -201]","[62, -201]","[212, -201]","[100, 100]","[-88, -51]","[62, -51]","[212, -51]","[-238, -201]",1,8,"[100, 100]","[100, 100]",tray,04.png,03.png,06.png,05.png,tray2.png,02.png,01.png,m,"[100, 100]","[100, 100]","[100, 100]","[100, 100]","[100, 100]","[100, 100]","[100, 100]","[100, 100]","[100, 100]","[100, 100]","[100, 100]","[0, -375]",ok.png,"[100, 100]","[100, 100]",26,1,1,1,1,0,0,0,0,0,0,0,1.44761502743,1.4476150274276731,0,183,183,-202,-202,1,1,0,0,0,0,0,0,0,0.348550796509,0.34855079650878906,0,31,31,-347,-347,105
00.png,00.png,00.png,00.png,00.png,00.png,14.png,00.png,13.png,"[-241, -87]","[209, 63]","[150, 100]","[-91, 63]","[59, 63]","[209, 213]","[-241, 63]","[-91, 213]","[59, 213]","[-241, 213]","[-91, -237]","[59, -237]","[209, -237]","[100, 100]","[-91, -87]","[59, -87]","[209, -87]","[-241, -237]",1,8,"[100, 100]","[100, 100]",tray,10.png,00.png,12.png,11.png,08.png,09.png,tray2.png,m,"[100, 100]","[100, 100]","[100, 100]","[100, 100]","[100, 100]","[100, 100]","[100, 100]","[100, 100]","[100, 100]","[100, 100]","[100, 100]","[0, -375]",ok.png,"[100, 100]","[100, 100]",27,1,1,1,1,0,0,0,0,0,0,0,0.880735754967,0.8807357549667358,0,51,51,-252,-252,1,1,0,0,0,0,0,0,0,0.249139785767,0.24913978576660156,0,-23,-23,-385,-385,113
00.png,00.png,00.png,00.png,00.png,00.png,21.png,20.png,19.png,"[-240, -84]","[210, 66]","[150, 100]","[-90, 66]","[60, 66]","[210, 216]","[-240, 66]","[-90, 216]","[60, 216]","[-240, 216]","[-90, -234]","[60, -234]","[210, -234]","[100, 100]","[-90, -84]","[60, -84]","[210, -84]","[-240, -234]",1,8,"[100, 100]","[100, 100]",tray,16.png,15.png,18.png,17.png,00.png,tray2.png,00.png,m,"[100, 100]","[100, 100]","[100, 100]","[100, 100]","[100, 100]","[100, 100]","[100, 100]","[100, 100]","[100, 100]","[100, 100]","[100, 100]","[0, -375]",ok.png,"[100, 100]","[100, 100]",28,1,1,1,1,0,0,0,0,0,0,0,1.31417405605,1.3141740560531616,0,-124,-124,-238,-238,1,1,0,0,0,0,0,0,0,0.348692506552,0.34869250655174255,0,-35,-35,-342,-342,121
00.png,00.png,00.png,00.png,00.png,00.png,31.png,27.png,26.png,"[-226, -82]","[224, 68]","[150, 100]","[-76, 68]","[74, 68]","[224, 218]","[-226, 68]","[-76, 218]","[74, 218]","[-226, 218]","[-76, -232]","[74, -232]","[224, -232]","[100, 100]","[-76, -82]","[74, -82]","[224, -82]","[-226, -232]",1,8,"[100, 100]","[100, 100]",tray,00.png,tray2.png,28.png,00.png,22.png,24.png,23.png,m,"[100, 100]","[100, 100]","[100, 100]","[100, 100]","[100, 100]","[100, 100]","[100, 100]","[100, 100]","[100, 100]","[100, 100]","[100, 100]","[0, -375]",ok.png,"[100, 100]","[100, 100]",29,1,1,1,1,0,0,0,0,0,0,0,0.931213378906,0.93121337890625,0,-189,-189,-242,-242,1,1,0,0,0,0,0,0,0,0.431819021702,0.43181902170181274,0,23,23,-402,-402,346
00.png,00.png,00.png,00.png,01.png,34.png,33.png,32.png,31.png,"[-236, -64]","[214, 86]","[150, 100]","[-86, 86]","[64, 86]","[214, 236]","[-236, 86]","[-86, 236]","[64, 236]","[-236, 236]","[-86, -214]","[64, -214]","[214, -214]","[100, 100]","[-86, -64]","[64, -64]","[214, -64]","[-236, -214]",1,8,"[100, 100]","[100, 100]",tray,tray2.png,00.png,30.png,29.png,00.png,00.png,00.png,m,"[100, 100]","[100, 100]","[100, 100]","[100, 100]","[100, 100]","[100, 100]","[100, 100]","[100, 100]","[100, 100]","[100, 100]","[100, 100]","[0, -375]",ok.png,"[100, 100]","[100, 100]",30,1,1,1,1,0,0,0,0,0,0,0,0.830829620361,0.8308296203613281,0,229,229,-42,-42,1,1,0,0,0,0,0,0,0,0.282787889242,0.28278788924217224,0,16,16,-357,-357,355
00.png,00.png,23.png,17.png,00.png,00.png,15.png,06.png,00.png,"[-218, -71]","[232, 79]","[150, 100]","[-68, 79]","[82, 79]","[232, 229]","[-218, 79]","[-68, 229]","[82, 229]","[-218, 229]","[-68, -221]","[82, -221]","[232, -221]","[100, 100]","[-68, -71]","[82, -71]","[232, -71]","[-218, -221]",1,8,"[100, 100]","[100, 100]",tray,04.png,00.png,00.png,tray2.png,01.png,00.png,34.png,m,"[100, 100]","[100, 100]","[100, 100]","[100, 100]","[100, 100]","[100, 100]","[100, 100]","[100, 100]","[100, 100]","[100, 100]","[100, 100]","[0, -375]",ok.png,"[100, 100]","[100, 100]",31,1,1,1,1,0,0,0,0,0,0,0,1.03096294403,1.0309629440307615,0,106,106,-58,-58,1,1,0,0,0,0,0,0,0,0.282152026892,0.2821520268917084,0,20,20,-377,-377,365
14.png,09.png,22.png,06.png,00.png,00.png,00.png,00.png,25.png,"[-208, -82]","[242, 68]","[150, 100]","[-58, 68]","[92, 68]","[242, 218]","[-208, 68]","[-58, 218]","[92, 218]","[-208, 218]","[-58, -232]","[92, -232]","[242, -232]","[100, 100]","[-58, -82]","[92, -82]","[242, -82]","[-208, -232]",1,8,"[100, 100]","[100, 100]",tray,07.png,00.png,tray2.png,03.png,00.png,00.png,00.png,m,"[100, 100]","[100, 100]","[100, 100]","[100, 100]","[100, 100]","[100, 100]","[100, 100]","[100, 100]","[100, 100]","[100, 100]","[100, 100]","[0, -375]",ok.png,"[100, 100]","[100, 100]",32,1,1,1,1,0,0,0,0,0,0,0,0.747528016567,0.7475280165672302,0,-67,-67,-88,-88,1,1,0,0,0,0,0,0,0,0.615467429161,0.6154674291610718,0,6,6,-361,-361,296
00.png,00.png,00.png,00.png,31.png,30.png,17.png,00.png,tray2.png,"[-205, -50]","[245, 100]","[150, 100]","[-55, 100]","[95, 100]","[245, 250]","[-205, 100]","[-55, 250]","[95, 250]","[-205, 250]","[-55, -200]","[95, -200]","[245, -200]","[100, 100]","[-55, -50]","[95, -50]","[245, -50]","[-205, -200]",1,8,"[100, 100]","[100, 100]",tray,00.png,07.png,27.png,00.png,00.png,33.png,05.png,m,"[100, 100]","[100, 100]","[100, 100]","[100, 100]","[100, 100]","[100, 100]","[100, 100]","[100, 100]","[100, 100]","[100, 100]","[100, 100]","[0, -375]",ok.png,"[100, 100]","[100, 100]",33,1,1,1,1,0,0,0,0,0,0,0,0.714075803757,0.7140758037567139,0,-202,-202,-39,-39,1,1,0,0,0,0,0,0,0,0.482004642487,0.48200464248657227,0,-11,-11,-352,-352,205
33.png,31.png,25.png,21.png,27.png,23.png,29.png,tray2.png,00.png,"[-202, -93]","[248, 57]","[150, 100]","[-52, 57]","[98, 57]","[248, 207]","[-202, 57]","[-52, 207]","[98, 207]","[-202, 207]","[-52, -243]","[98, -243]","[248, -243]","[100, 100]","[-52, -93]","[98, -93]","[248, -93]","[-202, -243]",1,8,"[100, 100]","[100, 100]",tray,00.png,00.png,00.png,00.png,00.png,00.png,00.png,m,"[100, 100]","[100, 100]","[100, 100]","[100, 100]","[100, 100]","[100, 100]","[100, 100]","[100, 100]","[100, 100]","[100, 100]","[100, 100]","[0, -375]",ok.png,"[100, 100]","[100, 100]",34,1,1,1,1,0,0,0,0,0,0,0,1.39757502079,1.3975750207901,0,222,222,67,67,1,1,0,0,0,0,0,0,0,0.382119297981,0.3821192979812622,0,26,26,-352,-352,416
00.png,00.png,00.png,00.png,26.png,24.png,tray2.png,22.png,20.png,"[-219, -59]","[231, 91]","[150, 100]","[-69, 91]","[81, 91]","[231, 241]","[-219, 91]","[-69, 241]","[81, 241]","[-219, 241]","[-69, -209]","[81, -209]","[231, -209]","[100, 100]","[-69, -59]","[81, -59]","[231, -59]","[-219, -209]",1,8,"[100, 100]","[100, 100]",tray,14.png,00.png,18.png,16.png,00.png,00.png,00.png,m,"[100, 100]","[100, 100]","[100, 100]","[100, 100]","[100, 100]","[100, 100]","[100, 100]","[100, 100]","[100, 100]","[100, 100]","[100, 100]","[0, -375]",ok.png,"[100, 100]","[100, 100]",35,1,1,1,1,0,0,0,0,0,0,0,0.747542202473,0.7475422024726868,0,100,100,104,104,1,1,0,0,0,0,0,0,0,0.482233554125,0.48223355412483215,0,-22,-22,-359,-359,366
00.png,00.png,27.png,24.png,21.png,tray2.png,19.png,16.png,00.png,"[-208, -95]","[242, 55]","[150, 100]","[-58, 55]","[92, 55]","[242, 205]","[-208, 55]","[-58, 205]","[92, 205]","[-208, 205]","[-58, -245]","[92, -245]","[242, -245]","[100, 100]","[-58, -95]","[92, -95]","[242, -95]","[-208, -245]",1,8,"[100, 100]","[100, 100]",tray,13.png,00.png,00.png,10.png,00.png,00.png,00.png,m,"[100, 100]","[100, 100]","[100, 100]","[100, 100]","[100, 100]","[100, 100]","[100, 100]","[100, 100]","[100, 100]","[100, 100]","[100, 100]","[0, -375]",ok.png,"[100, 100]","[100, 100]",36,1,1,1,1,0,0,0,0,0,0,0,1.660982728,1.6609827280044556,0,-77,-77,48,48,1,1,0,0,0,0,0,0,0,1.13240242004,1.132402420043945,0,-15,-15,-382,-382,0
00.png,00.png,00.png,00.png,tray2.png,11.png,16.png,21.png,00.png,"[-231, -53]","[219, 97]","[150, 100]","[-81, 97]","[69, 97]","[219, 247]","[-231, 97]","[-81, 247]","[69, 247]","[-231, 247]","[-81, -203]","[69, -203]","[219, -203]","[100, 100]","[-81, -53]","[69, -53]","[219, -53]","[-231, -203]",1,8,"[100, 100]","[100, 100]",tray,00.png,25.png,00.png,00.png,10.png,20.png,15.png,m,"[100, 100]","[100, 100]","[100, 100]","[100, 100]","[100, 100]","[100, 100]","[100, 100]","[100, 100]","[100, 100]","[100, 100]","[100, 100]","[0, -375]",ok.png,"[100, 100]","[100, 100]",37,1,1,1,1,0,0,0,0,0,0,0,0.997539162636,0.9975391626358032,0,-219,-219,88,88,1,1,0,0,0,0,0,0,0,0.948695957661,0.948695957660675,0,-18,-18,-381,-381,10
04.png,02.png,05.png,tray2.png,08.png,07.png,01.png,03.png,00.png,"[-245, -52]","[205, 98]","[150, 100]","[-95, 98]","[55, 98]","[205, 248]","[-245, 98]","[-95, 248]","[55, 248]","[-245, 248]","[-95, -202]","[55, -202]","[205, -202]","[100, 100]","[-95, -52]","[55, -52]","[205, -52]","[-245, -202]",1,8,"[100, 100]","[100, 100]",tray,00.png,00.png,00.png,00.png,00.png,00.png,00.png,m,"[100, 100]","[100, 100]","[100, 100]","[100, 100]","[100, 100]","[100, 100]","[100, 100]","[100, 100]","[100, 100]","[100, 100]","[100, 100]","[0, -375]",ok.png,"[100, 100]","[100, 100]",38,1,1,1,1,0,0,0,0,0,0,0,1.08086943626,1.080869436264038,0,189,189,242,242,1,1,0,0,0,0,0,0,0,0.615952312946,0.6159523129463196,0,19,19,-409,-409,88
00.png,12.png,tray2.png,23.png,00.png,00.png,00.png,13.png,08.png,"[-231, -91]","[219, 59]","[150, 100]","[-81, 59]","[69, 59]","[219, 209]","[-231, 59]","[-81, 209]","[69, 209]","[-231, 209]","[-81, -241]","[69, -241]","[219, -241]","[100, 100]","[-81, -91]","[69, -91]","[219, -91]","[-231, -241]",1,8,"[100, 100]","[100, 100]",tray,00.png,16.png,33.png,00.png,29.png,00.png,00.png,m,"[100, 100]","[100, 100]","[100, 100]","[100, 100]","[100, 100]","[100, 100]","[100, 100]","[100, 100]","[100, 100]","[100, 100]","[100, 100]","[0, -375]",ok.png,"[100, 100]","[100, 100]",39,1,1,1,1,0,0,0,0,0,0,0,0.780989825726,0.7809898257255554,0,57,57,210,210,1,1,0,0,0,0,0,0,0,0.765478909016,0.7654789090156555,0,29,29,-365,-365,413
00.png,tray2.png,03.png,07.png,13.png,17.png,23.png,27.png,33.png,"[-213, -82]","[237, 68]","[150, 100]","[-63, 68]","[87, 68]","[237, 218]","[-213, 68]","[-63, 218]","[87, 218]","[-213, 218]","[-63, -232]","[87, -232]","[237, -232]","[100, 100]","[-63, -82]","[87, -82]","[237, -82]","[-213, -232]",1,8,"[100, 100]","[100, 100]",tray,00.png,00.png,00.png,00.png,00.png,00.png,00.png,m,"[100, 100]","[100, 100]","[100, 100]","[100, 100]","[100, 100]","[100, 100]","[100, 100]","[100, 100]","[100, 100]","[100, 100]","[100, 100]","[0, -375]",ok.png,"[100, 100]","[100, 100]",40,1,1,1,1,0,0,0,0,0,0,0,1.24726915359,1.2472691535949707,0,-78,-78,219,219,1,1,0,0,0,0,0,0,0,1.31579720974,1.315797209739685,0,22,22,-352,-352,36
tray2.png,17.png,07.png,14.png,00.png,00.png,00.png,00.png,00.png,"[-201, -82]","[249, 68]","[150, 100]","[-51, 68]","[99, 68]","[249, 218]","[-201, 68]","[-51, 218]","[99, 218]","[-201, 218]","[-51, -232]","[99, -232]","[249, -232]","[100, 100]","[-51, -82]","[99, -82]","[249, -82]","[-201, -232]",1,8,"[100, 100]","[100, 100]",tray,00.png,02.png,00.png,00.png,04.png,30.png,20.png,m,"[100, 100]","[100, 100]","[100, 100]","[100, 100]","[100, 100]","[100, 100]","[100, 100]","[100, 100]","[100, 100]","[100, 100]","[100, 100]","[0, -375]",ok.png,"[100, 100]","[100, 100]",41,1,1,1,1,0,0,0,0,0,0,0,0.897635996342,0.8976359963417053,0,-163,-163,209,209,1,1,0,0,0,0,0,0,0,0.582015514374,0.5820155143737793,0,-19,-19,-382,-382,382
00.png,tray2.png,04.png,00.png,00.png,16.png,22.png,00.png,00.png,"[-207, -50]","[243, 100]","[150, 100]","[-57, 100]","[93, 100]","[243, 250]","[-207, 100]","[-57, 250]","[93, 250]","[-207, 250]","[-57, -200]","[93, -200]","[243, -200]","[100, 100]","[-57, -50]","[93, -50]","[243, -50]","[-207, -200]",1,8,"[100, 100]","[100, 100]",tray,00.png,00.png,32.png,02.png,00.png,29.png,19.png,m,"[100, 100]","[100, 100]","[100, 100]","[100, 100]","[100, 100]","[100, 100]","[100, 100]","[100, 100]","[100, 100]","[100, 100]","[100, 100]","[0, -375]",ok.png,"[100, 100]","[100, 100]",42,1,1,1,1,0,0,0,0,0,0,0,0.980883717537,0.9808837175369264,0,-64,-64,235,235,1,1,0,0,0,0,0,0,0,0.548668980598,0.5486689805984497,0,-7,-7,-425,-425,229
00.png,08.png,tray2.png,03.png,25.png,28.png,27.png,00.png,00.png,"[-227, -53]","[223, 97]","[150, 100]","[-77, 97]","[73, 97]","[223, 247]","[-227, 97]","[-77, 247]","[73, 247]","[-227, 247]","[-77, -203]","[73, -203]","[223, -203]","[100, 100]","[-77, -53]","[73, -53]","[223, -53]","[-227, -203]",1,8,"[100, 100]","[100, 100]",tray,21.png,05.png,00.png,00.png,00.png,00.png,00.png,m,"[100, 100]","[100, 100]","[100, 100]","[100, 100]","[100, 100]","[100, 100]","[100, 100]","[100, 100]","[100, 100]","[100, 100]","[100, 100]","[0, -375]",ok.png,"[100, 100]","[100, 100]",43,1,1,1,1,0,0,0,0,0,0,0,1.0804400444,1.0804400444030762,0,61,61,235,235,1,1,0,0,0,0,0,0,0,0.465596944094,0.4655969440937042,0,-21,-21,-375,-375,230
00.png,07.png,00.png,tray2.png,23.png,00.png,09.png,00.png,00.png,"[-243, -76]","[207, 74]","[150, 100]","[-93, 74]","[57, 74]","[207, 224]","[-243, 74]","[-93, 224]","[57, 224]","[-243, 224]","[-93, -226]","[57, -226]","[207, -226]","[100, 100]","[-93, -76]","[57, -76]","[207, -76]","[-243, -226]",1,8,"[100, 100]","[100, 100]",tray,00.png,17.png,16.png,00.png,06.png,15.png,00.png,m,"[100, 100]","[100, 100]","[100, 100]","[100, 100]","[100, 100]","[100, 100]","[100, 100]","[100, 100]","[100, 100]","[100, 100]","[100, 100]","[0, -375]",ok.png,"[100, 100]","[100, 100]",44,1,1,1,1,0,0,0,0,0,0,0,0.930866897106,0.9308668971061708,0,210,210,218,218,1,1,0,0,0,0,0,0,0,0.665540397167,0.6655403971672058,0,-3,-3,-366,-366,192
00.png,32.png,00.png,31.png,tray2.png,08.png,30.png,00.png,34.png,"[-243, -52]","[207, 98]","[150, 100]","[-93, 98]","[57, 98]","[207, 248]","[-243, 98]","[-93, 248]","[57, 248]","[-243, 248]","[-93, -202]","[57, -202]","[207, -202]","[100, 100]","[-93, -52]","[57, -52]","[207, -52]","[-243, -202]",1,8,"[100, 100]","[100, 100]",tray,12.png,00.png,00.png,00.png,00.png,00.png,11.png,m,"[100, 100]","[100, 100]","[100, 100]","[100, 100]","[100, 100]","[100, 100]","[100, 100]","[100, 100]","[100, 100]","[100, 100]","[100, 100]","[0, -375]",ok.png,"[100, 100]","[100, 100]",45,1,1,1,1,0,0,0,0,0,0,0,0.930744707584,0.9307447075843812,0,-229,-229,102,102,1,1,0,0,0,0,0,0,0,0.632426440716,0.6324264407157898,0,-39,-39,-361,-361,210
00.png,00.png,16.png,13.png,10.png,tray2.png,09.png,07.png,27.png,"[-241, -56]","[209, 94]","[150, 100]","[-91, 94]","[59, 94]","[209, 244]","[-241, 94]","[-91, 244]","[59, 244]","[-241, 244]","[-91, -206]","[59, -206]","[209, -206]","[100, 100]","[-91, -56]","[59, -56]","[209, -56]","[-241, -206]",1,8,"[100, 100]","[100, 100]",tray,00.png,00.png,24.png,00.png,00.png,00.png,00.png,m,"[100, 100]","[100, 100]","[100, 100]","[100, 100]","[100, 100]","[100, 100]","[100, 100]","[100, 100]","[100, 100]","[100, 100]","[100, 100]","[0, -375]",ok.png,"[100, 100]","[100, 100]",46,1,1,1,1,0,0,0,0,0,0,0,0.814085304737,0.8140853047370911,0,-88,-88,94,94,1,1,0,0,0,0,0,0,0,0.382220059633,0.382220059633255,0,-15,-15,-349,-349,233
30.png,00.png,20.png,00.png,10.png,00.png,tray2.png,01.png,00.png,"[-232, -58]","[218, 92]","[150, 100]","[-82, 92]","[68, 92]","[218, 242]","[-232, 92]","[-82, 242]","[68, 242]","[-232, 242]","[-82, -208]","[68, -208]","[218, -208]","[100, 100]","[-82, -58]","[68, -58]","[218, -58]","[-232, -208]",1,8,"[100, 100]","[100, 100]",tray,33.png,00.png,05.png,00.png,00.png,25.png,00.png,m,"[100, 100]","[100, 100]","[100, 100]","[100, 100]","[100, 100]","[100, 100]","[100, 100]","[100, 100]","[100, 100]","[100, 100]","[100, 100]","[0, -375]",ok.png,"[100, 100]","[100, 100]",47,1,1,1,1,0,0,0,0,0,0,0,0.980817675591,0.9808176755905152,0,59,59,86,86,1,1,0,0,0,0,0,0,0,0.39876648783700003,0.39876648783683777,0,53,53,-371,-371,163
00.png,00.png,24.png,26.png,00.png,04.png,02.png,tray2.png,09.png,"[-234, -60]","[216, 90]","[150, 100]","[-84, 90]","[66, 90]","[216, 240]","[-234, 90]","[-84, 240]","[66, 240]","[-234, 240]","[-84, -210]","[66, -210]","[216, -210]","[100, 100]","[-84, -60]","[66, -60]","[216, -60]","[-234, -210]",1,8,"[100, 100]","[100, 100]",tray,00.png,18.png,00.png,14.png,00.png,00.png,00.png,m,"[100, 100]","[100, 100]","[100, 100]","[100, 100]","[100, 100]","[100, 100]","[100, 100]","[100, 100]","[100, 100]","[100, 100]","[100, 100]","[0, -375]",ok.png,"[100, 100]","[100, 100]",48,1,1,1,1,0,0,0,0,0,0,0,0.830954134464,0.8309541344642639,0,211,211,90,90,1,1,0,0,0,0,0,0,0,0.682281374931,0.6822813749313354,0,-23,-23,-324,-324,139
19.png,00.png,00.png,09.png,30.png,00.png,00.png,18.png,tray2.png,"[-227, -86]","[223, 64]","[150, 100]","[-77, 64]","[73, 64]","[223, 214]","[-227, 64]","[-77, 214]","[73, 214]","[-227, 214]","[-77, -236]","[73, -236]","[223, -236]","[100, 100]","[-77, -86]","[73, -86]","[223, -86]","[-227, -236]",1,8,"[100, 100]","[100, 100]",tray,11.png,00.png,00.png,07.png,00.png,00.png,14.png,m,"[100, 100]","[100, 100]","[100, 100]","[100, 100]","[100, 100]","[100, 100]","[100, 100]","[100, 100]","[100, 100]","[100, 100]","[100, 100]","[0, -375]",ok.png,"[100, 100]","[100, 100]",49,1,1,1,1,0,0,0,0,0,0,0,0.881059467793,0.881059467792511,0,-202,-202,-72,-72,1,1,0,0,0,0,0,0,0,0.465197592974,0.4651975929737091,0,-9,-9,-372,-372,449
00.png,29.png,00.png,19.png,00.png,14.png,00.png,33.png,00.png,"[-200, -75]","[250, 75]","[150, 100]","[-50, 75]","[100, 75]","[250, 225]","[-200, 75]","[-50, 225]","[100, 225]","[-200, 225]","[-50, -225]","[100, -225]","[250, -225]","[100, 100]","[-50, -75]","[100, -75]","[250, -75]","[-200, -225]",1,8,"[100, 100]","[100, 100]",tray,23.png,00.png,tray2.png,00.png,31.png,13.png,00.png,m,"[100, 100]","[100, 100]","[100, 100]","[100, 100]","[100, 100]","[100, 100]","[100, 100]","[100, 100]","[100, 100]","[100, 100]","[100, 100]","[0, -375]",ok.png,"[100, 100]","[100, 100]",50,1,1,1,1,0,0,0,0,0,0,0,0.697694182396,0.6976941823959351,0,-53,-53,-109,-109,1,1,0,0,0,0,0,0,0,0.565479338169,0.5654793381690979,0,-5,-5,-325,-325,188
dots1.png,01.png,02.png,03.png,04.png,05.png,06.png,07.png,00.png,"[-213, -87]","[237, 63]","[150, 100]","[-63, 63]","[87, 63]","[237, 213]","[-213, 63]","[-63, 213]","[87, 213]","[-213, 213]","[-63, -237]","[87, -237]","[237, -237]","[100, 100]","[-63, -87]","[87, -87]","[237, -87]","[-213, -237]",1,8,"[100, 100]","[100, 100]",dots,00.png,00.png,00.png,00.png,00.png,00.png,00.png,m,"[100, 100]","[100, 100]","[100, 100]","[100, 100]","[100, 100]","[100, 100]","[100, 100]","[100, 100]","[100, 100]","[100, 100]","[100, 100]","[0, -375]",ok.png,"[100, 100]","[100, 100]",51,2,1,1,1,0,0,0,0,0,0,0,0.914316534996,0.9143165349960328,0,-207,-207,200,200,1,1,0,0,0,0,0,0,0,0.531985461712,0.5319854617118835,0,-32,-32,-368,-368,211
08.png,dots1.png,09.png,00.png,10.png,11.png,12.png,13.png,00.png,"[-227, -95]","[223, 55]","[150, 100]","[-77, 55]","[73, 55]","[223, 205]","[-227, 55]","[-77, 205]","[73, 205]","[-227, 205]","[-77, -245]","[73, -245]","[223, -245]","[100, 100]","[-77, -95]","[73, -95]","[223, -95]","[-227, -245]",1,8,"[100, 100]","[100, 100]",dots,00.png,00.png,14.png,00.png,00.png,00.png,00.png,m,"[100, 100]","[100, 100]","[100, 100]","[100, 100]","[100, 100]","[100, 100]","[100, 100]","[100, 100]","[100, 100]","[100, 100]","[100, 100]","[0, -375]",ok.png,"[100, 100]","[100, 100]",52,2,1,1,1,0,0,0,0,0,0,0,0.897346973419,0.8973469734191895,0,-67,-67,184,184,1,1,0,0,0,0,0,0,0,0.449033677578,0.4490336775779724,0,28,28,-347,-347,191
00.png,00.png,dots1.png,15.png,16.png,17.png,18.png,19.png,20.png,"[-209, -76]","[241, 74]","[150, 100]","[-59, 74]","[91, 74]","[241, 224]","[-209, 74]","[-59, 224]","[91, 224]","[-209, 224]","[-59, -226]","[91, -226]","[241, -226]","[100, 100]","[-59, -76]","[91, -76]","[241, -76]","[-209, -226]",1,8,"[100, 100]","[100, 100]",dots,00.png,00.png,21.png,00.png,00.png,00.png,00.png,m,"[100, 100]","[100, 100]","[100, 100]","[100, 100]","[100, 100]","[100, 100]","[100, 100]","[100, 100]","[100, 100]","[100, 100]","[100, 100]","[0, -375]",ok.png,"[100, 100]","[100, 100]",53,2,1,1,1,0,0,0,0,0,0,0,0.930655837059,0.930655837059021,0,68,68,216,216,1,1,0,0,0,0,0,0,0,0.565606832504,0.5656068325042725,0,20,20,-398,-398,244
22.png,23.png,24.png,dots1.png,00.png,00.png,25.png,26.png,00.png,"[-226, -79]","[224, 71]","[150, 100]","[-76, 71]","[74, 71]","[224, 221]","[-226, 71]","[-76, 221]","[74, 221]","[-226, 221]","[-76, -229]","[74, -229]","[224, -229]","[100, 100]","[-76, -79]","[74, -79]","[224, -79]","[-226, -229]",1,8,"[100, 100]","[100, 100]",dots,28.png,00.png,00.png,27.png,00.png,00.png,00.png,m,"[100, 100]","[100, 100]","[100, 100]","[100, 100]","[100, 100]","[100, 100]","[100, 100]","[100, 100]","[100, 100]","[100, 100]","[100, 100]","[0, -375]",ok.png,"[100, 100]","[100, 100]",54,2,1,1,1,0,0,0,0,0,0,0,0.980594396591,0.9805943965911864,0,247,247,244,244,1,1,0,0,0,0,0,0,0,0.49895042181,0.49895042181015015,0,73,73,-324,-324,309
00.png,00.png,00.png,00.png,dots1.png,29.png,30.png,31.png,32.png,"[-250, -94]","[200, 56]","[150, 100]","[-100, 56]","[50, 56]","[200, 206]","[-250, 56]","[-100, 206]","[50, 206]","[-250, 206]","[-100, -244]","[50, -244]","[200, -244]","[100, 100]","[-100, -94]","[50, -94]","[200, -94]","[-250, -244]",1,8,"[100, 100]","[100, 100]",dots,01.png,00.png,33.png,34.png,00.png,00.png,00.png,m,"[100, 100]","[100, 100]","[100, 100]","[100, 100]","[100, 100]","[100, 100]","[100, 100]","[100, 100]","[100, 100]","[100, 100]","[100, 100]","[0, -375]",ok.png,"[100, 100]","[100, 100]",55,2,1,1,1,0,0,0,0,0,0,0,0.91435778141,0.9143577814102172,0,-218,-218,45,45,1,1,0,0,0,0,0,0,0,0.565364062786,0.5653640627861023,0,-25,-25,-371,-371,30
01.png,34.png,00.png,00.png,04.png,dots1.png,00.png,00.png,06.png,"[-224, -65]","[226, 85]","[150, 100]","[-74, 85]","[76, 85]","[226, 235]","[-224, 85]","[-74, 235]","[76, 235]","[-224, 235]","[-74, -215]","[76, -215]","[226, -215]","[100, 100]","[-74, -65]","[76, -65]","[226, -65]","[-224, -215]",1,8,"[100, 100]","[100, 100]",dots,00.png,17.png,15.png,00.png,00.png,23.png,00.png,m,"[100, 100]","[100, 100]","[100, 100]","[100, 100]","[100, 100]","[100, 100]","[100, 100]","[100, 100]","[100, 100]","[100, 100]","[100, 100]","[0, -375]",ok.png,"[100, 100]","[100, 100]",56,2,1,1,1,0,0,0,0,0,0,0,0.680854082108,0.680854082107544,0,-83,-83,81,81,1,1,0,0,0,0,0,0,0,0.582115590572,0.5821155905723572,0,-33,-33,-366,-366,408
00.png,00.png,00.png,00.png,07.png,03.png,dots1.png,25.png,00.png,"[-210, -99]","[240, 51]","[150, 100]","[-60, 51]","[90, 51]","[240, 201]","[-210, 51]","[-60, 201]","[90, 201]","[-210, 201]","[-60, -249]","[90, -249]","[240, -249]","[100, 100]","[-60, -99]","[90, -99]","[240, -99]","[-210, -249]",1,8,"[100, 100]","[100, 100]",dots,00.png,06.png,00.png,00.png,14.png,22.png,09.png,m,"[100, 100]","[100, 100]","[100, 100]","[100, 100]","[100, 100]","[100, 100]","[100, 100]","[100, 100]","[100, 100]","[100, 100]","[100, 100]","[0, -375]",ok.png,"[100, 100]","[100, 100]",57,2,1,1,1,0,0,0,0,0,0,0,0.680726587772,0.6807265877723694,0,91,91,44,44,1,1,0,0,0,0,0,0,0,0.565613746643,0.5656137466430664,0,-26,-26,-377,-377,187
00.png,05.png,33.png,07.png,00.png,00.png,27.png,dots1.png,00.png,"[-245, -72]","[205, 78]","[150, 100]","[-95, 78]","[55, 78]","[205, 228]","[-245, 78]","[-95, 228]","[55, 228]","[-245, 228]","[-95, -222]","[55, -222]","[205, -222]","[100, 100]","[-95, -72]","[55, -72]","[205, -72]","[-245, -222]",1,8,"[100, 100]","[100, 100]",dots,31.png,00.png,17.png,30.png,00.png,00.png,00.png,m,"[100, 100]","[100, 100]","[100, 100]","[100, 100]","[100, 100]","[100, 100]","[100, 100]","[100, 100]","[100, 100]","[100, 100]","[100, 100]","[0, -375]",ok.png,"[100, 100]","[100, 100]",58,2,1,1,1,0,0,0,0,0,0,0,0.6809284091,0.6809284090995789,0,187,187,70,70,1,1,0,0,0,0,0,0,0,0.599011838436,0.5990118384361267,0,28,28,-346,-346,274
00.png,00.png,00.png,00.png,00.png,00.png,00.png,00.png,dots1.png,"[-230, -75]","[220, 75]","[150, 100]","[-80, 75]","[70, 75]","[220, 225]","[-230, 75]","[-80, 225]","[70, 225]","[-230, 225]","[-80, -225]","[70, -225]","[220, -225]","[100, 100]","[-80, -75]","[70, -75]","[220, -75]","[-230, -225]",1,8,"[100, 100]","[100, 100]",dots,27.png,21.png,29.png,23.png,33.png,25.png,31.png,m,"[100, 100]","[100, 100]","[100, 100]","[100, 100]","[100, 100]","[100, 100]","[100, 100]","[100, 100]","[100, 100]","[100, 100]","[100, 100]","[0, -375]",ok.png,"[100, 100]","[100, 100]",59,2,1,1,1,0,0,0,0,0,0,0,1.18097114563,1.1809711456298828,0,-226,-226,-86,-86,1,1,0,0,0,0,0,0,0,0.382269591093,0.38226959109306335,0,-36,-36,-375,-375,406
00.png,00.png,00.png,00.png,14.png,16.png,18.png,20.png,22.png,"[-245, -92]","[205, 58]","[150, 100]","[-95, 58]","[55, 58]","[205, 208]","[-245, 58]","[-95, 208]","[55, 208]","[-245, 208]","[-95, -242]","[55, -242]","[205, -242]","[100, 100]","[-95, -92]","[55, -92]","[205, -92]","[-245, -242]",1,8,"[100, 100]","[100, 100]",dots,26.png,00.png,dots1.png,24.png,00.png,00.png,00.png,m,"[100, 100]","[100, 100]","[100, 100]","[100, 100]","[100, 100]","[100, 100]","[100, 100]","[100, 100]","[100, 100]","[100, 100]","[100, 100]","[0, -375]",ok.png,"[100, 100]","[100, 100]",60,2,1,1,1,0,0,0,0,0,0,0,0.964329063892,0.9643290638923644,0,-96,-96,-108,-108,1,1,0,0,0,0,0,0,0,0.431934982538,0.43193498253822327,0,-10,-10,-359,-359,245
00.png,00.png,00.png,00.png,13.png,10.png,00.png,00.png,16.png,"[-227, -74]","[223, 76]","[150, 100]","[-77, 76]","[73, 76]","[223, 226]","[-227, 76]","[-77, 226]","[73, 226]","[-227, 226]","[-77, -224]","[73, -224]","[223, -224]","[100, 100]","[-77, -74]","[73, -74]","[223, -74]","[-227, -224]",1,8,"[100, 100]","[100, 100]",dots,21.png,24.png,19.png,dots1.png,00.png,27.png,00.png,m,"[100, 100]","[100, 100]","[100, 100]","[100, 100]","[100, 100]","[100, 100]","[100, 100]","[100, 100]","[100, 100]","[100, 100]","[100, 100]","[0, -375]",ok.png,"[100, 100]","[100, 100]",61,2,1,1,1,0,0,0,0,0,0,0,1.08091938496,1.08091938495636,0,77,77,-81,-81,1,1,0,0,0,0,0,0,0,0.382043659687,0.38204365968704224,0,16,16,-362,-362,165
10.png,15.png,20.png,25.png,00.png,00.png,00.png,00.png,21.png,"[-211, -91]","[239, 59]","[150, 100]","[-61, 59]","[89, 59]","[239, 209]","[-211, 59]","[-61, 209]","[89, 209]","[-211, 209]","[-61, -241]","[89, -241]","[239, -241]","[100, 100]","[-61, -91]","[89, -91]","[239, -91]","[-211, -241]",1,8,"[100, 100]","[100, 100]",dots,dots1.png,00.png,16.png,11.png,00.png,00.png,00.png,m,"[100, 100]","[100, 100]","[100, 100]","[100, 100]","[100, 100]","[100, 100]","[100, 100]","[100, 100]","[100, 100]","[100, 100]","[100, 100]","[0, -375]",ok.png,"[100, 100]","[100, 100]",62,2,1,1,1,0,0,0,0,0,0,0,0.747613549232,0.7476135492324829,0,242,242,-74,-74,1,1,0,0,0,0,0,0,0,0.532036364079,0.5320363640785217,0,-9,-9,-345,-345,253
00.png,00.png,00.png,00.png,00.png,00.png,00.png,00.png,03.png,"[-239, -87]","[211, 63]","[150, 100]","[-89, 63]","[61, 63]","[211, 213]","[-239, 63]","[-89, 213]","[61, 213]","[-239, 213]","[-89, -237]","[61, -237]","[211, -237]","[100, 100]","[-89, -87]","[61, -87]","[211, -87]","[-239, -237]",1,8,"[100, 100]","[100, 100]",dots,08.png,dots1.png,01.png,07.png,04.png,05.png,02.png,m,"[100, 100]","[100, 100]","[100, 100]","[100, 100]","[100, 100]","[100, 100]","[100, 100]","[100, 100]","[100, 100]","[100, 100]","[100, 100]","[0, -375]",ok.png,"[100, 100]","[100, 100]",63,2,1,1,1,0,0,0,0,0,0,0,0.864602267742,0.864602267742157,0,-219,-219,-233,-233,1,1,0,0,0,0,0,0,0,0.415303647518,0.4153036475181579,0,-50,-50,-385,-385,166
29.png,00.png,00.png,16.png,00.png,00.png,33.png,08.png,13.png,"[-236, -97]","[214, 53]","[150, 100]","[-86, 53]","[64, 53]","[214, 203]","[-236, 53]","[-86, 203]","[64, 203]","[-236, 203]","[-86, -247]","[64, -247]","[214, -247]","[100, 100]","[-86, -97]","[64, -97]","[214, -97]","[-236, -247]",1,8,"[100, 100]","[100, 100]",dots,00.png,23.png,00.png,00.png,00.png,dots1.png,12.png,m,"[100, 100]","[100, 100]","[100, 100]","[100, 100]","[100, 100]","[100, 100]","[100, 100]","[100, 100]","[100, 100]","[100, 100]","[100, 100]","[0, -375]",ok.png,"[100, 100]","[100, 100]",64,2,1,1,1,0,0,0,0,0,0,0,1.31405973434,1.3140597343444824,0,-99,-99,-251,-251,1,1,0,0,0,0,0,0,0,0.548625707626,0.5486257076263428,0,-29,-29,-407,-407,60
00.png,00.png,00.png,00.png,00.png,00.png,00.png,33.png,27.png,"[-226, -51]","[224, 99]","[150, 100]","[-76, 99]","[74, 99]","[224, 249]","[-226, 99]","[-76, 249]","[74, 249]","[-226, 249]","[-76, -201]","[74, -201]","[224, -201]","[100, 100]","[-76, -51]","[74, -51]","[224, -51]","[-226, -201]",1,8,"[100, 100]","[100, 100]",dots,13.png,07.png,23.png,17.png,00.png,03.png,dots1.png,m,"[100, 100]","[100, 100]","[100, 100]","[100, 100]","[100, 100]","[100, 100]","[100, 100]","[100, 100]","[100, 100]","[100, 100]","[100, 100]","[0, -375]",ok.png,"[100, 100]","[100, 100]",65,2,1,1,1,0,0,0,0,0,0,0,0.997378945351,0.997378945350647,0,48,48,-197,-197,1,1,0,0,0,0,0,0,0,0.365191042423,0.3651910424232483,0,9,9,-382,-382,217
04.png,20.png,30.png,02.png,00.png,00.png,00.png,00.png,00.png,"[-204, -65]","[246, 85]","[150, 100]","[-54, 85]","[96, 85]","[246, 235]","[-204, 85]","[-54, 235]","[96, 235]","[-204, 235]","[-54, -215]","[96, -215]","[246, -215]","[100, 100]","[-54, -65]","[96, -65]","[246, -65]","[-204, -215]",1,8,"[100, 100]","[100, 100]",dots,00.png,14.png,00.png,00.png,dots1.png,07.png,17.png,m,"[100, 100]","[100, 100]","[100, 100]","[100, 100]","[100, 100]","[100, 100]","[100, 100]","[100, 100]","[100, 100]","[100, 100]","[100, 100]","[0, -375]",ok.png,"[100, 100]","[100, 100]",66,2,1,1,1,0,0,0,0,0,0,0,1.29732108116,1.297321081161499,0,270,270,-192,-192,1,1,0,0,0,0,0,0,0,0.515608847141,0.5156088471412659,0,5,5,-419,-419,44
00.png,19.png,29.png,00.png,00.png,02.png,32.png,00.png,00.png,"[-231, -60]","[219, 90]","[150, 100]","[-81, 90]","[69, 90]","[219, 240]","[-231, 90]","[-81, 240]","[69, 240]","[-231, 240]","[-81, -210]","[69, -210]","[219, -210]","[100, 100]","[-81, -60]","[69, -60]","[219, -60]","[-231, -210]",1,8,"[100, 100]","[100, 100]",dots,00.png,00.png,22.png,16.png,00.png,04.png,dots1.png,m,"[100, 100]","[100, 100]","[100, 100]","[100, 100]","[100, 100]","[100, 100]","[100, 100]","[100, 100]","[100, 100]","[100, 100]","[100, 100]","[0, -375]",ok.png,"[100, 100]","[100, 100]",67,2,1,1,1,0,0,0,0,0,0,0,1.01436960697,1.0143696069717407,0,63,63,-206,-206,1,1,0,0,0,0,0,0,0,0.281789690256,0.2817896902561188,0,-5,-5,-385,-385,153
00.png,00.png,00.png,05.png,21.png,00.png,00.png,00.png,00.png,"[-219, -83]","[231, 67]","[150, 100]","[-69, 67]","[81, 67]","[231, 217]","[-219, 67]","[-69, 217]","[81, 217]","[-219, 217]","[-69, -233]","[81, -233]","[231, -233]","[100, 100]","[-69, -83]","[81, -83]","[231, -83]","[-219, -233]",1,8,"[100, 100]","[100, 100]",dots,25.png,03.png,27.png,28.png,00.png,dots1.png,08.png,m,"[100, 100]","[100, 100]","[100, 100]","[100, 100]","[100, 100]","[100, 100]","[100, 100]","[100, 100]","[100, 100]","[100, 100]","[100, 100]","[0, -375]",ok.png,"[100, 100]","[100, 100]",68,2,1,1,1,0,0,0,0,0,0,0,0.93098115921,0.9309811592102052,0,-71,-71,-216,-216,1,1,0,0,0,0,0,0,0,0.815477609634,0.8154776096343994,0,-12,-12,-394,-394,120
06.png,00.png,15.png,17.png,00.png,00.png,16.png,00.png,00.png,"[-239, -60]","[211, 90]","[150, 100]","[-89, 90]","[61, 90]","[211, 240]","[-239, 90]","[-89, 240]","[61, 240]","[-239, 240]","[-89, -210]","[61, -210]","[211, -210]","[100, 100]","[-89, -60]","[61, -60]","[211, -60]","[-239, -210]",1,8,"[100, 100]","[100, 100]",dots,23.png,dots1.png,09.png,00.png,00.png,00.png,07.png,m,"[100, 100]","[100, 100]","[100, 100]","[100, 100]","[100, 100]","[100, 100]","[100, 100]","[100, 100]","[100, 100]","[100, 100]","[100, 100]","[0, -375]",ok.png,"[100, 100]","[100, 100]",69,2,1,1,1,0,0,0,0,0,0,0,1.83065450191,1.830654501914978,0,-225,-225,-211,-211,1,1,0,0,0,0,0,0,0,0.748935818672,0.7489358186721802,0,-17,-17,-365,-365,136
00.png,11.png,00.png,00.png,12.png,00.png,00.png,34.png,00.png,"[-210, -53]","[240, 97]","[150, 100]","[-60, 97]","[90, 97]","[240, 247]","[-210, 97]","[-60, 247]","[90, 247]","[-210, 247]","[-60, -203]","[90, -203]","[240, -203]","[100, 100]","[-60, -53]","[90, -53]","[240, -53]","[-210, -203]",1,8,"[100, 100]","[100, 100]",dots,dots1.png,31.png,30.png,08.png,00.png,00.png,32.png,m,"[100, 100]","[100, 100]","[100, 100]","[100, 100]","[100, 100]","[100, 100]","[100, 100]","[100, 100]","[100, 100]","[100, 100]","[100, 100]","[0, -375]",ok.png,"[100, 100]","[100, 100]",70,2,1,1,1,0,0,0,0,0,0,0,1.03097653389,1.0309765338897705,0,231,231,-40,-40,1,1,0,0,0,0,0,0,0,0.898747503757,0.8987475037574768,0,-28,-28,-387,-387,150
00.png,00.png,00.png,00.png,00.png,00.png,24.png,27.png,07.png,"[-223, -68]","[227, 82]","[150, 100]","[-73, 82]","[77, 82]","[227, 232]","[-223, 82]","[-73, 232]","[77, 232]","[-223, 232]","[-73, -218]","[77, -218]","[227, -218]","[100, 100]","[-73, -68]","[77, -68]","[227, -68]","[-223, -218]",1,8,"[100, 100]","[100, 100]",dots,10.png,13.png,09.png,dots1.png,00.png,16.png,00.png,m,"[100, 100]","[100, 100]","[100, 100]","[100, 100]","[100, 100]","[100, 100]","[100, 100]","[100, 100]","[100, 100]","[100, 100]","[100, 100]","[0, -375]",ok.png,"[100, 100]","[100, 100]",71,2,1,1,1,0,0,0,0,0,0,0,0.731066823006,0.7310668230056763,0,80,80,-51,-51,1,1,0,0,0,0,0,0,0,0.382037729025,0.3820377290248871,0,11,11,-385,-385,402
00.png,00.png,25.png,00.png,33.png,00.png,05.png,00.png,01.png,"[-230, -65]","[220, 85]","[150, 100]","[-80, 85]","[70, 85]","[220, 235]","[-230, 85]","[-80, 235]","[70, 235]","[-230, 235]","[-80, -215]","[70, -215]","[220, -215]","[100, 100]","[-80, -65]","[70, -65]","[220, -65]","[-230, -215]",1,8,"[100, 100]","[100, 100]",dots,10.png,00.png,dots1.png,00.png,30.png,20.png,00.png,m,"[100, 100]","[100, 100]","[100, 100]","[100, 100]","[100, 100]","[100, 100]","[100, 100]","[100, 100]","[100, 100]","[100, 100]","[100, 100]","[0, -375]",ok.png,"[100, 100]","[100, 100]",72,2,1,1,1,0,0,0,0,0,0,0,0.613978028297,0.6139780282974243,0,-85,-85,-57,-57,1,1,0,0,0,0,0,0,0,0.532563209534,0.5325632095336914,0,-18,-18,-422,-422,303
00.png,00.png,00.png,18.png,00.png,14.png,00.png,09.png,dots1.png,"[-204, -66]","[246, 84]","[150, 100]","[-54, 84]","[96, 84]","[246, 234]","[-204, 84]","[-54, 234]","[96, 234]","[-204, 234]","[-54, -216]","[96, -216]","[246, -216]","[100, 100]","[-54, -66]","[96, -66]","[246, -66]","[-204, -216]",1,8,"[100, 100]","[100, 100]",dots,00.png,26.png,02.png,04.png,00.png,24.png,00.png,m,"[100, 100]","[100, 100]","[100, 100]","[100, 100]","[100, 100]","[100, 100]","[100, 100]","[100, 100]","[100, 100]","[100, 100]","[100, 100]","[0, -375]",ok.png,"[100, 100]","[100, 100]",73,2,1,1,1,0,0,0,0,0,0,0,1.58204495907,1.5820449590682983,0,-208,-208,-67,-67,1,1,0,0,0,0,0,0,0,1.09943377972,1.0994337797164917,0,-9,-9,-370,-370,50
00.png,14.png,00.png,00.png,11.png,07.png,00.png,dots1.png,18.png,"[-205, -86]","[245, 64]","[150, 100]","[-55, 64]","[95, 64]","[245, 214]","[-205, 64]","[-55, 214]","[95, 214]","[-205, 214]","[-55, -236]","[95, -236]","[245, -236]","[100, 100]","[-55, -86]","[95, -86]","[245, -86]","[-205, -236]",1,8,"[100, 100]","[100, 100]",dots,30.png,09.png,00.png,00.png,19.png,00.png,00.png,m,"[100, 100]","[100, 100]","[100, 100]","[100, 100]","[100, 100]","[100, 100]","[100, 100]","[100, 100]","[100, 100]","[100, 100]","[100, 100]","[0, -375]",ok.png,"[100, 100]","[100, 100]",74,2,1,1,1,0,0,0,0,0,0,0,1.29746079445,1.2974607944488523,0,237,237,82,82,1,1,0,0,0,0,0,0,0,0.598734021187,0.5987340211868286,0,25,25,-375,-375,87
31.png,00.png,13.png,00.png,23.png,00.png,dots1.png,00.png,33.png,"[-247, -77]","[203, 73]","[150, 100]","[-97, 73]","[53, 73]","[203, 223]","[-247, 73]","[-97, 223]","[53, 223]","[-247, 223]","[-97, -227]","[53, -227]","[203, -227]","[100, 100]","[-97, -77]","[53, -77]","[203, -77]","[-247, -227]",1,8,"[100, 100]","[100, 100]",dots,00.png,19.png,00.png,14.png,00.png,00.png,29.png,m,"[100, 100]","[100, 100]","[100, 100]","[100, 100]","[100, 100]","[100, 100]","[100, 100]","[100, 100]","[100, 100]","[100, 100]","[100, 100]","[0, -375]",ok.png,"[100, 100]","[100, 100]",75,2,1,1,1,0,0,0,0,0,0,0,1.34751296043,1.34751296043396,0,39,39,82,82,1,1,0,0,0,0,0,0,0,0.482062458992,0.4820624589920044,0,-22,-22,-330,-330,287
00.png,00.png,00.png,00.png,00.png,00.png,00.png,00.png,07.png,"[-207, -91]","[243, 59]","[150, 100]","[-57, 59]","[93, 59]","[243, 209]","[-207, 59]","[-57, 209]","[93, 209]","[-207, 209]","[-57, -241]","[93, -241]","[243, -241]","[100, 100]","[-57, -91]","[93, -91]","[243, -91]","[-207, -241]",1,8,"[100, 100]","[100, 100]",dots,04.png,03.png,06.png,05.png,dots2.png,02.png,01.png,m,"[100, 100]","[100, 100]","[100, 100]","[100, 100]","[100, 100]","[100, 100]","[100, 100]","[100, 100]","[100, 100]","[100, 100]","[100, 100]","[0, -375]",ok.png,"[100, 100]","[100, 100]",76,2,1,1,1,0,0,0,0,0,0,0,0.79772156477,0.7977215647697449,0,237,237,-276,-276,1,1,0,0,0,0,0,0,0,0.382113039494,0.3821130394935608,0,25,25,-359,-359,431
00.png,00.png,00.png,00.png,00.png,00.png,14.png,00.png,13.png,"[-237, -86]","[213, 64]","[150, 100]","[-87, 64]","[63, 64]","[213, 214]","[-237, 64]","[-87, 214]","[63, 214]","[-237, 214]","[-87, -236]","[63, -236]","[213, -236]","[100, 100]","[-87, -86]","[63, -86]","[213, -86]","[-237, -236]",1,8,"[100, 100]","[100, 100]",dots,10.png,00.png,12.png,11.png,08.png,09.png,dots2.png,m,"[100, 100]","[100, 100]","[100, 100]","[100, 100]","[100, 100]","[100, 100]","[100, 100]","[100, 100]","[100, 100]","[100, 100]","[100, 100]","[0, -375]",ok.png,"[100, 100]","[100, 100]",77,2,1,1,1,0,0,0,0,0,0,0,1.49738240242,1.497382402420044,0,49,49,-232,-232,1,1,0,0,0,0,0,0,0,0.632161140442,0.6321611404418945,0,10,10,-393,-393,6
00.png,00.png,00.png,00.png,00.png,00.png,21.png,20.png,19.png,"[-231, -93]","[219, 57]","[150, 100]","[-81, 57]","[69, 57]","[219, 207]","[-231, 57]","[-81, 207]","[69, 207]","[-231, 207]","[-81, -243]","[69, -243]","[219, -243]","[100, 100]","[-81, -93]","[69, -93]","[219, -93]","[-231, -243]",1,8,"[100, 100]","[100, 100]",dots,16.png,15.png,18.png,17.png,00.png,dots2.png,00.png,m,"[100, 100]","[100, 100]","[100, 100]","[100, 100]","[100, 100]","[100, 100]","[100, 100]","[100, 100]","[100, 100]","[100, 100]","[100, 100]","[0, -375]",ok.png,"[100, 100]","[100, 100]",78,2,1,1,1,0,0,0,0,0,0,0,1.21430253983,1.2143025398254397,0,-89,-89,-260,-260,1,1,0,0,0,0,0,0,0,0.265310645103,0.2653106451034546,0,-34,-34,-339,-339,439
00.png,00.png,00.png,00.png,00.png,00.png,31.png,27.png,26.png,"[-245, -78]","[205, 72]","[150, 100]","[-95, 72]","[55, 72]","[205, 222]","[-245, 72]","[-95, 222]","[55, 222]","[-245, 222]","[-95, -228]","[55, -228]","[205, -228]","[100, 100]","[-95, -78]","[55, -78]","[205, -78]","[-245, -228]",1,8,"[100, 100]","[100, 100]",dots,00.png,dots2.png,28.png,00.png,22.png,24.png,23.png,m,"[100, 100]","[100, 100]","[100, 100]","[100, 100]","[100, 100]","[100, 100]","[100, 100]","[100, 100]","[100, 100]","[100, 100]","[100, 100]","[0, -375]",ok.png,"[100, 100]","[100, 100]",79,2,1,1,1,0,0,0,0,0,0,0,1.28091239929,1.2809123992919922,0,-229,-229,-226,-226,1,1,0,0,0,0,0,0,0,1.0319839716,1.0319839715957642,0,8,8,-364,-364,42
00.png,00.png,00.png,00.png,01.png,34.png,33.png,32.png,31.png,"[-210, -62]","[240, 88]","[150, 100]","[-60, 88]","[90, 88]","[240, 238]","[-210, 88]","[-60, 238]","[90, 238]","[-210, 238]","[-60, -212]","[90, -212]","[240, -212]","[100, 100]","[-60, -62]","[90, -62]","[240, -62]","[-210, -212]",1,8,"[100, 100]","[100, 100]",dots,dots2.png,00.png,30.png,29.png,00.png,00.png,00.png,m,"[100, 100]","[100, 100]","[100, 100]","[100, 100]","[100, 100]","[100, 100]","[100, 100]","[100, 100]","[100, 100]","[100, 100]","[100, 100]","[0, -375]",ok.png,"[100, 100]","[100, 100]",80,2,1,1,1,0,0,0,0,0,0,0,0.91405159235,0.914051592350006,0,262,262,-50,-50,1,1,0,0,0,0,0,0,0,0.382161259651,0.3821612596511841,0,-68,-68,-405,-405,112
00.png,00.png,23.png,17.png,00.png,00.png,15.png,06.png,00.png,"[-212, -52]","[238, 98]","[150, 100]","[-62, 98]","[88, 98]","[238, 248]","[-212, 98]","[-62, 248]","[88, 248]","[-212, 248]","[-62, -202]","[88, -202]","[238, -202]","[100, 100]","[-62, -52]","[88, -52]","[238, -52]","[-212, -202]",1,8,"[100, 100]","[100, 100]",dots,04.png,00.png,00.png,dots2.png,01.png,00.png,34.png,m,"[100, 100]","[100, 100]","[100, 100]","[100, 100]","[100, 100]","[100, 100]","[100, 100]","[100, 100]","[100, 100]","[100, 100]","[100, 100]","[0, -375]",ok.png,"[100, 100]","[100, 100]",81,2,1,1,1,0,0,0,0,0,0,0,0.964309871197,0.9643098711967468,0,85,85,-75,-75,1,1,0,0,0,0,0,0,0,0.615239858627,0.6152398586273193,0,7,7,-362,-362,83
14.png,09.png,22.png,06.png,00.png,00.png,00.png,00.png,25.png,"[-239, -55]","[211, 95]","[150, 100]","[-89, 95]","[61, 95]","[211, 245]","[-239, 95]","[-89, 245]","[61, 245]","[-239, 245]","[-89, -205]","[61, -205]","[211, -205]","[100, 100]","[-89, -55]","[61, -55]","[211, -55]","[-239, -205]",1,8,"[100, 100]","[100, 100]",dots,07.png,00.png,dots2.png,03.png,00.png,00.png,00.png,m,"[100, 100]","[100, 100]","[100, 100]","[100, 100]","[100, 100]","[100, 100]","[100, 100]","[100, 100]","[100, 100]","[100, 100]","[100, 100]","[0, -375]",ok.png,"[100, 100]","[100, 100]",82,2,1,1,1,0,0,0,0,0,0,0,0.680916547775,0.6809165477752686,0,-93,-93,-82,-82,1,1,0,0,0,0,0,0,0,0.548930943012,0.5489309430122375,0,14,14,-417,-417,268
00.png,00.png,00.png,00.png,31.png,30.png,17.png,00.png,dots2.png,"[-216, -79]","[234, 71]","[150, 100]","[-66, 71]","[84, 71]","[234, 221]","[-216, 71]","[-66, 221]","[84, 221]","[-216, 221]","[-66, -229]","[84, -229]","[234, -229]","[100, 100]","[-66, -79]","[84, -79]","[234, -79]","[-216, -229]",1,8,"[100, 100]","[100, 100]",dots,00.png,07.png,27.png,00.png,00.png,33.png,05.png,m,"[100, 100]","[100, 100]","[100, 100]","[100, 100]","[100, 100]","[100, 100]","[100, 100]","[100, 100]","[100, 100]","[100, 100]","[100, 100]","[0, -375]",ok.png,"[100, 100]","[100, 100]",83,2,1,1,1,0,0,0,0,0,0,0,0.830956101418,0.8309561014175415,0,-61,-61,-89,-89,1,1,0,0,0,0,0,0,0,0.182305008173,0.1823050081729889,0,-248,-248,-27,-27,320
33.png,31.png,25.png,21.png,27.png,23.png,29.png,dots2.png,00.png,"[-235, -96]","[215, 54]","[150, 100]","[-85, 54]","[65, 54]","[215, 204]","[-235, 54]","[-85, 204]","[65, 204]","[-235, 204]","[-85, -246]","[65, -246]","[215, -246]","[100, 100]","[-85, -96]","[65, -96]","[215, -96]","[-235, -246]",1,8,"[100, 100]","[100, 100]",dots,00.png,00.png,00.png,00.png,00.png,00.png,00.png,m,"[100, 100]","[100, 100]","[100, 100]","[100, 100]","[100, 100]","[100, 100]","[100, 100]","[100, 100]","[100, 100]","[100, 100]","[100, 100]","[0, -375]",ok.png,"[100, 100]","[100, 100]",84,2,1,1,1,0,0,0,0,0,0,0,0.814291417599,0.8142914175987244,0,206,206,79,79,1,1,0,0,0,0,0,0,0,0.615372300148,0.6153723001480103,0,-33,-33,-314,-314,283
00.png,00.png,00.png,00.png,26.png,24.png,dots2.png,22.png,20.png,"[-226, -56]","[224, 94]","[150, 100]","[-76, 94]","[74, 94]","[224, 244]","[-226, 94]","[-76, 244]","[74, 244]","[-226, 244]","[-76, -206]","[74, -206]","[224, -206]","[100, 100]","[-76, -56]","[74, -56]","[224, -56]","[-226, -206]",1,8,"[100, 100]","[100, 100]",dots,14.png,00.png,18.png,16.png,00.png,00.png,00.png,m,"[100, 100]","[100, 100]","[100, 100]","[100, 100]","[100, 100]","[100, 100]","[100, 100]","[100, 100]","[100, 100]","[100, 100]","[100, 100]","[0, -375]",ok.png,"[100, 100]","[100, 100]",85,2,1,1,1,0,0,0,0,0,0,0,2.01442980766,2.014429807662964,0,80,80,89,89,1,1,0,0,0,0,0,0,0,0.815362989902,0.8153629899024963,0,7,7,-335,-335,23
00.png,00.png,27.png,24.png,21.png,dots2.png,19.png,16.png,00.png,"[-227, -72]","[223, 78]","[150, 100]","[-77, 78]","[73, 78]","[223, 228]","[-227, 78]","[-77, 228]","[73, 228]","[-227, 228]","[-77, -222]","[73, -222]","[223, -222]","[100, 100]","[-77, -72]","[73, -72]","[223, -72]","[-227, -222]",1,8,"[100, 100]","[100, 100]",dots,13.png,00.png,00.png,10.png,00.png,00.png,00.png,m,"[100, 100]","[100, 100]","[100, 100]","[100, 100]","[100, 100]","[100, 100]","[100, 100]","[100, 100]","[100, 100]","[100, 100]","[100, 100]","[0, -375]",ok.png,"[100, 100]","[100, 100]",86,2,1,1,1,0,0,0,0,0,0,0,1.03094315529,1.0309431552886963,0,-85,-85,81,81,1,1,0,0,0,0,0,0,0,0.5824406147,0.5824406147003174,0,-2,-2,-349,-349,96
00.png,00.png,00.png,00.png,dots2.png,11.png,16.png,21.png,00.png,"[-216, -84]","[234, 66]","[150, 100]","[-66, 66]","[84, 66]","[234, 216]","[-216, 66]","[-66, 216]","[84, 216]","[-216, 216]","[-66, -234]","[84, -234]","[234, -234]","[100, 100]","[-66, -84]","[84, -84]","[234, -84]","[-216, -234]",1,8,"[100, 100]","[100, 100]",dots,00.png,25.png,00.png,00.png,10.png,20.png,15.png,m,"[100, 100]","[100, 100]","[100, 100]","[100, 100]","[100, 100]","[100, 100]","[100, 100]","[100, 100]","[100, 100]","[100, 100]","[100, 100]","[0, -375]",ok.png,"[100, 100]","[100, 100]",87,2,1,1,1,0,0,0,0,0,0,0,1.14759266376,1.1475926637649536,0,-195,-195,54,54,1,1,0,0,0,0,0,0,0,0.598696053028,0.5986960530281067,0,-30,-30,-417,-417,337
04.png,02.png,05.png,dots2.png,08.png,07.png,01.png,03.png,00.png,"[-220, -58]","[230, 92]","[150, 100]","[-70, 92]","[80, 92]","[230, 242]","[-220, 92]","[-70, 242]","[80, 242]","[-220, 242]","[-70, -208]","[80, -208]","[230, -208]","[100, 100]","[-70, -58]","[80, -58]","[230, -58]","[-220, -208]",1,8,"[100, 100]","[100, 100]",dots,00.png,00.png,00.png,00.png,00.png,00.png,00.png,m,"[100, 100]","[100, 100]","[100, 100]","[100, 100]","[100, 100]","[100, 100]","[100, 100]","[100, 100]","[100, 100]","[100, 100]","[100, 100]","[0, -375]",ok.png,"[100, 100]","[100, 100]",88,2,1,1,1,0,0,0,0,0,0,0,1.18085753918,1.180857539176941,0,217,217,236,236,1,1,0,0,0,0,0,0,0,0.699432969093,0.6994329690933228,0,36,36,-381,-381,225
00.png,12.png,dots2.png,23.png,00.png,00.png,00.png,13.png,08.png,"[-242, -59]","[208, 91]","[150, 100]","[-92, 91]","[58, 91]","[208, 241]","[-242, 91]","[-92, 241]","[58, 241]","[-242, 241]","[-92, -209]","[58, -209]","[208, -209]","[100, 100]","[-92, -59]","[58, -59]","[208, -59]","[-242, -209]",1,8,"[100, 100]","[100, 100]",dots,00.png,16.png,33.png,00.png,29.png,00.png,00.png,m,"[100, 100]","[100, 100]","[100, 100]","[100, 100]","[100, 100]","[100, 100]","[100, 100]","[100, 100]","[100, 100]","[100, 100]","[100, 100]","[0, -375]",ok.png,"[100, 100]","[100, 100]",89,2,1,1,1,0,0,0,0,0,0,0,0.84740871191,0.8474087119102478,0,48,48,223,223,1,1,0,0,0,0,0,0,0,0.815589547157,0.8155895471572876,0,-4,-4,-378,-378,67
00.png,dots2.png,03.png,07.png,13.png,17.png,23.png,27.png,33.png,"[-239, -68]","[211, 82]","[150, 100]","[-89, 82]","[61, 82]","[211, 232]","[-239, 82]","[-89, 232]","[61, 232]","[-239, 232]","[-89, -218]","[61, -218]","[211, -218]","[100, 100]","[-89, -68]","[61, -68]","[211, -68]","[-239, -218]",1,8,"[100, 100]","[100, 100]",dots,00.png,00.png,00.png,00.png,00.png,00.png,00.png,m,"[100, 100]","[100, 100]","[100, 100]","[100, 100]","[100, 100]","[100, 100]","[100, 100]","[100, 100]","[100, 100]","[100, 100]","[100, 100]","[0, -375]",ok.png,"[100, 100]","[100, 100]",90,2,1,1,1,0,0,0,0,0,0,0,0.98071295023,0.9807129502296448,0,-87,-87,224,224,1,1,0,0,0,0,0,0,0,0.615323722363,0.6153237223625183,0,-7,-7,-318,-318,126
dots2.png,17.png,07.png,14.png,00.png,00.png,00.png,00.png,00.png,"[-238, -97]","[212, 53]","[150, 100]","[-88, 53]","[62, 53]","[212, 203]","[-238, 53]","[-88, 203]","[62, 203]","[-238, 203]","[-88, -247]","[62, -247]","[212, -247]","[100, 100]","[-88, -97]","[62, -97]","[212, -97]","[-238, -247]",1,8,"[100, 100]","[100, 100]",dots,00.png,02.png,00.png,00.png,04.png,30.png,20.png,m,"[100, 100]","[100, 100]","[100, 100]","[100, 100]","[100, 100]","[100, 100]","[100, 100]","[100, 100]","[100, 100]","[100, 100]","[100, 100]","[0, -375]",ok.png,"[100, 100]","[100, 100]",91,2,1,1,1,0,0,0,0,0,0,0,1.79751443863,1.7975144386291504,0,-234,-234,217,217,1,1,0,0,0,0,0,0,0,0.932044804096,0.932044804096222,0,-22,-22,-387,-387,8
00.png,dots2.png,04.png,00.png,00.png,16.png,22.png,00.png,00.png,"[-244, -51]","[206, 99]","[150, 100]","[-94, 99]","[56, 99]","[206, 249]","[-244, 99]","[-94, 249]","[56, 249]","[-244, 249]","[-94, -201]","[56, -201]","[206, -201]","[100, 100]","[-94, -51]","[56, -51]","[206, -51]","[-244, -201]",1,8,"[100, 100]","[100, 100]",dots,00.png,00.png,32.png,02.png,00.png,29.png,19.png,m,"[100, 100]","[100, 100]","[100, 100]","[100, 100]","[100, 100]","[100, 100]","[100, 100]","[100, 100]","[100, 100]","[100, 100]","[100, 100]","[0, -375]",ok.png,"[100, 100]","[100, 100]",92,2,1,1,1,0,0,0,0,0,0,0,0.898449897766,0.8984498977661133,0,-102,-102,254,254,1,1,0,0,0,0,0,0,0,1.33264291286,1.332642912864685,0,-9,-9,-376,-376,49
00.png,08.png,dots2.png,03.png,25.png,28.png,27.png,00.png,00.png,"[-223, -82]","[227, 68]","[150, 100]","[-73, 68]","[77, 68]","[227, 218]","[-223, 68]","[-73, 218]","[77, 218]","[-223, 218]","[-73, -232]","[77, -232]","[227, -232]","[100, 100]","[-73, -82]","[77, -82]","[227, -82]","[-223, -232]",1,8,"[100, 100]","[100, 100]",dots,21.png,05.png,00.png,00.png,00.png,00.png,00.png,m,"[100, 100]","[100, 100]","[100, 100]","[100, 100]","[100, 100]","[100, 100]","[100, 100]","[100, 100]","[100, 100]","[100, 100]","[100, 100]","[0, -375]",ok.png,"[100, 100]","[100, 100]",93,2,1,1,1,0,0,0,0,0,0,0,1.18082785606,1.1808278560638428,0,70,70,206,206,1,1,0,0,0,0,0,0,0,0.682219266891,0.6822192668914795,0,38,38,-359,-359,162
00.png,07.png,00.png,dots2.png,23.png,00.png,09.png,00.png,00.png,"[-224, -87]","[226, 63]","[150, 100]","[-74, 63]","[76, 63]","[226, 213]","[-224, 63]","[-74, 213]","[76, 213]","[-224, 213]","[-74, -237]","[76, -237]","[226, -237]","[100, 100]","[-74, -87]","[76, -87]","[226, -87]","[-224, -237]",1,8,"[100, 100]","[100, 100]",dots,00.png,17.png,16.png,00.png,06.png,15.png,00.png,m,"[100, 100]","[100, 100]","[100, 100]","[100, 100]","[100, 100]","[100, 100]","[100, 100]","[100, 100]","[100, 100]","[100, 100]","[100, 100]","[0, -375]",ok.png,"[100, 100]","[100, 100]",94,2,1,1,1,0,0,0,0,0,0,0,1.36426615715,1.3642661571502686,0,-210,-210,35,35,1,1,0,0,0,0,0,0,0,2.36524915695,2.3652491569519043,0,202,202,195,195,129
00.png,32.png,00.png,31.png,dots2.png,08.png,30.png,00.png,34.png,"[-204, -65]","[246, 85]","[150, 100]","[-54, 85]","[96, 85]","[246, 235]","[-204, 85]","[-54, 235]","[96, 235]","[-204, 235]","[-54, -215]","[96, -215]","[246, -215]","[100, 100]","[-54, -65]","[96, -65]","[246, -65]","[-204, -215]",1,8,"[100, 100]","[100, 100]",dots,12.png,00.png,00.png,00.png,00.png,00.png,11.png,m,"[100, 100]","[100, 100]","[100, 100]","[100, 100]","[100, 100]","[100, 100]","[100, 100]","[100, 100]","[100, 100]","[100, 100]","[100, 100]","[0, -375]",ok.png,"[100, 100]","[100, 100]",95,2,1,1,1,0,0,0,0,0,0,0,0.697467565536,0.697467565536499,0,-195,-195,97,97,1,1,0,0,0,0,0,0,0,0.93219935894,0.9321993589401244,0,-13,-13,-373,-373,183
00.png,00.png,16.png,13.png,10.png,dots2.png,09.png,07.png,27.png,"[-214, -74]","[236, 76]","[150, 100]","[-64, 76]","[86, 76]","[236, 226]","[-214, 76]","[-64, 226]","[86, 226]","[-214, 226]","[-64, -224]","[86, -224]","[236, -224]","[100, 100]","[-64, -74]","[86, -74]","[236, -74]","[-214, -224]",1,8,"[100, 100]","[100, 100]",dots,00.png,00.png,24.png,00.png,00.png,00.png,00.png,m,"[100, 100]","[100, 100]","[100, 100]","[100, 100]","[100, 100]","[100, 100]","[100, 100]","[100, 100]","[100, 100]","[100, 100]","[100, 100]","[0, -375]",ok.png,"[100, 100]","[100, 100]",96,2,1,1,1,0,0,0,0,0,0,0,0.964093208313,0.9640932083129884,0,-41,-41,92,92,1,1,0,0,0,0,0,0,0,0.815635144711,0.8156351447105408,0,-22,-22,-307,-307,265
30.png,00.png,20.png,00.png,10.png,00.png,dots2.png,01.png,00.png,"[-249, -81]","[201, 69]","[150, 100]","[-99, 69]","[51, 69]","[201, 219]","[-249, 69]","[-99, 219]","[51, 219]","[-249, 219]","[-99, -231]","[51, -231]","[201, -231]","[100, 100]","[-99, -81]","[51, -81]","[201, -81]","[-249, -231]",1,8,"[100, 100]","[100, 100]",dots,33.png,00.png,05.png,00.png,00.png,25.png,00.png,m,"[100, 100]","[100, 100]","[100, 100]","[100, 100]","[100, 100]","[100, 100]","[100, 100]","[100, 100]","[100, 100]","[100, 100]","[100, 100]","[0, -375]",ok.png,"[100, 100]","[100, 100]",97,2,1,1,1,0,0,0,0,0,0,0,0.664299726486,0.664299726486206,0,39,39,80,80,1,1,0,0,0,0,0,0,0,0.532172739506,0.5321727395057678,0,0,0,-351,-351,131
00.png,00.png,24.png,26.png,00.png,04.png,02.png,dots2.png,09.png,"[-200, -53]","[250, 97]","[150, 100]","[-50, 97]","[100, 97]","[250, 247]","[-200, 97]","[-50, 247]","[100, 247]","[-200, 247]","[-50, -203]","[100, -203]","[250, -203]","[100, 100]","[-50, -53]","[100, -53]","[250, -53]","[-200, -203]",1,8,"[100, 100]","[100, 100]",dots,00.png,18.png,00.png,14.png,00.png,00.png,00.png,m,"[100, 100]","[100, 100]","[100, 100]","[100, 100]","[100, 100]","[100, 100]","[100, 100]","[100, 100]","[100, 100]","[100, 100]","[100, 100]","[0, -375]",ok.png,"[100, 100]","[100, 100]",98,2,1,1,1,0,0,0,0,0,0,0,0.964150667191,0.9641506671905518,0,245,245,107,107,1,1,0,0,0,0,0,0,0,0.715369641781,0.7153696417808533,0,-8,-8,-330,-330,145
19.png,00.png,00.png,09.png,30.png,00.png,00.png,18.png,dots2.png,"[-239, -55]","[211, 95]","[150, 100]","[-89, 95]","[61, 95]","[211, 245]","[-239, 95]","[-89, 245]","[61, 245]","[-239, 245]","[-89, -205]","[61, -205]","[211, -205]","[100, 100]","[-89, -55]","[61, -55]","[211, -55]","[-239, -205]",1,8,"[100, 100]","[100, 100]",dots,11.png,00.png,00.png,07.png,00.png,00.png,14.png,m,"[100, 100]","[100, 100]","[100, 100]","[100, 100]","[100, 100]","[100, 100]","[100, 100]","[100, 100]","[100, 100]","[100, 100]","[100, 100]","[0, -375]",ok.png,"[100, 100]","[100, 100]",99,2,1,1,1,0,0,0,0,0,0,0,0.680972695351,0.680972695350647,0,-228,-228,-66,-66,1,1,0,0,0,0,0,0,0,0.39890024066,0.39890024065971375,0,-30,-30,-388,-388,358
00.png,29.png,00.png,19.png,00.png,14.png,00.png,33.png,00.png,"[-223, -92]","[227, 58]","[150, 100]","[-73, 58]","[77, 58]","[227, 208]","[-223, 58]","[-73, 208]","[77, 208]","[-223, 208]","[-73, -242]","[77, -242]","[227, -242]","[100, 100]","[-73, -92]","[77, -92]","[227, -92]","[-223, -242]",1,8,"[100, 100]","[100, 100]",dots,23.png,00.png,dots2.png,00.png,31.png,13.png,00.png,m,"[100, 100]","[100, 100]","[100, 100]","[100, 100]","[100, 100]","[100, 100]","[100, 100]","[100, 100]","[100, 100]","[100, 100]","[100, 100]","[0, -375]",ok.png,"[100, 100]","[100, 100]",100,2,1,1,1,0,0,0,0,0,0,0,0.847646892071,0.8476468920707703,0,-83,-83,-77,-77,1,1,0,0,0,0,0,0,0,0.56550014019,0.5655001401901245,0,-41,-41,-353,-353,199
dots1.png,01.png,02.png,03.png,04.png,05.png,06.png,tray1.png,00.png,"[-229, -90]","[221, 60]","[150, 100]","[-79, 60]","[71, 60]","[221, 210]","[-229, 60]","[-79, 210]","[71, 210]","[-229, 210]","[-79, -240]","[71, -240]","[221, -240]","[100, 100]","[-79, -90]","[71, -90]","[221, -90]","[-229, -240]",1,8,"[100, 100]","[100, 100]",both,00.png,00.png,00.png,00.png,00.png,00.png,00.png,m,"[100, 100]","[100, 100]","[100, 100]","[100, 100]","[100, 100]","[100, 100]","[100, 100]","[100, 100]","[100, 100]","[100, 100]","[100, 100]","[0, -375]",ok.png,"[100, 100]","[100, 100]",101,3,1,1,1,0,0,0,0,0,0,0,1.08075582981,1.0807558298110962,0,247,247,68,68,1,1,0,0,0,0,0,0,0,0.398872822523,0.39887282252311707,0,-230,-230,193,193,282
08.png,dots1.png,09.png,00.png,10.png,11.png,tray1.png,13.png,00.png,"[-226, -89]","[224, 61]","[150, 100]","[-76, 61]","[74, 61]","[224, 211]","[-226, 61]","[-76, 211]","[74, 211]","[-226, 211]","[-76, -239]","[74, -239]","[224, -239]","[100, 100]","[-76, -89]","[74, -89]","[224, -89]","[-226, -239]",1,8,"[100, 100]","[100, 100]",both,00.png,00.png,14.png,00.png,00.png,00.png,00.png,m,"[100, 100]","[100, 100]","[100, 100]","[100, 100]","[100, 100]","[100, 100]","[100, 100]","[100, 100]","[100, 100]","[100, 100]","[100, 100]","[0, -375]",ok.png,"[100, 100]","[100, 100]",102,3,1,1,1,0,0,0,0,0,0,0,0.831098139286,0.8310981392860413,0,68,68,68,68,1,1,0,0,0,0,0,0,0,0.648599565029,0.6485995650291443,0,-76,-76,214,214,331
00.png,00.png,dots1.png,15.png,16.png,tray1.png,18.png,19.png,20.png,"[-202, -59]","[248, 91]","[150, 100]","[-52, 91]","[98, 91]","[248, 241]","[-202, 91]","[-52, 241]","[98, 241]","[-202, 241]","[-52, -209]","[98, -209]","[248, -209]","[100, 100]","[-52, -59]","[98, -59]","[248, -59]","[-202, -209]",1,8,"[100, 100]","[100, 100]",both,00.png,00.png,21.png,00.png,00.png,00.png,00.png,m,"[100, 100]","[100, 100]","[100, 100]","[100, 100]","[100, 100]","[100, 100]","[100, 100]","[100, 100]","[100, 100]","[100, 100]","[100, 100]","[0, -375]",ok.png,"[100, 100]","[100, 100]",103,3,1,1,1,0,0,0,0,0,0,0,0.997596979141,0.9975969791412354,0,83,83,225,225,1,1,0,0,0,0,0,0,0,0.648669600487,0.6486696004867554,0,-50,-50,119,119,311
22.png,23.png,24.png,dots1.png,00.png,00.png,25.png,26.png,00.png,"[-203, -73]","[247, 77]","[150, 100]","[-53, 77]","[97, 77]","[247, 227]","[-203, 77]","[-53, 227]","[97, 227]","[-203, 227]","[-53, -223]","[97, -223]","[247, -223]","[100, 100]","[-53, -73]","[97, -73]","[247, -73]","[-203, -223]",1,8,"[100, 100]","[100, 100]",both,28.png,00.png,00.png,tray1.png,00.png,00.png,00.png,m,"[100, 100]","[100, 100]","[100, 100]","[100, 100]","[100, 100]","[100, 100]","[100, 100]","[100, 100]","[100, 100]","[100, 100]","[100, 100]","[0, -375]",ok.png,"[100, 100]","[100, 100]",104,3,1,1,1,0,0,0,0,0,0,0,0.74765086174,0.7476508617401123,0,93,93,-73,-73,1,1,0,0,0,0,0,0,0,0.682031333447,0.6820313334465027,0,221,221,207,207,398
00.png,00.png,00.png,00.png,dots1.png,29.png,30.png,31.png,32.png,"[-210, -55]","[240, 95]","[150, 100]","[-60, 95]","[90, 95]","[240, 245]","[-210, 95]","[-60, 245]","[90, 245]","[-210, 245]","[-60, -205]","[90, -205]","[240, -205]","[100, 100]","[-60, -55]","[90, -55]","[240, -55]","[-210, -205]",1,8,"[100, 100]","[100, 100]",both,tray1.png,00.png,33.png,34.png,00.png,00.png,00.png,m,"[100, 100]","[100, 100]","[100, 100]","[100, 100]","[100, 100]","[100, 100]","[100, 100]","[100, 100]","[100, 100]","[100, 100]","[100, 100]","[0, -375]",ok.png,"[100, 100]","[100, 100]",105,3,1,1,1,0,0,0,0,0,0,0,0.830741763115,0.8307417631149292,0,-211,-211,98,98,1,1,0,0,0,0,0,0,0,0.548960983753,0.5489609837532043,0,228,228,-25,-25,25
01.png,tray1.png,00.png,00.png,04.png,dots1.png,00.png,00.png,06.png,"[-227, -63]","[223, 87]","[150, 100]","[-77, 87]","[73, 87]","[223, 237]","[-227, 87]","[-77, 237]","[73, 237]","[-227, 237]","[-77, -213]","[73, -213]","[223, -213]","[100, 100]","[-77, -63]","[73, -63]","[223, -63]","[-227, -213]",1,8,"[100, 100]","[100, 100]",both,00.png,17.png,15.png,00.png,00.png,23.png,00.png,m,"[100, 100]","[100, 100]","[100, 100]","[100, 100]","[100, 100]","[100, 100]","[100, 100]","[100, 100]","[100, 100]","[100, 100]","[100, 100]","[0, -375]",ok.png,"[100, 100]","[100, 100]",106,3,1,1,1,0,0,0,0,0,0,0,1.23093914986,1.2309391498565674,0,-74,-74,100,100,1,1,0,0,0,0,0,0,0,0.199036732316,0.19903673231601715,0,-111,-111,268,268,396
00.png,00.png,00.png,00.png,07.png,03.png,dots1.png,25.png,00.png,"[-227, -73]","[223, 77]","[150, 100]","[-77, 77]","[73, 77]","[223, 227]","[-227, 77]","[-77, 227]","[73, 227]","[-227, 227]","[-77, -223]","[73, -223]","[223, -223]","[100, 100]","[-77, -73]","[73, -73]","[223, -73]","[-227, -223]",1,8,"[100, 100]","[100, 100]",both,00.png,06.png,00.png,00.png,14.png,tray1.png,09.png,m,"[100, 100]","[100, 100]","[100, 100]","[100, 100]","[100, 100]","[100, 100]","[100, 100]","[100, 100]","[100, 100]","[100, 100]","[100, 100]","[0, -375]",ok.png,"[100, 100]","[100, 100]",107,3,1,1,1,0,0,0,0,0,0,0,0.797419309616,0.7974193096160889,0,65,65,94,94,1,1,0,0,0,0,0,0,0,0.465719163418,0.46571916341781616,0,-74,-74,-225,-225,392
00.png,05.png,33.png,07.png,00.png,00.png,27.png,dots1.png,00.png,"[-228, -69]","[222, 81]","[150, 100]","[-78, 81]","[72, 81]","[222, 231]","[-228, 81]","[-78, 231]","[72, 231]","[-228, 231]","[-78, -219]","[72, -219]","[222, -219]","[100, 100]","[-78, -69]","[72, -69]","[222, -69]","[-228, -219]",1,8,"[100, 100]","[100, 100]",both,31.png,00.png,tray1.png,30.png,00.png,00.png,00.png,m,"[100, 100]","[100, 100]","[100, 100]","[100, 100]","[100, 100]","[100, 100]","[100, 100]","[100, 100]","[100, 100]","[100, 100]","[100, 100]","[0, -375]",ok.png,"[100, 100]","[100, 100]",108,3,1,1,1,0,0,0,0,0,0,0,0.830934643745,0.8309346437454224,0,201,201,85,85,1,1,0,0,0,0,0,0,0,0.532188951969,0.5321889519691467,0,5,5,-363,-363,295
00.png,00.png,00.png,00.png,00.png,00.png,00.png,00.png,dots1.png,"[-235, -94]","[215, 56]","[150, 100]","[-85, 56]","[65, 56]","[215, 206]","[-235, 56]","[-85, 206]","[65, 206]","[-235, 206]","[-85, -244]","[65, -244]","[215, -244]","[100, 100]","[-85, -94]","[65, -94]","[215, -94]","[-235, -244]",1,8,"[100, 100]","[100, 100]",both,tray1.png,21.png,29.png,23.png,33.png,25.png,31.png,m,"[100, 100]","[100, 100]","[100, 100]","[100, 100]","[100, 100]","[100, 100]","[100, 100]","[100, 100]","[100, 100]","[100, 100]","[100, 100]","[0, -375]",ok.png,"[100, 100]","[100, 100]",109,3,1,1,1,0,0,0,0,0,0,0,0.798851251602,0.7988512516021729,0,206,206,-76,-76,1,1,0,0,0,0,0,0,0,0.515242516994,0.5152425169944763,0,-208,-208,-90,-90,39
00.png,00.png,00.png,00.png,14.png,tray1.png,18.png,20.png,22.png,"[-208, -70]","[242, 80]","[150, 100]","[-58, 80]","[92, 80]","[242, 230]","[-208, 80]","[-58, 230]","[92, 230]","[-208, 230]","[-58, -220]","[92, -220]","[242, -220]","[100, 100]","[-58, -70]","[92, -70]","[242, -70]","[-208, -220]",1,8,"[100, 100]","[100, 100]",both,26.png,00.png,dots1.png,24.png,00.png,00.png,00.png,m,"[100, 100]","[100, 100]","[100, 100]","[100, 100]","[100, 100]","[100, 100]","[100, 100]","[100, 100]","[100, 100]","[100, 100]","[100, 100]","[0, -375]",ok.png,"[100, 100]","[100, 100]",110,3,1,1,1,0,0,0,0,0,0,0,0.697579562664,0.697579562664032,0,-66,-66,91,91,1,1,0,0,0,0,0,0,0,0.915595471859,0.9155954718589784,0,-30,-30,-94,-94,65
00.png,00.png,00.png,00.png,13.png,10.png,00.png,00.png,16.png,"[-235, -88]","[215, 62]","[150, 100]","[-85, 62]","[65, 62]","[215, 212]","[-235, 62]","[-85, 212]","[65, 212]","[-235, 212]","[-85, -238]","[65, -238]","[215, -238]","[100, 100]","[-85, -88]","[65, -88]","[215, -88]","[-235, -238]",1,8,"[100, 100]","[100, 100]",both,21.png,tray1.png,19.png,dots1.png,00.png,27.png,00.png,m,"[100, 100]","[100, 100]","[100, 100]","[100, 100]","[100, 100]","[100, 100]","[100, 100]","[100, 100]","[100, 100]","[100, 100]","[100, 100]","[0, -375]",ok.png,"[100, 100]","[100, 100]",111,3,1,1,1,0,0,0,0,0,0,0,0.847307324409,0.8473073244094849,0,77,77,-79,-79,1,1,0,0,0,0,0,0,0,0.815681397915,0.8156813979148865,0,-234,-234,-240,-240,59
10.png,15.png,20.png,25.png,00.png,00.png,00.png,00.png,21.png,"[-210, -78]","[240, 72]","[150, 100]","[-60, 72]","[90, 72]","[240, 222]","[-210, 72]","[-60, 222]","[90, 222]","[-210, 222]","[-60, -228]","[90, -228]","[240, -228]","[100, 100]","[-60, -78]","[90, -78]","[240, -78]","[-210, -228]",1,8,"[100, 100]","[100, 100]",both,dots1.png,00.png,16.png,tray1.png,00.png,00.png,00.png,m,"[100, 100]","[100, 100]","[100, 100]","[100, 100]","[100, 100]","[100, 100]","[100, 100]","[100, 100]","[100, 100]","[100, 100]","[100, 100]","[0, -375]",ok.png,"[100, 100]","[100, 100]",112,3,1,1,1,0,0,0,0,0,0,0,0.980734109879,0.98073410987854,0,244,244,-65,-65,1,1,0,0,0,0,0,0,0,0.848498463631,0.8484984636306763,0,72,72,-87,-87,109
00.png,00.png,00.png,00.png,00.png,00.png,00.png,00.png,tray1.png,"[-200, -65]","[250, 85]","[150, 100]","[-50, 85]","[100, 85]","[250, 235]","[-200, 85]","[-50, 235]","[100, 235]","[-200, 235]","[-50, -215]","[100, -215]","[250, -215]","[100, 100]","[-50, -65]","[100, -65]","[250, -65]","[-200, -215]",1,8,"[100, 100]","[100, 100]",both,08.png,dots1.png,01.png,07.png,04.png,05.png,02.png,m,"[100, 100]","[100, 100]","[100, 100]","[100, 100]","[100, 100]","[100, 100]","[100, 100]","[100, 100]","[100, 100]","[100, 100]","[100, 100]","[0, -375]",ok.png,"[100, 100]","[100, 100]",113,3,1,1,1,0,0,0,0,0,0,0,1.09749782085,1.097497820854187,0,-182,-182,-218,-218,1,1,0,0,0,0,0,0,0,0.631844699383,0.631844699382782,0,22,22,-401,-401,323
29.png,00.png,00.png,16.png,00.png,00.png,33.png,tray1.png,13.png,"[-214, -99]","[236, 51]","[150, 100]","[-64, 51]","[86, 51]","[236, 201]","[-214, 51]","[-64, 201]","[86, 201]","[-214, 201]","[-64, -249]","[86, -249]","[236, -249]","[100, 100]","[-64, -99]","[86, -99]","[236, -99]","[-214, -249]",1,8,"[100, 100]","[100, 100]",both,00.png,23.png,00.png,00.png,00.png,dots1.png,12.png,m,"[100, 100]","[100, 100]","[100, 100]","[100, 100]","[100, 100]","[100, 100]","[100, 100]","[100, 100]","[100, 100]","[100, 100]","[100, 100]","[0, -375]",ok.png,"[100, 100]","[100, 100]",114,3,1,1,1,0,0,0,0,0,0,0,1.18082392216,1.1808239221572876,0,-38,-38,-255,-255,1,1,0,0,0,0,0,0,0,0.482087880373,0.4820878803730011,0,-17,-17,-368,-368,84
00.png,00.png,00.png,00.png,00.png,00.png,00.png,33.png,27.png,"[-250, -97]","[200, 53]","[150, 100]","[-100, 53]","[50, 53]","[200, 203]","[-250, 53]","[-100, 203]","[50, 203]","[-250, 203]","[-100, -247]","[50, -247]","[200, -247]","[100, 100]","[-100, -97]","[50, -97]","[200, -97]","[-250, -247]",1,8,"[100, 100]","[100, 100]",both,tray1.png,07.png,23.png,17.png,00.png,03.png,dots1.png,m,"[100, 100]","[100, 100]","[100, 100]","[100, 100]","[100, 100]","[100, 100]","[100, 100]","[100, 100]","[100, 100]","[100, 100]","[100, 100]","[0, -375]",ok.png,"[100, 100]","[100, 100]",115,3,1,1,1,0,0,0,0,0,0,0,0.864350557327,0.8643505573272705,0,193,193,-99,-99,1,1,0,0,0,0,0,0,0,0.465500503778,0.4655005037784576,0,14,14,-249,-249,376
04.png,20.png,30.png,tray1.png,00.png,00.png,00.png,00.png,00.png,"[-200, -89]","[250, 61]","[150, 100]","[-50, 61]","[100, 61]","[250, 211]","[-200, 61]","[-50, 211]","[100, 211]","[-200, 211]","[-50, -239]","[100, -239]","[250, -239]","[100, 100]","[-50, -89]","[100, -89]","[250, -89]","[-200, -239]",1,8,"[100, 100]","[100, 100]",both,00.png,14.png,00.png,00.png,dots1.png,07.png,17.png,m,"[100, 100]","[100, 100]","[100, 100]","[100, 100]","[100, 100]","[100, 100]","[100, 100]","[100, 100]","[100, 100]","[100, 100]","[100, 100]","[0, -375]",ok.png,"[100, 100]","[100, 100]",116,3,1,1,1,0,0,0,0,0,0,0,0.747631728649,0.7476317286491394,0,221,221,-237,-237,1,1,0,0,0,0,0,0,0,0.482083261013,0.482083261013031,0,272,272,227,227,401
00.png,19.png,29.png,00.png,00.png,tray1.png,32.png,00.png,00.png,"[-207, -67]","[243, 83]","[150, 100]","[-57, 83]","[93, 83]","[243, 233]","[-207, 83]","[-57, 233]","[93, 233]","[-207, 233]","[-57, -217]","[93, -217]","[243, -217]","[100, 100]","[-57, -67]","[93, -67]","[243, -67]","[-207, -217]",1,8,"[100, 100]","[100, 100]",both,00.png,00.png,22.png,16.png,00.png,04.png,dots1.png,m,"[100, 100]","[100, 100]","[100, 100]","[100, 100]","[100, 100]","[100, 100]","[100, 100]","[100, 100]","[100, 100]","[100, 100]","[100, 100]","[0, -375]",ok.png,"[100, 100]","[100, 100]",117,3,1,1,1,0,0,0,0,0,0,0,1.08050942421,1.0805094242095947,0,-42,-42,103,103,1,1,0,0,0,0,0,0,0,0.498855620623,0.4988556206226349,0,80,80,-212,-212,316
00.png,00.png,00.png,05.png,21.png,00.png,00.png,00.png,00.png,"[-233, -72]","[217, 78]","[150, 100]","[-83, 78]","[67, 78]","[217, 228]","[-233, 78]","[-83, 228]","[67, 228]","[-233, 228]","[-83, -222]","[67, -222]","[217, -222]","[100, 100]","[-83, -72]","[67, -72]","[217, -72]","[-233, -222]",1,8,"[100, 100]","[100, 100]",both,25.png,03.png,tray1.png,28.png,00.png,dots1.png,08.png,m,"[100, 100]","[100, 100]","[100, 100]","[100, 100]","[100, 100]","[100, 100]","[100, 100]","[100, 100]","[100, 100]","[100, 100]","[100, 100]","[0, -375]",ok.png,"[100, 100]","[100, 100]",118,3,1,1,1,0,0,0,0,0,0,0,0.61422675848,0.614226758480072,0,-69,-69,-56,-56,1,1,0,0,0,0,0,0,0,0.432308226824,0.4323082268238067,0,-95,-95,-208,-208,404
06.png,00.png,15.png,17.png,00.png,00.png,16.png,00.png,00.png,"[-221, -56]","[229, 94]","[150, 100]","[-71, 94]","[79, 94]","[229, 244]","[-221, 94]","[-71, 244]","[79, 244]","[-221, 244]","[-71, -206]","[79, -206]","[229, -206]","[100, 100]","[-71, -56]","[79, -56]","[229, -56]","[-221, -206]",1,8,"[100, 100]","[100, 100]",both,23.png,dots1.png,tray1.png,00.png,00.png,00.png,07.png,m,"[100, 100]","[100, 100]","[100, 100]","[100, 100]","[100, 100]","[100, 100]","[100, 100]","[100, 100]","[100, 100]","[100, 100]","[100, 100]","[0, -375]",ok.png,"[100, 100]","[100, 100]",119,3,1,1,1,0,0,0,0,0,0,0,0.630971372128,0.630971372127533,0,-103,-103,-51,-51,1,1,0,0,0,0,0,0,0,0.615597903728,0.6155979037284851,0,-55,-55,-369,-369,240
00.png,11.png,00.png,00.png,12.png,00.png,00.png,tray1.png,00.png,"[-226, -74]","[224, 76]","[150, 100]","[-76, 76]","[74, 76]","[224, 226]","[-226, 76]","[-76, 226]","[74, 226]","[-226, 226]","[-76, -224]","[74, -224]","[224, -224]","[100, 100]","[-76, -74]","[74, -74]","[224, -74]","[-226, -224]",1,8,"[100, 100]","[100, 100]",both,dots1.png,31.png,30.png,08.png,00.png,00.png,32.png,m,"[100, 100]","[100, 100]","[100, 100]","[100, 100]","[100, 100]","[100, 100]","[100, 100]","[100, 100]","[100, 100]","[100, 100]","[100, 100]","[0, -375]",ok.png,"[100, 100]","[100, 100]",120,3,1,1,1,0,0,0,0,0,0,0,0.731086611748,0.7310866117477417,0,224,224,-72,-72,1,1,0,0,0,0,0,0,0,0.265315592289,0.26531559228897095,0,228,228,48,48,400
00.png,00.png,00.png,00.png,00.png,00.png,24.png,27.png,07.png,"[-226, -89]","[224, 61]","[150, 100]","[-76, 61]","[74, 61]","[224, 211]","[-226, 61]","[-76, 211]","[74, 211]","[-226, 211]","[-76, -239]","[74, -239]","[224, -239]","[100, 100]","[-76, -89]","[74, -89]","[224, -89]","[-226, -239]",1,8,"[100, 100]","[100, 100]",both,10.png,13.png,09.png,dots1.png,00.png,16.png,00.png,m,"[100, 100]","[100, 100]","[100, 100]","[100, 100]","[100, 100]","[100, 100]","[100, 100]","[100, 100]","[100, 100]","[100, 100]","[100, 100]","[0, -375]",ok.png,"[100, 100]","[100, 100]",121,3,1,1,1,0,0,0,0,0,0,0,1.08078956604,1.080789566040039,0,89,89,-77,-77,1,1,0,0,0,0,0,0,0,0.465421557426,0.46542155742645264,0,17,17,-355,-355,108
00.png,00.png,25.png,00.png,tray1.png,00.png,05.png,00.png,01.png,"[-206, -94]","[244, 56]","[150, 100]","[-56, 56]","[94, 56]","[244, 206]","[-206, 56]","[-56, 206]","[94, 206]","[-206, 206]","[-56, -244]","[94, -244]","[244, -244]","[100, 100]","[-56, -94]","[94, -94]","[244, -94]","[-206, -244]",1,8,"[100, 100]","[100, 100]",both,10.png,00.png,dots1.png,00.png,30.png,20.png,00.png,m,"[100, 100]","[100, 100]","[100, 100]","[100, 100]","[100, 100]","[100, 100]","[100, 100]","[100, 100]","[100, 100]","[100, 100]","[100, 100]","[0, -375]",ok.png,"[100, 100]","[100, 100]",122,3,1,1,1,0,0,0,0,0,0,0,0.981191933155,0.9811919331550598,0,-205,-205,49,49,1,1,0,0,0,0,0,0,0,0.865448176861,0.8654481768608093,0,-55,-55,-91,-91,86
00.png,00.png,00.png,18.png,00.png,14.png,00.png,09.png,dots1.png,"[-219, -79]","[231, 71]","[150, 100]","[-69, 71]","[81, 71]","[231, 221]","[-219, 71]","[-69, 221]","[81, 221]","[-219, 221]","[-69, -229]","[81, -229]","[231, -229]","[100, 100]","[-69, -79]","[81, -79]","[231, -79]","[-219, -229]",1,8,"[100, 100]","[100, 100]",both,00.png,26.png,02.png,04.png,00.png,tray1.png,00.png,m,"[100, 100]","[100, 100]","[100, 100]","[100, 100]","[100, 100]","[100, 100]","[100, 100]","[100, 100]","[100, 100]","[100, 100]","[100, 100]","[0, -375]",ok.png,"[100, 100]","[100, 100]",123,3,1,1,1,0,0,0,0,0,0,0,1.64750099182,1.647500991821289,0,-199,-199,-74,-74,1,1,0,0,0,0,0,0,0,0.449195206165,0.4491952061653137,0,23,23,-337,-337,348
00.png,tray1.png,00.png,00.png,11.png,07.png,00.png,dots1.png,18.png,"[-237, -75]","[213, 75]","[150, 100]","[-87, 75]","[63, 75]","[213, 225]","[-237, 75]","[-87, 225]","[63, 225]","[-237, 225]","[-87, -225]","[63, -225]","[213, -225]","[100, 100]","[-87, -75]","[63, -75]","[213, -75]","[-237, -225]",1,8,"[100, 100]","[100, 100]",both,30.png,09.png,00.png,00.png,19.png,00.png,00.png,m,"[100, 100]","[100, 100]","[100, 100]","[100, 100]","[100, 100]","[100, 100]","[100, 100]","[100, 100]","[100, 100]","[100, 100]","[100, 100]","[0, -375]",ok.png,"[100, 100]","[100, 100]",124,3,1,1,1,0,0,0,0,0,0,0,1.04765510559,1.0476551055908203,0,203,203,70,70,1,1,0,0,0,0,0,0,0,0.365302026272,0.36530202627182007,0,-108,-108,233,233,262
tray1.png,00.png,13.png,00.png,23.png,00.png,dots1.png,00.png,33.png,"[-225, -59]","[225, 91]","[150, 100]","[-75, 91]","[75, 91]","[225, 241]","[-225, 91]","[-75, 241]","[75, 241]","[-225, 241]","[-75, -209]","[75, -209]","[225, -209]","[100, 100]","[-75, -59]","[75, -59]","[225, -59]","[-225, -209]",1,8,"[100, 100]","[100, 100]",both,00.png,19.png,00.png,14.png,00.png,00.png,29.png,m,"[100, 100]","[100, 100]","[100, 100]","[100, 100]","[100, 100]","[100, 100]","[100, 100]","[100, 100]","[100, 100]","[100, 100]","[100, 100]","[0, -375]",ok.png,"[100, 100]","[100, 100]",125,3,1,1,1,0,0,0,0,0,0,0,0.997156322002,0.9971563220024108,0,74,74,102,102,1,1,0,0,0,0,0,0,0,0.365571558475,0.3655715584754944,0,-255,-255,245,245,364
00.png,00.png,00.png,00.png,00.png,00.png,00.png,00.png,07.png,"[-200, -98]","[250, 52]","[150, 100]","[-50, 52]","[100, 52]","[250, 202]","[-200, 52]","[-50, 202]","[100, 202]","[-200, 202]","[-50, -248]","[100, -248]","[250, -248]","[100, 100]","[-50, -98]","[100, -98]","[250, -98]","[-200, -248]",1,8,"[100, 100]","[100, 100]",both,04.png,03.png,06.png,tray2.png,dots2.png,02.png,01.png,m,"[100, 100]","[100, 100]","[100, 100]","[100, 100]","[100, 100]","[100, 100]","[100, 100]","[100, 100]","[100, 100]","[100, 100]","[100, 100]","[0, -375]",ok.png,"[100, 100]","[100, 100]",126,3,1,1,1,0,0,0,0,0,0,0,0.76404440403,0.7640444040298462,0,117,117,-95,-95,1,1,0,0,0,0,0,0,0,0.715449213982,0.7154492139816284,0,273,273,-231,-231,98
00.png,00.png,00.png,00.png,00.png,00.png,14.png,00.png,13.png,"[-245, -60]","[205, 90]","[150, 100]","[-95, 90]","[55, 90]","[205, 240]","[-245, 90]","[-95, 240]","[55, 240]","[-245, 240]","[-95, -210]","[55, -210]","[205, -210]","[100, 100]","[-95, -60]","[55, -60]","[205, -60]","[-245, -210]",1,8,"[100, 100]","[100, 100]",both,10.png,00.png,tray2.png,11.png,08.png,09.png,dots2.png,m,"[100, 100]","[100, 100]","[100, 100]","[100, 100]","[100, 100]","[100, 100]","[100, 100]","[100, 100]","[100, 100]","[100, 100]","[100, 100]","[0, -375]",ok.png,"[100, 100]","[100, 100]",127,3,1,1,1,0,0,0,0,0,0,0,0.847388267517,0.8473882675170898,0,-92,-92,-44,-44,1,1,0,0,0,0,0,0,0,0.515649795532,0.5156497955322266,0,84,84,-207,-207,181
00.png,00.png,00.png,00.png,00.png,00.png,21.png,tray2.png,19.png,"[-202, -75]","[248, 75]","[150, 100]","[-52, 75]","[98, 75]","[248, 225]","[-202, 75]","[-52, 225]","[98, 225]","[-202, 225]","[-52, -225]","[98, -225]","[248, -225]","[100, 100]","[-52, -75]","[98, -75]","[248, -75]","[-202, -225]",1,8,"[100, 100]","[100, 100]",both,16.png,15.png,18.png,17.png,00.png,dots2.png,00.png,m,"[100, 100]","[100, 100]","[100, 100]","[100, 100]","[100, 100]","[100, 100]","[100, 100]","[100, 100]","[100, 100]","[100, 100]","[100, 100]","[0, -375]",ok.png,"[100, 100]","[100, 100]",128,3,1,1,1,0,0,0,0,0,0,0,0.730839192867,0.730839192867279,0,222,222,71,71,1,1,0,0,0,0,0,0,0,0.482233226299,0.4822332262992859,0,-38,-38,-244,-244,345
00.png,00.png,00.png,00.png,00.png,00.png,31.png,27.png,26.png,"[-211, -80]","[239, 70]","[150, 100]","[-61, 70]","[89, 70]","[239, 220]","[-211, 70]","[-61, 220]","[89, 220]","[-211, 220]","[-61, -230]","[89, -230]","[239, -230]","[100, 100]","[-61, -80]","[89, -80]","[239, -80]","[-211, -230]",1,8,"[100, 100]","[100, 100]",both,00.png,dots2.png,28.png,00.png,tray2.png,24.png,23.png,m,"[100, 100]","[100, 100]","[100, 100]","[100, 100]","[100, 100]","[100, 100]","[100, 100]","[100, 100]","[100, 100]","[100, 100]","[100, 100]","[0, -375]",ok.png,"[100, 100]","[100, 100]",129,3,1,1,1,0,0,0,0,0,0,0,0.997640907764,0.9976409077644348,0,213,213,-227,-227,1,1,0,0,0,0,0,0,0,0.715604782104,0.7156047821044922,0,-197,-197,-221,-221,219
00.png,00.png,00.png,00.png,01.png,34.png,33.png,32.png,tray2.png,"[-216, -90]","[234, 60]","[150, 100]","[-66, 60]","[84, 60]","[234, 210]","[-216, 60]","[-66, 210]","[84, 210]","[-216, 210]","[-66, -240]","[84, -240]","[234, -240]","[100, 100]","[-66, -90]","[84, -90]","[234, -90]","[-216, -240]",1,8,"[100, 100]","[100, 100]",both,dots2.png,00.png,30.png,29.png,00.png,00.png,00.png,m,"[100, 100]","[100, 100]","[100, 100]","[100, 100]","[100, 100]","[100, 100]","[100, 100]","[100, 100]","[100, 100]","[100, 100]","[100, 100]","[0, -375]",ok.png,"[100, 100]","[100, 100]",130,3,1,1,1,0,0,0,0,0,0,0,0.797518074512,0.7975180745124817,0,-198,-198,-92,-92,1,1,0,0,0,0,0,0,0,0.498699724674,0.49869972467422485,0,234,234,-78,-78,168
00.png,00.png,23.png,17.png,00.png,00.png,15.png,06.png,00.png,"[-250, -96]","[200, 54]","[150, 100]","[-100, 54]","[50, 54]","[200, 204]","[-250, 54]","[-100, 204]","[50, 204]","[-250, 204]","[-100, -246]","[50, -246]","[200, -246]","[100, 100]","[-100, -96]","[50, -96]","[200, -96]","[-250, -246]",1,8,"[100, 100]","[100, 100]",both,04.png,00.png,00.png,dots2.png,01.png,00.png,tray2.png,m,"[100, 100]","[100, 100]","[100, 100]","[100, 100]","[100, 100]","[100, 100]","[100, 100]","[100, 100]","[100, 100]","[100, 100]","[100, 100]","[0, -375]",ok.png,"[100, 100]","[100, 100]",131,3,1,1,1,0,0,0,0,0,0,0,0.83094227314,0.8309422731399536,0,40,40,-116,-116,1,1,0,0,0,0,0,0,0,0.249029129744,0.24902912974357605,0,40,40,-260,-260,395
14.png,09.png,22.png,tray2.png,00.png,00.png,00.png,00.png,25.png,"[-231, -54]","[219, 96]","[150, 100]","[-81, 96]","[69, 96]","[219, 246]","[-231, 96]","[-81, 246]","[69, 246]","[-231, 246]","[-81, -204]","[69, -204]","[219, -204]","[100, 100]","[-81, -54]","[69, -54]","[219, -54]","[-231, -204]",1,8,"[100, 100]","[100, 100]",both,07.png,00.png,dots2.png,03.png,00.png,00.png,00.png,m,"[100, 100]","[100, 100]","[100, 100]","[100, 100]","[100, 100]","[100, 100]","[100, 100]","[100, 100]","[100, 100]","[100, 100]","[100, 100]","[0, -375]",ok.png,"[100, 100]","[100, 100]",132,3,1,1,1,0,0,0,0,0,0,0,0.69770604372,0.6977060437202454,0,-102,-102,-103,-103,1,1,0,0,0,0,0,0,0,0.432099789381,0.4320997893810272,0,207,207,255,255,248
00.png,00.png,00.png,00.png,31.png,30.png,17.png,00.png,dots2.png,"[-241, -92]","[209, 58]","[150, 100]","[-91, 58]","[59, 58]","[209, 208]","[-241, 58]","[-91, 208]","[59, 208]","[-241, 208]","[-91, -242]","[59, -242]","[209, -242]","[100, 100]","[-91, -92]","[59, -92]","[209, -92]","[-241, -242]",1,8,"[100, 100]","[100, 100]",both,00.png,07.png,tray2.png,00.png,00.png,33.png,05.png,m,"[100, 100]","[100, 100]","[100, 100]","[100, 100]","[100, 100]","[100, 100]","[100, 100]","[100, 100]","[100, 100]","[100, 100]","[100, 100]","[0, -375]",ok.png,"[100, 100]","[100, 100]",133,3,1,1,1,0,0,0,0,0,0,0,0.69768756628,0.697687566280365,0,-219,-219,-79,-79,1,1,0,0,0,0,0,0,0,0.215335100889,0.21533510088920593,0,-129,-129,-91,-91,302
33.png,31.png,tray2.png,21.png,27.png,23.png,29.png,dots2.png,00.png,"[-211, -100]","[239, 50]","[150, 100]","[-61, 50]","[89, 50]","[239, 200]","[-211, 50]","[-61, 200]","[89, 200]","[-211, 200]","[-61, -250]","[89, -250]","[239, -250]","[100, 100]","[-61, -100]","[89, -100]","[239, -100]","[-211, -250]",1,8,"[100, 100]","[100, 100]",both,00.png,00.png,00.png,00.png,00.png,00.png,00.png,m,"[100, 100]","[100, 100]","[100, 100]","[100, 100]","[100, 100]","[100, 100]","[100, 100]","[100, 100]","[100, 100]","[100, 100]","[100, 100]","[0, -375]",ok.png,"[100, 100]","[100, 100]",134,3,1,1,1,0,0,0,0,0,0,0,0.731974840164,0.7319748401641846,0,92,92,225,225,1,1,0,0,0,0,0,0,0,0.448706328869,0.448706328868866,0,234,234,73,73,284
00.png,00.png,00.png,00.png,26.png,24.png,dots2.png,22.png,20.png,"[-218, -74]","[232, 76]","[150, 100]","[-68, 76]","[82, 76]","[232, 226]","[-218, 76]","[-68, 226]","[82, 226]","[-218, 226]","[-68, -224]","[82, -224]","[232, -224]","[100, 100]","[-68, -74]","[82, -74]","[232, -74]","[-218, -224]",1,8,"[100, 100]","[100, 100]",both,tray2.png,00.png,18.png,16.png,00.png,00.png,00.png,m,"[100, 100]","[100, 100]","[100, 100]","[100, 100]","[100, 100]","[100, 100]","[100, 100]","[100, 100]","[100, 100]","[100, 100]","[100, 100]","[0, -375]",ok.png,"[100, 100]","[100, 100]",135,3,1,1,1,0,0,0,0,0,0,0,0.714504182339,0.7145041823387146,0,68,68,71,71,1,1,0,0,0,0,0,0,0,0.482036024332,0.4820360243320465,0,209,209,-53,-53,300
00.png,00.png,27.png,24.png,21.png,dots2.png,19.png,16.png,00.png,"[-248, -87]","[202, 63]","[150, 100]","[-98, 63]","[52, 63]","[202, 213]","[-248, 63]","[-98, 213]","[52, 213]","[-248, 213]","[-98, -237]","[52, -237]","[202, -237]","[100, 100]","[-98, -87]","[52, -87]","[202, -87]","[-248, -237]",1,8,"[100, 100]","[100, 100]",both,13.png,00.png,00.png,tray2.png,00.png,00.png,00.png,m,"[100, 100]","[100, 100]","[100, 100]","[100, 100]","[100, 100]","[100, 100]","[100, 100]","[100, 100]","[100, 100]","[100, 100]","[100, 100]","[0, -375]",ok.png,"[100, 100]","[100, 100]",136,3,1,1,1,0,0,0,0,0,0,0,0.864056885242,0.8640568852424622,0,31,31,-84,-84,1,1,0,0,0,0,0,0,0,0.515431761742,0.5154317617416382,0,-66,-66,76,76,100
00.png,00.png,00.png,00.png,dots2.png,11.png,16.png,21.png,00.png,"[-226, -50]","[224, 100]","[150, 100]","[-76, 100]","[74, 100]","[224, 250]","[-226, 100]","[-76, 250]","[74, 250]","[-226, 250]","[-76, -200]","[74, -200]","[224, -200]","[100, 100]","[-76, -50]","[74, -50]","[224, -50]","[-226, -200]",1,8,"[100, 100]","[100, 100]",both,00.png,tray2.png,00.png,00.png,10.png,20.png,15.png,m,"[100, 100]","[100, 100]","[100, 100]","[100, 100]","[100, 100]","[100, 100]","[100, 100]","[100, 100]","[100, 100]","[100, 100]","[100, 100]","[0, -375]",ok.png,"[100, 100]","[100, 100]",137,3,1,1,1,0,0,0,0,0,0,0,1.19729566574,1.1972956657409668,0,-226,-226,112,112,1,1,0,0,0,0,0,0,0,0.56516122818,0.5651612281799316,0,-248,-248,-209,-209,21
tray2.png,02.png,05.png,dots2.png,08.png,07.png,01.png,03.png,00.png,"[-203, -53]","[247, 97]","[150, 100]","[-53, 97]","[97, 97]","[247, 247]","[-203, 97]","[-53, 247]","[97, 247]","[-203, 247]","[-53, -203]","[97, -203]","[247, -203]","[100, 100]","[-53, -53]","[97, -53]","[247, -53]","[-203, -203]",1,8,"[100, 100]","[100, 100]",both,00.png,00.png,00.png,00.png,00.png,00.png,00.png,m,"[100, 100]","[100, 100]","[100, 100]","[100, 100]","[100, 100]","[100, 100]","[100, 100]","[100, 100]","[100, 100]","[100, 100]","[100, 100]","[0, -375]",ok.png,"[100, 100]","[100, 100]",138,3,1,1,1,0,0,0,0,0,0,0,0.814334392548,0.8143343925476074,0,-172,-172,220,220,1,1,0,0,0,0,0,0,0,0.681995332241,0.6819953322410583,0,251,251,237,237,243
00.png,12.png,dots2.png,23.png,00.png,00.png,00.png,tray2.png,08.png,"[-232, -96]","[218, 54]","[150, 100]","[-82, 54]","[68, 54]","[218, 204]","[-232, 54]","[-82, 204]","[68, 204]","[-232, 204]","[-82, -246]","[68, -246]","[218, -246]","[100, 100]","[-82, -96]","[68, -96]","[218, -96]","[-232, -246]",1,8,"[100, 100]","[100, 100]",both,00.png,16.png,33.png,00.png,29.png,00.png,00.png,m,"[100, 100]","[100, 100]","[100, 100]","[100, 100]","[100, 100]","[100, 100]","[100, 100]","[100, 100]","[100, 100]","[100, 100]","[100, 100]","[0, -375]",ok.png,"[100, 100]","[100, 100]",139,3,1,1,1,0,0,0,0,0,0,0,0.914283156395,0.9142831563949584,0,214,214,80,80,1,1,0,0,0,0,0,0,0,0.448671996593,0.44867199659347534,0,92,92,210,210,71
00.png,dots2.png,03.png,07.png,13.png,17.png,tray2.png,27.png,33.png,"[-244, -60]","[206, 90]","[150, 100]","[-94, 90]","[56, 90]","[206, 240]","[-244, 90]","[-94, 240]","[56, 240]","[-244, 240]","[-94, -210]","[56, -210]","[206, -210]","[100, 100]","[-94, -60]","[56, -60]","[206, -60]","[-244, -210]",1,8,"[100, 100]","[100, 100]",both,00.png,00.png,00.png,00.png,00.png,00.png,00.png,m,"[100, 100]","[100, 100]","[100, 100]","[100, 100]","[100, 100]","[100, 100]","[100, 100]","[100, 100]","[100, 100]","[100, 100]","[100, 100]","[0, -375]",ok.png,"[100, 100]","[100, 100]",140,3,1,1,1,0,0,0,0,0,0,0,0.831126868725,0.831126868724823,0,88,88,127,127,1,1,0,0,0,0,0,0,0,0.515174806118,0.5151748061180115,0,-74,-74,222,222,249
dots2.png,17.png,07.png,14.png,00.png,00.png,00.png,00.png,00.png,"[-231, -89]","[219, 61]","[150, 100]","[-81, 61]","[69, 61]","[219, 211]","[-231, 61]","[-81, 211]","[69, 211]","[-231, 211]","[-81, -239]","[69, -239]","[219, -239]","[100, 100]","[-81, -89]","[69, -89]","[219, -89]","[-231, -239]",1,8,"[100, 100]","[100, 100]",both,00.png,02.png,00.png,00.png,04.png,tray2.png,20.png,m,"[100, 100]","[100, 100]","[100, 100]","[100, 100]","[100, 100]","[100, 100]","[100, 100]","[100, 100]","[100, 100]","[100, 100]","[100, 100]","[0, -375]",ok.png,"[100, 100]","[100, 100]",141,3,1,1,1,0,0,0,0,0,0,0,0.98094022274,0.9809402227401732,0,-203,-203,218,218,1,1,0,0,0,0,0,0,0,0.515498816967,0.5154988169670105,0,-93,-93,-259,-259,95
00.png,dots2.png,04.png,00.png,00.png,16.png,22.png,00.png,00.png,"[-218, -89]","[232, 61]","[150, 100]","[-68, 61]","[82, 61]","[232, 211]","[-218, 61]","[-68, 211]","[82, 211]","[-218, 211]","[-68, -239]","[82, -239]","[232, -239]","[100, 100]","[-68, -89]","[82, -89]","[232, -89]","[-218, -239]",1,8,"[100, 100]","[100, 100]",both,00.png,00.png,32.png,tray2.png,00.png,29.png,19.png,m,"[100, 100]","[100, 100]","[100, 100]","[100, 100]","[100, 100]","[100, 100]","[100, 100]","[100, 100]","[100, 100]","[100, 100]","[100, 100]","[0, -375]",ok.png,"[100, 100]","[100, 100]",142,3,1,1,1,0,0,0,0,0,0,0,0.697763204575,0.697763204574585,0,61,61,-85,-85,1,1,0,0,0,0,0,0,0,0.398637324572,0.3986373245716095,0,-62,-62,242,242,223
00.png,08.png,dots2.png,03.png,25.png,tray2.png,27.png,00.png,00.png,"[-205, -100]","[245, 50]","[150, 100]","[-55, 50]","[95, 50]","[245, 200]","[-205, 50]","[-55, 200]","[95, 200]","[-205, 200]","[-55, -250]","[95, -250]","[245, -250]","[100, 100]","[-55, -100]","[95, -100]","[245, -100]","[-205, -250]",1,8,"[100, 100]","[100, 100]",both,21.png,05.png,00.png,00.png,00.png,00.png,00.png,m,"[100, 100]","[100, 100]","[100, 100]","[100, 100]","[100, 100]","[100, 100]","[100, 100]","[100, 100]","[100, 100]","[100, 100]","[100, 100]","[0, -375]",ok.png,"[100, 100]","[100, 100]",143,3,1,1,1,0,0,0,0,0,0,0,0.915503025055,0.9155030250549316,0,91,91,206,206,1,1,0,0,0,0,0,0,0,0.482046931982,0.4820469319820404,0,-56,-56,53,53,74
00.png,07.png,00.png,dots2.png,23.png,00.png,09.png,00.png,00.png,"[-215, -65]","[235, 85]","[150, 100]","[-65, 85]","[85, 85]","[235, 235]","[-215, 85]","[-65, 235]","[85, 235]","[-215, 235]","[-65, -215]","[85, -215]","[235, -215]","[100, 100]","[-65, -65]","[85, -65]","[235, -65]","[-215, -215]",1,8,"[100, 100]","[100, 100]",both,00.png,tray2.png,16.png,00.png,06.png,15.png,00.png,m,"[100, 100]","[100, 100]","[100, 100]","[100, 100]","[100, 100]","[100, 100]","[100, 100]","[100, 100]","[100, 100]","[100, 100]","[100, 100]","[0, -375]",ok.png,"[100, 100]","[100, 100]",144,3,1,1,1,0,0,0,0,0,0,0,1.03101086617,1.0310108661651611,0,-212,-212,-229,-229,1,1,0,0,0,0,0,0,0,0.848631560802,0.8486315608024597,0,231,231,238,238,156
00.png,tray2.png,00.png,31.png,dots2.png,08.png,30.png,00.png,34.png,"[-217, -83]","[233, 67]","[150, 100]","[-67, 67]","[83, 67]","[233, 217]","[-217, 67]","[-67, 217]","[83, 217]","[-217, 217]","[-67, -233]","[83, -233]","[233, -233]","[100, 100]","[-67, -83]","[83, -83]","[233, -83]","[-217, -233]",1,8,"[100, 100]","[100, 100]",both,12.png,00.png,00.png,00.png,00.png,00.png,11.png,m,"[100, 100]","[100, 100]","[100, 100]","[100, 100]","[100, 100]","[100, 100]","[100, 100]","[100, 100]","[100, 100]","[100, 100]","[100, 100]","[0, -375]",ok.png,"[100, 100]","[100, 100]",145,3,1,1,1,0,0,0,0,0,0,0,0.864021539688,0.8640215396881104,0,-206,-206,77,77,1,1,0,0,0,0,0,0,0,0.731934189796,0.7319341897964478,0,-56,-56,203,203,4
00.png,00.png,16.png,tray2.png,10.png,dots2.png,09.png,07.png,27.png,"[-215, -71]","[235, 79]","[150, 100]","[-65, 79]","[85, 79]","[235, 229]","[-215, 79]","[-65, 229]","[85, 229]","[-215, 229]","[-65, -221]","[85, -221]","[235, -221]","[100, 100]","[-65, -71]","[85, -71]","[235, -71]","[-215, -221]",1,8,"[100, 100]","[100, 100]",both,00.png,00.png,24.png,00.png,00.png,00.png,00.png,m,"[100, 100]","[100, 100]","[100, 100]","[100, 100]","[100, 100]","[100, 100]","[100, 100]","[100, 100]","[100, 100]","[100, 100]","[100, 100]","[0, -375]",ok.png,"[100, 100]","[100, 100]",146,3,1,1,1,0,0,0,0,0,0,0,0.798530519009,0.7985305190086365,0,-63,-63,77,77,1,1,0,0,0,0,0,0,0,0.766040444374,0.7660404443740845,0,221,221,230,230,48
30.png,00.png,20.png,00.png,10.png,00.png,dots2.png,01.png,00.png,"[-205, -60]","[245, 90]","[150, 100]","[-55, 90]","[95, 90]","[245, 240]","[-205, 90]","[-55, 240]","[95, 240]","[-205, 240]","[-55, -210]","[95, -210]","[245, -210]","[100, 100]","[-55, -60]","[95, -60]","[245, -60]","[-205, -210]",1,8,"[100, 100]","[100, 100]",both,33.png,00.png,tray2.png,00.png,00.png,25.png,00.png,m,"[100, 100]","[100, 100]","[100, 100]","[100, 100]","[100, 100]","[100, 100]","[100, 100]","[100, 100]","[100, 100]","[100, 100]","[100, 100]","[0, -375]",ok.png,"[100, 100]","[100, 100]",147,3,1,1,1,0,0,0,0,0,0,0,0.714139521122,0.7141395211219788,0,97,97,84,84,1,1,0,0,0,0,0,0,0,0.215610250831,0.21561025083065033,0,-75,-75,-38,-38,342
00.png,00.png,24.png,26.png,00.png,04.png,02.png,dots2.png,09.png,"[-229, -80]","[221, 70]","[150, 100]","[-79, 70]","[71, 70]","[221, 220]","[-229, 70]","[-79, 220]","[71, 220]","[-229, 220]","[-79, -230]","[71, -230]","[221, -230]","[100, 100]","[-79, -80]","[71, -80]","[221, -80]","[-229, -230]",1,8,"[100, 100]","[100, 100]",both,00.png,18.png,00.png,tray2.png,00.png,00.png,00.png,m,"[100, 100]","[100, 100]","[100, 100]","[100, 100]","[100, 100]","[100, 100]","[100, 100]","[100, 100]","[100, 100]","[100, 100]","[100, 100]","[0, -375]",ok.png,"[100, 100]","[100, 100]",148,3,1,1,1,0,0,0,0,0,0,0,0.748345851898,0.7483458518981934,0,59,59,-76,-76,1,1,0,0,0,0,0,0,0,0.681971549988,0.681971549987793,0,243,243,74,74,209
tray2.png,00.png,00.png,09.png,30.png,00.png,00.png,18.png,dots2.png,"[-250, -89]","[200, 61]","[150, 100]","[-100, 61]","[50, 61]","[200, 211]","[-250, 61]","[-100, 211]","[50, 211]","[-250, 211]","[-100, -239]","[50, -239]","[200, -239]","[100, 100]","[-100, -89]","[50, -89]","[200, -89]","[-250, -239]",1,8,"[100, 100]","[100, 100]",both,11.png,00.png,00.png,07.png,00.png,00.png,14.png,m,"[100, 100]","[100, 100]","[100, 100]","[100, 100]","[100, 100]","[100, 100]","[100, 100]","[100, 100]","[100, 100]","[100, 100]","[100, 100]","[0, -375]",ok.png,"[100, 100]","[100, 100]",149,3,1,1,1,0,0,0,0,0,0,0,0.89762377739,0.8976237773895264,0,-254,-254,165,165,1,1,0,0,0,0,0,0,0,0.415330410004,0.4153304100036621,0,-243,-243,-53,-53,421
00.png,29.png,00.png,19.png,00.png,14.png,00.png,33.png,00.png,"[-235, -63]","[215, 87]","[150, 100]","[-85, 87]","[65, 87]","[215, 237]","[-235, 87]","[-85, 237]","[65, 237]","[-235, 237]","[-85, -213]","[65, -213]","[215, -213]","[100, 100]","[-85, -63]","[65, -63]","[215, -63]","[-235, -213]",1,8,"[100, 100]","[100, 100]",both,23.png,00.png,dots2.png,00.png,31.png,tray2.png,00.png,m,"[100, 100]","[100, 100]","[100, 100]","[100, 100]","[100, 100]","[100, 100]","[100, 100]","[100, 100]","[100, 100]","[100, 100]","[100, 100]","[0, -375]",ok.png,"[100, 100]","[100, 100]",150,3,1,1,1,0,0,0,0,0,0,0,0.81430631876,0.8143063187599182,0,-69,-69,-27,-27,1,1,0,0,0,0,0,0,0,0.231951549649,0.2319515496492386,0,-82,-82,-247,-247,370
tray1.png,01.png,02.png,03.png,04.png,05.png,06.png,07.png,08.png,"[-202, -79]","[248, 71]","[150, 100]","[-52, 71]","[98, 71]","[248, 221]","[-202, 71]","[-52, 221]","[98, 221]","[-202, 221]","[-52, -229]","[98, -229]","[248, -229]","[100, 100]","[-52, -79]","[98, -79]","[248, -79]","[-202, -229]",1,12,"[100, 100]","[100, 100]",tray,11.png,00.png,09.png,10.png,00.png,00.png,00.png,m,"[100, 100]","[100, 100]","[100, 100]","[100, 100]","[100, 100]","[100, 100]","[100, 100]","[100, 100]","[100, 100]","[100, 100]","[100, 100]","[0, -375]",ok.png,"[100, 100]","[100, 100]",151,1,1,1,1,0,0,0,0,0,0,0,0.864331066608,0.864331066608429,0,-191,-191,230,230,1,1,0,0,0,0,0,0,0,0.54880207777,0.5488020777702332,0,-18,-18,-315,-315,430
08.png,tray1.png,09.png,00.png,10.png,11.png,12.png,13.png,00.png,"[-250, -78]","[200, 72]","[150, 100]","[-100, 72]","[50, 72]","[200, 222]","[-250, 72]","[-100, 222]","[50, 222]","[-250, 222]","[-100, -228]","[50, -228]","[200, -228]","[100, 100]","[-100, -78]","[50, -78]","[200, -78]","[-250, -228]",1,12,"[100, 100]","[100, 100]",tray,33.png,32.png,14.png,34.png,00.png,31.png,00.png,m,"[100, 100]","[100, 100]","[100, 100]","[100, 100]","[100, 100]","[100, 100]","[100, 100]","[100, 100]","[100, 100]","[100, 100]","[100, 100]","[0, -375]",ok.png,"[100, 100]","[100, 100]",152,1,1,1,1,0,0,0,0,0,0,0,1.11398088932,1.1139808893203735,0,-105,-105,212,212,1,1,0,0,0,0,0,0,0,0.498936891556,0.49893689155578613,0,36,36,-347,-347,343
00.png,00.png,tray1.png,15.png,16.png,17.png,18.png,19.png,20.png,"[-234, -84]","[216, 66]","[150, 100]","[-84, 66]","[66, 66]","[216, 216]","[-234, 66]","[-84, 216]","[66, 216]","[-234, 216]","[-84, -234]","[66, -234]","[216, -234]","[100, 100]","[-84, -84]","[66, -84]","[216, -84]","[-234, -234]",1,12,"[100, 100]","[100, 100]",tray,23.png,24.png,21.png,22.png,00.png,25.png,00.png,m,"[100, 100]","[100, 100]","[100, 100]","[100, 100]","[100, 100]","[100, 100]","[100, 100]","[100, 100]","[100, 100]","[100, 100]","[100, 100]","[0, -375]",ok.png,"[100, 100]","[100, 100]",153,1,1,1,1,0,0,0,0,0,0,0,1.13084375858,1.1308437585830688,0,75,75,223,223,1,1,0,0,0,0,0,0,0,0.665620326996,0.6656203269958496,0,11,11,-358,-358,308
22.png,23.png,24.png,tray1.png,00.png,00.png,25.png,26.png,00.png,"[-207, -95]","[243, 55]","[150, 100]","[-57, 55]","[93, 55]","[243, 205]","[-207, 55]","[-57, 205]","[93, 205]","[-207, 205]","[-57, -245]","[93, -245]","[243, -245]","[100, 100]","[-57, -95]","[93, -95]","[243, -95]","[-207, -245]",1,12,"[100, 100]","[100, 100]",tray,28.png,29.png,00.png,27.png,32.png,30.png,31.png,m,"[100, 100]","[100, 100]","[100, 100]","[100, 100]","[100, 100]","[100, 100]","[100, 100]","[100, 100]","[100, 100]","[100, 100]","[100, 100]","[0, -375]",ok.png,"[100, 100]","[100, 100]",154,1,1,1,1,0,0,0,0,0,0,0,1.76403939724,1.764039397239685,0,242,242,209,209,1,1,0,0,0,0,0,0,0,0.648490607738,0.6484906077384949,0,48,48,-364,-364,446
02.png,04.png,06.png,08.png,tray1.png,29.png,30.png,31.png,32.png,"[-203, -71]","[247, 79]","[150, 100]","[-53, 79]","[97, 79]","[247, 229]","[-203, 79]","[-53, 229]","[97, 229]","[-203, 229]","[-53, -221]","[97, -221]","[247, -221]","[100, 100]","[-53, -71]","[97, -71]","[247, -71]","[-203, -221]",1,12,"[100, 100]","[100, 100]",tray,01.png,00.png,33.png,34.png,00.png,00.png,00.png,m,"[100, 100]","[100, 100]","[100, 100]","[100, 100]","[100, 100]","[100, 100]","[100, 100]","[100, 100]","[100, 100]","[100, 100]","[100, 100]","[0, -375]",ok.png,"[100, 100]","[100, 100]",155,1,1,1,1,0,0,0,0,0,0,0,1.88095080853,1.8809508085250857,0,-213,-213,90,90,1,1,0,0,0,0,0,0,0,0.548826515675,0.5488265156745911,0,4,4,-405,-405,423
01.png,34.png,07.png,27.png,04.png,tray1.png,00.png,00.png,06.png,"[-240, -84]","[210, 66]","[150, 100]","[-90, 66]","[60, 66]","[210, 216]","[-240, 66]","[-90, 216]","[60, 216]","[-240, 216]","[-90, -234]","[60, -234]","[210, -234]","[100, 100]","[-90, -84]","[60, -84]","[210, -84]","[-240, -234]",1,12,"[100, 100]","[100, 100]",tray,29.png,17.png,15.png,09.png,00.png,23.png,00.png,m,"[100, 100]","[100, 100]","[100, 100]","[100, 100]","[100, 100]","[100, 100]","[100, 100]","[100, 100]","[100, 100]","[100, 100]","[100, 100]","[0, -375]",ok.png,"[100, 100]","[100, 100]",156,1,1,1,1,0,0,0,0,0,0,0,0.76408469677,0.7640846967697144,0,-83,-83,60,60,1,1,0,0,0,0,0,0,0,0.765364289284,0.7653642892837524,0,-23,-23,-364,-364,79
00.png,00.png,02.png,05.png,07.png,03.png,tray1.png,25.png,18.png,"[-210, -95]","[240, 55]","[150, 100]","[-60, 55]","[90, 55]","[240, 205]","[-210, 55]","[-60, 205]","[90, 205]","[-210, 205]","[-60, -245]","[90, -245]","[240, -245]","[100, 100]","[-60, -95]","[90, -95]","[240, -95]","[-210, -245]",1,12,"[100, 100]","[100, 100]",tray,00.png,06.png,14.png,00.png,17.png,22.png,09.png,m,"[100, 100]","[100, 100]","[100, 100]","[100, 100]","[100, 100]","[100, 100]","[100, 100]","[100, 100]","[100, 100]","[100, 100]","[100, 100]","[0, -375]",ok.png,"[100, 100]","[100, 100]",157,1,1,1,1,0,0,0,0,0,0,0,1.11410105228,1.1141010522842407,0,88,88,64,64,1,1,0,0,0,0,0,0,0,0.615914344788,0.6159143447875977,0,33,33,-378,-378,447
00.png,05.png,33.png,07.png,20.png,15.png,27.png,tray1.png,30.png,"[-250, -64]","[200, 86]","[150, 100]","[-100, 86]","[50, 86]","[200, 236]","[-250, 86]","[-100, 236]","[50, 236]","[-250, 236]","[-100, -214]","[50, -214]","[200, -214]","[100, 100]","[-100, -64]","[50, -64]","[200, -64]","[-250, -214]",1,12,"[100, 100]","[100, 100]",tray,31.png,00.png,17.png,25.png,00.png,00.png,33.png,m,"[100, 100]","[100, 100]","[100, 100]","[100, 100]","[100, 100]","[100, 100]","[100, 100]","[100, 100]","[100, 100]","[100, 100]","[100, 100]","[0, -375]",ok.png,"[100, 100]","[100, 100]",158,1,1,1,1,0,0,0,0,0,0,0,2.19757056236,2.197570562362671,0,206,206,99,99,1,1,0,0,0,0,0,0,0,0.415388226509,0.41538822650909424,0,40,40,-295,-295,99
07.png,10.png,13.png,16.png,00.png,00.png,00.png,00.png,tray1.png,"[-214, -98]","[236, 52]","[150, 100]","[-64, 52]","[86, 52]","[236, 202]","[-214, 52]","[-64, 202]","[86, 202]","[-214, 202]","[-64, -248]","[86, -248]","[236, -248]","[100, 100]","[-64, -98]","[86, -98]","[236, -98]","[-214, -248]",1,12,"[100, 100]","[100, 100]",tray,27.png,21.png,29.png,23.png,33.png,25.png,31.png,m,"[100, 100]","[100, 100]","[100, 100]","[100, 100]","[100, 100]","[100, 100]","[100, 100]","[100, 100]","[100, 100]","[100, 100]","[100, 100]","[0, -375]",ok.png,"[100, 100]","[100, 100]",159,1,1,1,1,0,0,0,0,0,0,0,1.03086352348,1.0308635234832764,0,-198,-198,-58,-58,1,1,0,0,0,0,0,0,0,0.981961846352,0.9819618463516236,0,-16,-16,-380,-380,443
09.png,07.png,05.png,03.png,14.png,16.png,18.png,20.png,22.png,"[-225, -77]","[225, 73]","[150, 100]","[-75, 73]","[75, 73]","[225, 223]","[-225, 73]","[-75, 223]","[75, 223]","[-225, 223]","[-75, -227]","[75, -227]","[225, -227]","[100, 100]","[-75, -77]","[75, -77]","[225, -77]","[-225, -227]",1,12,"[100, 100]","[100, 100]",tray,26.png,00.png,tray1.png,24.png,00.png,00.png,00.png,m,"[100, 100]","[100, 100]","[100, 100]","[100, 100]","[100, 100]","[100, 100]","[100, 100]","[100, 100]","[100, 100]","[100, 100]","[100, 100]","[0, -375]",ok.png,"[100, 100]","[100, 100]",160,1,1,1,1,0,0,0,0,0,0,0,1.38073194027,1.3807319402694702,0,-99,-99,-83,-83,1,1,0,0,0,0,0,0,0,0.665513634682,0.6655136346817017,0,18,18,-379,-379,15
00.png,00.png,33.png,31.png,13.png,10.png,34.png,32.png,16.png,"[-227, -66]","[223, 84]","[150, 100]","[-77, 84]","[73, 84]","[223, 234]","[-227, 84]","[-77, 234]","[73, 234]","[-227, 234]","[-77, -216]","[73, -216]","[223, -216]","[100, 100]","[-77, -66]","[73, -66]","[223, -66]","[-227, -216]",1,12,"[100, 100]","[100, 100]",tray,21.png,24.png,19.png,tray1.png,00.png,27.png,00.png,m,"[100, 100]","[100, 100]","[100, 100]","[100, 100]","[100, 100]","[100, 100]","[100, 100]","[100, 100]","[100, 100]","[100, 100]","[100, 100]","[0, -375]",ok.png,"[100, 100]","[100, 100]",161,1,1,1,1,0,0,0,0,0,0,0,0.964146077633,0.964146077632904,0,53,53,-55,-55,1,1,0,0,0,0,0,0,0,0.865457117558,0.8654571175575256,0,-4,-4,-344,-344,123
10.png,15.png,20.png,25.png,00.png,00.png,04.png,17.png,21.png,"[-200, -81]","[250, 69]","[150, 100]","[-50, 69]","[100, 69]","[250, 219]","[-200, 69]","[-50, 219]","[100, 219]","[-200, 219]","[-50, -231]","[100, -231]","[250, -231]","[100, 100]","[-50, -81]","[100, -81]","[250, -81]","[-200, -231]",1,12,"[100, 100]","[100, 100]",tray,tray1.png,00.png,16.png,11.png,34.png,00.png,27.png,m,"[100, 100]","[100, 100]","[100, 100]","[100, 100]","[100, 100]","[100, 100]","[100, 100]","[100, 100]","[100, 100]","[100, 100]","[100, 100]","[0, -375]",ok.png,"[100, 100]","[100, 100]",162,1,1,1,1,0,0,0,0,0,0,0,1.09762704372,1.09762704372406,0,247,247,-78,-78,1,1,0,0,0,0,0,0,0,1.04878044128,1.0487804412841797,0,-1,-1,-367,-367,415
00.png,00.png,20.png,24.png,28.png,32.png,00.png,00.png,03.png,"[-214, -74]","[236, 76]","[150, 100]","[-64, 76]","[86, 76]","[236, 226]","[-214, 76]","[-64, 226]","[86, 226]","[-214, 226]","[-64, -224]","[86, -224]","[236, -224]","[100, 100]","[-64, -74]","[86, -74]","[236, -74]","[-214, -224]",1,12,"[100, 100]","[100, 100]",tray,08.png,tray1.png,01.png,07.png,04.png,05.png,02.png,m,"[100, 100]","[100, 100]","[100, 100]","[100, 100]","[100, 100]","[100, 100]","[100, 100]","[100, 100]","[100, 100]","[100, 100]","[100, 100]","[0, -375]",ok.png,"[100, 100]","[100, 100]",163,1,1,1,1,0,0,0,0,0,0,0,0.964228272438,0.9642282724380492,0,-217,-217,-209,-209,1,1,0,0,0,0,0,0,0,0.548664331436,0.5486643314361572,0,43,43,-369,-369,169
29.png,00.png,06.png,16.png,00.png,03.png,33.png,08.png,13.png,"[-224, -54]","[226, 96]","[150, 100]","[-74, 96]","[76, 96]","[226, 246]","[-224, 96]","[-74, 246]","[76, 246]","[-224, 246]","[-74, -204]","[76, -204]","[226, -204]","[100, 100]","[-74, -54]","[76, -54]","[226, -54]","[-224, -204]",1,12,"[100, 100]","[100, 100]",tray,00.png,23.png,28.png,00.png,01.png,tray1.png,12.png,m,"[100, 100]","[100, 100]","[100, 100]","[100, 100]","[100, 100]","[100, 100]","[100, 100]","[100, 100]","[100, 100]","[100, 100]","[100, 100]","[0, -375]",ok.png,"[100, 100]","[100, 100]",164,1,1,1,1,0,0,0,0,0,0,0,1.68092310429,1.6809231042861938,0,-81,-81,-212,-212,1,1,0,0,0,0,0,0,0,0.498606562614,0.4986065626144409,0,-6,-6,-383,-383,43
00.png,00.png,00.png,16.png,14.png,06.png,04.png,33.png,27.png,"[-214, -94]","[236, 56]","[150, 100]","[-64, 56]","[86, 56]","[236, 206]","[-214, 56]","[-64, 206]","[86, 206]","[-214, 206]","[-64, -244]","[86, -244]","[236, -244]","[100, 100]","[-64, -94]","[86, -94]","[236, -94]","[-214, -244]",1,12,"[100, 100]","[100, 100]",tray,13.png,07.png,23.png,17.png,00.png,03.png,tray1.png,m,"[100, 100]","[100, 100]","[100, 100]","[100, 100]","[100, 100]","[100, 100]","[100, 100]","[100, 100]","[100, 100]","[100, 100]","[100, 100]","[0, -375]",ok.png,"[100, 100]","[100, 100]",165,1,1,1,1,0,0,0,0,0,0,0,1.58082830906,1.580828309059143,0,66,66,-237,-237,1,1,0,0,0,0,0,0,0,0.632026731968,0.632026731967926,0,14,14,-405,-405,362
04.png,20.png,30.png,02.png,00.png,00.png,03.png,04.png,24.png,"[-242, -68]","[208, 82]","[150, 100]","[-92, 82]","[58, 82]","[208, 232]","[-242, 82]","[-92, 232]","[58, 232]","[-242, 232]","[-92, -218]","[58, -218]","[208, -218]","[100, 100]","[-92, -68]","[58, -68]","[208, -68]","[-242, -218]",1,12,"[100, 100]","[100, 100]",tray,00.png,14.png,23.png,00.png,tray1.png,07.png,17.png,m,"[100, 100]","[100, 100]","[100, 100]","[100, 100]","[100, 100]","[100, 100]","[100, 100]","[100, 100]","[100, 100]","[100, 100]","[100, 100]","[0, -375]",ok.png,"[100, 100]","[100, 100]",166,1,1,1,1,0,0,0,0,0,0,0,2.19748663902,2.197486639022827,0,221,221,-221,-221,1,1,0,0,0,0,0,0,0,0.43207898736,0.4320789873600006,0,-46,-46,-355,-355,178
03.png,19.png,29.png,00.png,00.png,02.png,32.png,11.png,12.png,"[-232, -67]","[218, 83]","[150, 100]","[-82, 83]","[68, 83]","[218, 233]","[-232, 83]","[-82, 233]","[68, 233]","[-232, 233]","[-82, -217]","[68, -217]","[218, -217]","[100, 100]","[-82, -67]","[68, -67]","[218, -67]","[-232, -217]",1,12,"[100, 100]","[100, 100]",tray,00.png,00.png,22.png,16.png,18.png,04.png,tray1.png,m,"[100, 100]","[100, 100]","[100, 100]","[100, 100]","[100, 100]","[100, 100]","[100, 100]","[100, 100]","[100, 100]","[100, 100]","[100, 100]","[0, -375]",ok.png,"[100, 100]","[100, 100]",167,1,1,1,1,0,0,0,0,0,0,0,1.28093385696,1.280933856964111,0,56,56,-209,-209,1,1,0,0,0,0,0,0,0,0.315097570419,0.3150975704193115,0,14,14,-370,-370,285
16.png,13.png,11.png,05.png,21.png,00.png,00.png,00.png,00.png,"[-249, -93]","[201, 57]","[150, 100]","[-99, 57]","[51, 57]","[201, 207]","[-249, 57]","[-99, 207]","[51, 207]","[-249, 207]","[-99, -243]","[51, -243]","[201, -243]","[100, 100]","[-99, -93]","[51, -93]","[201, -93]","[-249, -243]",1,12,"[100, 100]","[100, 100]",tray,25.png,03.png,27.png,28.png,15.png,tray1.png,08.png,m,"[100, 100]","[100, 100]","[100, 100]","[100, 100]","[100, 100]","[100, 100]","[100, 100]","[100, 100]","[100, 100]","[100, 100]","[100, 100]","[0, -375]",ok.png,"[100, 100]","[100, 100]",168,1,1,1,1,0,0,0,0,0,0,0,0.864311218262,0.86431121826171875,0,-114,-114,-261,-261,1,1,0,0,0,0,0,0,0,1.36597681046,1.3659768104553225,0,-23,-23,-368,-368,405
06.png,21.png,15.png,17.png,00.png,00.png,16.png,28.png,29.png,"[-206, -71]","[244, 79]","[150, 100]","[-56, 79]","[94, 79]","[244, 229]","[-206, 79]","[-56, 229]","[94, 229]","[-206, 229]","[-56, -221]","[94, -221]","[244, -221]","[100, 100]","[-56, -71]","[94, -71]","[244, -71]","[-206, -221]",1,12,"[100, 100]","[100, 100]",tray,23.png,tray1.png,09.png,00.png,00.png,14.png,07.png,m,"[100, 100]","[100, 100]","[100, 100]","[100, 100]","[100, 100]","[100, 100]","[100, 100]","[100, 100]","[100, 100]","[100, 100]","[100, 100]","[0, -375]",ok.png,"[100, 100]","[100, 100]",169,1,1,1,1,0,0,0,0,0,0,0,1.69768989086,1.6976898908615112,0,-201,-201,-205,-205,1,1,0,0,0,0,0,0,0,0.415222078562,0.4152220785617829,0,1,1,-391,-391,301
00.png,11.png,01.png,28.png,12.png,00.png,00.png,34.png,15.png,"[-248, -60]","[202, 90]","[150, 100]","[-98, 90]","[52, 90]","[202, 240]","[-248, 90]","[-98, 240]","[52, 240]","[-248, 240]","[-98, -210]","[52, -210]","[202, -210]","[100, 100]","[-98, -60]","[52, -60]","[202, -60]","[-248, -210]",1,12,"[100, 100]","[100, 100]",tray,tray1.png,31.png,30.png,08.png,00.png,21.png,32.png,m,"[100, 100]","[100, 100]","[100, 100]","[100, 100]","[100, 100]","[100, 100]","[100, 100]","[100, 100]","[100, 100]","[100, 100]","[100, 100]","[0, -375]",ok.png,"[100, 100]","[100, 100]",170,1,1,1,1,0,0,0,0,0,0,0,0.914202868938,0.914202868938446,0,200,200,-38,-38,1,1,0,0,0,0,0,0,0,0.482170134783,0.48217013478279114,0,-11,-11,-367,-367,424
00.png,00.png,12.png,04.png,32.png,31.png,24.png,27.png,07.png,"[-225, -90]","[225, 60]","[150, 100]","[-75, 60]","[75, 60]","[225, 210]","[-225, 60]","[-75, 210]","[75, 210]","[-225, 210]","[-75, -240]","[75, -240]","[225, -240]","[100, 100]","[-75, -90]","[75, -90]","[225, -90]","[-225, -240]",1,12,"[100, 100]","[100, 100]",tray,10.png,13.png,09.png,tray1.png,00.png,16.png,00.png,m,"[100, 100]","[100, 100]","[100, 100]","[100, 100]","[100, 100]","[100, 100]","[100, 100]","[100, 100]","[100, 100]","[100, 100]","[100, 100]","[0, -375]",ok.png,"[100, 100]","[100, 100]",171,1,1,1,1,0,0,0,0,0,0,0,1.54891204834,1.5489120483398438,0,59,59,-85,-85,1,1,0,0,0,0,0,0,0,0.766000807285,0.7660008072853088,0,1,1,-381,-381,53
00.png,00.png,25.png,12.png,33.png,19.png,05.png,00.png,01.png,"[-213, -100]","[237, 50]","[150, 100]","[-63, 50]","[87, 50]","[237, 200]","[-213, 50]","[-63, 200]","[87, 200]","[-213, 200]","[-63, -250]","[87, -250]","[237, -250]","[100, 100]","[-63, -100]","[87, -100]","[237, -100]","[-213, -250]",1,12,"[100, 100]","[100, 100]",tray,10.png,34.png,tray1.png,07.png,30.png,20.png,00.png,m,"[100, 100]","[100, 100]","[100, 100]","[100, 100]","[100, 100]","[100, 100]","[100, 100]","[100, 100]","[100, 100]","[100, 100]","[100, 100]","[0, -375]",ok.png,"[100, 100]","[100, 100]",172,1,1,1,1,0,0,0,0,0,0,0,1.28092992306,1.2809299230575562,0,-51,-51,-94,-94,1,1,0,0,0,0,0,0,0,0.88199031353,0.8819903135299683,0,-2,-2,-389,-389,194
11.png,13.png,17.png,18.png,00.png,14.png,00.png,09.png,tray1.png,"[-222, -88]","[228, 62]","[150, 100]","[-72, 62]","[78, 62]","[228, 212]","[-222, 62]","[-72, 212]","[78, 212]","[-222, 212]","[-72, -238]","[78, -238]","[228, -238]","[100, 100]","[-72, -88]","[78, -88]","[228, -88]","[-222, -238]",1,12,"[100, 100]","[100, 100]",tray,30.png,26.png,02.png,04.png,00.png,24.png,00.png,m,"[100, 100]","[100, 100]","[100, 100]","[100, 100]","[100, 100]","[100, 100]","[100, 100]","[100, 100]","[100, 100]","[100, 100]","[100, 100]","[0, -375]",ok.png,"[100, 100]","[100, 100]",173,1,1,1,1,0,0,0,0,0,0,0,0.980959355831,0.9809593558311462,0,-194,-194,-70,-70,1,1,0,0,0,0,0,0,0,0.631901860237,0.6319018602371216,0,22,22,-383,-383,347
00.png,14.png,10.png,20.png,11.png,07.png,00.png,tray1.png,18.png,"[-217, -97]","[233, 53]","[150, 100]","[-67, 53]","[83, 53]","[233, 203]","[-217, 53]","[-67, 203]","[83, 203]","[-217, 203]","[-67, -247]","[83, -247]","[233, -247]","[100, 100]","[-67, -97]","[83, -97]","[233, -97]","[-217, -247]",1,12,"[100, 100]","[100, 100]",tray,30.png,09.png,31.png,00.png,19.png,00.png,03.png,m,"[100, 100]","[100, 100]","[100, 100]","[100, 100]","[100, 100]","[100, 100]","[100, 100]","[100, 100]","[100, 100]","[100, 100]","[100, 100]","[0, -375]",ok.png,"[100, 100]","[100, 100]",174,1,1,1,1,0,0,0,0,0,0,0,1.24768006802,1.2476800680160522,0,225,225,48,48,1,1,0,0,0,0,0,0,0,0.532276511192,0.5322765111923218,0,0,0,-361,-361,124
31.png,03.png,13.png,00.png,23.png,21.png,tray1.png,00.png,33.png,"[-242, -63]","[208, 87]","[150, 100]","[-92, 87]","[58, 87]","[208, 237]","[-242, 87]","[-92, 237]","[58, 237]","[-242, 237]","[-92, -213]","[58, -213]","[208, -213]","[100, 100]","[-92, -63]","[58, -63]","[208, -63]","[-242, -213]",1,12,"[100, 100]","[100, 100]",tray,00.png,19.png,00.png,14.png,26.png,32.png,29.png,m,"[100, 100]","[100, 100]","[100, 100]","[100, 100]","[100, 100]","[100, 100]","[100, 100]","[100, 100]","[100, 100]","[100, 100]","[100, 100]","[0, -375]",ok.png,"[100, 100]","[100, 100]",175,1,1,1,1,0,0,0,0,0,0,0,1.41399264336,1.4139926433563232,0,57,57,95,95,1,1,0,0,0,0,0,0,0,0.598756194115,0.5987561941146851,0,3,3,-379,-379,107
00.png,00.png,00.png,00.png,11.png,10.png,09.png,08.png,07.png,"[-209, -50]","[241, 100]","[150, 100]","[-59, 100]","[91, 100]","[241, 250]","[-209, 100]","[-59, 250]","[91, 250]","[-209, 250]","[-59, -200]","[91, -200]","[241, -200]","[100, 100]","[-59, -50]","[91, -50]","[241, -50]","[-209, -200]",1,12,"[100, 100]","[100, 100]",tray,04.png,03.png,06.png,05.png,tray2.png,02.png,01.png,m,"[100, 100]","[100, 100]","[100, 100]","[100, 100]","[100, 100]","[100, 100]","[100, 100]","[100, 100]","[100, 100]","[100, 100]","[100, 100]","[0, -375]",ok.png,"[100, 100]","[100, 100]",176,1,1,1,1,0,0,0,0,0,0,0,1.11384606361,1.1138460636138916,0,227,227,-211,-211,1,1,0,0,0,0,0,0,0,0.999194025993,0.9991940259933472,0,-13,-13,-332,-332,82
00.png,00.png,31.png,32.png,33.png,34.png,14.png,00.png,13.png,"[-247, -95]","[203, 55]","[150, 100]","[-97, 55]","[53, 55]","[203, 205]","[-247, 55]","[-97, 205]","[53, 205]","[-247, 205]","[-97, -245]","[53, -245]","[203, -245]","[100, 100]","[-97, -95]","[53, -95]","[203, -95]","[-247, -245]",1,12,"[100, 100]","[100, 100]",tray,10.png,00.png,12.png,11.png,08.png,09.png,tray2.png,m,"[100, 100]","[100, 100]","[100, 100]","[100, 100]","[100, 100]","[100, 100]","[100, 100]","[100, 100]","[100, 100]","[100, 100]","[100, 100]","[0, -375]",ok.png,"[100, 100]","[100, 100]",177,1,1,1,1,0,0,0,0,0,0,0,1.13075518608,1.1307551860809326,0,39,39,-225,-225,1,1,0,0,0,0,0,0,0,0.265677630901,0.26567763090133667,0,4,4,-357,-357,93
00.png,00.png,25.png,24.png,23.png,22.png,21.png,20.png,19.png,"[-228, -54]","[222, 96]","[150, 100]","[-78, 96]","[72, 96]","[222, 246]","[-228, 96]","[-78, 246]","[72, 246]","[-228, 246]","[-78, -204]","[72, -204]","[222, -204]","[100, 100]","[-78, -54]","[72, -54]","[222, -54]","[-228, -204]",1,12,"[100, 100]","[100, 100]",tray,16.png,15.png,18.png,17.png,00.png,tray2.png,00.png,m,"[100, 100]","[100, 100]","[100, 100]","[100, 100]","[100, 100]","[100, 100]","[100, 100]","[100, 100]","[100, 100]","[100, 100]","[100, 100]","[0, -375]",ok.png,"[100, 100]","[100, 100]",178,1,1,1,1,0,0,0,0,0,0,0,2.1489443779,2.14894437789917,0,-77,-77,-210,-210,1,1,0,0,0,0,0,0,0,0.265237629414,0.26523762941360474,0,-7,-7,-348,-348,389
33.png,32.png,30.png,29.png,00.png,00.png,31.png,27.png,26.png,"[-244, -90]","[206, 60]","[150, 100]","[-94, 60]","[56, 60]","[206, 210]","[-244, 60]","[-94, 210]","[56, 210]","[-244, 210]","[-94, -240]","[56, -240]","[206, -240]","[100, 100]","[-94, -90]","[56, -90]","[206, -90]","[-244, -240]",1,12,"[100, 100]","[100, 100]",tray,00.png,tray2.png,28.png,00.png,22.png,24.png,23.png,m,"[100, 100]","[100, 100]","[100, 100]","[100, 100]","[100, 100]","[100, 100]","[100, 100]","[100, 100]","[100, 100]","[100, 100]","[100, 100]","[0, -375]",ok.png,"[100, 100]","[100, 100]",179,1,1,1,1,0,0,0,0,0,0,0,1.34856569767,1.348565697669983,0,-238,-238,-243,-243,1,1,0,0,0,0,0,0,0,1.08238494396,1.0823849439620972,0,7,7,-367,-367,51
00.png,00.png,00.png,00.png,01.png,34.png,33.png,32.png,31.png,"[-235, -70]","[215, 80]","[150, 100]","[-85, 80]","[65, 80]","[215, 230]","[-235, 80]","[-85, 230]","[65, 230]","[-235, 230]","[-85, -220]","[65, -220]","[215, -220]","[100, 100]","[-85, -70]","[65, -70]","[215, -70]","[-235, -220]",1,12,"[100, 100]","[100, 100]",tray,tray2.png,08.png,30.png,29.png,02.png,06.png,04.png,m,"[100, 100]","[100, 100]","[100, 100]","[100, 100]","[100, 100]","[100, 100]","[100, 100]","[100, 100]","[100, 100]","[100, 100]","[100, 100]","[0, -375]",ok.png,"[100, 100]","[100, 100]",180,1,1,1,1,0,0,0,0,0,0,0,0.730801224709,0.7308012247085571,0,186,186,-74,-74,1,1,0,0,0,0,0,0,0,0.615496516228,0.6154965162277222,0,-40,-40,-371,-371,441
00.png,00.png,23.png,17.png,29.png,09.png,15.png,06.png,00.png,"[-250, -51]","[200, 99]","[150, 100]","[-100, 99]","[50, 99]","[200, 249]","[-250, 99]","[-100, 249]","[50, 249]","[-250, 249]","[-100, -201]","[50, -201]","[200, -201]","[100, 100]","[-100, -51]","[50, -51]","[200, -51]","[-250, -201]",1,12,"[100, 100]","[100, 100]",tray,04.png,27.png,00.png,tray2.png,01.png,07.png,34.png,m,"[100, 100]","[100, 100]","[100, 100]","[100, 100]","[100, 100]","[100, 100]","[100, 100]","[100, 100]","[100, 100]","[100, 100]","[100, 100]","[0, -375]",ok.png,"[100, 100]","[100, 100]",181,1,1,1,1,0,0,0,0,0,0,0,0.764176189899,0.7641761898994446,0,45,45,-39,-39,1,1,0,0,0,0,0,0,0,1.56535220146,1.565352201461792,0,11,11,-335,-335,221
17.png,09.png,22.png,06.png,00.png,00.png,14.png,18.png,25.png,"[-227, -99]","[223, 51]","[150, 100]","[-77, 51]","[73, 51]","[223, 201]","[-227, 51]","[-77, 201]","[73, 201]","[-227, 201]","[-77, -249]","[73, -249]","[223, -249]","[100, 100]","[-77, -99]","[73, -99]","[223, -99]","[-227, -249]",1,12,"[100, 100]","[100, 100]",tray,07.png,05.png,tray2.png,03.png,00.png,02.png,00.png,m,"[100, 100]","[100, 100]","[100, 100]","[100, 100]","[100, 100]","[100, 100]","[100, 100]","[100, 100]","[100, 100]","[100, 100]","[100, 100]","[0, -375]",ok.png,"[100, 100]","[100, 100]",182,1,1,1,1,0,0,0,0,0,0,0,0.797577857971,0.7975778579711914,0,-82,-82,-107,-107,1,1,0,0,0,0,0,0,0,0.515549063683,0.5155490636825562,0,-27,-27,-393,-393,313
00.png,33.png,00.png,00.png,31.png,25.png,17.png,30.png,tray2.png,"[-240, -88]","[210, 62]","[150, 100]","[-90, 62]","[60, 62]","[210, 212]","[-240, 62]","[-90, 212]","[60, 212]","[-240, 212]","[-90, -238]","[60, -238]","[210, -238]","[100, 100]","[-90, -88]","[60, -88]","[210, -88]","[-240, -238]",1,12,"[100, 100]","[100, 100]",tray,20.png,07.png,27.png,15.png,00.png,33.png,05.png,m,"[100, 100]","[100, 100]","[100, 100]","[100, 100]","[100, 100]","[100, 100]","[100, 100]","[100, 100]","[100, 100]","[100, 100]","[100, 100]","[0, -375]",ok.png,"[100, 100]","[100, 100]",183,1,1,1,1,0,0,0,0,0,0,0,1.2308011055,1.2308011054992676,0,-213,-213,-87,-87,1,1,0,0,0,0,0,0,0,0.532210111618,0.532210111618042,0,9,9,-381,-381,276
33.png,31.png,25.png,21.png,27.png,23.png,29.png,tray2.png,00.png,"[-239, -87]","[211, 63]","[150, 100]","[-89, 63]","[61, 63]","[211, 213]","[-239, 63]","[-89, 213]","[61, 213]","[-239, 213]","[-89, -237]","[61, -237]","[211, -237]","[100, 100]","[-89, -87]","[61, -87]","[211, -87]","[-239, -237]",1,12,"[100, 100]","[100, 100]",tray,00.png,16.png,00.png,00.png,07.png,13.png,10.png,m,"[100, 100]","[100, 100]","[100, 100]","[100, 100]","[100, 100]","[100, 100]","[100, 100]","[100, 100]","[100, 100]","[100, 100]","[100, 100]","[0, -375]",ok.png,"[100, 100]","[100, 100]",184,1,1,1,1,0,0,0,0,0,0,0,1.2639490366,1.2639490365982056,0,203,203,68,68,1,1,0,0,0,0,0,0,0,1.49896097183,1.4989609718322754,0,30,30,-354,-354,384
00.png,00.png,00.png,00.png,26.png,24.png,tray2.png,22.png,20.png,"[-230, -94]","[220, 56]","[150, 100]","[-80, 56]","[70, 56]","[220, 206]","[-230, 56]","[-80, 206]","[70, 206]","[-230, 206]","[-80, -244]","[70, -244]","[220, -244]","[100, 100]","[-80, -94]","[70, -94]","[220, -94]","[-230, -244]",1,12,"[100, 100]","[100, 100]",tray,14.png,03.png,18.png,16.png,09.png,05.png,07.png,m,"[100, 100]","[100, 100]","[100, 100]","[100, 100]","[100, 100]","[100, 100]","[100, 100]","[100, 100]","[100, 100]","[100, 100]","[100, 100]","[0, -375]",ok.png,"[100, 100]","[100, 100]",185,1,1,1,1,0,0,0,0,0,0,0,0.59725189209,0.59725189208984375,0,62,62,71,71,1,1,0,0,0,0,0,0,0,0.965668797493,0.965668797492981,0,-18,-18,-364,-364,135
00.png,00.png,27.png,24.png,21.png,tray2.png,19.png,16.png,32.png,"[-207, -50]","[243, 100]","[150, 100]","[-57, 100]","[93, 100]","[243, 250]","[-207, 100]","[-57, 250]","[93, 250]","[-207, 250]","[-57, -200]","[93, -200]","[243, -200]","[100, 100]","[-57, -50]","[93, -50]","[243, -50]","[-207, -200]",1,12,"[100, 100]","[100, 100]",tray,13.png,31.png,34.png,10.png,00.png,33.png,00.png,m,"[100, 100]","[100, 100]","[100, 100]","[100, 100]","[100, 100]","[100, 100]","[100, 100]","[100, 100]","[100, 100]","[100, 100]","[100, 100]","[0, -375]",ok.png,"[100, 100]","[100, 100]",186,1,1,1,1,0,0,0,0,0,0,0,0.88098949194,0.8809894919395447,0,-56,-56,106,106,1,1,0,0,0,0,0,0,0,2.28188586235,2.281885862350464,0,18,18,-389,-389,12
34.png,27.png,00.png,00.png,tray2.png,11.png,16.png,21.png,17.png,"[-210, -82]","[240, 68]","[150, 100]","[-60, 68]","[90, 68]","[240, 218]","[-210, 68]","[-60, 218]","[90, 218]","[-210, 218]","[-60, -232]","[90, -232]","[240, -232]","[100, 100]","[-60, -82]","[90, -82]","[240, -82]","[-210, -232]",1,12,"[100, 100]","[100, 100]",tray,00.png,25.png,04.png,00.png,10.png,20.png,15.png,m,"[100, 100]","[100, 100]","[100, 100]","[100, 100]","[100, 100]","[100, 100]","[100, 100]","[100, 100]","[100, 100]","[100, 100]","[100, 100]","[0, -375]",ok.png,"[100, 100]","[100, 100]",187,1,1,1,1,0,0,0,0,0,0,0,0.930764496326,0.9307644963264464,0,-184,-184,70,70,1,1,0,0,0,0,0,0,0,0.865499734879,0.86549973487854,0,-10,-10,-340,-340,414
04.png,02.png,05.png,tray2.png,08.png,07.png,01.png,03.png,00.png,"[-248, -61]","[202, 89]","[150, 100]","[-98, 89]","[52, 89]","[202, 239]","[-248, 89]","[-98, 239]","[52, 239]","[-248, 239]","[-98, -211]","[52, -211]","[202, -211]","[100, 100]","[-98, -61]","[52, -61]","[202, -61]","[-248, -211]",1,12,"[100, 100]","[100, 100]",tray,28.png,24.png,00.png,32.png,00.png,20.png,00.png,m,"[100, 100]","[100, 100]","[100, 100]","[100, 100]","[100, 100]","[100, 100]","[100, 100]","[100, 100]","[100, 100]","[100, 100]","[100, 100]","[0, -375]",ok.png,"[100, 100]","[100, 100]",188,1,1,1,1,0,0,0,0,0,0,0,1.44756019115,1.44756019115448,0,216,216,244,244,1,1,0,0,0,0,0,0,0,0.765340209007,0.7653402090072632,0,23,23,-384,-384,17
01.png,12.png,tray2.png,23.png,00.png,00.png,28.png,13.png,08.png,"[-207, -67]","[243, 83]","[150, 100]","[-57, 83]","[93, 83]","[243, 233]","[-207, 83]","[-57, 233]","[93, 233]","[-207, 233]","[-57, -217]","[93, -217]","[243, -217]","[100, 100]","[-57, -67]","[93, -67]","[243, -67]","[-207, -217]",1,12,"[100, 100]","[100, 100]",tray,00.png,16.png,33.png,03.png,29.png,06.png,00.png,m,"[100, 100]","[100, 100]","[100, 100]","[100, 100]","[100, 100]","[100, 100]","[100, 100]","[100, 100]","[100, 100]","[100, 100]","[100, 100]","[0, -375]",ok.png,"[100, 100]","[100, 100]",189,1,1,1,1,0,0,0,0,0,0,0,0.980939209461,0.9809392094612122,0,85,85,246,246,1,1,0,0,0,0,0,0,0,0.565364062786,0.5653640627861023,0,18,18,-392,-392,379
00.png,tray2.png,03.png,07.png,13.png,17.png,23.png,27.png,33.png,"[-248, -98]","[202, 52]","[150, 100]","[-98, 52]","[52, 52]","[202, 202]","[-248, 52]","[-98, 202]","[52, 202]","[-248, 202]","[-98, -248]","[52, -248]","[202, -248]","[100, 100]","[-98, -98]","[52, -98]","[202, -98]","[-248, -248]",1,12,"[100, 100]","[100, 100]",tray,14.png,16.png,04.png,06.png,00.png,00.png,00.png,m,"[100, 100]","[100, 100]","[100, 100]","[100, 100]","[100, 100]","[100, 100]","[100, 100]","[100, 100]","[100, 100]","[100, 100]","[100, 100]","[0, -375]",ok.png,"[100, 100]","[100, 100]",190,1,1,1,1,0,0,0,0,0,0,0,0.83080548048,0.8308054804801941,0,-119,-119,189,189,1,1,0,0,0,0,0,0,0,0.765499413013,0.7654994130134583,0,-14,-14,-387,-387,76
tray2.png,17.png,07.png,14.png,00.png,00.png,23.png,24.png,04.png,"[-213, -83]","[237, 67]","[150, 100]","[-63, 67]","[87, 67]","[237, 217]","[-213, 67]","[-63, 217]","[87, 217]","[-213, 217]","[-63, -233]","[87, -233]","[237, -233]","[100, 100]","[-63, -83]","[87, -83]","[237, -83]","[-213, -233]",1,12,"[100, 100]","[100, 100]",tray,00.png,02.png,03.png,00.png,04.png,30.png,20.png,m,"[100, 100]","[100, 100]","[100, 100]","[100, 100]","[100, 100]","[100, 100]","[100, 100]","[100, 100]","[100, 100]","[100, 100]","[100, 100]","[0, -375]",ok.png,"[100, 100]","[100, 100]",191,1,1,1,1,0,0,0,0,0,0,0,0.914297699928,0.9142976999282836,0,-234,-234,213,213,1,1,0,0,0,0,0,0,0,0.632095754147,0.6320957541465759,0,6,6,-372,-372,294
18.png,tray2.png,04.png,00.png,00.png,16.png,22.png,12.png,11.png,"[-217, -100]","[233, 50]","[150, 100]","[-67, 50]","[83, 50]","[233, 200]","[-217, 50]","[-67, 200]","[83, 200]","[-217, 200]","[-67, -250]","[83, -250]","[233, -250]","[100, 100]","[-67, -100]","[83, -100]","[233, -100]","[-217, -250]",1,12,"[100, 100]","[100, 100]",tray,00.png,00.png,32.png,02.png,03.png,29.png,19.png,m,"[100, 100]","[100, 100]","[100, 100]","[100, 100]","[100, 100]","[100, 100]","[100, 100]","[100, 100]","[100, 100]","[100, 100]","[100, 100]","[0, -375]",ok.png,"[100, 100]","[100, 100]",192,1,1,1,1,0,0,0,0,0,0,0,1.16427278519,1.1642727851867676,0,-40,-40,220,220,1,1,0,0,0,0,0,0,0,0.531993091106,0.5319930911064148,0,14,14,-396,-396,378
15.png,08.png,tray2.png,03.png,25.png,28.png,27.png,00.png,00.png,"[-210, -99]","[240, 51]","[150, 100]","[-60, 51]","[90, 51]","[240, 201]","[-210, 51]","[-60, 201]","[90, 201]","[-210, 201]","[-60, -249]","[90, -249]","[240, -249]","[100, 100]","[-60, -99]","[90, -99]","[240, -99]","[-210, -249]",1,12,"[100, 100]","[100, 100]",tray,21.png,05.png,00.png,00.png,16.png,11.png,13.png,m,"[100, 100]","[100, 100]","[100, 100]","[100, 100]","[100, 100]","[100, 100]","[100, 100]","[100, 100]","[100, 100]","[100, 100]","[100, 100]","[0, -375]",ok.png,"[100, 100]","[100, 100]",193,1,1,1,1,0,0,0,0,0,0,0,0.880788624287,0.8807886242866516,0,75,75,203,203,1,1,0,0,0,0,0,0,0,2.39875864983,2.39875864982605,0,10,10,-372,-372,7
00.png,07.png,14.png,tray2.png,23.png,00.png,09.png,29.png,28.png,"[-227, -50]","[223, 100]","[150, 100]","[-77, 100]","[73, 100]","[223, 250]","[-227, 100]","[-77, 250]","[73, 250]","[-227, 250]","[-77, -200]","[73, -200]","[223, -200]","[100, 100]","[-77, -50]","[73, -50]","[223, -50]","[-227, -200]",1,12,"[100, 100]","[100, 100]",tray,00.png,17.png,16.png,00.png,06.png,15.png,21.png,m,"[100, 100]","[100, 100]","[100, 100]","[100, 100]","[100, 100]","[100, 100]","[100, 100]","[100, 100]","[100, 100]","[100, 100]","[100, 100]","[0, -375]",ok.png,"[100, 100]","[100, 100]",194,1,1,1,1,0,0,0,0,0,0,0,1.63085377216,1.6308537721633911,0,242,242,243,243,1,1,0,0,0,0,0,0,0,0.698690414429,0.6986904144287109,0,-7,-7,-354,-354,122
00.png,32.png,21.png,31.png,tray2.png,08.png,30.png,15.png,34.png,"[-238, -62]","[212, 88]","[150, 100]","[-88, 88]","[62, 88]","[212, 238]","[-238, 88]","[-88, 238]","[62, 238]","[-238, 238]","[-88, -212]","[62, -212]","[212, -212]","[100, 100]","[-88, -62]","[62, -62]","[212, -62]","[-238, -212]",1,12,"[100, 100]","[100, 100]",tray,12.png,28.png,00.png,00.png,00.png,01.png,11.png,m,"[100, 100]","[100, 100]","[100, 100]","[100, 100]","[100, 100]","[100, 100]","[100, 100]","[100, 100]","[100, 100]","[100, 100]","[100, 100]","[0, -375]",ok.png,"[100, 100]","[100, 100]",195,1,1,1,1,0,0,0,0,0,0,0,0.964306890965,0.964306890964508,0,-227,-227,86,86,1,1,0,0,0,0,0,0,0,0.482039004564,0.4820390045642853,0,-55,-55,-353,-353,272
00.png,00.png,16.png,13.png,10.png,tray2.png,09.png,07.png,27.png,"[-249, -99]","[201, 51]","[150, 100]","[-99, 51]","[51, 51]","[201, 201]","[-249, 51]","[-99, 201]","[51, 201]","[-249, 201]","[-99, -249]","[51, -249]","[201, -249]","[100, 100]","[-99, -99]","[51, -99]","[201, -99]","[-249, -249]",1,12,"[100, 100]","[100, 100]",tray,32.png,04.png,24.png,31.png,00.png,12.png,00.png,m,"[100, 100]","[100, 100]","[100, 100]","[100, 100]","[100, 100]","[100, 100]","[100, 100]","[100, 100]","[100, 100]","[100, 100]","[100, 100]","[0, -375]",ok.png,"[100, 100]","[100, 100]",196,1,1,1,1,0,0,0,0,0,0,0,0.664253175259,0.6642531752586365,0,-99,-99,52,52,1,1,0,0,0,0,0,0,0,0.848743855953,0.8487438559532166,0,6,6,-395,-395,238
30.png,00.png,20.png,34.png,10.png,07.png,tray2.png,01.png,00.png,"[-228, -59]","[222, 91]","[150, 100]","[-78, 91]","[72, 91]","[222, 241]","[-228, 91]","[-78, 241]","[72, 241]","[-228, 241]","[-78, -209]","[72, -209]","[222, -209]","[100, 100]","[-78, -59]","[72, -59]","[222, -59]","[-228, -209]",1,12,"[100, 100]","[100, 100]",tray,33.png,12.png,05.png,19.png,00.png,25.png,00.png,m,"[100, 100]","[100, 100]","[100, 100]","[100, 100]","[100, 100]","[100, 100]","[100, 100]","[100, 100]","[100, 100]","[100, 100]","[100, 100]","[0, -375]",ok.png,"[100, 100]","[100, 100]",197,1,1,1,1,0,0,0,0,0,0,0,0.764314591885,0.764314591884613,0,42,42,98,98,1,1,0,0,0,0,0,0,0,0.398875147104,0.3988751471042633,0,30,30,-347,-347,335
00.png,00.png,24.png,26.png,30.png,04.png,02.png,tray2.png,09.png,"[-246, -74]","[204, 76]","[150, 100]","[-96, 76]","[54, 76]","[204, 226]","[-246, 76]","[-96, 226]","[54, 226]","[-246, 226]","[-96, -224]","[54, -224]","[204, -224]","[100, 100]","[-96, -74]","[54, -74]","[204, -74]","[-246, -224]",1,12,"[100, 100]","[100, 100]",tray,00.png,18.png,00.png,14.png,11.png,17.png,13.png,m,"[100, 100]","[100, 100]","[100, 100]","[100, 100]","[100, 100]","[100, 100]","[100, 100]","[100, 100]","[100, 100]","[100, 100]","[100, 100]","[0, -375]",ok.png,"[100, 100]","[100, 100]",198,1,1,1,1,0,0,0,0,0,0,0,1.73084247112,1.7308424711227417,0,185,185,87,87,1,1,0,0,0,0,0,0,0,0.498822599649,0.4988225996494293,0,-20,-20,-348,-348,224
19.png,03.png,00.png,09.png,30.png,00.png,31.png,18.png,tray2.png,"[-227, -85]","[223, 65]","[150, 100]","[-77, 65]","[73, 65]","[223, 215]","[-227, 65]","[-77, 215]","[73, 215]","[-227, 215]","[-77, -235]","[73, -235]","[223, -235]","[100, 100]","[-77, -85]","[73, -85]","[223, -85]","[-227, -235]",1,12,"[100, 100]","[100, 100]",tray,11.png,20.png,00.png,07.png,00.png,10.png,14.png,m,"[100, 100]","[100, 100]","[100, 100]","[100, 100]","[100, 100]","[100, 100]","[100, 100]","[100, 100]","[100, 100]","[100, 100]","[100, 100]","[0, -375]",ok.png,"[100, 100]","[100, 100]",199,1,1,1,1,0,0,0,0,0,0,0,0.913734138012,0.9137341380119324,0,-221,-221,-99,-99,1,1,0,0,0,0,0,0,0,1.79892683029,1.798926830291748,0,26,26,-374,-374,11
26.png,29.png,32.png,19.png,00.png,14.png,00.png,33.png,00.png,"[-216, -92]","[234, 58]","[150, 100]","[-66, 58]","[84, 58]","[234, 208]","[-216, 58]","[-66, 208]","[84, 208]","[-216, 208]","[-66, -242]","[84, -242]","[234, -242]","[100, 100]","[-66, -92]","[84, -92]","[234, -92]","[-216, -242]",1,12,"[100, 100]","[100, 100]",tray,23.png,00.png,tray2.png,21.png,31.png,13.png,03.png,m,"[100, 100]","[100, 100]","[100, 100]","[100, 100]","[100, 100]","[100, 100]","[100, 100]","[100, 100]","[100, 100]","[100, 100]","[100, 100]","[0, -375]",ok.png,"[100, 100]","[100, 100]",200,1,1,1,1,0,0,0,0,0,0,0,0.747578561306,0.7475785613059998,0,-46,-46,-116,-116,1,1,0,0,0,0,0,0,0,0.865552902222,0.8655529022216797,0,30,30,-368,-368,66
dots1.png,01.png,02.png,03.png,04.png,05.png,06.png,07.png,08.png,"[-249, -75]","[201, 75]","[150, 100]","[-99, 75]","[51, 75]","[201, 225]","[-249, 75]","[-99, 225]","[51, 225]","[-249, 225]","[-99, -225]","[51, -225]","[201, -225]","[100, 100]","[-99, -75]","[51, -75]","[201, -75]","[-249, -225]",1,12,"[100, 100]","[100, 100]",dots,11.png,00.png,09.png,10.png,00.png,00.png,00.png,m,"[100, 100]","[100, 100]","[100, 100]","[100, 100]","[100, 100]","[100, 100]","[100, 100]","[100, 100]","[100, 100]","[100, 100]","[100, 100]","[0, -375]",ok.png,"[100, 100]","[100, 100]",201,2,1,1,1,0,0,0,0,0,0,0,0.847617149353,0.8476171493530273,0,-231,-231,240,240,1,1,0,0,0,0,0,0,0,0.549149274826,0.5491492748260498,0,-43,-43,-384,-384,247
08.png,dots1.png,09.png,00.png,10.png,11.png,12.png,13.png,00.png,"[-230, -51]","[220, 99]","[150, 100]","[-80, 99]","[70, 99]","[220, 249]","[-230, 99]","[-80, 249]","[70, 249]","[-230, 249]","[-80, -201]","[70, -201]","[220, -201]","[100, 100]","[-80, -51]","[70, -51]","[220, -51]","[-230, -201]",1,12,"[100, 100]","[100, 100]",dots,33.png,32.png,14.png,34.png,00.png,31.png,00.png,m,"[100, 100]","[100, 100]","[100, 100]","[100, 100]","[100, 100]","[100, 100]","[100, 100]","[100, 100]","[100, 100]","[100, 100]","[100, 100]","[0, -375]",ok.png,"[100, 100]","[100, 100]",202,2,1,1,1,0,0,0,0,0,0,0,0.880917429924,0.8809174299240112,0,-76,-76,249,249,1,1,0,0,0,0,0,0,0,0.415485650301,0.4154856503009796,0,13,13,-295,-295,387
00.png,00.png,dots1.png,15.png,16.png,17.png,18.png,19.png,20.png,"[-213, -56]","[237, 94]","[150, 100]","[-63, 94]","[87, 94]","[237, 244]","[-213, 94]","[-63, 244]","[87, 244]","[-213, 244]","[-63, -206]","[87, -206]","[237, -206]","[100, 100]","[-63, -56]","[87, -56]","[237, -56]","[-213, -206]",1,12,"[100, 100]","[100, 100]",dots,23.png,24.png,21.png,22.png,00.png,25.png,00.png,m,"[100, 100]","[100, 100]","[100, 100]","[100, 100]","[100, 100]","[100, 100]","[100, 100]","[100, 100]","[100, 100]","[100, 100]","[100, 100]","[0, -375]",ok.png,"[100, 100]","[100, 100]",203,2,1,1,1,0,0,0,0,0,0,0,0.780914485455,0.7809144854545593,0,63,63,214,214,1,1,0,0,0,0,0,0,0,1.08228623867,1.0822862386703491,0,48,48,-395,-395,269
22.png,23.png,24.png,dots1.png,00.png,00.png,25.png,26.png,00.png,"[-209, -76]","[241, 74]","[150, 100]","[-59, 74]","[91, 74]","[241, 224]","[-209, 74]","[-59, 224]","[91, 224]","[-209, 224]","[-59, -226]","[91, -226]","[241, -226]","[100, 100]","[-59, -76]","[91, -76]","[241, -76]","[-209, -226]",1,12,"[100, 100]","[100, 100]",dots,28.png,29.png,00.png,27.png,32.png,30.png,31.png,m,"[100, 100]","[100, 100]","[100, 100]","[100, 100]","[100, 100]","[100, 100]","[100, 100]","[100, 100]","[100, 100]","[100, 100]","[100, 100]","[0, -375]",ok.png,"[100, 100]","[100, 100]",204,2,1,1,1,0,0,0,0,0,0,0,1.01417803764,1.0141780376434326,0,261,261,249,249,1,1,0,0,0,0,0,0,0,1.01545441151,1.0154544115066528,0,-3,-3,-363,-363,368
02.png,04.png,06.png,08.png,dots1.png,29.png,30.png,31.png,32.png,"[-244, -72]","[206, 78]","[150, 100]","[-94, 78]","[56, 78]","[206, 228]","[-244, 78]","[-94, 228]","[56, 228]","[-244, 228]","[-94, -222]","[56, -222]","[206, -222]","[100, 100]","[-94, -72]","[56, -72]","[206, -72]","[-244, -222]",1,12,"[100, 100]","[100, 100]",dots,01.png,00.png,33.png,34.png,00.png,00.png,00.png,m,"[100, 100]","[100, 100]","[100, 100]","[100, 100]","[100, 100]","[100, 100]","[100, 100]","[100, 100]","[100, 100]","[100, 100]","[100, 100]","[0, -375]",ok.png,"[100, 100]","[100, 100]",205,2,1,1,1,0,0,0,0,0,0,0,0.797642290592,0.7976422905921936,0,-236,-236,93,93,1,1,0,0,0,0,0,0,0,0.482085585594,0.4820855855941773,0,-39,-39,-375,-375,231
01.png,34.png,07.png,27.png,04.png,dots1.png,00.png,00.png,06.png,"[-227, -91]","[223, 59]","[150, 100]","[-77, 59]","[73, 59]","[223, 209]","[-227, 59]","[-77, 209]","[73, 209]","[-227, 209]","[-77, -241]","[73, -241]","[223, -241]","[100, 100]","[-77, -91]","[73, -91]","[223, -91]","[-227, -241]",1,12,"[100, 100]","[100, 100]",dots,29.png,17.png,15.png,09.png,00.png,23.png,00.png,m,"[100, 100]","[100, 100]","[100, 100]","[100, 100]","[100, 100]","[100, 100]","[100, 100]","[100, 100]","[100, 100]","[100, 100]","[100, 100]","[0, -375]",ok.png,"[100, 100]","[100, 100]",206,2,1,1,1,0,0,0,0,0,0,0,3.1309196949,3.1309196949005127,0,-80,-80,81,81,1,1,0,0,0,0,0,0,0,0.431994765997,0.431994765996933,0,-5,-5,-367,-367,241
00.png,00.png,02.png,05.png,07.png,03.png,dots1.png,25.png,18.png,"[-215, -68]","[235, 82]","[150, 100]","[-65, 82]","[85, 82]","[235, 232]","[-215, 82]","[-65, 232]","[85, 232]","[-215, 232]","[-65, -218]","[85, -218]","[235, -218]","[100, 100]","[-65, -68]","[85, -68]","[235, -68]","[-215, -218]",1,12,"[100, 100]","[100, 100]",dots,00.png,06.png,14.png,00.png,17.png,22.png,09.png,m,"[100, 100]","[100, 100]","[100, 100]","[100, 100]","[100, 100]","[100, 100]","[100, 100]","[100, 100]","[100, 100]","[100, 100]","[100, 100]","[0, -375]",ok.png,"[100, 100]","[100, 100]",207,2,1,1,1,0,0,0,0,0,0,0,0.680954873562,0.6809548735618591,0,58,58,75,75,1,1,0,0,0,0,0,0,0,0.765690326691,0.7656903266906738,0,23,23,-326,-326,293
00.png,05.png,33.png,07.png,20.png,15.png,27.png,dots1.png,30.png,"[-216, -80]","[234, 70]","[150, 100]","[-66, 70]","[84, 70]","[234, 220]","[-216, 70]","[-66, 220]","[84, 220]","[-216, 220]","[-66, -230]","[84, -230]","[234, -230]","[100, 100]","[-66, -80]","[84, -80]","[234, -80]","[-216, -230]",1,12,"[100, 100]","[100, 100]",dots,31.png,00.png,17.png,25.png,00.png,00.png,33.png,m,"[100, 100]","[100, 100]","[100, 100]","[100, 100]","[100, 100]","[100, 100]","[100, 100]","[100, 100]","[100, 100]","[100, 100]","[100, 100]","[0, -375]",ok.png,"[100, 100]","[100, 100]",208,2,1,1,1,0,0,0,0,0,0,0,0.747617185116,0.7476171851158142,0,224,224,76,76,1,1,0,0,0,0,0,0,0,0.498958021402,0.498958021402359,0,8,8,-399,-399,312
07.png,10.png,13.png,16.png,00.png,00.png,00.png,00.png,dots1.png,"[-241, -73]","[209, 77]","[150, 100]","[-91, 77]","[59, 77]","[209, 227]","[-241, 77]","[-91, 227]","[59, 227]","[-241, 227]","[-91, -223]","[59, -223]","[209, -223]","[100, 100]","[-91, -73]","[59, -73]","[209, -73]","[-241, -223]",1,12,"[100, 100]","[100, 100]",dots,27.png,21.png,29.png,23.png,33.png,25.png,31.png,m,"[100, 100]","[100, 100]","[100, 100]","[100, 100]","[100, 100]","[100, 100]","[100, 100]","[100, 100]","[100, 100]","[100, 100]","[100, 100]","[0, -375]",ok.png,"[100, 100]","[100, 100]",209,2,1,1,1,0,0,0,0,0,0,0,1.16416847706,1.1641684770584106,0,-233,-233,-87,-87,1,1,0,0,0,0,0,0,0,0.581997990608,0.5819979906082153,0,-30,-30,-377,-377,310
09.png,07.png,05.png,03.png,14.png,16.png,18.png,20.png,22.png,"[-200, -64]","[250, 86]","[150, 100]","[-50, 86]","[100, 86]","[250, 236]","[-200, 86]","[-50, 236]","[100, 236]","[-200, 236]","[-50, -214]","[100, -214]","[250, -214]","[100, 100]","[-50, -64]","[100, -64]","[250, -64]","[-200, -214]",1,12,"[100, 100]","[100, 100]",dots,26.png,00.png,dots1.png,24.png,00.png,00.png,00.png,m,"[100, 100]","[100, 100]","[100, 100]","[100, 100]","[100, 100]","[100, 100]","[100, 100]","[100, 100]","[100, 100]","[100, 100]","[100, 100]","[0, -375]",ok.png,"[100, 100]","[100, 100]",210,2,1,1,1,0,0,0,0,0,0,0,0.980943858624,0.9809438586235046,0,-37,-37,-51,-51,1,1,0,0,0,0,0,0,0,0.798786818981,0.7987868189811707,0,13,13,-374,-374,445
00.png,00.png,33.png,31.png,13.png,10.png,34.png,32.png,16.png,"[-221, -59]","[229, 91]","[150, 100]","[-71, 91]","[79, 91]","[229, 241]","[-221, 91]","[-71, 241]","[79, 241]","[-221, 241]","[-71, -209]","[79, -209]","[229, -209]","[100, 100]","[-71, -59]","[79, -59]","[229, -59]","[-221, -209]",1,12,"[100, 100]","[100, 100]",dots,21.png,24.png,19.png,dots1.png,00.png,27.png,00.png,m,"[100, 100]","[100, 100]","[100, 100]","[100, 100]","[100, 100]","[100, 100]","[100, 100]","[100, 100]","[100, 100]","[100, 100]","[100, 100]","[0, -375]",ok.png,"[100, 100]","[100, 100]",211,2,1,1,1,0,0,0,0,0,0,0,0.931028425694,0.931028425693512,0,52,52,-49,-49,1,1,0,0,0,0,0,0,0,0.448903203011,0.4489032030105591,0,17,17,-338,-338,277
10.png,15.png,20.png,25.png,00.png,00.png,04.png,17.png,21.png,"[-248, -56]","[202, 94]","[150, 100]","[-98, 94]","[52, 94]","[202, 244]","[-248, 94]","[-98, 244]","[52, 244]","[-248, 244]","[-98, -206]","[52, -206]","[202, -206]","[100, 100]","[-98, -56]","[52, -56]","[202, -56]","[-248, -206]",1,12,"[100, 100]","[100, 100]",dots,dots1.png,00.png,16.png,11.png,34.png,00.png,27.png,m,"[100, 100]","[100, 100]","[100, 100]","[100, 100]","[100, 100]","[100, 100]","[100, 100]","[100, 100]","[100, 100]","[100, 100]","[100, 100]","[0, -375]",ok.png,"[100, 100]","[100, 100]",212,2,1,1,1,0,0,0,0,0,0,0,0.98212736845,0.9821273684501648,0,176,176,-75,-75,1,1,0,0,0,0,0,0,0,0.932449102402,0.9324491024017334,0,-12,-12,-379,-379,37
00.png,00.png,20.png,24.png,28.png,32.png,00.png,00.png,03.png,"[-241, -56]","[209, 94]","[150, 100]","[-91, 94]","[59, 94]","[209, 244]","[-241, 94]","[-91, 244]","[59, 244]","[-241, 244]","[-91, -206]","[59, -206]","[209, -206]","[100, 100]","[-91, -56]","[59, -56]","[209, -56]","[-241, -206]",1,12,"[100, 100]","[100, 100]",dots,08.png,dots1.png,01.png,07.png,04.png,05.png,02.png,m,"[100, 100]","[100, 100]","[100, 100]","[100, 100]","[100, 100]","[100, 100]","[100, 100]","[100, 100]","[100, 100]","[100, 100]","[100, 100]","[0, -375]",ok.png,"[100, 100]","[100, 100]",213,2,1,1,1,0,0,0,0,0,0,0,0.897489309311,0.8974893093109131,0,-259,-259,-181,-181,1,1,0,0,0,0,0,0,0,0.631985127926,0.6319851279258728,0,-66,-66,-338,-338,128
29.png,00.png,06.png,16.png,00.png,03.png,33.png,08.png,13.png,"[-225, -58]","[225, 92]","[150, 100]","[-75, 92]","[75, 92]","[225, 242]","[-225, 92]","[-75, 242]","[75, 242]","[-225, 242]","[-75, -208]","[75, -208]","[225, -208]","[100, 100]","[-75, -58]","[75, -58]","[225, -58]","[-225, -208]",1,12,"[100, 100]","[100, 100]",dots,00.png,23.png,28.png,00.png,01.png,dots1.png,12.png,m,"[100, 100]","[100, 100]","[100, 100]","[100, 100]","[100, 100]","[100, 100]","[100, 100]","[100, 100]","[100, 100]","[100, 100]","[100, 100]","[0, -375]",ok.png,"[100, 100]","[100, 100]",214,2,1,1,1,0,0,0,0,0,0,0,4.3973855972300004,4.397385597229004,0,-62,-62,-191,-191,1,1,0,0,0,0,0,0,0,0.282000094652,0.2820000946521759,0,-8,-8,-332,-332,161
00.png,00.png,00.png,16.png,14.png,06.png,04.png,33.png,27.png,"[-220, -99]","[230, 51]","[150, 100]","[-70, 51]","[80, 51]","[230, 201]","[-220, 51]","[-70, 201]","[80, 201]","[-220, 201]","[-70, -249]","[80, -249]","[230, -249]","[100, 100]","[-70, -99]","[80, -99]","[230, -99]","[-220, -249]",1,12,"[100, 100]","[100, 100]",dots,13.png,07.png,23.png,17.png,00.png,03.png,dots1.png,m,"[100, 100]","[100, 100]","[100, 100]","[100, 100]","[100, 100]","[100, 100]","[100, 100]","[100, 100]","[100, 100]","[100, 100]","[100, 100]","[0, -375]",ok.png,"[100, 100]","[100, 100]",215,2,1,1,1,0,0,0,0,0,0,0,1.66415512562,1.664155125617981,0,72,72,-251,-251,1,1,0,0,0,0,0,0,0,1.11535525322,1.1153552532196045,0,33,33,-337,-337,246
04.png,20.png,30.png,02.png,00.png,00.png,03.png,04.png,24.png,"[-244, -51]","[206, 99]","[150, 100]","[-94, 99]","[56, 99]","[206, 249]","[-244, 99]","[-94, 249]","[56, 249]","[-244, 249]","[-94, -201]","[56, -201]","[206, -201]","[100, 100]","[-94, -51]","[56, -51]","[206, -51]","[-244, -201]",1,12,"[100, 100]","[100, 100]",dots,00.png,14.png,23.png,00.png,dots1.png,07.png,17.png,m,"[100, 100]","[100, 100]","[100, 100]","[100, 100]","[100, 100]","[100, 100]","[100, 100]","[100, 100]","[100, 100]","[100, 100]","[100, 100]","[0, -375]",ok.png,"[100, 100]","[100, 100]",216,2,1,1,1,0,0,0,0,0,0,0,1.29760408401,1.2976040840148926,0,225,225,-220,-220,1,1,0,0,0,0,0,0,0,0.648702979088,0.6487029790878296,0,53,53,-389,-389,214
03.png,19.png,29.png,00.png,00.png,02.png,32.png,11.png,12.png,"[-204, -88]","[246, 62]","[150, 100]","[-54, 62]","[96, 62]","[246, 212]","[-204, 62]","[-54, 212]","[96, 212]","[-204, 212]","[-54, -238]","[96, -238]","[246, -238]","[100, 100]","[-54, -88]","[96, -88]","[246, -88]","[-204, -238]",1,12,"[100, 100]","[100, 100]",dots,00.png,00.png,22.png,16.png,18.png,04.png,dots1.png,m,"[100, 100]","[100, 100]","[100, 100]","[100, 100]","[100, 100]","[100, 100]","[100, 100]","[100, 100]","[100, 100]","[100, 100]","[100, 100]","[0, -375]",ok.png,"[100, 100]","[100, 100]",217,2,1,1,1,0,0,0,0,0,0,0,1.13106667995,1.1310666799545288,0,60,60,-235,-235,1,1,0,0,0,0,0,0,0,0.315228700638,0.3152287006378174,0,14,14,-382,-382,352
16.png,13.png,11.png,05.png,21.png,00.png,00.png,00.png,00.png,"[-202, -90]","[248, 60]","[150, 100]","[-52, 60]","[98, 60]","[248, 210]","[-202, 60]","[-52, 210]","[98, 210]","[-202, 210]","[-52, -240]","[98, -240]","[248, -240]","[100, 100]","[-52, -90]","[98, -90]","[248, -90]","[-202, -240]",1,12,"[100, 100]","[100, 100]",dots,25.png,03.png,27.png,28.png,15.png,dots1.png,08.png,m,"[100, 100]","[100, 100]","[100, 100]","[100, 100]","[100, 100]","[100, 100]","[100, 100]","[100, 100]","[100, 100]","[100, 100]","[100, 100]","[0, -375]",ok.png,"[100, 100]","[100, 100]",218,2,1,1,1,0,0,0,0,0,0,0,1.06402778625,1.0640277862548828,0,-7,-7,-233,-233,1,1,0,0,0,0,0,0,0,0.998931109905,0.9989311099052428,0,41,41,-379,-379,125
06.png,21.png,15.png,17.png,00.png,00.png,16.png,28.png,29.png,"[-234, -57]","[216, 93]","[150, 100]","[-84, 93]","[66, 93]","[216, 243]","[-234, 93]","[-84, 243]","[66, 243]","[-234, 243]","[-84, -207]","[66, -207]","[216, -207]","[100, 100]","[-84, -57]","[66, -57]","[216, -57]","[-234, -207]",1,12,"[100, 100]","[100, 100]",dots,23.png,dots1.png,09.png,00.png,00.png,14.png,07.png,m,"[100, 100]","[100, 100]","[100, 100]","[100, 100]","[100, 100]","[100, 100]","[100, 100]","[100, 100]","[100, 100]","[100, 100]","[100, 100]","[0, -375]",ok.png,"[100, 100]","[100, 100]",219,2,1,1,1,0,0,0,0,0,0,0,1.78102517128,1.7810251712799072,0,-227,-227,-209,-209,1,1,0,0,0,0,0,0,0,0.698720157146,0.6987201571464539,0,3,3,-429,-429,330
00.png,11.png,01.png,28.png,12.png,00.png,00.png,34.png,15.png,"[-211, -80]","[239, 70]","[150, 100]","[-61, 70]","[89, 70]","[239, 220]","[-211, 70]","[-61, 220]","[89, 220]","[-211, 220]","[-61, -230]","[89, -230]","[239, -230]","[100, 100]","[-61, -80]","[89, -80]","[239, -80]","[-211, -230]",1,12,"[100, 100]","[100, 100]",dots,dots1.png,31.png,30.png,08.png,00.png,21.png,32.png,m,"[100, 100]","[100, 100]","[100, 100]","[100, 100]","[100, 100]","[100, 100]","[100, 100]","[100, 100]","[100, 100]","[100, 100]","[100, 100]","[0, -375]",ok.png,"[100, 100]","[100, 100]",220,2,1,1,1,0,0,0,0,0,0,0,3.78066539764,3.780665397644043,0,226,226,-83,-83,1,1,0,0,0,0,0,0,0,0.732046186924,0.7320461869239807,0,9,9,-394,-394,339
00.png,00.png,12.png,04.png,32.png,31.png,24.png,27.png,07.png,"[-248, -75]","[202, 75]","[150, 100]","[-98, 75]","[52, 75]","[202, 225]","[-248, 75]","[-98, 225]","[52, 225]","[-248, 225]","[-98, -225]","[52, -225]","[202, -225]","[100, 100]","[-98, -75]","[52, -75]","[202, -75]","[-248, -225]",1,12,"[100, 100]","[100, 100]",dots,10.png,13.png,09.png,dots1.png,00.png,16.png,00.png,m,"[100, 100]","[100, 100]","[100, 100]","[100, 100]","[100, 100]","[100, 100]","[100, 100]","[100, 100]","[100, 100]","[100, 100]","[100, 100]","[0, -375]",ok.png,"[100, 100]","[100, 100]",221,2,1,1,1,0,0,0,0,0,0,0,0.647734820843,0.6477348208427429,0,35,35,-52,-52,1,1,0,0,0,0,0,0,0,0.782041192055,0.7820411920547485,0,14,14,-375,-375,228
00.png,00.png,25.png,12.png,33.png,19.png,05.png,00.png,01.png,"[-236, -76]","[214, 74]","[150, 100]","[-86, 74]","[64, 74]","[214, 224]","[-236, 74]","[-86, 224]","[64, 224]","[-236, 224]","[-86, -226]","[64, -226]","[214, -226]","[100, 100]","[-86, -76]","[64, -76]","[214, -76]","[-236, -226]",1,12,"[100, 100]","[100, 100]",dots,10.png,34.png,dots1.png,07.png,30.png,20.png,00.png,m,"[100, 100]","[100, 100]","[100, 100]","[100, 100]","[100, 100]","[100, 100]","[100, 100]","[100, 100]","[100, 100]","[100, 100]","[100, 100]","[0, -375]",ok.png,"[100, 100]","[100, 100]",222,2,1,1,1,0,0,0,0,0,0,0,1.0805580616,1.0805580615997314,0,-84,-84,-79,-79,1,1,0,0,0,0,0,0,0,0.499116241932,0.4991162419319153,0,-30,-30,-354,-354,143
11.png,13.png,17.png,18.png,00.png,14.png,00.png,09.png,dots1.png,"[-209, -74]","[241, 76]","[150, 100]","[-59, 76]","[91, 76]","[241, 226]","[-209, 76]","[-59, 226]","[91, 226]","[-209, 226]","[-59, -224]","[91, -224]","[241, -224]","[100, 100]","[-59, -74]","[91, -74]","[241, -74]","[-209, -224]",1,12,"[100, 100]","[100, 100]",dots,30.png,26.png,02.png,04.png,00.png,24.png,00.png,m,"[100, 100]","[100, 100]","[100, 100]","[100, 100]","[100, 100]","[100, 100]","[100, 100]","[100, 100]","[100, 100]","[100, 100]","[100, 100]","[0, -375]",ok.png,"[100, 100]","[100, 100]",223,2,1,1,1,0,0,0,0,0,0,0,0.864311218262,0.86431121826171875,0,-186,-186,-92,-92,1,1,0,0,0,0,0,0,0,0.582046210766,0.5820462107658386,0,-24,-24,-347,-347,437
00.png,14.png,10.png,20.png,11.png,07.png,00.png,dots1.png,18.png,"[-218, -78]","[232, 72]","[150, 100]","[-68, 72]","[82, 72]","[232, 222]","[-218, 72]","[-68, 222]","[82, 222]","[-218, 222]","[-68, -228]","[82, -228]","[232, -228]","[100, 100]","[-68, -78]","[82, -78]","[232, -78]","[-218, -228]",1,12,"[100, 100]","[100, 100]",dots,30.png,09.png,31.png,00.png,19.png,00.png,03.png,m,"[100, 100]","[100, 100]","[100, 100]","[100, 100]","[100, 100]","[100, 100]","[100, 100]","[100, 100]","[100, 100]","[100, 100]","[100, 100]","[0, -375]",ok.png,"[100, 100]","[100, 100]",224,2,1,1,1,0,0,0,0,0,0,0,0.847638607025,0.8476386070251465,0,228,228,98,98,1,1,0,0,0,0,0,0,0,0.598764419556,0.5987644195556641,0,0,0,-321,-321,448
31.png,03.png,13.png,00.png,23.png,21.png,dots1.png,00.png,33.png,"[-210, -81]","[240, 69]","[150, 100]","[-60, 69]","[90, 69]","[240, 219]","[-210, 69]","[-60, 219]","[90, 219]","[-210, 219]","[-60, -231]","[90, -231]","[240, -231]","[100, 100]","[-60, -81]","[90, -81]","[240, -81]","[-210, -231]",1,12,"[100, 100]","[100, 100]",dots,00.png,19.png,00.png,14.png,26.png,32.png,29.png,m,"[100, 100]","[100, 100]","[100, 100]","[100, 100]","[100, 100]","[100, 100]","[100, 100]","[100, 100]","[100, 100]","[100, 100]","[100, 100]","[0, -375]",ok.png,"[100, 100]","[100, 100]",225,2,1,1,1,0,0,0,0,0,0,0,0.797439157963,0.7974391579627991,0,83,83,85,85,1,1,0,0,0,0,0,0,0,2.01503920555,2.0150392055511475,0,42,42,-370,-370,57
00.png,00.png,00.png,00.png,11.png,10.png,09.png,08.png,07.png,"[-221, -69]","[229, 81]","[150, 100]","[-71, 81]","[79, 81]","[229, 231]","[-221, 81]","[-71, 231]","[79, 231]","[-221, 231]","[-71, -219]","[79, -219]","[229, -219]","[100, 100]","[-71, -69]","[79, -69]","[229, -69]","[-221, -219]",1,12,"[100, 100]","[100, 100]",dots,04.png,03.png,06.png,05.png,dots2.png,02.png,01.png,m,"[100, 100]","[100, 100]","[100, 100]","[100, 100]","[100, 100]","[100, 100]","[100, 100]","[100, 100]","[100, 100]","[100, 100]","[100, 100]","[0, -375]",ok.png,"[100, 100]","[100, 100]",226,2,1,1,1,0,0,0,0,0,0,0,1.71427094936,1.7142709493637085,0,227,227,-215,-215,1,1,0,0,0,0,0,0,0,0.39887714386,0.3988771438598633,0,60,60,-344,-344,397
00.png,00.png,31.png,32.png,33.png,34.png,14.png,00.png,13.png,"[-233, -99]","[217, 51]","[150, 100]","[-83, 51]","[67, 51]","[217, 201]","[-233, 51]","[-83, 201]","[67, 201]","[-233, 201]","[-83, -249]","[67, -249]","[217, -249]","[100, 100]","[-83, -99]","[67, -99]","[217, -99]","[-233, -249]",1,12,"[100, 100]","[100, 100]",dots,10.png,00.png,12.png,11.png,08.png,09.png,dots2.png,m,"[100, 100]","[100, 100]","[100, 100]","[100, 100]","[100, 100]","[100, 100]","[100, 100]","[100, 100]","[100, 100]","[100, 100]","[100, 100]","[0, -375]",ok.png,"[100, 100]","[100, 100]",227,2,1,1,1,0,0,0,0,0,0,0,0.96405851841,0.964058518409729,0,66,66,-239,-239,1,1,0,0,0,0,0,0,0,0.565145075321,0.5651450753211975,0,2,2,-409,-409,116
00.png,00.png,25.png,24.png,23.png,22.png,21.png,20.png,19.png,"[-207, -73]","[243, 77]","[150, 100]","[-57, 77]","[93, 77]","[243, 227]","[-207, 77]","[-57, 227]","[93, 227]","[-207, 227]","[-57, -223]","[93, -223]","[243, -223]","[100, 100]","[-57, -73]","[93, -73]","[243, -73]","[-207, -223]",1,12,"[100, 100]","[100, 100]",dots,16.png,15.png,18.png,17.png,00.png,dots2.png,00.png,m,"[100, 100]","[100, 100]","[100, 100]","[100, 100]","[100, 100]","[100, 100]","[100, 100]","[100, 100]","[100, 100]","[100, 100]","[100, 100]","[0, -375]",ok.png,"[100, 100]","[100, 100]",228,2,1,1,1,0,0,0,0,0,0,0,2.79754805565,2.7975480556488037,0,-47,-47,-234,-234,1,1,0,0,0,0,0,0,0,0.365508466959,0.3655084669589996,0,-4,-4,-326,-326,68
33.png,32.png,30.png,29.png,00.png,00.png,31.png,27.png,26.png,"[-206, -59]","[244, 91]","[150, 100]","[-56, 91]","[94, 91]","[244, 241]","[-206, 91]","[-56, 241]","[94, 241]","[-206, 241]","[-56, -209]","[94, -209]","[244, -209]","[100, 100]","[-56, -59]","[94, -59]","[244, -59]","[-206, -209]",1,12,"[100, 100]","[100, 100]",dots,00.png,dots2.png,28.png,00.png,22.png,24.png,23.png,m,"[100, 100]","[100, 100]","[100, 100]","[100, 100]","[100, 100]","[100, 100]","[100, 100]","[100, 100]","[100, 100]","[100, 100]","[100, 100]","[0, -375]",ok.png,"[100, 100]","[100, 100]",229,2,1,1,1,0,0,0,0,0,0,0,0.914300322533,0.9143003225326538,0,-182,-182,-209,-209,1,1,0,0,0,0,0,0,0,0.432066112757,0.4320661127567291,0,-22,-22,-378,-378,380
00.png,00.png,00.png,00.png,01.png,34.png,33.png,32.png,31.png,"[-249, -71]","[201, 79]","[150, 100]","[-99, 79]","[51, 79]","[201, 229]","[-249, 79]","[-99, 229]","[51, 229]","[-249, 229]","[-99, -221]","[51, -221]","[201, -221]","[100, 100]","[-99, -71]","[51, -71]","[201, -71]","[-249, -221]",1,12,"[100, 100]","[100, 100]",dots,dots2.png,08.png,30.png,29.png,02.png,06.png,04.png,m,"[100, 100]","[100, 100]","[100, 100]","[100, 100]","[100, 100]","[100, 100]","[100, 100]","[100, 100]","[100, 100]","[100, 100]","[100, 100]","[0, -375]",ok.png,"[100, 100]","[100, 100]",230,2,1,1,1,0,0,0,0,0,0,0,0.914287090302,0.9142870903015136,0,221,221,-64,-64,1,1,0,0,0,0,0,0,0,0.531918406487,0.5319184064865112,0,-28,-28,-390,-390,134
00.png,00.png,23.png,17.png,29.png,09.png,15.png,06.png,00.png,"[-207, -59]","[243, 91]","[150, 100]","[-57, 91]","[93, 91]","[243, 241]","[-207, 91]","[-57, 241]","[93, 241]","[-207, 241]","[-57, -209]","[93, -209]","[243, -209]","[100, 100]","[-57, -59]","[93, -59]","[243, -59]","[-207, -209]",1,12,"[100, 100]","[100, 100]",dots,04.png,27.png,00.png,dots2.png,01.png,07.png,34.png,m,"[100, 100]","[100, 100]","[100, 100]","[100, 100]","[100, 100]","[100, 100]","[100, 100]","[100, 100]","[100, 100]","[100, 100]","[100, 100]","[0, -375]",ok.png,"[100, 100]","[100, 100]",231,2,1,1,1,0,0,0,0,0,0,0,1.09759497643,1.097594976425171,0,83,83,-56,-56,1,1,0,0,0,0,0,0,0,2.23200631142,2.232006311416626,0,-3,-3,-379,-379,1
17.png,09.png,22.png,06.png,00.png,00.png,14.png,18.png,25.png,"[-243, -65]","[207, 85]","[150, 100]","[-93, 85]","[57, 85]","[207, 235]","[-243, 85]","[-93, 235]","[57, 235]","[-243, 235]","[-93, -215]","[57, -215]","[207, -215]","[100, 100]","[-93, -65]","[57, -65]","[207, -65]","[-243, -215]",1,12,"[100, 100]","[100, 100]",dots,07.png,05.png,dots2.png,03.png,00.png,02.png,00.png,m,"[100, 100]","[100, 100]","[100, 100]","[100, 100]","[100, 100]","[100, 100]","[100, 100]","[100, 100]","[100, 100]","[100, 100]","[100, 100]","[0, -375]",ok.png,"[100, 100]","[100, 100]",232,2,1,1,1,0,0,0,0,0,0,0,0.747266054153,0.7472660541534424,0,-94,-94,-70,-70,1,1,0,0,0,0,0,0,0,0.482027441263,0.48202744126319885,0,-49,-49,-313,-313,254
00.png,33.png,00.png,00.png,31.png,25.png,17.png,30.png,dots2.png,"[-242, -71]","[208, 79]","[150, 100]","[-92, 79]","[58, 79]","[208, 229]","[-242, 79]","[-92, 229]","[58, 229]","[-242, 229]","[-92, -221]","[58, -221]","[208, -221]","[100, 100]","[-92, -71]","[58, -71]","[208, -71]","[-242, -221]",1,12,"[100, 100]","[100, 100]",dots,20.png,07.png,27.png,15.png,00.png,33.png,05.png,m,"[100, 100]","[100, 100]","[100, 100]","[100, 100]","[100, 100]","[100, 100]","[100, 100]","[100, 100]","[100, 100]","[100, 100]","[100, 100]","[0, -375]",ok.png,"[100, 100]","[100, 100]",233,2,1,1,1,0,0,0,0,0,0,0,1.49742996693,1.4974299669265747,0,-228,-228,-61,-61,1,1,0,0,0,0,0,0,0,0.782098352909,0.7820983529090881,0,-30,-30,-377,-377,78
33.png,31.png,25.png,21.png,27.png,23.png,29.png,dots2.png,00.png,"[-243, -92]","[207, 58]","[150, 100]","[-93, 58]","[57, 58]","[207, 208]","[-243, 58]","[-93, 208]","[57, 208]","[-243, 208]","[-93, -242]","[57, -242]","[207, -242]","[100, 100]","[-93, -92]","[57, -92]","[207, -92]","[-243, -242]",1,12,"[100, 100]","[100, 100]",dots,00.png,16.png,00.png,00.png,07.png,13.png,10.png,m,"[100, 100]","[100, 100]","[100, 100]","[100, 100]","[100, 100]","[100, 100]","[100, 100]","[100, 100]","[100, 100]","[100, 100]","[100, 100]","[0, -375]",ok.png,"[100, 100]","[100, 100]",234,2,1,1,1,0,0,0,0,0,0,0,0.897555708885,0.8975557088851929,0,214,214,60,60,1,1,0,0,0,0,0,0,0,1.09879767895,1.0987976789474487,0,11,11,-369,-369,226
00.png,00.png,00.png,00.png,26.png,24.png,dots2.png,22.png,20.png,"[-246, -69]","[204, 81]","[150, 100]","[-96, 81]","[54, 81]","[204, 231]","[-246, 81]","[-96, 231]","[54, 231]","[-246, 231]","[-96, -219]","[54, -219]","[204, -219]","[100, 100]","[-96, -69]","[54, -69]","[204, -69]","[-246, -219]",1,12,"[100, 100]","[100, 100]",dots,14.png,03.png,18.png,16.png,09.png,05.png,07.png,m,"[100, 100]","[100, 100]","[100, 100]","[100, 100]","[100, 100]","[100, 100]","[100, 100]","[100, 100]","[100, 100]","[100, 100]","[100, 100]","[0, -375]",ok.png,"[100, 100]","[100, 100]",235,2,1,1,1,0,0,0,0,0,0,0,0.714345991611,0.7143459916114807,0,35,35,96,96,1,1,0,0,0,0,0,0,0,0.532148957253,0.5321489572525024,0,-18,-18,-379,-379,410
00.png,00.png,27.png,24.png,21.png,dots2.png,19.png,16.png,32.png,"[-222, -55]","[228, 95]","[150, 100]","[-72, 95]","[78, 95]","[228, 245]","[-222, 95]","[-72, 245]","[78, 245]","[-222, 245]","[-72, -205]","[78, -205]","[228, -205]","[100, 100]","[-72, -55]","[78, -55]","[228, -55]","[-222, -205]",1,12,"[100, 100]","[100, 100]",dots,13.png,31.png,34.png,10.png,00.png,33.png,00.png,m,"[100, 100]","[100, 100]","[100, 100]","[100, 100]","[100, 100]","[100, 100]","[100, 100]","[100, 100]","[100, 100]","[100, 100]","[100, 100]","[0, -375]",ok.png,"[100, 100]","[100, 100]",236,2,1,1,1,0,0,0,0,0,0,0,1.03090512753,1.0309051275253296,0,-88,-88,99,99,1,1,0,0,0,0,0,0,0,1.41549324989,1.4154932498931885,0,25,25,-390,-390,104
34.png,27.png,00.png,00.png,dots2.png,11.png,16.png,21.png,17.png,"[-224, -84]","[226, 66]","[150, 100]","[-74, 66]","[76, 66]","[226, 216]","[-224, 66]","[-74, 216]","[76, 216]","[-224, 216]","[-74, -234]","[76, -234]","[226, -234]","[100, 100]","[-74, -84]","[76, -84]","[226, -84]","[-224, -234]",1,12,"[100, 100]","[100, 100]",dots,00.png,25.png,04.png,00.png,10.png,20.png,15.png,m,"[100, 100]","[100, 100]","[100, 100]","[100, 100]","[100, 100]","[100, 100]","[100, 100]","[100, 100]","[100, 100]","[100, 100]","[100, 100]","[0, -375]",ok.png,"[100, 100]","[100, 100]",237,2,1,1,1,0,0,0,0,0,0,0,0.814057230949,0.8140572309494019,0,-241,-241,54,54,1,1,0,0,0,0,0,0,0,1.69878423214,1.6987842321395874,0,3,3,-377,-377,35
04.png,02.png,05.png,dots2.png,08.png,07.png,01.png,03.png,00.png,"[-233, -83]","[217, 67]","[150, 100]","[-83, 67]","[67, 67]","[217, 217]","[-233, 67]","[-83, 217]","[67, 217]","[-233, 217]","[-83, -233]","[67, -233]","[217, -233]","[100, 100]","[-83, -83]","[67, -83]","[217, -83]","[-233, -233]",1,12,"[100, 100]","[100, 100]",dots,28.png,24.png,00.png,32.png,00.png,20.png,00.png,m,"[100, 100]","[100, 100]","[100, 100]","[100, 100]","[100, 100]","[100, 100]","[100, 100]","[100, 100]","[100, 100]","[100, 100]","[100, 100]","[0, -375]",ok.png,"[100, 100]","[100, 100]",238,2,1,1,1,0,0,0,0,0,0,0,1.06423294544,1.0642329454421997,0,212,212,221,221,1,1,0,0,0,0,0,0,0,0.765608429909,0.7656084299087524,0,3,3,-403,-403,89
01.png,12.png,dots2.png,23.png,00.png,00.png,28.png,13.png,08.png,"[-206, -78]","[244, 72]","[150, 100]","[-56, 72]","[94, 72]","[244, 222]","[-206, 72]","[-56, 222]","[94, 222]","[-206, 222]","[-56, -228]","[94, -228]","[244, -228]","[100, 100]","[-56, -78]","[94, -78]","[244, -78]","[-206, -228]",1,12,"[100, 100]","[100, 100]",dots,00.png,16.png,33.png,03.png,29.png,06.png,00.png,m,"[100, 100]","[100, 100]","[100, 100]","[100, 100]","[100, 100]","[100, 100]","[100, 100]","[100, 100]","[100, 100]","[100, 100]","[100, 100]","[0, -375]",ok.png,"[100, 100]","[100, 100]",239,2,1,1,1,0,0,0,0,0,0,0,1.16430056095,1.164300560951233,0,70,70,224,224,1,1,0,0,0,0,0,0,0,0.865599453449,0.8655994534492493,0,12,12,-391,-391,425
00.png,dots2.png,03.png,07.png,13.png,17.png,23.png,27.png,33.png,"[-215, -68]","[235, 82]","[150, 100]","[-65, 82]","[85, 82]","[235, 232]","[-215, 82]","[-65, 232]","[85, 232]","[-215, 232]","[-65, -218]","[85, -218]","[235, -218]","[100, 100]","[-65, -68]","[85, -68]","[235, -68]","[-215, -218]",1,12,"[100, 100]","[100, 100]",dots,14.png,16.png,04.png,06.png,00.png,00.png,00.png,m,"[100, 100]","[100, 100]","[100, 100]","[100, 100]","[100, 100]","[100, 100]","[100, 100]","[100, 100]","[100, 100]","[100, 100]","[100, 100]","[0, -375]",ok.png,"[100, 100]","[100, 100]",240,2,1,1,1,0,0,0,0,0,0,0,0.797309339046,0.7973093390464783,0,-58,-58,256,256,1,1,0,0,0,0,0,0,0,1.08215272427,1.0821527242660522,0,-29,-29,-327,-327,56
dots2.png,17.png,07.png,14.png,00.png,00.png,23.png,24.png,04.png,"[-206, -94]","[244, 56]","[150, 100]","[-56, 56]","[94, 56]","[244, 206]","[-206, 56]","[-56, 206]","[94, 206]","[-206, 206]","[-56, -244]","[94, -244]","[244, -244]","[100, 100]","[-56, -94]","[94, -94]","[244, -94]","[-206, -244]",1,12,"[100, 100]","[100, 100]",dots,00.png,02.png,03.png,00.png,04.png,30.png,20.png,m,"[100, 100]","[100, 100]","[100, 100]","[100, 100]","[100, 100]","[100, 100]","[100, 100]","[100, 100]","[100, 100]","[100, 100]","[100, 100]","[0, -375]",ok.png,"[100, 100]","[100, 100]",241,2,1,1,1,0,0,0,0,0,0,0,1.06448590755,1.0644859075546265,0,-189,-189,206,206,1,1,0,0,0,0,0,0,0,0.732180595398,0.7321805953979492,0,-29,-29,-360,-360,137
18.png,dots2.png,04.png,00.png,00.png,16.png,22.png,12.png,11.png,"[-237, -53]","[213, 97]","[150, 100]","[-87, 97]","[63, 97]","[213, 247]","[-237, 97]","[-87, 247]","[63, 247]","[-237, 247]","[-87, -203]","[63, -203]","[213, -203]","[100, 100]","[-87, -53]","[63, -53]","[213, -53]","[-237, -203]",1,12,"[100, 100]","[100, 100]",dots,00.png,00.png,32.png,02.png,03.png,29.png,19.png,m,"[100, 100]","[100, 100]","[100, 100]","[100, 100]","[100, 100]","[100, 100]","[100, 100]","[100, 100]","[100, 100]","[100, 100]","[100, 100]","[0, -375]",ok.png,"[100, 100]","[100, 100]",242,2,1,1,1,0,0,0,0,0,0,0,1.0977063179,1.097706317901611,0,-94,-94,256,256,1,1,0,0,0,0,0,0,0,0.532001316547,0.5320013165473938,0,-19,-19,-329,-329,420
15.png,08.png,dots2.png,03.png,25.png,28.png,27.png,00.png,00.png,"[-203, -85]","[247, 65]","[150, 100]","[-53, 65]","[97, 65]","[247, 215]","[-203, 65]","[-53, 215]","[97, 215]","[-203, 215]","[-53, -235]","[97, -235]","[247, -235]","[100, 100]","[-53, -85]","[97, -85]","[247, -85]","[-203, -235]",1,12,"[100, 100]","[100, 100]",dots,21.png,05.png,00.png,00.png,16.png,11.png,13.png,m,"[100, 100]","[100, 100]","[100, 100]","[100, 100]","[100, 100]","[100, 100]","[100, 100]","[100, 100]","[100, 100]","[100, 100]","[100, 100]","[0, -375]",ok.png,"[100, 100]","[100, 100]",243,2,1,1,1,0,0,0,0,0,0,0,0.76444041729,0.7644404172897339,0,108,108,223,223,1,1,0,0,0,0,0,0,0,0.832510888577,0.8325108885765076,0,35,35,-410,-410,344
00.png,07.png,14.png,dots2.png,23.png,00.png,09.png,29.png,28.png,"[-203, -87]","[247, 63]","[150, 100]","[-53, 63]","[97, 63]","[247, 213]","[-203, 63]","[-53, 213]","[97, 213]","[-203, 213]","[-53, -237]","[97, -237]","[247, -237]","[100, 100]","[-53, -87]","[97, -87]","[247, -87]","[-203, -237]",1,12,"[100, 100]","[100, 100]",dots,00.png,17.png,16.png,00.png,06.png,15.png,21.png,m,"[100, 100]","[100, 100]","[100, 100]","[100, 100]","[100, 100]","[100, 100]","[100, 100]","[100, 100]","[100, 100]","[100, 100]","[100, 100]","[0, -375]",ok.png,"[100, 100]","[100, 100]",244,2,1,1,1,0,0,0,0,0,0,0,1.04740762711,1.047407627105713,0,272,272,221,221,1,1,0,0,0,0,0,0,0,0.648661375046,0.6486613750457764,0,27,27,-364,-364,146
00.png,32.png,21.png,31.png,dots2.png,08.png,30.png,15.png,34.png,"[-220, -83]","[230, 67]","[150, 100]","[-70, 67]","[80, 67]","[230, 217]","[-220, 67]","[-70, 217]","[80, 217]","[-220, 217]","[-70, -233]","[80, -233]","[230, -233]","[100, 100]","[-70, -83]","[80, -83]","[230, -83]","[-220, -233]",1,12,"[100, 100]","[100, 100]",dots,12.png,28.png,00.png,00.png,00.png,01.png,11.png,m,"[100, 100]","[100, 100]","[100, 100]","[100, 100]","[100, 100]","[100, 100]","[100, 100]","[100, 100]","[100, 100]","[100, 100]","[100, 100]","[0, -375]",ok.png,"[100, 100]","[100, 100]",245,2,1,1,1,0,0,0,0,0,0,0,0.647487103939,0.6474871039390564,0,-225,-225,74,74,1,1,0,0,0,0,0,0,0,0.632271826267,0.6322718262672424,0,6,6,-405,-405,235
00.png,00.png,16.png,13.png,10.png,dots2.png,09.png,07.png,27.png,"[-207, -60]","[243, 90]","[150, 100]","[-57, 90]","[93, 90]","[243, 240]","[-207, 90]","[-57, 240]","[93, 240]","[-207, 240]","[-57, -210]","[93, -210]","[243, -210]","[100, 100]","[-57, -60]","[93, -60]","[243, -60]","[-207, -210]",1,12,"[100, 100]","[100, 100]",dots,32.png,04.png,24.png,31.png,00.png,12.png,00.png,m,"[100, 100]","[100, 100]","[100, 100]","[100, 100]","[100, 100]","[100, 100]","[100, 100]","[100, 100]","[100, 100]","[100, 100]","[100, 100]","[0, -375]",ok.png,"[100, 100]","[100, 100]",246,2,1,1,1,0,0,0,0,0,0,0,0.714144825935,0.7141448259353638,0,-192,-192,-31,-31,1,1,0,0,0,0,0,0,0,0.69878423214,0.6987842321395874,0,-46,-46,122,122,173
30.png,00.png,20.png,34.png,10.png,07.png,dots2.png,01.png,00.png,"[-206, -63]","[244, 87]","[150, 100]","[-56, 87]","[94, 87]","[244, 237]","[-206, 87]","[-56, 237]","[94, 237]","[-206, 237]","[-56, -213]","[94, -213]","[244, -213]","[100, 100]","[-56, -63]","[94, -63]","[244, -63]","[-206, -213]",1,12,"[100, 100]","[100, 100]",dots,33.png,12.png,05.png,19.png,00.png,25.png,00.png,m,"[100, 100]","[100, 100]","[100, 100]","[100, 100]","[100, 100]","[100, 100]","[100, 100]","[100, 100]","[100, 100]","[100, 100]","[100, 100]","[0, -375]",ok.png,"[100, 100]","[100, 100]",247,2,1,1,1,0,0,0,0,0,0,0,0.831012248993,0.8310122489929199,0,85,85,82,82,1,1,0,0,0,0,0,0,0,0.698526918888,0.698526918888092,0,-3,-3,-406,-406,263
00.png,00.png,24.png,26.png,30.png,04.png,02.png,dots2.png,09.png,"[-233, -69]","[217, 81]","[150, 100]","[-83, 81]","[67, 81]","[217, 231]","[-233, 81]","[-83, 231]","[67, 231]","[-233, 231]","[-83, -219]","[67, -219]","[217, -219]","[100, 100]","[-83, -69]","[67, -69]","[217, -69]","[-233, -219]",1,12,"[100, 100]","[100, 100]",dots,00.png,18.png,00.png,14.png,11.png,17.png,13.png,m,"[100, 100]","[100, 100]","[100, 100]","[100, 100]","[100, 100]","[100, 100]","[100, 100]","[100, 100]","[100, 100]","[100, 100]","[100, 100]","[0, -375]",ok.png,"[100, 100]","[100, 100]",248,2,1,1,1,0,0,0,0,0,0,0,2.24756813049,2.247568130493164,0,195,195,89,89,1,1,0,0,0,0,0,0,0,0.632046222687,0.6320462226867676,0,-37,-37,-394,-394,73
19.png,03.png,00.png,09.png,30.png,00.png,31.png,18.png,dots2.png,"[-203, -81]","[247, 69]","[150, 100]","[-53, 69]","[97, 69]","[247, 219]","[-203, 69]","[-53, 219]","[97, 219]","[-203, 219]","[-53, -231]","[97, -231]","[247, -231]","[100, 100]","[-53, -81]","[97, -81]","[247, -81]","[-203, -231]",1,12,"[100, 100]","[100, 100]",dots,11.png,20.png,00.png,07.png,00.png,10.png,14.png,m,"[100, 100]","[100, 100]","[100, 100]","[100, 100]","[100, 100]","[100, 100]","[100, 100]","[100, 100]","[100, 100]","[100, 100]","[100, 100]","[0, -375]",ok.png,"[100, 100]","[100, 100]",249,2,1,1,1,0,0,0,0,0,0,0,0.980367124081,0.980367124080658,0,-199,-199,-91,-91,1,1,0,0,0,0,0,0,0,0.798697292805,0.798697292804718,0,-34,-34,-368,-368,434
26.png,29.png,32.png,19.png,00.png,14.png,00.png,33.png,00.png,"[-220, -96]","[230, 54]","[150, 100]","[-70, 54]","[80, 54]","[230, 204]","[-220, 54]","[-70, 204]","[80, 204]","[-220, 204]","[-70, -246]","[80, -246]","[230, -246]","[100, 100]","[-70, -96]","[80, -96]","[230, -96]","[-220, -246]",1,12,"[100, 100]","[100, 100]",dots,23.png,00.png,dots2.png,21.png,31.png,13.png,03.png,m,"[100, 100]","[100, 100]","[100, 100]","[100, 100]","[100, 100]","[100, 100]","[100, 100]","[100, 100]","[100, 100]","[100, 100]","[100, 100]","[0, -375]",ok.png,"[100, 100]","[100, 100]",250,2,1,1,1,0,0,0,0,0,0,0,1.84738028049,1.84738028049469,0,-78,-78,-102,-102,1,1,0,0,0,0,0,0,0,0.682264566422,0.6822645664215088,0,-22,-22,-375,-375,24
tray1.png,01.png,02.png,03.png,04.png,05.png,06.png,07.png,08.png,"[-238, -68]","[212, 82]","[150, 100]","[-88, 82]","[62, 82]","[212, 232]","[-238, 82]","[-88, 232]","[62, 232]","[-238, 232]","[-88, -218]","[62, -218]","[212, -218]","[100, 100]","[-88, -68]","[62, -68]","[212, -68]","[-238, -218]",1,12,"[100, 100]","[100, 100]",both,dots1.png,00.png,09.png,10.png,00.png,00.png,00.png,m,"[100, 100]","[100, 100]","[100, 100]","[100, 100]","[100, 100]","[100, 100]","[100, 100]","[100, 100]","[100, 100]","[100, 100]","[100, 100]","[0, -375]",ok.png,"[100, 100]","[100, 100]",251,3,1,1,1,0,0,0,0,0,0,0,0.930623471737,0.930623471736908,0,201,201,-49,-49,1,1,0,0,0,0,0,0,0,0.499015510082,0.4990155100822449,0,-217,-217,233,233,232
08.png,tray1.png,09.png,00.png,10.png,11.png,12.png,13.png,00.png,"[-201, -62]","[249, 88]","[150, 100]","[-51, 88]","[99, 88]","[249, 238]","[-201, 88]","[-51, 238]","[99, 238]","[-201, 238]","[-51, -212]","[99, -212]","[249, -212]","[100, 100]","[-51, -62]","[99, -62]","[249, -62]","[-201, -212]",1,12,"[100, 100]","[100, 100]",both,33.png,32.png,14.png,dots1.png,00.png,31.png,00.png,m,"[100, 100]","[100, 100]","[100, 100]","[100, 100]","[100, 100]","[100, 100]","[100, 100]","[100, 100]","[100, 100]","[100, 100]","[100, 100]","[0, -375]",ok.png,"[100, 100]","[100, 100]",252,3,1,1,1,0,0,0,0,0,0,0,0.730870246887,0.730870246887207,0,106,106,-54,-54,1,1,0,0,0,0,0,0,0,0.81527608633,0.8152760863304138,0,-42,-42,231,231,291
00.png,00.png,tray1.png,15.png,16.png,17.png,18.png,19.png,20.png,"[-216, -52]","[234, 98]","[150, 100]","[-66, 98]","[84, 98]","[234, 248]","[-216, 98]","[-66, 248]","[84, 248]","[-216, 248]","[-66, -202]","[84, -202]","[234, -202]","[100, 100]","[-66, -52]","[84, -52]","[234, -52]","[-216, -202]",1,12,"[100, 100]","[100, 100]",both,23.png,24.png,dots1.png,22.png,00.png,25.png,00.png,m,"[100, 100]","[100, 100]","[100, 100]","[100, 100]","[100, 100]","[100, 100]","[100, 100]","[100, 100]","[100, 100]","[100, 100]","[100, 100]","[0, -375]",ok.png,"[100, 100]","[100, 100]",253,3,1,1,1,0,0,0,0,0,0,0,0.880981564522,0.8809815645217896,0,78,78,253,253,1,1,0,0,0,0,0,0,0,0.582107663155,0.582107663154602,0,-83,-83,-57,-57,260
22.png,23.png,24.png,tray1.png,00.png,00.png,25.png,dots1.png,00.png,"[-235, -51]","[215, 99]","[150, 100]","[-85, 99]","[65, 99]","[215, 249]","[-235, 99]","[-85, 249]","[65, 249]","[-235, 249]","[-85, -201]","[65, -201]","[215, -201]","[100, 100]","[-85, -51]","[65, -51]","[215, -51]","[-235, -201]",1,12,"[100, 100]","[100, 100]",both,28.png,29.png,00.png,27.png,32.png,30.png,31.png,m,"[100, 100]","[100, 100]","[100, 100]","[100, 100]","[100, 100]","[100, 100]","[100, 100]","[100, 100]","[100, 100]","[100, 100]","[100, 100]","[0, -375]",ok.png,"[100, 100]","[100, 100]",254,3,1,1,1,0,0,0,0,0,0,0,1.5973007679,1.5973007678985596,0,214,214,109,109,1,1,0,0,0,0,0,0,0,0.398992747068,0.3989927470684051,0,231,231,252,252,324
02.png,04.png,06.png,08.png,tray1.png,29.png,dots1.png,31.png,32.png,"[-202, -71]","[248, 79]","[150, 100]","[-52, 79]","[98, 79]","[248, 229]","[-202, 79]","[-52, 229]","[98, 229]","[-202, 229]","[-52, -221]","[98, -221]","[248, -221]","[100, 100]","[-52, -71]","[98, -71]","[248, -71]","[-202, -221]",1,12,"[100, 100]","[100, 100]",both,01.png,00.png,33.png,34.png,00.png,00.png,00.png,m,"[100, 100]","[100, 100]","[100, 100]","[100, 100]","[100, 100]","[100, 100]","[100, 100]","[100, 100]","[100, 100]","[100, 100]","[100, 100]","[0, -375]",ok.png,"[100, 100]","[100, 100]",255,3,1,1,1,0,0,0,0,0,0,0,0.59762018919,0.5976201891899109,0,-204,-204,98,98,1,1,0,0,0,0,0,0,0,0.465362101793,0.4653621017932892,0,160,160,107,107,361
01.png,34.png,07.png,27.png,dots1.png,tray1.png,00.png,00.png,06.png,"[-248, -79]","[202, 71]","[150, 100]","[-98, 71]","[52, 71]","[202, 221]","[-248, 71]","[-98, 221]","[52, 221]","[-248, 221]","[-98, -229]","[52, -229]","[202, -229]","[100, 100]","[-98, -79]","[52, -79]","[202, -79]","[-248, -229]",1,12,"[100, 100]","[100, 100]",both,29.png,17.png,15.png,09.png,00.png,23.png,00.png,m,"[100, 100]","[100, 100]","[100, 100]","[100, 100]","[100, 100]","[100, 100]","[100, 100]","[100, 100]","[100, 100]","[100, 100]","[100, 100]","[0, -375]",ok.png,"[100, 100]","[100, 100]",256,3,1,1,1,0,0,0,0,0,0,0,0.964234232903,0.9642342329025269,0,-104,-104,87,87,1,1,0,0,0,0,0,0,0,0.281949877739,0.28194987773895264,0,-205,-205,76,76,13
00.png,00.png,02.png,dots1.png,07.png,03.png,tray1.png,25.png,18.png,"[-209, -61]","[241, 89]","[150, 100]","[-59, 89]","[91, 89]","[241, 239]","[-209, 89]","[-59, 239]","[91, 239]","[-209, 239]","[-59, -211]","[91, -211]","[241, -211]","[100, 100]","[-59, -61]","[91, -61]","[241, -61]","[-209, -211]",1,12,"[100, 100]","[100, 100]",both,00.png,06.png,14.png,00.png,17.png,22.png,09.png,m,"[100, 100]","[100, 100]","[100, 100]","[100, 100]","[100, 100]","[100, 100]","[100, 100]","[100, 100]","[100, 100]","[100, 100]","[100, 100]","[0, -375]",ok.png,"[100, 100]","[100, 100]",257,3,1,1,1,0,0,0,0,0,0,0,0.830728888512,0.8307288885116577,0,97,97,110,110,1,1,0,0,0,0,0,0,0,0.765161514282,0.7651615142822266,0,-6,-6,-339,-339,117
00.png,05.png,dots1.png,07.png,20.png,15.png,27.png,tray1.png,30.png,"[-225, -86]","[225, 64]","[150, 100]","[-75, 64]","[75, 64]","[225, 214]","[-225, 64]","[-75, 214]","[75, 214]","[-225, 214]","[-75, -236]","[75, -236]","[225, -236]","[100, 100]","[-75, -86]","[75, -86]","[225, -86]","[-225, -236]",1,12,"[100, 100]","[100, 100]",both,31.png,00.png,17.png,25.png,00.png,00.png,33.png,m,"[100, 100]","[100, 100]","[100, 100]","[100, 100]","[100, 100]","[100, 100]","[100, 100]","[100, 100]","[100, 100]","[100, 100]","[100, 100]","[0, -375]",ok.png,"[100, 100]","[100, 100]",258,3,1,1,1,0,0,0,0,0,0,0,1.04751169682,1.0475116968154907,0,87,87,212,212,1,1,0,0,0,0,0,0,0,0.549137353897,0.5491373538970947,0,225,225,89,89,259
07.png,dots1.png,13.png,16.png,00.png,00.png,00.png,00.png,tray1.png,"[-248, -54]","[202, 96]","[150, 100]","[-98, 96]","[52, 96]","[202, 246]","[-248, 96]","[-98, 246]","[52, 246]","[-248, 246]","[-98, -204]","[52, -204]","[202, -204]","[100, 100]","[-98, -54]","[52, -54]","[202, -54]","[-248, -204]",1,12,"[100, 100]","[100, 100]",both,27.png,21.png,29.png,23.png,33.png,25.png,31.png,m,"[100, 100]","[100, 100]","[100, 100]","[100, 100]","[100, 100]","[100, 100]","[100, 100]","[100, 100]","[100, 100]","[100, 100]","[100, 100]","[0, -375]",ok.png,"[100, 100]","[100, 100]",259,3,1,1,1,0,0,0,0,0,0,0,1.19766819477,1.197668194770813,0,-101,-101,224,224,1,1,0,0,0,0,0,0,0,0.648858547211,0.6488585472106934,0,-228,-228,-48,-48,97
dots1.png,07.png,05.png,03.png,14.png,16.png,18.png,20.png,22.png,"[-243, -70]","[207, 80]","[150, 100]","[-93, 80]","[57, 80]","[207, 230]","[-243, 80]","[-93, 230]","[57, 230]","[-243, 230]","[-93, -220]","[57, -220]","[207, -220]","[100, 100]","[-93, -70]","[57, -70]","[207, -70]","[-243, -220]",1,12,"[100, 100]","[100, 100]",both,26.png,00.png,tray1.png,24.png,00.png,00.png,00.png,m,"[100, 100]","[100, 100]","[100, 100]","[100, 100]","[100, 100]","[100, 100]","[100, 100]","[100, 100]","[100, 100]","[100, 100]","[100, 100]","[0, -375]",ok.png,"[100, 100]","[100, 100]",260,3,1,1,1,0,0,0,0,0,0,0,1.14763259888,1.1476325988769531,0,-89,-89,-58,-58,1,1,0,0,0,0,0,0,0,0.715483248234,0.7154832482337952,0,-226,-226,246,246,442
00.png,00.png,dots1.png,31.png,13.png,10.png,34.png,32.png,16.png,"[-220, -53]","[230, 97]","[150, 100]","[-70, 97]","[80, 97]","[230, 247]","[-220, 97]","[-70, 247]","[80, 247]","[-220, 247]","[-70, -203]","[80, -203]","[230, -203]","[100, 100]","[-70, -53]","[80, -53]","[230, -53]","[-220, -203]",1,12,"[100, 100]","[100, 100]",both,21.png,24.png,19.png,tray1.png,00.png,27.png,00.png,m,"[100, 100]","[100, 100]","[100, 100]","[100, 100]","[100, 100]","[100, 100]","[100, 100]","[100, 100]","[100, 100]","[100, 100]","[100, 100]","[0, -375]",ok.png,"[100, 100]","[100, 100]",261,3,1,1,1,0,0,0,0,0,0,0,0.747660458088,0.7476604580879211,0,75,75,241,241,1,1,0,0,0,0,0,0,0,0.581781983376,0.5817819833755493,0,55,55,-60,-60,119
10.png,15.png,20.png,dots1.png,00.png,00.png,04.png,17.png,21.png,"[-218, -65]","[232, 85]","[150, 100]","[-68, 85]","[82, 85]","[232, 235]","[-218, 85]","[-68, 235]","[82, 235]","[-218, 235]","[-68, -215]","[82, -215]","[232, -215]","[100, 100]","[-68, -65]","[82, -65]","[232, -65]","[-218, -215]",1,12,"[100, 100]","[100, 100]",both,tray1.png,00.png,16.png,11.png,34.png,00.png,27.png,m,"[100, 100]","[100, 100]","[100, 100]","[100, 100]","[100, 100]","[100, 100]","[100, 100]","[100, 100]","[100, 100]","[100, 100]","[100, 100]","[0, -375]",ok.png,"[100, 100]","[100, 100]",262,3,1,1,1,0,0,0,0,0,0,0,0.964348852634,0.96434885263443,0,239,239,231,231,1,1,0,0,0,0,0,0,0,0.615257024765,0.6152570247650146,0,223,223,-45,-45,403
00.png,00.png,20.png,24.png,dots1.png,32.png,00.png,00.png,03.png,"[-232, -98]","[218, 52]","[150, 100]","[-82, 52]","[68, 52]","[218, 202]","[-232, 52]","[-82, 202]","[68, 202]","[-232, 202]","[-82, -248]","[68, -248]","[218, -248]","[100, 100]","[-82, -98]","[68, -98]","[218, -98]","[-232, -248]",1,12,"[100, 100]","[100, 100]",both,08.png,tray1.png,01.png,07.png,04.png,05.png,02.png,m,"[100, 100]","[100, 100]","[100, 100]","[100, 100]","[100, 100]","[100, 100]","[100, 100]","[100, 100]","[100, 100]","[100, 100]","[100, 100]","[0, -375]",ok.png,"[100, 100]","[100, 100]",263,3,1,1,1,0,0,0,0,0,0,0,1.08082330227,1.080823302268982,0,-226,-226,47,47,1,1,0,0,0,0,0,0,0,0.598714888096,0.5987148880958557,0,-236,-236,-211,-211,22
29.png,00.png,06.png,16.png,00.png,dots1.png,33.png,08.png,13.png,"[-209, -82]","[241, 68]","[150, 100]","[-59, 68]","[91, 68]","[241, 218]","[-209, 68]","[-59, 218]","[91, 218]","[-209, 218]","[-59, -232]","[91, -232]","[241, -232]","[100, 100]","[-59, -82]","[91, -82]","[241, -82]","[-209, -232]",1,12,"[100, 100]","[100, 100]",both,00.png,23.png,28.png,00.png,01.png,tray1.png,12.png,m,"[100, 100]","[100, 100]","[100, 100]","[100, 100]","[100, 100]","[100, 100]","[100, 100]","[100, 100]","[100, 100]","[100, 100]","[100, 100]","[0, -375]",ok.png,"[100, 100]","[100, 100]",264,3,1,1,1,0,0,0,0,0,0,0,1.1142821312,1.1142821311950684,0,-47,-47,-229,-229,1,1,0,0,0,0,0,0,0,0.581942856312,0.5819428563117981,0,-18,-18,-382,-382,92
00.png,00.png,00.png,16.png,14.png,06.png,dots1.png,33.png,27.png,"[-209, -83]","[241, 67]","[150, 100]","[-59, 67]","[91, 67]","[241, 217]","[-209, 67]","[-59, 217]","[91, 217]","[-209, 217]","[-59, -233]","[91, -233]","[241, -233]","[100, 100]","[-59, -83]","[91, -83]","[241, -83]","[-209, -233]",1,12,"[100, 100]","[100, 100]",both,13.png,07.png,23.png,17.png,00.png,03.png,tray1.png,m,"[100, 100]","[100, 100]","[100, 100]","[100, 100]","[100, 100]","[100, 100]","[100, 100]","[100, 100]","[100, 100]","[100, 100]","[100, 100]","[0, -375]",ok.png,"[100, 100]","[100, 100]",265,3,1,1,1,0,0,0,0,0,0,0,1.21425235271,1.2142523527145386,0,70,70,-217,-217,1,1,0,0,0,0,0,0,0,1.21534729004,1.2153472900390625,0,84,84,64,64,102
04.png,20.png,30.png,02.png,00.png,00.png,03.png,dots1.png,24.png,"[-208, -81]","[242, 69]","[150, 100]","[-58, 69]","[92, 69]","[242, 219]","[-208, 69]","[-58, 219]","[92, 219]","[-208, 219]","[-58, -231]","[92, -231]","[242, -231]","[100, 100]","[-58, -81]","[92, -81]","[242, -81]","[-208, -231]",1,12,"[100, 100]","[100, 100]",both,00.png,14.png,23.png,00.png,tray1.png,07.png,17.png,m,"[100, 100]","[100, 100]","[100, 100]","[100, 100]","[100, 100]","[100, 100]","[100, 100]","[100, 100]","[100, 100]","[100, 100]","[100, 100]","[0, -375]",ok.png,"[100, 100]","[100, 100]",266,3,1,1,1,0,0,0,0,0,0,0,1.06426429749,1.0642642974853516,0,258,258,85,85,1,1,0,0,0,0,0,0,0,1.33201920986,1.3320192098617554,0,247,247,-228,-228,159
03.png,19.png,29.png,00.png,00.png,02.png,32.png,11.png,dots1.png,"[-226, -65]","[224, 85]","[150, 100]","[-76, 85]","[74, 85]","[224, 235]","[-226, 85]","[-76, 235]","[74, 235]","[-226, 235]","[-76, -215]","[74, -215]","[224, -215]","[100, 100]","[-76, -65]","[74, -65]","[224, -65]","[-226, -215]",1,12,"[100, 100]","[100, 100]",both,00.png,00.png,22.png,16.png,18.png,04.png,tray1.png,m,"[100, 100]","[100, 100]","[100, 100]","[100, 100]","[100, 100]","[100, 100]","[100, 100]","[100, 100]","[100, 100]","[100, 100]","[100, 100]","[0, -375]",ok.png,"[100, 100]","[100, 100]",267,3,1,1,1,0,0,0,0,0,0,0,1.21427607536,1.2142760753631592,0,-205,-205,-52,-52,1,1,0,0,0,0,0,0,0,0.598783910275,0.5987839102745056,0,46,46,-199,-199,237
16.png,13.png,11.png,05.png,21.png,00.png,00.png,00.png,00.png,"[-237, -76]","[213, 74]","[150, 100]","[-87, 74]","[63, 74]","[213, 224]","[-237, 74]","[-87, 224]","[63, 224]","[-237, 224]","[-87, -226]","[63, -226]","[213, -226]","[100, 100]","[-87, -76]","[63, -76]","[213, -76]","[-237, -226]",1,12,"[100, 100]","[100, 100]",both,25.png,03.png,dots1.png,28.png,15.png,tray1.png,08.png,m,"[100, 100]","[100, 100]","[100, 100]","[100, 100]","[100, 100]","[100, 100]","[100, 100]","[100, 100]","[100, 100]","[100, 100]","[100, 100]","[0, -375]",ok.png,"[100, 100]","[100, 100]",268,3,1,1,1,0,0,0,0,0,0,0,1.28112709522,1.2811270952224731,0,-99,-99,-86,-86,1,1,0,0,0,0,0,0,0,0.631921708584,0.6319217085838318,0,-61,-61,-223,-223,204
06.png,21.png,15.png,17.png,00.png,00.png,16.png,28.png,29.png,"[-213, -90]","[237, 60]","[150, 100]","[-63, 60]","[87, 60]","[237, 210]","[-213, 60]","[-63, 210]","[87, 210]","[-213, 210]","[-63, -240]","[87, -240]","[237, -240]","[100, 100]","[-63, -90]","[87, -90]","[237, -90]","[-213, -240]",1,12,"[100, 100]","[100, 100]",both,dots1.png,tray1.png,09.png,00.png,00.png,14.png,07.png,m,"[100, 100]","[100, 100]","[100, 100]","[100, 100]","[100, 100]","[100, 100]","[100, 100]","[100, 100]","[100, 100]","[100, 100]","[100, 100]","[0, -375]",ok.png,"[100, 100]","[100, 100]",269,3,1,1,1,0,0,0,0,0,0,0,1.18075418472,1.1807541847229004,0,-201,-201,-240,-240,1,1,0,0,0,0,0,0,0,0.715727329254,0.7157273292541504,0,-43,-43,-369,-369,46
00.png,11.png,01.png,28.png,12.png,00.png,00.png,34.png,15.png,"[-248, -83]","[202, 67]","[150, 100]","[-98, 67]","[52, 67]","[202, 217]","[-248, 67]","[-98, 217]","[52, 217]","[-248, 217]","[-98, -233]","[52, -233]","[202, -233]","[100, 100]","[-98, -83]","[52, -83]","[202, -83]","[-248, -233]",1,12,"[100, 100]","[100, 100]",both,tray1.png,31.png,30.png,08.png,00.png,21.png,dots1.png,m,"[100, 100]","[100, 100]","[100, 100]","[100, 100]","[100, 100]","[100, 100]","[100, 100]","[100, 100]","[100, 100]","[100, 100]","[100, 100]","[0, -375]",ok.png,"[100, 100]","[100, 100]",270,3,1,1,1,0,0,0,0,0,0,0,0.780984520912,0.7809845209121704,0,37,37,-191,-191,1,1,0,0,0,0,0,0,0,0.282415300608,0.2824153006076813,0,196,196,-83,-83,215
00.png,00.png,12.png,dots1.png,32.png,31.png,24.png,27.png,07.png,"[-230, -60]","[220, 90]","[150, 100]","[-80, 90]","[70, 90]","[220, 240]","[-230, 90]","[-80, 240]","[70, 240]","[-230, 240]","[-80, -210]","[70, -210]","[220, -210]","[100, 100]","[-80, -60]","[70, -60]","[220, -60]","[-230, -210]",1,12,"[100, 100]","[100, 100]",both,10.png,13.png,09.png,tray1.png,00.png,16.png,00.png,m,"[100, 100]","[100, 100]","[100, 100]","[100, 100]","[100, 100]","[100, 100]","[100, 100]","[100, 100]","[100, 100]","[100, 100]","[100, 100]","[0, -375]",ok.png,"[100, 100]","[100, 100]",271,3,1,1,1,0,0,0,0,0,0,0,1.44762063026,1.4476206302642822,0,93,93,-20,-20,1,1,0,0,0,0,0,0,0,0.8487637043,0.8487637042999268,0,222,222,235,235,270
00.png,00.png,25.png,12.png,dots1.png,19.png,05.png,00.png,01.png,"[-218, -71]","[232, 79]","[150, 100]","[-68, 79]","[82, 79]","[232, 229]","[-218, 79]","[-68, 229]","[82, 229]","[-218, 229]","[-68, -221]","[82, -221]","[232, -221]","[100, 100]","[-68, -71]","[82, -71]","[232, -71]","[-218, -221]",1,12,"[100, 100]","[100, 100]",both,10.png,34.png,tray1.png,07.png,30.png,20.png,00.png,m,"[100, 100]","[100, 100]","[100, 100]","[100, 100]","[100, 100]","[100, 100]","[100, 100]","[100, 100]","[100, 100]","[100, 100]","[100, 100]","[0, -375]",ok.png,"[100, 100]","[100, 100]",272,3,1,1,1,0,0,0,0,0,0,0,0.81427693367,0.814276933670044,0,-220,-220,98,98,1,1,0,0,0,0,0,0,0,0.581943511963,0.5819435119628906,0,-63,-63,-74,-74,288
11.png,13.png,17.png,18.png,00.png,dots1.png,00.png,09.png,tray1.png,"[-223, -64]","[227, 86]","[150, 100]","[-73, 86]","[77, 86]","[227, 236]","[-223, 86]","[-73, 236]","[77, 236]","[-223, 236]","[-73, -214]","[77, -214]","[227, -214]","[100, 100]","[-73, -64]","[77, -64]","[227, -64]","[-223, -214]",1,12,"[100, 100]","[100, 100]",both,30.png,26.png,02.png,04.png,00.png,24.png,00.png,m,"[100, 100]","[100, 100]","[100, 100]","[100, 100]","[100, 100]","[100, 100]","[100, 100]","[100, 100]","[100, 100]","[100, 100]","[100, 100]","[0, -375]",ok.png,"[100, 100]","[100, 100]",273,3,1,1,1,0,0,0,0,0,0,0,0.647682607174,0.6476826071739197,0,-55,-55,96,96,1,1,0,0,0,0,0,0,0,0.648948073387,0.648948073387146,0,-194,-194,-99,-99,264
00.png,14.png,10.png,20.png,11.png,07.png,00.png,tray1.png,18.png,"[-213, -92]","[237, 58]","[150, 100]","[-63, 58]","[87, 58]","[237, 208]","[-213, 58]","[-63, 208]","[87, 208]","[-213, 208]","[-63, -242]","[87, -242]","[237, -242]","[100, 100]","[-63, -92]","[87, -92]","[237, -92]","[-213, -242]",1,12,"[100, 100]","[100, 100]",both,30.png,09.png,31.png,00.png,dots1.png,00.png,03.png,m,"[100, 100]","[100, 100]","[100, 100]","[100, 100]","[100, 100]","[100, 100]","[100, 100]","[100, 100]","[100, 100]","[100, 100]","[100, 100]","[0, -375]",ok.png,"[100, 100]","[100, 100]",274,3,1,1,1,0,0,0,0,0,0,0,0.914377629757,0.9143776297569276,0,258,258,62,62,1,1,0,0,0,0,0,0,0,0.565289378166,0.5652893781661987,0,227,227,-246,-246,305
31.png,03.png,13.png,00.png,23.png,21.png,tray1.png,00.png,33.png,"[-239, -78]","[211, 72]","[150, 100]","[-89, 72]","[61, 72]","[211, 222]","[-239, 72]","[-89, 222]","[61, 222]","[-239, 222]","[-89, -228]","[61, -228]","[211, -228]","[100, 100]","[-89, -78]","[61, -78]","[211, -78]","[-239, -228]",1,12,"[100, 100]","[100, 100]",both,00.png,19.png,00.png,14.png,26.png,32.png,dots1.png,m,"[100, 100]","[100, 100]","[100, 100]","[100, 100]","[100, 100]","[100, 100]","[100, 100]","[100, 100]","[100, 100]","[100, 100]","[100, 100]","[0, -375]",ok.png,"[100, 100]","[100, 100]",275,3,1,1,1,0,0,0,0,0,0,0,1.23069107533,1.2306910753250122,0,72,72,90,90,1,1,0,0,0,0,0,0,0,0.499020785093,0.4990207850933075,0,63,63,-240,-240,195
00.png,00.png,00.png,00.png,dots2.png,10.png,09.png,08.png,07.png,"[-244, -66]","[206, 84]","[150, 100]","[-94, 84]","[56, 84]","[206, 234]","[-244, 84]","[-94, 234]","[56, 234]","[-244, 234]","[-94, -216]","[56, -216]","[206, -216]","[100, 100]","[-94, -66]","[56, -66]","[206, -66]","[-244, -216]",1,12,"[100, 100]","[100, 100]",both,04.png,03.png,06.png,05.png,tray2.png,02.png,01.png,m,"[100, 100]","[100, 100]","[100, 100]","[100, 100]","[100, 100]","[100, 100]","[100, 100]","[100, 100]","[100, 100]","[100, 100]","[100, 100]","[0, -375]",ok.png,"[100, 100]","[100, 100]",276,3,1,1,1,0,0,0,0,0,0,0,0.880957067013,0.8809570670127869,0,185,185,-198,-198,1,1,0,0,0,0,0,0,0,0.581851661205,0.5818516612052917,0,-227,-227,84,84,106
00.png,00.png,31.png,32.png,33.png,dots2.png,14.png,00.png,13.png,"[-224, -54]","[226, 96]","[150, 100]","[-74, 96]","[76, 96]","[226, 246]","[-224, 96]","[-74, 246]","[76, 246]","[-224, 246]","[-74, -204]","[76, -204]","[226, -204]","[100, 100]","[-74, -54]","[76, -54]","[226, -54]","[-224, -204]",1,12,"[100, 100]","[100, 100]",both,10.png,00.png,12.png,11.png,08.png,09.png,tray2.png,m,"[100, 100]","[100, 100]","[100, 100]","[100, 100]","[100, 100]","[100, 100]","[100, 100]","[100, 100]","[100, 100]","[100, 100]","[100, 100]","[0, -375]",ok.png,"[100, 100]","[100, 100]",277,3,1,1,1,0,0,0,0,0,0,0,0.880902588367,0.8809025883674622,0,-70,-70,90,90,1,1,0,0,0,0,0,0,0,0.515494227409,0.5154942274093628,0,70,70,-176,-176,77
00.png,00.png,25.png,24.png,23.png,22.png,dots2.png,20.png,19.png,"[-238, -61]","[212, 89]","[150, 100]","[-88, 89]","[62, 89]","[212, 239]","[-238, 89]","[-88, 239]","[62, 239]","[-238, 239]","[-88, -211]","[62, -211]","[212, -211]","[100, 100]","[-88, -61]","[62, -61]","[212, -61]","[-238, -211]",1,12,"[100, 100]","[100, 100]",both,16.png,15.png,18.png,17.png,00.png,tray2.png,00.png,m,"[100, 100]","[100, 100]","[100, 100]","[100, 100]","[100, 100]","[100, 100]","[100, 100]","[100, 100]","[100, 100]","[100, 100]","[100, 100]","[0, -375]",ok.png,"[100, 100]","[100, 100]",278,3,1,1,1,0,0,0,0,0,0,0,0.730716347694,0.730716347694397,0,46,46,98,98,1,1,0,0,0,0,0,0,0,0.51558804512,0.5155880451202393,0,-83,-83,-183,-183,297
33.png,32.png,30.png,29.png,00.png,00.png,31.png,dots2.png,26.png,"[-218, -91]","[232, 59]","[150, 100]","[-68, 59]","[82, 59]","[232, 209]","[-218, 59]","[-68, 209]","[82, 209]","[-218, 209]","[-68, -241]","[82, -241]","[232, -241]","[100, 100]","[-68, -91]","[82, -91]","[232, -91]","[-218, -241]",1,12,"[100, 100]","[100, 100]",both,00.png,tray2.png,28.png,00.png,22.png,24.png,23.png,m,"[100, 100]","[100, 100]","[100, 100]","[100, 100]","[100, 100]","[100, 100]","[100, 100]","[100, 100]","[100, 100]","[100, 100]","[100, 100]","[0, -375]",ok.png,"[100, 100]","[100, 100]",279,3,1,1,1,0,0,0,0,0,0,0,1.16386389732,1.1638638973236084,0,-206,-206,-236,-236,1,1,0,0,0,0,0,0,0,0.71556186676,0.7155618667602539,0,231,231,60,60,101
00.png,00.png,00.png,00.png,01.png,34.png,33.png,32.png,dots2.png,"[-234, -76]","[216, 74]","[150, 100]","[-84, 74]","[66, 74]","[216, 224]","[-234, 74]","[-84, 224]","[66, 224]","[-234, 224]","[-84, -226]","[66, -226]","[216, -226]","[100, 100]","[-84, -76]","[66, -76]","[216, -76]","[-234, -226]",1,12,"[100, 100]","[100, 100]",both,tray2.png,08.png,30.png,29.png,02.png,06.png,04.png,m,"[100, 100]","[100, 100]","[100, 100]","[100, 100]","[100, 100]","[100, 100]","[100, 100]","[100, 100]","[100, 100]","[100, 100]","[100, 100]","[0, -375]",ok.png,"[100, 100]","[100, 100]",280,3,1,1,1,0,0,0,0,0,0,0,1.34727120399,1.347271203994751,0,209,209,-72,-72,1,1,0,0,0,0,0,0,0,0.515888929367,0.5158889293670654,0,-207,-207,-67,-67,40
00.png,00.png,23.png,17.png,29.png,09.png,15.png,06.png,00.png,"[-211, -95]","[239, 55]","[150, 100]","[-61, 55]","[89, 55]","[239, 205]","[-211, 55]","[-61, 205]","[89, 205]","[-211, 205]","[-61, -245]","[89, -245]","[239, -245]","[100, 100]","[-61, -95]","[89, -95]","[239, -95]","[-211, -245]",1,12,"[100, 100]","[100, 100]",both,04.png,27.png,00.png,tray2.png,01.png,dots2.png,34.png,m,"[100, 100]","[100, 100]","[100, 100]","[100, 100]","[100, 100]","[100, 100]","[100, 100]","[100, 100]","[100, 100]","[100, 100]","[100, 100]","[0, -375]",ok.png,"[100, 100]","[100, 100]",281,3,1,1,1,0,0,0,0,0,0,0,1.28096032143,1.2809603214263916,0,124,124,-81,-81,1,1,0,0,0,0,0,0,0,0.415310919285,0.41531091928482056,0,-17,-17,-252,-252,267
17.png,09.png,22.png,06.png,00.png,00.png,14.png,18.png,25.png,"[-232, -61]","[218, 89]","[150, 100]","[-82, 89]","[68, 89]","[218, 239]","[-232, 89]","[-82, 239]","[68, 239]","[-232, 239]","[-82, -211]","[68, -211]","[218, -211]","[100, 100]","[-82, -61]","[68, -61]","[218, -61]","[-232, -211]",1,12,"[100, 100]","[100, 100]",both,07.png,dots2.png,tray2.png,03.png,00.png,02.png,00.png,m,"[100, 100]","[100, 100]","[100, 100]","[100, 100]","[100, 100]","[100, 100]","[100, 100]","[100, 100]","[100, 100]","[100, 100]","[100, 100]","[0, -375]",ok.png,"[100, 100]","[100, 100]",282,3,1,1,1,0,0,0,0,0,0,0,0.914034426212,0.9140344262123108,0,-86,-86,-71,-71,1,1,0,0,0,0,0,0,0,0.84878051281,0.8487805128097534,0,-223,-223,-218,-218,72
00.png,dots2.png,00.png,00.png,31.png,25.png,17.png,30.png,tray2.png,"[-218, -84]","[232, 66]","[150, 100]","[-68, 66]","[82, 66]","[232, 216]","[-218, 66]","[-68, 216]","[82, 216]","[-218, 216]","[-68, -234]","[82, -234]","[232, -234]","[100, 100]","[-68, -84]","[82, -84]","[232, -84]","[-218, -234]",1,12,"[100, 100]","[100, 100]",both,20.png,07.png,27.png,15.png,00.png,33.png,05.png,m,"[100, 100]","[100, 100]","[100, 100]","[100, 100]","[100, 100]","[100, 100]","[100, 100]","[100, 100]","[100, 100]","[100, 100]","[100, 100]","[0, -375]",ok.png,"[100, 100]","[100, 100]",283,3,1,1,1,0,0,0,0,0,0,0,1.01444661617,1.0144466161727903,0,-181,-181,-88,-88,1,1,0,0,0,0,0,0,0,0.948585271835,0.9485852718353271,0,-80,-80,207,207,144
33.png,31.png,dots2.png,21.png,27.png,23.png,29.png,tray2.png,00.png,"[-236, -69]","[214, 81]","[150, 100]","[-86, 81]","[64, 81]","[214, 231]","[-236, 81]","[-86, 231]","[64, 231]","[-236, 231]","[-86, -219]","[64, -219]","[214, -219]","[100, 100]","[-86, -69]","[64, -69]","[214, -69]","[-236, -219]",1,12,"[100, 100]","[100, 100]",both,00.png,16.png,00.png,00.png,07.png,13.png,10.png,m,"[100, 100]","[100, 100]","[100, 100]","[100, 100]","[100, 100]","[100, 100]","[100, 100]","[100, 100]","[100, 100]","[100, 100]","[100, 100]","[0, -375]",ok.png,"[100, 100]","[100, 100]",284,3,1,1,1,0,0,0,0,0,0,0,0.914352834225,0.9143528342247008,0,221,221,78,78,1,1,0,0,0,0,0,0,0,1.31535947323,1.3153594732284546,0,75,75,236,236,256
00.png,00.png,00.png,00.png,26.png,24.png,tray2.png,22.png,20.png,"[-203, -80]","[247, 70]","[150, 100]","[-53, 70]","[97, 70]","[247, 220]","[-203, 70]","[-53, 220]","[97, 220]","[-203, 220]","[-53, -230]","[97, -230]","[247, -230]","[100, 100]","[-53, -80]","[97, -80]","[247, -80]","[-203, -230]",1,12,"[100, 100]","[100, 100]",both,14.png,03.png,18.png,16.png,09.png,dots2.png,07.png,m,"[100, 100]","[100, 100]","[100, 100]","[100, 100]","[100, 100]","[100, 100]","[100, 100]","[100, 100]","[100, 100]","[100, 100]","[100, 100]","[0, -375]",ok.png,"[100, 100]","[100, 100]",285,3,1,1,1,0,0,0,0,0,0,0,0.931060135365,0.9310601353645324,0,-17,-17,-217,-217,1,1,0,0,0,0,0,0,0,0.398562669754,0.3985626697540283,0,120,120,102,102,318
00.png,00.png,27.png,24.png,21.png,tray2.png,19.png,16.png,32.png,"[-200, -54]","[250, 96]","[150, 100]","[-50, 96]","[100, 96]","[250, 246]","[-200, 96]","[-50, 246]","[100, 246]","[-200, 246]","[-50, -204]","[100, -204]","[250, -204]","[100, 100]","[-50, -54]","[100, -54]","[250, -54]","[-200, -204]",1,12,"[100, 100]","[100, 100]",both,dots2.png,31.png,34.png,10.png,00.png,33.png,00.png,m,"[100, 100]","[100, 100]","[100, 100]","[100, 100]","[100, 100]","[100, 100]","[100, 100]","[100, 100]","[100, 100]","[100, 100]","[100, 100]","[0, -375]",ok.png,"[100, 100]","[100, 100]",286,3,1,1,1,0,0,0,0,0,0,0,0.980874836445,0.9808748364448548,0,230,230,-57,-57,1,1,0,0,0,0,0,0,0,0.448830217123,0.4488302171230316,0,-55,-55,97,97,118
34.png,27.png,00.png,00.png,tray2.png,11.png,16.png,21.png,17.png,"[-210, -77]","[240, 73]","[150, 100]","[-60, 73]","[90, 73]","[240, 223]","[-210, 73]","[-60, 223]","[90, 223]","[-210, 223]","[-60, -227]","[90, -227]","[240, -227]","[100, 100]","[-60, -77]","[90, -77]","[240, -77]","[-210, -227]",1,12,"[100, 100]","[100, 100]",both,00.png,dots2.png,04.png,00.png,10.png,20.png,15.png,m,"[100, 100]","[100, 100]","[100, 100]","[100, 100]","[100, 100]","[100, 100]","[100, 100]","[100, 100]","[100, 100]","[100, 100]","[100, 100]","[0, -375]",ok.png,"[100, 100]","[100, 100]",287,3,1,1,1,0,0,0,0,0,0,0,0.947676599026,0.9476765990257264,0,-197,-197,87,87,1,1,0,0,0,0,0,0,0,0.598703980446,0.5987039804458618,0,-197,-197,-197,-197,171
04.png,02.png,05.png,tray2.png,08.png,07.png,01.png,03.png,00.png,"[-207, -87]","[243, 63]","[150, 100]","[-57, 63]","[93, 63]","[243, 213]","[-207, 63]","[-57, 213]","[93, 213]","[-207, 213]","[-57, -237]","[93, -237]","[243, -237]","[100, 100]","[-57, -87]","[93, -87]","[243, -87]","[-207, -237]",1,12,"[100, 100]","[100, 100]",both,28.png,24.png,00.png,32.png,00.png,dots2.png,00.png,m,"[100, 100]","[100, 100]","[100, 100]","[100, 100]","[100, 100]","[100, 100]","[100, 100]","[100, 100]","[100, 100]","[100, 100]","[100, 100]","[0, -375]",ok.png,"[100, 100]","[100, 100]",288,3,1,1,1,0,0,0,0,0,0,0,0.814373373985,0.8143733739852905,0,-66,-66,-258,-258,1,1,0,0,0,0,0,0,0,0.448830544949,0.4488305449485779,0,13,13,-404,-404,261
01.png,12.png,tray2.png,23.png,00.png,00.png,28.png,13.png,08.png,"[-248, -83]","[202, 67]","[150, 100]","[-98, 67]","[52, 67]","[202, 217]","[-248, 67]","[-98, 217]","[52, 217]","[-248, 217]","[-98, -233]","[52, -233]","[202, -233]","[100, 100]","[-98, -83]","[52, -83]","[202, -83]","[-248, -233]",1,12,"[100, 100]","[100, 100]",both,00.png,16.png,dots2.png,03.png,29.png,06.png,00.png,m,"[100, 100]","[100, 100]","[100, 100]","[100, 100]","[100, 100]","[100, 100]","[100, 100]","[100, 100]","[100, 100]","[100, 100]","[100, 100]","[0, -375]",ok.png,"[100, 100]","[100, 100]",289,3,1,1,1,0,0,0,0,0,0,0,0.797922074795,0.7979220747947693,0,-92,-92,-91,-91,1,1,0,0,0,0,0,0,0,0.498842418194,0.49884241819381714,0,25,25,222,222,236
00.png,tray2.png,03.png,07.png,13.png,17.png,23.png,27.png,dots2.png,"[-238, -69]","[212, 81]","[150, 100]","[-88, 81]","[62, 81]","[212, 231]","[-238, 81]","[-88, 231]","[62, 231]","[-238, 231]","[-88, -219]","[62, -219]","[212, -219]","[100, 100]","[-88, -69]","[62, -69]","[212, -69]","[-238, -219]",1,12,"[100, 100]","[100, 100]",both,14.png,16.png,04.png,06.png,00.png,00.png,00.png,m,"[100, 100]","[100, 100]","[100, 100]","[100, 100]","[100, 100]","[100, 100]","[100, 100]","[100, 100]","[100, 100]","[100, 100]","[100, 100]","[0, -375]",ok.png,"[100, 100]","[100, 100]",290,3,1,1,1,0,0,0,0,0,0,0,1.06429564953,1.0642956495285034,0,-79,-79,223,223,1,1,0,0,0,0,0,0,0,0.565564572811,0.5655645728111267,0,-215,-215,-56,-56,193
tray2.png,17.png,07.png,14.png,00.png,00.png,23.png,dots2.png,04.png,"[-218, -85]","[232, 65]","[150, 100]","[-68, 65]","[82, 65]","[232, 215]","[-218, 65]","[-68, 215]","[82, 215]","[-218, 215]","[-68, -235]","[82, -235]","[232, -235]","[100, 100]","[-68, -85]","[82, -85]","[232, -85]","[-218, -235]",1,12,"[100, 100]","[100, 100]",both,00.png,02.png,03.png,00.png,04.png,30.png,20.png,m,"[100, 100]","[100, 100]","[100, 100]","[100, 100]","[100, 100]","[100, 100]","[100, 100]","[100, 100]","[100, 100]","[100, 100]","[100, 100]","[0, -375]",ok.png,"[100, 100]","[100, 100]",291,3,1,1,1,0,0,0,0,0,0,0,0.73117184639,0.7311718463897705,0,-204,-204,216,216,1,1,0,0,0,0,0,0,0,1.48178267479,1.4817826747894287,0,20,20,-367,-367,385
18.png,tray2.png,04.png,00.png,00.png,16.png,dots2.png,12.png,11.png,"[-209, -92]","[241, 58]","[150, 100]","[-59, 58]","[91, 58]","[241, 208]","[-209, 58]","[-59, 208]","[91, 208]","[-209, 208]","[-59, -242]","[91, -242]","[241, -242]","[100, 100]","[-59, -92]","[91, -92]","[241, -92]","[-209, -242]",1,12,"[100, 100]","[100, 100]",both,00.png,00.png,32.png,02.png,03.png,29.png,19.png,m,"[100, 100]","[100, 100]","[100, 100]","[100, 100]","[100, 100]","[100, 100]","[100, 100]","[100, 100]","[100, 100]","[100, 100]","[100, 100]","[0, -375]",ok.png,"[100, 100]","[100, 100]",292,3,1,1,1,0,0,0,0,0,0,0,0.93080675602,0.9308067560195924,0,-59,-59,216,216,1,1,0,0,0,0,0,0,0,0.465416282415,0.46541628241539,0,84,84,65,65,55
15.png,08.png,tray2.png,03.png,25.png,dots2.png,27.png,00.png,00.png,"[-232, -60]","[218, 90]","[150, 100]","[-82, 90]","[68, 90]","[218, 240]","[-232, 90]","[-82, 240]","[68, 240]","[-232, 240]","[-82, -210]","[68, -210]","[218, -210]","[100, 100]","[-82, -60]","[68, -60]","[218, -60]","[-232, -210]",1,12,"[100, 100]","[100, 100]",both,21.png,05.png,00.png,00.png,16.png,11.png,13.png,m,"[100, 100]","[100, 100]","[100, 100]","[100, 100]","[100, 100]","[100, 100]","[100, 100]","[100, 100]","[100, 100]","[100, 100]","[100, 100]","[0, -375]",ok.png,"[100, 100]","[100, 100]",293,3,1,1,1,0,0,0,0,0,0,0,0.947318553925,0.9473185539245604,0,-97,-97,91,91,1,1,0,0,0,0,0,0,0,0.448862582445,0.44886258244514465,0,37,37,242,242,252
00.png,07.png,14.png,tray2.png,23.png,00.png,09.png,29.png,28.png,"[-243, -97]","[207, 53]","[150, 100]","[-93, 53]","[57, 53]","[207, 203]","[-243, 53]","[-93, 203]","[57, 203]","[-243, 203]","[-93, -247]","[57, -247]","[207, -247]","[100, 100]","[-93, -97]","[57, -97]","[207, -97]","[-243, -247]",1,12,"[100, 100]","[100, 100]",both,00.png,17.png,16.png,00.png,dots2.png,15.png,21.png,m,"[100, 100]","[100, 100]","[100, 100]","[100, 100]","[100, 100]","[100, 100]","[100, 100]","[100, 100]","[100, 100]","[100, 100]","[100, 100]","[0, -375]",ok.png,"[100, 100]","[100, 100]",294,3,1,1,1,0,0,0,0,0,0,0,0.73078006506,0.7307800650596619,0,205,205,207,207,1,1,0,0,0,0,0,0,0,0.598688781261,0.5986887812614441,0,217,217,-226,-226,275
00.png,32.png,21.png,31.png,tray2.png,08.png,30.png,15.png,34.png,"[-247, -57]","[203, 93]","[150, 100]","[-97, 93]","[53, 93]","[203, 243]","[-247, 93]","[-97, 243]","[53, 243]","[-247, 243]","[-97, -207]","[53, -207]","[203, -207]","[100, 100]","[-97, -57]","[53, -57]","[203, -57]","[-247, -207]",1,12,"[100, 100]","[100, 100]",both,12.png,28.png,00.png,00.png,00.png,01.png,dots2.png,m,"[100, 100]","[100, 100]","[100, 100]","[100, 100]","[100, 100]","[100, 100]","[100, 100]","[100, 100]","[100, 100]","[100, 100]","[100, 100]","[0, -375]",ok.png,"[100, 100]","[100, 100]",295,3,1,1,1,0,0,0,0,0,0,0,0.91418337822,0.9141833782196044,0,59,59,-181,-181,1,1,0,0,0,0,0,0,0,0.565402388573,0.5654023885726929,0,-270,-270,84,84,440
00.png,00.png,16.png,13.png,10.png,tray2.png,09.png,07.png,27.png,"[-236, -51]","[214, 99]","[150, 100]","[-86, 99]","[64, 99]","[214, 249]","[-236, 99]","[-86, 249]","[64, 249]","[-236, 249]","[-86, -201]","[64, -201]","[214, -201]","[100, 100]","[-86, -51]","[64, -51]","[214, -51]","[-236, -201]",1,12,"[100, 100]","[100, 100]",both,32.png,04.png,24.png,31.png,00.png,dots2.png,00.png,m,"[100, 100]","[100, 100]","[100, 100]","[100, 100]","[100, 100]","[100, 100]","[100, 100]","[100, 100]","[100, 100]","[100, 100]","[100, 100]","[0, -375]",ok.png,"[100, 100]","[100, 100]",296,3,1,1,1,0,0,0,0,0,0,0,0.914281487465,0.9142814874649048,0,-77,-77,100,100,1,1,0,0,0,0,0,0,0,1.11571800709,1.1157180070877075,0,-114,-114,-176,-176,179
30.png,00.png,20.png,34.png,10.png,07.png,tray2.png,01.png,00.png,"[-221, -50]","[229, 100]","[150, 100]","[-71, 100]","[79, 100]","[229, 250]","[-221, 100]","[-71, 250]","[79, 250]","[-221, 250]","[-71, -200]","[79, -200]","[229, -200]","[100, 100]","[-71, -50]","[79, -50]","[229, -50]","[-221, -200]",1,12,"[100, 100]","[100, 100]",both,33.png,dots2.png,05.png,19.png,00.png,25.png,00.png,m,"[100, 100]","[100, 100]","[100, 100]","[100, 100]","[100, 100]","[100, 100]","[100, 100]","[100, 100]","[100, 100]","[100, 100]","[100, 100]","[0, -375]",ok.png,"[100, 100]","[100, 100]",297,3,1,1,1,0,0,0,0,0,0,0,0.880950152874,0.8809501528739929,0,82,82,129,129,1,1,0,0,0,0,0,0,0,0.665469408035,0.6654694080352783,0,-202,-202,-190,-190,61
00.png,00.png,24.png,26.png,30.png,04.png,02.png,tray2.png,09.png,"[-221, -51]","[229, 99]","[150, 100]","[-71, 99]","[79, 99]","[229, 249]","[-221, 99]","[-71, 249]","[79, 249]","[-221, 249]","[-71, -201]","[79, -201]","[229, -201]","[100, 100]","[-71, -51]","[79, -51]","[229, -51]","[-221, -201]",1,12,"[100, 100]","[100, 100]",both,00.png,18.png,00.png,dots2.png,11.png,17.png,13.png,m,"[100, 100]","[100, 100]","[100, 100]","[100, 100]","[100, 100]","[100, 100]","[100, 100]","[100, 100]","[100, 100]","[100, 100]","[100, 100]","[0, -375]",ok.png,"[100, 100]","[100, 100]",298,3,1,1,1,0,0,0,0,0,0,0,0.614153087139,0.6141530871391296,0,101,101,-54,-54,1,1,0,0,0,0,0,0,0,0.282593339682,0.28259333968162537,0,233,233,94,94,350
19.png,dots2.png,00.png,09.png,30.png,00.png,31.png,18.png,tray2.png,"[-218, -50]","[232, 100]","[150, 100]","[-68, 100]","[82, 100]","[232, 250]","[-218, 100]","[-68, 250]","[82, 250]","[-218, 250]","[-68, -200]","[82, -200]","[232, -200]","[100, 100]","[-68, -50]","[82, -50]","[232, -50]","[-218, -200]",1,12,"[100, 100]","[100, 100]",both,11.png,20.png,00.png,07.png,00.png,10.png,14.png,m,"[100, 100]","[100, 100]","[100, 100]","[100, 100]","[100, 100]","[100, 100]","[100, 100]","[100, 100]","[100, 100]","[100, 100]","[100, 100]","[0, -375]",ok.png,"[100, 100]","[100, 100]",299,3,1,1,1,0,0,0,0,0,0,0,0.830824315548,0.8308243155479431,0,-67,-67,238,238,1,1,0,0,0,0,0,0,0,0.365394175053,0.3653941750526428,0,-222,-222,-50,-50,340
26.png,29.png,32.png,dots2.png,00.png,14.png,00.png,33.png,00.png,"[-204, -54]","[246, 96]","[150, 100]","[-54, 96]","[96, 96]","[246, 246]","[-204, 96]","[-54, 246]","[96, 246]","[-204, 246]","[-54, -204]","[96, -204]","[246, -204]","[100, 100]","[-54, -54]","[96, -54]","[246, -54]","[-204, -204]",1,12,"[100, 100]","[100, 100]",both,23.png,00.png,tray2.png,21.png,31.png,13.png,03.png,m,"[100, 100]","[100, 100]","[100, 100]","[100, 100]","[100, 100]","[100, 100]","[100, 100]","[100, 100]","[100, 100]","[100, 100]","[100, 100]","[0, -375]",ok.png,"[100, 100]","[100, 100]",300,3,1,1,1,0,0,0,0,0,0,0,1.46406161785,1.464061617851257,0,-67,-67,-30,-30,1,1,0,0,0,0,0,0,0,0.732076227665,0.7320762276649475,0,231,231,263,263,321
tray1.png,01.png,02.png,03.png,04.png,05.png,06.png,07.png,08.png,"[-217, -89]","[233, 61]","[150, 100]","[-67, 61]","[83, 61]","[233, 211]","[-217, 61]","[-67, 211]","[83, 211]","[-217, 211]","[-67, -239]","[83, -239]","[233, -239]","[100, 100]","[-67, -89]","[83, -89]","[233, -89]","[-217, -239]",1,16,"[100, 100]","[100, 100]",tray,11.png,12.png,09.png,10.png,15.png,13.png,14.png,m,"[100, 100]","[100, 100]","[100, 100]","[100, 100]","[100, 100]","[100, 100]","[100, 100]","[100, 100]","[100, 100]","[100, 100]","[100, 100]","[0, -375]",ok.png,"[100, 100]","[100, 100]",301,1,1,1,1,0,0,0,0,0,0,0,1.01413285732,1.0141328573226929,0,-224,-224,208,208,1,1,0,0,0,0,0,0,0,0.882025301456,0.8820253014564514,0,-34,-34,-356,-356,31
08.png,tray1.png,09.png,01.png,10.png,11.png,12.png,13.png,15.png,"[-231, -83]","[219, 67]","[150, 100]","[-81, 67]","[69, 67]","[219, 217]","[-231, 67]","[-81, 217]","[69, 217]","[-231, 217]","[-81, -233]","[69, -233]","[219, -233]","[100, 100]","[-81, -83]","[69, -83]","[219, -83]","[-231, -233]",1,16,"[100, 100]","[100, 100]",tray,33.png,32.png,14.png,34.png,23.png,31.png,22.png,m,"[100, 100]","[100, 100]","[100, 100]","[100, 100]","[100, 100]","[100, 100]","[100, 100]","[100, 100]","[100, 100]","[100, 100]","[100, 100]","[0, -375]",ok.png,"[100, 100]","[100, 100]",302,1,1,1,1,0,0,0,0,0,0,0,1.73079788685,1.7307978868484497,0,-92,-92,232,232,1,1,0,0,0,0,0,0,0,1.41531550884,1.4153155088424685,0,10,10,-335,-335,54
05.png,06.png,tray1.png,15.png,16.png,17.png,18.png,19.png,20.png,"[-222, -88]","[228, 62]","[150, 100]","[-72, 62]","[78, 62]","[228, 212]","[-222, 62]","[-72, 212]","[78, 212]","[-222, 212]","[-72, -238]","[78, -238]","[228, -238]","[100, 100]","[-72, -88]","[78, -88]","[228, -88]","[-222, -238]",1,16,"[100, 100]","[100, 100]",tray,23.png,24.png,21.png,22.png,27.png,25.png,30.png,m,"[100, 100]","[100, 100]","[100, 100]","[100, 100]","[100, 100]","[100, 100]","[100, 100]","[100, 100]","[100, 100]","[100, 100]","[100, 100]","[0, -375]",ok.png,"[100, 100]","[100, 100]",303,1,1,1,1,0,0,0,0,0,0,0,1.16382420063,1.163824200630188,0,81,81,199,199,1,1,0,0,0,0,0,0,0,0.615603506565,0.615603506565094,0,-2,-2,-406,-406,354
22.png,23.png,24.png,tray1.png,03.png,12.png,25.png,26.png,02.png,"[-239, -85]","[211, 65]","[150, 100]","[-89, 65]","[61, 65]","[211, 215]","[-239, 65]","[-89, 215]","[61, 215]","[-239, 215]","[-89, -235]","[61, -235]","[211, -235]","[100, 100]","[-89, -85]","[61, -85]","[211, -85]","[-239, -235]",1,16,"[100, 100]","[100, 100]",tray,28.png,29.png,08.png,27.png,32.png,30.png,31.png,m,"[100, 100]","[100, 100]","[100, 100]","[100, 100]","[100, 100]","[100, 100]","[100, 100]","[100, 100]","[100, 100]","[100, 100]","[100, 100]","[0, -375]",ok.png,"[100, 100]","[100, 100]",304,1,1,1,1,0,0,0,0,0,0,0,1.61427140236,1.6142714023590088,0,236,236,215,215,1,1,0,0,0,0,0,0,0,0.648680865765,0.6486808657646179,0,74,74,-365,-365,428
02.png,04.png,06.png,08.png,tray1.png,29.png,30.png,31.png,32.png,"[-215, -99]","[235, 51]","[150, 100]","[-65, 51]","[85, 51]","[235, 201]","[-215, 51]","[-65, 201]","[85, 201]","[-215, 201]","[-65, -249]","[85, -249]","[235, -249]","[100, 100]","[-65, -99]","[85, -99]","[235, -99]","[-215, -249]",1,16,"[100, 100]","[100, 100]",tray,01.png,22.png,33.png,34.png,28.png,24.png,26.png,m,"[100, 100]","[100, 100]","[100, 100]","[100, 100]","[100, 100]","[100, 100]","[100, 100]","[100, 100]","[100, 100]","[100, 100]","[100, 100]","[0, -375]",ok.png,"[100, 100]","[100, 100]",305,1,1,1,1,0,0,0,0,0,0,0,0.981045901775,0.98104590177536,0,-206,-206,68,68,1,1,0,0,0,0,0,0,0,0.531979203224,0.5319792032241821,0,-45,-45,-401,-401,341
01.png,34.png,07.png,27.png,04.png,tray1.png,11.png,26.png,06.png,"[-228, -84]","[222, 66]","[150, 100]","[-78, 66]","[72, 66]","[222, 216]","[-228, 66]","[-78, 216]","[72, 216]","[-228, 216]","[-78, -234]","[72, -234]","[222, -234]","[100, 100]","[-78, -84]","[72, -84]","[222, -84]","[-228, -234]",1,16,"[100, 100]","[100, 100]",tray,29.png,17.png,15.png,09.png,32.png,23.png,30.png,m,"[100, 100]","[100, 100]","[100, 100]","[100, 100]","[100, 100]","[100, 100]","[100, 100]","[100, 100]","[100, 100]","[100, 100]","[100, 100]","[0, -375]",ok.png,"[100, 100]","[100, 100]",306,1,1,1,1,0,0,0,0,0,0,0,0.847398161888,0.8473981618881226,0,-93,-93,74,74,1,1,0,0,0,0,0,0,0,1.03216862679,1.0321686267852783,0,26,26,-384,-384,394
12.png,24.png,02.png,05.png,07.png,03.png,tray1.png,25.png,18.png,"[-218, -59]","[232, 91]","[150, 100]","[-68, 91]","[82, 91]","[232, 241]","[-218, 91]","[-68, 241]","[82, 241]","[-218, 241]","[-68, -209]","[82, -209]","[232, -209]","[100, 100]","[-68, -59]","[82, -59]","[232, -59]","[-218, -209]",1,16,"[100, 100]","[100, 100]",tray,27.png,06.png,14.png,13.png,17.png,22.png,09.png,m,"[100, 100]","[100, 100]","[100, 100]","[100, 100]","[100, 100]","[100, 100]","[100, 100]","[100, 100]","[100, 100]","[100, 100]","[100, 100]","[0, -375]",ok.png,"[100, 100]","[100, 100]",307,1,1,1,1,0,0,0,0,0,0,0,0.930644929409,0.9306449294090272,0,78,78,119,119,1,1,0,0,0,0,0,0,0,1.33257675171,1.3325767517089844,0,9,9,-391,-391,206
13.png,05.png,33.png,07.png,20.png,15.png,27.png,tray1.png,30.png,"[-223, -95]","[227, 55]","[150, 100]","[-73, 55]","[77, 55]","[227, 205]","[-223, 55]","[-73, 205]","[77, 205]","[-223, 205]","[-73, -245]","[77, -245]","[227, -245]","[100, 100]","[-73, -95]","[77, -95]","[227, -95]","[-223, -245]",1,16,"[100, 100]","[100, 100]",tray,31.png,09.png,17.png,25.png,22.png,01.png,33.png,m,"[100, 100]","[100, 100]","[100, 100]","[100, 100]","[100, 100]","[100, 100]","[100, 100]","[100, 100]","[100, 100]","[100, 100]","[100, 100]","[0, -375]",ok.png,"[100, 100]","[100, 100]",308,1,1,1,1,0,0,0,0,0,0,0,0.81426268816,0.8142626881599426,0,265,265,39,39,1,1,0,0,0,0,0,0,0,1.43175756931,1.431757569313049,0,-15,-15,-362,-362,130
07.png,10.png,13.png,16.png,02.png,08.png,04.png,06.png,tray1.png,"[-218, -60]","[232, 90]","[150, 100]","[-68, 90]","[82, 90]","[232, 240]","[-218, 90]","[-68, 240]","[82, 240]","[-218, 240]","[-68, -210]","[82, -210]","[232, -210]","[100, 100]","[-68, -60]","[82, -60]","[232, -60]","[-218, -210]",1,16,"[100, 100]","[100, 100]",tray,27.png,21.png,29.png,23.png,33.png,25.png,31.png,m,"[100, 100]","[100, 100]","[100, 100]","[100, 100]","[100, 100]","[100, 100]","[100, 100]","[100, 100]","[100, 100]","[100, 100]","[100, 100]","[0, -375]",ok.png,"[100, 100]","[100, 100]",309,1,1,1,1,0,0,0,0,0,0,0,1.39759683609,1.397596836090088,0,-206,-206,-64,-64,1,1,0,0,0,0,0,0,0,0.598859548569,0.5988595485687256,0,-47,-47,-377,-377,141
09.png,07.png,05.png,03.png,14.png,16.png,18.png,20.png,22.png,"[-246, -68]","[204, 82]","[150, 100]","[-96, 82]","[54, 82]","[204, 232]","[-246, 82]","[-96, 232]","[54, 232]","[-246, 232]","[-96, -218]","[54, -218]","[204, -218]","[100, 100]","[-96, -68]","[54, -68]","[204, -68]","[-246, -218]",1,16,"[100, 100]","[100, 100]",tray,26.png,21.png,tray1.png,24.png,30.png,27.png,32.png,m,"[100, 100]","[100, 100]","[100, 100]","[100, 100]","[100, 100]","[100, 100]","[100, 100]","[100, 100]","[100, 100]","[100, 100]","[100, 100]","[0, -375]",ok.png,"[100, 100]","[100, 100]",310,1,1,1,1,0,0,0,0,0,0,0,1.29743862152,1.297438621520996,0,-108,-108,-66,-66,1,1,0,0,0,0,0,0,0,0.548898220062,0.5488982200622559,0,6,6,-364,-364,290
05.png,14.png,33.png,31.png,13.png,10.png,34.png,32.png,16.png,"[-223, -68]","[227, 82]","[150, 100]","[-73, 82]","[77, 82]","[227, 232]","[-223, 82]","[-73, 232]","[77, 232]","[-223, 232]","[-73, -218]","[77, -218]","[227, -218]","[100, 100]","[-73, -68]","[77, -68]","[227, -68]","[-223, -218]",1,16,"[100, 100]","[100, 100]",tray,21.png,24.png,19.png,tray1.png,01.png,27.png,18.png,m,"[100, 100]","[100, 100]","[100, 100]","[100, 100]","[100, 100]","[100, 100]","[100, 100]","[100, 100]","[100, 100]","[100, 100]","[100, 100]","[0, -375]",ok.png,"[100, 100]","[100, 100]",311,1,1,1,1,0,0,0,0,0,0,0,0.897517740726,0.897517740726471,0,92,92,-52,-52,1,1,0,0,0,0,0,0,0,0.48203042149500003,0.4820304214954376,0,15,15,-380,-380,279
10.png,15.png,20.png,25.png,09.png,24.png,04.png,17.png,21.png,"[-212, -95]","[238, 55]","[150, 100]","[-62, 55]","[88, 55]","[238, 205]","[-212, 55]","[-62, 205]","[88, 205]","[-212, 205]","[-62, -245]","[88, -245]","[238, -245]","[100, 100]","[-62, -95]","[88, -95]","[238, -95]","[-212, -245]",1,16,"[100, 100]","[100, 100]",tray,tray1.png,18.png,16.png,11.png,34.png,08.png,27.png,m,"[100, 100]","[100, 100]","[100, 100]","[100, 100]","[100, 100]","[100, 100]","[100, 100]","[100, 100]","[100, 100]","[100, 100]","[100, 100]","[0, -375]",ok.png,"[100, 100]","[100, 100]",312,1,1,1,1,0,0,0,0,0,0,0,2.99748301506,2.997483015060425,0,214,214,-86,-86,1,1,0,0,0,0,0,0,0,0.915576994419,0.915576994419098,0,-4,-4,-370,-370,16
16.png,10.png,20.png,24.png,28.png,32.png,29.png,26.png,03.png,"[-225, -60]","[225, 90]","[150, 100]","[-75, 90]","[75, 90]","[225, 240]","[-225, 90]","[-75, 240]","[75, 240]","[-225, 240]","[-75, -210]","[75, -210]","[225, -210]","[100, 100]","[-75, -60]","[75, -60]","[225, -60]","[-225, -210]",1,16,"[100, 100]","[100, 100]",tray,08.png,tray1.png,01.png,07.png,04.png,05.png,02.png,m,"[100, 100]","[100, 100]","[100, 100]","[100, 100]","[100, 100]","[100, 100]","[100, 100]","[100, 100]","[100, 100]","[100, 100]","[100, 100]","[0, -375]",ok.png,"[100, 100]","[100, 100]",313,1,1,1,1,0,0,0,0,0,0,0,2.364123106,2.3641231060028076,0,-210,-210,-219,-219,1,1,0,0,0,0,0,0,0,0.282451301813,0.2824513018131256,0,-5,-5,-420,-420,304
29.png,17.png,06.png,16.png,15.png,03.png,33.png,08.png,13.png,"[-221, -87]","[229, 63]","[150, 100]","[-71, 63]","[79, 63]","[229, 213]","[-221, 63]","[-71, 213]","[79, 213]","[-221, 213]","[-71, -237]","[79, -237]","[229, -237]","[100, 100]","[-71, -87]","[79, -87]","[229, -87]","[-221, -237]",1,16,"[100, 100]","[100, 100]",tray,10.png,23.png,28.png,02.png,01.png,tray1.png,12.png,m,"[100, 100]","[100, 100]","[100, 100]","[100, 100]","[100, 100]","[100, 100]","[100, 100]","[100, 100]","[100, 100]","[100, 100]","[100, 100]","[0, -375]",ok.png,"[100, 100]","[100, 100]",314,1,1,1,1,0,0,0,0,0,0,0,1.54758262634,1.5475826263427734,0,-65,-65,-236,-236,1,1,0,0,0,0,0,0,0,2.23198652267,2.2319865226745605,0,12,12,-385,-385,3
32.png,30.png,08.png,16.png,14.png,06.png,04.png,33.png,27.png,"[-227, -75]","[223, 75]","[150, 100]","[-77, 75]","[73, 75]","[223, 225]","[-227, 75]","[-77, 225]","[73, 225]","[-227, 225]","[-77, -225]","[73, -225]","[223, -225]","[100, 100]","[-77, -75]","[73, -75]","[223, -75]","[-227, -225]",1,16,"[100, 100]","[100, 100]",tray,13.png,07.png,23.png,17.png,24.png,03.png,tray1.png,m,"[100, 100]","[100, 100]","[100, 100]","[100, 100]","[100, 100]","[100, 100]","[100, 100]","[100, 100]","[100, 100]","[100, 100]","[100, 100]","[0, -375]",ok.png,"[100, 100]","[100, 100]",315,1,1,1,1,0,0,0,0,0,0,0,2.01421904564,2.014219045639038,0,76,76,-214,-214,1,1,0,0,0,0,0,0,0,0.265430212021,0.265430212020874,0,-15,-15,-396,-396,419
04.png,20.png,30.png,02.png,12.png,16.png,03.png,04.png,24.png,"[-230, -52]","[220, 98]","[150, 100]","[-80, 98]","[70, 98]","[220, 248]","[-230, 98]","[-80, 248]","[70, 248]","[-230, 248]","[-80, -202]","[70, -202]","[220, -202]","[100, 100]","[-80, -52]","[70, -52]","[220, -52]","[-230, -202]",1,16,"[100, 100]","[100, 100]",tray,27.png,14.png,23.png,33.png,tray1.png,07.png,17.png,m,"[100, 100]","[100, 100]","[100, 100]","[100, 100]","[100, 100]","[100, 100]","[100, 100]","[100, 100]","[100, 100]","[100, 100]","[100, 100]","[0, -375]",ok.png,"[100, 100]","[100, 100]",316,1,1,1,1,0,0,0,0,0,0,0,4.16422700882,4.16422700881958,0,224,224,-193,-193,1,1,0,0,0,0,0,0,0,1.58201086521,1.5820108652114868,0,43,43,-332,-332,186
03.png,19.png,29.png,09.png,25.png,02.png,32.png,11.png,12.png,"[-250, -55]","[200, 95]","[150, 100]","[-100, 95]","[50, 95]","[200, 245]","[-250, 95]","[-100, 245]","[50, 245]","[-250, 245]","[-100, -205]","[50, -205]","[200, -205]","[100, 100]","[-100, -55]","[50, -55]","[200, -55]","[-250, -205]",1,16,"[100, 100]","[100, 100]",tray,31.png,13.png,22.png,16.png,18.png,04.png,tray1.png,m,"[100, 100]","[100, 100]","[100, 100]","[100, 100]","[100, 100]","[100, 100]","[100, 100]","[100, 100]","[100, 100]","[100, 100]","[100, 100]","[0, -375]",ok.png,"[100, 100]","[100, 100]",317,1,1,1,1,0,0,0,0,0,0,0,1.64755415916,1.6475541591644287,0,29,29,-220,-220,1,1,0,0,0,0,0,0,0,0.68204420805,0.6820442080497742,0,10,10,-393,-393,19
16.png,13.png,11.png,05.png,21.png,30.png,07.png,23.png,01.png,"[-246, -86]","[204, 64]","[150, 100]","[-96, 64]","[54, 64]","[204, 214]","[-246, 64]","[-96, 214]","[54, 214]","[-246, 214]","[-96, -236]","[54, -236]","[204, -236]","[100, 100]","[-96, -86]","[54, -86]","[204, -86]","[-246, -236]",1,16,"[100, 100]","[100, 100]",tray,25.png,03.png,27.png,28.png,15.png,tray1.png,08.png,m,"[100, 100]","[100, 100]","[100, 100]","[100, 100]","[100, 100]","[100, 100]","[100, 100]","[100, 100]","[100, 100]","[100, 100]","[100, 100]","[0, -375]",ok.png,"[100, 100]","[100, 100]",318,1,1,1,1,0,0,0,0,0,0,0,1.1143065691,1.1143065690994265,0,-120,-120,-263,-263,1,1,0,0,0,0,0,0,0,0.882023990154,0.8820239901542664,0,-37,-37,-363,-363,299
06.png,21.png,15.png,17.png,20.png,05.png,16.png,28.png,29.png,"[-206, -71]","[244, 79]","[150, 100]","[-56, 79]","[94, 79]","[244, 229]","[-206, 79]","[-56, 229]","[94, 229]","[-206, 229]","[-56, -221]","[94, -221]","[244, -221]","[100, 100]","[-56, -71]","[94, -71]","[244, -71]","[-206, -221]",1,16,"[100, 100]","[100, 100]",tray,23.png,tray1.png,09.png,02.png,32.png,14.png,07.png,m,"[100, 100]","[100, 100]","[100, 100]","[100, 100]","[100, 100]","[100, 100]","[100, 100]","[100, 100]","[100, 100]","[100, 100]","[100, 100]","[0, -375]",ok.png,"[100, 100]","[100, 100]",319,1,1,1,1,0,0,0,0,0,0,0,1.41420507431,1.4142050743103027,0,-186,-186,-230,-230,1,1,0,0,0,0,0,0,0,0.499153226614,0.4991532266139984,0,-35,-35,-395,-395,197
06.png,11.png,01.png,28.png,12.png,17.png,19.png,34.png,15.png,"[-240, -56]","[210, 94]","[150, 100]","[-90, 94]","[60, 94]","[210, 244]","[-240, 94]","[-90, 244]","[60, 244]","[-240, 244]","[-90, -206]","[60, -206]","[210, -206]","[100, 100]","[-90, -56]","[60, -56]","[210, -56]","[-240, -206]",1,16,"[100, 100]","[100, 100]",tray,tray1.png,31.png,30.png,08.png,03.png,21.png,32.png,m,"[100, 100]","[100, 100]","[100, 100]","[100, 100]","[100, 100]","[100, 100]","[100, 100]","[100, 100]","[100, 100]","[100, 100]","[100, 100]","[0, -375]",ok.png,"[100, 100]","[100, 100]",320,1,1,1,1,0,0,0,0,0,0,0,1.23107624054,1.2310762405395508,0,213,213,-49,-49,1,1,0,0,0,0,0,0,0,1.14892876148,1.1489287614822388,0,-7,-7,-359,-359,114
09.png,03.png,12.png,04.png,32.png,31.png,24.png,27.png,07.png,"[-249, -91]","[201, 59]","[150, 100]","[-99, 59]","[51, 59]","[201, 209]","[-249, 59]","[-99, 209]","[51, 209]","[-249, 209]","[-99, -241]","[51, -241]","[201, -241]","[100, 100]","[-99, -91]","[51, -91]","[201, -91]","[-249, -241]",1,16,"[100, 100]","[100, 100]",tray,10.png,13.png,09.png,tray1.png,28.png,16.png,22.png,m,"[100, 100]","[100, 100]","[100, 100]","[100, 100]","[100, 100]","[100, 100]","[100, 100]","[100, 100]","[100, 100]","[100, 100]","[100, 100]","[0, -375]",ok.png,"[100, 100]","[100, 100]",321,1,1,1,1,0,0,0,0,0,0,0,1.41406369209,1.4140636920928955,0,34,34,-105,-105,1,1,0,0,0,0,0,0,0,2.0486562252,2.048656225204468,0,-18,-18,-372,-372,45
18.png,14.png,25.png,12.png,33.png,19.png,05.png,08.png,01.png,"[-220, -97]","[230, 53]","[150, 100]","[-70, 53]","[80, 53]","[230, 203]","[-220, 53]","[-70, 203]","[80, 203]","[-220, 203]","[-70, -247]","[80, -247]","[230, -247]","[100, 100]","[-70, -97]","[80, -97]","[230, -97]","[-220, -247]",1,16,"[100, 100]","[100, 100]",tray,10.png,34.png,tray1.png,07.png,30.png,20.png,26.png,m,"[100, 100]","[100, 100]","[100, 100]","[100, 100]","[100, 100]","[100, 100]","[100, 100]","[100, 100]","[100, 100]","[100, 100]","[100, 100]","[0, -375]",ok.png,"[100, 100]","[100, 100]",322,1,1,1,1,0,0,0,0,0,0,0,3.14758706093,3.1475870609283447,0,-64,-64,-98,-98,1,1,0,0,0,0,0,0,0,0.682148575783,0.6821485757827759,0,-11,-11,-337,-337,273
11.png,13.png,17.png,18.png,21.png,14.png,25.png,09.png,tray1.png,"[-225, -52]","[225, 98]","[150, 100]","[-75, 98]","[75, 98]","[225, 248]","[-225, 98]","[-75, 248]","[75, 248]","[-225, 248]","[-75, -202]","[75, -202]","[225, -202]","[100, 100]","[-75, -52]","[75, -52]","[225, -52]","[-225, -202]",1,16,"[100, 100]","[100, 100]",tray,30.png,26.png,02.png,04.png,01.png,24.png,33.png,m,"[100, 100]","[100, 100]","[100, 100]","[100, 100]","[100, 100]","[100, 100]","[100, 100]","[100, 100]","[100, 100]","[100, 100]","[100, 100]","[0, -375]",ok.png,"[100, 100]","[100, 100]",323,1,1,1,1,0,0,0,0,0,0,0,1.2975063324,1.297506332397461,0,-221,-221,-43,-43,1,1,0,0,0,0,0,0,0,1.28202319145,1.2820231914520264,0,5,5,-382,-382,14
08.png,14.png,10.png,20.png,11.png,07.png,22.png,tray1.png,18.png,"[-229, -82]","[221, 68]","[150, 100]","[-79, 68]","[71, 68]","[221, 218]","[-229, 68]","[-79, 218]","[71, 218]","[-229, 218]","[-79, -232]","[71, -232]","[221, -232]","[100, 100]","[-79, -82]","[71, -82]","[221, -82]","[-229, -232]",1,16,"[100, 100]","[100, 100]",tray,30.png,09.png,31.png,26.png,19.png,29.png,03.png,m,"[100, 100]","[100, 100]","[100, 100]","[100, 100]","[100, 100]","[100, 100]","[100, 100]","[100, 100]","[100, 100]","[100, 100]","[100, 100]","[0, -375]",ok.png,"[100, 100]","[100, 100]",324,1,1,1,1,0,0,0,0,0,0,0,1.330529809,1.330529808998108,0,215,215,74,74,1,1,0,0,0,0,0,0,0,1.848752141,1.8487521409988403,0,-22,-22,-376,-376,9
31.png,03.png,13.png,11.png,23.png,21.png,tray1.png,30.png,33.png,"[-234, -78]","[216, 72]","[150, 100]","[-84, 72]","[66, 72]","[216, 222]","[-234, 72]","[-84, 222]","[66, 222]","[-234, 222]","[-84, -228]","[66, -228]","[216, -228]","[100, 100]","[-84, -78]","[66, -78]","[216, -78]","[-234, -228]",1,16,"[100, 100]","[100, 100]",tray,05.png,19.png,15.png,14.png,26.png,32.png,29.png,m,"[100, 100]","[100, 100]","[100, 100]","[100, 100]","[100, 100]","[100, 100]","[100, 100]","[100, 100]","[100, 100]","[100, 100]","[100, 100]","[0, -375]",ok.png,"[100, 100]","[100, 100]",325,1,1,1,1,0,0,0,0,0,0,0,1.24752092361,1.247520923614502,0,59,59,81,81,1,1,0,0,0,0,0,0,0,0.748745560646,0.7487455606460571,0,8,8,-317,-317,257
15.png,14.png,13.png,12.png,11.png,10.png,09.png,08.png,07.png,"[-209, -61]","[241, 89]","[150, 100]","[-59, 89]","[91, 89]","[241, 239]","[-209, 89]","[-59, 239]","[91, 239]","[-209, 239]","[-59, -211]","[91, -211]","[241, -211]","[100, 100]","[-59, -61]","[91, -61]","[241, -61]","[-209, -211]",1,16,"[100, 100]","[100, 100]",tray,04.png,03.png,06.png,05.png,tray2.png,02.png,01.png,m,"[100, 100]","[100, 100]","[100, 100]","[100, 100]","[100, 100]","[100, 100]","[100, 100]","[100, 100]","[100, 100]","[100, 100]","[100, 100]","[0, -375]",ok.png,"[100, 100]","[100, 100]",326,1,1,1,1,0,0,0,0,0,0,0,1.58088815212,1.5808881521224976,0,234,234,-206,-206,1,1,0,0,0,0,0,0,0,0.865336537361,0.865336537361145,0,18,18,-400,-400,371
23.png,22.png,31.png,32.png,33.png,34.png,14.png,15.png,13.png,"[-206, -74]","[244, 76]","[150, 100]","[-56, 76]","[94, 76]","[244, 226]","[-206, 76]","[-56, 226]","[94, 226]","[-206, 226]","[-56, -224]","[94, -224]","[244, -224]","[100, 100]","[-56, -74]","[94, -74]","[244, -74]","[-206, -224]",1,16,"[100, 100]","[100, 100]",tray,10.png,01.png,12.png,11.png,08.png,09.png,tray2.png,m,"[100, 100]","[100, 100]","[100, 100]","[100, 100]","[100, 100]","[100, 100]","[100, 100]","[100, 100]","[100, 100]","[100, 100]","[100, 100]","[0, -375]",ok.png,"[100, 100]","[100, 100]",327,1,1,1,1,0,0,0,0,0,0,0,1.13128936291,1.1312893629074097,0,87,87,-225,-225,1,1,0,0,0,0,0,0,0,0.616023004055,0.6160230040550232,0,-4,-4,-359,-359,47
27.png,30.png,25.png,24.png,23.png,22.png,21.png,20.png,19.png,"[-232, -74]","[218, 76]","[150, 100]","[-82, 76]","[68, 76]","[218, 226]","[-232, 76]","[-82, 226]","[68, 226]","[-232, 226]","[-82, -224]","[68, -224]","[218, -224]","[100, 100]","[-82, -74]","[68, -74]","[218, -74]","[-232, -224]",1,16,"[100, 100]","[100, 100]",tray,16.png,15.png,18.png,17.png,05.png,tray2.png,06.png,m,"[100, 100]","[100, 100]","[100, 100]","[100, 100]","[100, 100]","[100, 100]","[100, 100]","[100, 100]","[100, 100]","[100, 100]","[100, 100]","[0, -375]",ok.png,"[100, 100]","[100, 100]",328,1,1,1,1,0,0,0,0,0,0,0,2.18094110489,2.180941104888916,0,-89,-89,-234,-234,1,1,0,0,0,0,0,0,0,0.332105457783,0.33210545778274536,0,-15,-15,-401,-401,222
33.png,32.png,30.png,29.png,08.png,02.png,31.png,27.png,26.png,"[-237, -83]","[213, 67]","[150, 100]","[-87, 67]","[63, 67]","[213, 217]","[-237, 67]","[-87, 217]","[63, 217]","[-237, 217]","[-87, -233]","[63, -233]","[213, -233]","[100, 100]","[-87, -83]","[63, -83]","[213, -83]","[-237, -233]",1,16,"[100, 100]","[100, 100]",tray,03.png,tray2.png,28.png,12.png,22.png,24.png,23.png,m,"[100, 100]","[100, 100]","[100, 100]","[100, 100]","[100, 100]","[100, 100]","[100, 100]","[100, 100]","[100, 100]","[100, 100]","[100, 100]","[0, -375]",ok.png,"[100, 100]","[100, 100]",329,1,1,1,1,0,0,0,0,0,0,0,1.43079864979,1.4307986497879028,0,-203,-203,-219,-219,1,1,0,0,0,0,0,0,0,1.31533074379,1.3153307437896729,0,12,12,-359,-359,155
28.png,26.png,24.png,22.png,01.png,34.png,33.png,32.png,31.png,"[-216, -66]","[234, 84]","[150, 100]","[-66, 84]","[84, 84]","[234, 234]","[-216, 84]","[-66, 234]","[84, 234]","[-216, 234]","[-66, -216]","[84, -216]","[234, -216]","[100, 100]","[-66, -66]","[84, -66]","[234, -66]","[-216, -216]",1,16,"[100, 100]","[100, 100]",tray,tray2.png,08.png,30.png,29.png,02.png,06.png,04.png,m,"[100, 100]","[100, 100]","[100, 100]","[100, 100]","[100, 100]","[100, 100]","[100, 100]","[100, 100]","[100, 100]","[100, 100]","[100, 100]","[0, -375]",ok.png,"[100, 100]","[100, 100]",330,1,1,1,1,0,0,0,0,0,0,0,1.08099472523,1.080994725227356,0,206,206,-64,-64,1,1,0,0,0,0,0,0,0,0.765184938908,0.7651849389076233,0,28,28,-367,-367,69
32.png,30.png,23.png,17.png,29.png,09.png,15.png,06.png,26.png,"[-211, -50]","[239, 100]","[150, 100]","[-61, 100]","[89, 100]","[239, 250]","[-211, 100]","[-61, 250]","[89, 250]","[-211, 250]","[-61, -200]","[89, -200]","[239, -200]","[100, 100]","[-61, -50]","[89, -50]","[239, -50]","[-211, -200]",1,16,"[100, 100]","[100, 100]",tray,04.png,27.png,11.png,tray2.png,01.png,07.png,34.png,m,"[100, 100]","[100, 100]","[100, 100]","[100, 100]","[100, 100]","[100, 100]","[100, 100]","[100, 100]","[100, 100]","[100, 100]","[100, 100]","[0, -375]",ok.png,"[100, 100]","[100, 100]",331,1,1,1,1,0,0,0,0,0,0,0,0.681050658226,0.6810506582260132,0,93,93,-41,-41,1,1,0,0,0,0,0,0,0,1.39898180962,1.3989818096160889,0,-15,-15,-376,-376,390
17.png,09.png,22.png,06.png,27.png,13.png,14.png,18.png,25.png,"[-237, -100]","[213, 50]","[150, 100]","[-87, 50]","[63, 50]","[213, 200]","[-237, 50]","[-87, 200]","[63, 200]","[-237, 200]","[-87, -250]","[63, -250]","[213, -250]","[100, 100]","[-87, -100]","[63, -100]","[213, -100]","[-237, -250]",1,16,"[100, 100]","[100, 100]",tray,07.png,05.png,tray2.png,03.png,12.png,02.png,24.png,m,"[100, 100]","[100, 100]","[100, 100]","[100, 100]","[100, 100]","[100, 100]","[100, 100]","[100, 100]","[100, 100]","[100, 100]","[100, 100]","[0, -375]",ok.png,"[100, 100]","[100, 100]",332,1,1,1,1,0,0,0,0,0,0,0,1.06418800354,1.064188003540039,0,-94,-94,-87,-87,1,1,0,0,0,0,0,0,0,0.498748600483,0.4987486004829407,0,-4,-4,-379,-379,336
22.png,33.png,01.png,09.png,31.png,25.png,17.png,30.png,tray2.png,"[-206, -94]","[244, 56]","[150, 100]","[-56, 56]","[94, 56]","[244, 206]","[-206, 56]","[-56, 206]","[94, 206]","[-206, 206]","[-56, -244]","[94, -244]","[244, -244]","[100, 100]","[-56, -94]","[94, -94]","[244, -94]","[-206, -244]",1,16,"[100, 100]","[100, 100]",tray,20.png,07.png,27.png,15.png,13.png,33.png,05.png,m,"[100, 100]","[100, 100]","[100, 100]","[100, 100]","[100, 100]","[100, 100]","[100, 100]","[100, 100]","[100, 100]","[100, 100]","[100, 100]","[0, -375]",ok.png,"[100, 100]","[100, 100]",333,1,1,1,1,0,0,0,0,0,0,0,1.13084602356,1.1308460235595703,0,79,79,-93,-93,1,1,0,0,0,0,0,0,0,0.182279571891,0.182279571890831,0,80,80,-94,-94,417
33.png,31.png,25.png,21.png,27.png,23.png,29.png,tray2.png,06.png,"[-240, -79]","[210, 71]","[150, 100]","[-90, 71]","[60, 71]","[210, 221]","[-240, 71]","[-90, 221]","[60, 221]","[-240, 221]","[-90, -229]","[60, -229]","[210, -229]","[100, 100]","[-90, -79]","[60, -79]","[210, -79]","[-240, -229]",1,16,"[100, 100]","[100, 100]",tray,02.png,16.png,04.png,08.png,07.png,13.png,10.png,m,"[100, 100]","[100, 100]","[100, 100]","[100, 100]","[100, 100]","[100, 100]","[100, 100]","[100, 100]","[100, 100]","[100, 100]","[100, 100]","[0, -375]",ok.png,"[100, 100]","[100, 100]",334,1,1,1,1,0,0,0,0,0,0,0,0.814051985741,0.8140519857406616,0,-235,-235,73,73,1,1,0,0,0,0,0,0,0,1.46562433243,1.4656243324279783,0,221,221,74,74,314
30.png,32.png,27.png,21.png,26.png,24.png,tray2.png,22.png,20.png,"[-223, -57]","[227, 93]","[150, 100]","[-73, 93]","[77, 93]","[227, 243]","[-223, 93]","[-73, 243]","[77, 243]","[-223, 243]","[-73, -207]","[77, -207]","[227, -207]","[100, 100]","[-73, -57]","[77, -57]","[227, -57]","[-223, -207]",1,16,"[100, 100]","[100, 100]",tray,14.png,03.png,18.png,16.png,09.png,05.png,07.png,m,"[100, 100]","[100, 100]","[100, 100]","[100, 100]","[100, 100]","[100, 100]","[100, 100]","[100, 100]","[100, 100]","[100, 100]","[100, 100]","[0, -375]",ok.png,"[100, 100]","[100, 100]",335,1,1,1,1,0,0,0,0,0,0,0,0.614654839039,0.6146548390388489,0,90,90,114,114,1,1,0,0,0,0,0,0,0,0.565412282944,0.5654122829437256,0,-5,-5,-362,-362,351
01.png,18.png,27.png,24.png,21.png,tray2.png,19.png,16.png,32.png,"[-241, -60]","[209, 90]","[150, 100]","[-91, 90]","[59, 90]","[209, 240]","[-241, 90]","[-91, 240]","[59, 240]","[-241, 240]","[-91, -210]","[59, -210]","[209, -210]","[100, 100]","[-91, -60]","[59, -60]","[209, -60]","[-241, -210]",1,16,"[100, 100]","[100, 100]",tray,13.png,31.png,34.png,10.png,05.png,33.png,14.png,m,"[100, 100]","[100, 100]","[100, 100]","[100, 100]","[100, 100]","[100, 100]","[100, 100]","[100, 100]","[100, 100]","[100, 100]","[100, 100]","[0, -375]",ok.png,"[100, 100]","[100, 100]",336,1,1,1,1,0,0,0,0,0,0,0,0.580901384354,0.5809013843536377,0,-91,-91,90,90,1,1,0,0,0,0,0,0,0,1.58224511147,1.582245111465454,0,19,19,-360,-360,317
34.png,27.png,08.png,18.png,tray2.png,11.png,16.png,21.png,17.png,"[-238, -100]","[212, 50]","[150, 100]","[-88, 50]","[62, 50]","[212, 200]","[-238, 50]","[-88, 200]","[62, 200]","[-238, 200]","[-88, -250]","[62, -250]","[212, -250]","[100, 100]","[-88, -100]","[62, -100]","[212, -100]","[-238, -250]",1,16,"[100, 100]","[100, 100]",tray,09.png,25.png,04.png,24.png,10.png,20.png,15.png,m,"[100, 100]","[100, 100]","[100, 100]","[100, 100]","[100, 100]","[100, 100]","[100, 100]","[100, 100]","[100, 100]","[100, 100]","[100, 100]","[0, -375]",ok.png,"[100, 100]","[100, 100]",337,1,1,1,1,0,0,0,0,0,0,0,1.23087310791,1.2308731079101562,0,-219,-219,73,73,1,1,0,0,0,0,0,0,0,0.915454089642,0.915454089641571,0,27,27,-359,-359,212
04.png,02.png,05.png,tray2.png,08.png,07.png,01.png,03.png,26.png,"[-243, -77]","[207, 73]","[150, 100]","[-93, 73]","[57, 73]","[207, 223]","[-243, 73]","[-93, 223]","[57, 223]","[-243, 223]","[-93, -227]","[57, -227]","[207, -227]","[100, 100]","[-93, -77]","[57, -77]","[207, -77]","[-243, -227]",1,16,"[100, 100]","[100, 100]",tray,28.png,24.png,29.png,32.png,16.png,20.png,10.png,m,"[100, 100]","[100, 100]","[100, 100]","[100, 100]","[100, 100]","[100, 100]","[100, 100]","[100, 100]","[100, 100]","[100, 100]","[100, 100]","[0, -375]",ok.png,"[100, 100]","[100, 100]",338,1,1,1,1,0,0,0,0,0,0,0,0.664124369621,0.6641243696212769,0,207,207,220,220,1,1,0,0,0,0,0,0,0,1.36539423466,1.3653942346572876,0,-34,-34,-358,-358,427
01.png,12.png,tray2.png,23.png,10.png,02.png,28.png,13.png,08.png,"[-241, -92]","[209, 58]","[150, 100]","[-91, 58]","[59, 58]","[209, 208]","[-241, 58]","[-91, 208]","[59, 208]","[-241, 208]","[-91, -242]","[59, -242]","[209, -242]","[100, 100]","[-91, -92]","[59, -92]","[209, -92]","[-241, -242]",1,16,"[100, 100]","[100, 100]",tray,15.png,16.png,33.png,03.png,29.png,06.png,17.png,m,"[100, 100]","[100, 100]","[100, 100]","[100, 100]","[100, 100]","[100, 100]","[100, 100]","[100, 100]","[100, 100]","[100, 100]","[100, 100]","[0, -375]",ok.png,"[100, 100]","[100, 100]",339,1,1,1,1,0,0,0,0,0,0,0,1.0474793911,1.0474793910980225,0,76,76,230,230,1,1,0,0,0,0,0,0,0,0.849122405052,0.8491224050521851,0,8,8,-364,-364,438
24.png,tray2.png,03.png,07.png,13.png,17.png,23.png,27.png,33.png,"[-217, -64]","[233, 86]","[150, 100]","[-67, 86]","[83, 86]","[233, 236]","[-217, 86]","[-67, 236]","[83, 236]","[-217, 236]","[-67, -214]","[83, -214]","[233, -214]","[100, 100]","[-67, -64]","[83, -64]","[233, -64]","[-217, -214]",1,16,"[100, 100]","[100, 100]",tray,14.png,16.png,04.png,06.png,32.png,08.png,30.png,m,"[100, 100]","[100, 100]","[100, 100]","[100, 100]","[100, 100]","[100, 100]","[100, 100]","[100, 100]","[100, 100]","[100, 100]","[100, 100]","[0, -375]",ok.png,"[100, 100]","[100, 100]",340,1,1,1,1,0,0,0,0,0,0,0,1.23082053661,1.2308205366134644,0,-81,-81,234,234,1,1,0,0,0,0,0,0,0,1.53220021725,1.5322002172470093,0,19,19,-368,-368,85
tray2.png,17.png,07.png,14.png,27.png,33.png,23.png,24.png,04.png,"[-204, -53]","[246, 97]","[150, 100]","[-54, 97]","[96, 97]","[246, 247]","[-204, 97]","[-54, 247]","[96, 247]","[-204, 247]","[-54, -203]","[96, -203]","[246, -203]","[100, 100]","[-54, -53]","[96, -53]","[246, -53]","[-204, -203]",1,16,"[100, 100]","[100, 100]",tray,12.png,02.png,03.png,16.png,04.png,30.png,20.png,m,"[100, 100]","[100, 100]","[100, 100]","[100, 100]","[100, 100]","[100, 100]","[100, 100]","[100, 100]","[100, 100]","[100, 100]","[100, 100]","[0, -375]",ok.png,"[100, 100]","[100, 100]",341,1,1,1,1,0,0,0,0,0,0,0,1.5976575613,1.597657561302185,0,-230,-230,237,237,1,1,0,0,0,0,0,0,0,0.68189227581,0.6818922758102417,0,-9,-9,-366,-366,407
18.png,tray2.png,04.png,13.png,31.png,16.png,22.png,12.png,11.png,"[-235, -95]","[215, 55]","[150, 100]","[-85, 55]","[65, 55]","[215, 205]","[-235, 55]","[-85, 205]","[65, 205]","[-235, 205]","[-85, -245]","[65, -245]","[215, -245]","[100, 100]","[-85, -95]","[65, -95]","[215, -95]","[-235, -245]",1,16,"[100, 100]","[100, 100]",tray,25.png,09.png,32.png,02.png,03.png,29.png,19.png,m,"[100, 100]","[100, 100]","[100, 100]","[100, 100]","[100, 100]","[100, 100]","[100, 100]","[100, 100]","[100, 100]","[100, 100]","[100, 100]","[0, -375]",ok.png,"[100, 100]","[100, 100]",342,1,1,1,1,0,0,0,0,0,0,0,2.41441774368,2.4144177436828613,0,-85,-85,195,195,1,1,0,0,0,0,0,0,0,0.465453267097,0.46545326709747314,0,-38,-38,-356,-356,325
15.png,08.png,tray2.png,03.png,25.png,28.png,27.png,01.png,23.png,"[-247, -69]","[203, 81]","[150, 100]","[-97, 81]","[53, 81]","[203, 231]","[-247, 81]","[-97, 231]","[53, 231]","[-247, 231]","[-97, -219]","[53, -219]","[203, -219]","[100, 100]","[-97, -69]","[53, -69]","[203, -69]","[-247, -219]",1,16,"[100, 100]","[100, 100]",tray,21.png,05.png,07.png,30.png,16.png,11.png,13.png,m,"[100, 100]","[100, 100]","[100, 100]","[100, 100]","[100, 100]","[100, 100]","[100, 100]","[100, 100]","[100, 100]","[100, 100]","[100, 100]","[0, -375]",ok.png,"[100, 100]","[100, 100]",343,1,1,1,1,0,0,0,0,0,0,0,1.91419136524,1.9141913652420044,0,48,48,240,240,1,1,0,0,0,0,0,0,0,0.715544342995,0.7155443429946899,0,-5,-5,-430,-430,369
32.png,07.png,14.png,tray2.png,23.png,02.png,09.png,29.png,28.png,"[-249, -91]","[201, 59]","[150, 100]","[-99, 59]","[51, 59]","[201, 209]","[-249, 59]","[-99, 209]","[51, 209]","[-249, 209]","[-99, -241]","[51, -241]","[201, -241]","[100, 100]","[-99, -91]","[51, -91]","[201, -91]","[-249, -241]",1,16,"[100, 100]","[100, 100]",tray,20.png,17.png,16.png,05.png,06.png,15.png,21.png,m,"[100, 100]","[100, 100]","[100, 100]","[100, 100]","[100, 100]","[100, 100]","[100, 100]","[100, 100]","[100, 100]","[100, 100]","[100, 100]","[0, -375]",ok.png,"[100, 100]","[100, 100]",344,1,1,1,1,0,0,0,0,0,0,0,3.64719343185,3.647193431854248,0,186,186,207,207,1,1,0,0,0,0,0,0,0,0.699092388153,0.6990923881530762,0,1,1,-394,-394,29
03.png,32.png,21.png,31.png,tray2.png,08.png,30.png,15.png,34.png,"[-248, -69]","[202, 81]","[150, 100]","[-98, 81]","[52, 81]","[202, 231]","[-248, 81]","[-98, 231]","[52, 231]","[-248, 231]","[-98, -219]","[52, -219]","[202, -219]","[100, 100]","[-98, -69]","[52, -69]","[202, -69]","[-248, -219]",1,16,"[100, 100]","[100, 100]",tray,12.png,28.png,19.png,17.png,06.png,01.png,11.png,m,"[100, 100]","[100, 100]","[100, 100]","[100, 100]","[100, 100]","[100, 100]","[100, 100]","[100, 100]","[100, 100]","[100, 100]","[100, 100]","[0, -375]",ok.png,"[100, 100]","[100, 100]",345,1,1,1,1,0,0,0,0,0,0,0,1.68072760105,1.6807276010513306,0,-231,-231,80,80,1,1,0,0,0,0,0,0,0,0.581961333752,0.5819613337516785,0,3,3,-360,-360,444
28.png,22.png,16.png,13.png,10.png,tray2.png,09.png,07.png,27.png,"[-249, -60]","[201, 90]","[150, 100]","[-99, 90]","[51, 90]","[201, 240]","[-249, 90]","[-99, 240]","[51, 240]","[-249, 240]","[-99, -210]","[51, -210]","[201, -210]","[100, 100]","[-99, -60]","[51, -60]","[201, -60]","[-249, -210]",1,16,"[100, 100]","[100, 100]",tray,32.png,04.png,24.png,31.png,09.png,12.png,03.png,m,"[100, 100]","[100, 100]","[100, 100]","[100, 100]","[100, 100]","[100, 100]","[100, 100]","[100, 100]","[100, 100]","[100, 100]","[100, 100]","[0, -375]",ok.png,"[100, 100]","[100, 100]",346,1,1,1,1,0,0,0,0,0,0,0,0.964251756668,0.9642517566680908,0,-99,-99,106,106,1,1,0,0,0,0,0,0,0,1.41534233093,1.4153423309326172,0,31,31,-370,-370,34
30.png,26.png,20.png,34.png,10.png,07.png,tray2.png,01.png,08.png,"[-235, -86]","[215, 64]","[150, 100]","[-85, 64]","[65, 64]","[215, 214]","[-235, 64]","[-85, 214]","[65, 214]","[-235, 214]","[-85, -236]","[65, -236]","[215, -236]","[100, 100]","[-85, -86]","[65, -86]","[215, -86]","[-235, -236]",1,16,"[100, 100]","[100, 100]",tray,33.png,12.png,05.png,19.png,18.png,25.png,14.png,m,"[100, 100]","[100, 100]","[100, 100]","[100, 100]","[100, 100]","[100, 100]","[100, 100]","[100, 100]","[100, 100]","[100, 100]","[100, 100]","[0, -375]",ok.png,"[100, 100]","[100, 100]",347,1,1,1,1,0,0,0,0,0,0,0,0.948473989964,0.9484739899635316,0,60,60,61,61,1,1,0,0,0,0,0,0,0,0.44903036951999997,0.4490303695201874,0,-10,-10,-396,-396,436
01.png,33.png,24.png,26.png,30.png,04.png,02.png,tray2.png,09.png,"[-242, -87]","[208, 63]","[150, 100]","[-92, 63]","[58, 63]","[208, 213]","[-242, 63]","[-92, 213]","[58, 213]","[-242, 213]","[-92, -237]","[58, -237]","[208, -237]","[100, 100]","[-92, -87]","[58, -87]","[208, -87]","[-242, -237]",1,16,"[100, 100]","[100, 100]",tray,21.png,18.png,25.png,14.png,11.png,17.png,13.png,m,"[100, 100]","[100, 100]","[100, 100]","[100, 100]","[100, 100]","[100, 100]","[100, 100]","[100, 100]","[100, 100]","[100, 100]","[100, 100]","[0, -375]",ok.png,"[100, 100]","[100, 100]",348,1,1,1,1,0,0,0,0,0,0,0,1.16413509846,1.1641350984573364,0,199,199,86,86,1,1,0,0,0,0,0,0,0,0.598756492138,0.5987564921379089,0,36,36,-350,-350,170
19.png,03.png,29.png,09.png,30.png,26.png,31.png,18.png,tray2.png,"[-225, -87]","[225, 63]","[150, 100]","[-75, 63]","[75, 63]","[225, 213]","[-225, 63]","[-75, 213]","[75, 213]","[-225, 213]","[-75, -237]","[75, -237]","[225, -237]","[100, 100]","[-75, -87]","[75, -87]","[225, -87]","[-225, -237]",1,16,"[100, 100]","[100, 100]",tray,11.png,20.png,22.png,07.png,08.png,10.png,14.png,m,"[100, 100]","[100, 100]","[100, 100]","[100, 100]","[100, 100]","[100, 100]","[100, 100]","[100, 100]","[100, 100]","[100, 100]","[100, 100]","[0, -375]",ok.png,"[100, 100]","[100, 100]",349,1,1,1,1,0,0,0,0,0,0,0,1.08081567287,1.080815672874451,0,-210,-210,-66,-66,1,1,0,0,0,0,0,0,0,0.59897649288199994,0.5989764928817749,0,-30,-30,-392,-392,242
26.png,29.png,32.png,19.png,05.png,14.png,15.png,33.png,30.png,"[-250, -51]","[200, 99]","[150, 100]","[-100, 99]","[50, 99]","[200, 249]","[-250, 99]","[-100, 249]","[50, 249]","[-250, 249]","[-100, -201]","[50, -201]","[200, -201]","[100, 100]","[-100, -51]","[50, -51]","[200, -51]","[-250, -201]",1,16,"[100, 100]","[100, 100]",tray,23.png,11.png,tray2.png,21.png,31.png,13.png,03.png,m,"[100, 100]","[100, 100]","[100, 100]","[100, 100]","[100, 100]","[100, 100]","[100, 100]","[100, 100]","[100, 100]","[100, 100]","[100, 100]","[0, -375]",ok.png,"[100, 100]","[100, 100]",350,1,1,1,1,0,0,0,0,0,0,0,1.54762017727,1.547620177268982,0,-85,-85,-38,-38,1,1,0,0,0,0,0,0,0,0.815408229828,0.8154082298278809,0,28,28,-342,-342,189
dots1.png,01.png,02.png,03.png,04.png,05.png,06.png,07.png,08.png,"[-235, -54]","[215, 96]","[150, 100]","[-85, 96]","[65, 96]","[215, 246]","[-235, 96]","[-85, 246]","[65, 246]","[-235, 246]","[-85, -204]","[65, -204]","[215, -204]","[100, 100]","[-85, -54]","[65, -54]","[215, -54]","[-235, -204]",1,16,"[100, 100]","[100, 100]",dots,11.png,12.png,09.png,10.png,15.png,13.png,14.png,m,"[100, 100]","[100, 100]","[100, 100]","[100, 100]","[100, 100]","[100, 100]","[100, 100]","[100, 100]","[100, 100]","[100, 100]","[100, 100]","[0, -375]",ok.png,"[100, 100]","[100, 100]",351,2,1,1,1,0,0,0,0,0,0,0,1.19749283791,1.1974928379058838,0,-237,-237,261,261,1,1,0,0,0,0,0,0,0,0.948892474174,0.9488924741744996,0,-20,-20,-383,-383,426
08.png,dots1.png,09.png,01.png,10.png,11.png,12.png,13.png,15.png,"[-225, -77]","[225, 73]","[150, 100]","[-75, 73]","[75, 73]","[225, 223]","[-225, 73]","[-75, 223]","[75, 223]","[-225, 223]","[-75, -227]","[75, -227]","[225, -227]","[100, 100]","[-75, -77]","[75, -77]","[225, -77]","[-225, -227]",1,16,"[100, 100]","[100, 100]",dots,33.png,32.png,14.png,34.png,23.png,31.png,22.png,m,"[100, 100]","[100, 100]","[100, 100]","[100, 100]","[100, 100]","[100, 100]","[100, 100]","[100, 100]","[100, 100]","[100, 100]","[100, 100]","[0, -375]",ok.png,"[100, 100]","[100, 100]",352,2,1,1,1,0,0,0,0,0,0,0,0.847560048103,0.8475600481033325,0,-61,-61,208,208,1,1,0,0,0,0,0,0,0,0.982032239437,0.9820322394371032,0,10,10,-336,-336,255
05.png,06.png,dots1.png,15.png,16.png,17.png,18.png,19.png,20.png,"[-226, -66]","[224, 84]","[150, 100]","[-76, 84]","[74, 84]","[224, 234]","[-226, 84]","[-76, 234]","[74, 234]","[-226, 234]","[-76, -216]","[74, -216]","[224, -216]","[100, 100]","[-76, -66]","[74, -66]","[224, -66]","[-226, -216]",1,16,"[100, 100]","[100, 100]",dots,23.png,24.png,21.png,22.png,27.png,25.png,30.png,m,"[100, 100]","[100, 100]","[100, 100]","[100, 100]","[100, 100]","[100, 100]","[100, 100]","[100, 100]","[100, 100]","[100, 100]","[100, 100]","[0, -375]",ok.png,"[100, 100]","[100, 100]",353,2,1,1,1,0,0,0,0,0,0,0,2.88095235825,2.8809523582458496,0,60,60,264,264,1,1,0,0,0,0,0,0,0,0.831853926182,0.8318539261817932,0,-12,-12,-354,-354,388
22.png,23.png,24.png,dots1.png,03.png,12.png,25.png,26.png,02.png,"[-241, -75]","[209, 75]","[150, 100]","[-91, 75]","[59, 75]","[209, 225]","[-241, 75]","[-91, 225]","[59, 225]","[-241, 225]","[-91, -225]","[59, -225]","[209, -225]","[100, 100]","[-91, -75]","[59, -75]","[209, -75]","[-241, -225]",1,16,"[100, 100]","[100, 100]",dots,28.png,29.png,08.png,27.png,32.png,30.png,31.png,m,"[100, 100]","[100, 100]","[100, 100]","[100, 100]","[100, 100]","[100, 100]","[100, 100]","[100, 100]","[100, 100]","[100, 100]","[100, 100]","[0, -375]",ok.png,"[100, 100]","[100, 100]",354,2,1,1,1,0,0,0,0,0,0,0,1.98059797287,1.980597972869873,0,209,209,236,236,1,1,0,0,0,0,0,0,0,0.782090127468,0.7820901274681091,0,-8,-8,-359,-359,70
02.png,04.png,06.png,08.png,dots1.png,29.png,30.png,31.png,32.png,"[-247, -91]","[203, 59]","[150, 100]","[-97, 59]","[53, 59]","[203, 209]","[-247, 59]","[-97, 209]","[53, 209]","[-247, 209]","[-97, -241]","[53, -241]","[203, -241]","[100, 100]","[-97, -91]","[53, -91]","[203, -91]","[-247, -241]",1,16,"[100, 100]","[100, 100]",dots,01.png,22.png,33.png,34.png,28.png,24.png,26.png,m,"[100, 100]","[100, 100]","[100, 100]","[100, 100]","[100, 100]","[100, 100]","[100, 100]","[100, 100]","[100, 100]","[100, 100]","[100, 100]","[0, -375]",ok.png,"[100, 100]","[100, 100]",355,2,1,1,1,0,0,0,0,0,0,0,0.897614479065,0.8976144790649414,0,-228,-228,61,61,1,1,0,0,0,0,0,0,0,1.06537508965,1.0653750896453855,0,-12,-12,-320,-320,258
01.png,34.png,07.png,27.png,04.png,dots1.png,11.png,26.png,06.png,"[-204, -69]","[246, 81]","[150, 100]","[-54, 81]","[96, 81]","[246, 231]","[-204, 81]","[-54, 231]","[96, 231]","[-204, 231]","[-54, -219]","[96, -219]","[246, -219]","[100, 100]","[-54, -69]","[96, -69]","[246, -69]","[-204, -219]",1,16,"[100, 100]","[100, 100]",dots,29.png,17.png,15.png,09.png,32.png,23.png,30.png,m,"[100, 100]","[100, 100]","[100, 100]","[100, 100]","[100, 100]","[100, 100]","[100, 100]","[100, 100]","[100, 100]","[100, 100]","[100, 100]","[0, -375]",ok.png,"[100, 100]","[100, 100]",356,2,1,1,1,0,0,0,0,0,0,0,0.664328157902,0.6643281579017639,0,-62,-62,94,94,1,1,0,0,0,0,0,0,0,1.98202860355,1.982028603553772,0,-63,-63,-380,-380,357
12.png,24.png,02.png,05.png,07.png,03.png,dots1.png,25.png,18.png,"[-201, -63]","[249, 87]","[150, 100]","[-51, 87]","[99, 87]","[249, 237]","[-201, 87]","[-51, 237]","[99, 237]","[-201, 237]","[-51, -213]","[99, -213]","[249, -213]","[100, 100]","[-51, -63]","[99, -63]","[249, -63]","[-201, -213]",1,16,"[100, 100]","[100, 100]",dots,27.png,06.png,14.png,13.png,17.png,22.png,09.png,m,"[100, 100]","[100, 100]","[100, 100]","[100, 100]","[100, 100]","[100, 100]","[100, 100]","[100, 100]","[100, 100]","[100, 100]","[100, 100]","[0, -375]",ok.png,"[100, 100]","[100, 100]",357,2,1,1,1,0,0,0,0,0,0,0,0.914044678211,0.9140446782112122,0,116,116,103,103,1,1,0,0,0,0,0,0,0,0.599016427994,0.5990164279937744,0,49,49,-331,-331,271
13.png,05.png,33.png,07.png,20.png,15.png,27.png,dots1.png,30.png,"[-215, -94]","[235, 56]","[150, 100]","[-65, 56]","[85, 56]","[235, 206]","[-215, 56]","[-65, 206]","[85, 206]","[-215, 206]","[-65, -244]","[85, -244]","[235, -244]","[100, 100]","[-65, -94]","[85, -94]","[235, -94]","[-215, -244]",1,16,"[100, 100]","[100, 100]",dots,31.png,09.png,17.png,25.png,22.png,01.png,33.png,m,"[100, 100]","[100, 100]","[100, 100]","[100, 100]","[100, 100]","[100, 100]","[100, 100]","[100, 100]","[100, 100]","[100, 100]","[100, 100]","[0, -375]",ok.png,"[100, 100]","[100, 100]",358,2,1,1,1,0,0,0,0,0,0,0,1.0976190567,1.0976190567016602,0,231,231,73,73,1,1,0,0,0,0,0,0,0,1.16529679298,1.1652967929840088,0,8,8,-370,-370,418
07.png,10.png,13.png,16.png,02.png,08.png,04.png,06.png,dots1.png,"[-205, -68]","[245, 82]","[150, 100]","[-55, 82]","[95, 82]","[245, 232]","[-205, 82]","[-55, 232]","[95, 232]","[-205, 232]","[-55, -218]","[95, -218]","[245, -218]","[100, 100]","[-55, -68]","[95, -68]","[245, -68]","[-205, -218]",1,16,"[100, 100]","[100, 100]",dots,27.png,21.png,29.png,23.png,33.png,25.png,31.png,m,"[100, 100]","[100, 100]","[100, 100]","[100, 100]","[100, 100]","[100, 100]","[100, 100]","[100, 100]","[100, 100]","[100, 100]","[100, 100]","[0, -375]",ok.png,"[100, 100]","[100, 100]",359,2,1,1,1,0,0,0,0,0,0,0,1.43060874939,1.4306087493896484,0,-192,-192,-65,-65,1,1,0,0,0,0,0,0,0,2.68221378326,2.68221378326416,0,27,27,-359,-359,27
09.png,07.png,05.png,03.png,14.png,16.png,18.png,20.png,22.png,"[-218, -82]","[232, 68]","[150, 100]","[-68, 68]","[82, 68]","[232, 218]","[-218, 68]","[-68, 218]","[82, 218]","[-218, 218]","[-68, -232]","[82, -232]","[232, -232]","[100, 100]","[-68, -82]","[82, -82]","[232, -82]","[-218, -232]",1,16,"[100, 100]","[100, 100]",dots,26.png,21.png,dots1.png,24.png,30.png,27.png,32.png,m,"[100, 100]","[100, 100]","[100, 100]","[100, 100]","[100, 100]","[100, 100]","[100, 100]","[100, 100]","[100, 100]","[100, 100]","[100, 100]","[0, -375]",ok.png,"[100, 100]","[100, 100]",360,2,1,1,1,0,0,0,0,0,0,0,1.08088004589,1.080880045890808,0,-79,-79,-97,-97,1,1,0,0,0,0,0,0,0,0.915364921093,0.9153649210929872,0,-24,-24,-359,-359,399
05.png,14.png,33.png,31.png,13.png,10.png,34.png,32.png,16.png,"[-222, -94]","[228, 56]","[150, 100]","[-72, 56]","[78, 56]","[228, 206]","[-222, 56]","[-72, 206]","[78, 206]","[-222, 206]","[-72, -244]","[78, -244]","[228, -244]","[100, 100]","[-72, -94]","[78, -94]","[228, -94]","[-222, -244]",1,16,"[100, 100]","[100, 100]",dots,21.png,24.png,19.png,dots1.png,01.png,27.png,18.png,m,"[100, 100]","[100, 100]","[100, 100]","[100, 100]","[100, 100]","[100, 100]","[100, 100]","[100, 100]","[100, 100]","[100, 100]","[100, 100]","[0, -375]",ok.png,"[100, 100]","[100, 100]",361,2,1,1,1,0,0,0,0,0,0,0,1.06405258179,1.0640525817871094,0,86,86,-76,-76,1,1,0,0,0,0,0,0,0,1.71529436111,1.715294361114502,0,-10,-10,-368,-368,62
10.png,15.png,20.png,25.png,09.png,24.png,04.png,17.png,21.png,"[-247, -76]","[203, 74]","[150, 100]","[-97, 74]","[53, 74]","[203, 224]","[-247, 74]","[-97, 224]","[53, 224]","[-247, 224]","[-97, -226]","[53, -226]","[203, -226]","[100, 100]","[-97, -76]","[53, -76]","[203, -76]","[-247, -226]",1,16,"[100, 100]","[100, 100]",dots,dots1.png,18.png,16.png,11.png,34.png,08.png,27.png,m,"[100, 100]","[100, 100]","[100, 100]","[100, 100]","[100, 100]","[100, 100]","[100, 100]","[100, 100]","[100, 100]","[100, 100]","[100, 100]","[0, -375]",ok.png,"[100, 100]","[100, 100]",362,2,1,1,1,0,0,0,0,0,0,0,1.38081121445,1.3808112144470217,0,183,183,-59,-59,1,1,0,0,0,0,0,0,0,0.84896415472,0.8489641547203064,0,18,18,-345,-345,110
16.png,10.png,20.png,24.png,28.png,32.png,29.png,26.png,03.png,"[-214, -92]","[236, 58]","[150, 100]","[-64, 58]","[86, 58]","[236, 208]","[-214, 58]","[-64, 208]","[86, 208]","[-214, 208]","[-64, -242]","[86, -242]","[236, -242]","[100, 100]","[-64, -92]","[86, -92]","[236, -92]","[-214, -242]",1,16,"[100, 100]","[100, 100]",dots,08.png,dots1.png,01.png,07.png,04.png,05.png,02.png,m,"[100, 100]","[100, 100]","[100, 100]","[100, 100]","[100, 100]","[100, 100]","[100, 100]","[100, 100]","[100, 100]","[100, 100]","[100, 100]","[0, -375]",ok.png,"[100, 100]","[100, 100]",363,2,1,1,1,0,0,0,0,0,0,0,1.0476808548,1.0476808547973633,0,-186,-186,-221,-221,1,1,0,0,0,0,0,0,0,1.14871871471,1.1487187147140503,0,-6,-6,-381,-381,167
29.png,17.png,06.png,16.png,15.png,03.png,33.png,08.png,13.png,"[-200, -99]","[250, 51]","[150, 100]","[-50, 51]","[100, 51]","[250, 201]","[-200, 51]","[-50, 201]","[100, 201]","[-200, 201]","[-50, -249]","[100, -249]","[250, -249]","[100, 100]","[-50, -99]","[100, -99]","[250, -99]","[-200, -249]",1,16,"[100, 100]","[100, 100]",dots,10.png,23.png,28.png,02.png,01.png,dots1.png,12.png,m,"[100, 100]","[100, 100]","[100, 100]","[100, 100]","[100, 100]","[100, 100]","[100, 100]","[100, 100]","[100, 100]","[100, 100]","[100, 100]","[0, -375]",ok.png,"[100, 100]","[100, 100]",364,2,1,1,1,0,0,0,0,0,0,0,0.997730076313,0.9977300763130188,0,-41,-41,-225,-225,1,1,0,0,0,0,0,0,0,0.648623347282,0.6486233472824097,0,-27,-27,-364,-364,292
32.png,30.png,08.png,16.png,14.png,06.png,04.png,33.png,27.png,"[-233, -92]","[217, 58]","[150, 100]","[-83, 58]","[67, 58]","[217, 208]","[-233, 58]","[-83, 208]","[67, 208]","[-233, 208]","[-83, -242]","[67, -242]","[217, -242]","[100, 100]","[-83, -92]","[67, -92]","[217, -92]","[-233, -242]",1,16,"[100, 100]","[100, 100]",dots,13.png,07.png,23.png,17.png,24.png,03.png,dots1.png,m,"[100, 100]","[100, 100]","[100, 100]","[100, 100]","[100, 100]","[100, 100]","[100, 100]","[100, 100]","[100, 100]","[100, 100]","[100, 100]","[0, -375]",ok.png,"[100, 100]","[100, 100]",365,2,1,1,1,0,0,0,0,0,0,0,1.23106098175,1.2310609817504885,0,53,53,-238,-238,1,1,0,0,0,0,0,0,0,1.21528685093,1.2152868509292605,0,-13,-13,-376,-376,180
04.png,20.png,30.png,02.png,12.png,16.png,03.png,04.png,24.png,"[-210, -97]","[240, 53]","[150, 100]","[-60, 53]","[90, 53]","[240, 203]","[-210, 53]","[-60, 203]","[90, 203]","[-210, 203]","[-60, -247]","[90, -247]","[240, -247]","[100, 100]","[-60, -97]","[90, -97]","[240, -97]","[-210, -247]",1,16,"[100, 100]","[100, 100]",dots,27.png,14.png,23.png,33.png,dots1.png,07.png,17.png,m,"[100, 100]","[100, 100]","[100, 100]","[100, 100]","[100, 100]","[100, 100]","[100, 100]","[100, 100]","[100, 100]","[100, 100]","[100, 100]","[0, -375]",ok.png,"[100, 100]","[100, 100]",366,2,1,1,1,0,0,0,0,0,0,0,1.7807199955,1.7807199954986572,0,234,234,-250,-250,1,1,0,0,0,0,0,0,0,0.682354390621,0.6823543906211853,0,15,15,-385,-385,184
03.png,19.png,29.png,09.png,25.png,02.png,32.png,11.png,12.png,"[-201, -64]","[249, 86]","[150, 100]","[-51, 86]","[99, 86]","[249, 236]","[-201, 86]","[-51, 236]","[99, 236]","[-201, 236]","[-51, -214]","[99, -214]","[249, -214]","[100, 100]","[-51, -64]","[99, -64]","[249, -64]","[-201, -214]",1,16,"[100, 100]","[100, 100]",dots,31.png,13.png,22.png,16.png,18.png,04.png,dots1.png,m,"[100, 100]","[100, 100]","[100, 100]","[100, 100]","[100, 100]","[100, 100]","[100, 100]","[100, 100]","[100, 100]","[100, 100]","[100, 100]","[0, -375]",ok.png,"[100, 100]","[100, 100]",367,2,1,1,1,0,0,0,0,0,0,0,1.14766561985,1.1476656198501587,0,91,91,-237,-237,1,1,0,0,0,0,0,0,0,0.715325713158,0.7153257131576538,0,-19,-19,-371,-371,280
16.png,13.png,11.png,05.png,21.png,30.png,07.png,23.png,01.png,"[-206, -50]","[244, 100]","[150, 100]","[-56, 100]","[94, 100]","[244, 250]","[-206, 100]","[-56, 250]","[94, 250]","[-206, 250]","[-56, -200]","[94, -200]","[244, -200]","[100, 100]","[-56, -50]","[94, -50]","[244, -50]","[-206, -200]",1,16,"[100, 100]","[100, 100]",dots,25.png,03.png,27.png,28.png,15.png,dots1.png,08.png,m,"[100, 100]","[100, 100]","[100, 100]","[100, 100]","[100, 100]","[100, 100]","[100, 100]","[100, 100]","[100, 100]","[100, 100]","[100, 100]","[0, -375]",ok.png,"[100, 100]","[100, 100]",368,2,1,1,1,0,0,0,0,0,0,0,1.01429700851,1.0142970085144043,0,-81,-81,-199,-199,1,1,0,0,0,0,0,0,0,0.982027590275,0.9820275902748108,0,8,8,-351,-351,190
06.png,21.png,15.png,17.png,20.png,05.png,16.png,28.png,29.png,"[-203, -98]","[247, 52]","[150, 100]","[-53, 52]","[97, 52]","[247, 202]","[-203, 52]","[-53, 202]","[97, 202]","[-203, 202]","[-53, -248]","[97, -248]","[247, -248]","[100, 100]","[-53, -98]","[97, -98]","[247, -98]","[-203, -248]",1,16,"[100, 100]","[100, 100]",dots,23.png,dots1.png,09.png,02.png,32.png,14.png,07.png,m,"[100, 100]","[100, 100]","[100, 100]","[100, 100]","[100, 100]","[100, 100]","[100, 100]","[100, 100]","[100, 100]","[100, 100]","[100, 100]","[0, -375]",ok.png,"[100, 100]","[100, 100]",369,2,1,1,1,0,0,0,0,0,0,0,2.66423511505,2.6642351150512695,0,-205,-205,-252,-252,1,1,0,0,0,0,0,0,0,0.882118463516,0.8821184635162354,0,-42,-42,-379,-379,151
06.png,11.png,01.png,28.png,12.png,17.png,19.png,34.png,15.png,"[-232, -93]","[218, 57]","[150, 100]","[-82, 57]","[68, 57]","[218, 207]","[-232, 57]","[-82, 207]","[68, 207]","[-232, 207]","[-82, -243]","[68, -243]","[218, -243]","[100, 100]","[-82, -93]","[68, -93]","[218, -93]","[-232, -243]",1,16,"[100, 100]","[100, 100]",dots,dots1.png,31.png,30.png,08.png,03.png,21.png,32.png,m,"[100, 100]","[100, 100]","[100, 100]","[100, 100]","[100, 100]","[100, 100]","[100, 100]","[100, 100]","[100, 100]","[100, 100]","[100, 100]","[0, -375]",ok.png,"[100, 100]","[100, 100]",370,2,1,1,1,0,0,0,0,0,0,0,0.730988204479,0.7309882044792175,0,200,200,-106,-106,1,1,0,0,0,0,0,0,0,1.28201556206,1.2820155620574951,0,-33,-33,-359,-359,412
09.png,03.png,12.png,04.png,32.png,31.png,24.png,27.png,07.png,"[-216, -90]","[234, 60]","[150, 100]","[-66, 60]","[84, 60]","[234, 210]","[-216, 60]","[-66, 210]","[84, 210]","[-216, 210]","[-66, -240]","[84, -240]","[234, -240]","[100, 100]","[-66, -90]","[84, -90]","[234, -90]","[-216, -240]",1,16,"[100, 100]","[100, 100]",dots,10.png,13.png,09.png,dots1.png,28.png,16.png,22.png,m,"[100, 100]","[100, 100]","[100, 100]","[100, 100]","[100, 100]","[100, 100]","[100, 100]","[100, 100]","[100, 100]","[100, 100]","[100, 100]","[0, -375]",ok.png,"[100, 100]","[100, 100]",371,2,1,1,1,0,0,0,0,0,0,0,1.0975189209,1.0975189208984375,0,90,90,-100,-100,1,1,0,0,0,0,0,0,0,0.698814928532,0.6988149285316467,0,12,12,-387,-387,383
18.png,14.png,25.png,12.png,33.png,19.png,05.png,08.png,01.png,"[-241, -75]","[209, 75]","[150, 100]","[-91, 75]","[59, 75]","[209, 225]","[-241, 75]","[-91, 225]","[59, 225]","[-241, 225]","[-91, -225]","[59, -225]","[209, -225]","[100, 100]","[-91, -75]","[59, -75]","[209, -75]","[-241, -225]",1,16,"[100, 100]","[100, 100]",dots,10.png,34.png,dots1.png,07.png,30.png,20.png,26.png,m,"[100, 100]","[100, 100]","[100, 100]","[100, 100]","[100, 100]","[100, 100]","[100, 100]","[100, 100]","[100, 100]","[100, 100]","[100, 100]","[0, -375]",ok.png,"[100, 100]","[100, 100]",372,2,1,1,1,0,0,0,0,0,0,0,0.597394585609,0.597394585609436,0,-60,-60,-80,-80,1,1,0,0,0,0,0,0,0,1.09856569767,1.098565697669983,0,7,7,-330,-330,157
11.png,13.png,17.png,18.png,21.png,14.png,25.png,09.png,dots1.png,"[-241, -50]","[209, 100]","[150, 100]","[-91, 100]","[59, 100]","[209, 250]","[-241, 100]","[-91, 250]","[59, 250]","[-241, 250]","[-91, -200]","[59, -200]","[209, -200]","[100, 100]","[-91, -50]","[59, -50]","[209, -50]","[-241, -200]",1,16,"[100, 100]","[100, 100]",dots,30.png,26.png,02.png,04.png,01.png,24.png,33.png,m,"[100, 100]","[100, 100]","[100, 100]","[100, 100]","[100, 100]","[100, 100]","[100, 100]","[100, 100]","[100, 100]","[100, 100]","[100, 100]","[0, -375]",ok.png,"[100, 100]","[100, 100]",373,2,1,1,1,0,0,0,0,0,0,0,1.26402270794,1.264022707939148,0,-210,-210,-43,-43,1,1,0,0,0,0,0,0,0,0.965650618076,0.9656506180763244,0,21,21,-367,-367,307
08.png,14.png,10.png,20.png,11.png,07.png,22.png,dots1.png,18.png,"[-236, -98]","[214, 52]","[150, 100]","[-86, 52]","[64, 52]","[214, 202]","[-236, 52]","[-86, 202]","[64, 202]","[-236, 202]","[-86, -248]","[64, -248]","[214, -248]","[100, 100]","[-86, -98]","[64, -98]","[214, -98]","[-236, -248]",1,16,"[100, 100]","[100, 100]",dots,30.png,09.png,31.png,26.png,19.png,29.png,03.png,m,"[100, 100]","[100, 100]","[100, 100]","[100, 100]","[100, 100]","[100, 100]","[100, 100]","[100, 100]","[100, 100]","[100, 100]","[100, 100]","[0, -375]",ok.png,"[100, 100]","[100, 100]",374,2,1,1,1,0,0,0,0,0,0,0,1.49733126163,1.4973312616348269,0,212,212,53,53,1,1,0,0,0,0,0,0,0,2.33221912384,2.332219123840332,0,-9,-9,-369,-369,2
31.png,03.png,13.png,11.png,23.png,21.png,dots1.png,30.png,33.png,"[-207, -71]","[243, 79]","[150, 100]","[-57, 79]","[93, 79]","[243, 229]","[-207, 79]","[-57, 229]","[93, 229]","[-207, 229]","[-57, -221]","[93, -221]","[243, -221]","[100, 100]","[-57, -71]","[93, -71]","[243, -71]","[-207, -221]",1,16,"[100, 100]","[100, 100]",dots,05.png,19.png,15.png,14.png,26.png,32.png,29.png,m,"[100, 100]","[100, 100]","[100, 100]","[100, 100]","[100, 100]","[100, 100]","[100, 100]","[100, 100]","[100, 100]","[100, 100]","[100, 100]","[0, -375]",ok.png,"[100, 100]","[100, 100]",375,2,1,1,1,0,0,0,0,0,0,0,0.73099976778,0.730999767780304,0,75,75,89,89,1,1,0,0,0,0,0,0,0,0.865362644196,0.8653626441955566,0,7,7,-409,-409,298
15.png,14.png,13.png,12.png,11.png,10.png,09.png,08.png,07.png,"[-215, -70]","[235, 80]","[150, 100]","[-65, 80]","[85, 80]","[235, 230]","[-215, 80]","[-65, 230]","[85, 230]","[-215, 230]","[-65, -220]","[85, -220]","[235, -220]","[100, 100]","[-65, -70]","[85, -70]","[235, -70]","[-215, -220]",1,16,"[100, 100]","[100, 100]",dots,04.png,03.png,06.png,05.png,dots2.png,02.png,01.png,m,"[100, 100]","[100, 100]","[100, 100]","[100, 100]","[100, 100]","[100, 100]","[100, 100]","[100, 100]","[100, 100]","[100, 100]","[100, 100]","[0, -375]",ok.png,"[100, 100]","[100, 100]",376,2,1,1,1,0,0,0,0,0,0,0,0.964459180832,0.9644591808319092,0,218,218,-234,-234,1,1,0,0,0,0,0,0,0,0.948535740376,0.9485357403755188,0,4,4,-363,-363,132
23.png,22.png,31.png,32.png,33.png,34.png,14.png,15.png,13.png,"[-244, -54]","[206, 96]","[150, 100]","[-94, 96]","[56, 96]","[206, 246]","[-244, 96]","[-94, 246]","[56, 246]","[-244, 246]","[-94, -204]","[56, -204]","[206, -204]","[100, 100]","[-94, -54]","[56, -54]","[206, -54]","[-244, -204]",1,16,"[100, 100]","[100, 100]",dots,10.png,01.png,12.png,11.png,08.png,09.png,dots2.png,m,"[100, 100]","[100, 100]","[100, 100]","[100, 100]","[100, 100]","[100, 100]","[100, 100]","[100, 100]","[100, 100]","[100, 100]","[100, 100]","[0, -375]",ok.png,"[100, 100]","[100, 100]",377,2,1,1,1,0,0,0,0,0,0,0,0.864106118679,0.8641061186790466,0,30,30,-201,-201,1,1,0,0,0,0,0,0,0,1.73200654984,1.732006549835205,0,6,6,-386,-386,377
27.png,30.png,25.png,24.png,23.png,22.png,21.png,20.png,19.png,"[-225, -56]","[225, 94]","[150, 100]","[-75, 94]","[75, 94]","[225, 244]","[-225, 94]","[-75, 244]","[75, 244]","[-225, 244]","[-75, -206]","[75, -206]","[225, -206]","[100, 100]","[-75, -56]","[75, -56]","[225, -56]","[-225, -206]",1,16,"[100, 100]","[100, 100]",dots,16.png,15.png,18.png,17.png,05.png,dots2.png,06.png,m,"[100, 100]","[100, 100]","[100, 100]","[100, 100]","[100, 100]","[100, 100]","[100, 100]","[100, 100]","[100, 100]","[100, 100]","[100, 100]","[0, -375]",ok.png,"[100, 100]","[100, 100]",378,2,1,1,1,0,0,0,0,0,0,0,0.914262652397,0.9142626523971558,0,-76,-76,-200,-200,1,1,0,0,0,0,0,0,0,1.29868924618,1.2986892461776731,0,15,15,-372,-372,216
33.png,32.png,30.png,29.png,08.png,02.png,31.png,27.png,26.png,"[-211, -97]","[239, 53]","[150, 100]","[-61, 53]","[89, 53]","[239, 203]","[-211, 53]","[-61, 203]","[89, 203]","[-211, 203]","[-61, -247]","[89, -247]","[239, -247]","[100, 100]","[-61, -97]","[89, -97]","[239, -97]","[-211, -247]",1,16,"[100, 100]","[100, 100]",dots,03.png,dots2.png,28.png,12.png,22.png,24.png,23.png,m,"[100, 100]","[100, 100]","[100, 100]","[100, 100]","[100, 100]","[100, 100]","[100, 100]","[100, 100]","[100, 100]","[100, 100]","[100, 100]","[0, -375]",ok.png,"[100, 100]","[100, 100]",379,2,1,1,1,0,0,0,0,0,0,0,1.31419944763,1.314199447631836,0,-174,-174,-227,-227,1,1,0,0,0,0,0,0,0,1.23198091984,1.2319809198379517,0,14,14,-371,-371,218
28.png,26.png,24.png,22.png,01.png,34.png,33.png,32.png,31.png,"[-214, -90]","[236, 60]","[150, 100]","[-64, 60]","[86, 60]","[236, 210]","[-214, 60]","[-64, 210]","[86, 210]","[-214, 210]","[-64, -240]","[86, -240]","[236, -240]","[100, 100]","[-64, -90]","[86, -90]","[236, -90]","[-214, -240]",1,16,"[100, 100]","[100, 100]",dots,dots2.png,08.png,30.png,29.png,02.png,06.png,04.png,m,"[100, 100]","[100, 100]","[100, 100]","[100, 100]","[100, 100]","[100, 100]","[100, 100]","[100, 100]","[100, 100]","[100, 100]","[100, 100]","[0, -375]",ok.png,"[100, 100]","[100, 100]",380,2,1,1,1,0,0,0,0,0,0,0,0.781932890415,0.7819328904151917,0,213,213,-81,-81,1,1,0,0,0,0,0,0,0,1.2489746809,1.2489746809005735,0,-18,-18,-366,-366,164
32.png,30.png,23.png,17.png,29.png,09.png,15.png,06.png,26.png,"[-231, -94]","[219, 56]","[150, 100]","[-81, 56]","[69, 56]","[219, 206]","[-231, 56]","[-81, 206]","[69, 206]","[-231, 206]","[-81, -244]","[69, -244]","[219, -244]","[100, 100]","[-81, -94]","[69, -94]","[219, -94]","[-231, -244]",1,16,"[100, 100]","[100, 100]",dots,04.png,27.png,11.png,dots2.png,01.png,07.png,34.png,m,"[100, 100]","[100, 100]","[100, 100]","[100, 100]","[100, 100]","[100, 100]","[100, 100]","[100, 100]","[100, 100]","[100, 100]","[100, 100]","[0, -375]",ok.png,"[100, 100]","[100, 100]",381,2,1,1,1,0,0,0,0,0,0,0,0.84768652916,0.8476865291595459,0,84,84,-96,-96,1,1,0,0,0,0,0,0,0,1.09879529476,1.0987952947616575,0,16,16,-345,-345,326
17.png,09.png,22.png,06.png,27.png,13.png,14.png,18.png,25.png,"[-207, -52]","[243, 98]","[150, 100]","[-57, 98]","[93, 98]","[243, 248]","[-207, 98]","[-57, 248]","[93, 248]","[-207, 248]","[-57, -202]","[93, -202]","[243, -202]","[100, 100]","[-57, -52]","[93, -52]","[243, -52]","[-207, -202]",1,16,"[100, 100]","[100, 100]",dots,07.png,05.png,dots2.png,03.png,12.png,02.png,24.png,m,"[100, 100]","[100, 100]","[100, 100]","[100, 100]","[100, 100]","[100, 100]","[100, 100]","[100, 100]","[100, 100]","[100, 100]","[100, 100]","[0, -375]",ok.png,"[100, 100]","[100, 100]",382,2,1,1,1,0,0,0,0,0,0,0,1.06438779831,1.0643877983093262,0,-63,-63,-20,-20,1,1,0,0,0,0,0,0,0,0.932324588299,0.9323245882987976,0,-9,-9,-390,-390,435
22.png,33.png,01.png,09.png,31.png,25.png,17.png,30.png,dots2.png,"[-227, -89]","[223, 61]","[150, 100]","[-77, 61]","[73, 61]","[223, 211]","[-227, 61]","[-77, 211]","[73, 211]","[-227, 211]","[-77, -239]","[73, -239]","[223, -239]","[100, 100]","[-77, -89]","[73, -89]","[223, -89]","[-227, -239]",1,16,"[100, 100]","[100, 100]",dots,20.png,07.png,27.png,15.png,13.png,33.png,05.png,m,"[100, 100]","[100, 100]","[100, 100]","[100, 100]","[100, 100]","[100, 100]","[100, 100]","[100, 100]","[100, 100]","[100, 100]","[100, 100]","[0, -375]",ok.png,"[100, 100]","[100, 100]",383,2,1,1,1,0,0,0,0,0,0,0,1.03061914444,1.0306191444396973,0,-230,-230,-98,-98,1,1,0,0,0,0,0,0,0,0.849085748196,0.8490857481956482,0,26,26,-350,-350,201
33.png,31.png,25.png,21.png,27.png,23.png,29.png,dots2.png,06.png,"[-225, -67]","[225, 83]","[150, 100]","[-75, 83]","[75, 83]","[225, 233]","[-225, 83]","[-75, 233]","[75, 233]","[-225, 233]","[-75, -217]","[75, -217]","[225, -217]","[100, 100]","[-75, -67]","[75, -67]","[225, -67]","[-225, -217]",1,16,"[100, 100]","[100, 100]",dots,02.png,16.png,04.png,08.png,07.png,13.png,10.png,m,"[100, 100]","[100, 100]","[100, 100]","[100, 100]","[100, 100]","[100, 100]","[100, 100]","[100, 100]","[100, 100]","[100, 100]","[100, 100]","[0, -375]",ok.png,"[100, 100]","[100, 100]",384,2,1,1,1,0,0,0,0,0,0,0,2.23093152046,2.230931520462036,0,215,215,105,105,1,1,0,0,0,0,0,0,0,0.565381228924,0.5653812289237976,0,32,32,-352,-352,278
30.png,32.png,27.png,21.png,26.png,24.png,dots2.png,22.png,20.png,"[-241, -89]","[209, 61]","[150, 100]","[-91, 61]","[59, 61]","[209, 211]","[-241, 61]","[-91, 211]","[59, 211]","[-241, 211]","[-91, -239]","[59, -239]","[209, -239]","[100, 100]","[-91, -89]","[59, -89]","[209, -89]","[-241, -239]",1,16,"[100, 100]","[100, 100]",dots,14.png,03.png,18.png,16.png,09.png,05.png,07.png,m,"[100, 100]","[100, 100]","[100, 100]","[100, 100]","[100, 100]","[100, 100]","[100, 100]","[100, 100]","[100, 100]","[100, 100]","[100, 100]","[0, -375]",ok.png,"[100, 100]","[100, 100]",385,2,1,1,1,0,0,0,0,0,0,0,1.630869627,1.6308696269989014,0,23,23,71,71,1,1,0,0,0,0,0,0,0,0.682079911232,0.6820799112319946,0,-4,-4,-392,-392,28
01.png,18.png,27.png,24.png,21.png,dots2.png,19.png,16.png,32.png,"[-200, -61]","[250, 89]","[150, 100]","[-50, 89]","[100, 89]","[250, 239]","[-200, 89]","[-50, 239]","[100, 239]","[-200, 239]","[-50, -211]","[100, -211]","[250, -211]","[100, 100]","[-50, -61]","[100, -61]","[250, -61]","[-200, -211]",1,16,"[100, 100]","[100, 100]",dots,13.png,31.png,34.png,10.png,05.png,33.png,14.png,m,"[100, 100]","[100, 100]","[100, 100]","[100, 100]","[100, 100]","[100, 100]","[100, 100]","[100, 100]","[100, 100]","[100, 100]","[100, 100]","[0, -375]",ok.png,"[100, 100]","[100, 100]",386,2,1,1,1,0,0,0,0,0,0,0,0.864252090454,0.8642520904541016,0,-37,-37,97,97,1,1,0,0,0,0,0,0,0,1.28234493732,1.282344937324524,0,-5,-5,-326,-326,152
34.png,27.png,08.png,18.png,dots2.png,11.png,16.png,21.png,17.png,"[-213, -66]","[237, 84]","[150, 100]","[-63, 84]","[87, 84]","[237, 234]","[-213, 84]","[-63, 234]","[87, 234]","[-213, 234]","[-63, -216]","[87, -216]","[237, -216]","[100, 100]","[-63, -66]","[87, -66]","[237, -66]","[-213, -216]",1,16,"[100, 100]","[100, 100]",dots,09.png,25.png,04.png,24.png,10.png,20.png,15.png,m,"[100, 100]","[100, 100]","[100, 100]","[100, 100]","[100, 100]","[100, 100]","[100, 100]","[100, 100]","[100, 100]","[100, 100]","[100, 100]","[0, -375]",ok.png,"[100, 100]","[100, 100]",387,2,1,1,1,0,0,0,0,0,0,0,1.09768044949,1.0976804494857788,0,-195,-195,97,97,1,1,0,0,0,0,0,0,0,1.98201537132,1.982015371322632,0,5,5,-384,-384,315
04.png,02.png,05.png,dots2.png,08.png,07.png,01.png,03.png,26.png,"[-231, -72]","[219, 78]","[150, 100]","[-81, 78]","[69, 78]","[219, 228]","[-231, 78]","[-81, 228]","[69, 228]","[-231, 228]","[-81, -222]","[69, -222]","[219, -222]","[100, 100]","[-81, -72]","[69, -72]","[219, -72]","[-231, -222]",1,16,"[100, 100]","[100, 100]",dots,28.png,24.png,29.png,32.png,16.png,20.png,10.png,m,"[100, 100]","[100, 100]","[100, 100]","[100, 100]","[100, 100]","[100, 100]","[100, 100]","[100, 100]","[100, 100]","[100, 100]","[100, 100]","[0, -375]",ok.png,"[100, 100]","[100, 100]",388,2,1,1,1,0,0,0,0,0,0,0,1.51398730278,1.5139873027801514,0,174,174,223,223,1,1,0,0,0,0,0,0,0,0.548821926117,0.5488219261169434,0,35,35,-384,-384,334
01.png,12.png,dots2.png,23.png,10.png,02.png,28.png,13.png,08.png,"[-200, -63]","[250, 87]","[150, 100]","[-50, 87]","[100, 87]","[250, 237]","[-200, 87]","[-50, 237]","[100, 237]","[-200, 237]","[-50, -213]","[100, -213]","[250, -213]","[100, 100]","[-50, -63]","[100, -63]","[250, -63]","[-200, -213]",1,16,"[100, 100]","[100, 100]",dots,15.png,16.png,33.png,03.png,29.png,06.png,17.png,m,"[100, 100]","[100, 100]","[100, 100]","[100, 100]","[100, 100]","[100, 100]","[100, 100]","[100, 100]","[100, 100]","[100, 100]","[100, 100]","[0, -375]",ok.png,"[100, 100]","[100, 100]",389,2,1,1,1,0,0,0,0,0,0,0,0.880705058575,0.8807050585746765,0,108,108,226,226,1,1,0,0,0,0,0,0,0,0.882053375244,0.8820533752441406,0,16,16,-375,-375,338
24.png,dots2.png,03.png,07.png,13.png,17.png,23.png,27.png,33.png,"[-220, -72]","[230, 78]","[150, 100]","[-70, 78]","[80, 78]","[230, 228]","[-220, 78]","[-70, 228]","[80, 228]","[-220, 228]","[-70, -222]","[80, -222]","[230, -222]","[100, 100]","[-70, -72]","[80, -72]","[230, -72]","[-220, -222]",1,16,"[100, 100]","[100, 100]",dots,14.png,16.png,04.png,06.png,32.png,08.png,30.png,m,"[100, 100]","[100, 100]","[100, 100]","[100, 100]","[100, 100]","[100, 100]","[100, 100]","[100, 100]","[100, 100]","[100, 100]","[100, 100]","[0, -375]",ok.png,"[100, 100]","[100, 100]",390,2,1,1,1,0,0,0,0,0,0,0,1.63090133667,1.630901336669922,0,-87,-87,207,207,1,1,0,0,0,0,0,0,0,1.38184285164,1.381842851638794,0,-14,-14,-374,-374,160
dots2.png,17.png,07.png,14.png,27.png,33.png,23.png,24.png,04.png,"[-225, -88]","[225, 62]","[150, 100]","[-75, 62]","[75, 62]","[225, 212]","[-225, 62]","[-75, 212]","[75, 212]","[-225, 212]","[-75, -238]","[75, -238]","[225, -238]","[100, 100]","[-75, -88]","[75, -88]","[225, -88]","[-225, -238]",1,16,"[100, 100]","[100, 100]",dots,12.png,02.png,03.png,16.png,04.png,30.png,20.png,m,"[100, 100]","[100, 100]","[100, 100]","[100, 100]","[100, 100]","[100, 100]","[100, 100]","[100, 100]","[100, 100]","[100, 100]","[100, 100]","[0, -375]",ok.png,"[100, 100]","[100, 100]",391,2,1,1,1,0,0,0,0,0,0,0,1.29762589931,1.2976258993148804,0,-222,-222,197,197,1,1,0,0,0,0,0,0,0,1.4821087122,1.48210871219635,0,24,24,-385,-385,176
18.png,dots2.png,04.png,13.png,31.png,16.png,22.png,12.png,11.png,"[-225, -84]","[225, 66]","[150, 100]","[-75, 66]","[75, 66]","[225, 216]","[-225, 66]","[-75, 216]","[75, 216]","[-225, 216]","[-75, -234]","[75, -234]","[225, -234]","[100, 100]","[-75, -84]","[75, -84]","[225, -84]","[-225, -234]",1,16,"[100, 100]","[100, 100]",dots,25.png,09.png,32.png,02.png,03.png,29.png,19.png,m,"[100, 100]","[100, 100]","[100, 100]","[100, 100]","[100, 100]","[100, 100]","[100, 100]","[100, 100]","[100, 100]","[100, 100]","[100, 100]","[0, -375]",ok.png,"[100, 100]","[100, 100]",392,2,1,1,1,0,0,0,0,0,0,0,1.79731202126,1.7973120212554932,0,-71,-71,197,197,1,1,0,0,0,0,0,0,0,0.865433335304,0.8654333353042603,0,2,2,-356,-356,64
15.png,08.png,dots2.png,03.png,25.png,28.png,27.png,01.png,23.png,"[-243, -74]","[207, 76]","[150, 100]","[-93, 76]","[57, 76]","[207, 226]","[-243, 76]","[-93, 226]","[57, 226]","[-243, 226]","[-93, -224]","[57, -224]","[207, -224]","[100, 100]","[-93, -74]","[57, -74]","[207, -74]","[-243, -224]",1,16,"[100, 100]","[100, 100]",dots,21.png,05.png,07.png,30.png,16.png,11.png,13.png,m,"[100, 100]","[100, 100]","[100, 100]","[100, 100]","[100, 100]","[100, 100]","[100, 100]","[100, 100]","[100, 100]","[100, 100]","[100, 100]","[0, -375]",ok.png,"[100, 100]","[100, 100]",393,2,1,1,1,0,0,0,0,0,0,0,0.880843162537,0.8808431625366211,0,64,64,220,220,1,1,0,0,0,0,0,0,0,0.665512681007,0.6655126810073853,0,-5,-5,-358,-358,429
32.png,07.png,14.png,dots2.png,23.png,02.png,09.png,29.png,28.png,"[-212, -58]","[238, 92]","[150, 100]","[-62, 92]","[88, 92]","[238, 242]","[-212, 92]","[-62, 242]","[88, 242]","[-212, 242]","[-62, -208]","[88, -208]","[238, -208]","[100, 100]","[-62, -58]","[88, -58]","[238, -58]","[-212, -208]",1,16,"[100, 100]","[100, 100]",dots,20.png,17.png,16.png,05.png,06.png,15.png,21.png,m,"[100, 100]","[100, 100]","[100, 100]","[100, 100]","[100, 100]","[100, 100]","[100, 100]","[100, 100]","[100, 100]","[100, 100]","[100, 100]","[0, -375]",ok.png,"[100, 100]","[100, 100]",394,2,1,1,1,0,0,0,0,0,0,0,1.04851722717,1.0485172271728516,0,-196,-196,100,100,1,1,0,0,0,0,0,0,0,0.748596251011,0.7485962510108948,0,243,243,232,232,182
03.png,32.png,21.png,31.png,dots2.png,08.png,30.png,15.png,34.png,"[-206, -67]","[244, 83]","[150, 100]","[-56, 83]","[94, 83]","[244, 233]","[-206, 83]","[-56, 233]","[94, 233]","[-206, 233]","[-56, -217]","[94, -217]","[244, -217]","[100, 100]","[-56, -67]","[94, -67]","[244, -67]","[-206, -217]",1,16,"[100, 100]","[100, 100]",dots,12.png,28.png,19.png,17.png,06.png,01.png,11.png,m,"[100, 100]","[100, 100]","[100, 100]","[100, 100]","[100, 100]","[100, 100]","[100, 100]","[100, 100]","[100, 100]","[100, 100]","[100, 100]","[0, -375]",ok.png,"[100, 100]","[100, 100]",395,2,1,1,1,0,0,0,0,0,0,0,0.731072723866,0.731072723865509,0,-201,-201,83,83,1,1,0,0,0,0,0,0,0,1.04867506027,1.0486750602722168,0,-14,-14,-403,-403,375
28.png,22.png,16.png,13.png,10.png,dots2.png,09.png,07.png,27.png,"[-202, -90]","[248, 60]","[150, 100]","[-52, 60]","[98, 60]","[248, 210]","[-202, 60]","[-52, 210]","[98, 210]","[-202, 210]","[-52, -240]","[98, -240]","[248, -240]","[100, 100]","[-52, -90]","[98, -90]","[248, -90]","[-202, -240]",1,16,"[100, 100]","[100, 100]",dots,32.png,04.png,24.png,31.png,09.png,12.png,03.png,m,"[100, 100]","[100, 100]","[100, 100]","[100, 100]","[100, 100]","[100, 100]","[100, 100]","[100, 100]","[100, 100]","[100, 100]","[100, 100]","[0, -375]",ok.png,"[100, 100]","[100, 100]",396,2,1,1,1,0,0,0,0,0,0,0,1.2975320816,1.297532081604004,0,-47,-47,65,65,1,1,0,0,0,0,0,0,0,1.56572806835,1.5657280683517456,0,-7,-7,-381,-381,38
30.png,26.png,20.png,34.png,10.png,07.png,dots2.png,01.png,08.png,"[-228, -60]","[222, 90]","[150, 100]","[-78, 90]","[72, 90]","[222, 240]","[-228, 90]","[-78, 240]","[72, 240]","[-228, 240]","[-78, -210]","[72, -210]","[222, -210]","[100, 100]","[-78, -60]","[72, -60]","[222, -60]","[-228, -210]",1,16,"[100, 100]","[100, 100]",dots,33.png,12.png,05.png,19.png,18.png,25.png,14.png,m,"[100, 100]","[100, 100]","[100, 100]","[100, 100]","[100, 100]","[100, 100]","[100, 100]","[100, 100]","[100, 100]","[100, 100]","[100, 100]","[0, -375]",ok.png,"[100, 100]","[100, 100]",397,2,1,1,1,0,0,0,0,0,0,0,0.663928449154,0.6639284491539001,0,107,107,94,94,1,1,0,0,0,0,0,0,0,0.98202496767,0.9820249676704408,0,19,19,-314,-314,319
01.png,33.png,24.png,26.png,30.png,04.png,02.png,dots2.png,09.png,"[-247, -69]","[203, 81]","[150, 100]","[-97, 81]","[53, 81]","[203, 231]","[-247, 81]","[-97, 231]","[53, 231]","[-247, 231]","[-97, -219]","[53, -219]","[203, -219]","[100, 100]","[-97, -69]","[53, -69]","[203, -69]","[-247, -219]",1,16,"[100, 100]","[100, 100]",dots,21.png,18.png,25.png,14.png,11.png,17.png,13.png,m,"[100, 100]","[100, 100]","[100, 100]","[100, 100]","[100, 100]","[100, 100]","[100, 100]","[100, 100]","[100, 100]","[100, 100]","[100, 100]","[0, -375]",ok.png,"[100, 100]","[100, 100]",398,2,1,1,1,0,0,0,0,0,0,0,1.49800145626,1.4980014562606812,0,177,177,107,107,1,1,0,0,0,0,0,0,0,0.998936712742,0.9989367127418518,0,14,14,-342,-342,94
19.png,03.png,29.png,09.png,30.png,26.png,31.png,18.png,dots2.png,"[-217, -58]","[233, 92]","[150, 100]","[-67, 92]","[83, 92]","[233, 242]","[-217, 92]","[-67, 242]","[83, 242]","[-217, 242]","[-67, -208]","[83, -208]","[233, -208]","[100, 100]","[-67, -58]","[83, -58]","[233, -58]","[-217, -208]",1,16,"[100, 100]","[100, 100]",dots,11.png,20.png,22.png,07.png,08.png,10.png,14.png,m,"[100, 100]","[100, 100]","[100, 100]","[100, 100]","[100, 100]","[100, 100]","[100, 100]","[100, 100]","[100, 100]","[100, 100]","[100, 100]","[0, -375]",ok.png,"[100, 100]","[100, 100]",399,2,1,1,1,0,0,0,0,0,0,0,0.799100279808,0.7991002798080444,0,-205,-205,-55,-55,1,1,0,0,0,0,0,0,0,0.965353369713,0.9653533697128296,0,0,0,-339,-339,52
26.png,29.png,32.png,19.png,05.png,14.png,15.png,33.png,30.png,"[-223, -96]","[227, 54]","[150, 100]","[-73, 54]","[77, 54]","[227, 204]","[-223, 54]","[-73, 204]","[77, 204]","[-223, 204]","[-73, -246]","[77, -246]","[227, -246]","[100, 100]","[-73, -96]","[77, -96]","[227, -96]","[-223, -246]",1,16,"[100, 100]","[100, 100]",dots,23.png,11.png,dots2.png,21.png,31.png,13.png,03.png,m,"[100, 100]","[100, 100]","[100, 100]","[100, 100]","[100, 100]","[100, 100]","[100, 100]","[100, 100]","[100, 100]","[100, 100]","[100, 100]","[0, -375]",ok.png,"[100, 100]","[100, 100]",400,2,1,1,1,0,0,0,0,0,0,0,1.16415190697,1.164151906967163,0,-45,-45,-130,-130,1,1,0,0,0,0,0,0,0,1.06545042992,1.0654504299163818,0,-1,-1,-390,-390,213
tray1.png,01.png,02.png,03.png,04.png,05.png,06.png,07.png,08.png,"[-200, -61]","[250, 89]","[150, 100]","[-50, 89]","[100, 89]","[250, 239]","[-200, 89]","[-50, 239]","[100, 239]","[-200, 239]","[-50, -211]","[100, -211]","[250, -211]","[100, 100]","[-50, -61]","[100, -61]","[250, -61]","[-200, -211]",1,16,"[100, 100]","[100, 100]",both,11.png,12.png,09.png,10.png,dots1.png,13.png,14.png,m,"[100, 100]","[100, 100]","[100, 100]","[100, 100]","[100, 100]","[100, 100]","[100, 100]","[100, 100]","[100, 100]","[100, 100]","[100, 100]","[0, -375]",ok.png,"[100, 100]","[100, 100]",401,3,1,1,1,0,0,0,0,0,0,0,0.830747008324,0.8307470083236694,0,-265,-265,247,247,1,1,0,0,0,0,0,0,0,0.698465764523,0.6984657645225525,0,246,246,-189,-189,266
08.png,tray1.png,09.png,01.png,10.png,11.png,12.png,13.png,15.png,"[-221, -91]","[229, 59]","[150, 100]","[-71, 59]","[79, 59]","[229, 209]","[-221, 59]","[-71, 209]","[79, 209]","[-221, 209]","[-71, -241]","[79, -241]","[229, -241]","[100, 100]","[-71, -91]","[79, -91]","[229, -91]","[-221, -241]",1,16,"[100, 100]","[100, 100]",both,33.png,32.png,14.png,34.png,23.png,31.png,dots1.png,m,"[100, 100]","[100, 100]","[100, 100]","[100, 100]","[100, 100]","[100, 100]","[100, 100]","[100, 100]","[100, 100]","[100, 100]","[100, 100]","[0, -375]",ok.png,"[100, 100]","[100, 100]",402,3,1,1,1,0,0,0,0,0,0,0,0.847686171532,0.8476861715316772,0,73,73,-238,-238,1,1,0,0,0,0,0,0,0,0.748754799366,0.7487547993659973,0,-90,-90,203,203,198
05.png,06.png,tray1.png,15.png,16.png,17.png,18.png,19.png,20.png,"[-244, -89]","[206, 61]","[150, 100]","[-94, 61]","[56, 61]","[206, 211]","[-244, 61]","[-94, 211]","[56, 211]","[-244, 211]","[-94, -239]","[56, -239]","[206, -239]","[100, 100]","[-94, -89]","[56, -89]","[206, -89]","[-244, -239]",1,16,"[100, 100]","[100, 100]",both,23.png,24.png,21.png,22.png,27.png,dots1.png,30.png,m,"[100, 100]","[100, 100]","[100, 100]","[100, 100]","[100, 100]","[100, 100]","[100, 100]","[100, 100]","[100, 100]","[100, 100]","[100, 100]","[0, -375]",ok.png,"[100, 100]","[100, 100]",403,3,1,1,1,0,0,0,0,0,0,0,0.964197576046,0.96419757604599,0,39,39,225,225,1,1,0,0,0,0,0,0,0,0.565566539764,0.5655665397644043,0,-83,-83,-222,-222,234
22.png,23.png,24.png,tray1.png,03.png,12.png,25.png,26.png,02.png,"[-203, -80]","[247, 70]","[150, 100]","[-53, 70]","[97, 70]","[247, 220]","[-203, 70]","[-53, 220]","[97, 220]","[-203, 220]","[-53, -230]","[97, -230]","[247, -230]","[100, 100]","[-53, -80]","[97, -80]","[247, -80]","[-203, -230]",1,16,"[100, 100]","[100, 100]",both,28.png,dots1.png,08.png,27.png,32.png,30.png,31.png,m,"[100, 100]","[100, 100]","[100, 100]","[100, 100]","[100, 100]","[100, 100]","[100, 100]","[100, 100]","[100, 100]","[100, 100]","[100, 100]","[0, -375]",ok.png,"[100, 100]","[100, 100]",404,3,1,1,1,0,0,0,0,0,0,0,1.16403901577,1.1640390157699585,0,-176,-176,-232,-232,1,1,0,0,0,0,0,0,0,0.965359926224,0.9653599262237548,0,246,246,208,208,393
02.png,04.png,06.png,08.png,tray1.png,29.png,30.png,31.png,32.png,"[-213, -57]","[237, 93]","[150, 100]","[-63, 93]","[87, 93]","[237, 243]","[-213, 93]","[-63, 243]","[87, 243]","[-213, 243]","[-63, -207]","[87, -207]","[237, -207]","[100, 100]","[-63, -57]","[87, -57]","[237, -57]","[-213, -207]",1,16,"[100, 100]","[100, 100]",both,dots1.png,22.png,33.png,34.png,28.png,24.png,26.png,m,"[100, 100]","[100, 100]","[100, 100]","[100, 100]","[100, 100]","[100, 100]","[100, 100]","[100, 100]","[100, 100]","[100, 100]","[100, 100]","[0, -375]",ok.png,"[100, 100]","[100, 100]",405,3,1,1,1,0,0,0,0,0,0,0,0.764486312866,0.7644863128662109,0,238,238,-56,-56,1,1,0,0,0,0,0,0,0,1.01535892487,1.0153589248657229,0,-19,-19,-400,-400,360
01.png,34.png,07.png,27.png,04.png,tray1.png,11.png,26.png,06.png,"[-202, -78]","[248, 72]","[150, 100]","[-52, 72]","[98, 72]","[248, 222]","[-202, 72]","[-52, 222]","[98, 222]","[-202, 222]","[-52, -228]","[98, -228]","[248, -228]","[100, 100]","[-52, -78]","[98, -78]","[248, -78]","[-202, -228]",1,16,"[100, 100]","[100, 100]",both,29.png,17.png,15.png,dots1.png,32.png,23.png,30.png,m,"[100, 100]","[100, 100]","[100, 100]","[100, 100]","[100, 100]","[100, 100]","[100, 100]","[100, 100]","[100, 100]","[100, 100]","[100, 100]","[0, -375]",ok.png,"[100, 100]","[100, 100]",406,3,1,1,1,0,0,0,0,0,0,0,0.797508478165,0.7975084781646729,0,144,144,-76,-76,1,1,0,0,0,0,0,0,0,0.632215023041,0.6322150230407715,0,-29,-29,39,39,203
12.png,24.png,02.png,05.png,07.png,03.png,tray1.png,25.png,18.png,"[-211, -93]","[239, 57]","[150, 100]","[-61, 57]","[89, 57]","[239, 207]","[-211, 57]","[-61, 207]","[89, 207]","[-211, 207]","[-61, -243]","[89, -243]","[239, -243]","[100, 100]","[-61, -93]","[89, -93]","[239, -93]","[-211, -243]",1,16,"[100, 100]","[100, 100]",both,27.png,06.png,dots1.png,13.png,17.png,22.png,09.png,m,"[100, 100]","[100, 100]","[100, 100]","[100, 100]","[100, 100]","[100, 100]","[100, 100]","[100, 100]","[100, 100]","[100, 100]","[100, 100]","[0, -375]",ok.png,"[100, 100]","[100, 100]",407,3,1,1,1,0,0,0,0,0,0,0,1.08096003532,1.080960035324097,0,72,72,51,51,1,1,0,0,0,0,0,0,0,0.765379846096,0.7653798460960388,0,-71,-71,-101,-101,148
13.png,05.png,33.png,07.png,20.png,15.png,27.png,tray1.png,dots1.png,"[-216, -96]","[234, 54]","[150, 100]","[-66, 54]","[84, 54]","[234, 204]","[-216, 54]","[-66, 204]","[84, 204]","[-216, 204]","[-66, -246]","[84, -246]","[234, -246]","[100, 100]","[-66, -96]","[84, -96]","[234, -96]","[-216, -246]",1,16,"[100, 100]","[100, 100]",both,31.png,09.png,17.png,25.png,22.png,01.png,33.png,m,"[100, 100]","[100, 100]","[100, 100]","[100, 100]","[100, 100]","[100, 100]","[100, 100]","[100, 100]","[100, 100]","[100, 100]","[100, 100]","[0, -375]",ok.png,"[100, 100]","[100, 100]",408,3,1,1,1,0,0,0,0,0,0,0,0.797654807568,0.7976548075675964,0,235,235,67,67,1,1,0,0,0,0,0,0,0,0.49846419692,0.4984641969203949,0,-205,-205,-95,-95,286
07.png,10.png,13.png,16.png,02.png,08.png,04.png,dots1.png,tray1.png,"[-235, -86]","[215, 64]","[150, 100]","[-85, 64]","[65, 64]","[215, 214]","[-235, 64]","[-85, 214]","[65, 214]","[-235, 214]","[-85, -236]","[65, -236]","[215, -236]","[100, 100]","[-85, -86]","[65, -86]","[215, -86]","[-235, -236]",1,16,"[100, 100]","[100, 100]",both,27.png,21.png,29.png,23.png,33.png,25.png,31.png,m,"[100, 100]","[100, 100]","[100, 100]","[100, 100]","[100, 100]","[100, 100]","[100, 100]","[100, 100]","[100, 100]","[100, 100]","[100, 100]","[0, -375]",ok.png,"[100, 100]","[100, 100]",409,3,1,1,1,0,0,0,0,0,0,0,1.99761939049,1.997619390487671,0,169,169,60,60,1,1,0,0,0,0,0,0,0,0.965115845203,0.9651158452033995,0,-236,-236,-113,-113,200
09.png,07.png,05.png,03.png,14.png,16.png,dots1.png,20.png,22.png,"[-227, -73]","[223, 77]","[150, 100]","[-77, 77]","[73, 77]","[223, 227]","[-227, 77]","[-77, 227]","[73, 227]","[-227, 227]","[-77, -223]","[73, -223]","[223, -223]","[100, 100]","[-77, -73]","[73, -73]","[223, -73]","[-227, -223]",1,16,"[100, 100]","[100, 100]",both,26.png,21.png,tray1.png,24.png,30.png,27.png,32.png,m,"[100, 100]","[100, 100]","[100, 100]","[100, 100]","[100, 100]","[100, 100]","[100, 100]","[100, 100]","[100, 100]","[100, 100]","[100, 100]","[0, -375]",ok.png,"[100, 100]","[100, 100]",410,3,1,1,1,0,0,0,0,0,0,0,0.864274561405,0.8642745614051819,0,62,62,89,89,1,1,0,0,0,0,0,0,0,0.81528866291,0.8152886629104614,0,-76,-76,-62,-62,18
05.png,14.png,33.png,31.png,13.png,dots1.png,34.png,32.png,16.png,"[-211, -72]","[239, 78]","[150, 100]","[-61, 78]","[89, 78]","[239, 228]","[-211, 78]","[-61, 228]","[89, 228]","[-211, 228]","[-61, -222]","[89, -222]","[239, -222]","[100, 100]","[-61, -72]","[89, -72]","[239, -72]","[-211, -222]",1,16,"[100, 100]","[100, 100]",both,21.png,24.png,19.png,tray1.png,01.png,27.png,18.png,m,"[100, 100]","[100, 100]","[100, 100]","[100, 100]","[100, 100]","[100, 100]","[100, 100]","[100, 100]","[100, 100]","[100, 100]","[100, 100]","[0, -375]",ok.png,"[100, 100]","[100, 100]",411,3,1,1,1,0,0,0,0,0,0,0,0.730870902538,0.7308709025382996,0,-57,-57,97,97,1,1,0,0,0,0,0,0,0,0.515468776226,0.5154687762260437,0,71,71,-69,-69,332
10.png,15.png,20.png,25.png,dots1.png,24.png,04.png,17.png,21.png,"[-218, -68]","[232, 82]","[150, 100]","[-68, 82]","[82, 82]","[232, 232]","[-218, 82]","[-68, 232]","[82, 232]","[-218, 232]","[-68, -218]","[82, -218]","[232, -218]","[100, 100]","[-68, -68]","[82, -68]","[232, -68]","[-218, -218]",1,16,"[100, 100]","[100, 100]",both,tray1.png,18.png,16.png,11.png,34.png,08.png,27.png,m,"[100, 100]","[100, 100]","[100, 100]","[100, 100]","[100, 100]","[100, 100]","[100, 100]","[100, 100]","[100, 100]","[100, 100]","[100, 100]","[0, -375]",ok.png,"[100, 100]","[100, 100]",412,3,1,1,1,0,0,0,0,0,0,0,1.09762167931,1.0976216793060305,0,-206,-206,70,70,1,1,0,0,0,0,0,0,0,0.548676550388,0.5486765503883362,0,232,232,-63,-63,142
16.png,10.png,20.png,dots1.png,28.png,32.png,29.png,26.png,03.png,"[-224, -66]","[226, 84]","[150, 100]","[-74, 84]","[76, 84]","[226, 234]","[-224, 84]","[-74, 234]","[76, 234]","[-224, 234]","[-74, -216]","[76, -216]","[226, -216]","[100, 100]","[-74, -66]","[76, -66]","[226, -66]","[-224, -216]",1,16,"[100, 100]","[100, 100]",both,08.png,tray1.png,01.png,07.png,04.png,05.png,02.png,m,"[100, 100]","[100, 100]","[100, 100]","[100, 100]","[100, 100]","[100, 100]","[100, 100]","[100, 100]","[100, 100]","[100, 100]","[100, 100]","[0, -375]",ok.png,"[100, 100]","[100, 100]",413,3,1,1,1,0,0,0,0,0,0,0,1.36426484585,1.3642648458480835,0,-230,-230,-237,-237,1,1,0,0,0,0,0,0,0,0.432066112757,0.4320661127567291,0,-35,-35,-415,-415,363
29.png,17.png,dots1.png,16.png,15.png,03.png,33.png,08.png,13.png,"[-214, -99]","[236, 51]","[150, 100]","[-64, 51]","[86, 51]","[236, 201]","[-214, 51]","[-64, 201]","[86, 201]","[-214, 201]","[-64, -249]","[86, -249]","[236, -249]","[100, 100]","[-64, -99]","[86, -99]","[236, -99]","[-214, -249]",1,16,"[100, 100]","[100, 100]",both,10.png,23.png,28.png,02.png,01.png,tray1.png,12.png,m,"[100, 100]","[100, 100]","[100, 100]","[100, 100]","[100, 100]","[100, 100]","[100, 100]","[100, 100]","[100, 100]","[100, 100]","[100, 100]","[0, -375]",ok.png,"[100, 100]","[100, 100]",414,3,1,1,1,0,0,0,0,0,0,0,0.947597980499,0.9475979804992676,0,97,97,215,215,1,1,0,0,0,0,0,0,0,0.598679542542,0.5986795425415039,0,-66,-66,-223,-223,133
32.png,dots1.png,08.png,16.png,14.png,06.png,04.png,33.png,27.png,"[-246, -77]","[204, 73]","[150, 100]","[-96, 73]","[54, 73]","[204, 223]","[-246, 73]","[-96, 223]","[54, 223]","[-246, 223]","[-96, -227]","[54, -227]","[204, -227]","[100, 100]","[-96, -77]","[54, -77]","[204, -77]","[-246, -227]",1,16,"[100, 100]","[100, 100]",both,13.png,07.png,23.png,17.png,24.png,03.png,tray1.png,m,"[100, 100]","[100, 100]","[100, 100]","[100, 100]","[100, 100]","[100, 100]","[100, 100]","[100, 100]","[100, 100]","[100, 100]","[100, 100]","[0, -375]",ok.png,"[100, 100]","[100, 100]",415,3,1,1,1,0,0,0,0,0,0,0,1.86436867714,1.8643686771392824,0,58,58,-196,-196,1,1,0,0,0,0,0,0,0,0.798588633537,0.7985886335372925,0,-98,-98,196,196,115
dots1.png,20.png,30.png,02.png,12.png,16.png,03.png,04.png,24.png,"[-226, -88]","[224, 62]","[150, 100]","[-76, 62]","[74, 62]","[224, 212]","[-226, 62]","[-76, 212]","[74, 212]","[-226, 212]","[-76, -238]","[74, -238]","[224, -238]","[100, 100]","[-76, -88]","[74, -88]","[224, -88]","[-226, -238]",1,16,"[100, 100]","[100, 100]",both,27.png,14.png,23.png,33.png,tray1.png,07.png,17.png,m,"[100, 100]","[100, 100]","[100, 100]","[100, 100]","[100, 100]","[100, 100]","[100, 100]","[100, 100]","[100, 100]","[100, 100]","[100, 100]","[0, -375]",ok.png,"[100, 100]","[100, 100]",416,3,1,1,1,0,0,0,0,0,0,0,1.7474874258,1.7474874258041382,0,218,218,-186,-186,1,1,0,0,0,0,0,0,0,0.615353107452,0.6153531074523926,0,-200,-200,218,218,327
03.png,dots1.png,29.png,09.png,25.png,02.png,32.png,11.png,12.png,"[-220, -51]","[230, 99]","[150, 100]","[-70, 99]","[80, 99]","[230, 249]","[-220, 99]","[-70, 249]","[80, 249]","[-220, 249]","[-70, -201]","[80, -201]","[230, -201]","[100, 100]","[-70, -51]","[80, -51]","[230, -51]","[-220, -201]",1,16,"[100, 100]","[100, 100]",both,31.png,13.png,22.png,16.png,18.png,04.png,tray1.png,m,"[100, 100]","[100, 100]","[100, 100]","[100, 100]","[100, 100]","[100, 100]","[100, 100]","[100, 100]","[100, 100]","[100, 100]","[100, 100]","[0, -375]",ok.png,"[100, 100]","[100, 100]",417,3,1,1,1,0,0,0,0,0,0,0,1.54742503166,1.5474250316619873,0,79,79,-199,-199,1,1,0,0,0,0,0,0,0,0.582517266273,0.5825172662734985,0,-50,-50,254,254,32
16.png,13.png,dots1.png,05.png,21.png,30.png,07.png,23.png,01.png,"[-202, -97]","[248, 53]","[150, 100]","[-52, 53]","[98, 53]","[248, 203]","[-202, 53]","[-52, 203]","[98, 203]","[-202, 203]","[-52, -247]","[98, -247]","[248, -247]","[100, 100]","[-52, -97]","[98, -97]","[248, -97]","[-202, -247]",1,16,"[100, 100]","[100, 100]",both,25.png,03.png,27.png,28.png,15.png,tray1.png,08.png,m,"[100, 100]","[100, 100]","[100, 100]","[100, 100]","[100, 100]","[100, 100]","[100, 100]","[100, 100]","[100, 100]","[100, 100]","[100, 100]","[0, -375]",ok.png,"[100, 100]","[100, 100]",418,3,1,1,1,0,0,0,0,0,0,0,1.01431024075,1.0143102407455444,0,79,79,237,237,1,1,0,0,0,0,0,0,0,0.998681366444,0.998681366443634,0,-32,-32,-235,-235,374
06.png,21.png,15.png,dots1.png,20.png,05.png,16.png,28.png,29.png,"[-205, -54]","[245, 96]","[150, 100]","[-55, 96]","[95, 96]","[245, 246]","[-205, 96]","[-55, 246]","[95, 246]","[-205, 246]","[-55, -204]","[95, -204]","[245, -204]","[100, 100]","[-55, -54]","[95, -54]","[245, -54]","[-205, -204]",1,16,"[100, 100]","[100, 100]",both,23.png,tray1.png,09.png,02.png,32.png,14.png,07.png,m,"[100, 100]","[100, 100]","[100, 100]","[100, 100]","[100, 100]","[100, 100]","[100, 100]","[100, 100]","[100, 100]","[100, 100]","[100, 100]","[0, -375]",ok.png,"[100, 100]","[100, 100]",419,3,1,1,1,0,0,0,0,0,0,0,1.31429290771,1.3142929077148438,0,-209,-209,-199,-199,1,1,0,0,0,0,0,0,0,0.882034242153,0.8820342421531677,0,230,230,252,252,177
06.png,11.png,01.png,28.png,dots1.png,17.png,19.png,34.png,15.png,"[-203, -69]","[247, 81]","[150, 100]","[-53, 81]","[97, 81]","[247, 231]","[-203, 81]","[-53, 231]","[97, 231]","[-203, 231]","[-53, -219]","[97, -219]","[247, -219]","[100, 100]","[-53, -69]","[97, -69]","[247, -69]","[-203, -219]",1,16,"[100, 100]","[100, 100]",both,tray1.png,31.png,30.png,08.png,03.png,21.png,32.png,m,"[100, 100]","[100, 100]","[100, 100]","[100, 100]","[100, 100]","[100, 100]","[100, 100]","[100, 100]","[100, 100]","[100, 100]","[100, 100]","[0, -375]",ok.png,"[100, 100]","[100, 100]",420,3,1,1,1,0,0,0,0,0,0,0,0.747504234314,0.7475042343139648,0,-201,-201,111,111,1,1,0,0,0,0,0,0,0,0.698806345463,0.6988063454627991,0,238,238,-60,-60,372
09.png,03.png,12.png,04.png,32.png,dots1.png,24.png,27.png,07.png,"[-234, -72]","[216, 78]","[150, 100]","[-84, 78]","[66, 78]","[216, 228]","[-234, 78]","[-84, 228]","[66, 228]","[-234, 228]","[-84, -222]","[66, -222]","[216, -222]","[100, 100]","[-84, -72]","[66, -72]","[216, -72]","[-234, -222]",1,16,"[100, 100]","[100, 100]",both,10.png,13.png,09.png,tray1.png,28.png,16.png,22.png,m,"[100, 100]","[100, 100]","[100, 100]","[100, 100]","[100, 100]","[100, 100]","[100, 100]","[100, 100]","[100, 100]","[100, 100]","[100, 100]","[0, -375]",ok.png,"[100, 100]","[100, 100]",421,3,1,1,1,0,0,0,0,0,0,0,0.864027142525,0.8640271425247192,0,-80,-80,74,74,1,1,0,0,0,0,0,0,0,0.665893495083,0.6658934950828552,0,89,89,-67,-67,33
18.png,14.png,25.png,12.png,33.png,19.png,dots1.png,08.png,01.png,"[-230, -58]","[220, 92]","[150, 100]","[-80, 92]","[70, 92]","[220, 242]","[-230, 92]","[-80, 242]","[70, 242]","[-230, 242]","[-80, -208]","[70, -208]","[220, -208]","[100, 100]","[-80, -58]","[70, -58]","[220, -58]","[-230, -208]",1,16,"[100, 100]","[100, 100]",both,10.png,34.png,tray1.png,07.png,30.png,20.png,26.png,m,"[100, 100]","[100, 100]","[100, 100]","[100, 100]","[100, 100]","[100, 100]","[100, 100]","[100, 100]","[100, 100]","[100, 100]","[100, 100]","[0, -375]",ok.png,"[100, 100]","[100, 100]",422,3,1,1,1,0,0,0,0,0,0,0,0.69756436348,0.6975643634796143,0,58,58,112,112,1,1,0,0,0,0,0,0,0,0.815336883068,0.8153368830680847,0,-82,-82,-72,-72,328
11.png,13.png,17.png,18.png,21.png,14.png,25.png,dots1.png,tray1.png,"[-245, -92]","[205, 58]","[150, 100]","[-95, 58]","[55, 58]","[205, 208]","[-245, 58]","[-95, 208]","[55, 208]","[-245, 208]","[-95, -242]","[55, -242]","[205, -242]","[100, 100]","[-95, -92]","[55, -92]","[205, -92]","[-245, -242]",1,16,"[100, 100]","[100, 100]",both,30.png,26.png,02.png,04.png,01.png,24.png,33.png,m,"[100, 100]","[100, 100]","[100, 100]","[100, 100]","[100, 100]","[100, 100]","[100, 100]","[100, 100]","[100, 100]","[100, 100]","[100, 100]","[0, -375]",ok.png,"[100, 100]","[100, 100]",423,3,1,1,1,0,0,0,0,0,0,0,1.26423180103,1.26423180103302,0,206,206,47,47,1,1,0,0,0,0,0,0,0,0.782158136368,0.7821581363677979,0,-216,-216,-72,-72,81
08.png,14.png,10.png,20.png,11.png,07.png,22.png,tray1.png,dots1.png,"[-241, -69]","[209, 81]","[150, 100]","[-91, 81]","[59, 81]","[209, 231]","[-241, 81]","[-91, 231]","[59, 231]","[-241, 231]","[-91, -219]","[59, -219]","[209, -219]","[100, 100]","[-91, -69]","[59, -69]","[209, -69]","[-241, -219]",1,16,"[100, 100]","[100, 100]",both,30.png,09.png,31.png,26.png,19.png,29.png,03.png,m,"[100, 100]","[100, 100]","[100, 100]","[100, 100]","[100, 100]","[100, 100]","[100, 100]","[100, 100]","[100, 100]","[100, 100]","[100, 100]","[0, -375]",ok.png,"[100, 100]","[100, 100]",424,3,1,1,1,0,0,0,0,0,0,0,0.897412657738,0.8974126577377319,0,-221,-221,-73,-73,1,1,0,0,0,0,0,0,0,0.78222322464,0.7822232246398926,0,199,199,94,94,349
31.png,03.png,13.png,11.png,23.png,21.png,tray1.png,30.png,33.png,"[-217, -60]","[233, 90]","[150, 100]","[-67, 90]","[83, 90]","[233, 240]","[-217, 90]","[-67, 240]","[83, 240]","[-217, 240]","[-67, -210]","[83, -210]","[233, -210]","[100, 100]","[-67, -60]","[83, -60]","[233, -60]","[-217, -210]",1,16,"[100, 100]","[100, 100]",both,05.png,19.png,dots1.png,14.png,26.png,32.png,29.png,m,"[100, 100]","[100, 100]","[100, 100]","[100, 100]","[100, 100]","[100, 100]","[100, 100]","[100, 100]","[100, 100]","[100, 100]","[100, 100]","[0, -375]",ok.png,"[100, 100]","[100, 100]",425,3,1,1,1,0,0,0,0,0,0,0,0.814309597015,0.8143095970153809,0,-81,-81,-55,-55,1,1,0,0,0,0,0,0,0,0.682099699974,0.6820996999740601,0,62,62,100,100,251
dots2.png,14.png,13.png,12.png,11.png,10.png,09.png,08.png,07.png,"[-229, -82]","[221, 68]","[150, 100]","[-79, 68]","[71, 68]","[221, 218]","[-229, 68]","[-79, 218]","[71, 218]","[-229, 218]","[-79, -232]","[71, -232]","[221, -232]","[100, 100]","[-79, -82]","[71, -82]","[221, -82]","[-229, -232]",1,16,"[100, 100]","[100, 100]",both,04.png,03.png,06.png,05.png,tray2.png,02.png,01.png,m,"[100, 100]","[100, 100]","[100, 100]","[100, 100]","[100, 100]","[100, 100]","[100, 100]","[100, 100]","[100, 100]","[100, 100]","[100, 100]","[0, -375]",ok.png,"[100, 100]","[100, 100]",426,3,1,1,1,0,0,0,0,0,0,0,0.964107096195,0.964107096195221,0,-222,-222,240,240,1,1,0,0,0,0,0,0,0,1.26529347897,1.2652934789657593,0,197,197,-228,-228,172
23.png,dots2.png,31.png,32.png,33.png,34.png,14.png,15.png,13.png,"[-236, -77]","[214, 73]","[150, 100]","[-86, 73]","[64, 73]","[214, 223]","[-236, 73]","[-86, 223]","[64, 223]","[-236, 223]","[-86, -227]","[64, -227]","[214, -227]","[100, 100]","[-86, -77]","[64, -77]","[214, -77]","[-236, -227]",1,16,"[100, 100]","[100, 100]",both,10.png,01.png,12.png,11.png,08.png,09.png,tray2.png,m,"[100, 100]","[100, 100]","[100, 100]","[100, 100]","[100, 100]","[100, 100]","[100, 100]","[100, 100]","[100, 100]","[100, 100]","[100, 100]","[0, -375]",ok.png,"[100, 100]","[100, 100]",427,3,1,1,1,0,0,0,0,0,0,0,1.31417107582,1.3141710758209229,0,67,67,-218,-218,1,1,0,0,0,0,0,0,0,0.415342628956,0.41534262895584106,0,-81,-81,243,243,154
27.png,30.png,dots2.png,24.png,23.png,22.png,21.png,20.png,19.png,"[-202, -77]","[248, 73]","[150, 100]","[-52, 73]","[98, 73]","[248, 223]","[-202, 73]","[-52, 223]","[98, 223]","[-202, 223]","[-52, -227]","[98, -227]","[248, -227]","[100, 100]","[-52, -77]","[98, -77]","[248, -77]","[-202, -227]",1,16,"[100, 100]","[100, 100]",both,16.png,15.png,18.png,17.png,05.png,tray2.png,06.png,m,"[100, 100]","[100, 100]","[100, 100]","[100, 100]","[100, 100]","[100, 100]","[100, 100]","[100, 100]","[100, 100]","[100, 100]","[100, 100]","[0, -375]",ok.png,"[100, 100]","[100, 100]",428,3,1,1,1,0,0,0,0,0,0,0,1.647133708,1.647133708000183,0,126,126,220,220,1,1,0,0,0,0,0,0,0,0.565671563148,0.5656715631484985,0,-59,-59,-230,-230,185
33.png,32.png,30.png,dots2.png,08.png,02.png,31.png,27.png,26.png,"[-217, -96]","[233, 54]","[150, 100]","[-67, 54]","[83, 54]","[233, 204]","[-217, 54]","[-67, 204]","[83, 204]","[-217, 204]","[-67, -246]","[83, -246]","[233, -246]","[100, 100]","[-67, -96]","[83, -96]","[233, -96]","[-217, -246]",1,16,"[100, 100]","[100, 100]",both,03.png,tray2.png,28.png,12.png,22.png,24.png,23.png,m,"[100, 100]","[100, 100]","[100, 100]","[100, 100]","[100, 100]","[100, 100]","[100, 100]","[100, 100]","[100, 100]","[100, 100]","[100, 100]","[0, -375]",ok.png,"[100, 100]","[100, 100]",429,3,1,1,1,0,0,0,0,0,0,0,2.01400256157,2.014002561569214,0,217,217,184,184,1,1,0,0,0,0,0,0,0,0.582163512707,0.5821635127067566,0,-181,-181,-215,-215,41
28.png,26.png,24.png,22.png,dots2.png,34.png,33.png,32.png,31.png,"[-245, -98]","[205, 52]","[150, 100]","[-95, 52]","[55, 52]","[205, 202]","[-245, 52]","[-95, 202]","[55, 202]","[-245, 202]","[-95, -248]","[55, -248]","[205, -248]","[100, 100]","[-95, -98]","[55, -98]","[205, -98]","[-245, -248]",1,16,"[100, 100]","[100, 100]",both,tray2.png,08.png,30.png,29.png,02.png,06.png,04.png,m,"[100, 100]","[100, 100]","[100, 100]","[100, 100]","[100, 100]","[100, 100]","[100, 100]","[100, 100]","[100, 100]","[100, 100]","[100, 100]","[0, -375]",ok.png,"[100, 100]","[100, 100]",430,3,1,1,1,0,0,0,0,0,0,0,0.964259326458,0.9642593264579772,0,-243,-243,60,60,1,1,0,0,0,0,0,0,0,0.732050478458,0.7320504784584045,0,181,181,-106,-106,147
32.png,30.png,23.png,17.png,29.png,dots2.png,15.png,06.png,26.png,"[-248, -92]","[202, 58]","[150, 100]","[-98, 58]","[52, 58]","[202, 208]","[-248, 58]","[-98, 208]","[52, 208]","[-248, 208]","[-98, -242]","[52, -242]","[202, -242]","[100, 100]","[-98, -92]","[52, -92]","[202, -92]","[-248, -242]",1,16,"[100, 100]","[100, 100]",both,04.png,27.png,11.png,tray2.png,01.png,07.png,34.png,m,"[100, 100]","[100, 100]","[100, 100]","[100, 100]","[100, 100]","[100, 100]","[100, 100]","[100, 100]","[100, 100]","[100, 100]","[100, 100]","[0, -375]",ok.png,"[100, 100]","[100, 100]",431,3,1,1,1,0,0,0,0,0,0,0,0.73125576973,0.7312557697296143,0,57,57,-86,-86,1,1,0,0,0,0,0,0,0,0.932523727417,0.9325237274169922,0,-88,-88,6,6,208
17.png,09.png,22.png,06.png,27.png,13.png,dots2.png,18.png,25.png,"[-229, -76]","[221, 74]","[150, 100]","[-79, 74]","[71, 74]","[221, 224]","[-229, 74]","[-79, 224]","[71, 224]","[-229, 224]","[-79, -226]","[71, -226]","[221, -226]","[100, 100]","[-79, -76]","[71, -76]","[221, -76]","[-229, -226]",1,16,"[100, 100]","[100, 100]",both,07.png,05.png,tray2.png,03.png,12.png,02.png,24.png,m,"[100, 100]","[100, 100]","[100, 100]","[100, 100]","[100, 100]","[100, 100]","[100, 100]","[100, 100]","[100, 100]","[100, 100]","[100, 100]","[0, -375]",ok.png,"[100, 100]","[100, 100]",432,3,1,1,1,0,0,0,0,0,0,0,0.54746234417,0.5474623441696167,0,46,46,103,103,1,1,0,0,0,0,0,0,0,0.715662956238,0.715662956237793,0,-53,-53,-93,-93,356
22.png,33.png,01.png,09.png,31.png,25.png,17.png,dots2.png,tray2.png,"[-226, -86]","[224, 64]","[150, 100]","[-76, 64]","[74, 64]","[224, 214]","[-226, 64]","[-76, 214]","[74, 214]","[-226, 214]","[-76, -236]","[74, -236]","[224, -236]","[100, 100]","[-76, -86]","[74, -86]","[224, -86]","[-226, -236]",1,16,"[100, 100]","[100, 100]",both,20.png,07.png,27.png,15.png,13.png,33.png,05.png,m,"[100, 100]","[100, 100]","[100, 100]","[100, 100]","[100, 100]","[100, 100]","[100, 100]","[100, 100]","[100, 100]","[100, 100]","[100, 100]","[0, -375]",ok.png,"[100, 100]","[100, 100]",433,3,1,1,1,0,0,0,0,0,0,0,0.914311230183,0.9143112301826476,0,-240,-240,-89,-89,1,1,0,0,0,0,0,0,0,0.731878042221,0.7318780422210693,0,212,212,103,103,281
33.png,31.png,25.png,21.png,27.png,23.png,29.png,tray2.png,dots2.png,"[-215, -92]","[235, 58]","[150, 100]","[-65, 58]","[85, 58]","[235, 208]","[-215, 58]","[-65, 208]","[85, 208]","[-215, 208]","[-65, -242]","[85, -242]","[235, -242]","[100, 100]","[-65, -92]","[85, -92]","[235, -92]","[-215, -242]",1,16,"[100, 100]","[100, 100]",both,02.png,16.png,04.png,08.png,07.png,13.png,10.png,m,"[100, 100]","[100, 100]","[100, 100]","[100, 100]","[100, 100]","[100, 100]","[100, 100]","[100, 100]","[100, 100]","[100, 100]","[100, 100]","[0, -375]",ok.png,"[100, 100]","[100, 100]",434,3,1,1,1,0,0,0,0,0,0,0,1.64757764339,1.6475776433944702,0,215,215,67,67,1,1,0,0,0,0,0,0,0,0.898682713509,0.898682713508606,0,-193,-193,-85,-85,75
30.png,32.png,27.png,21.png,26.png,24.png,tray2.png,22.png,20.png,"[-212, -72]","[238, 78]","[150, 100]","[-62, 78]","[88, 78]","[238, 228]","[-212, 78]","[-62, 228]","[88, 228]","[-212, 228]","[-62, -222]","[88, -222]","[238, -222]","[100, 100]","[-62, -72]","[88, -72]","[238, -72]","[-212, -222]",1,16,"[100, 100]","[100, 100]",both,14.png,03.png,dots2.png,16.png,09.png,05.png,07.png,m,"[100, 100]","[100, 100]","[100, 100]","[100, 100]","[100, 100]","[100, 100]","[100, 100]","[100, 100]","[100, 100]","[100, 100]","[100, 100]","[0, -375]",ok.png,"[100, 100]","[100, 100]",435,3,1,1,1,0,0,0,0,0,0,0,0.764165937901,0.7641659379005432,0,78,78,77,77,1,1,0,0,0,0,0,0,0,0.415280520916,0.4152805209159851,0,-66,-66,-77,-77,329
01.png,18.png,27.png,24.png,21.png,tray2.png,19.png,16.png,32.png,"[-218, -96]","[232, 54]","[150, 100]","[-68, 54]","[82, 54]","[232, 204]","[-218, 54]","[-68, 204]","[82, 204]","[-218, 204]","[-68, -246]","[82, -246]","[232, -246]","[100, 100]","[-68, -96]","[82, -96]","[232, -96]","[-218, -246]",1,16,"[100, 100]","[100, 100]",both,13.png,31.png,34.png,dots2.png,05.png,33.png,14.png,m,"[100, 100]","[100, 100]","[100, 100]","[100, 100]","[100, 100]","[100, 100]","[100, 100]","[100, 100]","[100, 100]","[100, 100]","[100, 100]","[0, -375]",ok.png,"[100, 100]","[100, 100]",436,3,1,1,1,0,0,0,0,0,0,0,0.714164972305,0.7141649723052979,0,-78,-78,31,31,1,1,0,0,0,0,0,0,0,1.21544909477,1.2154490947723389,0,53,53,-105,-105,175
34.png,27.png,08.png,18.png,tray2.png,11.png,16.png,21.png,17.png,"[-204, -84]","[246, 66]","[150, 100]","[-54, 66]","[96, 66]","[246, 216]","[-204, 66]","[-54, 216]","[96, 216]","[-204, 216]","[-54, -234]","[96, -234]","[246, -234]","[100, 100]","[-54, -84]","[96, -84]","[246, -84]","[-204, -234]",1,16,"[100, 100]","[100, 100]",both,dots2.png,25.png,04.png,24.png,10.png,20.png,15.png,m,"[100, 100]","[100, 100]","[100, 100]","[100, 100]","[100, 100]","[100, 100]","[100, 100]","[100, 100]","[100, 100]","[100, 100]","[100, 100]","[0, -375]",ok.png,"[100, 100]","[100, 100]",437,3,1,1,1,0,0,0,0,0,0,0,0.814299702644,0.8142997026443481,0,259,259,-50,-50,1,1,0,0,0,0,0,0,0,1.14868104458,1.1486810445785522,0,-203,-203,134,134,386
04.png,02.png,05.png,tray2.png,08.png,07.png,01.png,03.png,26.png,"[-207, -65]","[243, 85]","[150, 100]","[-57, 85]","[93, 85]","[243, 235]","[-207, 85]","[-57, 235]","[93, 235]","[-207, 235]","[-57, -215]","[93, -215]","[243, -215]","[100, 100]","[-57, -65]","[93, -65]","[243, -65]","[-207, -215]",1,16,"[100, 100]","[100, 100]",both,28.png,dots2.png,29.png,32.png,16.png,20.png,10.png,m,"[100, 100]","[100, 100]","[100, 100]","[100, 100]","[100, 100]","[100, 100]","[100, 100]","[100, 100]","[100, 100]","[100, 100]","[100, 100]","[0, -375]",ok.png,"[100, 100]","[100, 100]",438,3,1,1,1,0,0,0,0,0,0,0,1.14761412144,1.1476141214370728,0,232,232,220,220,1,1,0,0,0,0,0,0,0,0.998739182949,0.9987391829490662,0,3,3,-382,-382,111
01.png,12.png,tray2.png,23.png,10.png,02.png,28.png,13.png,08.png,"[-208, -68]","[242, 82]","[150, 100]","[-58, 82]","[92, 82]","[242, 232]","[-208, 82]","[-58, 232]","[92, 232]","[-208, 232]","[-58, -218]","[92, -218]","[242, -218]","[100, 100]","[-58, -68]","[92, -68]","[242, -68]","[-208, -218]",1,16,"[100, 100]","[100, 100]",both,15.png,16.png,33.png,03.png,29.png,dots2.png,17.png,m,"[100, 100]","[100, 100]","[100, 100]","[100, 100]","[100, 100]","[100, 100]","[100, 100]","[100, 100]","[100, 100]","[100, 100]","[100, 100]","[0, -375]",ok.png,"[100, 100]","[100, 100]",439,3,1,1,1,0,0,0,0,0,0,0,0.897499203682,0.8974992036819458,0,85,85,247,247,1,1,0,0,0,0,0,0,0,0.548762798309,0.5487627983093262,0,-65,-65,-243,-243,90
24.png,tray2.png,03.png,07.png,13.png,17.png,23.png,27.png,33.png,"[-206, -61]","[244, 89]","[150, 100]","[-56, 89]","[94, 89]","[244, 239]","[-206, 89]","[-56, 239]","[94, 239]","[-206, 239]","[-56, -211]","[94, -211]","[244, -211]","[100, 100]","[-56, -61]","[94, -61]","[244, -61]","[-206, -211]",1,16,"[100, 100]","[100, 100]",both,14.png,16.png,04.png,06.png,32.png,08.png,dots2.png,m,"[100, 100]","[100, 100]","[100, 100]","[100, 100]","[100, 100]","[100, 100]","[100, 100]","[100, 100]","[100, 100]","[100, 100]","[100, 100]","[0, -375]",ok.png,"[100, 100]","[100, 100]",440,3,1,1,1,0,0,0,0,0,0,0,1.29731082916,1.2973108291625977,0,76,76,-215,-215,1,1,0,0,0,0,0,0,0,0.498795181513,0.49879518151283264,0,-62,-62,247,247,207
tray2.png,17.png,07.png,14.png,27.png,33.png,23.png,24.png,04.png,"[-220, -84]","[230, 66]","[150, 100]","[-70, 66]","[80, 66]","[230, 216]","[-220, 66]","[-70, 216]","[80, 216]","[-220, 216]","[-70, -234]","[80, -234]","[230, -234]","[100, 100]","[-70, -84]","[80, -84]","[230, -84]","[-220, -234]",1,16,"[100, 100]","[100, 100]",both,12.png,02.png,03.png,16.png,dots2.png,30.png,20.png,m,"[100, 100]","[100, 100]","[100, 100]","[100, 100]","[100, 100]","[100, 100]","[100, 100]","[100, 100]","[100, 100]","[100, 100]","[100, 100]","[0, -375]",ok.png,"[100, 100]","[100, 100]",441,3,1,1,1,0,0,0,0,0,0,0,1.36421000957,1.36421000957489,0,-238,-238,221,221,1,1,0,0,0,0,0,0,0,1.51534819603,1.515348196029663,0,0,0,-390,-390,422
18.png,tray2.png,04.png,13.png,31.png,16.png,22.png,12.png,11.png,"[-201, -53]","[249, 97]","[150, 100]","[-51, 97]","[99, 97]","[249, 247]","[-201, 97]","[-51, 247]","[99, 247]","[-201, 247]","[-51, -203]","[99, -203]","[249, -203]","[100, 100]","[-51, -53]","[99, -53]","[249, -53]","[-201, -203]",1,16,"[100, 100]","[100, 100]",both,25.png,09.png,32.png,02.png,03.png,29.png,dots2.png,m,"[100, 100]","[100, 100]","[100, 100]","[100, 100]","[100, 100]","[100, 100]","[100, 100]","[100, 100]","[100, 100]","[100, 100]","[100, 100]","[0, -375]",ok.png,"[100, 100]","[100, 100]",442,3,1,1,1,0,0,0,0,0,0,0,1.04755759239,1.0475575923919678,0,-44,-44,247,247,1,1,0,0,0,0,0,0,0,0.715351462364,0.7153514623641968,0,112,112,-173,-173,58
15.png,08.png,tray2.png,03.png,25.png,28.png,27.png,01.png,23.png,"[-204, -76]","[246, 74]","[150, 100]","[-54, 74]","[96, 74]","[246, 224]","[-204, 74]","[-54, 224]","[96, 224]","[-204, 224]","[-54, -226]","[96, -226]","[246, -226]","[100, 100]","[-54, -76]","[96, -76]","[246, -76]","[-204, -226]",1,16,"[100, 100]","[100, 100]",both,21.png,05.png,07.png,30.png,16.png,dots2.png,13.png,m,"[100, 100]","[100, 100]","[100, 100]","[100, 100]","[100, 100]","[100, 100]","[100, 100]","[100, 100]","[100, 100]","[100, 100]","[100, 100]","[0, -375]",ok.png,"[100, 100]","[100, 100]",443,3,1,1,1,0,0,0,0,0,0,0,0.831016898155,0.8310168981552124,0,83,83,223,223,1,1,0,0,0,0,0,0,0,0.532038629055,0.5320386290550232,0,-30,-30,-197,-197,381
32.png,07.png,14.png,tray2.png,23.png,02.png,09.png,29.png,28.png,"[-228, -64]","[222, 86]","[150, 100]","[-78, 86]","[72, 86]","[222, 236]","[-228, 86]","[-78, 236]","[72, 236]","[-228, 236]","[-78, -214]","[72, -214]","[222, -214]","[100, 100]","[-78, -64]","[72, -64]","[222, -64]","[-228, -214]",1,16,"[100, 100]","[100, 100]",both,20.png,dots2.png,16.png,05.png,06.png,15.png,21.png,m,"[100, 100]","[100, 100]","[100, 100]","[100, 100]","[100, 100]","[100, 100]","[100, 100]","[100, 100]","[100, 100]","[100, 100]","[100, 100]","[0, -375]",ok.png,"[100, 100]","[100, 100]",444,3,1,1,1,0,0,0,0,0,0,0,1.46407854557,1.4640785455703735,0,-215,-215,-206,-206,1,1,0,0,0,0,0,0,0,0.565596282482,0.5655962824821472,0,207,207,244,244,391
03.png,32.png,21.png,31.png,tray2.png,08.png,30.png,15.png,34.png,"[-245, -92]","[205, 58]","[150, 100]","[-95, 58]","[55, 58]","[205, 208]","[-245, 58]","[-95, 208]","[55, 208]","[-245, 208]","[-95, -242]","[55, -242]","[205, -242]","[100, 100]","[-95, -92]","[55, -92]","[205, -92]","[-245, -242]",1,16,"[100, 100]","[100, 100]",both,dots2.png,28.png,19.png,17.png,06.png,01.png,11.png,m,"[100, 100]","[100, 100]","[100, 100]","[100, 100]","[100, 100]","[100, 100]","[100, 100]","[100, 100]","[100, 100]","[100, 100]","[100, 100]","[0, -375]",ok.png,"[100, 100]","[100, 100]",445,3,1,1,1,0,0,0,0,0,0,0,0.780764579773,0.7807645797729492,0,-247,-247,52,52,1,1,0,0,0,0,0,0,0,1.41558337212,1.4155833721160889,0,183,183,-84,-84,174
28.png,22.png,16.png,13.png,10.png,tray2.png,09.png,07.png,27.png,"[-230, -67]","[220, 83]","[150, 100]","[-80, 83]","[70, 83]","[220, 233]","[-230, 83]","[-80, 233]","[70, 233]","[-230, 233]","[-80, -217]","[70, -217]","[220, -217]","[100, 100]","[-80, -67]","[70, -67]","[220, -67]","[-230, -217]",1,16,"[100, 100]","[100, 100]",both,32.png,04.png,24.png,dots2.png,09.png,12.png,03.png,m,"[100, 100]","[100, 100]","[100, 100]","[100, 100]","[100, 100]","[100, 100]","[100, 100]","[100, 100]","[100, 100]","[100, 100]","[100, 100]","[0, -375]",ok.png,"[100, 100]","[100, 100]",446,3,1,1,1,0,0,0,0,0,0,0,1.73084783554,1.7308478355407717,0,-74,-74,92,92,1,1,0,0,0,0,0,0,0,0.715452849865,0.7154528498649597,0,47,47,-25,-25,149
30.png,26.png,20.png,34.png,10.png,07.png,tray2.png,01.png,08.png,"[-234, -89]","[216, 61]","[150, 100]","[-84, 61]","[66, 61]","[216, 211]","[-234, 61]","[-84, 211]","[66, 211]","[-234, 211]","[-84, -239]","[66, -239]","[216, -239]","[100, 100]","[-84, -89]","[66, -89]","[216, -89]","[-234, -239]",1,16,"[100, 100]","[100, 100]",both,33.png,12.png,dots2.png,19.png,18.png,25.png,14.png,m,"[100, 100]","[100, 100]","[100, 100]","[100, 100]","[100, 100]","[100, 100]","[100, 100]","[100, 100]","[100, 100]","[100, 100]","[100, 100]","[0, -375]",ok.png,"[100, 100]","[100, 100]",447,3,1,1,1,0,0,0,0,0,0,0,0.814098894596,0.8140988945960999,0,48,48,75,75,1,1,0,0,0,0,0,0,0,0.465423196554,0.465423196554184,0,-97,-97,-77,-77,250
01.png,33.png,24.png,26.png,30.png,04.png,02.png,tray2.png,dots2.png,"[-234, -89]","[216, 61]","[150, 100]","[-84, 61]","[66, 61]","[216, 211]","[-234, 61]","[-84, 211]","[66, 211]","[-234, 211]","[-84, -239]","[66, -239]","[216, -239]","[100, 100]","[-84, -89]","[66, -89]","[216, -89]","[-234, -239]",1,16,"[100, 100]","[100, 100]",both,21.png,18.png,25.png,14.png,11.png,17.png,13.png,m,"[100, 100]","[100, 100]","[100, 100]","[100, 100]","[100, 100]","[100, 100]","[100, 100]","[100, 100]","[100, 100]","[100, 100]","[100, 100]","[0, -375]",ok.png,"[100, 100]","[100, 100]",448,3,1,1,1,0,0,0,0,0,0,0,0.94764649868,0.9476464986801147,0,-205,-205,-90,-90,1,1,0,0,0,0,0,0,0,0.53193295002,0.5319329500198364,0,203,203,66,66,409
19.png,03.png,29.png,09.png,30.png,26.png,31.png,dots2.png,tray2.png,"[-250, -53]","[200, 97]","[150, 100]","[-100, 97]","[50, 97]","[200, 247]","[-250, 97]","[-100, 247]","[50, 247]","[-250, 247]","[-100, -203]","[50, -203]","[200, -203]","[100, 100]","[-100, -53]","[50, -53]","[200, -53]","[-250, -203]",1,16,"[100, 100]","[100, 100]",both,11.png,20.png,22.png,07.png,08.png,10.png,14.png,m,"[100, 100]","[100, 100]","[100, 100]","[100, 100]","[100, 100]","[100, 100]","[100, 100]","[100, 100]","[100, 100]","[100, 100]","[100, 100]","[0, -375]",ok.png,"[100, 100]","[100, 100]",449,3,1,1,1,0,0,0,0,0,0,0,0.947506785393,0.9475067853927612,0,-251,-251,-73,-73,1,1,0,0,0,0,0,0,0,0.532088220119,0.5320882201194763,0,182,182,110,110,196
26.png,29.png,32.png,19.png,05.png,14.png,dots2.png,33.png,30.png,"[-222, -86]","[228, 64]","[150, 100]","[-72, 64]","[78, 64]","[228, 214]","[-222, 64]","[-72, 214]","[78, 214]","[-222, 214]","[-72, -236]","[78, -236]","[228, -236]","[100, 100]","[-72, -86]","[78, -86]","[228, -86]","[-222, -236]",1,16,"[100, 100]","[100, 100]",both,23.png,11.png,tray2.png,21.png,31.png,13.png,03.png,m,"[100, 100]","[100, 100]","[100, 100]","[100, 100]","[100, 100]","[100, 100]","[100, 100]","[100, 100]","[100, 100]","[100, 100]","[100, 100]","[0, -375]",ok.png,"[100, 100]","[100, 100]",450,3,1,1,1,0,0,0,0,0,0,0,0.598695039749,0.5986950397491455,0,-45,-45,-63,-63,1,1,0,0,0,0,0,0,0,0.865492463112,0.8654924631118774,0,77,77,67,67,359
NA,NA,NA,NA,NA,NA,NA,NA,NA,NA,NA,NA,NA,NA,NA,NA,NA,NA,NA,NA,NA,NA,NA,NA,NA,NA,NA,NA,NA,NA,NA,NA,NA,NA,NA,NA,NA,NA,NA,NA,NA,NA,NA,NA,NA,NA,NA,NA,NA,NA,NA,NA,NA,NA,NA,NA,NA,NA,NA,NA,NA,NA,NA,NA,NA,NA,NA,NA,NA,NA,NA,NA,NA,NA,NA,NA,NA,NA,NA,NA,NA,NA,NA,NA,NA,NA,NA,NA,NA,NA,NA
extraInfo,NA,NA,NA,NA,NA,NA,NA,NA,NA,NA,NA,NA,NA,NA,NA,NA,NA,NA,NA,NA,NA,NA,NA,NA,NA,NA,NA,NA,NA,NA,NA,NA,NA,NA,NA,NA,NA,NA,NA,NA,NA,NA,NA,NA,NA,NA,NA,NA,NA,NA,NA,NA,NA,NA,NA,NA,NA,NA,NA,NA,NA,NA,NA,NA,NA,NA,NA,NA,NA,NA,NA,NA,NA,NA,NA,NA,NA,NA,NA,NA,NA,NA,NA,NA,NA,NA,NA,NA,NA,NA
expName,sharexp,NA,NA,NA,NA,NA,NA,NA,NA,NA,NA,NA,NA,NA,NA,NA,NA,NA,NA,NA,NA,NA,NA,NA,NA,NA,NA,NA,NA,NA,NA,NA,NA,NA,NA,NA,NA,NA,NA,NA,NA,NA,NA,NA,NA,NA,NA,NA,NA,NA,NA,NA,NA,NA,NA,NA,NA,NA,NA,NA,NA,NA,NA,NA,NA,NA,NA,NA,NA,NA,NA,NA,NA,NA,NA,NA,NA,NA,NA,NA,NA,NA,NA,NA,NA,NA,NA,NA,NA,NA
age,18.0,NA,NA,NA,NA,NA,NA,NA,NA,NA,NA,NA,NA,NA,NA,NA,NA,NA,NA,NA,NA,NA,NA,NA,NA,NA,NA,NA,NA,NA,NA,NA,NA,NA,NA,NA,NA,NA,NA,NA,NA,NA,NA,NA,NA,NA,NA,NA,NA,NA,NA,NA,NA,NA,NA,NA,NA,NA,NA,NA,NA,NA,NA,NA,NA,NA,NA,NA,NA,NA,NA,NA,NA,NA,NA,NA,NA,NA,NA,NA,NA,NA,NA,NA,NA,NA,NA,NA,NA,NA
frameRate,59.970781433225376,NA,NA,NA,NA,NA,NA,NA,NA,NA,NA,NA,NA,NA,NA,NA,NA,NA,NA,NA,NA,NA,NA,NA,NA,NA,NA,NA,NA,NA,NA,NA,NA,NA,NA,NA,NA,NA,NA,NA,NA,NA,NA,NA,NA,NA,NA,NA,NA,NA,NA,NA,NA,NA,NA,NA,NA,NA,NA,NA,NA,NA,NA,NA,NA,NA,NA,NA,NA,NA,NA,NA,NA,NA,NA,NA,NA,NA,NA,NA,NA,NA,NA,NA,NA,NA,NA,NA,NA,NA
session,1.0,NA,NA,NA,NA,NA,NA,NA,NA,NA,NA,NA,NA,NA,NA,NA,NA,NA,NA,NA,NA,NA,NA,NA,NA,NA,NA,NA,NA,NA,NA,NA,NA,NA,NA,NA,NA,NA,NA,NA,NA,NA,NA,NA,NA,NA,NA,NA,NA,NA,NA,NA,NA,NA,NA,NA,NA,NA,NA,NA,NA,NA,NA,NA,NA,NA,NA,NA,NA,NA,NA,NA,NA,NA,NA,NA,NA,NA,NA,NA,NA,NA,NA,NA,NA,NA,NA,NA,NA,NA
date,2019_02_01_1426,NA,NA,NA,NA,NA,NA,NA,NA,NA,NA,NA,NA,NA,NA,NA,NA,NA,NA,NA,NA,NA,NA,NA,NA,NA,NA,NA,NA,NA,NA,NA,NA,NA,NA,NA,NA,NA,NA,NA,NA,NA,NA,NA,NA,NA,NA,NA,NA,NA,NA,NA,NA,NA,NA,NA,NA,NA,NA,NA,NA,NA,NA,NA,NA,NA,NA,NA,NA,NA,NA,NA,NA,NA,NA,NA,NA,NA,NA,NA,NA,NA,NA,NA,NA,NA,NA,NA,NA,NA
surname,Mikhalev,NA,NA,NA,NA,NA,NA,NA,NA,NA,NA,NA,NA,NA,NA,NA,NA,NA,NA,NA,NA,NA,NA,NA,NA,NA,NA,NA,NA,NA,NA,NA,NA,NA,NA,NA,NA,NA,NA,NA,NA,NA,NA,NA,NA,NA,NA,NA,NA,NA,NA,NA,NA,NA,NA,NA,NA,NA,NA,NA,NA,NA,NA,NA,NA,NA,NA,NA,NA,NA,NA,NA,NA,NA,NA,NA,NA,NA,NA,NA,NA,NA,NA,NA,NA,NA,NA,NA,NA,NA
