stim1,stim2,stim3,stim4,stim5,stim6,stim7,stim8,stim9,stim10,stim11,stim12,stim13,stim14,stim15,stim16,pos1,pos2,pos3,pos4,pos5,pos6,pos7,pos8,pos9,pos10,pos11,pos12,pos13,pos14,pos15,pos16,size1,size2,size3,size4,size5,size6,size7,size8,size9,size10,size11,size12,size13,size14,size15,size16,ok,posok,sizeok,numtrial,trialtype,setsize,trialtypenum,ser,sernum,n,mouse_main1.leftButton_mean,mouse_main1.leftButton_raw,mouse_main1.leftButton_std,mouse_main1.midButton_mean,mouse_main1.midButton_raw,mouse_main1.midButton_std,mouse_main1.rightButton_mean,mouse_main1.rightButton_raw,mouse_main1.rightButton_std,mouse_main1.time_mean,mouse_main1.time_raw,mouse_main1.time_std,mouse_main1.x_mean,mouse_main1.x_raw,mouse_main1.y_mean,mouse_main1.y_raw,mouse_main2.leftButton_mean,mouse_main2.leftButton_raw,mouse_main2.leftButton_std,mouse_main2.midButton_mean,mouse_main2.midButton_raw,mouse_main2.midButton_std,mouse_main2.rightButton_mean,mouse_main2.rightButton_raw,mouse_main2.rightButton_std,mouse_main2.time_mean,mouse_main2.time_raw,mouse_main2.time_std,mouse_main2.x_mean,mouse_main2.x_raw,mouse_main2.y_mean,mouse_main2.y_raw,order
tray1.png,01.png,02.png,03.png,04.png,05.png,06.png,07.png,00.png,00.png,00.png,00.png,00.png,00.png,00.png,00.png,"[-238, 202]","[-88, 202]","[62, 202]","[212, 202]","[-238, 52]","[-88, 52]","[62, 52]","[212, 52]","[-238, -98]","[-88, -98]","[62, -98]","[212, -98]","[-238, -248]","[-88, -248]","[62, -248]","[212, -248]","[100, 100]","[100, 100]","[100, 100]","[100, 100]","[100, 100]","[100, 100]","[100, 100]","[100, 100]","[100, 100]","[100, 100]","[100, 100]","[100, 100]","[100, 100]","[100, 100]","[100, 100]","[100, 100]",ok.png,"[0, -375]","[150, 100]",1,tray,8,1,m,1,1,1,1,0,0,0,0,0,0,0,1.13194072247,1.131940722465515,0,-230,-230,195,195,1,1,0,0,0,0,0,0,0,0.449441850185,0.4494418501853943,0,33,33,-363,-363,283
08.png,tray1.png,09.png,00.png,10.png,11.png,12.png,13.png,00.png,14.png,00.png,00.png,00.png,00.png,00.png,00.png,"[-213, 226]","[-63, 226]","[87, 226]","[237, 226]","[-213, 76]","[-63, 76]","[87, 76]","[237, 76]","[-213, -74]","[-63, -74]","[87, -74]","[237, -74]","[-213, -224]","[-63, -224]","[87, -224]","[237, -224]","[100, 100]","[100, 100]","[100, 100]","[100, 100]","[100, 100]","[100, 100]","[100, 100]","[100, 100]","[100, 100]","[100, 100]","[100, 100]","[100, 100]","[100, 100]","[100, 100]","[100, 100]","[100, 100]",ok.png,"[0, -375]","[150, 100]",2,tray,8,1,m,1,1,1,1,0,0,0,0,0,0,0,0.981863260269,0.981863260269165,0,-64,-64,207,207,1,1,0,0,0,0,0,0,0,1.21597695351,1.21597695350647,0,17,17,-360,-360,54
00.png,00.png,tray1.png,15.png,16.png,17.png,18.png,19.png,20.png,21.png,00.png,00.png,00.png,00.png,00.png,00.png,"[-234, 217]","[-84, 217]","[66, 217]","[216, 217]","[-234, 67]","[-84, 67]","[66, 67]","[216, 67]","[-234, -83]","[-84, -83]","[66, -83]","[216, -83]","[-234, -233]","[-84, -233]","[66, -233]","[216, -233]","[100, 100]","[100, 100]","[100, 100]","[100, 100]","[100, 100]","[100, 100]","[100, 100]","[100, 100]","[100, 100]","[100, 100]","[100, 100]","[100, 100]","[100, 100]","[100, 100]","[100, 100]","[100, 100]",ok.png,"[0, -375]","[150, 100]",3,tray,8,1,m,1,1,1,1,0,0,0,0,0,0,0,0.949007093906,0.9490070939064026,0,63,63,228,228,1,1,0,0,0,0,0,0,0,0.599447607994,0.5994476079940796,0,37,37,-369,-369,426
22.png,23.png,24.png,tray1.png,00.png,00.png,25.png,26.png,00.png,00.png,27.png,28.png,00.png,00.png,00.png,00.png,"[-247, 218]","[-97, 218]","[53, 218]","[203, 218]","[-247, 68]","[-97, 68]","[53, 68]","[203, 68]","[-247, -82]","[-97, -82]","[53, -82]","[203, -82]","[-247, -232]","[-97, -232]","[53, -232]","[203, -232]","[100, 100]","[100, 100]","[100, 100]","[100, 100]","[100, 100]","[100, 100]","[100, 100]","[100, 100]","[100, 100]","[100, 100]","[100, 100]","[100, 100]","[100, 100]","[100, 100]","[100, 100]","[100, 100]",ok.png,"[0, -375]","[150, 100]",4,tray,8,1,m,1,1,1,1,0,0,0,0,0,0,0,1.56555008888,1.565550088882446,0,194,194,225,225,1,1,0,0,0,0,0,0,0,2.09935069084,2.099350690841675,0,-3,-3,-370,-370,4
00.png,00.png,00.png,00.png,tray1.png,29.png,30.png,31.png,32.png,33.png,34.png,01.png,00.png,00.png,00.png,00.png,"[-243, 209]","[-93, 209]","[57, 209]","[207, 209]","[-243, 59]","[-93, 59]","[57, 59]","[207, 59]","[-243, -91]","[-93, -91]","[57, -91]","[207, -91]","[-243, -241]","[-93, -241]","[57, -241]","[207, -241]","[100, 100]","[100, 100]","[100, 100]","[100, 100]","[100, 100]","[100, 100]","[100, 100]","[100, 100]","[100, 100]","[100, 100]","[100, 100]","[100, 100]","[100, 100]","[100, 100]","[100, 100]","[100, 100]",ok.png,"[0, -375]","[150, 100]",5,tray,8,1,m,1,1,1,1,0,0,0,0,0,0,0,1.34895813465,1.348958134651184,0,-236,-236,63,63,1,1,0,0,0,0,0,0,0,0.749544084072,0.749544084072113,0,-1,-1,-368,-368,49
01.png,34.png,00.png,00.png,04.png,tray1.png,00.png,00.png,06.png,15.png,00.png,00.png,17.png,23.png,00.png,00.png,"[-210, 240]","[-60, 240]","[90, 240]","[240, 240]","[-210, 90]","[-60, 90]","[90, 90]","[240, 90]","[-210, -60]","[-60, -60]","[90, -60]","[240, -60]","[-210, -210]","[-60, -210]","[90, -210]","[240, -210]","[100, 100]","[100, 100]","[100, 100]","[100, 100]","[100, 100]","[100, 100]","[100, 100]","[100, 100]","[100, 100]","[100, 100]","[100, 100]","[100, 100]","[100, 100]","[100, 100]","[100, 100]","[100, 100]",ok.png,"[0, -375]","[150, 100]",6,tray,8,1,m,1,1,1,1,0,0,0,0,0,0,0,1.09892094135,1.098920941352844,0,-55,-55,89,89,1,1,0,0,0,0,0,0,0,0.499527692795,0.4995276927947998,0,-29,-29,-358,-358,211
00.png,00.png,00.png,00.png,07.png,03.png,tray1.png,25.png,00.png,00.png,00.png,00.png,06.png,22.png,09.png,14.png,"[-227, 216]","[-77, 216]","[73, 216]","[223, 216]","[-227, 66]","[-77, 66]","[73, 66]","[223, 66]","[-227, -84]","[-77, -84]","[73, -84]","[223, -84]","[-227, -234]","[-77, -234]","[73, -234]","[223, -234]","[100, 100]","[100, 100]","[100, 100]","[100, 100]","[100, 100]","[100, 100]","[100, 100]","[100, 100]","[100, 100]","[100, 100]","[100, 100]","[100, 100]","[100, 100]","[100, 100]","[100, 100]","[100, 100]",ok.png,"[0, -375]","[150, 100]",7,tray,8,1,m,1,1,1,1,0,0,0,0,0,0,0,1.11589968204,1.115899682044983,0,72,72,67,67,1,1,0,0,0,0,0,0,0,0.582563579082,0.582563579082489,0,14,14,-394,-394,78
00.png,05.png,33.png,07.png,00.png,00.png,27.png,tray1.png,00.png,17.png,30.png,31.png,00.png,00.png,00.png,00.png,"[-237, 202]","[-87, 202]","[63, 202]","[213, 202]","[-237, 52]","[-87, 52]","[63, 52]","[213, 52]","[-237, -98]","[-87, -98]","[63, -98]","[213, -98]","[-237, -248]","[-87, -248]","[63, -248]","[213, -248]","[100, 100]","[100, 100]","[100, 100]","[100, 100]","[100, 100]","[100, 100]","[100, 100]","[100, 100]","[100, 100]","[100, 100]","[100, 100]","[100, 100]","[100, 100]","[100, 100]","[100, 100]","[100, 100]",ok.png,"[0, -375]","[150, 100]",8,tray,8,1,m,1,1,1,1,0,0,0,0,0,0,0,1.11547708511,1.115477085113525,0,217,217,54,54,1,1,0,0,0,0,0,0,0,3.31583952904,3.315839529037476,0,13,13,-375,-375,102
00.png,00.png,00.png,00.png,00.png,00.png,00.png,00.png,tray1.png,29.png,23.png,27.png,21.png,25.png,31.png,33.png,"[-229, 207]","[-79, 207]","[71, 207]","[221, 207]","[-229, 57]","[-79, 57]","[71, 57]","[221, 57]","[-229, -93]","[-79, -93]","[71, -93]","[221, -93]","[-229, -243]","[-79, -243]","[71, -243]","[221, -243]","[100, 100]","[100, 100]","[100, 100]","[100, 100]","[100, 100]","[100, 100]","[100, 100]","[100, 100]","[100, 100]","[100, 100]","[100, 100]","[100, 100]","[100, 100]","[100, 100]","[100, 100]","[100, 100]",ok.png,"[0, -375]","[150, 100]",9,tray,8,1,m,1,1,1,1,0,0,0,0,0,0,0,1.4491815567,1.44918155670166,0,-239,-239,-84,-84,1,1,0,0,0,0,0,0,0,0.399243950844,0.399243950843811,0,0,0,-347,-347,276
00.png,00.png,00.png,00.png,14.png,16.png,18.png,20.png,22.png,tray1.png,24.png,26.png,00.png,00.png,00.png,00.png,"[-234, 221]","[-84, 221]","[66, 221]","[216, 221]","[-234, 71]","[-84, 71]","[66, 71]","[216, 71]","[-234, -79]","[-84, -79]","[66, -79]","[216, -79]","[-234, -229]","[-84, -229]","[66, -229]","[216, -229]","[100, 100]","[100, 100]","[100, 100]","[100, 100]","[100, 100]","[100, 100]","[100, 100]","[100, 100]","[100, 100]","[100, 100]","[100, 100]","[100, 100]","[100, 100]","[100, 100]","[100, 100]","[100, 100]",ok.png,"[0, -375]","[150, 100]",10,tray,8,1,m,1,1,1,1,0,0,0,0,0,0,0,1.1989916563,1.198991656303406,0,-96,-96,-92,-92,1,1,0,0,0,0,0,0,0,0.582653701305,0.5826537013053894,0,-11,-11,-372,-372,163
00.png,00.png,00.png,00.png,13.png,10.png,00.png,00.png,16.png,19.png,tray1.png,21.png,24.png,27.png,00.png,00.png,"[-207, 247]","[-57, 247]","[93, 247]","[243, 247]","[-207, 97]","[-57, 97]","[93, 97]","[243, 97]","[-207, -53]","[-57, -53]","[93, -53]","[243, -53]","[-207, -203]","[-57, -203]","[93, -203]","[243, -203]","[100, 100]","[100, 100]","[100, 100]","[100, 100]","[100, 100]","[100, 100]","[100, 100]","[100, 100]","[100, 100]","[100, 100]","[100, 100]","[100, 100]","[100, 100]","[100, 100]","[100, 100]","[100, 100]",ok.png,"[0, -375]","[150, 100]",11,tray,8,1,m,1,1,1,1,0,0,0,0,0,0,0,1.11515903473,1.115159034729004,0,94,94,-74,-74,1,1,0,0,0,0,0,0,0,0.466503977776,0.4665039777755737,0,7,7,-377,-377,359
10.png,15.png,20.png,25.png,00.png,00.png,00.png,00.png,21.png,16.png,11.png,tray1.png,00.png,00.png,00.png,00.png,"[-230, 233]","[-80, 233]","[70, 233]","[220, 233]","[-230, 83]","[-80, 83]","[70, 83]","[220, 83]","[-230, -67]","[-80, -67]","[70, -67]","[220, -67]","[-230, -217]","[-80, -217]","[70, -217]","[220, -217]","[100, 100]","[100, 100]","[100, 100]","[100, 100]","[100, 100]","[100, 100]","[100, 100]","[100, 100]","[100, 100]","[100, 100]","[100, 100]","[100, 100]","[100, 100]","[100, 100]","[100, 100]","[100, 100]",ok.png,"[0, -375]","[150, 100]",12,tray,8,1,m,1,1,1,1,0,0,0,0,0,0,0,1.08203661442,1.08203661441803,0,229,229,-70,-70,1,1,0,0,0,0,0,0,0,1.26662373543,1.266623735427856,0,-11,-11,-359,-359,84
00.png,00.png,00.png,00.png,00.png,00.png,00.png,00.png,03.png,01.png,07.png,08.png,tray1.png,05.png,02.png,04.png,"[-201, 216]","[-51, 216]","[99, 216]","[249, 216]","[-201, 66]","[-51, 66]","[99, 66]","[249, 66]","[-201, -84]","[-51, -84]","[99, -84]","[249, -84]","[-201, -234]","[-51, -234]","[99, -234]","[249, -234]","[100, 100]","[100, 100]","[100, 100]","[100, 100]","[100, 100]","[100, 100]","[100, 100]","[100, 100]","[100, 100]","[100, 100]","[100, 100]","[100, 100]","[100, 100]","[100, 100]","[100, 100]","[100, 100]",ok.png,"[0, -375]","[150, 100]",13,tray,8,1,m,1,1,1,1,0,0,0,0,0,0,0,1.58255159855,1.582551598548889,0,-203,-203,-236,-236,1,1,0,0,0,0,0,0,0,0.299334257841,0.2993342578411102,0,-33,-33,-350,-350,194
29.png,00.png,00.png,16.png,00.png,00.png,33.png,08.png,13.png,00.png,00.png,00.png,23.png,tray1.png,12.png,00.png,"[-246, 224]","[-96, 224]","[54, 224]","[204, 224]","[-246, 74]","[-96, 74]","[54, 74]","[204, 74]","[-246, -76]","[-96, -76]","[54, -76]","[204, -76]","[-246, -226]","[-96, -226]","[54, -226]","[204, -226]","[100, 100]","[100, 100]","[100, 100]","[100, 100]","[100, 100]","[100, 100]","[100, 100]","[100, 100]","[100, 100]","[100, 100]","[100, 100]","[100, 100]","[100, 100]","[100, 100]","[100, 100]","[100, 100]",ok.png,"[0, -375]","[150, 100]",14,tray,8,1,m,1,1,1,1,0,0,0,0,0,0,0,1.16538906097,1.165389060974121,0,-99,-99,-212,-212,1,1,0,0,0,0,0,0,0,0.516243040562,0.516243040561676,0,-17,-17,-365,-365,315
00.png,00.png,00.png,00.png,00.png,00.png,00.png,33.png,27.png,23.png,17.png,13.png,07.png,03.png,tray1.png,00.png,"[-212, 232]","[-62, 232]","[88, 232]","[238, 232]","[-212, 82]","[-62, 82]","[88, 82]","[238, 82]","[-212, -68]","[-62, -68]","[88, -68]","[238, -68]","[-212, -218]","[-62, -218]","[88, -218]","[238, -218]","[100, 100]","[100, 100]","[100, 100]","[100, 100]","[100, 100]","[100, 100]","[100, 100]","[100, 100]","[100, 100]","[100, 100]","[100, 100]","[100, 100]","[100, 100]","[100, 100]","[100, 100]","[100, 100]",ok.png,"[0, -375]","[150, 100]",15,tray,8,1,m,1,1,1,1,0,0,0,0,0,0,0,1.46563589573,1.465635895729065,0,75,75,-218,-218,1,1,0,0,0,0,0,0,0,0.382980823517,0.3829808235168457,0,-12,-12,-389,-389,167
04.png,20.png,30.png,02.png,00.png,00.png,00.png,00.png,00.png,00.png,00.png,00.png,14.png,07.png,17.png,tray1.png,"[-203, 230]","[-53, 230]","[97, 230]","[247, 230]","[-203, 80]","[-53, 80]","[97, 80]","[247, 80]","[-203, -70]","[-53, -70]","[97, -70]","[247, -70]","[-203, -220]","[-53, -220]","[97, -220]","[247, -220]","[100, 100]","[100, 100]","[100, 100]","[100, 100]","[100, 100]","[100, 100]","[100, 100]","[100, 100]","[100, 100]","[100, 100]","[100, 100]","[100, 100]","[100, 100]","[100, 100]","[100, 100]","[100, 100]",ok.png,"[0, -375]","[150, 100]",16,tray,8,1,m,1,1,1,1,0,0,0,0,0,0,0,1.46566772461,1.465667724609375,0,236,236,-204,-204,1,1,0,0,0,0,0,0,0,0.449315547943,0.4493155479431152,0,7,7,-384,-384,260
00.png,19.png,29.png,00.png,00.png,02.png,32.png,00.png,00.png,22.png,16.png,00.png,00.png,04.png,tray1.png,00.png,"[-211, 217]","[-61, 217]","[89, 217]","[239, 217]","[-211, 67]","[-61, 67]","[89, 67]","[239, 67]","[-211, -83]","[-61, -83]","[89, -83]","[239, -83]","[-211, -233]","[-61, -233]","[89, -233]","[239, -233]","[100, 100]","[100, 100]","[100, 100]","[100, 100]","[100, 100]","[100, 100]","[100, 100]","[100, 100]","[100, 100]","[100, 100]","[100, 100]","[100, 100]","[100, 100]","[100, 100]","[100, 100]","[100, 100]",ok.png,"[0, -375]","[150, 100]",17,tray,8,1,m,1,1,1,1,0,0,0,0,0,0,0,1.61552047729,1.615520477294922,0,78,78,-228,-228,1,1,0,0,0,0,0,0,0,1.66617572308,1.666175723075867,0,35,35,-392,-392,48
00.png,00.png,00.png,05.png,21.png,00.png,00.png,00.png,00.png,27.png,28.png,25.png,03.png,tray1.png,08.png,00.png,"[-223, 227]","[-73, 227]","[77, 227]","[227, 227]","[-223, 77]","[-73, 77]","[77, 77]","[227, 77]","[-223, -73]","[-73, -73]","[77, -73]","[227, -73]","[-223, -223]","[-73, -223]","[77, -223]","[227, -223]","[100, 100]","[100, 100]","[100, 100]","[100, 100]","[100, 100]","[100, 100]","[100, 100]","[100, 100]","[100, 100]","[100, 100]","[100, 100]","[100, 100]","[100, 100]","[100, 100]","[100, 100]","[100, 100]",ok.png,"[0, -375]","[150, 100]",18,tray,8,1,m,1,1,1,1,0,0,0,0,0,0,0,1.1984924078,1.198492407798767,0,-62,-62,-202,-202,1,1,0,0,0,0,0,0,0,0.599728941917,0.5997289419174194,0,-11,-11,-360,-360,383
06.png,00.png,15.png,17.png,00.png,00.png,16.png,00.png,00.png,09.png,00.png,23.png,tray1.png,00.png,07.png,00.png,"[-247, 249]","[-97, 249]","[53, 249]","[203, 249]","[-247, 99]","[-97, 99]","[53, 99]","[203, 99]","[-247, -51]","[-97, -51]","[53, -51]","[203, -51]","[-247, -201]","[-97, -201]","[53, -201]","[203, -201]","[100, 100]","[100, 100]","[100, 100]","[100, 100]","[100, 100]","[100, 100]","[100, 100]","[100, 100]","[100, 100]","[100, 100]","[100, 100]","[100, 100]","[100, 100]","[100, 100]","[100, 100]","[100, 100]",ok.png,"[0, -375]","[150, 100]",19,tray,8,1,m,1,1,1,1,0,0,0,0,0,0,0,1.33244585991,1.332445859909058,0,-238,-238,-206,-206,1,1,0,0,0,0,0,0,0,0.332720369101,0.3327203691005707,0,-5,-5,-343,-343,162
00.png,11.png,00.png,00.png,12.png,00.png,00.png,34.png,00.png,30.png,08.png,tray1.png,31.png,00.png,32.png,00.png,"[-208, 210]","[-58, 210]","[92, 210]","[242, 210]","[-208, 60]","[-58, 60]","[92, 60]","[242, 60]","[-208, -90]","[-58, -90]","[92, -90]","[242, -90]","[-208, -240]","[-58, -240]","[92, -240]","[242, -240]","[100, 100]","[100, 100]","[100, 100]","[100, 100]","[100, 100]","[100, 100]","[100, 100]","[100, 100]","[100, 100]","[100, 100]","[100, 100]","[100, 100]","[100, 100]","[100, 100]","[100, 100]","[100, 100]",ok.png,"[0, -375]","[150, 100]",20,tray,8,1,m,1,1,1,1,0,0,0,0,0,0,0,0.949000537395,0.9490005373954772,0,258,258,-93,-93,1,1,0,0,0,0,0,0,0,0.866067647934,0.86606764793396,0,14,14,-386,-386,192
00.png,00.png,00.png,00.png,00.png,00.png,24.png,27.png,07.png,09.png,tray1.png,10.png,13.png,16.png,00.png,00.png,"[-216, 205]","[-66, 205]","[84, 205]","[234, 205]","[-216, 55]","[-66, 55]","[84, 55]","[234, 55]","[-216, -95]","[-66, -95]","[84, -95]","[234, -95]","[-216, -245]","[-66, -245]","[84, -245]","[234, -245]","[100, 100]","[100, 100]","[100, 100]","[100, 100]","[100, 100]","[100, 100]","[100, 100]","[100, 100]","[100, 100]","[100, 100]","[100, 100]","[100, 100]","[100, 100]","[100, 100]","[100, 100]","[100, 100]",ok.png,"[0, -375]","[150, 100]",21,tray,8,1,m,1,1,1,1,0,0,0,0,0,0,0,2.13236618042,2.132366180419922,0,83,83,-92,-92,1,1,0,0,0,0,0,0,0,0.382503807545,0.3825038075447083,0,14,14,-403,-403,146
00.png,00.png,25.png,00.png,33.png,00.png,05.png,00.png,01.png,tray1.png,00.png,10.png,00.png,20.png,00.png,30.png,"[-204, 208]","[-54, 208]","[96, 208]","[246, 208]","[-204, 58]","[-54, 58]","[96, 58]","[246, 58]","[-204, -92]","[-54, -92]","[96, -92]","[246, -92]","[-204, -242]","[-54, -242]","[96, -242]","[246, -242]","[100, 100]","[100, 100]","[100, 100]","[100, 100]","[100, 100]","[100, 100]","[100, 100]","[100, 100]","[100, 100]","[100, 100]","[100, 100]","[100, 100]","[100, 100]","[100, 100]","[100, 100]","[100, 100]",ok.png,"[0, -375]","[150, 100]",22,tray,8,1,m,1,1,1,1,0,0,0,0,0,0,0,1.08245277405,1.082452774047852,0,-72,-72,-117,-117,1,1,0,0,0,0,0,0,0,0.43289655447,0.4328965544700623,0,-18,-18,-361,-361,417
00.png,00.png,00.png,18.png,00.png,14.png,00.png,09.png,tray1.png,02.png,04.png,00.png,26.png,24.png,00.png,00.png,"[-214, 219]","[-64, 219]","[86, 219]","[236, 219]","[-214, 69]","[-64, 69]","[86, 69]","[236, 69]","[-214, -81]","[-64, -81]","[86, -81]","[236, -81]","[-214, -231]","[-64, -231]","[86, -231]","[236, -231]","[100, 100]","[100, 100]","[100, 100]","[100, 100]","[100, 100]","[100, 100]","[100, 100]","[100, 100]","[100, 100]","[100, 100]","[100, 100]","[100, 100]","[100, 100]","[100, 100]","[100, 100]","[100, 100]",ok.png,"[0, -375]","[150, 100]",23,tray,8,1,m,1,1,1,1,0,0,0,0,0,0,0,2.78225946426,2.782259464263916,0,-184,-184,-117,-117,1,1,0,0,0,0,0,0,0,0.416023045778,0.4160230457782745,0,-18,-18,-356,-356,58
00.png,14.png,00.png,00.png,11.png,07.png,00.png,tray1.png,18.png,00.png,00.png,30.png,09.png,00.png,00.png,19.png,"[-216, 234]","[-66, 234]","[84, 234]","[234, 234]","[-216, 84]","[-66, 84]","[84, 84]","[234, 84]","[-216, -66]","[-66, -66]","[84, -66]","[234, -66]","[-216, -216]","[-66, -216]","[84, -216]","[234, -216]","[100, 100]","[100, 100]","[100, 100]","[100, 100]","[100, 100]","[100, 100]","[100, 100]","[100, 100]","[100, 100]","[100, 100]","[100, 100]","[100, 100]","[100, 100]","[100, 100]","[100, 100]","[100, 100]",ok.png,"[0, -375]","[150, 100]",24,tray,8,1,m,1,1,1,1,0,0,0,0,0,0,0,0.815579891205,0.815579891204834,0,230,230,90,90,1,1,0,0,0,0,0,0,0,0.565857589245,0.5658575892448425,0,47,47,-378,-378,317
31.png,00.png,13.png,00.png,23.png,00.png,tray1.png,00.png,33.png,00.png,14.png,00.png,19.png,00.png,29.png,00.png,"[-212, 241]","[-62, 241]","[88, 241]","[238, 241]","[-212, 91]","[-62, 91]","[88, 91]","[238, 91]","[-212, -59]","[-62, -59]","[88, -59]","[238, -59]","[-212, -209]","[-62, -209]","[88, -209]","[238, -209]","[100, 100]","[100, 100]","[100, 100]","[100, 100]","[100, 100]","[100, 100]","[100, 100]","[100, 100]","[100, 100]","[100, 100]","[100, 100]","[100, 100]","[100, 100]","[100, 100]","[100, 100]","[100, 100]",ok.png,"[0, -375]","[150, 100]",25,tray,8,1,m,1,1,1,1,0,0,0,0,0,0,0,1.01555454731,1.015554547309875,0,86,86,84,84,1,1,0,0,0,0,0,0,0,0.965960800648,0.9659608006477356,0,11,11,-383,-383,222
00.png,00.png,00.png,00.png,00.png,00.png,00.png,00.png,07.png,06.png,05.png,04.png,03.png,02.png,01.png,tray2.png,"[-238, 249]","[-88, 249]","[62, 249]","[212, 249]","[-238, 99]","[-88, 99]","[62, 99]","[212, 99]","[-238, -51]","[-88, -51]","[62, -51]","[212, -51]","[-238, -201]","[-88, -201]","[62, -201]","[212, -201]","[100, 100]","[100, 100]","[100, 100]","[100, 100]","[100, 100]","[100, 100]","[100, 100]","[100, 100]","[100, 100]","[100, 100]","[100, 100]","[100, 100]","[100, 100]","[100, 100]","[100, 100]","[100, 100]",ok.png,"[0, -375]","[150, 100]",26,tray,8,1,m,1,1,1,1,0,0,0,0,0,0,0,1.4155036211,1.415503621101379,0,215,215,-209,-209,1,1,0,0,0,0,0,0,0,0.349348962307,0.3493489623069763,0,6,6,-340,-340,148
00.png,00.png,00.png,00.png,00.png,00.png,14.png,00.png,13.png,12.png,11.png,10.png,00.png,09.png,tray2.png,08.png,"[-241, 213]","[-91, 213]","[59, 213]","[209, 213]","[-241, 63]","[-91, 63]","[59, 63]","[209, 63]","[-241, -87]","[-91, -87]","[59, -87]","[209, -87]","[-241, -237]","[-91, -237]","[59, -237]","[209, -237]","[100, 100]","[100, 100]","[100, 100]","[100, 100]","[100, 100]","[100, 100]","[100, 100]","[100, 100]","[100, 100]","[100, 100]","[100, 100]","[100, 100]","[100, 100]","[100, 100]","[100, 100]","[100, 100]",ok.png,"[0, -375]","[150, 100]",27,tray,8,1,m,1,1,1,1,0,0,0,0,0,0,0,1.13203370571,1.132033705711365,0,38,38,-250,-250,1,1,0,0,0,0,0,0,0,0.316121041775,0.3161210417747498,0,36,36,-351,-351,424
00.png,00.png,00.png,00.png,00.png,00.png,21.png,20.png,19.png,18.png,17.png,16.png,15.png,tray2.png,00.png,00.png,"[-240, 216]","[-90, 216]","[60, 216]","[210, 216]","[-240, 66]","[-90, 66]","[60, 66]","[210, 66]","[-240, -84]","[-90, -84]","[60, -84]","[210, -84]","[-240, -234]","[-90, -234]","[60, -234]","[210, -234]","[100, 100]","[100, 100]","[100, 100]","[100, 100]","[100, 100]","[100, 100]","[100, 100]","[100, 100]","[100, 100]","[100, 100]","[100, 100]","[100, 100]","[100, 100]","[100, 100]","[100, 100]","[100, 100]",ok.png,"[0, -375]","[150, 100]",28,tray,8,1,m,1,1,1,1,0,0,0,0,0,0,0,1.2321202755,1.232120275497437,0,-78,-78,-214,-214,1,1,0,0,0,0,0,0,0,1.0328001976,1.032800197601318,0,26,26,-396,-396,153
00.png,00.png,00.png,00.png,00.png,00.png,31.png,27.png,26.png,28.png,00.png,00.png,tray2.png,24.png,23.png,22.png,"[-226, 218]","[-76, 218]","[74, 218]","[224, 218]","[-226, 68]","[-76, 68]","[74, 68]","[224, 68]","[-226, -82]","[-76, -82]","[74, -82]","[224, -82]","[-226, -232]","[-76, -232]","[74, -232]","[224, -232]","[100, 100]","[100, 100]","[100, 100]","[100, 100]","[100, 100]","[100, 100]","[100, 100]","[100, 100]","[100, 100]","[100, 100]","[100, 100]","[100, 100]","[100, 100]","[100, 100]","[100, 100]","[100, 100]",ok.png,"[0, -375]","[150, 100]",29,tray,8,1,m,1,1,1,1,0,0,0,0,0,0,0,1.21553659439,1.215536594390869,0,-215,-215,-219,-219,1,1,0,0,0,0,0,0,0,0.449586331844,0.4495863318443298,0,15,15,-388,-388,427
00.png,00.png,00.png,00.png,01.png,34.png,33.png,32.png,31.png,30.png,29.png,tray2.png,00.png,00.png,00.png,00.png,"[-236, 236]","[-86, 236]","[64, 236]","[214, 236]","[-236, 86]","[-86, 86]","[64, 86]","[214, 86]","[-236, -64]","[-86, -64]","[64, -64]","[214, -64]","[-236, -214]","[-86, -214]","[64, -214]","[214, -214]","[100, 100]","[100, 100]","[100, 100]","[100, 100]","[100, 100]","[100, 100]","[100, 100]","[100, 100]","[100, 100]","[100, 100]","[100, 100]","[100, 100]","[100, 100]","[100, 100]","[100, 100]","[100, 100]",ok.png,"[0, -375]","[150, 100]",30,tray,8,1,m,1,1,1,1,0,0,0,0,0,0,0,0.865411102772,0.865411102771759,0,194,194,-78,-78,1,1,0,0,0,0,0,0,0,0.71619784832,0.7161978483200073,0,15,15,-366,-366,413
00.png,00.png,23.png,17.png,00.png,00.png,15.png,06.png,00.png,00.png,tray2.png,04.png,00.png,00.png,34.png,01.png,"[-218, 229]","[-68, 229]","[82, 229]","[232, 229]","[-218, 79]","[-68, 79]","[82, 79]","[232, 79]","[-218, -71]","[-68, -71]","[82, -71]","[232, -71]","[-218, -221]","[-68, -221]","[82, -221]","[232, -221]","[100, 100]","[100, 100]","[100, 100]","[100, 100]","[100, 100]","[100, 100]","[100, 100]","[100, 100]","[100, 100]","[100, 100]","[100, 100]","[100, 100]","[100, 100]","[100, 100]","[100, 100]","[100, 100]",ok.png,"[0, -375]","[150, 100]",31,tray,8,1,m,1,1,1,1,0,0,0,0,0,0,0,1.43244659901,1.432446599006653,0,103,103,-61,-61,1,1,0,0,0,0,0,0,0,0.316083759069,0.3160837590694427,0,-1,-1,-338,-338,385
14.png,09.png,22.png,06.png,00.png,00.png,00.png,00.png,25.png,tray2.png,03.png,07.png,00.png,00.png,00.png,00.png,"[-208, 218]","[-58, 218]","[92, 218]","[242, 218]","[-208, 68]","[-58, 68]","[92, 68]","[242, 68]","[-208, -82]","[-58, -82]","[92, -82]","[242, -82]","[-208, -232]","[-58, -232]","[92, -232]","[242, -232]","[100, 100]","[100, 100]","[100, 100]","[100, 100]","[100, 100]","[100, 100]","[100, 100]","[100, 100]","[100, 100]","[100, 100]","[100, 100]","[100, 100]","[100, 100]","[100, 100]","[100, 100]","[100, 100]",ok.png,"[0, -375]","[150, 100]",32,tray,8,1,m,1,1,1,1,0,0,0,0,0,0,0,0.732032299042,0.732032299041748,0,-68,-68,-79,-79,1,1,0,0,0,0,0,0,0,1.54950082302,1.549500823020935,0,21,21,-376,-376,180
00.png,00.png,00.png,00.png,31.png,30.png,17.png,00.png,tray2.png,27.png,00.png,00.png,07.png,33.png,05.png,00.png,"[-205, 250]","[-55, 250]","[95, 250]","[245, 250]","[-205, 100]","[-55, 100]","[95, 100]","[245, 100]","[-205, -50]","[-55, -50]","[95, -50]","[245, -50]","[-205, -200]","[-55, -200]","[95, -200]","[245, -200]","[100, 100]","[100, 100]","[100, 100]","[100, 100]","[100, 100]","[100, 100]","[100, 100]","[100, 100]","[100, 100]","[100, 100]","[100, 100]","[100, 100]","[100, 100]","[100, 100]","[100, 100]","[100, 100]",ok.png,"[0, -375]","[150, 100]",33,tray,8,1,m,1,1,1,1,0,0,0,0,0,0,0,1.51540505886,1.515405058860779,0,-185,-185,-51,-51,1,1,0,0,0,0,0,0,0,1.89944827557,1.899448275566101,0,25,25,-387,-387,137
33.png,31.png,25.png,21.png,27.png,23.png,29.png,tray2.png,00.png,00.png,00.png,00.png,00.png,00.png,00.png,00.png,"[-202, 207]","[-52, 207]","[98, 207]","[248, 207]","[-202, 57]","[-52, 57]","[98, 57]","[248, 57]","[-202, -93]","[-52, -93]","[98, -93]","[248, -93]","[-202, -243]","[-52, -243]","[98, -243]","[248, -243]","[100, 100]","[100, 100]","[100, 100]","[100, 100]","[100, 100]","[100, 100]","[100, 100]","[100, 100]","[100, 100]","[100, 100]","[100, 100]","[100, 100]","[100, 100]","[100, 100]","[100, 100]","[100, 100]",ok.png,"[0, -375]","[150, 100]",34,tray,8,1,m,1,1,1,1,0,0,0,0,0,0,0,2.19910883904,2.199108839035034,0,250,250,59,59,1,1,0,0,0,0,0,0,0,1.16588652134,1.165886521339417,0,39,39,-390,-390,21
00.png,00.png,00.png,00.png,26.png,24.png,tray2.png,22.png,20.png,18.png,16.png,14.png,00.png,00.png,00.png,00.png,"[-219, 241]","[-69, 241]","[81, 241]","[231, 241]","[-219, 91]","[-69, 91]","[81, 91]","[231, 91]","[-219, -59]","[-69, -59]","[81, -59]","[231, -59]","[-219, -209]","[-69, -209]","[81, -209]","[231, -209]","[100, 100]","[100, 100]","[100, 100]","[100, 100]","[100, 100]","[100, 100]","[100, 100]","[100, 100]","[100, 100]","[100, 100]","[100, 100]","[100, 100]","[100, 100]","[100, 100]","[100, 100]","[100, 100]",ok.png,"[0, -375]","[150, 100]",35,tray,8,1,m,1,1,1,1,0,0,0,0,0,0,0,1.08216094971,1.082160949707031,0,85,85,79,79,1,1,0,0,0,0,0,0,0,0.64931499958,0.6493149995803833,0,20,20,-373,-373,357
00.png,00.png,27.png,24.png,21.png,tray2.png,19.png,16.png,00.png,00.png,10.png,13.png,00.png,00.png,00.png,00.png,"[-208, 205]","[-58, 205]","[92, 205]","[242, 205]","[-208, 55]","[-58, 55]","[92, 55]","[242, 55]","[-208, -95]","[-58, -95]","[92, -95]","[242, -95]","[-208, -245]","[-58, -245]","[92, -245]","[242, -245]","[100, 100]","[100, 100]","[100, 100]","[100, 100]","[100, 100]","[100, 100]","[100, 100]","[100, 100]","[100, 100]","[100, 100]","[100, 100]","[100, 100]","[100, 100]","[100, 100]","[100, 100]","[100, 100]",ok.png,"[0, -375]","[150, 100]",36,tray,8,1,m,1,1,1,1,0,0,0,0,0,0,0,0.998991906643,0.9989919066429138,0,-62,-62,71,71,1,1,0,0,0,0,0,0,0,0.949565708637,0.9495657086372375,0,19,19,-377,-377,415
00.png,00.png,00.png,00.png,tray2.png,11.png,16.png,21.png,00.png,00.png,00.png,00.png,25.png,20.png,15.png,10.png,"[-231, 247]","[-81, 247]","[69, 247]","[219, 247]","[-231, 97]","[-81, 97]","[69, 97]","[219, 97]","[-231, -53]","[-81, -53]","[69, -53]","[219, -53]","[-231, -203]","[-81, -203]","[69, -203]","[219, -203]","[100, 100]","[100, 100]","[100, 100]","[100, 100]","[100, 100]","[100, 100]","[100, 100]","[100, 100]","[100, 100]","[100, 100]","[100, 100]","[100, 100]","[100, 100]","[100, 100]","[100, 100]","[100, 100]",ok.png,"[0, -375]","[150, 100]",37,tray,8,1,m,1,1,1,1,0,0,0,0,0,0,0,0.965822577477,0.9658225774765016,0,-220,-220,93,93,1,1,0,0,0,0,0,0,0,0.849549055099,0.8495490550994873,0,-33,-33,-365,-365,124
04.png,02.png,05.png,tray2.png,08.png,07.png,01.png,03.png,00.png,00.png,00.png,00.png,00.png,00.png,00.png,00.png,"[-245, 248]","[-95, 248]","[55, 248]","[205, 248]","[-245, 98]","[-95, 98]","[55, 98]","[205, 98]","[-245, -52]","[-95, -52]","[55, -52]","[205, -52]","[-245, -202]","[-95, -202]","[55, -202]","[205, -202]","[100, 100]","[100, 100]","[100, 100]","[100, 100]","[100, 100]","[100, 100]","[100, 100]","[100, 100]","[100, 100]","[100, 100]","[100, 100]","[100, 100]","[100, 100]","[100, 100]","[100, 100]","[100, 100]",ok.png,"[0, -375]","[150, 100]",38,tray,8,1,m,1,1,1,1,0,0,0,0,0,0,0,1.01571953297,1.015719532966614,0,199,199,237,237,1,1,0,0,0,0,0,0,0,0.416265666485,0.4162656664848328,0,-48,-48,-367,-367,293
00.png,12.png,tray2.png,23.png,00.png,00.png,00.png,13.png,08.png,33.png,00.png,00.png,16.png,00.png,00.png,29.png,"[-231, 209]","[-81, 209]","[69, 209]","[219, 209]","[-231, 59]","[-81, 59]","[69, 59]","[219, 59]","[-231, -91]","[-81, -91]","[69, -91]","[219, -91]","[-231, -241]","[-81, -241]","[69, -241]","[219, -241]","[100, 100]","[100, 100]","[100, 100]","[100, 100]","[100, 100]","[100, 100]","[100, 100]","[100, 100]","[100, 100]","[100, 100]","[100, 100]","[100, 100]","[100, 100]","[100, 100]","[100, 100]","[100, 100]",ok.png,"[0, -375]","[150, 100]",39,tray,8,1,m,1,1,1,1,0,0,0,0,0,0,0,0.765465021133,0.7654650211334229,0,60,60,212,212,1,1,0,0,0,0,0,0,0,1.2161254882800001,1.21612548828125,0,9,9,-392,-392,278
00.png,tray2.png,03.png,07.png,13.png,17.png,23.png,27.png,33.png,00.png,00.png,00.png,00.png,00.png,00.png,00.png,"[-213, 218]","[-63, 218]","[87, 218]","[237, 218]","[-213, 68]","[-63, 68]","[87, 68]","[237, 68]","[-213, -82]","[-63, -82]","[87, -82]","[237, -82]","[-213, -232]","[-63, -232]","[87, -232]","[237, -232]","[100, 100]","[100, 100]","[100, 100]","[100, 100]","[100, 100]","[100, 100]","[100, 100]","[100, 100]","[100, 100]","[100, 100]","[100, 100]","[100, 100]","[100, 100]","[100, 100]","[100, 100]","[100, 100]",ok.png,"[0, -375]","[150, 100]",40,tray,8,1,m,1,1,1,1,0,0,0,0,0,0,0,2.16542434692,2.165424346923828,0,-61,-61,193,193,1,1,0,0,0,0,0,0,0,0.516194999218,0.5161949992179871,0,-1,-1,-339,-339,83
tray2.png,17.png,07.png,14.png,00.png,00.png,00.png,00.png,00.png,00.png,00.png,00.png,02.png,30.png,20.png,04.png,"[-201, 218]","[-51, 218]","[99, 218]","[249, 218]","[-201, 68]","[-51, 68]","[99, 68]","[249, 68]","[-201, -82]","[-51, -82]","[99, -82]","[249, -82]","[-201, -232]","[-51, -232]","[99, -232]","[249, -232]","[100, 100]","[100, 100]","[100, 100]","[100, 100]","[100, 100]","[100, 100]","[100, 100]","[100, 100]","[100, 100]","[100, 100]","[100, 100]","[100, 100]","[100, 100]","[100, 100]","[100, 100]","[100, 100]",ok.png,"[0, -375]","[150, 100]",41,tray,8,1,m,1,1,1,1,0,0,0,0,0,0,0,0.882164061069,0.8821640610694885,0,-180,-180,198,198,1,1,0,0,0,0,0,0,0,0.466072171926,0.4660721719264984,0,34,34,-377,-377,296
00.png,tray2.png,04.png,00.png,00.png,16.png,22.png,00.png,00.png,32.png,02.png,00.png,00.png,29.png,19.png,00.png,"[-207, 250]","[-57, 250]","[93, 250]","[243, 250]","[-207, 100]","[-57, 100]","[93, 100]","[243, 100]","[-207, -50]","[-57, -50]","[93, -50]","[243, -50]","[-207, -200]","[-57, -200]","[93, -200]","[243, -200]","[100, 100]","[100, 100]","[100, 100]","[100, 100]","[100, 100]","[100, 100]","[100, 100]","[100, 100]","[100, 100]","[100, 100]","[100, 100]","[100, 100]","[100, 100]","[100, 100]","[100, 100]","[100, 100]",ok.png,"[0, -375]","[150, 100]",42,tray,8,1,m,1,1,1,1,0,0,0,0,0,0,0,1.99902546406,1.999025464057922,0,-39,-39,255,255,1,1,0,0,0,0,0,0,0,0.815965890884,0.8159658908843994,0,-14,-14,-420,-420,109
00.png,08.png,tray2.png,03.png,25.png,28.png,27.png,00.png,00.png,00.png,00.png,21.png,05.png,00.png,00.png,00.png,"[-227, 247]","[-77, 247]","[73, 247]","[223, 247]","[-227, 97]","[-77, 97]","[73, 97]","[223, 97]","[-227, -53]","[-77, -53]","[73, -53]","[223, -53]","[-227, -203]","[-77, -203]","[73, -203]","[223, -203]","[100, 100]","[100, 100]","[100, 100]","[100, 100]","[100, 100]","[100, 100]","[100, 100]","[100, 100]","[100, 100]","[100, 100]","[100, 100]","[100, 100]","[100, 100]","[100, 100]","[100, 100]","[100, 100]",ok.png,"[0, -375]","[150, 100]",43,tray,8,1,m,1,1,1,1,0,0,0,0,0,0,0,1.66582608223,1.665826082229614,0,76,76,242,242,1,1,0,0,0,0,0,0,0,5.18262147903,5.182621479034424,0,12,12,-381,-381,342
00.png,07.png,00.png,tray2.png,23.png,00.png,09.png,00.png,00.png,16.png,00.png,00.png,17.png,15.png,00.png,06.png,"[-243, 224]","[-93, 224]","[57, 224]","[207, 224]","[-243, 74]","[-93, 74]","[57, 74]","[207, 74]","[-243, -76]","[-93, -76]","[57, -76]","[207, -76]","[-243, -226]","[-93, -226]","[57, -226]","[207, -226]","[100, 100]","[100, 100]","[100, 100]","[100, 100]","[100, 100]","[100, 100]","[100, 100]","[100, 100]","[100, 100]","[100, 100]","[100, 100]","[100, 100]","[100, 100]","[100, 100]","[100, 100]","[100, 100]",ok.png,"[0, -375]","[150, 100]",44,tray,8,1,m,1,1,1,1,0,0,0,0,0,0,0,2.69880461693,2.698804616928101,0,199,199,224,224,1,1,0,0,0,0,0,0,0,0.516374468803,0.5163744688034058,0,-19,-19,-360,-360,98
00.png,32.png,00.png,31.png,tray2.png,08.png,30.png,00.png,34.png,00.png,00.png,12.png,00.png,00.png,11.png,00.png,"[-243, 248]","[-93, 248]","[57, 248]","[207, 248]","[-243, 98]","[-93, 98]","[57, 98]","[207, 98]","[-243, -52]","[-93, -52]","[57, -52]","[207, -52]","[-243, -202]","[-93, -202]","[57, -202]","[207, -202]","[100, 100]","[100, 100]","[100, 100]","[100, 100]","[100, 100]","[100, 100]","[100, 100]","[100, 100]","[100, 100]","[100, 100]","[100, 100]","[100, 100]","[100, 100]","[100, 100]","[100, 100]","[100, 100]",ok.png,"[0, -375]","[150, 100]",45,tray,8,1,m,1,1,1,1,0,0,0,0,0,0,0,1.0490424633,1.049042463302612,0,-257,-257,108,108,1,1,0,0,0,0,0,0,0,0.449696719646,0.4496967196464539,0,-1,-1,-378,-378,286
00.png,00.png,16.png,13.png,10.png,tray2.png,09.png,07.png,27.png,24.png,00.png,00.png,00.png,00.png,00.png,00.png,"[-241, 244]","[-91, 244]","[59, 244]","[209, 244]","[-241, 94]","[-91, 94]","[59, 94]","[209, 94]","[-241, -56]","[-91, -56]","[59, -56]","[209, -56]","[-241, -206]","[-91, -206]","[59, -206]","[209, -206]","[100, 100]","[100, 100]","[100, 100]","[100, 100]","[100, 100]","[100, 100]","[100, 100]","[100, 100]","[100, 100]","[100, 100]","[100, 100]","[100, 100]","[100, 100]","[100, 100]","[100, 100]","[100, 100]",ok.png,"[0, -375]","[150, 100]",46,tray,8,1,m,1,1,1,1,0,0,0,0,0,0,0,0.99891769886,0.9989176988601683,0,-100,-100,77,77,1,1,0,0,0,0,0,0,0,0.816034972668,0.8160349726676941,0,2,2,-374,-374,281
30.png,00.png,20.png,00.png,10.png,00.png,tray2.png,01.png,00.png,05.png,00.png,33.png,00.png,25.png,00.png,00.png,"[-232, 242]","[-82, 242]","[68, 242]","[218, 242]","[-232, 92]","[-82, 92]","[68, 92]","[218, 92]","[-232, -58]","[-82, -58]","[68, -58]","[218, -58]","[-232, -208]","[-82, -208]","[68, -208]","[218, -208]","[100, 100]","[100, 100]","[100, 100]","[100, 100]","[100, 100]","[100, 100]","[100, 100]","[100, 100]","[100, 100]","[100, 100]","[100, 100]","[100, 100]","[100, 100]","[100, 100]","[100, 100]","[100, 100]",ok.png,"[0, -375]","[150, 100]",47,tray,8,1,m,1,1,1,1,0,0,0,0,0,0,0,0.965314269066,0.9653142690658568,0,65,65,87,87,1,1,0,0,0,0,0,0,0,0.449556469917,0.4495564699172974,0,21,21,-364,-364,179
00.png,00.png,24.png,26.png,00.png,04.png,02.png,tray2.png,09.png,00.png,14.png,00.png,18.png,00.png,00.png,00.png,"[-234, 240]","[-84, 240]","[66, 240]","[216, 240]","[-234, 90]","[-84, 90]","[66, 90]","[216, 90]","[-234, -60]","[-84, -60]","[66, -60]","[216, -60]","[-234, -210]","[-84, -210]","[66, -210]","[216, -210]","[100, 100]","[100, 100]","[100, 100]","[100, 100]","[100, 100]","[100, 100]","[100, 100]","[100, 100]","[100, 100]","[100, 100]","[100, 100]","[100, 100]","[100, 100]","[100, 100]","[100, 100]","[100, 100]",ok.png,"[0, -375]","[150, 100]",48,tray,8,1,m,1,1,1,1,0,0,0,0,0,0,0,1.21538960934,1.215389609336853,0,201,201,78,78,1,1,0,0,0,0,0,0,0,0.982776880264,0.9827768802642822,0,-30,-30,-349,-349,197
19.png,00.png,00.png,09.png,30.png,00.png,00.png,18.png,tray2.png,00.png,07.png,11.png,00.png,00.png,14.png,00.png,"[-227, 214]","[-77, 214]","[73, 214]","[223, 214]","[-227, 64]","[-77, 64]","[73, 64]","[223, 64]","[-227, -86]","[-77, -86]","[73, -86]","[223, -86]","[-227, -236]","[-77, -236]","[73, -236]","[223, -236]","[100, 100]","[100, 100]","[100, 100]","[100, 100]","[100, 100]","[100, 100]","[100, 100]","[100, 100]","[100, 100]","[100, 100]","[100, 100]","[100, 100]","[100, 100]","[100, 100]","[100, 100]","[100, 100]",ok.png,"[0, -375]","[150, 100]",49,tray,8,1,m,1,1,1,1,0,0,0,0,0,0,0,1.14902329445,1.149023294448853,0,-218,-218,-77,-77,1,1,0,0,0,0,0,0,0,0.516008079052,0.5160080790519714,0,-17,-17,-401,-401,201
00.png,29.png,00.png,19.png,00.png,14.png,00.png,33.png,00.png,tray2.png,00.png,23.png,00.png,13.png,00.png,31.png,"[-200, 225]","[-50, 225]","[100, 225]","[250, 225]","[-200, 75]","[-50, 75]","[100, 75]","[250, 75]","[-200, -75]","[-50, -75]","[100, -75]","[250, -75]","[-200, -225]","[-50, -225]","[100, -225]","[250, -225]","[100, 100]","[100, 100]","[100, 100]","[100, 100]","[100, 100]","[100, 100]","[100, 100]","[100, 100]","[100, 100]","[100, 100]","[100, 100]","[100, 100]","[100, 100]","[100, 100]","[100, 100]","[100, 100]",ok.png,"[0, -375]","[150, 100]",50,tray,8,1,m,1,1,1,1,0,0,0,0,0,0,0,1.04892981052,1.048929810523987,0,-29,-29,-81,-81,1,1,0,0,0,0,0,0,0,0.582812428474,0.5828124284744263,0,5,5,-363,-363,257
dots1.png,01.png,02.png,03.png,04.png,05.png,06.png,07.png,00.png,00.png,00.png,00.png,00.png,00.png,00.png,00.png,"[-213, 213]","[-63, 213]","[87, 213]","[237, 213]","[-213, 63]","[-63, 63]","[87, 63]","[237, 63]","[-213, -87]","[-63, -87]","[87, -87]","[237, -87]","[-213, -237]","[-63, -237]","[87, -237]","[237, -237]","[100, 100]","[100, 100]","[100, 100]","[100, 100]","[100, 100]","[100, 100]","[100, 100]","[100, 100]","[100, 100]","[100, 100]","[100, 100]","[100, 100]","[100, 100]","[100, 100]","[100, 100]","[100, 100]",ok.png,"[0, -375]","[150, 100]",51,dots,8,2,m,1,1,1,1,0,0,0,0,0,0,0,0.931885778904,0.9318857789039612,0,-186,-186,215,215,1,1,0,0,0,0,0,0,0,0.61590898037,0.6159089803695679,0,27,27,-409,-409,305
08.png,dots1.png,09.png,00.png,10.png,11.png,12.png,13.png,00.png,14.png,00.png,00.png,00.png,00.png,00.png,00.png,"[-227, 205]","[-77, 205]","[73, 205]","[223, 205]","[-227, 55]","[-77, 55]","[73, 55]","[223, 55]","[-227, -95]","[-77, -95]","[73, -95]","[223, -95]","[-227, -245]","[-77, -245]","[73, -245]","[223, -245]","[100, 100]","[100, 100]","[100, 100]","[100, 100]","[100, 100]","[100, 100]","[100, 100]","[100, 100]","[100, 100]","[100, 100]","[100, 100]","[100, 100]","[100, 100]","[100, 100]","[100, 100]","[100, 100]",ok.png,"[0, -375]","[150, 100]",52,dots,8,2,m,1,1,1,1,0,0,0,0,0,0,0,0.865638971329,0.8656389713287354,0,-73,-73,201,201,1,1,0,0,0,0,0,0,0,0.749460458755,0.7494604587554932,0,4,4,-349,-349,81
00.png,00.png,dots1.png,15.png,16.png,17.png,18.png,19.png,20.png,21.png,00.png,00.png,00.png,00.png,00.png,00.png,"[-209, 224]","[-59, 224]","[91, 224]","[241, 224]","[-209, 74]","[-59, 74]","[91, 74]","[241, 74]","[-209, -76]","[-59, -76]","[91, -76]","[241, -76]","[-209, -226]","[-59, -226]","[91, -226]","[241, -226]","[100, 100]","[100, 100]","[100, 100]","[100, 100]","[100, 100]","[100, 100]","[100, 100]","[100, 100]","[100, 100]","[100, 100]","[100, 100]","[100, 100]","[100, 100]","[100, 100]","[100, 100]","[100, 100]",ok.png,"[0, -375]","[150, 100]",53,dots,8,2,m,1,1,1,1,0,0,0,0,0,0,0,1.53234803677,1.532348036766052,0,92,92,206,206,1,1,0,0,0,0,0,0,0,0.89950722456,0.8995072245597839,0,8,8,-359,-359,429
22.png,23.png,24.png,dots1.png,00.png,00.png,25.png,26.png,00.png,00.png,27.png,28.png,00.png,00.png,00.png,00.png,"[-226, 221]","[-76, 221]","[74, 221]","[224, 221]","[-226, 71]","[-76, 71]","[74, 71]","[224, 71]","[-226, -79]","[-76, -79]","[74, -79]","[224, -79]","[-226, -229]","[-76, -229]","[74, -229]","[224, -229]","[100, 100]","[100, 100]","[100, 100]","[100, 100]","[100, 100]","[100, 100]","[100, 100]","[100, 100]","[100, 100]","[100, 100]","[100, 100]","[100, 100]","[100, 100]","[100, 100]","[100, 100]","[100, 100]",ok.png,"[0, -375]","[150, 100]",54,dots,8,2,m,1,1,1,1,0,0,0,0,0,0,0,2.44908380508,2.449083805084229,0,224,224,200,200,1,1,0,0,0,0,0,0,0,0.549447655678,0.5494476556777954,0,27,27,-397,-397,290
00.png,00.png,00.png,00.png,dots1.png,29.png,30.png,31.png,32.png,33.png,34.png,01.png,00.png,00.png,00.png,00.png,"[-250, 206]","[-100, 206]","[50, 206]","[200, 206]","[-250, 56]","[-100, 56]","[50, 56]","[200, 56]","[-250, -94]","[-100, -94]","[50, -94]","[200, -94]","[-250, -244]","[-100, -244]","[50, -244]","[200, -244]","[100, 100]","[100, 100]","[100, 100]","[100, 100]","[100, 100]","[100, 100]","[100, 100]","[100, 100]","[100, 100]","[100, 100]","[100, 100]","[100, 100]","[100, 100]","[100, 100]","[100, 100]","[100, 100]",ok.png,"[0, -375]","[150, 100]",55,dots,8,2,m,1,1,1,1,0,0,0,0,0,0,0,0.865288794041,0.8652887940406799,0,-224,-224,31,31,1,1,0,0,0,0,0,0,0,0.399676024914,0.3996760249137878,0,60,60,-400,-400,327
01.png,34.png,00.png,00.png,04.png,dots1.png,00.png,00.png,06.png,15.png,00.png,00.png,17.png,23.png,00.png,00.png,"[-224, 235]","[-74, 235]","[76, 235]","[226, 235]","[-224, 85]","[-74, 85]","[76, 85]","[226, 85]","[-224, -65]","[-74, -65]","[76, -65]","[226, -65]","[-224, -215]","[-74, -215]","[76, -215]","[226, -215]","[100, 100]","[100, 100]","[100, 100]","[100, 100]","[100, 100]","[100, 100]","[100, 100]","[100, 100]","[100, 100]","[100, 100]","[100, 100]","[100, 100]","[100, 100]","[100, 100]","[100, 100]","[100, 100]",ok.png,"[0, -375]","[150, 100]",56,dots,8,2,m,1,1,1,1,0,0,0,0,0,0,0,0.999023497105,0.9990234971046448,0,-58,-58,56,56,1,1,0,0,0,0,0,0,0,0.832664489746,0.83266448974609375,0,39,39,-373,-373,297
00.png,00.png,00.png,00.png,07.png,03.png,dots1.png,25.png,00.png,00.png,00.png,00.png,06.png,22.png,09.png,14.png,"[-210, 201]","[-60, 201]","[90, 201]","[240, 201]","[-210, 51]","[-60, 51]","[90, 51]","[240, 51]","[-210, -99]","[-60, -99]","[90, -99]","[240, -99]","[-210, -249]","[-60, -249]","[90, -249]","[240, -249]","[100, 100]","[100, 100]","[100, 100]","[100, 100]","[100, 100]","[100, 100]","[100, 100]","[100, 100]","[100, 100]","[100, 100]","[100, 100]","[100, 100]","[100, 100]","[100, 100]","[100, 100]","[100, 100]",ok.png,"[0, -375]","[150, 100]",57,dots,8,2,m,1,1,1,1,0,0,0,0,0,0,0,0.998935043812,0.998935043811798,0,90,90,54,54,1,1,0,0,0,0,0,0,0,0.782871901989,0.7828719019889832,0,4,4,-380,-380,250
00.png,05.png,33.png,07.png,00.png,00.png,27.png,dots1.png,00.png,17.png,30.png,31.png,00.png,00.png,00.png,00.png,"[-245, 228]","[-95, 228]","[55, 228]","[205, 228]","[-245, 78]","[-95, 78]","[55, 78]","[205, 78]","[-245, -72]","[-95, -72]","[55, -72]","[205, -72]","[-245, -222]","[-95, -222]","[55, -222]","[205, -222]","[100, 100]","[100, 100]","[100, 100]","[100, 100]","[100, 100]","[100, 100]","[100, 100]","[100, 100]","[100, 100]","[100, 100]","[100, 100]","[100, 100]","[100, 100]","[100, 100]","[100, 100]","[100, 100]",ok.png,"[0, -375]","[150, 100]",58,dots,8,2,m,1,1,1,1,0,0,0,0,0,0,0,1.28229916096,1.282299160957336,0,180,180,68,68,1,1,0,0,0,0,0,0,0,0.56619977951,0.566199779510498,0,20,20,-368,-368,387
00.png,00.png,00.png,00.png,00.png,00.png,00.png,00.png,dots1.png,29.png,23.png,27.png,21.png,25.png,31.png,33.png,"[-230, 225]","[-80, 225]","[70, 225]","[220, 225]","[-230, 75]","[-80, 75]","[70, 75]","[220, 75]","[-230, -75]","[-80, -75]","[70, -75]","[220, -75]","[-230, -225]","[-80, -225]","[70, -225]","[220, -225]","[100, 100]","[100, 100]","[100, 100]","[100, 100]","[100, 100]","[100, 100]","[100, 100]","[100, 100]","[100, 100]","[100, 100]","[100, 100]","[100, 100]","[100, 100]","[100, 100]","[100, 100]","[100, 100]",ok.png,"[0, -375]","[150, 100]",59,dots,8,2,m,1,1,1,1,0,0,0,0,0,0,0,1.34906220436,1.349062204360962,0,-224,-224,-81,-81,1,1,0,0,0,0,0,0,0,1.78278398514,1.782783985137939,0,25,25,-385,-385,269
00.png,00.png,00.png,00.png,14.png,16.png,18.png,20.png,22.png,dots1.png,24.png,26.png,00.png,00.png,00.png,00.png,"[-245, 208]","[-95, 208]","[55, 208]","[205, 208]","[-245, 58]","[-95, 58]","[55, 58]","[205, 58]","[-245, -92]","[-95, -92]","[55, -92]","[205, -92]","[-245, -242]","[-95, -242]","[55, -242]","[205, -242]","[100, 100]","[100, 100]","[100, 100]","[100, 100]","[100, 100]","[100, 100]","[100, 100]","[100, 100]","[100, 100]","[100, 100]","[100, 100]","[100, 100]","[100, 100]","[100, 100]","[100, 100]","[100, 100]",ok.png,"[0, -375]","[150, 100]",60,dots,8,2,m,1,1,1,1,0,0,0,0,0,0,0,0.932082056999,0.9320820569992064,0,-95,-95,-70,-70,1,1,0,0,0,0,0,0,0,0.632874667645,0.6328746676445007,0,-31,-31,-357,-357,356
00.png,00.png,00.png,00.png,13.png,10.png,00.png,00.png,16.png,19.png,dots1.png,21.png,24.png,27.png,00.png,00.png,"[-227, 226]","[-77, 226]","[73, 226]","[223, 226]","[-227, 76]","[-77, 76]","[73, 76]","[223, 76]","[-227, -74]","[-77, -74]","[73, -74]","[223, -74]","[-227, -224]","[-77, -224]","[73, -224]","[223, -224]","[100, 100]","[100, 100]","[100, 100]","[100, 100]","[100, 100]","[100, 100]","[100, 100]","[100, 100]","[100, 100]","[100, 100]","[100, 100]","[100, 100]","[100, 100]","[100, 100]","[100, 100]","[100, 100]",ok.png,"[0, -375]","[150, 100]",61,dots,8,2,m,1,1,1,1,0,0,0,0,0,0,0,0.982541680336,0.9825416803359984,0,75,75,-78,-78,1,1,0,0,0,0,0,0,0,0.432937532663,0.4329375326633453,0,21,21,-410,-410,368
10.png,15.png,20.png,25.png,00.png,00.png,00.png,00.png,21.png,16.png,11.png,dots1.png,00.png,00.png,00.png,00.png,"[-211, 209]","[-61, 209]","[89, 209]","[239, 209]","[-211, 59]","[-61, 59]","[89, 59]","[239, 59]","[-211, -91]","[-61, -91]","[89, -91]","[239, -91]","[-211, -241]","[-61, -241]","[89, -241]","[239, -241]","[100, 100]","[100, 100]","[100, 100]","[100, 100]","[100, 100]","[100, 100]","[100, 100]","[100, 100]","[100, 100]","[100, 100]","[100, 100]","[100, 100]","[100, 100]","[100, 100]","[100, 100]","[100, 100]",ok.png,"[0, -375]","[150, 100]",62,dots,8,2,m,1,1,1,1,0,0,0,0,0,0,0,1.74899971485,1.748999714851379,0,233,233,-84,-84,1,1,0,0,0,0,0,0,0,0.716164529324,0.7161645293235779,0,4,4,-358,-358,434
00.png,00.png,00.png,00.png,00.png,00.png,00.png,00.png,03.png,01.png,07.png,08.png,dots1.png,05.png,02.png,04.png,"[-239, 213]","[-89, 213]","[61, 213]","[211, 213]","[-239, 63]","[-89, 63]","[61, 63]","[211, 63]","[-239, -87]","[-89, -87]","[61, -87]","[211, -87]","[-239, -237]","[-89, -237]","[61, -237]","[211, -237]","[100, 100]","[100, 100]","[100, 100]","[100, 100]","[100, 100]","[100, 100]","[100, 100]","[100, 100]","[100, 100]","[100, 100]","[100, 100]","[100, 100]","[100, 100]","[100, 100]","[100, 100]","[100, 100]",ok.png,"[0, -375]","[150, 100]",63,dots,8,2,m,1,1,1,1,0,0,0,0,0,0,0,0.965504288673,0.9655042886734008,0,-239,-239,-232,-232,1,1,0,0,0,0,0,0,0,0.549556076527,0.5495560765266418,0,35,35,-377,-377,431
29.png,00.png,00.png,16.png,00.png,00.png,33.png,08.png,13.png,00.png,00.png,00.png,23.png,dots1.png,12.png,00.png,"[-236, 203]","[-86, 203]","[64, 203]","[214, 203]","[-236, 53]","[-86, 53]","[64, 53]","[214, 53]","[-236, -97]","[-86, -97]","[64, -97]","[214, -97]","[-236, -247]","[-86, -247]","[64, -247]","[214, -247]","[100, 100]","[100, 100]","[100, 100]","[100, 100]","[100, 100]","[100, 100]","[100, 100]","[100, 100]","[100, 100]","[100, 100]","[100, 100]","[100, 100]","[100, 100]","[100, 100]","[100, 100]","[100, 100]",ok.png,"[0, -375]","[150, 100]",64,dots,8,2,m,1,1,1,1,0,0,0,0,0,0,0,1.13246405125,1.132464051246643,0,-89,-89,-224,-224,1,1,0,0,0,0,0,0,0,0.732872247696,0.7328722476959229,0,-24,-24,-378,-378,306
00.png,00.png,00.png,00.png,00.png,00.png,00.png,33.png,27.png,23.png,17.png,13.png,07.png,03.png,dots1.png,00.png,"[-226, 249]","[-76, 249]","[74, 249]","[224, 249]","[-226, 99]","[-76, 99]","[74, 99]","[224, 99]","[-226, -51]","[-76, -51]","[74, -51]","[224, -51]","[-226, -201]","[-76, -201]","[74, -201]","[224, -201]","[100, 100]","[100, 100]","[100, 100]","[100, 100]","[100, 100]","[100, 100]","[100, 100]","[100, 100]","[100, 100]","[100, 100]","[100, 100]","[100, 100]","[100, 100]","[100, 100]","[100, 100]","[100, 100]",ok.png,"[0, -375]","[150, 100]",65,dots,8,2,m,1,1,1,1,0,0,0,0,0,0,0,1.24880671501,1.248806715011597,0,70,70,-204,-204,1,1,0,0,0,0,0,0,0,1.21667015553,1.216670155525208,0,41,41,-368,-368,34
04.png,20.png,30.png,02.png,00.png,00.png,00.png,00.png,00.png,00.png,00.png,00.png,14.png,07.png,17.png,dots1.png,"[-204, 235]","[-54, 235]","[96, 235]","[246, 235]","[-204, 85]","[-54, 85]","[96, 85]","[246, 85]","[-204, -65]","[-54, -65]","[96, -65]","[246, -65]","[-204, -215]","[-54, -215]","[96, -215]","[246, -215]","[100, 100]","[100, 100]","[100, 100]","[100, 100]","[100, 100]","[100, 100]","[100, 100]","[100, 100]","[100, 100]","[100, 100]","[100, 100]","[100, 100]","[100, 100]","[100, 100]","[100, 100]","[100, 100]",ok.png,"[0, -375]","[150, 100]",66,dots,8,2,m,1,1,1,1,0,0,0,0,0,0,0,0.849009513855,0.8490095138549805,0,237,237,-208,-208,1,1,0,0,0,0,0,0,0,0.766279399395,0.766279399394989,0,-8,-8,-381,-381,170
00.png,19.png,29.png,00.png,00.png,02.png,32.png,00.png,00.png,22.png,16.png,00.png,00.png,04.png,dots1.png,00.png,"[-231, 240]","[-81, 240]","[69, 240]","[219, 240]","[-231, 90]","[-81, 90]","[69, 90]","[219, 90]","[-231, -60]","[-81, -60]","[69, -60]","[219, -60]","[-231, -210]","[-81, -210]","[69, -210]","[219, -210]","[100, 100]","[100, 100]","[100, 100]","[100, 100]","[100, 100]","[100, 100]","[100, 100]","[100, 100]","[100, 100]","[100, 100]","[100, 100]","[100, 100]","[100, 100]","[100, 100]","[100, 100]","[100, 100]",ok.png,"[0, -375]","[150, 100]",67,dots,8,2,m,1,1,1,1,0,0,0,0,0,0,0,1.83228647709,1.832286477088928,0,50,50,-204,-204,1,1,0,0,0,0,0,0,0,0.482771635056,0.482771635055542,0,16,16,-355,-355,186
00.png,00.png,00.png,05.png,21.png,00.png,00.png,00.png,00.png,27.png,28.png,25.png,03.png,dots1.png,08.png,00.png,"[-219, 217]","[-69, 217]","[81, 217]","[231, 217]","[-219, 67]","[-69, 67]","[81, 67]","[231, 67]","[-219, -83]","[-69, -83]","[81, -83]","[231, -83]","[-219, -233]","[-69, -233]","[81, -233]","[231, -233]","[100, 100]","[100, 100]","[100, 100]","[100, 100]","[100, 100]","[100, 100]","[100, 100]","[100, 100]","[100, 100]","[100, 100]","[100, 100]","[100, 100]","[100, 100]","[100, 100]","[100, 100]","[100, 100]",ok.png,"[0, -375]","[150, 100]",68,dots,8,2,m,1,1,1,1,0,0,0,0,0,0,0,2.33267402649,2.332674026489258,0,-53,-53,-218,-218,1,1,0,0,0,0,0,0,0,3.43242096901,3.432420969009399,0,5,5,-349,-349,6
06.png,00.png,15.png,17.png,00.png,00.png,16.png,00.png,00.png,09.png,00.png,23.png,dots1.png,00.png,07.png,00.png,"[-239, 240]","[-89, 240]","[61, 240]","[211, 240]","[-239, 90]","[-89, 90]","[61, 90]","[211, 90]","[-239, -60]","[-89, -60]","[61, -60]","[211, -60]","[-239, -210]","[-89, -210]","[61, -210]","[211, -210]","[100, 100]","[100, 100]","[100, 100]","[100, 100]","[100, 100]","[100, 100]","[100, 100]","[100, 100]","[100, 100]","[100, 100]","[100, 100]","[100, 100]","[100, 100]","[100, 100]","[100, 100]","[100, 100]",ok.png,"[0, -375]","[150, 100]",69,dots,8,2,m,1,1,1,1,0,0,0,0,0,0,0,0.931678175926,0.9316781759262084,0,-207,-207,-201,-201,1,1,0,0,0,0,0,0,0,0.849363327026,0.8493633270263672,0,26,26,-435,-435,337
00.png,11.png,00.png,00.png,12.png,00.png,00.png,34.png,00.png,30.png,08.png,dots1.png,31.png,00.png,32.png,00.png,"[-210, 247]","[-60, 247]","[90, 247]","[240, 247]","[-210, 97]","[-60, 97]","[90, 97]","[240, 97]","[-210, -53]","[-60, -53]","[90, -53]","[240, -53]","[-210, -203]","[-60, -203]","[90, -203]","[240, -203]","[100, 100]","[100, 100]","[100, 100]","[100, 100]","[100, 100]","[100, 100]","[100, 100]","[100, 100]","[100, 100]","[100, 100]","[100, 100]","[100, 100]","[100, 100]","[100, 100]","[100, 100]","[100, 100]",ok.png,"[0, -375]","[150, 100]",70,dots,8,2,m,1,1,1,1,0,0,0,0,0,0,0,0.915425539017,0.9154255390167236,0,215,215,-56,-56,1,1,0,0,0,0,0,0,0,0.582938432693,0.5829384326934814,0,12,12,-365,-365,172
00.png,00.png,00.png,00.png,00.png,00.png,24.png,27.png,07.png,09.png,dots1.png,10.png,13.png,16.png,00.png,00.png,"[-223, 232]","[-73, 232]","[77, 232]","[227, 232]","[-223, 82]","[-73, 82]","[77, 82]","[227, 82]","[-223, -68]","[-73, -68]","[77, -68]","[227, -68]","[-223, -218]","[-73, -218]","[77, -218]","[227, -218]","[100, 100]","[100, 100]","[100, 100]","[100, 100]","[100, 100]","[100, 100]","[100, 100]","[100, 100]","[100, 100]","[100, 100]","[100, 100]","[100, 100]","[100, 100]","[100, 100]","[100, 100]","[100, 100]",ok.png,"[0, -375]","[150, 100]",71,dots,8,2,m,1,1,1,1,0,0,0,0,0,0,0,1.33227038383,1.332270383834839,0,78,78,-68,-68,1,1,0,0,0,0,0,0,0,0.966250658035,0.9662506580352784,0,19,19,-389,-389,106
00.png,00.png,25.png,00.png,33.png,00.png,05.png,00.png,01.png,dots1.png,00.png,10.png,00.png,20.png,00.png,30.png,"[-230, 235]","[-80, 235]","[70, 235]","[220, 235]","[-230, 85]","[-80, 85]","[70, 85]","[220, 85]","[-230, -65]","[-80, -65]","[70, -65]","[220, -65]","[-230, -215]","[-80, -215]","[70, -215]","[220, -215]","[100, 100]","[100, 100]","[100, 100]","[100, 100]","[100, 100]","[100, 100]","[100, 100]","[100, 100]","[100, 100]","[100, 100]","[100, 100]","[100, 100]","[100, 100]","[100, 100]","[100, 100]","[100, 100]",ok.png,"[0, -375]","[150, 100]",72,dots,8,2,m,1,1,1,1,0,0,0,0,0,0,0,0.915767192841,0.9157671928405762,0,-39,-39,-53,-53,1,1,0,0,0,0,0,0,0,0.382729947567,0.3827299475669861,0,34,34,-407,-407,394
00.png,00.png,00.png,18.png,00.png,14.png,00.png,09.png,dots1.png,02.png,04.png,00.png,26.png,24.png,00.png,00.png,"[-204, 234]","[-54, 234]","[96, 234]","[246, 234]","[-204, 84]","[-54, 84]","[96, 84]","[246, 84]","[-204, -66]","[-54, -66]","[96, -66]","[246, -66]","[-204, -216]","[-54, -216]","[96, -216]","[246, -216]","[100, 100]","[100, 100]","[100, 100]","[100, 100]","[100, 100]","[100, 100]","[100, 100]","[100, 100]","[100, 100]","[100, 100]","[100, 100]","[100, 100]","[100, 100]","[100, 100]","[100, 100]","[100, 100]",ok.png,"[0, -375]","[150, 100]",73,dots,8,2,m,1,1,1,1,0,0,0,0,0,0,0,1.33215117455,1.332151174545288,0,-195,-195,-74,-74,1,1,0,0,0,0,0,0,0,1.46621549129,1.466215491294861,0,3,3,-376,-376,130
00.png,14.png,00.png,00.png,11.png,07.png,00.png,dots1.png,18.png,00.png,00.png,30.png,09.png,00.png,00.png,19.png,"[-205, 214]","[-55, 214]","[95, 214]","[245, 214]","[-205, 64]","[-55, 64]","[95, 64]","[245, 64]","[-205, -86]","[-55, -86]","[95, -86]","[245, -86]","[-205, -236]","[-55, -236]","[95, -236]","[245, -236]","[100, 100]","[100, 100]","[100, 100]","[100, 100]","[100, 100]","[100, 100]","[100, 100]","[100, 100]","[100, 100]","[100, 100]","[100, 100]","[100, 100]","[100, 100]","[100, 100]","[100, 100]","[100, 100]",ok.png,"[0, -375]","[150, 100]",74,dots,8,2,m,1,1,1,1,0,0,0,0,0,0,0,1.01557981968,1.01557981967926,0,247,247,61,61,1,1,0,0,0,0,0,0,0,0.582773208618,0.5827732086181641,0,-5,-5,-400,-400,236
31.png,00.png,13.png,00.png,23.png,00.png,dots1.png,00.png,33.png,00.png,14.png,00.png,19.png,00.png,29.png,00.png,"[-247, 223]","[-97, 223]","[53, 223]","[203, 223]","[-247, 73]","[-97, 73]","[53, 73]","[203, 73]","[-247, -77]","[-97, -77]","[53, -77]","[203, -77]","[-247, -227]","[-97, -227]","[53, -227]","[203, -227]","[100, 100]","[100, 100]","[100, 100]","[100, 100]","[100, 100]","[100, 100]","[100, 100]","[100, 100]","[100, 100]","[100, 100]","[100, 100]","[100, 100]","[100, 100]","[100, 100]","[100, 100]","[100, 100]",ok.png,"[0, -375]","[150, 100]",75,dots,8,2,m,1,1,1,1,0,0,0,0,0,0,0,0.93205845356000006,0.9320584535598756,0,31,31,88,88,1,1,0,0,0,0,0,0,0,0.949520468712,0.949520468711853,0,25,25,-364,-364,243
00.png,00.png,00.png,00.png,00.png,00.png,00.png,00.png,07.png,06.png,05.png,04.png,03.png,02.png,01.png,dots2.png,"[-207, 209]","[-57, 209]","[93, 209]","[243, 209]","[-207, 59]","[-57, 59]","[93, 59]","[243, 59]","[-207, -91]","[-57, -91]","[93, -91]","[243, -91]","[-207, -241]","[-57, -241]","[93, -241]","[243, -241]","[100, 100]","[100, 100]","[100, 100]","[100, 100]","[100, 100]","[100, 100]","[100, 100]","[100, 100]","[100, 100]","[100, 100]","[100, 100]","[100, 100]","[100, 100]","[100, 100]","[100, 100]","[100, 100]",ok.png,"[0, -375]","[150, 100]",76,dots,8,2,m,1,1,1,1,0,0,0,0,0,0,0,1.1156090498,1.115609049797058,0,244,244,-238,-238,1,1,0,0,0,0,0,0,0,0.699474215508,0.6994742155075073,0,9,9,-353,-353,273
00.png,00.png,00.png,00.png,00.png,00.png,14.png,00.png,13.png,12.png,11.png,10.png,00.png,09.png,dots2.png,08.png,"[-237, 214]","[-87, 214]","[63, 214]","[213, 214]","[-237, 64]","[-87, 64]","[63, 64]","[213, 64]","[-237, -86]","[-87, -86]","[63, -86]","[213, -86]","[-237, -236]","[-87, -236]","[63, -236]","[213, -236]","[100, 100]","[100, 100]","[100, 100]","[100, 100]","[100, 100]","[100, 100]","[100, 100]","[100, 100]","[100, 100]","[100, 100]","[100, 100]","[100, 100]","[100, 100]","[100, 100]","[100, 100]","[100, 100]",ok.png,"[0, -375]","[150, 100]",77,dots,8,2,m,1,1,1,1,0,0,0,0,0,0,0,1.11575698853,1.115756988525391,0,71,71,-236,-236,1,1,0,0,0,0,0,0,0,0.266116559505,0.2661165595054626,0,54,54,-326,-326,241
00.png,00.png,00.png,00.png,00.png,00.png,21.png,20.png,19.png,18.png,17.png,16.png,15.png,dots2.png,00.png,00.png,"[-231, 207]","[-81, 207]","[69, 207]","[219, 207]","[-231, 57]","[-81, 57]","[69, 57]","[219, 57]","[-231, -93]","[-81, -93]","[69, -93]","[219, -93]","[-231, -243]","[-81, -243]","[69, -243]","[219, -243]","[100, 100]","[100, 100]","[100, 100]","[100, 100]","[100, 100]","[100, 100]","[100, 100]","[100, 100]","[100, 100]","[100, 100]","[100, 100]","[100, 100]","[100, 100]","[100, 100]","[100, 100]","[100, 100]",ok.png,"[0, -375]","[150, 100]",78,dots,8,2,m,1,1,1,1,0,0,0,0,0,0,0,1.23228788376,1.232287883758545,0,-109,-109,-247,-247,1,1,0,0,0,0,0,0,0,0.349467009306,0.349467009305954,0,-5,-5,-412,-412,149
00.png,00.png,00.png,00.png,00.png,00.png,31.png,27.png,26.png,28.png,00.png,00.png,dots2.png,24.png,23.png,22.png,"[-245, 222]","[-95, 222]","[55, 222]","[205, 222]","[-245, 72]","[-95, 72]","[55, 72]","[205, 72]","[-245, -78]","[-95, -78]","[55, -78]","[205, -78]","[-245, -228]","[-95, -228]","[55, -228]","[205, -228]","[100, 100]","[100, 100]","[100, 100]","[100, 100]","[100, 100]","[100, 100]","[100, 100]","[100, 100]","[100, 100]","[100, 100]","[100, 100]","[100, 100]","[100, 100]","[100, 100]","[100, 100]","[100, 100]",ok.png,"[0, -375]","[150, 100]",79,dots,8,2,m,1,1,1,1,0,0,0,0,0,0,0,1.94912624359,1.949126243591309,0,-234,-234,-234,-234,1,1,0,0,0,0,0,0,0,0.516228854656,0.5162288546562195,0,6,6,-367,-367,136
00.png,00.png,00.png,00.png,01.png,34.png,33.png,32.png,31.png,30.png,29.png,dots2.png,00.png,00.png,00.png,00.png,"[-210, 238]","[-60, 238]","[90, 238]","[240, 238]","[-210, 88]","[-60, 88]","[90, 88]","[240, 88]","[-210, -62]","[-60, -62]","[90, -62]","[240, -62]","[-210, -212]","[-60, -212]","[90, -212]","[240, -212]","[100, 100]","[100, 100]","[100, 100]","[100, 100]","[100, 100]","[100, 100]","[100, 100]","[100, 100]","[100, 100]","[100, 100]","[100, 100]","[100, 100]","[100, 100]","[100, 100]","[100, 100]","[100, 100]",ok.png,"[0, -375]","[150, 100]",80,dots,8,2,m,1,1,1,1,0,0,0,0,0,0,0,1.09862458706,1.098624587059021,0,228,228,-62,-62,1,1,0,0,0,0,0,0,0,0.432852476835,0.4328524768352509,0,42,42,-351,-351,389
00.png,00.png,23.png,17.png,00.png,00.png,15.png,06.png,00.png,00.png,dots2.png,04.png,00.png,00.png,34.png,01.png,"[-212, 248]","[-62, 248]","[88, 248]","[238, 248]","[-212, 98]","[-62, 98]","[88, 98]","[238, 98]","[-212, -52]","[-62, -52]","[88, -52]","[238, -52]","[-212, -202]","[-62, -202]","[88, -202]","[238, -202]","[100, 100]","[100, 100]","[100, 100]","[100, 100]","[100, 100]","[100, 100]","[100, 100]","[100, 100]","[100, 100]","[100, 100]","[100, 100]","[100, 100]","[100, 100]","[100, 100]","[100, 100]","[100, 100]",ok.png,"[0, -375]","[150, 100]",81,dots,8,2,m,1,1,1,1,0,0,0,0,0,0,0,0.815210402012,0.8152104020118713,0,114,114,-52,-52,1,1,0,0,0,0,0,0,0,0.699468255043,0.6994682550430298,0,32,32,-339,-339,334
14.png,09.png,22.png,06.png,00.png,00.png,00.png,00.png,25.png,dots2.png,03.png,07.png,00.png,00.png,00.png,00.png,"[-239, 245]","[-89, 245]","[61, 245]","[211, 245]","[-239, 95]","[-89, 95]","[61, 95]","[211, 95]","[-239, -55]","[-89, -55]","[61, -55]","[211, -55]","[-239, -205]","[-89, -205]","[61, -205]","[211, -205]","[100, 100]","[100, 100]","[100, 100]","[100, 100]","[100, 100]","[100, 100]","[100, 100]","[100, 100]","[100, 100]","[100, 100]","[100, 100]","[100, 100]","[100, 100]","[100, 100]","[100, 100]","[100, 100]",ok.png,"[0, -375]","[150, 100]",82,dots,8,2,m,1,1,1,1,0,0,0,0,0,0,0,0.93245780468,0.9324578046798706,0,-117,-117,-57,-57,1,1,0,0,0,0,0,0,0,0.666131913662,0.6661319136619568,0,11,11,-354,-354,168
00.png,00.png,00.png,00.png,31.png,30.png,17.png,00.png,dots2.png,27.png,00.png,00.png,07.png,33.png,05.png,00.png,"[-216, 221]","[-66, 221]","[84, 221]","[234, 221]","[-216, 71]","[-66, 71]","[84, 71]","[234, 71]","[-216, -79]","[-66, -79]","[84, -79]","[234, -79]","[-216, -229]","[-66, -229]","[84, -229]","[234, -229]","[100, 100]","[100, 100]","[100, 100]","[100, 100]","[100, 100]","[100, 100]","[100, 100]","[100, 100]","[100, 100]","[100, 100]","[100, 100]","[100, 100]","[100, 100]","[100, 100]","[100, 100]","[100, 100]",ok.png,"[0, -375]","[150, 100]",83,dots,8,2,m,1,1,1,1,0,0,0,0,0,0,0,0.782038211823,0.7820382118225098,0,-204,-204,-85,-85,1,1,0,0,0,0,0,0,0,0.316103965044,0.3161039650440216,0,31,31,-402,-402,328
33.png,31.png,25.png,21.png,27.png,23.png,29.png,dots2.png,00.png,00.png,00.png,00.png,00.png,00.png,00.png,00.png,"[-235, 204]","[-85, 204]","[65, 204]","[215, 204]","[-235, 54]","[-85, 54]","[65, 54]","[215, 54]","[-235, -96]","[-85, -96]","[65, -96]","[215, -96]","[-235, -246]","[-85, -246]","[65, -246]","[215, -246]","[100, 100]","[100, 100]","[100, 100]","[100, 100]","[100, 100]","[100, 100]","[100, 100]","[100, 100]","[100, 100]","[100, 100]","[100, 100]","[100, 100]","[100, 100]","[100, 100]","[100, 100]","[100, 100]",ok.png,"[0, -375]","[150, 100]",84,dots,8,2,m,1,1,1,1,0,0,0,0,0,0,0,1.58247423172,1.582474231719971,0,214,214,48,48,1,1,0,0,0,0,0,0,0,0.549324214458,0.5493242144584656,0,4,4,-381,-381,120
00.png,00.png,00.png,00.png,26.png,24.png,dots2.png,22.png,20.png,18.png,16.png,14.png,00.png,00.png,00.png,00.png,"[-226, 244]","[-76, 244]","[74, 244]","[224, 244]","[-226, 94]","[-76, 94]","[74, 94]","[224, 94]","[-226, -56]","[-76, -56]","[74, -56]","[224, -56]","[-226, -206]","[-76, -206]","[74, -206]","[224, -206]","[100, 100]","[100, 100]","[100, 100]","[100, 100]","[100, 100]","[100, 100]","[100, 100]","[100, 100]","[100, 100]","[100, 100]","[100, 100]","[100, 100]","[100, 100]","[100, 100]","[100, 100]","[100, 100]",ok.png,"[0, -375]","[150, 100]",85,dots,8,2,m,1,1,1,1,0,0,0,0,0,0,0,1.04907405376,1.049074053764343,0,82,82,92,92,1,1,0,0,0,0,0,0,0,0.532675147057,0.5326751470565796,0,22,22,-371,-371,265
00.png,00.png,27.png,24.png,21.png,dots2.png,19.png,16.png,00.png,00.png,10.png,13.png,00.png,00.png,00.png,00.png,"[-227, 228]","[-77, 228]","[73, 228]","[223, 228]","[-227, 78]","[-77, 78]","[73, 78]","[223, 78]","[-227, -72]","[-77, -72]","[73, -72]","[223, -72]","[-227, -222]","[-77, -222]","[73, -222]","[223, -222]","[100, 100]","[100, 100]","[100, 100]","[100, 100]","[100, 100]","[100, 100]","[100, 100]","[100, 100]","[100, 100]","[100, 100]","[100, 100]","[100, 100]","[100, 100]","[100, 100]","[100, 100]","[100, 100]",ok.png,"[0, -375]","[150, 100]",86,dots,8,2,m,1,1,1,1,0,0,0,0,0,0,0,1.71587526798,1.715875267982483,0,-73,-73,101,101,1,1,0,0,0,0,0,0,0,0.965715885162,0.9657158851623536,0,10,10,-345,-345,14
00.png,00.png,00.png,00.png,dots2.png,11.png,16.png,21.png,00.png,00.png,00.png,00.png,25.png,20.png,15.png,10.png,"[-216, 216]","[-66, 216]","[84, 216]","[234, 216]","[-216, 66]","[-66, 66]","[84, 66]","[234, 66]","[-216, -84]","[-66, -84]","[84, -84]","[234, -84]","[-216, -234]","[-66, -234]","[84, -234]","[234, -234]","[100, 100]","[100, 100]","[100, 100]","[100, 100]","[100, 100]","[100, 100]","[100, 100]","[100, 100]","[100, 100]","[100, 100]","[100, 100]","[100, 100]","[100, 100]","[100, 100]","[100, 100]","[100, 100]",ok.png,"[0, -375]","[150, 100]",87,dots,8,2,m,1,1,1,1,0,0,0,0,0,0,0,1.18202197552,1.182021975517273,0,-203,-203,57,57,1,1,0,0,0,0,0,0,0,0.699346780777,0.6993467807769775,0,11,11,-378,-378,391
04.png,02.png,05.png,dots2.png,08.png,07.png,01.png,03.png,00.png,00.png,00.png,00.png,00.png,00.png,00.png,00.png,"[-220, 242]","[-70, 242]","[80, 242]","[230, 242]","[-220, 92]","[-70, 92]","[80, 92]","[230, 92]","[-220, -58]","[-70, -58]","[80, -58]","[230, -58]","[-220, -208]","[-70, -208]","[80, -208]","[230, -208]","[100, 100]","[100, 100]","[100, 100]","[100, 100]","[100, 100]","[100, 100]","[100, 100]","[100, 100]","[100, 100]","[100, 100]","[100, 100]","[100, 100]","[100, 100]","[100, 100]","[100, 100]","[100, 100]",ok.png,"[0, -375]","[150, 100]",88,dots,8,2,m,1,1,1,1,0,0,0,0,0,0,0,0.865625619888,0.8656256198883057,0,225,225,234,234,1,1,0,0,0,0,0,0,0,0.499498963356,0.4994989633560181,0,2,2,-379,-379,416
00.png,12.png,dots2.png,23.png,00.png,00.png,00.png,13.png,08.png,33.png,00.png,00.png,16.png,00.png,00.png,29.png,"[-242, 241]","[-92, 241]","[58, 241]","[208, 241]","[-242, 91]","[-92, 91]","[58, 91]","[208, 91]","[-242, -59]","[-92, -59]","[58, -59]","[208, -59]","[-242, -209]","[-92, -209]","[58, -209]","[208, -209]","[100, 100]","[100, 100]","[100, 100]","[100, 100]","[100, 100]","[100, 100]","[100, 100]","[100, 100]","[100, 100]","[100, 100]","[100, 100]","[100, 100]","[100, 100]","[100, 100]","[100, 100]","[100, 100]",ok.png,"[0, -375]","[150, 100]",89,dots,8,2,m,1,1,1,1,0,0,0,0,0,0,0,1.11526572704,1.115265727043152,0,66,66,240,240,1,1,0,0,0,0,0,0,0,1.71613752842,1.716137528419495,0,39,39,-372,-372,65
00.png,dots2.png,03.png,07.png,13.png,17.png,23.png,27.png,33.png,00.png,00.png,00.png,00.png,00.png,00.png,00.png,"[-239, 232]","[-89, 232]","[61, 232]","[211, 232]","[-239, 82]","[-89, 82]","[61, 82]","[211, 82]","[-239, -68]","[-89, -68]","[61, -68]","[211, -68]","[-239, -218]","[-89, -218]","[61, -218]","[211, -218]","[100, 100]","[100, 100]","[100, 100]","[100, 100]","[100, 100]","[100, 100]","[100, 100]","[100, 100]","[100, 100]","[100, 100]","[100, 100]","[100, 100]","[100, 100]","[100, 100]","[100, 100]","[100, 100]",ok.png,"[0, -375]","[150, 100]",90,dots,8,2,m,1,1,1,1,0,0,0,0,0,0,0,1.13222432137,1.132224321365356,0,-81,-81,217,217,1,1,0,0,0,0,0,0,0,0.449499577284,0.4494995772838593,0,-1,-1,-356,-356,169
dots2.png,17.png,07.png,14.png,00.png,00.png,00.png,00.png,00.png,00.png,00.png,00.png,02.png,30.png,20.png,04.png,"[-238, 203]","[-88, 203]","[62, 203]","[212, 203]","[-238, 53]","[-88, 53]","[62, 53]","[212, 53]","[-238, -97]","[-88, -97]","[62, -97]","[212, -97]","[-238, -247]","[-88, -247]","[62, -247]","[212, -247]","[100, 100]","[100, 100]","[100, 100]","[100, 100]","[100, 100]","[100, 100]","[100, 100]","[100, 100]","[100, 100]","[100, 100]","[100, 100]","[100, 100]","[100, 100]","[100, 100]","[100, 100]","[100, 100]",ok.png,"[0, -375]","[150, 100]",91,dots,8,2,m,1,1,1,1,0,0,0,0,0,0,0,0.765605807304,0.7656058073043823,0,-233,-233,216,216,1,1,0,0,0,0,0,0,0,0.7162296772,0.7162296772003174,0,6,6,-366,-366,347
00.png,dots2.png,04.png,00.png,00.png,16.png,22.png,00.png,00.png,32.png,02.png,00.png,00.png,29.png,19.png,00.png,"[-244, 249]","[-94, 249]","[56, 249]","[206, 249]","[-244, 99]","[-94, 99]","[56, 99]","[206, 99]","[-244, -51]","[-94, -51]","[56, -51]","[206, -51]","[-244, -201]","[-94, -201]","[56, -201]","[206, -201]","[100, 100]","[100, 100]","[100, 100]","[100, 100]","[100, 100]","[100, 100]","[100, 100]","[100, 100]","[100, 100]","[100, 100]","[100, 100]","[100, 100]","[100, 100]","[100, 100]","[100, 100]","[100, 100]",ok.png,"[0, -375]","[150, 100]",92,dots,8,2,m,1,1,1,1,0,0,0,0,0,0,0,1.59913611412,1.599136114120483,0,-72,-72,244,244,1,1,0,0,0,0,0,0,0,0.599384725094,0.5993847250938416,0,6,6,-397,-397,234
00.png,08.png,dots2.png,03.png,25.png,28.png,27.png,00.png,00.png,00.png,00.png,21.png,05.png,00.png,00.png,00.png,"[-223, 218]","[-73, 218]","[77, 218]","[227, 218]","[-223, 68]","[-73, 68]","[77, 68]","[227, 68]","[-223, -82]","[-73, -82]","[77, -82]","[227, -82]","[-223, -232]","[-73, -232]","[77, -232]","[227, -232]","[100, 100]","[100, 100]","[100, 100]","[100, 100]","[100, 100]","[100, 100]","[100, 100]","[100, 100]","[100, 100]","[100, 100]","[100, 100]","[100, 100]","[100, 100]","[100, 100]","[100, 100]","[100, 100]",ok.png,"[0, -375]","[150, 100]",93,dots,8,2,m,1,1,1,1,0,0,0,0,0,0,0,1.06559121609,1.065591216087341,0,83,83,192,192,1,1,0,0,0,0,0,0,0,0.68286293745,0.6828629374504089,0,-14,-14,-383,-383,217
00.png,07.png,00.png,dots2.png,23.png,00.png,09.png,00.png,00.png,16.png,00.png,00.png,17.png,15.png,00.png,06.png,"[-224, 213]","[-74, 213]","[76, 213]","[226, 213]","[-224, 63]","[-74, 63]","[76, 63]","[226, 63]","[-224, -87]","[-74, -87]","[76, -87]","[226, -87]","[-224, -237]","[-74, -237]","[76, -237]","[226, -237]","[100, 100]","[100, 100]","[100, 100]","[100, 100]","[100, 100]","[100, 100]","[100, 100]","[100, 100]","[100, 100]","[100, 100]","[100, 100]","[100, 100]","[100, 100]","[100, 100]","[100, 100]","[100, 100]",ok.png,"[0, -375]","[150, 100]",94,dots,8,2,m,1,1,1,1,0,0,0,0,0,0,0,1.34879910946,1.348799109458923,0,228,228,203,203,1,1,0,0,0,0,0,0,0,0.64941483736,0.6494148373603821,0,1,1,-349,-349,223
00.png,32.png,00.png,31.png,dots2.png,08.png,30.png,00.png,34.png,00.png,00.png,12.png,00.png,00.png,11.png,00.png,"[-204, 235]","[-54, 235]","[96, 235]","[246, 235]","[-204, 85]","[-54, 85]","[96, 85]","[246, 85]","[-204, -65]","[-54, -65]","[96, -65]","[246, -65]","[-204, -215]","[-54, -215]","[96, -215]","[246, -215]","[100, 100]","[100, 100]","[100, 100]","[100, 100]","[100, 100]","[100, 100]","[100, 100]","[100, 100]","[100, 100]","[100, 100]","[100, 100]","[100, 100]","[100, 100]","[100, 100]","[100, 100]","[100, 100]",ok.png,"[0, -375]","[150, 100]",95,dots,8,2,m,1,1,1,1,0,0,0,0,0,0,0,0.998799085617,0.9987990856170654,0,-187,-187,84,84,1,1,0,0,0,0,0,0,0,0.53307646513,0.5330764651298523,0,7,7,-376,-376,353
00.png,00.png,16.png,13.png,10.png,dots2.png,09.png,07.png,27.png,24.png,00.png,00.png,00.png,00.png,00.png,00.png,"[-214, 226]","[-64, 226]","[86, 226]","[236, 226]","[-214, 76]","[-64, 76]","[86, 76]","[236, 76]","[-214, -74]","[-64, -74]","[86, -74]","[236, -74]","[-214, -224]","[-64, -224]","[86, -224]","[236, -224]","[100, 100]","[100, 100]","[100, 100]","[100, 100]","[100, 100]","[100, 100]","[100, 100]","[100, 100]","[100, 100]","[100, 100]","[100, 100]","[100, 100]","[100, 100]","[100, 100]","[100, 100]","[100, 100]",ok.png,"[0, -375]","[150, 100]",96,dots,8,2,m,1,1,1,1,0,0,0,0,0,0,0,1.14907193184,1.149071931838989,0,-45,-45,72,72,1,1,0,0,0,0,0,0,0,0.749626874924,0.749626874923706,0,-4,-4,-359,-359,370
30.png,00.png,20.png,00.png,10.png,00.png,dots2.png,01.png,00.png,05.png,00.png,33.png,00.png,25.png,00.png,00.png,"[-249, 219]","[-99, 219]","[51, 219]","[201, 219]","[-249, 69]","[-99, 69]","[51, 69]","[201, 69]","[-249, -81]","[-99, -81]","[51, -81]","[201, -81]","[-249, -231]","[-99, -231]","[51, -231]","[201, -231]","[100, 100]","[100, 100]","[100, 100]","[100, 100]","[100, 100]","[100, 100]","[100, 100]","[100, 100]","[100, 100]","[100, 100]","[100, 100]","[100, 100]","[100, 100]","[100, 100]","[100, 100]","[100, 100]",ok.png,"[0, -375]","[150, 100]",97,dots,8,2,m,1,1,1,1,0,0,0,0,0,0,0,0.832119166851,0.8321191668510437,0,38,38,49,49,1,1,0,0,0,0,0,0,0,0.949616074562,0.9496160745620728,0,29,29,-399,-399,332
00.png,00.png,24.png,26.png,00.png,04.png,02.png,dots2.png,09.png,00.png,14.png,00.png,18.png,00.png,00.png,00.png,"[-200, 247]","[-50, 247]","[100, 247]","[250, 247]","[-200, 97]","[-50, 97]","[100, 97]","[250, 97]","[-200, -53]","[-50, -53]","[100, -53]","[250, -53]","[-200, -203]","[-50, -203]","[100, -203]","[250, -203]","[100, 100]","[100, 100]","[100, 100]","[100, 100]","[100, 100]","[100, 100]","[100, 100]","[100, 100]","[100, 100]","[100, 100]","[100, 100]","[100, 100]","[100, 100]","[100, 100]","[100, 100]","[100, 100]",ok.png,"[0, -375]","[150, 100]",98,dots,8,2,m,1,1,1,1,0,0,0,0,0,0,0,1.64891219139,1.648912191390991,0,252,252,105,105,1,1,0,0,0,0,0,0,0,0.532753348351,0.5327533483505249,0,31,31,-365,-365,275
19.png,00.png,00.png,09.png,30.png,00.png,00.png,18.png,dots2.png,00.png,07.png,11.png,00.png,00.png,14.png,00.png,"[-239, 245]","[-89, 245]","[61, 245]","[211, 245]","[-239, 95]","[-89, 95]","[61, 95]","[211, 95]","[-239, -55]","[-89, -55]","[61, -55]","[211, -55]","[-239, -205]","[-89, -205]","[61, -205]","[211, -205]","[100, 100]","[100, 100]","[100, 100]","[100, 100]","[100, 100]","[100, 100]","[100, 100]","[100, 100]","[100, 100]","[100, 100]","[100, 100]","[100, 100]","[100, 100]","[100, 100]","[100, 100]","[100, 100]",ok.png,"[0, -375]","[150, 100]",99,dots,8,2,m,1,1,1,1,0,0,0,0,0,0,0,1.31549179554,1.315491795539856,0,-221,-221,-56,-56,1,1,0,0,0,0,0,0,0,0.63283342123,0.6328334212303162,0,-9,-9,-374,-374,302
00.png,29.png,00.png,19.png,00.png,14.png,00.png,33.png,00.png,dots2.png,00.png,23.png,00.png,13.png,00.png,31.png,"[-223, 208]","[-73, 208]","[77, 208]","[227, 208]","[-223, 58]","[-73, 58]","[77, 58]","[227, 58]","[-223, -92]","[-73, -92]","[77, -92]","[227, -92]","[-223, -242]","[-73, -242]","[77, -242]","[227, -242]","[100, 100]","[100, 100]","[100, 100]","[100, 100]","[100, 100]","[100, 100]","[100, 100]","[100, 100]","[100, 100]","[100, 100]","[100, 100]","[100, 100]","[100, 100]","[100, 100]","[100, 100]","[100, 100]",ok.png,"[0, -375]","[150, 100]",100,dots,8,2,m,1,1,1,1,0,0,0,0,0,0,0,1.03216838837,1.032168388366699,0,-57,-57,-91,-91,1,1,0,0,0,0,0,0,0,0.566116988659,0.566116988658905,0,14,14,-356,-356,407
dots1.png,01.png,02.png,03.png,04.png,05.png,06.png,tray1.png,00.png,00.png,00.png,00.png,00.png,00.png,00.png,00.png,"[-229, 210]","[-79, 210]","[71, 210]","[221, 210]","[-229, 60]","[-79, 60]","[71, 60]","[221, 60]","[-229, -90]","[-79, -90]","[71, -90]","[221, -90]","[-229, -240]","[-79, -240]","[71, -240]","[221, -240]","[100, 100]","[100, 100]","[100, 100]","[100, 100]","[100, 100]","[100, 100]","[100, 100]","[100, 100]","[100, 100]","[100, 100]","[100, 100]","[100, 100]","[100, 100]","[100, 100]","[100, 100]","[100, 100]",ok.png,"[0, -375]","[150, 100]",101,both,8,3,m,1,1,1,1,0,0,0,0,0,0,0,0.765579402447,0.7655794024467468,0,204,204,59,59,1,1,0,0,0,0,0,0,0,0.899261713028,0.8992617130279541,0,-180,-180,138,138,339
08.png,dots1.png,09.png,00.png,10.png,11.png,tray1.png,13.png,00.png,14.png,00.png,00.png,00.png,00.png,00.png,00.png,"[-226, 211]","[-76, 211]","[74, 211]","[224, 211]","[-226, 61]","[-76, 61]","[74, 61]","[224, 61]","[-226, -89]","[-76, -89]","[74, -89]","[224, -89]","[-226, -239]","[-76, -239]","[74, -239]","[224, -239]","[100, 100]","[100, 100]","[100, 100]","[100, 100]","[100, 100]","[100, 100]","[100, 100]","[100, 100]","[100, 100]","[100, 100]","[100, 100]","[100, 100]","[100, 100]","[100, 100]","[100, 100]","[100, 100]",ok.png,"[0, -375]","[150, 100]",102,both,8,3,m,1,1,1,1,0,0,0,0,0,0,0,0.798898935318,0.7988989353179932,0,84,84,44,44,1,1,0,0,0,0,0,0,0,0.58277463913,0.5827746391296387,0,-46,-46,204,204,418
00.png,00.png,dots1.png,15.png,16.png,tray1.png,18.png,19.png,20.png,21.png,00.png,00.png,00.png,00.png,00.png,00.png,"[-202, 241]","[-52, 241]","[98, 241]","[248, 241]","[-202, 91]","[-52, 91]","[98, 91]","[248, 91]","[-202, -59]","[-52, -59]","[98, -59]","[248, -59]","[-202, -209]","[-52, -209]","[98, -209]","[248, -209]","[100, 100]","[100, 100]","[100, 100]","[100, 100]","[100, 100]","[100, 100]","[100, 100]","[100, 100]","[100, 100]","[100, 100]","[100, 100]","[100, 100]","[100, 100]","[100, 100]","[100, 100]","[100, 100]",ok.png,"[0, -375]","[150, 100]",103,both,8,3,m,1,1,1,1,0,0,0,0,0,0,0,1.01551556587,1.015515565872192,0,97,97,214,214,1,1,0,0,0,0,0,0,0,0.782799065113,0.7827990651130676,0,-55,-55,64,64,441
22.png,23.png,24.png,dots1.png,00.png,00.png,25.png,26.png,00.png,00.png,tray1.png,28.png,00.png,00.png,00.png,00.png,"[-203, 227]","[-53, 227]","[97, 227]","[247, 227]","[-203, 77]","[-53, 77]","[97, 77]","[247, 77]","[-203, -73]","[-53, -73]","[97, -73]","[247, -73]","[-203, -223]","[-53, -223]","[97, -223]","[247, -223]","[100, 100]","[100, 100]","[100, 100]","[100, 100]","[100, 100]","[100, 100]","[100, 100]","[100, 100]","[100, 100]","[100, 100]","[100, 100]","[100, 100]","[100, 100]","[100, 100]","[100, 100]","[100, 100]",ok.png,"[0, -375]","[150, 100]",104,both,8,3,m,1,1,1,1,0,0,0,0,0,0,0,0.982000350952,0.9820003509521484,0,120,120,-72,-72,1,1,0,0,0,0,0,0,0,0.632769107819,0.6327691078186035,0,244,244,184,184,219
00.png,00.png,00.png,00.png,dots1.png,29.png,30.png,31.png,32.png,33.png,34.png,tray1.png,00.png,00.png,00.png,00.png,"[-210, 245]","[-60, 245]","[90, 245]","[240, 245]","[-210, 95]","[-60, 95]","[90, 95]","[240, 95]","[-210, -55]","[-60, -55]","[90, -55]","[240, -55]","[-210, -205]","[-60, -205]","[90, -205]","[240, -205]","[100, 100]","[100, 100]","[100, 100]","[100, 100]","[100, 100]","[100, 100]","[100, 100]","[100, 100]","[100, 100]","[100, 100]","[100, 100]","[100, 100]","[100, 100]","[100, 100]","[100, 100]","[100, 100]",ok.png,"[0, -375]","[150, 100]",105,both,8,3,m,1,1,1,1,0,0,0,0,0,0,0,1.54921412468,1.549214124679565,0,-198,-198,90,90,1,1,0,0,0,0,0,0,0,1.28268539906,1.282685399055481,0,249,249,-48,-48,29
01.png,tray1.png,00.png,00.png,04.png,dots1.png,00.png,00.png,06.png,15.png,00.png,00.png,17.png,23.png,00.png,00.png,"[-227, 237]","[-77, 237]","[73, 237]","[223, 237]","[-227, 87]","[-77, 87]","[73, 87]","[223, 87]","[-227, -63]","[-77, -63]","[73, -63]","[223, -63]","[-227, -213]","[-77, -213]","[73, -213]","[223, -213]","[100, 100]","[100, 100]","[100, 100]","[100, 100]","[100, 100]","[100, 100]","[100, 100]","[100, 100]","[100, 100]","[100, 100]","[100, 100]","[100, 100]","[100, 100]","[100, 100]","[100, 100]","[100, 100]",ok.png,"[0, -375]","[150, 100]",106,both,8,3,m,1,1,1,1,0,0,0,0,0,0,0,1.28219056129,1.282190561294556,0,-62,-62,103,103,1,1,0,0,0,0,0,0,0,0.216168671846,0.2161686718463898,0,-88,-88,202,202,247
00.png,00.png,00.png,00.png,07.png,03.png,dots1.png,25.png,00.png,00.png,00.png,00.png,06.png,tray1.png,09.png,14.png,"[-227, 227]","[-77, 227]","[73, 227]","[223, 227]","[-227, 77]","[-77, 77]","[73, 77]","[223, 77]","[-227, -73]","[-77, -73]","[73, -73]","[223, -73]","[-227, -223]","[-77, -223]","[73, -223]","[223, -223]","[100, 100]","[100, 100]","[100, 100]","[100, 100]","[100, 100]","[100, 100]","[100, 100]","[100, 100]","[100, 100]","[100, 100]","[100, 100]","[100, 100]","[100, 100]","[100, 100]","[100, 100]","[100, 100]",ok.png,"[0, -375]","[150, 100]",107,both,8,3,m,1,1,1,1,0,0,0,0,0,0,0,0.999006152153,0.9990061521530152,0,77,77,95,95,1,1,0,0,0,0,0,0,0,0.58294326067,0.5829432606697083,0,-81,-81,-206,-206,199
00.png,05.png,33.png,07.png,00.png,00.png,27.png,dots1.png,00.png,tray1.png,30.png,31.png,00.png,00.png,00.png,00.png,"[-228, 231]","[-78, 231]","[72, 231]","[222, 231]","[-228, 81]","[-78, 81]","[72, 81]","[222, 81]","[-228, -69]","[-78, -69]","[72, -69]","[222, -69]","[-228, -219]","[-78, -219]","[72, -219]","[222, -219]","[100, 100]","[100, 100]","[100, 100]","[100, 100]","[100, 100]","[100, 100]","[100, 100]","[100, 100]","[100, 100]","[100, 100]","[100, 100]","[100, 100]","[100, 100]","[100, 100]","[100, 100]","[100, 100]",ok.png,"[0, -375]","[150, 100]",108,both,8,3,m,1,1,1,1,0,0,0,0,0,0,0,1.2986741066,1.2986741065979,0,212,212,81,81,1,1,0,0,0,0,0,0,0,0.366131484509,0.3661314845085144,0,-78,-78,-80,-80,379
00.png,00.png,00.png,00.png,00.png,00.png,00.png,00.png,dots1.png,29.png,23.png,tray1.png,21.png,25.png,31.png,33.png,"[-235, 206]","[-85, 206]","[65, 206]","[215, 206]","[-235, 56]","[-85, 56]","[65, 56]","[215, 56]","[-235, -94]","[-85, -94]","[65, -94]","[215, -94]","[-235, -244]","[-85, -244]","[65, -244]","[215, -244]","[100, 100]","[100, 100]","[100, 100]","[100, 100]","[100, 100]","[100, 100]","[100, 100]","[100, 100]","[100, 100]","[100, 100]","[100, 100]","[100, 100]","[100, 100]","[100, 100]","[100, 100]","[100, 100]",ok.png,"[0, -375]","[150, 100]",109,both,8,3,m,1,1,1,1,0,0,0,0,0,0,0,0.965478956699,0.9654789566993712,0,208,208,-103,-103,1,1,0,0,0,0,0,0,0,0.766150534153,0.7661505341529846,0,-229,-229,-96,-96,388
00.png,00.png,00.png,00.png,14.png,tray1.png,18.png,20.png,22.png,dots1.png,24.png,26.png,00.png,00.png,00.png,00.png,"[-208, 230]","[-58, 230]","[92, 230]","[242, 230]","[-208, 80]","[-58, 80]","[92, 80]","[242, 80]","[-208, -70]","[-58, -70]","[92, -70]","[242, -70]","[-208, -220]","[-58, -220]","[92, -220]","[242, -220]","[100, 100]","[100, 100]","[100, 100]","[100, 100]","[100, 100]","[100, 100]","[100, 100]","[100, 100]","[100, 100]","[100, 100]","[100, 100]","[100, 100]","[100, 100]","[100, 100]","[100, 100]","[100, 100]",ok.png,"[0, -375]","[150, 100]",110,both,8,3,m,1,1,1,1,0,0,0,0,0,0,0,1.71592283249,1.715922832489014,0,-66,-66,82,82,1,1,0,0,0,0,0,0,0,0.532349467278,0.5323494672775269,0,-67,-67,-28,-28,91
00.png,00.png,00.png,00.png,13.png,10.png,00.png,00.png,16.png,19.png,dots1.png,21.png,tray1.png,27.png,00.png,00.png,"[-235, 212]","[-85, 212]","[65, 212]","[215, 212]","[-235, 62]","[-85, 62]","[65, 62]","[215, 62]","[-235, -88]","[-85, -88]","[65, -88]","[215, -88]","[-235, -238]","[-85, -238]","[65, -238]","[215, -238]","[100, 100]","[100, 100]","[100, 100]","[100, 100]","[100, 100]","[100, 100]","[100, 100]","[100, 100]","[100, 100]","[100, 100]","[100, 100]","[100, 100]","[100, 100]","[100, 100]","[100, 100]","[100, 100]",ok.png,"[0, -375]","[150, 100]",111,both,8,3,m,1,1,1,1,0,0,0,0,0,0,0,1.06565713882,1.065657138824463,0,61,61,-92,-92,1,1,0,0,0,0,0,0,0,0.432580560446,0.4325805604457855,0,-209,-209,-222,-222,181
10.png,15.png,20.png,25.png,00.png,00.png,00.png,00.png,21.png,16.png,tray1.png,dots1.png,00.png,00.png,00.png,00.png,"[-210, 222]","[-60, 222]","[90, 222]","[240, 222]","[-210, 72]","[-60, 72]","[90, 72]","[240, 72]","[-210, -78]","[-60, -78]","[90, -78]","[240, -78]","[-210, -228]","[-60, -228]","[90, -228]","[240, -228]","[100, 100]","[100, 100]","[100, 100]","[100, 100]","[100, 100]","[100, 100]","[100, 100]","[100, 100]","[100, 100]","[100, 100]","[100, 100]","[100, 100]","[100, 100]","[100, 100]","[100, 100]","[100, 100]",ok.png,"[0, -375]","[150, 100]",112,both,8,3,m,1,1,1,1,0,0,0,0,0,0,0,1.06579482555,1.065794825553894,0,237,237,-77,-77,1,1,0,0,0,0,0,0,0,0.282769054174,0.2827690541744232,0,103,103,-78,-78,344
00.png,00.png,00.png,00.png,00.png,00.png,00.png,00.png,tray1.png,01.png,07.png,08.png,dots1.png,05.png,02.png,04.png,"[-200, 235]","[-50, 235]","[100, 235]","[250, 235]","[-200, 85]","[-50, 85]","[100, 85]","[250, 85]","[-200, -65]","[-50, -65]","[100, -65]","[250, -65]","[-200, -215]","[-50, -215]","[100, -215]","[250, -215]","[100, 100]","[100, 100]","[100, 100]","[100, 100]","[100, 100]","[100, 100]","[100, 100]","[100, 100]","[100, 100]","[100, 100]","[100, 100]","[100, 100]","[100, 100]","[100, 100]","[100, 100]","[100, 100]",ok.png,"[0, -375]","[150, 100]",113,both,8,3,m,1,1,1,1,0,0,0,0,0,0,0,1.1656730175,1.165673017501831,0,-200,-200,-215,-215,1,1,0,0,0,0,0,0,0,0.282718151808,0.282718151807785,0,-205,-205,-55,-55,134
29.png,00.png,00.png,16.png,00.png,00.png,33.png,tray1.png,13.png,00.png,00.png,00.png,23.png,dots1.png,12.png,00.png,"[-214, 201]","[-64, 201]","[86, 201]","[236, 201]","[-214, 51]","[-64, 51]","[86, 51]","[236, 51]","[-214, -99]","[-64, -99]","[86, -99]","[236, -99]","[-214, -249]","[-64, -249]","[86, -249]","[236, -249]","[100, 100]","[100, 100]","[100, 100]","[100, 100]","[100, 100]","[100, 100]","[100, 100]","[100, 100]","[100, 100]","[100, 100]","[100, 100]","[100, 100]","[100, 100]","[100, 100]","[100, 100]","[100, 100]",ok.png,"[0, -375]","[150, 100]",114,both,8,3,m,1,1,1,1,0,0,0,0,0,0,0,1.18214309216,1.182143092155457,0,-52,-52,-249,-249,1,1,0,0,0,0,0,0,0,0.36610814929,0.3661081492900848,0,214,214,63,63,421
00.png,00.png,00.png,00.png,00.png,00.png,00.png,33.png,27.png,23.png,17.png,tray1.png,07.png,03.png,dots1.png,00.png,"[-250, 203]","[-100, 203]","[50, 203]","[200, 203]","[-250, 53]","[-100, 53]","[50, 53]","[200, 53]","[-250, -97]","[-100, -97]","[50, -97]","[200, -97]","[-250, -247]","[-100, -247]","[50, -247]","[200, -247]","[100, 100]","[100, 100]","[100, 100]","[100, 100]","[100, 100]","[100, 100]","[100, 100]","[100, 100]","[100, 100]","[100, 100]","[100, 100]","[100, 100]","[100, 100]","[100, 100]","[100, 100]","[100, 100]",ok.png,"[0, -375]","[150, 100]",115,both,8,3,m,1,1,1,1,0,0,0,0,0,0,0,0.915471673012,0.9154716730117798,0,182,182,-107,-107,1,1,0,0,0,0,0,0,0,0.716128706932,0.7161287069320679,0,61,61,-246,-246,173
04.png,20.png,30.png,tray1.png,00.png,00.png,00.png,00.png,00.png,00.png,00.png,00.png,14.png,07.png,17.png,dots1.png,"[-200, 211]","[-50, 211]","[100, 211]","[250, 211]","[-200, 61]","[-50, 61]","[100, 61]","[250, 61]","[-200, -89]","[-50, -89]","[100, -89]","[250, -89]","[-200, -239]","[-50, -239]","[100, -239]","[250, -239]","[100, 100]","[100, 100]","[100, 100]","[100, 100]","[100, 100]","[100, 100]","[100, 100]","[100, 100]","[100, 100]","[100, 100]","[100, 100]","[100, 100]","[100, 100]","[100, 100]","[100, 100]","[100, 100]",ok.png,"[0, -375]","[150, 100]",116,both,8,3,m,1,1,1,1,0,0,0,0,0,0,0,1.03218579292,1.032185792922974,0,247,247,-241,-241,1,1,0,0,0,0,0,0,0,0.449409425259,0.4494094252586365,0,249,249,194,194,246
00.png,19.png,29.png,00.png,00.png,tray1.png,32.png,00.png,00.png,22.png,16.png,00.png,00.png,04.png,dots1.png,00.png,"[-207, 233]","[-57, 233]","[93, 233]","[243, 233]","[-207, 83]","[-57, 83]","[93, 83]","[243, 83]","[-207, -67]","[-57, -67]","[93, -67]","[243, -67]","[-207, -217]","[-57, -217]","[93, -217]","[243, -217]","[100, 100]","[100, 100]","[100, 100]","[100, 100]","[100, 100]","[100, 100]","[100, 100]","[100, 100]","[100, 100]","[100, 100]","[100, 100]","[100, 100]","[100, 100]","[100, 100]","[100, 100]","[100, 100]",ok.png,"[0, -375]","[150, 100]",117,both,8,3,m,1,1,1,1,0,0,0,0,0,0,0,0.899129748344,0.8991297483444214,0,-29,-29,70,70,1,1,0,0,0,0,0,0,0,0.916099429131,0.9160994291305542,0,84,84,-199,-199,10
00.png,00.png,00.png,05.png,21.png,00.png,00.png,00.png,00.png,tray1.png,28.png,25.png,03.png,dots1.png,08.png,00.png,"[-233, 228]","[-83, 228]","[67, 228]","[217, 228]","[-233, 78]","[-83, 78]","[67, 78]","[217, 78]","[-233, -72]","[-83, -72]","[67, -72]","[217, -72]","[-233, -222]","[-83, -222]","[67, -222]","[217, -222]","[100, 100]","[100, 100]","[100, 100]","[100, 100]","[100, 100]","[100, 100]","[100, 100]","[100, 100]","[100, 100]","[100, 100]","[100, 100]","[100, 100]","[100, 100]","[100, 100]","[100, 100]","[100, 100]",ok.png,"[0, -375]","[150, 100]",118,both,8,3,m,1,1,1,1,0,0,0,0,0,0,0,1.63211941719,1.632119417190552,0,-74,-74,-196,-196,1,1,0,0,0,0,0,0,0,0.332917183638,0.332917183637619,0,-79,-79,-103,-103,5
06.png,00.png,15.png,17.png,00.png,00.png,16.png,00.png,00.png,tray1.png,00.png,23.png,dots1.png,00.png,07.png,00.png,"[-221, 244]","[-71, 244]","[79, 244]","[229, 244]","[-221, 94]","[-71, 94]","[79, 94]","[229, 94]","[-221, -56]","[-71, -56]","[79, -56]","[229, -56]","[-221, -206]","[-71, -206]","[79, -206]","[229, -206]","[100, 100]","[100, 100]","[100, 100]","[100, 100]","[100, 100]","[100, 100]","[100, 100]","[100, 100]","[100, 100]","[100, 100]","[100, 100]","[100, 100]","[100, 100]","[100, 100]","[100, 100]","[100, 100]",ok.png,"[0, -375]","[150, 100]",119,both,8,3,m,1,1,1,1,0,0,0,0,0,0,0,0.832379758358,0.8323797583580017,0,-55,-55,-57,-57,1,1,0,0,0,0,0,0,0,0.43283995986,0.432839959859848,0,-202,-202,-196,-196,233
00.png,11.png,00.png,00.png,12.png,00.png,00.png,tray1.png,00.png,30.png,08.png,dots1.png,31.png,00.png,32.png,00.png,"[-226, 226]","[-76, 226]","[74, 226]","[224, 226]","[-226, 76]","[-76, 76]","[74, 76]","[224, 76]","[-226, -74]","[-76, -74]","[74, -74]","[224, -74]","[-226, -224]","[-76, -224]","[74, -224]","[224, -224]","[100, 100]","[100, 100]","[100, 100]","[100, 100]","[100, 100]","[100, 100]","[100, 100]","[100, 100]","[100, 100]","[100, 100]","[100, 100]","[100, 100]","[100, 100]","[100, 100]","[100, 100]","[100, 100]",ok.png,"[0, -375]","[150, 100]",120,both,8,3,m,1,1,1,1,0,0,0,0,0,0,0,0.915553569794,0.9155535697937012,0,230,230,-76,-76,1,1,0,0,0,0,0,0,0,0.416183173656,0.4161831736564636,0,231,231,68,68,285
00.png,00.png,00.png,00.png,00.png,00.png,24.png,27.png,07.png,09.png,dots1.png,10.png,13.png,16.png,00.png,00.png,"[-226, 211]","[-76, 211]","[74, 211]","[224, 211]","[-226, 61]","[-76, 61]","[74, 61]","[224, 61]","[-226, -89]","[-76, -89]","[74, -89]","[224, -89]","[-226, -239]","[-76, -239]","[74, -239]","[224, -239]","[100, 100]","[100, 100]","[100, 100]","[100, 100]","[100, 100]","[100, 100]","[100, 100]","[100, 100]","[100, 100]","[100, 100]","[100, 100]","[100, 100]","[100, 100]","[100, 100]","[100, 100]","[100, 100]",ok.png,"[0, -375]","[150, 100]",121,both,8,3,m,1,1,1,1,0,0,0,0,0,0,0,1.21553611755,1.215536117553711,0,60,60,-82,-82,1,1,0,0,0,0,0,0,0,0.366165339947,0.3661653399467468,0,8,8,-417,-417,404
00.png,00.png,25.png,00.png,tray1.png,00.png,05.png,00.png,01.png,dots1.png,00.png,10.png,00.png,20.png,00.png,30.png,"[-206, 206]","[-56, 206]","[94, 206]","[244, 206]","[-206, 56]","[-56, 56]","[94, 56]","[244, 56]","[-206, -94]","[-56, -94]","[94, -94]","[244, -94]","[-206, -244]","[-56, -244]","[94, -244]","[244, -244]","[100, 100]","[100, 100]","[100, 100]","[100, 100]","[100, 100]","[100, 100]","[100, 100]","[100, 100]","[100, 100]","[100, 100]","[100, 100]","[100, 100]","[100, 100]","[100, 100]","[100, 100]","[100, 100]",ok.png,"[0, -375]","[150, 100]",122,both,8,3,m,1,1,1,1,0,0,0,0,0,0,0,1.06581926346,1.065819263458252,0,-63,-63,-100,-100,1,1,0,0,0,0,0,0,0,0.982847452164,0.9828474521636964,0,22,22,-370,-370,129
00.png,00.png,00.png,18.png,00.png,14.png,00.png,09.png,dots1.png,02.png,04.png,00.png,26.png,tray1.png,00.png,00.png,"[-219, 221]","[-69, 221]","[81, 221]","[231, 221]","[-219, 71]","[-69, 71]","[81, 71]","[231, 71]","[-219, -79]","[-69, -79]","[81, -79]","[231, -79]","[-219, -229]","[-69, -229]","[81, -229]","[231, -229]","[100, 100]","[100, 100]","[100, 100]","[100, 100]","[100, 100]","[100, 100]","[100, 100]","[100, 100]","[100, 100]","[100, 100]","[100, 100]","[100, 100]","[100, 100]","[100, 100]","[100, 100]","[100, 100]",ok.png,"[0, -375]","[150, 100]",123,both,8,3,m,1,1,1,1,0,0,0,0,0,0,0,1.39871573448,1.398715734481812,0,-187,-187,-86,-86,1,1,0,0,0,0,0,0,0,0.29941162467,0.2994116246700287,0,-64,-64,-250,-250,369
00.png,tray1.png,00.png,00.png,11.png,07.png,00.png,dots1.png,18.png,00.png,00.png,30.png,09.png,00.png,00.png,19.png,"[-237, 225]","[-87, 225]","[63, 225]","[213, 225]","[-237, 75]","[-87, 75]","[63, 75]","[213, 75]","[-237, -75]","[-87, -75]","[63, -75]","[213, -75]","[-237, -225]","[-87, -225]","[63, -225]","[213, -225]","[100, 100]","[100, 100]","[100, 100]","[100, 100]","[100, 100]","[100, 100]","[100, 100]","[100, 100]","[100, 100]","[100, 100]","[100, 100]","[100, 100]","[100, 100]","[100, 100]","[100, 100]","[100, 100]",ok.png,"[0, -375]","[150, 100]",124,both,8,3,m,1,1,1,1,0,0,0,0,0,0,0,0.965133965015,0.9651339650154114,0,214,214,77,77,1,1,0,0,0,0,0,0,0,1.58288300037,1.58288300037384,0,-92,-92,232,232,151
tray1.png,00.png,13.png,00.png,23.png,00.png,dots1.png,00.png,33.png,00.png,14.png,00.png,19.png,00.png,29.png,00.png,"[-225, 241]","[-75, 241]","[75, 241]","[225, 241]","[-225, 91]","[-75, 91]","[75, 91]","[225, 91]","[-225, -59]","[-75, -59]","[75, -59]","[225, -59]","[-225, -209]","[-75, -209]","[75, -209]","[225, -209]","[100, 100]","[100, 100]","[100, 100]","[100, 100]","[100, 100]","[100, 100]","[100, 100]","[100, 100]","[100, 100]","[100, 100]","[100, 100]","[100, 100]","[100, 100]","[100, 100]","[100, 100]","[100, 100]",ok.png,"[0, -375]","[150, 100]",125,both,8,3,m,1,1,1,1,0,0,0,0,0,0,0,0.84872418642,0.8487241864204407,0,89,89,105,105,1,1,0,0,0,0,0,0,0,0.865976631641,0.8659766316413879,0,-226,-226,247,247,158
00.png,00.png,00.png,00.png,00.png,00.png,00.png,00.png,07.png,06.png,tray2.png,04.png,03.png,02.png,01.png,dots2.png,"[-200, 202]","[-50, 202]","[100, 202]","[250, 202]","[-200, 52]","[-50, 52]","[100, 52]","[250, 52]","[-200, -98]","[-50, -98]","[100, -98]","[250, -98]","[-200, -248]","[-50, -248]","[100, -248]","[250, -248]","[100, 100]","[100, 100]","[100, 100]","[100, 100]","[100, 100]","[100, 100]","[100, 100]","[100, 100]","[100, 100]","[100, 100]","[100, 100]","[100, 100]","[100, 100]","[100, 100]","[100, 100]","[100, 100]",ok.png,"[0, -375]","[150, 100]",126,both,8,3,m,1,1,1,1,0,0,0,0,0,0,0,1.33242881298,1.332428812980652,0,223,223,-230,-230,1,1,0,0,0,0,0,0,0,0.499448895454,0.4994488954544067,0,112,112,-92,-92,63
00.png,00.png,00.png,00.png,00.png,00.png,14.png,00.png,13.png,tray2.png,11.png,10.png,00.png,09.png,dots2.png,08.png,"[-245, 240]","[-95, 240]","[55, 240]","[205, 240]","[-245, 90]","[-95, 90]","[55, 90]","[205, 90]","[-245, -60]","[-95, -60]","[55, -60]","[205, -60]","[-245, -210]","[-95, -210]","[55, -210]","[205, -210]","[100, 100]","[100, 100]","[100, 100]","[100, 100]","[100, 100]","[100, 100]","[100, 100]","[100, 100]","[100, 100]","[100, 100]","[100, 100]","[100, 100]","[100, 100]","[100, 100]","[100, 100]","[100, 100]",ok.png,"[0, -375]","[150, 100]",127,both,8,3,m,1,1,1,1,0,0,0,0,0,0,0,1.08241629601,1.082416296005249,0,55,55,-222,-222,1,1,0,0,0,0,0,0,0,0.332891881466,0.3328918814659119,0,-77,-77,-38,-38,395
00.png,00.png,00.png,00.png,00.png,00.png,21.png,tray2.png,19.png,18.png,17.png,16.png,15.png,dots2.png,00.png,00.png,"[-202, 225]","[-52, 225]","[98, 225]","[248, 225]","[-202, 75]","[-52, 75]","[98, 75]","[248, 75]","[-202, -75]","[-52, -75]","[98, -75]","[248, -75]","[-202, -225]","[-52, -225]","[98, -225]","[248, -225]","[100, 100]","[100, 100]","[100, 100]","[100, 100]","[100, 100]","[100, 100]","[100, 100]","[100, 100]","[100, 100]","[100, 100]","[100, 100]","[100, 100]","[100, 100]","[100, 100]","[100, 100]","[100, 100]",ok.png,"[0, -375]","[150, 100]",128,both,8,3,m,1,1,1,1,0,0,0,0,0,0,0,0.982140898705,0.9821408987045288,0,-35,-35,-222,-222,1,1,0,0,0,0,0,0,0,1.11627781391,1.116277813911438,0,219,219,84,84,44
00.png,00.png,00.png,00.png,00.png,00.png,31.png,27.png,26.png,28.png,00.png,00.png,dots2.png,24.png,23.png,tray2.png,"[-211, 220]","[-61, 220]","[89, 220]","[239, 220]","[-211, 70]","[-61, 70]","[89, 70]","[239, 70]","[-211, -80]","[-61, -80]","[89, -80]","[239, -80]","[-211, -230]","[-61, -230]","[89, -230]","[239, -230]","[100, 100]","[100, 100]","[100, 100]","[100, 100]","[100, 100]","[100, 100]","[100, 100]","[100, 100]","[100, 100]","[100, 100]","[100, 100]","[100, 100]","[100, 100]","[100, 100]","[100, 100]","[100, 100]",ok.png,"[0, -375]","[150, 100]",129,both,8,3,m,1,1,1,1,0,0,0,0,0,0,0,1.43229985237,1.432299852371216,0,235,235,-267,-267,1,1,0,0,0,0,0,0,0,0.466213822365,0.4662138223648071,0,-218,-218,-233,-233,355
00.png,00.png,00.png,00.png,01.png,34.png,33.png,32.png,tray2.png,30.png,29.png,dots2.png,00.png,00.png,00.png,00.png,"[-216, 210]","[-66, 210]","[84, 210]","[234, 210]","[-216, 60]","[-66, 60]","[84, 60]","[234, 60]","[-216, -90]","[-66, -90]","[84, -90]","[234, -90]","[-216, -240]","[-66, -240]","[84, -240]","[234, -240]","[100, 100]","[100, 100]","[100, 100]","[100, 100]","[100, 100]","[100, 100]","[100, 100]","[100, 100]","[100, 100]","[100, 100]","[100, 100]","[100, 100]","[100, 100]","[100, 100]","[100, 100]","[100, 100]",ok.png,"[0, -375]","[150, 100]",130,both,8,3,m,1,1,1,1,0,0,0,0,0,0,0,0.799030065536,0.799030065536499,0,228,228,-90,-90,1,1,0,0,0,0,0,0,0,0.416153043509,0.4161530435085297,0,-208,-208,-76,-76,390
00.png,00.png,23.png,17.png,00.png,00.png,15.png,06.png,00.png,00.png,dots2.png,04.png,00.png,00.png,tray2.png,01.png,"[-250, 204]","[-100, 204]","[50, 204]","[200, 204]","[-250, 54]","[-100, 54]","[50, 54]","[200, 54]","[-250, -96]","[-100, -96]","[50, -96]","[200, -96]","[-250, -246]","[-100, -246]","[50, -246]","[200, -246]","[100, 100]","[100, 100]","[100, 100]","[100, 100]","[100, 100]","[100, 100]","[100, 100]","[100, 100]","[100, 100]","[100, 100]","[100, 100]","[100, 100]","[100, 100]","[100, 100]","[100, 100]","[100, 100]",ok.png,"[0, -375]","[150, 100]",131,both,8,3,m,1,1,1,1,0,0,0,0,0,0,0,1.09929978848,1.099299788475037,0,62,62,-102,-102,1,1,0,0,0,0,0,0,0,0.382394582033,0.3823945820331573,0,47,47,-257,-257,420
14.png,09.png,22.png,tray2.png,00.png,00.png,00.png,00.png,25.png,dots2.png,03.png,07.png,00.png,00.png,00.png,00.png,"[-231, 246]","[-81, 246]","[69, 246]","[219, 246]","[-231, 96]","[-81, 96]","[69, 96]","[219, 96]","[-231, -54]","[-81, -54]","[69, -54]","[219, -54]","[-231, -204]","[-81, -204]","[69, -204]","[219, -204]","[100, 100]","[100, 100]","[100, 100]","[100, 100]","[100, 100]","[100, 100]","[100, 100]","[100, 100]","[100, 100]","[100, 100]","[100, 100]","[100, 100]","[100, 100]","[100, 100]","[100, 100]","[100, 100]",ok.png,"[0, -375]","[150, 100]",132,both,8,3,m,1,1,1,1,0,0,0,0,0,0,0,0.882147014141,0.8821470141410828,0,-78,-78,-59,-59,1,1,0,0,0,0,0,0,0,0.482879132032,0.4828791320323944,0,212,212,240,240,56
00.png,00.png,00.png,00.png,31.png,30.png,17.png,00.png,dots2.png,tray2.png,00.png,00.png,07.png,33.png,05.png,00.png,"[-241, 208]","[-91, 208]","[59, 208]","[209, 208]","[-241, 58]","[-91, 58]","[59, 58]","[209, 58]","[-241, -92]","[-91, -92]","[59, -92]","[209, -92]","[-241, -242]","[-91, -242]","[59, -242]","[209, -242]","[100, 100]","[100, 100]","[100, 100]","[100, 100]","[100, 100]","[100, 100]","[100, 100]","[100, 100]","[100, 100]","[100, 100]","[100, 100]","[100, 100]","[100, 100]","[100, 100]","[100, 100]","[100, 100]",ok.png,"[0, -375]","[150, 100]",133,both,8,3,m,1,1,1,1,0,0,0,0,0,0,0,1.01589131355,1.015891313552856,0,-72,-72,-94,-94,1,1,0,0,0,0,0,0,0,0.33257129788399997,0.3325712978839874,0,-203,-203,-109,-109,123
33.png,31.png,tray2.png,21.png,27.png,23.png,29.png,dots2.png,00.png,00.png,00.png,00.png,00.png,00.png,00.png,00.png,"[-211, 200]","[-61, 200]","[89, 200]","[239, 200]","[-211, 50]","[-61, 50]","[89, 50]","[239, 50]","[-211, -100]","[-61, -100]","[89, -100]","[239, -100]","[-211, -250]","[-61, -250]","[89, -250]","[239, -250]","[100, 100]","[100, 100]","[100, 100]","[100, 100]","[100, 100]","[100, 100]","[100, 100]","[100, 100]","[100, 100]","[100, 100]","[100, 100]","[100, 100]","[100, 100]","[100, 100]","[100, 100]","[100, 100]",ok.png,"[0, -375]","[150, 100]",134,both,8,3,m,1,1,1,1,0,0,0,0,0,0,0,0.815570473671,0.8155704736709595,0,218,218,36,36,1,1,0,0,0,0,0,0,0,0.349444270134,0.3494442701339722,0,89,89,171,171,397
00.png,00.png,00.png,00.png,26.png,24.png,dots2.png,22.png,20.png,18.png,16.png,tray2.png,00.png,00.png,00.png,00.png,"[-218, 226]","[-68, 226]","[82, 226]","[232, 226]","[-218, 76]","[-68, 76]","[82, 76]","[232, 76]","[-218, -74]","[-68, -74]","[82, -74]","[232, -74]","[-218, -224]","[-68, -224]","[82, -224]","[232, -224]","[100, 100]","[100, 100]","[100, 100]","[100, 100]","[100, 100]","[100, 100]","[100, 100]","[100, 100]","[100, 100]","[100, 100]","[100, 100]","[100, 100]","[100, 100]","[100, 100]","[100, 100]","[100, 100]",ok.png,"[0, -375]","[150, 100]",135,both,8,3,m,1,1,1,1,0,0,0,0,0,0,0,0.832253158092,0.8322531580924988,0,262,262,-77,-77,1,1,0,0,0,0,0,0,0,0.416166394949,0.4161663949489594,0,22,22,-379,-379,364
00.png,00.png,27.png,24.png,21.png,dots2.png,19.png,16.png,00.png,00.png,tray2.png,13.png,00.png,00.png,00.png,00.png,"[-248, 213]","[-98, 213]","[52, 213]","[202, 213]","[-248, 63]","[-98, 63]","[52, 63]","[202, 63]","[-248, -87]","[-98, -87]","[52, -87]","[202, -87]","[-248, -237]","[-98, -237]","[52, -237]","[202, -237]","[100, 100]","[100, 100]","[100, 100]","[100, 100]","[100, 100]","[100, 100]","[100, 100]","[100, 100]","[100, 100]","[100, 100]","[100, 100]","[100, 100]","[100, 100]","[100, 100]","[100, 100]","[100, 100]",ok.png,"[0, -375]","[150, 100]",136,both,8,3,m,1,1,1,1,0,0,0,0,0,0,0,1.03217923641,1.032179236412048,0,37,37,-67,-67,1,1,0,0,0,0,0,0,0,0.299537062645,0.2995370626449585,0,-71,-71,66,66,239
00.png,00.png,00.png,00.png,dots2.png,11.png,16.png,21.png,00.png,00.png,00.png,00.png,tray2.png,20.png,15.png,10.png,"[-226, 250]","[-76, 250]","[74, 250]","[224, 250]","[-226, 100]","[-76, 100]","[74, 100]","[224, 100]","[-226, -50]","[-76, -50]","[74, -50]","[224, -50]","[-226, -200]","[-76, -200]","[74, -200]","[224, -200]","[100, 100]","[100, 100]","[100, 100]","[100, 100]","[100, 100]","[100, 100]","[100, 100]","[100, 100]","[100, 100]","[100, 100]","[100, 100]","[100, 100]","[100, 100]","[100, 100]","[100, 100]","[100, 100]",ok.png,"[0, -375]","[150, 100]",137,both,8,3,m,1,1,1,1,0,0,0,0,0,0,0,1.36517429352,1.365174293518066,0,-224,-224,-180,-180,1,1,0,0,0,0,0,0,0,0.382859379053,0.3828593790531158,0,-232,-232,92,92,87
tray2.png,02.png,05.png,dots2.png,08.png,07.png,01.png,03.png,00.png,00.png,00.png,00.png,00.png,00.png,00.png,00.png,"[-203, 247]","[-53, 247]","[97, 247]","[247, 247]","[-203, 97]","[-53, 97]","[97, 97]","[247, 97]","[-203, -53]","[-53, -53]","[97, -53]","[247, -53]","[-203, -203]","[-53, -203]","[97, -203]","[247, -203]","[100, 100]","[100, 100]","[100, 100]","[100, 100]","[100, 100]","[100, 100]","[100, 100]","[100, 100]","[100, 100]","[100, 100]","[100, 100]","[100, 100]","[100, 100]","[100, 100]","[100, 100]","[100, 100]",ok.png,"[0, -375]","[150, 100]",138,both,8,3,m,1,1,1,1,0,0,0,0,0,0,0,0.948802292347,0.9488022923469543,0,-177,-177,237,237,1,1,0,0,0,0,0,0,0,0.382744163275,0.382744163274765,0,216,216,224,224,401
00.png,12.png,dots2.png,23.png,00.png,00.png,00.png,tray2.png,08.png,33.png,00.png,00.png,16.png,00.png,00.png,29.png,"[-232, 204]","[-82, 204]","[68, 204]","[218, 204]","[-232, 54]","[-82, 54]","[68, 54]","[218, 54]","[-232, -96]","[-82, -96]","[68, -96]","[218, -96]","[-232, -246]","[-82, -246]","[68, -246]","[218, -246]","[100, 100]","[100, 100]","[100, 100]","[100, 100]","[100, 100]","[100, 100]","[100, 100]","[100, 100]","[100, 100]","[100, 100]","[100, 100]","[100, 100]","[100, 100]","[100, 100]","[100, 100]","[100, 100]",ok.png,"[0, -375]","[150, 100]",139,both,8,3,m,1,1,1,1,0,0,0,0,0,0,0,1.0654309988,1.065430998802185,0,207,207,61,61,1,1,0,0,0,0,0,0,0,0.282536685467,0.2825366854667664,0,104,104,217,217,144
00.png,dots2.png,03.png,07.png,13.png,17.png,tray2.png,27.png,33.png,00.png,00.png,00.png,00.png,00.png,00.png,00.png,"[-244, 240]","[-94, 240]","[56, 240]","[206, 240]","[-244, 90]","[-94, 90]","[56, 90]","[206, 90]","[-244, -60]","[-94, -60]","[56, -60]","[206, -60]","[-244, -210]","[-94, -210]","[56, -210]","[206, -210]","[100, 100]","[100, 100]","[100, 100]","[100, 100]","[100, 100]","[100, 100]","[100, 100]","[100, 100]","[100, 100]","[100, 100]","[100, 100]","[100, 100]","[100, 100]","[100, 100]","[100, 100]","[100, 100]",ok.png,"[0, -375]","[150, 100]",140,both,8,3,m,1,1,1,1,0,0,0,0,0,0,0,1.14919257164,1.149192571640015,0,52,52,99,99,1,1,0,0,0,0,0,0,0,0.499073415995,0.4990734159946442,0,-92,-92,234,234,117
dots2.png,17.png,07.png,14.png,00.png,00.png,00.png,00.png,00.png,00.png,00.png,00.png,02.png,tray2.png,20.png,04.png,"[-231, 211]","[-81, 211]","[69, 211]","[219, 211]","[-231, 61]","[-81, 61]","[69, 61]","[219, 61]","[-231, -89]","[-81, -89]","[69, -89]","[219, -89]","[-231, -239]","[-81, -239]","[69, -239]","[219, -239]","[100, 100]","[100, 100]","[100, 100]","[100, 100]","[100, 100]","[100, 100]","[100, 100]","[100, 100]","[100, 100]","[100, 100]","[100, 100]","[100, 100]","[100, 100]","[100, 100]","[100, 100]","[100, 100]",ok.png,"[0, -375]","[150, 100]",141,both,8,3,m,1,1,1,1,0,0,0,0,0,0,0,1.09887862206,1.098878622055054,0,-86,-86,-235,-235,1,1,0,0,0,0,0,0,0,0.466120541096,0.4661205410957336,0,-252,-252,227,227,259
00.png,dots2.png,04.png,00.png,00.png,16.png,22.png,00.png,00.png,32.png,tray2.png,00.png,00.png,29.png,19.png,00.png,"[-218, 211]","[-68, 211]","[82, 211]","[232, 211]","[-218, 61]","[-68, 61]","[82, 61]","[232, 61]","[-218, -89]","[-68, -89]","[82, -89]","[232, -89]","[-218, -239]","[-68, -239]","[82, -239]","[232, -239]","[100, 100]","[100, 100]","[100, 100]","[100, 100]","[100, 100]","[100, 100]","[100, 100]","[100, 100]","[100, 100]","[100, 100]","[100, 100]","[100, 100]","[100, 100]","[100, 100]","[100, 100]","[100, 100]",ok.png,"[0, -375]","[150, 100]",142,both,8,3,m,1,1,1,1,0,0,0,0,0,0,0,1.09883165359,1.098831653594971,0,72,72,-99,-99,1,1,0,0,0,0,0,0,0,0.349595606327,0.3495956063270569,0,-89,-89,237,237,346
00.png,08.png,dots2.png,03.png,25.png,tray2.png,27.png,00.png,00.png,00.png,00.png,21.png,05.png,00.png,00.png,00.png,"[-205, 200]","[-55, 200]","[95, 200]","[245, 200]","[-205, 50]","[-55, 50]","[95, 50]","[245, 50]","[-205, -100]","[-55, -100]","[95, -100]","[245, -100]","[-205, -250]","[-55, -250]","[95, -250]","[245, -250]","[100, 100]","[100, 100]","[100, 100]","[100, 100]","[100, 100]","[100, 100]","[100, 100]","[100, 100]","[100, 100]","[100, 100]","[100, 100]","[100, 100]","[100, 100]","[100, 100]","[100, 100]","[100, 100]",ok.png,"[0, -375]","[150, 100]",143,both,8,3,m,1,1,1,1,0,0,0,0,0,0,0,0.882039189339,0.8820391893386841,0,-33,-33,69,69,1,1,0,0,0,0,0,0,0,0.299464821815,0.2994648218154907,0,75,75,204,204,111
00.png,07.png,00.png,dots2.png,23.png,00.png,09.png,00.png,00.png,16.png,00.png,00.png,tray2.png,15.png,00.png,06.png,"[-215, 235]","[-65, 235]","[85, 235]","[235, 235]","[-215, 85]","[-65, 85]","[85, 85]","[235, 85]","[-215, -65]","[-65, -65]","[85, -65]","[235, -65]","[-215, -215]","[-65, -215]","[85, -215]","[235, -215]","[100, 100]","[100, 100]","[100, 100]","[100, 100]","[100, 100]","[100, 100]","[100, 100]","[100, 100]","[100, 100]","[100, 100]","[100, 100]","[100, 100]","[100, 100]","[100, 100]","[100, 100]","[100, 100]",ok.png,"[0, -375]","[150, 100]",144,both,8,3,m,1,1,1,1,0,0,0,0,0,0,0,1.23234450817,1.232344508171082,0,-195,-195,-224,-224,1,1,0,0,0,0,0,0,0,0.44928625226,0.4492862522602081,0,233,233,206,206,154
00.png,tray2.png,00.png,31.png,dots2.png,08.png,30.png,00.png,34.png,00.png,00.png,12.png,00.png,00.png,11.png,00.png,"[-217, 217]","[-67, 217]","[83, 217]","[233, 217]","[-217, 67]","[-67, 67]","[83, 67]","[233, 67]","[-217, -83]","[-67, -83]","[83, -83]","[233, -83]","[-217, -233]","[-67, -233]","[83, -233]","[233, -233]","[100, 100]","[100, 100]","[100, 100]","[100, 100]","[100, 100]","[100, 100]","[100, 100]","[100, 100]","[100, 100]","[100, 100]","[100, 100]","[100, 100]","[100, 100]","[100, 100]","[100, 100]","[100, 100]",ok.png,"[0, -375]","[150, 100]",145,both,8,3,m,1,1,1,1,0,0,0,0,0,0,0,1.09908485413,1.099084854125977,0,-220,-220,66,66,1,1,0,0,0,0,0,0,0,0.715991020203,0.7159910202026367,0,-48,-48,227,227,3
00.png,00.png,16.png,tray2.png,10.png,dots2.png,09.png,07.png,27.png,24.png,00.png,00.png,00.png,00.png,00.png,00.png,"[-215, 229]","[-65, 229]","[85, 229]","[235, 229]","[-215, 79]","[-65, 79]","[85, 79]","[235, 79]","[-215, -71]","[-65, -71]","[85, -71]","[235, -71]","[-215, -221]","[-65, -221]","[85, -221]","[235, -221]","[100, 100]","[100, 100]","[100, 100]","[100, 100]","[100, 100]","[100, 100]","[100, 100]","[100, 100]","[100, 100]","[100, 100]","[100, 100]","[100, 100]","[100, 100]","[100, 100]","[100, 100]","[100, 100]",ok.png,"[0, -375]","[150, 100]",146,both,8,3,m,1,1,1,1,0,0,0,0,0,0,0,1.3822453022,1.382245302200317,0,-84,-84,92,92,1,1,0,0,0,0,0,0,0,0.466092377901,0.4660923779010773,0,249,249,228,228,447
30.png,00.png,20.png,00.png,10.png,00.png,dots2.png,01.png,00.png,tray2.png,00.png,33.png,00.png,25.png,00.png,00.png,"[-205, 240]","[-55, 240]","[95, 240]","[245, 240]","[-205, 90]","[-55, 90]","[95, 90]","[245, 90]","[-205, -60]","[-55, -60]","[95, -60]","[245, -60]","[-205, -210]","[-55, -210]","[95, -210]","[245, -210]","[100, 100]","[100, 100]","[100, 100]","[100, 100]","[100, 100]","[100, 100]","[100, 100]","[100, 100]","[100, 100]","[100, 100]","[100, 100]","[100, 100]","[100, 100]","[100, 100]","[100, 100]","[100, 100]",ok.png,"[0, -375]","[150, 100]",147,both,8,3,m,1,1,1,1,0,0,0,0,0,0,0,0.732293426991,0.732293426990509,0,92,92,79,79,1,1,0,0,0,0,0,0,0,0.333093255758,0.3330932557582855,0,-72,-72,-94,-94,68
00.png,00.png,24.png,26.png,00.png,04.png,02.png,dots2.png,09.png,00.png,tray2.png,00.png,18.png,00.png,00.png,00.png,"[-229, 220]","[-79, 220]","[71, 220]","[221, 220]","[-229, 70]","[-79, 70]","[71, 70]","[221, 70]","[-229, -80]","[-79, -80]","[71, -80]","[221, -80]","[-229, -230]","[-79, -230]","[71, -230]","[221, -230]","[100, 100]","[100, 100]","[100, 100]","[100, 100]","[100, 100]","[100, 100]","[100, 100]","[100, 100]","[100, 100]","[100, 100]","[100, 100]","[100, 100]","[100, 100]","[100, 100]","[100, 100]","[100, 100]",ok.png,"[0, -375]","[150, 100]",148,both,8,3,m,1,1,1,1,0,0,0,0,0,0,0,1.13226211071,1.132262110710144,0,58,58,-85,-85,1,1,0,0,0,0,0,0,0,0.666123092175,0.66612309217453,0,224,224,84,84,439
tray2.png,00.png,00.png,09.png,30.png,00.png,00.png,18.png,dots2.png,00.png,07.png,11.png,00.png,00.png,14.png,00.png,"[-250, 211]","[-100, 211]","[50, 211]","[200, 211]","[-250, 61]","[-100, 61]","[50, 61]","[200, 61]","[-250, -89]","[-100, -89]","[50, -89]","[200, -89]","[-250, -239]","[-100, -239]","[50, -239]","[200, -239]","[100, 100]","[100, 100]","[100, 100]","[100, 100]","[100, 100]","[100, 100]","[100, 100]","[100, 100]","[100, 100]","[100, 100]","[100, 100]","[100, 100]","[100, 100]","[100, 100]","[100, 100]","[100, 100]",ok.png,"[0, -375]","[150, 100]",149,both,8,3,m,1,1,1,1,0,0,0,0,0,0,0,1.1325135231,1.132513523101807,0,-248,-248,-76,-76,1,1,0,0,0,0,0,0,0,0.716047346592,0.7160473465919495,0,-267,-267,209,209,93
00.png,29.png,00.png,19.png,00.png,14.png,00.png,33.png,00.png,dots2.png,00.png,23.png,00.png,tray2.png,00.png,31.png,"[-235, 237]","[-85, 237]","[65, 237]","[215, 237]","[-235, 87]","[-85, 87]","[65, 87]","[215, 87]","[-235, -63]","[-85, -63]","[65, -63]","[215, -63]","[-235, -213]","[-85, -213]","[65, -213]","[215, -213]","[100, 100]","[100, 100]","[100, 100]","[100, 100]","[100, 100]","[100, 100]","[100, 100]","[100, 100]","[100, 100]","[100, 100]","[100, 100]","[100, 100]","[100, 100]","[100, 100]","[100, 100]","[100, 100]",ok.png,"[0, -375]","[150, 100]",150,both,8,3,m,1,1,1,1,0,0,0,0,0,0,0,1.44874870777,1.448748707771301,0,-72,-72,-51,-51,1,1,0,0,0,0,0,0,0,0.316389560699,0.3163895606994629,0,-74,-74,-181,-181,66
tray1.png,01.png,02.png,03.png,04.png,05.png,06.png,07.png,08.png,09.png,10.png,11.png,00.png,00.png,00.png,00.png,"[-202, 221]","[-52, 221]","[98, 221]","[248, 221]","[-202, 71]","[-52, 71]","[98, 71]","[248, 71]","[-202, -79]","[-52, -79]","[98, -79]","[248, -79]","[-202, -229]","[-52, -229]","[98, -229]","[248, -229]","[100, 100]","[100, 100]","[100, 100]","[100, 100]","[100, 100]","[100, 100]","[100, 100]","[100, 100]","[100, 100]","[100, 100]","[100, 100]","[100, 100]","[100, 100]","[100, 100]","[100, 100]","[100, 100]",ok.png,"[0, -375]","[150, 100]",151,tray,12,1,m,1,1,1,1,0,0,0,0,0,0,0,1.38223052025,1.382230520248413,0,-208,-208,211,211,1,1,0,0,0,0,0,0,0,1.36604845524,1.366048455238342,0,-24,-24,-376,-376,72
08.png,tray1.png,09.png,00.png,10.png,11.png,12.png,13.png,00.png,14.png,34.png,33.png,32.png,31.png,00.png,00.png,"[-250, 222]","[-100, 222]","[50, 222]","[200, 222]","[-250, 72]","[-100, 72]","[50, 72]","[200, 72]","[-250, -78]","[-100, -78]","[50, -78]","[200, -78]","[-250, -228]","[-100, -228]","[50, -228]","[200, -228]","[100, 100]","[100, 100]","[100, 100]","[100, 100]","[100, 100]","[100, 100]","[100, 100]","[100, 100]","[100, 100]","[100, 100]","[100, 100]","[100, 100]","[100, 100]","[100, 100]","[100, 100]","[100, 100]",ok.png,"[0, -375]","[150, 100]",152,tray,12,1,m,1,1,1,1,0,0,0,0,0,0,0,0.932546555996,0.9325465559959412,0,-83,-83,201,201,1,1,0,0,0,0,0,0,0,1.51612186432,1.516121864318848,0,11,11,-373,-373,442
00.png,00.png,tray1.png,15.png,16.png,17.png,18.png,19.png,20.png,21.png,22.png,23.png,24.png,25.png,00.png,00.png,"[-234, 216]","[-84, 216]","[66, 216]","[216, 216]","[-234, 66]","[-84, 66]","[66, 66]","[216, 66]","[-234, -84]","[-84, -84]","[66, -84]","[216, -84]","[-234, -234]","[-84, -234]","[66, -234]","[216, -234]","[100, 100]","[100, 100]","[100, 100]","[100, 100]","[100, 100]","[100, 100]","[100, 100]","[100, 100]","[100, 100]","[100, 100]","[100, 100]","[100, 100]","[100, 100]","[100, 100]","[100, 100]","[100, 100]",ok.png,"[0, -375]","[150, 100]",153,tray,12,1,m,1,1,1,1,0,0,0,0,0,0,0,3.8989918232,3.898991823196411,0,79,79,229,229,1,1,0,0,0,0,0,0,0,0.532701313496,0.532701313495636,0,22,22,-387,-387,39
22.png,23.png,24.png,tray1.png,00.png,00.png,25.png,26.png,00.png,00.png,27.png,28.png,29.png,30.png,31.png,32.png,"[-207, 205]","[-57, 205]","[93, 205]","[243, 205]","[-207, 55]","[-57, 55]","[93, 55]","[243, 55]","[-207, -95]","[-57, -95]","[93, -95]","[243, -95]","[-207, -245]","[-57, -245]","[93, -245]","[243, -245]","[100, 100]","[100, 100]","[100, 100]","[100, 100]","[100, 100]","[100, 100]","[100, 100]","[100, 100]","[100, 100]","[100, 100]","[100, 100]","[100, 100]","[100, 100]","[100, 100]","[100, 100]","[100, 100]",ok.png,"[0, -375]","[150, 100]",154,tray,12,1,m,1,1,1,1,0,0,0,0,0,0,0,0.981825113297,0.9818251132965088,0,239,239,192,192,1,1,0,0,0,0,0,0,0,0.933090686798,0.9330906867980956,0,-15,-15,-369,-369,449
02.png,04.png,06.png,08.png,tray1.png,29.png,30.png,31.png,32.png,33.png,34.png,01.png,00.png,00.png,00.png,00.png,"[-203, 229]","[-53, 229]","[97, 229]","[247, 229]","[-203, 79]","[-53, 79]","[97, 79]","[247, 79]","[-203, -71]","[-53, -71]","[97, -71]","[247, -71]","[-203, -221]","[-53, -221]","[97, -221]","[247, -221]","[100, 100]","[100, 100]","[100, 100]","[100, 100]","[100, 100]","[100, 100]","[100, 100]","[100, 100]","[100, 100]","[100, 100]","[100, 100]","[100, 100]","[100, 100]","[100, 100]","[100, 100]","[100, 100]",ok.png,"[0, -375]","[150, 100]",155,tray,12,1,m,1,1,1,1,0,0,0,0,0,0,0,1.23239827156,1.232398271560669,0,-168,-168,87,87,1,1,0,0,0,0,0,0,0,0.482977002859,0.4829770028591156,0,1,1,-367,-367,326
01.png,34.png,07.png,27.png,04.png,tray1.png,00.png,00.png,06.png,15.png,09.png,29.png,17.png,23.png,00.png,00.png,"[-240, 216]","[-90, 216]","[60, 216]","[210, 216]","[-240, 66]","[-90, 66]","[60, 66]","[210, 66]","[-240, -84]","[-90, -84]","[60, -84]","[210, -84]","[-240, -234]","[-90, -234]","[60, -234]","[210, -234]","[100, 100]","[100, 100]","[100, 100]","[100, 100]","[100, 100]","[100, 100]","[100, 100]","[100, 100]","[100, 100]","[100, 100]","[100, 100]","[100, 100]","[100, 100]","[100, 100]","[100, 100]","[100, 100]",ok.png,"[0, -375]","[150, 100]",156,tray,12,1,m,1,1,1,1,0,0,0,0,0,0,0,1.48220932484,1.482209324836731,0,-72,-72,79,79,1,1,0,0,0,0,0,0,0,1.93285143375,1.932851433753967,0,18,18,-375,-375,100
00.png,00.png,02.png,05.png,07.png,03.png,tray1.png,25.png,18.png,14.png,00.png,00.png,06.png,22.png,09.png,17.png,"[-210, 205]","[-60, 205]","[90, 205]","[240, 205]","[-210, 55]","[-60, 55]","[90, 55]","[240, 55]","[-210, -95]","[-60, -95]","[90, -95]","[240, -95]","[-210, -245]","[-60, -245]","[90, -245]","[240, -245]","[100, 100]","[100, 100]","[100, 100]","[100, 100]","[100, 100]","[100, 100]","[100, 100]","[100, 100]","[100, 100]","[100, 100]","[100, 100]","[100, 100]","[100, 100]","[100, 100]","[100, 100]","[100, 100]",ok.png,"[0, -375]","[150, 100]",157,tray,12,1,m,1,1,1,1,0,0,0,0,0,0,0,1.01561033726,1.015610337257385,0,89,89,42,42,1,1,0,0,0,0,0,0,0,1.8493514061,1.849351406097412,0,16,16,-377,-377,229
00.png,05.png,33.png,07.png,20.png,15.png,27.png,tray1.png,30.png,17.png,25.png,31.png,00.png,00.png,33.png,00.png,"[-250, 236]","[-100, 236]","[50, 236]","[200, 236]","[-250, 86]","[-100, 86]","[50, 86]","[200, 86]","[-250, -64]","[-100, -64]","[50, -64]","[200, -64]","[-250, -214]","[-100, -214]","[50, -214]","[200, -214]","[100, 100]","[100, 100]","[100, 100]","[100, 100]","[100, 100]","[100, 100]","[100, 100]","[100, 100]","[100, 100]","[100, 100]","[100, 100]","[100, 100]","[100, 100]","[100, 100]","[100, 100]","[100, 100]",ok.png,"[0, -375]","[150, 100]",158,tray,12,1,m,1,1,1,1,0,0,0,0,0,0,0,0.815521001816,0.8155210018157959,0,196,196,86,86,1,1,0,0,0,0,0,0,0,0.449455499649,0.4494554996490479,0,2,2,-352,-352,319
07.png,10.png,13.png,16.png,00.png,00.png,00.png,00.png,tray1.png,29.png,23.png,27.png,21.png,25.png,31.png,33.png,"[-214, 202]","[-64, 202]","[86, 202]","[236, 202]","[-214, 52]","[-64, 52]","[86, 52]","[236, 52]","[-214, -98]","[-64, -98]","[86, -98]","[236, -98]","[-214, -248]","[-64, -248]","[86, -248]","[236, -248]","[100, 100]","[100, 100]","[100, 100]","[100, 100]","[100, 100]","[100, 100]","[100, 100]","[100, 100]","[100, 100]","[100, 100]","[100, 100]","[100, 100]","[100, 100]","[100, 100]","[100, 100]","[100, 100]",ok.png,"[0, -375]","[150, 100]",159,tray,12,1,m,1,1,1,1,0,0,0,0,0,0,0,1.21556282043,1.21556282043457,0,-197,-197,-78,-78,1,1,0,0,0,0,0,0,0,1.01610064507,1.016100645065308,0,9,9,-375,-375,377
09.png,07.png,05.png,03.png,14.png,16.png,18.png,20.png,22.png,tray1.png,24.png,26.png,00.png,00.png,00.png,00.png,"[-225, 223]","[-75, 223]","[75, 223]","[225, 223]","[-225, 73]","[-75, 73]","[75, 73]","[225, 73]","[-225, -77]","[-75, -77]","[75, -77]","[225, -77]","[-225, -227]","[-75, -227]","[75, -227]","[225, -227]","[100, 100]","[100, 100]","[100, 100]","[100, 100]","[100, 100]","[100, 100]","[100, 100]","[100, 100]","[100, 100]","[100, 100]","[100, 100]","[100, 100]","[100, 100]","[100, 100]","[100, 100]","[100, 100]",ok.png,"[0, -375]","[150, 100]",160,tray,12,1,m,1,1,1,1,0,0,0,0,0,0,0,1.63219261169,1.632192611694336,0,-70,-70,-76,-76,1,1,0,0,0,0,0,0,0,0.816353559494,0.8163535594940186,0,-1,-1,-395,-395,350
00.png,00.png,33.png,31.png,13.png,10.png,34.png,32.png,16.png,19.png,tray1.png,21.png,24.png,27.png,00.png,00.png,"[-227, 234]","[-77, 234]","[73, 234]","[223, 234]","[-227, 84]","[-77, 84]","[73, 84]","[223, 84]","[-227, -66]","[-77, -66]","[73, -66]","[223, -66]","[-227, -216]","[-77, -216]","[73, -216]","[223, -216]","[100, 100]","[100, 100]","[100, 100]","[100, 100]","[100, 100]","[100, 100]","[100, 100]","[100, 100]","[100, 100]","[100, 100]","[100, 100]","[100, 100]","[100, 100]","[100, 100]","[100, 100]","[100, 100]",ok.png,"[0, -375]","[150, 100]",161,tray,12,1,m,1,1,1,1,0,0,0,0,0,0,0,1.41573119164,1.415731191635132,0,95,95,-73,-73,1,1,0,0,0,0,0,0,0,0.716024339199,0.7160243391990662,0,19,19,-367,-367,216
10.png,15.png,20.png,25.png,00.png,00.png,04.png,17.png,21.png,16.png,11.png,tray1.png,00.png,00.png,27.png,34.png,"[-200, 219]","[-50, 219]","[100, 219]","[250, 219]","[-200, 69]","[-50, 69]","[100, 69]","[250, 69]","[-200, -81]","[-50, -81]","[100, -81]","[250, -81]","[-200, -231]","[-50, -231]","[100, -231]","[250, -231]","[100, 100]","[100, 100]","[100, 100]","[100, 100]","[100, 100]","[100, 100]","[100, 100]","[100, 100]","[100, 100]","[100, 100]","[100, 100]","[100, 100]","[100, 100]","[100, 100]","[100, 100]","[100, 100]",ok.png,"[0, -375]","[150, 100]",162,tray,12,1,m,1,1,1,1,0,0,0,0,0,0,0,1.11562097073,1.115620970726013,0,239,239,-88,-88,1,1,0,0,0,0,0,0,0,1.04959261417,1.049592614173889,0,16,16,-382,-382,277
00.png,00.png,20.png,24.png,28.png,32.png,00.png,00.png,03.png,01.png,07.png,08.png,tray1.png,05.png,02.png,04.png,"[-214, 226]","[-64, 226]","[86, 226]","[236, 226]","[-214, 76]","[-64, 76]","[86, 76]","[236, 76]","[-214, -74]","[-64, -74]","[86, -74]","[236, -74]","[-214, -224]","[-64, -224]","[86, -224]","[236, -224]","[100, 100]","[100, 100]","[100, 100]","[100, 100]","[100, 100]","[100, 100]","[100, 100]","[100, 100]","[100, 100]","[100, 100]","[100, 100]","[100, 100]","[100, 100]","[100, 100]","[100, 100]","[100, 100]",ok.png,"[0, -375]","[150, 100]",163,tray,12,1,m,1,1,1,1,0,0,0,0,0,0,0,1.43210291862,1.432102918624878,0,-221,-221,-240,-240,1,1,0,0,0,0,0,0,0,3.19944214821,3.199442148208618,0,13,13,-371,-371,8
29.png,00.png,06.png,16.png,00.png,03.png,33.png,08.png,13.png,28.png,00.png,00.png,23.png,tray1.png,12.png,01.png,"[-224, 246]","[-74, 246]","[76, 246]","[226, 246]","[-224, 96]","[-74, 96]","[76, 96]","[226, 96]","[-224, -54]","[-74, -54]","[76, -54]","[226, -54]","[-224, -204]","[-74, -204]","[76, -204]","[226, -204]","[100, 100]","[100, 100]","[100, 100]","[100, 100]","[100, 100]","[100, 100]","[100, 100]","[100, 100]","[100, 100]","[100, 100]","[100, 100]","[100, 100]","[100, 100]","[100, 100]","[100, 100]","[100, 100]",ok.png,"[0, -375]","[150, 100]",164,tray,12,1,m,1,1,1,1,0,0,0,0,0,0,0,1.38230729103,1.382307291030884,0,-53,-53,-206,-206,1,1,0,0,0,0,0,0,0,0.966095924377,0.9660959243774414,0,14,14,-382,-382,271
00.png,00.png,00.png,16.png,14.png,06.png,04.png,33.png,27.png,23.png,17.png,13.png,07.png,03.png,tray1.png,00.png,"[-214, 206]","[-64, 206]","[86, 206]","[236, 206]","[-214, 56]","[-64, 56]","[86, 56]","[236, 56]","[-214, -94]","[-64, -94]","[86, -94]","[236, -94]","[-214, -244]","[-64, -244]","[86, -244]","[236, -244]","[100, 100]","[100, 100]","[100, 100]","[100, 100]","[100, 100]","[100, 100]","[100, 100]","[100, 100]","[100, 100]","[100, 100]","[100, 100]","[100, 100]","[100, 100]","[100, 100]","[100, 100]","[100, 100]",ok.png,"[0, -375]","[150, 100]",165,tray,12,1,m,1,1,1,1,0,0,0,0,0,0,0,1.06554937363,1.065549373626709,0,80,80,-246,-246,1,1,0,0,0,0,0,0,0,1.09947133064,1.0994713306427,0,10,10,-376,-376,324
04.png,20.png,30.png,02.png,00.png,00.png,03.png,04.png,24.png,23.png,00.png,00.png,14.png,07.png,17.png,tray1.png,"[-242, 232]","[-92, 232]","[58, 232]","[208, 232]","[-242, 82]","[-92, 82]","[58, 82]","[208, 82]","[-242, -68]","[-92, -68]","[58, -68]","[208, -68]","[-242, -218]","[-92, -218]","[58, -218]","[208, -218]","[100, 100]","[100, 100]","[100, 100]","[100, 100]","[100, 100]","[100, 100]","[100, 100]","[100, 100]","[100, 100]","[100, 100]","[100, 100]","[100, 100]","[100, 100]","[100, 100]","[100, 100]","[100, 100]",ok.png,"[0, -375]","[150, 100]",166,tray,12,1,m,1,1,1,1,0,0,0,0,0,0,0,2.09886145592,2.098861455917358,0,217,217,-229,-229,1,1,0,0,0,0,0,0,0,1.19942688942,1.199426889419556,0,5,5,-374,-374,267
03.png,19.png,29.png,00.png,00.png,02.png,32.png,11.png,12.png,22.png,16.png,00.png,00.png,04.png,tray1.png,18.png,"[-232, 233]","[-82, 233]","[68, 233]","[218, 233]","[-232, 83]","[-82, 83]","[68, 83]","[218, 83]","[-232, -67]","[-82, -67]","[68, -67]","[218, -67]","[-232, -217]","[-82, -217]","[68, -217]","[218, -217]","[100, 100]","[100, 100]","[100, 100]","[100, 100]","[100, 100]","[100, 100]","[100, 100]","[100, 100]","[100, 100]","[100, 100]","[100, 100]","[100, 100]","[100, 100]","[100, 100]","[100, 100]","[100, 100]",ok.png,"[0, -375]","[150, 100]",167,tray,12,1,m,1,1,1,1,0,0,0,0,0,0,0,1.31537687778,1.315376877784729,0,76,76,-226,-226,1,1,0,0,0,0,0,0,0,7.64929103851,7.649291038513184,0,15,15,-386,-386,309
16.png,13.png,11.png,05.png,21.png,00.png,00.png,00.png,00.png,27.png,28.png,25.png,03.png,tray1.png,08.png,15.png,"[-249, 207]","[-99, 207]","[51, 207]","[201, 207]","[-249, 57]","[-99, 57]","[51, 57]","[201, 57]","[-249, -93]","[-99, -93]","[51, -93]","[201, -93]","[-249, -243]","[-99, -243]","[51, -243]","[201, -243]","[100, 100]","[100, 100]","[100, 100]","[100, 100]","[100, 100]","[100, 100]","[100, 100]","[100, 100]","[100, 100]","[100, 100]","[100, 100]","[100, 100]","[100, 100]","[100, 100]","[100, 100]","[100, 100]",ok.png,"[0, -375]","[150, 100]",168,tray,12,1,m,1,1,1,1,0,0,0,0,0,0,0,1.56547808647,1.565478086471558,0,-109,-109,-227,-227,1,1,0,0,0,0,0,0,0,0.466229200363,0.4662292003631592,0,19,19,-379,-379,448
06.png,21.png,15.png,17.png,00.png,00.png,16.png,28.png,29.png,09.png,00.png,23.png,tray1.png,14.png,07.png,00.png,"[-206, 229]","[-56, 229]","[94, 229]","[244, 229]","[-206, 79]","[-56, 79]","[94, 79]","[244, 79]","[-206, -71]","[-56, -71]","[94, -71]","[244, -71]","[-206, -221]","[-56, -221]","[94, -221]","[244, -221]","[100, 100]","[100, 100]","[100, 100]","[100, 100]","[100, 100]","[100, 100]","[100, 100]","[100, 100]","[100, 100]","[100, 100]","[100, 100]","[100, 100]","[100, 100]","[100, 100]","[100, 100]","[100, 100]",ok.png,"[0, -375]","[150, 100]",169,tray,12,1,m,1,1,1,1,0,0,0,0,0,0,0,2.13228940964,2.132289409637451,0,-198,-198,-224,-224,1,1,0,0,0,0,0,0,0,2.48259878159,2.482598781585693,0,19,19,-387,-387,22
00.png,11.png,01.png,28.png,12.png,00.png,00.png,34.png,15.png,30.png,08.png,tray1.png,31.png,21.png,32.png,00.png,"[-248, 240]","[-98, 240]","[52, 240]","[202, 240]","[-248, 90]","[-98, 90]","[52, 90]","[202, 90]","[-248, -60]","[-98, -60]","[52, -60]","[202, -60]","[-248, -210]","[-98, -210]","[52, -210]","[202, -210]","[100, 100]","[100, 100]","[100, 100]","[100, 100]","[100, 100]","[100, 100]","[100, 100]","[100, 100]","[100, 100]","[100, 100]","[100, 100]","[100, 100]","[100, 100]","[100, 100]","[100, 100]","[100, 100]",ok.png,"[0, -375]","[150, 100]",170,tray,12,1,m,1,1,1,1,0,0,0,0,0,0,0,1.93215119839,1.932151198387146,0,210,210,-55,-55,1,1,0,0,0,0,0,0,0,1.33274817467,1.332748174667358,0,32,32,-378,-378,131
00.png,00.png,12.png,04.png,32.png,31.png,24.png,27.png,07.png,09.png,tray1.png,10.png,13.png,16.png,00.png,00.png,"[-225, 210]","[-75, 210]","[75, 210]","[225, 210]","[-225, 60]","[-75, 60]","[75, 60]","[225, 60]","[-225, -90]","[-75, -90]","[75, -90]","[225, -90]","[-225, -240]","[-75, -240]","[75, -240]","[225, -240]","[100, 100]","[100, 100]","[100, 100]","[100, 100]","[100, 100]","[100, 100]","[100, 100]","[100, 100]","[100, 100]","[100, 100]","[100, 100]","[100, 100]","[100, 100]","[100, 100]","[100, 100]","[100, 100]",ok.png,"[0, -375]","[150, 100]",171,tray,12,1,m,1,1,1,1,0,0,0,0,0,0,0,1.81578576565,1.815785765647888,0,77,77,-77,-77,1,1,0,0,0,0,0,0,0,1.76595544815,1.765955448150635,0,14,14,-364,-364,112
00.png,00.png,25.png,12.png,33.png,19.png,05.png,00.png,01.png,tray1.png,07.png,10.png,34.png,20.png,00.png,30.png,"[-213, 200]","[-63, 200]","[87, 200]","[237, 200]","[-213, 50]","[-63, 50]","[87, 50]","[237, 50]","[-213, -100]","[-63, -100]","[87, -100]","[237, -100]","[-213, -250]","[-63, -250]","[87, -250]","[237, -250]","[100, 100]","[100, 100]","[100, 100]","[100, 100]","[100, 100]","[100, 100]","[100, 100]","[100, 100]","[100, 100]","[100, 100]","[100, 100]","[100, 100]","[100, 100]","[100, 100]","[100, 100]","[100, 100]",ok.png,"[0, -375]","[150, 100]",172,tray,12,1,m,1,1,1,1,0,0,0,0,0,0,0,1.08234012127,1.082340121269226,0,-41,-41,-93,-93,1,1,0,0,0,0,0,0,0,2.49891734123,2.4989173412323,0,6,6,-409,-409,150
11.png,13.png,17.png,18.png,00.png,14.png,00.png,09.png,tray1.png,02.png,04.png,30.png,26.png,24.png,00.png,00.png,"[-222, 212]","[-72, 212]","[78, 212]","[228, 212]","[-222, 62]","[-72, 62]","[78, 62]","[228, 62]","[-222, -88]","[-72, -88]","[78, -88]","[228, -88]","[-222, -238]","[-72, -238]","[78, -238]","[228, -238]","[100, 100]","[100, 100]","[100, 100]","[100, 100]","[100, 100]","[100, 100]","[100, 100]","[100, 100]","[100, 100]","[100, 100]","[100, 100]","[100, 100]","[100, 100]","[100, 100]","[100, 100]","[100, 100]",ok.png,"[0, -375]","[150, 100]",173,tray,12,1,m,1,1,1,1,0,0,0,0,0,0,0,1.2488424778,1.248842477798462,0,-202,-202,-85,-85,1,1,0,0,0,0,0,0,0,1.31611561775,1.316115617752075,0,12,12,-375,-375,340
00.png,14.png,10.png,20.png,11.png,07.png,00.png,tray1.png,18.png,31.png,00.png,30.png,09.png,00.png,03.png,19.png,"[-217, 203]","[-67, 203]","[83, 203]","[233, 203]","[-217, 53]","[-67, 53]","[83, 53]","[233, 53]","[-217, -97]","[-67, -97]","[83, -97]","[233, -97]","[-217, -247]","[-67, -247]","[83, -247]","[233, -247]","[100, 100]","[100, 100]","[100, 100]","[100, 100]","[100, 100]","[100, 100]","[100, 100]","[100, 100]","[100, 100]","[100, 100]","[100, 100]","[100, 100]","[100, 100]","[100, 100]","[100, 100]","[100, 100]",ok.png,"[0, -375]","[150, 100]",174,tray,12,1,m,1,1,1,1,0,0,0,0,0,0,0,1.66540598869,1.665405988693237,0,226,226,52,52,1,1,0,0,0,0,0,0,0,0.882957935333,0.882957935333252,0,18,18,-374,-374,351
31.png,03.png,13.png,00.png,23.png,21.png,tray1.png,00.png,33.png,00.png,14.png,00.png,19.png,32.png,29.png,26.png,"[-242, 237]","[-92, 237]","[58, 237]","[208, 237]","[-242, 87]","[-92, 87]","[58, 87]","[208, 87]","[-242, -63]","[-92, -63]","[58, -63]","[208, -63]","[-242, -213]","[-92, -213]","[58, -213]","[208, -213]","[100, 100]","[100, 100]","[100, 100]","[100, 100]","[100, 100]","[100, 100]","[100, 100]","[100, 100]","[100, 100]","[100, 100]","[100, 100]","[100, 100]","[100, 100]","[100, 100]","[100, 100]","[100, 100]",ok.png,"[0, -375]","[150, 100]",175,tray,12,1,m,1,1,1,1,0,0,0,0,0,0,0,2.0491039753,2.049103975296021,0,31,31,76,76,1,1,0,0,0,0,0,0,0,0.63281917572,0.6328191757202148,0,40,40,-366,-366,396
00.png,00.png,00.png,00.png,11.png,10.png,09.png,08.png,07.png,06.png,05.png,04.png,03.png,02.png,01.png,tray2.png,"[-209, 250]","[-59, 250]","[91, 250]","[241, 250]","[-209, 100]","[-59, 100]","[91, 100]","[241, 100]","[-209, -50]","[-59, -50]","[91, -50]","[241, -50]","[-209, -200]","[-59, -200]","[91, -200]","[241, -200]","[100, 100]","[100, 100]","[100, 100]","[100, 100]","[100, 100]","[100, 100]","[100, 100]","[100, 100]","[100, 100]","[100, 100]","[100, 100]","[100, 100]","[100, 100]","[100, 100]","[100, 100]","[100, 100]",ok.png,"[0, -375]","[150, 100]",176,tray,12,1,m,1,1,1,1,0,0,0,0,0,0,0,0.715674459934,0.7156744599342346,0,247,247,-195,-195,1,1,0,0,0,0,0,0,0,0.966125488281,0.96612548828125,0,24,24,-370,-370,375
00.png,00.png,31.png,32.png,33.png,34.png,14.png,00.png,13.png,12.png,11.png,10.png,00.png,09.png,tray2.png,08.png,"[-247, 205]","[-97, 205]","[53, 205]","[203, 205]","[-247, 55]","[-97, 55]","[53, 55]","[203, 55]","[-247, -95]","[-97, -95]","[53, -95]","[203, -95]","[-247, -245]","[-97, -245]","[53, -245]","[203, -245]","[100, 100]","[100, 100]","[100, 100]","[100, 100]","[100, 100]","[100, 100]","[100, 100]","[100, 100]","[100, 100]","[100, 100]","[100, 100]","[100, 100]","[100, 100]","[100, 100]","[100, 100]","[100, 100]",ok.png,"[0, -375]","[150, 100]",177,tray,12,1,m,1,1,1,1,0,0,0,0,0,0,0,1.63248586655,1.632485866546631,0,66,66,-236,-236,1,1,0,0,0,0,0,0,0,2.03303360939,2.033033609390259,0,30,30,-386,-386,412
00.png,00.png,25.png,24.png,23.png,22.png,21.png,20.png,19.png,18.png,17.png,16.png,15.png,tray2.png,00.png,00.png,"[-228, 246]","[-78, 246]","[72, 246]","[222, 246]","[-228, 96]","[-78, 96]","[72, 96]","[222, 96]","[-228, -54]","[-78, -54]","[72, -54]","[222, -54]","[-228, -204]","[-78, -204]","[72, -204]","[222, -204]","[100, 100]","[100, 100]","[100, 100]","[100, 100]","[100, 100]","[100, 100]","[100, 100]","[100, 100]","[100, 100]","[100, 100]","[100, 100]","[100, 100]","[100, 100]","[100, 100]","[100, 100]","[100, 100]",ok.png,"[0, -375]","[150, 100]",178,tray,12,1,m,1,1,1,1,0,0,0,0,0,0,0,1.34879171848,1.348791718482971,0,-60,-60,-201,-201,1,1,0,0,0,0,0,0,0,1.58283638954,1.582836389541626,0,-16,-16,-366,-366,314
33.png,32.png,30.png,29.png,00.png,00.png,31.png,27.png,26.png,28.png,00.png,00.png,tray2.png,24.png,23.png,22.png,"[-244, 210]","[-94, 210]","[56, 210]","[206, 210]","[-244, 60]","[-94, 60]","[56, 60]","[206, 60]","[-244, -90]","[-94, -90]","[56, -90]","[206, -90]","[-244, -240]","[-94, -240]","[56, -240]","[206, -240]","[100, 100]","[100, 100]","[100, 100]","[100, 100]","[100, 100]","[100, 100]","[100, 100]","[100, 100]","[100, 100]","[100, 100]","[100, 100]","[100, 100]","[100, 100]","[100, 100]","[100, 100]","[100, 100]",ok.png,"[0, -375]","[150, 100]",179,tray,12,1,m,1,1,1,1,0,0,0,0,0,0,0,1.49873375893,1.498733758926392,0,-241,-241,-236,-236,1,1,0,0,0,0,0,0,0,0.983131289482,0.9831312894821168,0,4,4,-368,-368,266
00.png,00.png,00.png,00.png,01.png,34.png,33.png,32.png,31.png,30.png,29.png,tray2.png,08.png,06.png,04.png,02.png,"[-235, 230]","[-85, 230]","[65, 230]","[215, 230]","[-235, 80]","[-85, 80]","[65, 80]","[215, 80]","[-235, -70]","[-85, -70]","[65, -70]","[215, -70]","[-235, -220]","[-85, -220]","[65, -220]","[215, -220]","[100, 100]","[100, 100]","[100, 100]","[100, 100]","[100, 100]","[100, 100]","[100, 100]","[100, 100]","[100, 100]","[100, 100]","[100, 100]","[100, 100]","[100, 100]","[100, 100]","[100, 100]","[100, 100]",ok.png,"[0, -375]","[150, 100]",180,tray,12,1,m,1,1,1,1,0,0,0,0,0,0,0,0.798774600029,0.7987746000289917,0,207,207,-68,-68,1,1,0,0,0,0,0,0,0,2.18291807175,2.182918071746826,0,22,22,-383,-383,30
00.png,00.png,23.png,17.png,29.png,09.png,15.png,06.png,00.png,00.png,tray2.png,04.png,27.png,07.png,34.png,01.png,"[-250, 249]","[-100, 249]","[50, 249]","[200, 249]","[-250, 99]","[-100, 99]","[50, 99]","[200, 99]","[-250, -51]","[-100, -51]","[50, -51]","[200, -51]","[-250, -201]","[-100, -201]","[50, -201]","[200, -201]","[100, 100]","[100, 100]","[100, 100]","[100, 100]","[100, 100]","[100, 100]","[100, 100]","[100, 100]","[100, 100]","[100, 100]","[100, 100]","[100, 100]","[100, 100]","[100, 100]","[100, 100]","[100, 100]",ok.png,"[0, -375]","[150, 100]",181,tray,12,1,m,1,1,1,1,0,0,0,0,0,0,0,0.782186388969,0.7821863889694214,0,66,66,-44,-44,1,1,0,0,0,0,0,0,0,1.63287043571,1.632870435714722,0,45,45,-374,-374,249
17.png,09.png,22.png,06.png,00.png,00.png,14.png,18.png,25.png,tray2.png,03.png,07.png,05.png,02.png,00.png,00.png,"[-227, 201]","[-77, 201]","[73, 201]","[223, 201]","[-227, 51]","[-77, 51]","[73, 51]","[223, 51]","[-227, -99]","[-77, -99]","[73, -99]","[223, -99]","[-227, -249]","[-77, -249]","[73, -249]","[223, -249]","[100, 100]","[100, 100]","[100, 100]","[100, 100]","[100, 100]","[100, 100]","[100, 100]","[100, 100]","[100, 100]","[100, 100]","[100, 100]","[100, 100]","[100, 100]","[100, 100]","[100, 100]","[100, 100]",ok.png,"[0, -375]","[150, 100]",182,tray,12,1,m,1,1,1,1,0,0,0,0,0,0,0,1.49909842014,1.499098420143127,0,-82,-82,-102,-102,1,1,0,0,0,0,0,0,0,2.21605587006,2.216055870056152,0,27,27,-359,-359,62
00.png,33.png,00.png,00.png,31.png,25.png,17.png,30.png,tray2.png,27.png,15.png,20.png,07.png,33.png,05.png,00.png,"[-240, 212]","[-90, 212]","[60, 212]","[210, 212]","[-240, 62]","[-90, 62]","[60, 62]","[210, 62]","[-240, -88]","[-90, -88]","[60, -88]","[210, -88]","[-240, -238]","[-90, -238]","[60, -238]","[210, -238]","[100, 100]","[100, 100]","[100, 100]","[100, 100]","[100, 100]","[100, 100]","[100, 100]","[100, 100]","[100, 100]","[100, 100]","[100, 100]","[100, 100]","[100, 100]","[100, 100]","[100, 100]","[100, 100]",ok.png,"[0, -375]","[150, 100]",183,tray,12,1,m,1,1,1,1,0,0,0,0,0,0,0,1.36553049088,1.365530490875244,0,-246,-246,-93,-93,1,1,0,0,0,0,0,0,0,1.0159778595,1.01597785949707,0,-4,-4,-369,-369,405
33.png,31.png,25.png,21.png,27.png,23.png,29.png,tray2.png,00.png,00.png,00.png,00.png,16.png,13.png,10.png,07.png,"[-239, 213]","[-89, 213]","[61, 213]","[211, 213]","[-239, 63]","[-89, 63]","[61, 63]","[211, 63]","[-239, -87]","[-89, -87]","[61, -87]","[211, -87]","[-239, -237]","[-89, -237]","[61, -237]","[211, -237]","[100, 100]","[100, 100]","[100, 100]","[100, 100]","[100, 100]","[100, 100]","[100, 100]","[100, 100]","[100, 100]","[100, 100]","[100, 100]","[100, 100]","[100, 100]","[100, 100]","[100, 100]","[100, 100]",ok.png,"[0, -375]","[150, 100]",184,tray,12,1,m,1,1,1,1,0,0,0,0,0,0,0,1.26564204693,1.265642046928406,0,210,210,57,57,1,1,0,0,0,0,0,0,0,0.949349284172,0.949349284172058,0,39,39,-370,-370,330
00.png,00.png,00.png,00.png,26.png,24.png,tray2.png,22.png,20.png,18.png,16.png,14.png,03.png,05.png,07.png,09.png,"[-230, 206]","[-80, 206]","[70, 206]","[220, 206]","[-230, 56]","[-80, 56]","[70, 56]","[220, 56]","[-230, -94]","[-80, -94]","[70, -94]","[220, -94]","[-230, -244]","[-80, -244]","[70, -244]","[220, -244]","[100, 100]","[100, 100]","[100, 100]","[100, 100]","[100, 100]","[100, 100]","[100, 100]","[100, 100]","[100, 100]","[100, 100]","[100, 100]","[100, 100]","[100, 100]","[100, 100]","[100, 100]","[100, 100]",ok.png,"[0, -375]","[150, 100]",185,tray,12,1,m,1,1,1,1,0,0,0,0,0,0,0,0.848947227001,0.8489472270011902,0,48,48,58,58,1,1,0,0,0,0,0,0,0,2.33275556564,2.332755565643311,0,30,30,-377,-377,335
00.png,00.png,27.png,24.png,21.png,tray2.png,19.png,16.png,32.png,34.png,10.png,13.png,31.png,33.png,00.png,00.png,"[-207, 250]","[-57, 250]","[93, 250]","[243, 250]","[-207, 100]","[-57, 100]","[93, 100]","[243, 100]","[-207, -50]","[-57, -50]","[93, -50]","[243, -50]","[-207, -200]","[-57, -200]","[93, -200]","[243, -200]","[100, 100]","[100, 100]","[100, 100]","[100, 100]","[100, 100]","[100, 100]","[100, 100]","[100, 100]","[100, 100]","[100, 100]","[100, 100]","[100, 100]","[100, 100]","[100, 100]","[100, 100]","[100, 100]",ok.png,"[0, -375]","[150, 100]",186,tray,12,1,m,1,1,1,1,0,0,0,0,0,0,0,1.2487950325,1.248795032501221,0,-55,-55,104,104,1,1,0,0,0,0,0,0,0,1.45039081573,1.450390815734863,0,9,9,-364,-364,189
34.png,27.png,00.png,00.png,tray2.png,11.png,16.png,21.png,17.png,04.png,00.png,00.png,25.png,20.png,15.png,10.png,"[-210, 218]","[-60, 218]","[90, 218]","[240, 218]","[-210, 68]","[-60, 68]","[90, 68]","[240, 68]","[-210, -82]","[-60, -82]","[90, -82]","[240, -82]","[-210, -232]","[-60, -232]","[90, -232]","[240, -232]","[100, 100]","[100, 100]","[100, 100]","[100, 100]","[100, 100]","[100, 100]","[100, 100]","[100, 100]","[100, 100]","[100, 100]","[100, 100]","[100, 100]","[100, 100]","[100, 100]","[100, 100]","[100, 100]",ok.png,"[0, -375]","[150, 100]",187,tray,12,1,m,1,1,1,1,0,0,0,0,0,0,0,1.01537704468,1.015377044677734,0,-205,-205,55,55,1,1,0,0,0,0,0,0,0,1.31606388092,1.31606388092041,0,2,2,-364,-364,300
04.png,02.png,05.png,tray2.png,08.png,07.png,01.png,03.png,00.png,00.png,32.png,28.png,24.png,20.png,00.png,00.png,"[-248, 239]","[-98, 239]","[52, 239]","[202, 239]","[-248, 89]","[-98, 89]","[52, 89]","[202, 89]","[-248, -61]","[-98, -61]","[52, -61]","[202, -61]","[-248, -211]","[-98, -211]","[52, -211]","[202, -211]","[100, 100]","[100, 100]","[100, 100]","[100, 100]","[100, 100]","[100, 100]","[100, 100]","[100, 100]","[100, 100]","[100, 100]","[100, 100]","[100, 100]","[100, 100]","[100, 100]","[100, 100]","[100, 100]",ok.png,"[0, -375]","[150, 100]",188,tray,12,1,m,1,1,1,1,0,0,0,0,0,0,0,0.748774409294,0.7487744092941284,0,191,191,231,231,1,1,0,0,0,0,0,0,0,1.29937601089,1.299376010894775,0,32,32,-367,-367,445
01.png,12.png,tray2.png,23.png,00.png,00.png,28.png,13.png,08.png,33.png,03.png,00.png,16.png,06.png,00.png,29.png,"[-207, 233]","[-57, 233]","[93, 233]","[243, 233]","[-207, 83]","[-57, 83]","[93, 83]","[243, 83]","[-207, -67]","[-57, -67]","[93, -67]","[243, -67]","[-207, -217]","[-57, -217]","[93, -217]","[243, -217]","[100, 100]","[100, 100]","[100, 100]","[100, 100]","[100, 100]","[100, 100]","[100, 100]","[100, 100]","[100, 100]","[100, 100]","[100, 100]","[100, 100]","[100, 100]","[100, 100]","[100, 100]","[100, 100]",ok.png,"[0, -375]","[150, 100]",189,tray,12,1,m,1,1,1,1,0,0,0,0,0,0,0,3.71550822258,3.715508222579956,0,96,96,239,239,1,1,0,0,0,0,0,0,0,1.43287754059,1.432877540588379,0,23,23,-377,-377,55
00.png,tray2.png,03.png,07.png,13.png,17.png,23.png,27.png,33.png,04.png,06.png,14.png,16.png,00.png,00.png,00.png,"[-248, 202]","[-98, 202]","[52, 202]","[202, 202]","[-248, 52]","[-98, 52]","[52, 52]","[202, 52]","[-248, -98]","[-98, -98]","[52, -98]","[202, -98]","[-248, -248]","[-98, -248]","[52, -248]","[202, -248]","[100, 100]","[100, 100]","[100, 100]","[100, 100]","[100, 100]","[100, 100]","[100, 100]","[100, 100]","[100, 100]","[100, 100]","[100, 100]","[100, 100]","[100, 100]","[100, 100]","[100, 100]","[100, 100]",ok.png,"[0, -375]","[150, 100]",190,tray,12,1,m,1,1,1,1,0,0,0,0,0,0,0,1.03238487244,1.032384872436523,0,-81,-81,182,182,1,1,0,0,0,0,0,0,0,2.79904460907,2.799044609069824,0,24,24,-373,-373,118
tray2.png,17.png,07.png,14.png,00.png,00.png,23.png,24.png,04.png,03.png,00.png,00.png,02.png,30.png,20.png,04.png,"[-213, 217]","[-63, 217]","[87, 217]","[237, 217]","[-213, 67]","[-63, 67]","[87, 67]","[237, 67]","[-213, -83]","[-63, -83]","[87, -83]","[237, -83]","[-213, -233]","[-63, -233]","[87, -233]","[237, -233]","[100, 100]","[100, 100]","[100, 100]","[100, 100]","[100, 100]","[100, 100]","[100, 100]","[100, 100]","[100, 100]","[100, 100]","[100, 100]","[100, 100]","[100, 100]","[100, 100]","[100, 100]","[100, 100]",ok.png,"[0, -375]","[150, 100]",191,tray,12,1,m,1,1,1,1,0,0,0,0,0,0,0,3.29879999161,3.298799991607666,0,-202,-202,226,226,1,1,0,0,0,0,0,0,0,4.03279495239,4.032794952392578,0,14,14,-371,-371,15
18.png,tray2.png,04.png,00.png,00.png,16.png,22.png,12.png,11.png,32.png,02.png,00.png,00.png,29.png,19.png,03.png,"[-217, 200]","[-67, 200]","[83, 200]","[233, 200]","[-217, 50]","[-67, 50]","[83, 50]","[233, 50]","[-217, -100]","[-67, -100]","[83, -100]","[233, -100]","[-217, -250]","[-67, -250]","[83, -250]","[233, -250]","[100, 100]","[100, 100]","[100, 100]","[100, 100]","[100, 100]","[100, 100]","[100, 100]","[100, 100]","[100, 100]","[100, 100]","[100, 100]","[100, 100]","[100, 100]","[100, 100]","[100, 100]","[100, 100]",ok.png,"[0, -375]","[150, 100]",192,tray,12,1,m,1,1,1,1,0,0,0,0,0,0,0,1.23223721981,1.232237219810486,0,-56,-56,196,196,1,1,0,0,0,0,0,0,0,2.66643238068,2.66643238067627,0,-1,-1,-393,-393,133
15.png,08.png,tray2.png,03.png,25.png,28.png,27.png,00.png,00.png,00.png,00.png,21.png,05.png,11.png,13.png,16.png,"[-210, 201]","[-60, 201]","[90, 201]","[240, 201]","[-210, 51]","[-60, 51]","[90, 51]","[240, 51]","[-210, -99]","[-60, -99]","[90, -99]","[240, -99]","[-210, -249]","[-60, -249]","[90, -249]","[240, -249]","[100, 100]","[100, 100]","[100, 100]","[100, 100]","[100, 100]","[100, 100]","[100, 100]","[100, 100]","[100, 100]","[100, 100]","[100, 100]","[100, 100]","[100, 100]","[100, 100]","[100, 100]","[100, 100]",ok.png,"[0, -375]","[150, 100]",193,tray,12,1,m,1,1,1,1,0,0,0,0,0,0,0,0.931993305683,0.931993305683136,0,81,81,181,181,1,1,0,0,0,0,0,0,0,2.03274393082,2.03274393081665,0,34,34,-354,-354,159
00.png,07.png,14.png,tray2.png,23.png,00.png,09.png,29.png,28.png,16.png,00.png,00.png,17.png,15.png,21.png,06.png,"[-227, 250]","[-77, 250]","[73, 250]","[223, 250]","[-227, 100]","[-77, 100]","[73, 100]","[223, 100]","[-227, -50]","[-77, -50]","[73, -50]","[223, -50]","[-227, -200]","[-77, -200]","[73, -200]","[223, -200]","[100, 100]","[100, 100]","[100, 100]","[100, 100]","[100, 100]","[100, 100]","[100, 100]","[100, 100]","[100, 100]","[100, 100]","[100, 100]","[100, 100]","[100, 100]","[100, 100]","[100, 100]","[100, 100]",ok.png,"[0, -375]","[150, 100]",194,tray,12,1,m,1,1,1,1,0,0,0,0,0,0,0,1.09927988052,1.099279880523682,0,201,201,246,246,1,1,0,0,0,0,0,0,0,3.34928178787,3.349281787872314,0,23,23,-370,-370,75
00.png,32.png,21.png,31.png,tray2.png,08.png,30.png,15.png,34.png,00.png,00.png,12.png,28.png,01.png,11.png,00.png,"[-238, 238]","[-88, 238]","[62, 238]","[212, 238]","[-238, 88]","[-88, 88]","[62, 88]","[212, 88]","[-238, -62]","[-88, -62]","[62, -62]","[212, -62]","[-238, -212]","[-88, -212]","[62, -212]","[212, -212]","[100, 100]","[100, 100]","[100, 100]","[100, 100]","[100, 100]","[100, 100]","[100, 100]","[100, 100]","[100, 100]","[100, 100]","[100, 100]","[100, 100]","[100, 100]","[100, 100]","[100, 100]","[100, 100]",ok.png,"[0, -375]","[150, 100]",195,tray,12,1,m,1,1,1,1,0,0,0,0,0,0,0,1.28199315071,1.28199315071106,0,-226,-226,102,102,1,1,0,0,0,0,0,0,0,0.699635505676,0.6996355056762695,0,-15,-15,-371,-371,386
00.png,00.png,16.png,13.png,10.png,tray2.png,09.png,07.png,27.png,24.png,31.png,32.png,04.png,12.png,00.png,00.png,"[-249, 201]","[-99, 201]","[51, 201]","[201, 201]","[-249, 51]","[-99, 51]","[51, 51]","[201, 51]","[-249, -99]","[-99, -99]","[51, -99]","[201, -99]","[-249, -249]","[-99, -249]","[51, -249]","[201, -249]","[100, 100]","[100, 100]","[100, 100]","[100, 100]","[100, 100]","[100, 100]","[100, 100]","[100, 100]","[100, 100]","[100, 100]","[100, 100]","[100, 100]","[100, 100]","[100, 100]","[100, 100]","[100, 100]",ok.png,"[0, -375]","[150, 100]",196,tray,12,1,m,1,1,1,1,0,0,0,0,0,0,0,5.56528425217,5.565284252166748,0,-89,-89,16,16,1,1,0,0,0,0,0,0,0,0.516358852386,0.5163588523864746,0,9,9,-380,-380,12
30.png,00.png,20.png,34.png,10.png,07.png,tray2.png,01.png,00.png,05.png,19.png,33.png,12.png,25.png,00.png,00.png,"[-228, 241]","[-78, 241]","[72, 241]","[222, 241]","[-228, 91]","[-78, 91]","[72, 91]","[222, 91]","[-228, -59]","[-78, -59]","[72, -59]","[222, -59]","[-228, -209]","[-78, -209]","[72, -209]","[222, -209]","[100, 100]","[100, 100]","[100, 100]","[100, 100]","[100, 100]","[100, 100]","[100, 100]","[100, 100]","[100, 100]","[100, 100]","[100, 100]","[100, 100]","[100, 100]","[100, 100]","[100, 100]","[100, 100]",ok.png,"[0, -375]","[150, 100]",197,tray,12,1,m,1,1,1,1,0,0,0,0,0,0,0,0.848611533642,0.8486115336418152,0,83,83,91,91,1,1,0,0,0,0,0,0,0,1.36615312099,1.366153120994568,0,23,23,-411,-411,371
00.png,00.png,24.png,26.png,30.png,04.png,02.png,tray2.png,09.png,00.png,14.png,00.png,18.png,17.png,13.png,11.png,"[-246, 226]","[-96, 226]","[54, 226]","[204, 226]","[-246, 76]","[-96, 76]","[54, 76]","[204, 76]","[-246, -74]","[-96, -74]","[54, -74]","[204, -74]","[-246, -224]","[-96, -224]","[54, -224]","[204, -224]","[100, 100]","[100, 100]","[100, 100]","[100, 100]","[100, 100]","[100, 100]","[100, 100]","[100, 100]","[100, 100]","[100, 100]","[100, 100]","[100, 100]","[100, 100]","[100, 100]","[100, 100]","[100, 100]",ok.png,"[0, -375]","[150, 100]",198,tray,12,1,m,1,1,1,1,0,0,0,0,0,0,0,0.948704123497,0.9487041234970092,0,190,190,73,73,1,1,0,0,0,0,0,0,0,1.58275103569,1.582751035690308,0,1,1,-369,-369,208
19.png,03.png,00.png,09.png,30.png,00.png,31.png,18.png,tray2.png,00.png,07.png,11.png,20.png,10.png,14.png,00.png,"[-227, 215]","[-77, 215]","[73, 215]","[223, 215]","[-227, 65]","[-77, 65]","[73, 65]","[223, 65]","[-227, -85]","[-77, -85]","[73, -85]","[223, -85]","[-227, -235]","[-77, -235]","[73, -235]","[223, -235]","[100, 100]","[100, 100]","[100, 100]","[100, 100]","[100, 100]","[100, 100]","[100, 100]","[100, 100]","[100, 100]","[100, 100]","[100, 100]","[100, 100]","[100, 100]","[100, 100]","[100, 100]","[100, 100]",ok.png,"[0, -375]","[150, 100]",199,tray,12,1,m,1,1,1,1,0,0,0,0,0,0,0,0.848878920078,0.8488789200782776,0,-209,-209,-96,-96,1,1,0,0,0,0,0,0,0,1.56602478027,1.566024780273438,0,-9,-9,-366,-366,238
26.png,29.png,32.png,19.png,00.png,14.png,00.png,33.png,00.png,tray2.png,21.png,23.png,00.png,13.png,03.png,31.png,"[-216, 208]","[-66, 208]","[84, 208]","[234, 208]","[-216, 58]","[-66, 58]","[84, 58]","[234, 58]","[-216, -92]","[-66, -92]","[84, -92]","[234, -92]","[-216, -242]","[-66, -242]","[84, -242]","[234, -242]","[100, 100]","[100, 100]","[100, 100]","[100, 100]","[100, 100]","[100, 100]","[100, 100]","[100, 100]","[100, 100]","[100, 100]","[100, 100]","[100, 100]","[100, 100]","[100, 100]","[100, 100]","[100, 100]",ok.png,"[0, -375]","[150, 100]",200,tray,12,1,m,1,1,1,1,0,0,0,0,0,0,0,1.36530172825,1.365301728248596,0,-78,-78,-92,-92,1,1,0,0,0,0,0,0,0,1.59962308407,1.599623084068298,0,16,16,-391,-391,282
dots1.png,01.png,02.png,03.png,04.png,05.png,06.png,07.png,08.png,09.png,10.png,11.png,00.png,00.png,00.png,00.png,"[-249, 225]","[-99, 225]","[51, 225]","[201, 225]","[-249, 75]","[-99, 75]","[51, 75]","[201, 75]","[-249, -75]","[-99, -75]","[51, -75]","[201, -75]","[-249, -225]","[-99, -225]","[51, -225]","[201, -225]","[100, 100]","[100, 100]","[100, 100]","[100, 100]","[100, 100]","[100, 100]","[100, 100]","[100, 100]","[100, 100]","[100, 100]","[100, 100]","[100, 100]","[100, 100]","[100, 100]","[100, 100]","[100, 100]",ok.png,"[0, -375]","[150, 100]",201,dots,12,2,m,1,1,1,1,0,0,0,0,0,0,0,1.28230917454,1.282309174537659,0,-266,-266,229,229,1,1,0,0,0,0,0,0,0,2.93275594711,2.932755947113037,0,5,5,-362,-362,19
08.png,dots1.png,09.png,00.png,10.png,11.png,12.png,13.png,00.png,14.png,34.png,33.png,32.png,31.png,00.png,00.png,"[-230, 249]","[-80, 249]","[70, 249]","[220, 249]","[-230, 99]","[-80, 99]","[70, 99]","[220, 99]","[-230, -51]","[-80, -51]","[70, -51]","[220, -51]","[-230, -201]","[-80, -201]","[70, -201]","[220, -201]","[100, 100]","[100, 100]","[100, 100]","[100, 100]","[100, 100]","[100, 100]","[100, 100]","[100, 100]","[100, 100]","[100, 100]","[100, 100]","[100, 100]","[100, 100]","[100, 100]","[100, 100]","[100, 100]",ok.png,"[0, -375]","[150, 100]",202,dots,12,2,m,1,1,1,1,0,0,0,0,0,0,0,1.11558461189,1.1155846118927,0,-66,-66,242,242,1,1,0,0,0,0,0,0,0,1.43275773525,1.43275773525238,0,11,11,-383,-383,203
00.png,00.png,dots1.png,15.png,16.png,17.png,18.png,19.png,20.png,21.png,22.png,23.png,24.png,25.png,00.png,00.png,"[-213, 244]","[-63, 244]","[87, 244]","[237, 244]","[-213, 94]","[-63, 94]","[87, 94]","[237, 94]","[-213, -56]","[-63, -56]","[87, -56]","[237, -56]","[-213, -206]","[-63, -206]","[87, -206]","[237, -206]","[100, 100]","[100, 100]","[100, 100]","[100, 100]","[100, 100]","[100, 100]","[100, 100]","[100, 100]","[100, 100]","[100, 100]","[100, 100]","[100, 100]","[100, 100]","[100, 100]","[100, 100]","[100, 100]",ok.png,"[0, -375]","[150, 100]",203,dots,12,2,m,1,1,1,1,0,0,0,0,0,0,0,1.03216898441,1.032168984413147,0,88,88,228,228,1,1,0,0,0,0,0,0,0,2.1830124855,2.18301248550415,0,16,16,-367,-367,253
22.png,23.png,24.png,dots1.png,00.png,00.png,25.png,26.png,00.png,00.png,27.png,28.png,29.png,30.png,31.png,32.png,"[-209, 224]","[-59, 224]","[91, 224]","[241, 224]","[-209, 74]","[-59, 74]","[91, 74]","[241, 74]","[-209, -76]","[-59, -76]","[91, -76]","[241, -76]","[-209, -226]","[-59, -226]","[91, -226]","[241, -226]","[100, 100]","[100, 100]","[100, 100]","[100, 100]","[100, 100]","[100, 100]","[100, 100]","[100, 100]","[100, 100]","[100, 100]","[100, 100]","[100, 100]","[100, 100]","[100, 100]","[100, 100]","[100, 100]",ok.png,"[0, -375]","[150, 100]",204,dots,12,2,m,1,1,1,1,0,0,0,0,0,0,0,3.11572599411,3.115725994110107,0,220,220,244,244,1,1,0,0,0,0,0,0,0,0.965912163258,0.9659121632575988,0,-35,-35,-365,-365,115
02.png,04.png,06.png,08.png,dots1.png,29.png,30.png,31.png,32.png,33.png,34.png,01.png,00.png,00.png,00.png,00.png,"[-244, 228]","[-94, 228]","[56, 228]","[206, 228]","[-244, 78]","[-94, 78]","[56, 78]","[206, 78]","[-244, -72]","[-94, -72]","[56, -72]","[206, -72]","[-244, -222]","[-94, -222]","[56, -222]","[206, -222]","[100, 100]","[100, 100]","[100, 100]","[100, 100]","[100, 100]","[100, 100]","[100, 100]","[100, 100]","[100, 100]","[100, 100]","[100, 100]","[100, 100]","[100, 100]","[100, 100]","[100, 100]","[100, 100]",ok.png,"[0, -375]","[150, 100]",205,dots,12,2,m,1,1,1,1,0,0,0,0,0,0,0,1.31592106819,1.315921068191528,0,-238,-238,59,59,1,1,0,0,0,0,0,0,0,3.33261084557,3.332610845565796,0,-14,-14,-366,-366,20
01.png,34.png,07.png,27.png,04.png,dots1.png,00.png,00.png,06.png,15.png,09.png,29.png,17.png,23.png,00.png,00.png,"[-227, 209]","[-77, 209]","[73, 209]","[223, 209]","[-227, 59]","[-77, 59]","[73, 59]","[223, 59]","[-227, -91]","[-77, -91]","[73, -91]","[223, -91]","[-227, -241]","[-77, -241]","[73, -241]","[223, -241]","[100, 100]","[100, 100]","[100, 100]","[100, 100]","[100, 100]","[100, 100]","[100, 100]","[100, 100]","[100, 100]","[100, 100]","[100, 100]","[100, 100]","[100, 100]","[100, 100]","[100, 100]","[100, 100]",ok.png,"[0, -375]","[150, 100]",206,dots,12,2,m,1,1,1,1,0,0,0,0,0,0,0,0.999088048935,0.9990880489349364,0,-102,-102,70,70,1,1,0,0,0,0,0,0,0,1.8495143652,1.849514365196228,0,15,15,-381,-381,139
00.png,00.png,02.png,05.png,07.png,03.png,dots1.png,25.png,18.png,14.png,00.png,00.png,06.png,22.png,09.png,17.png,"[-215, 232]","[-65, 232]","[85, 232]","[235, 232]","[-215, 82]","[-65, 82]","[85, 82]","[235, 82]","[-215, -68]","[-65, -68]","[85, -68]","[235, -68]","[-215, -218]","[-65, -218]","[85, -218]","[235, -218]","[100, 100]","[100, 100]","[100, 100]","[100, 100]","[100, 100]","[100, 100]","[100, 100]","[100, 100]","[100, 100]","[100, 100]","[100, 100]","[100, 100]","[100, 100]","[100, 100]","[100, 100]","[100, 100]",ok.png,"[0, -375]","[150, 100]",207,dots,12,2,m,1,1,1,1,0,0,0,0,0,0,0,0.748975515366,0.7489755153656006,0,91,91,81,81,1,1,0,0,0,0,0,0,0,1.09929788113,1.099297881126404,0,-2,-2,-368,-368,446
00.png,05.png,33.png,07.png,20.png,15.png,27.png,dots1.png,30.png,17.png,25.png,31.png,00.png,00.png,33.png,00.png,"[-216, 220]","[-66, 220]","[84, 220]","[234, 220]","[-216, 70]","[-66, 70]","[84, 70]","[234, 70]","[-216, -80]","[-66, -80]","[84, -80]","[234, -80]","[-216, -230]","[-66, -230]","[84, -230]","[234, -230]","[100, 100]","[100, 100]","[100, 100]","[100, 100]","[100, 100]","[100, 100]","[100, 100]","[100, 100]","[100, 100]","[100, 100]","[100, 100]","[100, 100]","[100, 100]","[100, 100]","[100, 100]","[100, 100]",ok.png,"[0, -375]","[150, 100]",208,dots,12,2,m,1,1,1,1,0,0,0,0,0,0,0,1.31597733498,1.315977334976196,0,252,252,51,51,1,1,0,0,0,0,0,0,0,3.53293943405,3.532939434051514,0,-15,-15,-370,-370,138
07.png,10.png,13.png,16.png,00.png,00.png,00.png,00.png,dots1.png,29.png,23.png,27.png,21.png,25.png,31.png,33.png,"[-241, 227]","[-91, 227]","[59, 227]","[209, 227]","[-241, 77]","[-91, 77]","[59, 77]","[209, 77]","[-241, -73]","[-91, -73]","[59, -73]","[209, -73]","[-241, -223]","[-91, -223]","[59, -223]","[209, -223]","[100, 100]","[100, 100]","[100, 100]","[100, 100]","[100, 100]","[100, 100]","[100, 100]","[100, 100]","[100, 100]","[100, 100]","[100, 100]","[100, 100]","[100, 100]","[100, 100]","[100, 100]","[100, 100]",ok.png,"[0, -375]","[150, 100]",209,dots,12,2,m,1,1,1,1,0,0,0,0,0,0,0,1.31573104858,1.315731048583984,0,-233,-233,-83,-83,1,1,0,0,0,0,0,0,0,1.44965171814,1.449651718139648,0,18,18,-415,-415,299
09.png,07.png,05.png,03.png,14.png,16.png,18.png,20.png,22.png,dots1.png,24.png,26.png,00.png,00.png,00.png,00.png,"[-200, 236]","[-50, 236]","[100, 236]","[250, 236]","[-200, 86]","[-50, 86]","[100, 86]","[250, 86]","[-200, -64]","[-50, -64]","[100, -64]","[250, -64]","[-200, -214]","[-50, -214]","[100, -214]","[250, -214]","[100, 100]","[100, 100]","[100, 100]","[100, 100]","[100, 100]","[100, 100]","[100, 100]","[100, 100]","[100, 100]","[100, 100]","[100, 100]","[100, 100]","[100, 100]","[100, 100]","[100, 100]","[100, 100]",ok.png,"[0, -375]","[150, 100]",210,dots,12,2,m,1,1,1,1,0,0,0,0,0,0,0,1.43251800537,1.432518005371094,0,-52,-52,-50,-50,1,1,0,0,0,0,0,0,0,0.482365429401,0.4823654294013977,0,7,7,-400,-400,279
00.png,00.png,33.png,31.png,13.png,10.png,34.png,32.png,16.png,19.png,dots1.png,21.png,24.png,27.png,00.png,00.png,"[-221, 241]","[-71, 241]","[79, 241]","[229, 241]","[-221, 91]","[-71, 91]","[79, 91]","[229, 91]","[-221, -59]","[-71, -59]","[79, -59]","[229, -59]","[-221, -209]","[-71, -209]","[79, -209]","[229, -209]","[100, 100]","[100, 100]","[100, 100]","[100, 100]","[100, 100]","[100, 100]","[100, 100]","[100, 100]","[100, 100]","[100, 100]","[100, 100]","[100, 100]","[100, 100]","[100, 100]","[100, 100]","[100, 100]",ok.png,"[0, -375]","[150, 100]",211,dots,12,2,m,1,1,1,1,0,0,0,0,0,0,0,2.59894347191,2.598943471908569,0,89,89,-46,-46,1,1,0,0,0,0,0,0,0,0.416171818972,0.4161718189716339,0,-21,-21,-397,-397,57
10.png,15.png,20.png,25.png,00.png,00.png,04.png,17.png,21.png,16.png,11.png,dots1.png,00.png,00.png,27.png,34.png,"[-248, 244]","[-98, 244]","[52, 244]","[202, 244]","[-248, 94]","[-98, 94]","[52, 94]","[202, 94]","[-248, -56]","[-98, -56]","[52, -56]","[202, -56]","[-248, -206]","[-98, -206]","[52, -206]","[202, -206]","[100, 100]","[100, 100]","[100, 100]","[100, 100]","[100, 100]","[100, 100]","[100, 100]","[100, 100]","[100, 100]","[100, 100]","[100, 100]","[100, 100]","[100, 100]","[100, 100]","[100, 100]","[100, 100]",ok.png,"[0, -375]","[150, 100]",212,dots,12,2,m,1,1,1,1,0,0,0,0,0,0,0,0.699079990387,0.6990799903869629,0,135,135,-102,-102,1,1,0,0,0,0,0,0,0,2.4327437877700002,2.432743787765503,0,-19,-19,-373,-373,336
00.png,00.png,20.png,24.png,28.png,32.png,00.png,00.png,03.png,01.png,07.png,08.png,dots1.png,05.png,02.png,04.png,"[-241, 244]","[-91, 244]","[59, 244]","[209, 244]","[-241, 94]","[-91, 94]","[59, 94]","[209, 94]","[-241, -56]","[-91, -56]","[59, -56]","[209, -56]","[-241, -206]","[-91, -206]","[59, -206]","[209, -206]","[100, 100]","[100, 100]","[100, 100]","[100, 100]","[100, 100]","[100, 100]","[100, 100]","[100, 100]","[100, 100]","[100, 100]","[100, 100]","[100, 100]","[100, 100]","[100, 100]","[100, 100]","[100, 100]",ok.png,"[0, -375]","[150, 100]",213,dots,12,2,m,1,1,1,1,0,0,0,0,0,0,0,1.01542115211,1.015421152114868,0,-237,-237,-214,-214,1,1,0,0,0,0,0,0,0,0.965734422207,0.9657344222068788,0,7,7,-367,-367,237
29.png,00.png,06.png,16.png,00.png,03.png,33.png,08.png,13.png,28.png,00.png,00.png,23.png,dots1.png,12.png,01.png,"[-225, 242]","[-75, 242]","[75, 242]","[225, 242]","[-225, 92]","[-75, 92]","[75, 92]","[225, 92]","[-225, -58]","[-75, -58]","[75, -58]","[225, -58]","[-225, -208]","[-75, -208]","[75, -208]","[225, -208]","[100, 100]","[100, 100]","[100, 100]","[100, 100]","[100, 100]","[100, 100]","[100, 100]","[100, 100]","[100, 100]","[100, 100]","[100, 100]","[100, 100]","[100, 100]","[100, 100]","[100, 100]","[100, 100]",ok.png,"[0, -375]","[150, 100]",214,dots,12,2,m,1,1,1,1,0,0,0,0,0,0,0,1.28196954727,1.281969547271729,0,-55,-55,-219,-219,1,1,0,0,0,0,0,0,0,1.28311014175,1.28311014175415,0,7,7,-381,-381,171
00.png,00.png,00.png,16.png,14.png,06.png,04.png,33.png,27.png,23.png,17.png,13.png,07.png,03.png,dots1.png,00.png,"[-220, 201]","[-70, 201]","[80, 201]","[230, 201]","[-220, 51]","[-70, 51]","[80, 51]","[230, 51]","[-220, -99]","[-70, -99]","[80, -99]","[230, -99]","[-220, -249]","[-70, -249]","[80, -249]","[230, -249]","[100, 100]","[100, 100]","[100, 100]","[100, 100]","[100, 100]","[100, 100]","[100, 100]","[100, 100]","[100, 100]","[100, 100]","[100, 100]","[100, 100]","[100, 100]","[100, 100]","[100, 100]","[100, 100]",ok.png,"[0, -375]","[150, 100]",215,dots,12,2,m,1,1,1,1,0,0,0,0,0,0,0,1.39892220497,1.398922204971313,0,55,55,-248,-248,1,1,0,0,0,0,0,0,0,1.44969761372,1.449697613716125,0,40,40,-399,-399,221
04.png,20.png,30.png,02.png,00.png,00.png,03.png,04.png,24.png,23.png,00.png,00.png,14.png,07.png,17.png,dots1.png,"[-244, 249]","[-94, 249]","[56, 249]","[206, 249]","[-244, 99]","[-94, 99]","[56, 99]","[206, 99]","[-244, -51]","[-94, -51]","[56, -51]","[206, -51]","[-244, -201]","[-94, -201]","[56, -201]","[206, -201]","[100, 100]","[100, 100]","[100, 100]","[100, 100]","[100, 100]","[100, 100]","[100, 100]","[100, 100]","[100, 100]","[100, 100]","[100, 100]","[100, 100]","[100, 100]","[100, 100]","[100, 100]","[100, 100]",ok.png,"[0, -375]","[150, 100]",216,dots,12,2,m,1,1,1,1,0,0,0,0,0,0,0,0.832574009895,0.8325740098953247,0,225,225,-206,-206,1,1,0,0,0,0,0,0,0,3.86537837982,3.865378379821777,0,4,4,-367,-367,99
03.png,19.png,29.png,00.png,00.png,02.png,32.png,11.png,12.png,22.png,16.png,00.png,00.png,04.png,dots1.png,18.png,"[-204, 212]","[-54, 212]","[96, 212]","[246, 212]","[-204, 62]","[-54, 62]","[96, 62]","[246, 62]","[-204, -88]","[-54, -88]","[96, -88]","[246, -88]","[-204, -238]","[-54, -238]","[96, -238]","[246, -238]","[100, 100]","[100, 100]","[100, 100]","[100, 100]","[100, 100]","[100, 100]","[100, 100]","[100, 100]","[100, 100]","[100, 100]","[100, 100]","[100, 100]","[100, 100]","[100, 100]","[100, 100]","[100, 100]",ok.png,"[0, -375]","[150, 100]",217,dots,12,2,m,1,1,1,1,0,0,0,0,0,0,0,1.36586153507,1.365861535072327,0,101,101,-221,-221,1,1,0,0,0,0,0,0,0,1.01598095894,1.015980958938599,0,60,60,-384,-384,220
16.png,13.png,11.png,05.png,21.png,00.png,00.png,00.png,00.png,27.png,28.png,25.png,03.png,dots1.png,08.png,15.png,"[-202, 210]","[-52, 210]","[98, 210]","[248, 210]","[-202, 60]","[-52, 60]","[98, 60]","[248, 60]","[-202, -90]","[-52, -90]","[98, -90]","[248, -90]","[-202, -240]","[-52, -240]","[98, -240]","[248, -240]","[100, 100]","[100, 100]","[100, 100]","[100, 100]","[100, 100]","[100, 100]","[100, 100]","[100, 100]","[100, 100]","[100, 100]","[100, 100]","[100, 100]","[100, 100]","[100, 100]","[100, 100]","[100, 100]",ok.png,"[0, -375]","[150, 100]",218,dots,12,2,m,1,1,1,1,0,0,0,0,0,0,0,1.28198707104,1.281987071037292,0,-46,-46,-221,-221,1,1,0,0,0,0,0,0,0,0.69966506958,0.6996650695800781,0,-4,-4,-391,-391,320
06.png,21.png,15.png,17.png,00.png,00.png,16.png,28.png,29.png,09.png,00.png,23.png,dots1.png,14.png,07.png,00.png,"[-234, 243]","[-84, 243]","[66, 243]","[216, 243]","[-234, 93]","[-84, 93]","[66, 93]","[216, 93]","[-234, -57]","[-84, -57]","[66, -57]","[216, -57]","[-234, -207]","[-84, -207]","[66, -207]","[216, -207]","[100, 100]","[100, 100]","[100, 100]","[100, 100]","[100, 100]","[100, 100]","[100, 100]","[100, 100]","[100, 100]","[100, 100]","[100, 100]","[100, 100]","[100, 100]","[100, 100]","[100, 100]","[100, 100]",ok.png,"[0, -375]","[150, 100]",219,dots,12,2,m,1,1,1,1,0,0,0,0,0,0,0,1.73220837116,1.732208371162415,0,-222,-222,-221,-221,1,1,0,0,0,0,0,0,0,1.41604411602,1.416044116020203,0,-31,-31,-390,-390,252
00.png,11.png,01.png,28.png,12.png,00.png,00.png,34.png,15.png,30.png,08.png,dots1.png,31.png,21.png,32.png,00.png,"[-211, 220]","[-61, 220]","[89, 220]","[239, 220]","[-211, 70]","[-61, 70]","[89, 70]","[239, 70]","[-211, -80]","[-61, -80]","[89, -80]","[239, -80]","[-211, -230]","[-61, -230]","[89, -230]","[239, -230]","[100, 100]","[100, 100]","[100, 100]","[100, 100]","[100, 100]","[100, 100]","[100, 100]","[100, 100]","[100, 100]","[100, 100]","[100, 100]","[100, 100]","[100, 100]","[100, 100]","[100, 100]","[100, 100]",ok.png,"[0, -375]","[150, 100]",220,dots,12,2,m,1,1,1,1,0,0,0,0,0,0,0,1.06548190117,1.065481901168823,0,232,232,-75,-75,1,1,0,0,0,0,0,0,0,0.882911264896,0.8829112648963928,0,8,8,-370,-370,406
00.png,00.png,12.png,04.png,32.png,31.png,24.png,27.png,07.png,09.png,dots1.png,10.png,13.png,16.png,00.png,00.png,"[-248, 225]","[-98, 225]","[52, 225]","[202, 225]","[-248, 75]","[-98, 75]","[52, 75]","[202, 75]","[-248, -75]","[-98, -75]","[52, -75]","[202, -75]","[-248, -225]","[-98, -225]","[52, -225]","[202, -225]","[100, 100]","[100, 100]","[100, 100]","[100, 100]","[100, 100]","[100, 100]","[100, 100]","[100, 100]","[100, 100]","[100, 100]","[100, 100]","[100, 100]","[100, 100]","[100, 100]","[100, 100]","[100, 100]",ok.png,"[0, -375]","[150, 100]",221,dots,12,2,m,1,1,1,1,0,0,0,0,0,0,0,1.33161902428,1.331619024276733,0,44,44,-94,-94,1,1,0,0,0,0,0,0,0,1.34944939613,1.349449396133423,0,23,23,-360,-360,444
00.png,00.png,25.png,12.png,33.png,19.png,05.png,00.png,01.png,dots1.png,07.png,10.png,34.png,20.png,00.png,30.png,"[-236, 224]","[-86, 224]","[64, 224]","[214, 224]","[-236, 74]","[-86, 74]","[64, 74]","[214, 74]","[-236, -76]","[-86, -76]","[64, -76]","[214, -76]","[-236, -226]","[-86, -226]","[64, -226]","[214, -226]","[100, 100]","[100, 100]","[100, 100]","[100, 100]","[100, 100]","[100, 100]","[100, 100]","[100, 100]","[100, 100]","[100, 100]","[100, 100]","[100, 100]","[100, 100]","[100, 100]","[100, 100]","[100, 100]",ok.png,"[0, -375]","[150, 100]",222,dots,12,2,m,1,1,1,1,0,0,0,0,0,0,0,1.26544499397,1.265444993972778,0,-77,-77,-70,-70,1,1,0,0,0,0,0,0,0,2.89987778664,2.899877786636353,0,7,7,-365,-365,122
11.png,13.png,17.png,18.png,00.png,14.png,00.png,09.png,dots1.png,02.png,04.png,30.png,26.png,24.png,00.png,00.png,"[-209, 226]","[-59, 226]","[91, 226]","[241, 226]","[-209, 76]","[-59, 76]","[91, 76]","[241, 76]","[-209, -74]","[-59, -74]","[91, -74]","[241, -74]","[-209, -224]","[-59, -224]","[91, -224]","[241, -224]","[100, 100]","[100, 100]","[100, 100]","[100, 100]","[100, 100]","[100, 100]","[100, 100]","[100, 100]","[100, 100]","[100, 100]","[100, 100]","[100, 100]","[100, 100]","[100, 100]","[100, 100]","[100, 100]",ok.png,"[0, -375]","[150, 100]",223,dots,12,2,m,1,1,1,1,0,0,0,0,0,0,0,1.36570060253,1.365700602531433,0,-211,-211,-69,-69,1,1,0,0,0,0,0,0,0,5.48279619217,5.482796192169189,0,35,35,-396,-396,25
00.png,14.png,10.png,20.png,11.png,07.png,00.png,dots1.png,18.png,31.png,00.png,30.png,09.png,00.png,03.png,19.png,"[-218, 222]","[-68, 222]","[82, 222]","[232, 222]","[-218, 72]","[-68, 72]","[82, 72]","[232, 72]","[-218, -78]","[-68, -78]","[82, -78]","[232, -78]","[-218, -228]","[-68, -228]","[82, -228]","[232, -228]","[100, 100]","[100, 100]","[100, 100]","[100, 100]","[100, 100]","[100, 100]","[100, 100]","[100, 100]","[100, 100]","[100, 100]","[100, 100]","[100, 100]","[100, 100]","[100, 100]","[100, 100]","[100, 100]",ok.png,"[0, -375]","[150, 100]",224,dots,12,2,m,1,1,1,1,0,0,0,0,0,0,0,3.44862604141,3.448626041412354,0,232,232,78,78,1,1,0,0,0,0,0,0,0,4.68283367157,4.682833671569824,0,-14,-14,-379,-379,23
31.png,03.png,13.png,00.png,23.png,21.png,dots1.png,00.png,33.png,00.png,14.png,00.png,19.png,32.png,29.png,26.png,"[-210, 219]","[-60, 219]","[90, 219]","[240, 219]","[-210, 69]","[-60, 69]","[90, 69]","[240, 69]","[-210, -81]","[-60, -81]","[90, -81]","[240, -81]","[-210, -231]","[-60, -231]","[90, -231]","[240, -231]","[100, 100]","[100, 100]","[100, 100]","[100, 100]","[100, 100]","[100, 100]","[100, 100]","[100, 100]","[100, 100]","[100, 100]","[100, 100]","[100, 100]","[100, 100]","[100, 100]","[100, 100]","[100, 100]",ok.png,"[0, -375]","[150, 100]",225,dots,12,2,m,1,1,1,1,0,0,0,0,0,0,0,1.88219022751,1.882190227508545,0,99,99,69,69,1,1,0,0,0,0,0,0,0,0.649433910847,0.6494339108467102,0,22,22,-368,-368,230
00.png,00.png,00.png,00.png,11.png,10.png,09.png,08.png,07.png,06.png,05.png,04.png,03.png,02.png,01.png,dots2.png,"[-221, 231]","[-71, 231]","[79, 231]","[229, 231]","[-221, 81]","[-71, 81]","[79, 81]","[229, 81]","[-221, -69]","[-71, -69]","[79, -69]","[229, -69]","[-221, -219]","[-71, -219]","[79, -219]","[229, -219]","[100, 100]","[100, 100]","[100, 100]","[100, 100]","[100, 100]","[100, 100]","[100, 100]","[100, 100]","[100, 100]","[100, 100]","[100, 100]","[100, 100]","[100, 100]","[100, 100]","[100, 100]","[100, 100]",ok.png,"[0, -375]","[150, 100]",226,dots,12,2,m,1,1,1,1,0,0,0,0,0,0,0,1.21532416344,1.21532416343689,0,251,251,-210,-210,1,1,0,0,0,0,0,0,0,1.68313717842,1.683137178421021,0,4,4,-373,-373,41
00.png,00.png,31.png,32.png,33.png,34.png,14.png,00.png,13.png,12.png,11.png,10.png,00.png,09.png,dots2.png,08.png,"[-233, 201]","[-83, 201]","[67, 201]","[217, 201]","[-233, 51]","[-83, 51]","[67, 51]","[217, 51]","[-233, -99]","[-83, -99]","[67, -99]","[217, -99]","[-233, -249]","[-83, -249]","[67, -249]","[217, -249]","[100, 100]","[100, 100]","[100, 100]","[100, 100]","[100, 100]","[100, 100]","[100, 100]","[100, 100]","[100, 100]","[100, 100]","[100, 100]","[100, 100]","[100, 100]","[100, 100]","[100, 100]","[100, 100]",ok.png,"[0, -375]","[150, 100]",227,dots,12,2,m,1,1,1,1,0,0,0,0,0,0,0,0.932500183582,0.932500183582306,0,53,53,-234,-234,1,1,0,0,0,0,0,0,0,0.849341154099,0.8493411540985107,0,50,50,-380,-380,288
00.png,00.png,25.png,24.png,23.png,22.png,21.png,20.png,19.png,18.png,17.png,16.png,15.png,dots2.png,00.png,00.png,"[-207, 227]","[-57, 227]","[93, 227]","[243, 227]","[-207, 77]","[-57, 77]","[93, 77]","[243, 77]","[-207, -73]","[-57, -73]","[93, -73]","[243, -73]","[-207, -223]","[-57, -223]","[93, -223]","[243, -223]","[100, 100]","[100, 100]","[100, 100]","[100, 100]","[100, 100]","[100, 100]","[100, 100]","[100, 100]","[100, 100]","[100, 100]","[100, 100]","[100, 100]","[100, 100]","[100, 100]","[100, 100]","[100, 100]",ok.png,"[0, -375]","[150, 100]",228,dots,12,2,m,1,1,1,1,0,0,0,0,0,0,0,1.36575233936,1.365752339363098,0,-40,-40,-243,-243,1,1,0,0,0,0,0,0,0,1.21603643894,1.216036438941956,0,29,29,-396,-396,419
33.png,32.png,30.png,29.png,00.png,00.png,31.png,27.png,26.png,28.png,00.png,00.png,dots2.png,24.png,23.png,22.png,"[-206, 241]","[-56, 241]","[94, 241]","[244, 241]","[-206, 91]","[-56, 91]","[94, 91]","[244, 91]","[-206, -59]","[-56, -59]","[94, -59]","[244, -59]","[-206, -209]","[-56, -209]","[94, -209]","[244, -209]","[100, 100]","[100, 100]","[100, 100]","[100, 100]","[100, 100]","[100, 100]","[100, 100]","[100, 100]","[100, 100]","[100, 100]","[100, 100]","[100, 100]","[100, 100]","[100, 100]","[100, 100]","[100, 100]",ok.png,"[0, -375]","[150, 100]",229,dots,12,2,m,1,1,1,1,0,0,0,0,0,0,0,1.13211596012,1.132115960121155,0,-206,-206,-213,-213,1,1,0,0,0,0,0,0,0,1.33287286758,1.332872867584229,0,2,2,-384,-384,204
00.png,00.png,00.png,00.png,01.png,34.png,33.png,32.png,31.png,30.png,29.png,dots2.png,08.png,06.png,04.png,02.png,"[-249, 229]","[-99, 229]","[51, 229]","[201, 229]","[-249, 79]","[-99, 79]","[51, 79]","[201, 79]","[-249, -71]","[-99, -71]","[51, -71]","[201, -71]","[-249, -221]","[-99, -221]","[51, -221]","[201, -221]","[100, 100]","[100, 100]","[100, 100]","[100, 100]","[100, 100]","[100, 100]","[100, 100]","[100, 100]","[100, 100]","[100, 100]","[100, 100]","[100, 100]","[100, 100]","[100, 100]","[100, 100]","[100, 100]",ok.png,"[0, -375]","[150, 100]",230,dots,12,2,m,1,1,1,1,0,0,0,0,0,0,0,2.39904928207,2.399049282073975,0,197,197,-82,-82,1,1,0,0,0,0,0,0,0,0.46596211195,0.4659621119499207,0,33,33,-390,-390,143
00.png,00.png,23.png,17.png,29.png,09.png,15.png,06.png,00.png,00.png,dots2.png,04.png,27.png,07.png,34.png,01.png,"[-207, 241]","[-57, 241]","[93, 241]","[243, 241]","[-207, 91]","[-57, 91]","[93, 91]","[243, 91]","[-207, -59]","[-57, -59]","[93, -59]","[243, -59]","[-207, -209]","[-57, -209]","[93, -209]","[243, -209]","[100, 100]","[100, 100]","[100, 100]","[100, 100]","[100, 100]","[100, 100]","[100, 100]","[100, 100]","[100, 100]","[100, 100]","[100, 100]","[100, 100]","[100, 100]","[100, 100]","[100, 100]","[100, 100]",ok.png,"[0, -375]","[150, 100]",231,dots,12,2,m,1,1,1,1,0,0,0,0,0,0,0,0.682360291481,0.6823602914810181,0,84,84,-53,-53,1,1,0,0,0,0,0,0,0,3.06596398354,3.065963983535767,0,35,35,-366,-366,17
17.png,09.png,22.png,06.png,00.png,00.png,14.png,18.png,25.png,dots2.png,03.png,07.png,05.png,02.png,00.png,00.png,"[-243, 235]","[-93, 235]","[57, 235]","[207, 235]","[-243, 85]","[-93, 85]","[57, 85]","[207, 85]","[-243, -65]","[-93, -65]","[57, -65]","[207, -65]","[-243, -215]","[-93, -215]","[57, -215]","[207, -215]","[100, 100]","[100, 100]","[100, 100]","[100, 100]","[100, 100]","[100, 100]","[100, 100]","[100, 100]","[100, 100]","[100, 100]","[100, 100]","[100, 100]","[100, 100]","[100, 100]","[100, 100]","[100, 100]",ok.png,"[0, -375]","[150, 100]",232,dots,12,2,m,1,1,1,1,0,0,0,0,0,0,0,1.03218746185,1.032187461853027,0,-84,-84,-69,-69,1,1,0,0,0,0,0,0,0,2.43264293671,2.432642936706543,0,24,24,-392,-392,147
00.png,33.png,00.png,00.png,31.png,25.png,17.png,30.png,dots2.png,27.png,15.png,20.png,07.png,33.png,05.png,00.png,"[-242, 229]","[-92, 229]","[58, 229]","[208, 229]","[-242, 79]","[-92, 79]","[58, 79]","[208, 79]","[-242, -71]","[-92, -71]","[58, -71]","[208, -71]","[-242, -221]","[-92, -221]","[58, -221]","[208, -221]","[100, 100]","[100, 100]","[100, 100]","[100, 100]","[100, 100]","[100, 100]","[100, 100]","[100, 100]","[100, 100]","[100, 100]","[100, 100]","[100, 100]","[100, 100]","[100, 100]","[100, 100]","[100, 100]",ok.png,"[0, -375]","[150, 100]",233,dots,12,2,m,1,1,1,1,0,0,0,0,0,0,0,1.94901669025,1.949016690254211,0,-231,-231,-75,-75,1,1,0,0,0,0,0,0,0,3.81621623039,3.816216230392456,0,32,32,-373,-373,13
33.png,31.png,25.png,21.png,27.png,23.png,29.png,dots2.png,00.png,00.png,00.png,00.png,16.png,13.png,10.png,07.png,"[-243, 208]","[-93, 208]","[57, 208]","[207, 208]","[-243, 58]","[-93, 58]","[57, 58]","[207, 58]","[-243, -92]","[-93, -92]","[57, -92]","[207, -92]","[-243, -242]","[-93, -242]","[57, -242]","[207, -242]","[100, 100]","[100, 100]","[100, 100]","[100, 100]","[100, 100]","[100, 100]","[100, 100]","[100, 100]","[100, 100]","[100, 100]","[100, 100]","[100, 100]","[100, 100]","[100, 100]","[100, 100]","[100, 100]",ok.png,"[0, -375]","[150, 100]",234,dots,12,2,m,1,1,1,1,0,0,0,0,0,0,0,1.7153211832,1.715321183204651,0,210,210,46,46,1,1,0,0,0,0,0,0,0,1.09951233864,1.099512338638306,0,26,26,-355,-355,274
00.png,00.png,00.png,00.png,26.png,24.png,dots2.png,22.png,20.png,18.png,16.png,14.png,03.png,05.png,07.png,09.png,"[-246, 231]","[-96, 231]","[54, 231]","[204, 231]","[-246, 81]","[-96, 81]","[54, 81]","[204, 81]","[-246, -69]","[-96, -69]","[54, -69]","[204, -69]","[-246, -219]","[-96, -219]","[54, -219]","[204, -219]","[100, 100]","[100, 100]","[100, 100]","[100, 100]","[100, 100]","[100, 100]","[100, 100]","[100, 100]","[100, 100]","[100, 100]","[100, 100]","[100, 100]","[100, 100]","[100, 100]","[100, 100]","[100, 100]",ok.png,"[0, -375]","[150, 100]",235,dots,12,2,m,1,1,1,1,0,0,0,0,0,0,0,0.898977577686,0.8989775776863098,0,77,77,76,76,1,1,0,0,0,0,0,0,0,1.01613283157,1.016132831573486,0,-4,-4,-378,-378,256
00.png,00.png,27.png,24.png,21.png,dots2.png,19.png,16.png,32.png,34.png,10.png,13.png,31.png,33.png,00.png,00.png,"[-222, 245]","[-72, 245]","[78, 245]","[228, 245]","[-222, 95]","[-72, 95]","[78, 95]","[228, 95]","[-222, -55]","[-72, -55]","[78, -55]","[228, -55]","[-222, -205]","[-72, -205]","[78, -205]","[228, -205]","[100, 100]","[100, 100]","[100, 100]","[100, 100]","[100, 100]","[100, 100]","[100, 100]","[100, 100]","[100, 100]","[100, 100]","[100, 100]","[100, 100]","[100, 100]","[100, 100]","[100, 100]","[100, 100]",ok.png,"[0, -375]","[150, 100]",236,dots,12,2,m,1,1,1,1,0,0,0,0,0,0,0,1.03211212158,1.032112121582031,0,-56,-56,101,101,1,1,0,0,0,0,0,0,0,1.14971423149,1.149714231491089,0,18,18,-390,-390,378
34.png,27.png,00.png,00.png,dots2.png,11.png,16.png,21.png,17.png,04.png,00.png,00.png,25.png,20.png,15.png,10.png,"[-224, 216]","[-74, 216]","[76, 216]","[226, 216]","[-224, 66]","[-74, 66]","[76, 66]","[226, 66]","[-224, -84]","[-74, -84]","[76, -84]","[226, -84]","[-224, -234]","[-74, -234]","[76, -234]","[226, -234]","[100, 100]","[100, 100]","[100, 100]","[100, 100]","[100, 100]","[100, 100]","[100, 100]","[100, 100]","[100, 100]","[100, 100]","[100, 100]","[100, 100]","[100, 100]","[100, 100]","[100, 100]","[100, 100]",ok.png,"[0, -375]","[150, 100]",237,dots,12,2,m,1,1,1,1,0,0,0,0,0,0,0,1.21575677395,1.215756773948669,0,-195,-195,59,59,1,1,0,0,0,0,0,0,0,1.91636228561,1.916362285614014,0,2,2,-394,-394,423
04.png,02.png,05.png,dots2.png,08.png,07.png,01.png,03.png,00.png,00.png,32.png,28.png,24.png,20.png,00.png,00.png,"[-233, 217]","[-83, 217]","[67, 217]","[217, 217]","[-233, 67]","[-83, 67]","[67, 67]","[217, 67]","[-233, -83]","[-83, -83]","[67, -83]","[217, -83]","[-233, -233]","[-83, -233]","[67, -233]","[217, -233]","[100, 100]","[100, 100]","[100, 100]","[100, 100]","[100, 100]","[100, 100]","[100, 100]","[100, 100]","[100, 100]","[100, 100]","[100, 100]","[100, 100]","[100, 100]","[100, 100]","[100, 100]","[100, 100]",ok.png,"[0, -375]","[150, 100]",238,dots,12,2,m,1,1,1,1,0,0,0,0,0,0,0,0.949373722076,0.949373722076416,0,201,201,201,201,1,1,0,0,0,0,0,0,0,2.58210992813,2.582109928131104,0,2,2,-384,-384,382
01.png,12.png,dots2.png,23.png,00.png,00.png,28.png,13.png,08.png,33.png,03.png,00.png,16.png,06.png,00.png,29.png,"[-206, 222]","[-56, 222]","[94, 222]","[244, 222]","[-206, 72]","[-56, 72]","[94, 72]","[244, 72]","[-206, -78]","[-56, -78]","[94, -78]","[244, -78]","[-206, -228]","[-56, -228]","[94, -228]","[244, -228]","[100, 100]","[100, 100]","[100, 100]","[100, 100]","[100, 100]","[100, 100]","[100, 100]","[100, 100]","[100, 100]","[100, 100]","[100, 100]","[100, 100]","[100, 100]","[100, 100]","[100, 100]","[100, 100]",ok.png,"[0, -375]","[150, 100]",239,dots,12,2,m,1,1,1,1,0,0,0,0,0,0,0,1.14885234833,1.148852348327637,0,89,89,212,212,1,1,0,0,0,0,0,0,0,1.91665804386,1.916658043861389,0,-8,-8,-367,-367,128
00.png,dots2.png,03.png,07.png,13.png,17.png,23.png,27.png,33.png,04.png,06.png,14.png,16.png,00.png,00.png,00.png,"[-215, 232]","[-65, 232]","[85, 232]","[235, 232]","[-215, 82]","[-65, 82]","[85, 82]","[235, 82]","[-215, -68]","[-65, -68]","[85, -68]","[235, -68]","[-215, -218]","[-65, -218]","[85, -218]","[235, -218]","[100, 100]","[100, 100]","[100, 100]","[100, 100]","[100, 100]","[100, 100]","[100, 100]","[100, 100]","[100, 100]","[100, 100]","[100, 100]","[100, 100]","[100, 100]","[100, 100]","[100, 100]","[100, 100]",ok.png,"[0, -375]","[150, 100]",240,dots,12,2,m,1,1,1,1,0,0,0,0,0,0,0,2.16543865204,2.165438652038574,0,-61,-61,201,201,1,1,0,0,0,0,0,0,0,1.96625638008,1.966256380081177,0,1,1,-375,-375,209
dots2.png,17.png,07.png,14.png,00.png,00.png,23.png,24.png,04.png,03.png,00.png,00.png,02.png,30.png,20.png,04.png,"[-206, 206]","[-56, 206]","[94, 206]","[244, 206]","[-206, 56]","[-56, 56]","[94, 56]","[244, 56]","[-206, -94]","[-56, -94]","[94, -94]","[244, -94]","[-206, -244]","[-56, -244]","[94, -244]","[244, -244]","[100, 100]","[100, 100]","[100, 100]","[100, 100]","[100, 100]","[100, 100]","[100, 100]","[100, 100]","[100, 100]","[100, 100]","[100, 100]","[100, 100]","[100, 100]","[100, 100]","[100, 100]","[100, 100]",ok.png,"[0, -375]","[150, 100]",241,dots,12,2,m,1,1,1,1,0,0,0,0,0,0,0,1.38239741325,1.382397413253784,0,-212,-212,203,203,1,1,0,0,0,0,0,0,0,2.84937739372,2.849377393722534,0,23,23,-395,-395,79
18.png,dots2.png,04.png,00.png,00.png,16.png,22.png,12.png,11.png,32.png,02.png,00.png,00.png,29.png,19.png,03.png,"[-237, 247]","[-87, 247]","[63, 247]","[213, 247]","[-237, 97]","[-87, 97]","[63, 97]","[213, 97]","[-237, -53]","[-87, -53]","[63, -53]","[213, -53]","[-237, -203]","[-87, -203]","[63, -203]","[213, -203]","[100, 100]","[100, 100]","[100, 100]","[100, 100]","[100, 100]","[100, 100]","[100, 100]","[100, 100]","[100, 100]","[100, 100]","[100, 100]","[100, 100]","[100, 100]","[100, 100]","[100, 100]","[100, 100]",ok.png,"[0, -375]","[150, 100]",242,dots,12,2,m,1,1,1,1,0,0,0,0,0,0,0,1.04882287979,1.04882287979126,0,-63,-63,249,249,1,1,0,0,0,0,0,0,0,3.39941978455,3.399419784545898,0,9,9,-363,-363,175
15.png,08.png,dots2.png,03.png,25.png,28.png,27.png,00.png,00.png,00.png,00.png,21.png,05.png,11.png,13.png,16.png,"[-203, 215]","[-53, 215]","[97, 215]","[247, 215]","[-203, 65]","[-53, 65]","[97, 65]","[247, 65]","[-203, -85]","[-53, -85]","[97, -85]","[247, -85]","[-203, -235]","[-53, -235]","[97, -235]","[247, -235]","[100, 100]","[100, 100]","[100, 100]","[100, 100]","[100, 100]","[100, 100]","[100, 100]","[100, 100]","[100, 100]","[100, 100]","[100, 100]","[100, 100]","[100, 100]","[100, 100]","[100, 100]","[100, 100]",ok.png,"[0, -375]","[150, 100]",243,dots,12,2,m,1,1,1,1,0,0,0,0,0,0,0,1.03226590157,1.032265901565552,0,109,109,250,250,1,1,0,0,0,0,0,0,0,1.28278386593,1.28278386592865,0,18,18,-394,-394,321
00.png,07.png,14.png,dots2.png,23.png,00.png,09.png,29.png,28.png,16.png,00.png,00.png,17.png,15.png,21.png,06.png,"[-203, 213]","[-53, 213]","[97, 213]","[247, 213]","[-203, 63]","[-53, 63]","[97, 63]","[247, 63]","[-203, -87]","[-53, -87]","[97, -87]","[247, -87]","[-203, -237]","[-53, -237]","[97, -237]","[247, -237]","[100, 100]","[100, 100]","[100, 100]","[100, 100]","[100, 100]","[100, 100]","[100, 100]","[100, 100]","[100, 100]","[100, 100]","[100, 100]","[100, 100]","[100, 100]","[100, 100]","[100, 100]","[100, 100]",ok.png,"[0, -375]","[150, 100]",244,dots,12,2,m,1,1,1,1,0,0,0,0,0,0,0,0.89892321825,0.8989232182502747,0,227,227,233,233,1,1,0,0,0,0,0,0,0,1.43310415745,1.433104157447815,0,3,3,-364,-364,176
00.png,32.png,21.png,31.png,dots2.png,08.png,30.png,15.png,34.png,00.png,00.png,12.png,28.png,01.png,11.png,00.png,"[-220, 217]","[-70, 217]","[80, 217]","[230, 217]","[-220, 67]","[-70, 67]","[80, 67]","[230, 67]","[-220, -83]","[-70, -83]","[80, -83]","[230, -83]","[-220, -233]","[-70, -233]","[80, -233]","[230, -233]","[100, 100]","[100, 100]","[100, 100]","[100, 100]","[100, 100]","[100, 100]","[100, 100]","[100, 100]","[100, 100]","[100, 100]","[100, 100]","[100, 100]","[100, 100]","[100, 100]","[100, 100]","[100, 100]",ok.png,"[0, -375]","[150, 100]",245,dots,12,2,m,1,1,1,1,0,0,0,0,0,0,0,1.0158239603,1.01582396030426,0,-192,-192,76,76,1,1,0,0,0,0,0,0,0,1.14949858189,1.149498581886292,0,-10,-10,-362,-362,372
00.png,00.png,16.png,13.png,10.png,dots2.png,09.png,07.png,27.png,24.png,31.png,32.png,04.png,12.png,00.png,00.png,"[-207, 240]","[-57, 240]","[93, 240]","[243, 240]","[-207, 90]","[-57, 90]","[93, 90]","[243, 90]","[-207, -60]","[-57, -60]","[93, -60]","[243, -60]","[-207, -210]","[-57, -210]","[93, -210]","[243, -210]","[100, 100]","[100, 100]","[100, 100]","[100, 100]","[100, 100]","[100, 100]","[100, 100]","[100, 100]","[100, 100]","[100, 100]","[100, 100]","[100, 100]","[100, 100]","[100, 100]","[100, 100]","[100, 100]",ok.png,"[0, -375]","[150, 100]",246,dots,12,2,m,1,1,1,1,0,0,0,0,0,0,0,1.63244175911,1.632441759109497,0,-62,-62,93,93,1,1,0,0,0,0,0,0,0,2.16597151756,2.165971517562866,0,-14,-14,-373,-373,177
30.png,00.png,20.png,34.png,10.png,07.png,dots2.png,01.png,00.png,05.png,19.png,33.png,12.png,25.png,00.png,00.png,"[-206, 237]","[-56, 237]","[94, 237]","[244, 237]","[-206, 87]","[-56, 87]","[94, 87]","[244, 87]","[-206, -63]","[-56, -63]","[94, -63]","[244, -63]","[-206, -213]","[-56, -213]","[94, -213]","[244, -213]","[100, 100]","[100, 100]","[100, 100]","[100, 100]","[100, 100]","[100, 100]","[100, 100]","[100, 100]","[100, 100]","[100, 100]","[100, 100]","[100, 100]","[100, 100]","[100, 100]","[100, 100]","[100, 100]",ok.png,"[0, -375]","[150, 100]",247,dots,12,2,m,1,1,1,1,0,0,0,0,0,0,0,0.748867988586,0.7488679885864258,0,95,95,91,91,1,1,0,0,0,0,0,0,0,0.815890491009,0.8158904910087585,0,16,16,-379,-379,303
00.png,00.png,24.png,26.png,30.png,04.png,02.png,dots2.png,09.png,00.png,14.png,00.png,18.png,17.png,13.png,11.png,"[-233, 231]","[-83, 231]","[67, 231]","[217, 231]","[-233, 81]","[-83, 81]","[67, 81]","[217, 81]","[-233, -69]","[-83, -69]","[67, -69]","[217, -69]","[-233, -219]","[-83, -219]","[67, -219]","[217, -219]","[100, 100]","[100, 100]","[100, 100]","[100, 100]","[100, 100]","[100, 100]","[100, 100]","[100, 100]","[100, 100]","[100, 100]","[100, 100]","[100, 100]","[100, 100]","[100, 100]","[100, 100]","[100, 100]",ok.png,"[0, -375]","[150, 100]",248,dots,12,2,m,1,1,1,1,0,0,0,0,0,0,0,1.08232784271,1.082327842712402,0,209,209,71,71,1,1,0,0,0,0,0,0,0,2.26601052284,2.266010522842407,0,11,11,-371,-371,104
19.png,03.png,00.png,09.png,30.png,00.png,31.png,18.png,dots2.png,00.png,07.png,11.png,20.png,10.png,14.png,00.png,"[-203, 219]","[-53, 219]","[97, 219]","[247, 219]","[-203, 69]","[-53, 69]","[97, 69]","[247, 69]","[-203, -81]","[-53, -81]","[97, -81]","[247, -81]","[-203, -231]","[-53, -231]","[97, -231]","[247, -231]","[100, 100]","[100, 100]","[100, 100]","[100, 100]","[100, 100]","[100, 100]","[100, 100]","[100, 100]","[100, 100]","[100, 100]","[100, 100]","[100, 100]","[100, 100]","[100, 100]","[100, 100]","[100, 100]",ok.png,"[0, -375]","[150, 100]",249,dots,12,2,m,1,1,1,1,0,0,0,0,0,0,0,1.09908390045,1.09908390045166,0,-178,-178,-89,-89,1,1,0,0,0,0,0,0,0,1.91611850262,1.916118502616882,0,-23,-23,-388,-388,69
26.png,29.png,32.png,19.png,00.png,14.png,00.png,33.png,00.png,dots2.png,21.png,23.png,00.png,13.png,03.png,31.png,"[-220, 204]","[-70, 204]","[80, 204]","[230, 204]","[-220, 54]","[-70, 54]","[80, 54]","[230, 54]","[-220, -96]","[-70, -96]","[80, -96]","[230, -96]","[-220, -246]","[-70, -246]","[80, -246]","[230, -246]","[100, 100]","[100, 100]","[100, 100]","[100, 100]","[100, 100]","[100, 100]","[100, 100]","[100, 100]","[100, 100]","[100, 100]","[100, 100]","[100, 100]","[100, 100]","[100, 100]","[100, 100]","[100, 100]",ok.png,"[0, -375]","[150, 100]",250,dots,12,2,m,1,1,1,1,0,0,0,0,0,0,0,1.36563515663,1.36563515663147,0,-56,-56,-117,-117,1,1,0,0,0,0,0,0,0,2.03274607658,2.032746076583862,0,-11,-11,-370,-370,205
tray1.png,01.png,02.png,03.png,04.png,05.png,06.png,07.png,08.png,09.png,10.png,dots1.png,00.png,00.png,00.png,00.png,"[-238, 232]","[-88, 232]","[62, 232]","[212, 232]","[-238, 82]","[-88, 82]","[62, 82]","[212, 82]","[-238, -68]","[-88, -68]","[62, -68]","[212, -68]","[-238, -218]","[-88, -218]","[62, -218]","[212, -218]","[100, 100]","[100, 100]","[100, 100]","[100, 100]","[100, 100]","[100, 100]","[100, 100]","[100, 100]","[100, 100]","[100, 100]","[100, 100]","[100, 100]","[100, 100]","[100, 100]","[100, 100]","[100, 100]",ok.png,"[0, -375]","[150, 100]",251,both,12,3,m,1,1,1,1,0,0,0,0,0,0,0,0.915617585182,0.91561758518219,0,223,223,-65,-65,1,1,0,0,0,0,0,0,0,1.21637606621,1.216376066207886,0,-244,-244,237,237,76
08.png,tray1.png,09.png,00.png,10.png,11.png,12.png,13.png,00.png,14.png,dots1.png,33.png,32.png,31.png,00.png,00.png,"[-201, 238]","[-51, 238]","[99, 238]","[249, 238]","[-201, 88]","[-51, 88]","[99, 88]","[249, 88]","[-201, -62]","[-51, -62]","[99, -62]","[249, -62]","[-201, -212]","[-51, -212]","[99, -212]","[249, -212]","[100, 100]","[100, 100]","[100, 100]","[100, 100]","[100, 100]","[100, 100]","[100, 100]","[100, 100]","[100, 100]","[100, 100]","[100, 100]","[100, 100]","[100, 100]","[100, 100]","[100, 100]","[100, 100]",ok.png,"[0, -375]","[150, 100]",252,both,12,3,m,1,1,1,1,0,0,0,0,0,0,0,1.16560184956,1.165601849555969,0,84,84,-66,-66,1,1,0,0,0,0,0,0,0,0.599270403385,0.5992704033851624,0,-54,-54,251,251,36
00.png,00.png,tray1.png,15.png,16.png,17.png,18.png,19.png,20.png,dots1.png,22.png,23.png,24.png,25.png,00.png,00.png,"[-216, 248]","[-66, 248]","[84, 248]","[234, 248]","[-216, 98]","[-66, 98]","[84, 98]","[234, 98]","[-216, -52]","[-66, -52]","[84, -52]","[234, -52]","[-216, -202]","[-66, -202]","[84, -202]","[234, -202]","[100, 100]","[100, 100]","[100, 100]","[100, 100]","[100, 100]","[100, 100]","[100, 100]","[100, 100]","[100, 100]","[100, 100]","[100, 100]","[100, 100]","[100, 100]","[100, 100]","[100, 100]","[100, 100]",ok.png,"[0, -375]","[150, 100]",253,both,12,3,m,1,1,1,1,0,0,0,0,0,0,0,1.14825928211,1.148259282112122,0,-45,-45,-58,-58,1,1,0,0,0,0,0,0,0,0.415984928608,0.4159849286079407,0,98,98,235,235,198
22.png,23.png,24.png,tray1.png,00.png,00.png,25.png,dots1.png,00.png,00.png,27.png,28.png,29.png,30.png,31.png,32.png,"[-235, 249]","[-85, 249]","[65, 249]","[215, 249]","[-235, 99]","[-85, 99]","[65, 99]","[215, 99]","[-235, -51]","[-85, -51]","[65, -51]","[215, -51]","[-235, -201]","[-85, -201]","[65, -201]","[215, -201]","[100, 100]","[100, 100]","[100, 100]","[100, 100]","[100, 100]","[100, 100]","[100, 100]","[100, 100]","[100, 100]","[100, 100]","[100, 100]","[100, 100]","[100, 100]","[100, 100]","[100, 100]","[100, 100]",ok.png,"[0, -375]","[150, 100]",254,both,12,3,m,1,1,1,1,0,0,0,0,0,0,0,1.2489259243,1.248925924301147,0,219,219,88,88,1,1,0,0,0,0,0,0,0,0.782751262188,0.7827512621879578,0,221,221,246,246,89
02.png,04.png,06.png,08.png,tray1.png,29.png,dots1.png,31.png,32.png,33.png,34.png,01.png,00.png,00.png,00.png,00.png,"[-202, 229]","[-52, 229]","[98, 229]","[248, 229]","[-202, 79]","[-52, 79]","[98, 79]","[248, 79]","[-202, -71]","[-52, -71]","[98, -71]","[248, -71]","[-202, -221]","[-52, -221]","[98, -221]","[248, -221]","[100, 100]","[100, 100]","[100, 100]","[100, 100]","[100, 100]","[100, 100]","[100, 100]","[100, 100]","[100, 100]","[100, 100]","[100, 100]","[100, 100]","[100, 100]","[100, 100]","[100, 100]","[100, 100]",ok.png,"[0, -375]","[150, 100]",255,both,12,3,m,1,1,1,1,0,0,0,0,0,0,0,0.982071459293,0.9820714592933656,0,103,103,72,72,1,1,0,0,0,0,0,0,0,0.415931165218,0.4159311652183533,0,-171,-171,75,75,40
01.png,34.png,07.png,27.png,dots1.png,tray1.png,00.png,00.png,06.png,15.png,09.png,29.png,17.png,23.png,00.png,00.png,"[-248, 221]","[-98, 221]","[52, 221]","[202, 221]","[-248, 71]","[-98, 71]","[52, 71]","[202, 71]","[-248, -79]","[-98, -79]","[52, -79]","[202, -79]","[-248, -229]","[-98, -229]","[52, -229]","[202, -229]","[100, 100]","[100, 100]","[100, 100]","[100, 100]","[100, 100]","[100, 100]","[100, 100]","[100, 100]","[100, 100]","[100, 100]","[100, 100]","[100, 100]","[100, 100]","[100, 100]","[100, 100]","[100, 100]",ok.png,"[0, -375]","[150, 100]",256,both,12,3,m,1,1,1,1,0,0,0,0,0,0,0,2.5321097374,2.53210973739624,0,-117,-117,54,54,1,1,0,0,0,0,0,0,0,0.366069763899,0.3660697638988495,0,-201,-201,71,71,9
00.png,00.png,02.png,dots1.png,07.png,03.png,tray1.png,25.png,18.png,14.png,00.png,00.png,06.png,22.png,09.png,17.png,"[-209, 239]","[-59, 239]","[91, 239]","[241, 239]","[-209, 89]","[-59, 89]","[91, 89]","[241, 89]","[-209, -61]","[-59, -61]","[91, -61]","[241, -61]","[-209, -211]","[-59, -211]","[91, -211]","[241, -211]","[100, 100]","[100, 100]","[100, 100]","[100, 100]","[100, 100]","[100, 100]","[100, 100]","[100, 100]","[100, 100]","[100, 100]","[100, 100]","[100, 100]","[100, 100]","[100, 100]","[100, 100]","[100, 100]",ok.png,"[0, -375]","[150, 100]",257,both,12,3,m,1,1,1,1,0,0,0,0,0,0,0,0.948868811131,0.9488688111305236,0,70,70,94,94,1,1,0,0,0,0,0,0,0,0.399282634258,0.3992826342582703,0,260,260,211,211,255
00.png,05.png,dots1.png,07.png,20.png,15.png,27.png,tray1.png,30.png,17.png,25.png,31.png,00.png,00.png,33.png,00.png,"[-225, 214]","[-75, 214]","[75, 214]","[225, 214]","[-225, 64]","[-75, 64]","[75, 64]","[225, 64]","[-225, -86]","[-75, -86]","[75, -86]","[225, -86]","[-225, -236]","[-75, -236]","[75, -236]","[225, -236]","[100, 100]","[100, 100]","[100, 100]","[100, 100]","[100, 100]","[100, 100]","[100, 100]","[100, 100]","[100, 100]","[100, 100]","[100, 100]","[100, 100]","[100, 100]","[100, 100]","[100, 100]","[100, 100]",ok.png,"[0, -375]","[150, 100]",258,both,12,3,m,1,1,1,1,0,0,0,0,0,0,0,1.96535468102,1.965354681015015,0,242,242,58,58,1,1,0,0,0,0,0,0,0,0.516197562218,0.5161975622177124,0,64,64,220,220,42
07.png,dots1.png,13.png,16.png,00.png,00.png,00.png,00.png,tray1.png,29.png,23.png,27.png,21.png,25.png,31.png,33.png,"[-248, 246]","[-98, 246]","[52, 246]","[202, 246]","[-248, 96]","[-98, 96]","[52, 96]","[202, 96]","[-248, -54]","[-98, -54]","[52, -54]","[202, -54]","[-248, -204]","[-98, -204]","[52, -204]","[202, -204]","[100, 100]","[100, 100]","[100, 100]","[100, 100]","[100, 100]","[100, 100]","[100, 100]","[100, 100]","[100, 100]","[100, 100]","[100, 100]","[100, 100]","[100, 100]","[100, 100]","[100, 100]","[100, 100]",ok.png,"[0, -375]","[150, 100]",259,both,12,3,m,1,1,1,1,0,0,0,0,0,0,0,2.53230619431,2.53230619430542,0,-96,-96,233,233,1,1,0,0,0,0,0,0,0,2.28261852264,2.282618522644043,0,9,9,-359,-359,70
dots1.png,07.png,05.png,03.png,14.png,16.png,18.png,20.png,22.png,tray1.png,24.png,26.png,00.png,00.png,00.png,00.png,"[-243, 230]","[-93, 230]","[57, 230]","[207, 230]","[-243, 80]","[-93, 80]","[57, 80]","[207, 80]","[-243, -70]","[-93, -70]","[57, -70]","[207, -70]","[-243, -220]","[-93, -220]","[57, -220]","[207, -220]","[100, 100]","[100, 100]","[100, 100]","[100, 100]","[100, 100]","[100, 100]","[100, 100]","[100, 100]","[100, 100]","[100, 100]","[100, 100]","[100, 100]","[100, 100]","[100, 100]","[100, 100]","[100, 100]",ok.png,"[0, -375]","[150, 100]",260,both,12,3,m,1,1,1,1,0,0,0,0,0,0,0,1.59857034683,1.598570346832275,0,-84,-84,-56,-56,1,1,0,0,0,0,0,0,0,0.432843387127,0.4328433871269226,0,-230,-230,241,241,414
00.png,00.png,dots1.png,31.png,13.png,10.png,34.png,32.png,16.png,19.png,tray1.png,21.png,24.png,27.png,00.png,00.png,"[-220, 247]","[-70, 247]","[80, 247]","[230, 247]","[-220, 97]","[-70, 97]","[80, 97]","[230, 97]","[-220, -53]","[-70, -53]","[80, -53]","[230, -53]","[-220, -203]","[-70, -203]","[80, -203]","[230, -203]","[100, 100]","[100, 100]","[100, 100]","[100, 100]","[100, 100]","[100, 100]","[100, 100]","[100, 100]","[100, 100]","[100, 100]","[100, 100]","[100, 100]","[100, 100]","[100, 100]","[100, 100]","[100, 100]",ok.png,"[0, -375]","[150, 100]",261,both,12,3,m,1,1,1,1,0,0,0,0,0,0,0,0.782045602798,0.7820456027984619,0,95,95,-80,-80,1,1,0,0,0,0,0,0,0,0.865984022617,0.8659840226173401,0,54,54,233,233,188
10.png,15.png,20.png,dots1.png,00.png,00.png,04.png,17.png,21.png,16.png,11.png,tray1.png,00.png,00.png,27.png,34.png,"[-218, 235]","[-68, 235]","[82, 235]","[232, 235]","[-218, 85]","[-68, 85]","[82, 85]","[232, 85]","[-218, -65]","[-68, -65]","[82, -65]","[232, -65]","[-218, -215]","[-68, -215]","[82, -215]","[232, -215]","[100, 100]","[100, 100]","[100, 100]","[100, 100]","[100, 100]","[100, 100]","[100, 100]","[100, 100]","[100, 100]","[100, 100]","[100, 100]","[100, 100]","[100, 100]","[100, 100]","[100, 100]","[100, 100]",ok.png,"[0, -375]","[150, 100]",262,both,12,3,m,1,1,1,1,0,0,0,0,0,0,0,0.93209117651,0.9320911765098572,0,221,221,246,246,1,1,0,0,0,0,0,0,0,0.599470376968,0.5994703769683838,0,211,211,-35,-35,90
00.png,00.png,20.png,24.png,dots1.png,32.png,00.png,00.png,03.png,01.png,07.png,08.png,tray1.png,05.png,02.png,04.png,"[-232, 202]","[-82, 202]","[68, 202]","[218, 202]","[-232, 52]","[-82, 52]","[68, 52]","[218, 52]","[-232, -98]","[-82, -98]","[68, -98]","[218, -98]","[-232, -248]","[-82, -248]","[68, -248]","[218, -248]","[100, 100]","[100, 100]","[100, 100]","[100, 100]","[100, 100]","[100, 100]","[100, 100]","[100, 100]","[100, 100]","[100, 100]","[100, 100]","[100, 100]","[100, 100]","[100, 100]","[100, 100]","[100, 100]",ok.png,"[0, -375]","[150, 100]",263,both,12,3,m,1,1,1,1,0,0,0,0,0,0,0,1.23197722435,1.231977224349976,0,-226,-226,54,54,1,1,0,0,0,0,0,0,0,0.849536001682,0.8495360016822815,0,-235,-235,-240,-240,121
29.png,00.png,06.png,16.png,00.png,dots1.png,33.png,08.png,13.png,28.png,00.png,00.png,23.png,tray1.png,12.png,01.png,"[-209, 218]","[-59, 218]","[91, 218]","[241, 218]","[-209, 68]","[-59, 68]","[91, 68]","[241, 68]","[-209, -82]","[-59, -82]","[91, -82]","[241, -82]","[-209, -232]","[-59, -232]","[91, -232]","[241, -232]","[100, 100]","[100, 100]","[100, 100]","[100, 100]","[100, 100]","[100, 100]","[100, 100]","[100, 100]","[100, 100]","[100, 100]","[100, 100]","[100, 100]","[100, 100]","[100, 100]","[100, 100]","[100, 100]",ok.png,"[0, -375]","[150, 100]",264,both,12,3,m,1,1,1,1,0,0,0,0,0,0,0,1.23169624805,1.231696248054504,0,-43,-43,60,60,1,1,0,0,0,0,0,0,0,1.13257932663,1.132579326629639,0,-62,-62,-221,-221,11
00.png,00.png,00.png,16.png,14.png,06.png,dots1.png,33.png,27.png,23.png,17.png,13.png,07.png,03.png,tray1.png,00.png,"[-209, 217]","[-59, 217]","[91, 217]","[241, 217]","[-209, 67]","[-59, 67]","[91, 67]","[241, 67]","[-209, -83]","[-59, -83]","[91, -83]","[241, -83]","[-209, -233]","[-59, -233]","[91, -233]","[241, -233]","[100, 100]","[100, 100]","[100, 100]","[100, 100]","[100, 100]","[100, 100]","[100, 100]","[100, 100]","[100, 100]","[100, 100]","[100, 100]","[100, 100]","[100, 100]","[100, 100]","[100, 100]","[100, 100]",ok.png,"[0, -375]","[150, 100]",265,both,12,3,m,1,1,1,1,0,0,0,0,0,0,0,1.36514878273,1.365148782730103,0,88,88,57,57,1,1,0,0,0,0,0,0,0,0.416454553604,0.416454553604126,0,90,90,-223,-223,60
04.png,20.png,30.png,02.png,00.png,00.png,03.png,dots1.png,24.png,23.png,00.png,00.png,14.png,07.png,17.png,tray1.png,"[-208, 219]","[-58, 219]","[92, 219]","[242, 219]","[-208, 69]","[-58, 69]","[92, 69]","[242, 69]","[-208, -81]","[-58, -81]","[92, -81]","[242, -81]","[-208, -231]","[-58, -231]","[92, -231]","[242, -231]","[100, 100]","[100, 100]","[100, 100]","[100, 100]","[100, 100]","[100, 100]","[100, 100]","[100, 100]","[100, 100]","[100, 100]","[100, 100]","[100, 100]","[100, 100]","[100, 100]","[100, 100]","[100, 100]",ok.png,"[0, -375]","[150, 100]",266,both,12,3,m,1,1,1,1,0,0,0,0,0,0,0,0.865509569645,0.865509569644928,0,236,236,65,65,1,1,0,0,0,0,0,0,0,1.41608989239,1.41608989238739,0,210,210,-218,-218,307
03.png,19.png,29.png,00.png,00.png,02.png,32.png,11.png,dots1.png,22.png,16.png,00.png,00.png,04.png,tray1.png,18.png,"[-226, 235]","[-76, 235]","[74, 235]","[224, 235]","[-226, 85]","[-76, 85]","[74, 85]","[224, 85]","[-226, -65]","[-76, -65]","[74, -65]","[224, -65]","[-226, -215]","[-76, -215]","[74, -215]","[224, -215]","[100, 100]","[100, 100]","[100, 100]","[100, 100]","[100, 100]","[100, 100]","[100, 100]","[100, 100]","[100, 100]","[100, 100]","[100, 100]","[100, 100]","[100, 100]","[100, 100]","[100, 100]","[100, 100]",ok.png,"[0, -375]","[150, 100]",267,both,12,3,m,1,1,1,1,0,0,0,0,0,0,0,1.2653042078,1.265304207801819,0,-213,-213,-72,-72,1,1,0,0,0,0,0,0,0,0.416124880314,0.4161248803138733,0,69,69,-205,-205,38
16.png,13.png,11.png,05.png,21.png,00.png,00.png,00.png,00.png,dots1.png,28.png,25.png,03.png,tray1.png,08.png,15.png,"[-237, 224]","[-87, 224]","[63, 224]","[213, 224]","[-237, 74]","[-87, 74]","[63, 74]","[213, 74]","[-237, -76]","[-87, -76]","[63, -76]","[213, -76]","[-237, -226]","[-87, -226]","[63, -226]","[213, -226]","[100, 100]","[100, 100]","[100, 100]","[100, 100]","[100, 100]","[100, 100]","[100, 100]","[100, 100]","[100, 100]","[100, 100]","[100, 100]","[100, 100]","[100, 100]","[100, 100]","[100, 100]","[100, 100]",ok.png,"[0, -375]","[150, 100]",268,both,12,3,m,1,1,1,1,0,0,0,0,0,0,0,1.03226256371,1.032262563705444,0,-120,-120,-96,-96,1,1,0,0,0,0,0,0,0,1.68270277977,1.682702779769897,0,-64,-64,-236,-236,71
06.png,21.png,15.png,17.png,00.png,00.png,16.png,28.png,29.png,09.png,00.png,dots1.png,tray1.png,14.png,07.png,00.png,"[-213, 210]","[-63, 210]","[87, 210]","[237, 210]","[-213, 60]","[-63, 60]","[87, 60]","[237, 60]","[-213, -90]","[-63, -90]","[87, -90]","[237, -90]","[-213, -240]","[-63, -240]","[87, -240]","[237, -240]","[100, 100]","[100, 100]","[100, 100]","[100, 100]","[100, 100]","[100, 100]","[100, 100]","[100, 100]","[100, 100]","[100, 100]","[100, 100]","[100, 100]","[100, 100]","[100, 100]","[100, 100]","[100, 100]",ok.png,"[0, -375]","[150, 100]",269,both,12,3,m,1,1,1,1,0,0,0,0,0,0,0,2.08213067055,2.082130670547485,0,244,244,-98,-98,1,1,0,0,0,0,0,0,0,1.31606554985,1.316065549850464,0,-196,-196,-256,-256,432
00.png,11.png,01.png,28.png,12.png,00.png,00.png,34.png,15.png,30.png,08.png,tray1.png,31.png,21.png,dots1.png,00.png,"[-248, 217]","[-98, 217]","[52, 217]","[202, 217]","[-248, 67]","[-98, 67]","[52, 67]","[202, 67]","[-248, -83]","[-98, -83]","[52, -83]","[202, -83]","[-248, -233]","[-98, -233]","[52, -233]","[202, -233]","[100, 100]","[100, 100]","[100, 100]","[100, 100]","[100, 100]","[100, 100]","[100, 100]","[100, 100]","[100, 100]","[100, 100]","[100, 100]","[100, 100]","[100, 100]","[100, 100]","[100, 100]","[100, 100]",ok.png,"[0, -375]","[150, 100]",270,both,12,3,m,1,1,1,1,0,0,0,0,0,0,0,0.998814463615,0.9988144636154176,0,46,46,-219,-219,1,1,0,0,0,0,0,0,0,0.316353410482,0.3163534104824066,0,242,242,-91,-91,240
00.png,00.png,12.png,dots1.png,32.png,31.png,24.png,27.png,07.png,09.png,tray1.png,10.png,13.png,16.png,00.png,00.png,"[-230, 240]","[-80, 240]","[70, 240]","[220, 240]","[-230, 90]","[-80, 90]","[70, 90]","[220, 90]","[-230, -60]","[-80, -60]","[70, -60]","[220, -60]","[-230, -210]","[-80, -210]","[70, -210]","[220, -210]","[100, 100]","[100, 100]","[100, 100]","[100, 100]","[100, 100]","[100, 100]","[100, 100]","[100, 100]","[100, 100]","[100, 100]","[100, 100]","[100, 100]","[100, 100]","[100, 100]","[100, 100]","[100, 100]",ok.png,"[0, -375]","[150, 100]",271,both,12,3,m,1,1,1,1,0,0,0,0,0,0,0,1.19863688946,1.198636889457703,0,200,200,218,218,1,1,0,0,0,0,0,0,0,1.49947082996,1.499470829963684,0,51,51,-67,-67,145
00.png,00.png,25.png,12.png,dots1.png,19.png,05.png,00.png,01.png,tray1.png,07.png,10.png,34.png,20.png,00.png,30.png,"[-218, 229]","[-68, 229]","[82, 229]","[232, 229]","[-218, 79]","[-68, 79]","[82, 79]","[232, 79]","[-218, -71]","[-68, -71]","[82, -71]","[232, -71]","[-218, -221]","[-68, -221]","[82, -221]","[232, -221]","[100, 100]","[100, 100]","[100, 100]","[100, 100]","[100, 100]","[100, 100]","[100, 100]","[100, 100]","[100, 100]","[100, 100]","[100, 100]","[100, 100]","[100, 100]","[100, 100]","[100, 100]","[100, 100]",ok.png,"[0, -375]","[150, 100]",272,both,12,3,m,1,1,1,1,0,0,0,0,0,0,0,1.04932069778,1.049320697784424,0,-206,-206,97,97,1,1,0,0,0,0,0,0,0,1.08226788044,1.082267880439758,0,-66,-66,-68,-68,329
11.png,13.png,17.png,18.png,00.png,dots1.png,00.png,09.png,tray1.png,02.png,04.png,30.png,26.png,24.png,00.png,00.png,"[-223, 236]","[-73, 236]","[77, 236]","[227, 236]","[-223, 86]","[-73, 86]","[77, 86]","[227, 86]","[-223, -64]","[-73, -64]","[77, -64]","[227, -64]","[-223, -214]","[-73, -214]","[77, -214]","[227, -214]","[100, 100]","[100, 100]","[100, 100]","[100, 100]","[100, 100]","[100, 100]","[100, 100]","[100, 100]","[100, 100]","[100, 100]","[100, 100]","[100, 100]","[100, 100]","[100, 100]","[100, 100]","[100, 100]",ok.png,"[0, -375]","[150, 100]",273,both,12,3,m,1,1,1,1,0,0,0,0,0,0,0,1.03217041492,1.032170414924622,0,-58,-58,63,63,1,1,0,0,0,0,0,0,0,0.349250286818,0.3492502868175507,0,-208,-208,-56,-56,289
00.png,14.png,10.png,20.png,11.png,07.png,00.png,tray1.png,18.png,31.png,00.png,30.png,09.png,00.png,03.png,dots1.png,"[-213, 208]","[-63, 208]","[87, 208]","[237, 208]","[-213, 58]","[-63, 58]","[87, 58]","[237, 58]","[-213, -92]","[-63, -92]","[87, -92]","[237, -92]","[-213, -242]","[-63, -242]","[87, -242]","[237, -242]","[100, 100]","[100, 100]","[100, 100]","[100, 100]","[100, 100]","[100, 100]","[100, 100]","[100, 100]","[100, 100]","[100, 100]","[100, 100]","[100, 100]","[100, 100]","[100, 100]","[100, 100]","[100, 100]",ok.png,"[0, -375]","[150, 100]",274,both,12,3,m,1,1,1,1,0,0,0,0,0,0,0,0.98212325573,0.9821232557296752,0,242,242,67,67,1,1,0,0,0,0,0,0,0,0.666373968124,0.6663739681243896,0,213,213,-200,-200,333
31.png,03.png,13.png,00.png,23.png,21.png,tray1.png,00.png,33.png,00.png,14.png,00.png,19.png,32.png,dots1.png,26.png,"[-239, 222]","[-89, 222]","[61, 222]","[211, 222]","[-239, 72]","[-89, 72]","[61, 72]","[211, 72]","[-239, -78]","[-89, -78]","[61, -78]","[211, -78]","[-239, -228]","[-89, -228]","[61, -228]","[211, -228]","[100, 100]","[100, 100]","[100, 100]","[100, 100]","[100, 100]","[100, 100]","[100, 100]","[100, 100]","[100, 100]","[100, 100]","[100, 100]","[100, 100]","[100, 100]","[100, 100]","[100, 100]","[100, 100]",ok.png,"[0, -375]","[150, 100]",275,both,12,3,m,1,1,1,1,0,0,0,0,0,0,0,1.11520886421,1.115208864212036,0,66,66,-220,-220,1,1,0,0,0,0,0,0,0,0.549559175968,0.5495591759681702,0,61,61,67,67,50
00.png,00.png,00.png,00.png,dots2.png,10.png,09.png,08.png,07.png,06.png,05.png,04.png,03.png,02.png,01.png,tray2.png,"[-244, 234]","[-94, 234]","[56, 234]","[206, 234]","[-244, 84]","[-94, 84]","[56, 84]","[206, 84]","[-244, -66]","[-94, -66]","[56, -66]","[206, -66]","[-244, -216]","[-94, -216]","[56, -216]","[206, -216]","[100, 100]","[100, 100]","[100, 100]","[100, 100]","[100, 100]","[100, 100]","[100, 100]","[100, 100]","[100, 100]","[100, 100]","[100, 100]","[100, 100]","[100, 100]","[100, 100]","[100, 100]","[100, 100]",ok.png,"[0, -375]","[150, 100]",276,both,12,3,m,1,1,1,1,0,0,0,0,0,0,0,3.02716016769,3.027160167694092,0,-243,-243,73,73,1,1,0,0,0,0,0,0,0,3.36572360992,3.365723609924316,0,11,11,-375,-375,0
00.png,00.png,31.png,32.png,33.png,dots2.png,14.png,00.png,13.png,12.png,11.png,10.png,00.png,09.png,tray2.png,08.png,"[-224, 246]","[-74, 246]","[76, 246]","[226, 246]","[-224, 96]","[-74, 96]","[76, 96]","[226, 96]","[-224, -54]","[-74, -54]","[76, -54]","[226, -54]","[-224, -204]","[-74, -204]","[76, -204]","[226, -204]","[100, 100]","[100, 100]","[100, 100]","[100, 100]","[100, 100]","[100, 100]","[100, 100]","[100, 100]","[100, 100]","[100, 100]","[100, 100]","[100, 100]","[100, 100]","[100, 100]","[100, 100]","[100, 100]",ok.png,"[0, -375]","[150, 100]",277,both,12,3,m,1,1,1,1,0,0,0,0,0,0,0,0.899063169956,0.8990631699562073,0,103,103,-196,-196,1,1,0,0,0,0,0,0,0,0.749535024166,0.7495350241661072,0,-45,-45,56,56,46
00.png,00.png,25.png,24.png,23.png,22.png,dots2.png,20.png,19.png,18.png,17.png,16.png,15.png,tray2.png,00.png,00.png,"[-238, 239]","[-88, 239]","[62, 239]","[212, 239]","[-238, 89]","[-88, 89]","[62, 89]","[212, 89]","[-238, -61]","[-88, -61]","[62, -61]","[212, -61]","[-238, -211]","[-88, -211]","[62, -211]","[212, -211]","[100, 100]","[100, 100]","[100, 100]","[100, 100]","[100, 100]","[100, 100]","[100, 100]","[100, 100]","[100, 100]","[100, 100]","[100, 100]","[100, 100]","[100, 100]","[100, 100]","[100, 100]","[100, 100]",ok.png,"[0, -375]","[150, 100]",278,both,12,3,m,1,1,1,1,0,0,0,0,0,0,0,0.96528583765,0.9652858376502992,0,66,66,74,74,1,1,0,0,0,0,0,0,0,0.366205155849,0.3662051558494568,0,-68,-68,-202,-202,358
33.png,32.png,30.png,29.png,00.png,00.png,31.png,dots2.png,26.png,28.png,00.png,00.png,tray2.png,24.png,23.png,22.png,"[-218, 209]","[-68, 209]","[82, 209]","[232, 209]","[-218, 59]","[-68, 59]","[82, 59]","[232, 59]","[-218, -91]","[-68, -91]","[82, -91]","[232, -91]","[-218, -241]","[-68, -241]","[82, -241]","[232, -241]","[100, 100]","[100, 100]","[100, 100]","[100, 100]","[100, 100]","[100, 100]","[100, 100]","[100, 100]","[100, 100]","[100, 100]","[100, 100]","[100, 100]","[100, 100]","[100, 100]","[100, 100]","[100, 100]",ok.png,"[0, -375]","[150, 100]",279,both,12,3,m,1,1,1,1,0,0,0,0,0,0,0,1.41574025154,1.415740251541138,0,235,235,36,36,1,1,0,0,0,0,0,0,0,0.432650238276,0.432650238275528,0,-226,-226,-220,-220,228
00.png,00.png,00.png,00.png,01.png,34.png,33.png,32.png,dots2.png,30.png,29.png,tray2.png,08.png,06.png,04.png,02.png,"[-234, 224]","[-84, 224]","[66, 224]","[216, 224]","[-234, 74]","[-84, 74]","[66, 74]","[216, 74]","[-234, -76]","[-84, -76]","[66, -76]","[216, -76]","[-234, -226]","[-84, -226]","[66, -226]","[216, -226]","[100, 100]","[100, 100]","[100, 100]","[100, 100]","[100, 100]","[100, 100]","[100, 100]","[100, 100]","[100, 100]","[100, 100]","[100, 100]","[100, 100]","[100, 100]","[100, 100]","[100, 100]","[100, 100]",ok.png,"[0, -375]","[150, 100]",280,both,12,3,m,1,1,1,1,0,0,0,0,0,0,0,0.882178544998,0.882178544998169,0,230,230,-73,-73,1,1,0,0,0,0,0,0,0,0.366275131702,0.3662751317024231,0,-207,-207,-71,-71,254
00.png,00.png,23.png,17.png,29.png,09.png,15.png,06.png,00.png,00.png,tray2.png,04.png,27.png,dots2.png,34.png,01.png,"[-211, 205]","[-61, 205]","[89, 205]","[239, 205]","[-211, 55]","[-61, 55]","[89, 55]","[239, 55]","[-211, -95]","[-61, -95]","[89, -95]","[239, -95]","[-211, -245]","[-61, -245]","[89, -245]","[239, -245]","[100, 100]","[100, 100]","[100, 100]","[100, 100]","[100, 100]","[100, 100]","[100, 100]","[100, 100]","[100, 100]","[100, 100]","[100, 100]","[100, 100]","[100, 100]","[100, 100]","[100, 100]","[100, 100]",ok.png,"[0, -375]","[150, 100]",281,both,12,3,m,1,1,1,1,0,0,0,0,0,0,0,1.28212058544,1.282120585441589,0,-59,-59,-228,-228,1,1,0,0,0,0,0,0,0,0.3995244205,0.3995244204998016,0,51,51,-101,-101,47
17.png,09.png,22.png,06.png,00.png,00.png,14.png,18.png,25.png,tray2.png,03.png,07.png,dots2.png,02.png,00.png,00.png,"[-232, 239]","[-82, 239]","[68, 239]","[218, 239]","[-232, 89]","[-82, 89]","[68, 89]","[218, 89]","[-232, -61]","[-82, -61]","[68, -61]","[218, -61]","[-232, -211]","[-82, -211]","[68, -211]","[218, -211]","[100, 100]","[100, 100]","[100, 100]","[100, 100]","[100, 100]","[100, 100]","[100, 100]","[100, 100]","[100, 100]","[100, 100]","[100, 100]","[100, 100]","[100, 100]","[100, 100]","[100, 100]","[100, 100]",ok.png,"[0, -375]","[150, 100]",282,both,12,3,m,1,1,1,1,0,0,0,0,0,0,0,1.43234443665,1.432344436645508,0,-92,-92,-71,-71,1,1,0,0,0,0,0,0,0,0.383077561855,0.3830775618553162,0,-238,-238,-194,-194,94
00.png,dots2.png,00.png,00.png,31.png,25.png,17.png,30.png,tray2.png,27.png,15.png,20.png,07.png,33.png,05.png,00.png,"[-218, 216]","[-68, 216]","[82, 216]","[232, 216]","[-218, 66]","[-68, 66]","[82, 66]","[232, 66]","[-218, -84]","[-68, -84]","[82, -84]","[232, -84]","[-218, -234]","[-68, -234]","[82, -234]","[232, -234]","[100, 100]","[100, 100]","[100, 100]","[100, 100]","[100, 100]","[100, 100]","[100, 100]","[100, 100]","[100, 100]","[100, 100]","[100, 100]","[100, 100]","[100, 100]","[100, 100]","[100, 100]","[100, 100]",ok.png,"[0, -375]","[150, 100]",283,both,12,3,m,1,1,1,1,0,0,0,0,0,0,0,1.94911313057,1.949113130569458,0,-210,-210,-92,-92,1,1,0,0,0,0,0,0,0,0.449565857649,0.4495658576488495,0,-76,-76,184,184,103
33.png,31.png,dots2.png,21.png,27.png,23.png,29.png,tray2.png,00.png,00.png,00.png,00.png,16.png,13.png,10.png,07.png,"[-236, 231]","[-86, 231]","[64, 231]","[214, 231]","[-236, 81]","[-86, 81]","[64, 81]","[214, 81]","[-236, -69]","[-86, -69]","[64, -69]","[214, -69]","[-236, -219]","[-86, -219]","[64, -219]","[214, -219]","[100, 100]","[100, 100]","[100, 100]","[100, 100]","[100, 100]","[100, 100]","[100, 100]","[100, 100]","[100, 100]","[100, 100]","[100, 100]","[100, 100]","[100, 100]","[100, 100]","[100, 100]","[100, 100]",ok.png,"[0, -375]","[150, 100]",284,both,12,3,m,1,1,1,1,0,0,0,0,0,0,0,0.732068121433,0.7320681214332581,0,195,195,70,70,1,1,0,0,0,0,0,0,0,0.516328394413,0.5163283944129944,0,3,3,-367,-367,318
00.png,00.png,00.png,00.png,26.png,24.png,tray2.png,22.png,20.png,18.png,16.png,14.png,03.png,dots2.png,07.png,09.png,"[-203, 220]","[-53, 220]","[97, 220]","[247, 220]","[-203, 70]","[-53, 70]","[97, 70]","[247, 70]","[-203, -80]","[-53, -80]","[97, -80]","[247, -80]","[-203, -230]","[-53, -230]","[97, -230]","[247, -230]","[100, 100]","[100, 100]","[100, 100]","[100, 100]","[100, 100]","[100, 100]","[100, 100]","[100, 100]","[100, 100]","[100, 100]","[100, 100]","[100, 100]","[100, 100]","[100, 100]","[100, 100]","[100, 100]",ok.png,"[0, -375]","[150, 100]",285,both,12,3,m,1,1,1,1,0,0,0,0,0,0,0,0.948794901371,0.9487949013710022,0,103,103,67,67,1,1,0,0,0,0,0,0,0,1.76629221439,1.766292214393616,0,-35,-35,-216,-216,18
00.png,00.png,27.png,24.png,21.png,tray2.png,19.png,16.png,32.png,34.png,10.png,dots2.png,31.png,33.png,00.png,00.png,"[-200, 246]","[-50, 246]","[100, 246]","[250, 246]","[-200, 96]","[-50, 96]","[100, 96]","[250, 96]","[-200, -54]","[-50, -54]","[100, -54]","[250, -54]","[-200, -204]","[-50, -204]","[100, -204]","[250, -204]","[100, 100]","[100, 100]","[100, 100]","[100, 100]","[100, 100]","[100, 100]","[100, 100]","[100, 100]","[100, 100]","[100, 100]","[100, 100]","[100, 100]","[100, 100]","[100, 100]","[100, 100]","[100, 100]",ok.png,"[0, -375]","[150, 100]",286,both,12,3,m,1,1,1,1,0,0,0,0,0,0,0,1.34855306149,1.348553061485291,0,248,248,-14,-14,1,1,0,0,0,0,0,0,0,0.466104328632,0.4661043286323547,0,-87,-87,106,106,152
34.png,27.png,00.png,00.png,tray2.png,11.png,16.png,21.png,17.png,04.png,00.png,00.png,dots2.png,20.png,15.png,10.png,"[-210, 223]","[-60, 223]","[90, 223]","[240, 223]","[-210, 73]","[-60, 73]","[90, 73]","[240, 73]","[-210, -77]","[-60, -77]","[90, -77]","[240, -77]","[-210, -227]","[-60, -227]","[90, -227]","[240, -227]","[100, 100]","[100, 100]","[100, 100]","[100, 100]","[100, 100]","[100, 100]","[100, 100]","[100, 100]","[100, 100]","[100, 100]","[100, 100]","[100, 100]","[100, 100]","[100, 100]","[100, 100]","[100, 100]",ok.png,"[0, -375]","[150, 100]",287,both,12,3,m,1,1,1,1,0,0,0,0,0,0,0,1.24874377251,1.248743772506714,0,-193,-193,69,69,1,1,0,0,0,0,0,0,0,0.466208696365,0.4662086963653564,0,-199,-199,-237,-237,206
04.png,02.png,05.png,tray2.png,08.png,07.png,01.png,03.png,00.png,00.png,32.png,28.png,24.png,dots2.png,00.png,00.png,"[-207, 213]","[-57, 213]","[93, 213]","[243, 213]","[-207, 63]","[-57, 63]","[93, 63]","[243, 63]","[-207, -87]","[-57, -87]","[93, -87]","[243, -87]","[-207, -237]","[-57, -237]","[93, -237]","[243, -237]","[100, 100]","[100, 100]","[100, 100]","[100, 100]","[100, 100]","[100, 100]","[100, 100]","[100, 100]","[100, 100]","[100, 100]","[100, 100]","[100, 100]","[100, 100]","[100, 100]","[100, 100]","[100, 100]",ok.png,"[0, -375]","[150, 100]",288,both,12,3,m,1,1,1,1,0,0,0,0,0,0,0,1.21559381485,1.215593814849854,0,244,244,216,216,1,1,0,0,0,0,0,0,0,0.499723106623,0.4997231066226959,0,-65,-65,-273,-273,365
01.png,12.png,tray2.png,23.png,00.png,00.png,28.png,13.png,08.png,dots2.png,03.png,00.png,16.png,06.png,00.png,29.png,"[-248, 217]","[-98, 217]","[52, 217]","[202, 217]","[-248, 67]","[-98, 67]","[52, 67]","[202, 67]","[-248, -83]","[-98, -83]","[52, -83]","[202, -83]","[-248, -233]","[-98, -233]","[52, -233]","[202, -233]","[100, 100]","[100, 100]","[100, 100]","[100, 100]","[100, 100]","[100, 100]","[100, 100]","[100, 100]","[100, 100]","[100, 100]","[100, 100]","[100, 100]","[100, 100]","[100, 100]","[100, 100]","[100, 100]",ok.png,"[0, -375]","[150, 100]",289,both,12,3,m,1,1,1,1,0,0,0,0,0,0,0,1.31561732292,1.315617322921753,0,41,41,226,226,1,1,0,0,0,0,0,0,0,0.482740908861,0.4827409088611603,0,-99,-99,-55,-55,225
00.png,tray2.png,03.png,07.png,13.png,17.png,23.png,27.png,dots2.png,04.png,06.png,14.png,16.png,00.png,00.png,00.png,"[-238, 231]","[-88, 231]","[62, 231]","[212, 231]","[-238, 81]","[-88, 81]","[62, 81]","[212, 81]","[-238, -69]","[-88, -69]","[62, -69]","[212, -69]","[-238, -219]","[-88, -219]","[62, -219]","[212, -219]","[100, 100]","[100, 100]","[100, 100]","[100, 100]","[100, 100]","[100, 100]","[100, 100]","[100, 100]","[100, 100]","[100, 100]","[100, 100]","[100, 100]","[100, 100]","[100, 100]","[100, 100]","[100, 100]",ok.png,"[0, -375]","[150, 100]",290,both,12,3,m,1,1,1,1,0,0,0,0,0,0,0,1.23262238503,1.232622385025024,0,-228,-228,-72,-72,1,1,0,0,0,0,0,0,0,1.4827375412,1.48273754119873,0,-101,-101,237,237,213
tray2.png,17.png,07.png,14.png,00.png,00.png,23.png,dots2.png,04.png,03.png,00.png,00.png,02.png,30.png,20.png,04.png,"[-218, 215]","[-68, 215]","[82, 215]","[232, 215]","[-218, 65]","[-68, 65]","[82, 65]","[232, 65]","[-218, -85]","[-68, -85]","[82, -85]","[232, -85]","[-218, -235]","[-68, -235]","[82, -235]","[232, -235]","[100, 100]","[100, 100]","[100, 100]","[100, 100]","[100, 100]","[100, 100]","[100, 100]","[100, 100]","[100, 100]","[100, 100]","[100, 100]","[100, 100]","[100, 100]","[100, 100]","[100, 100]","[100, 100]",ok.png,"[0, -375]","[150, 100]",291,both,12,3,m,1,1,1,1,0,0,0,0,0,0,0,1.08254098892,1.082540988922119,0,212,212,54,54,1,1,0,0,0,0,0,0,0,0.399461269379,0.3994612693786621,0,-193,-193,191,191,393
18.png,tray2.png,04.png,00.png,00.png,16.png,dots2.png,12.png,11.png,32.png,02.png,00.png,00.png,29.png,19.png,03.png,"[-209, 208]","[-59, 208]","[91, 208]","[241, 208]","[-209, 58]","[-59, 58]","[91, 58]","[241, 58]","[-209, -92]","[-59, -92]","[91, -92]","[241, -92]","[-209, -242]","[-59, -242]","[91, -242]","[241, -242]","[100, 100]","[100, 100]","[100, 100]","[100, 100]","[100, 100]","[100, 100]","[100, 100]","[100, 100]","[100, 100]","[100, 100]","[100, 100]","[100, 100]","[100, 100]","[100, 100]","[100, 100]","[100, 100]",ok.png,"[0, -375]","[150, 100]",292,both,12,3,m,1,1,1,1,0,0,0,0,0,0,0,0.832446873188,0.8324468731880188,0,78,78,47,47,1,1,0,0,0,0,0,0,0,0.982601106167,0.9826011061668396,0,-35,-35,203,203,376
15.png,08.png,tray2.png,03.png,25.png,dots2.png,27.png,00.png,00.png,00.png,00.png,21.png,05.png,11.png,13.png,16.png,"[-232, 240]","[-82, 240]","[68, 240]","[218, 240]","[-232, 90]","[-82, 90]","[68, 90]","[218, 90]","[-232, -60]","[-82, -60]","[68, -60]","[218, -60]","[-232, -210]","[-82, -210]","[68, -210]","[218, -210]","[100, 100]","[100, 100]","[100, 100]","[100, 100]","[100, 100]","[100, 100]","[100, 100]","[100, 100]","[100, 100]","[100, 100]","[100, 100]","[100, 100]","[100, 100]","[100, 100]","[100, 100]","[100, 100]",ok.png,"[0, -375]","[150, 100]",293,both,12,3,m,1,1,1,1,0,0,0,0,0,0,0,1.06551063061,1.065510630607605,0,53,53,228,228,1,1,0,0,0,0,0,0,0,0.366150826216,0.366150826215744,0,-43,-43,101,101,215
00.png,07.png,14.png,tray2.png,23.png,00.png,09.png,29.png,28.png,16.png,00.png,00.png,17.png,15.png,21.png,dots2.png,"[-243, 203]","[-93, 203]","[57, 203]","[207, 203]","[-243, 53]","[-93, 53]","[57, 53]","[207, 53]","[-243, -97]","[-93, -97]","[57, -97]","[207, -97]","[-243, -247]","[-93, -247]","[57, -247]","[207, -247]","[100, 100]","[100, 100]","[100, 100]","[100, 100]","[100, 100]","[100, 100]","[100, 100]","[100, 100]","[100, 100]","[100, 100]","[100, 100]","[100, 100]","[100, 100]","[100, 100]","[100, 100]","[100, 100]",ok.png,"[0, -375]","[150, 100]",294,both,12,3,m,1,1,1,1,0,0,0,0,0,0,0,1.0486894846,1.048689484596252,0,226,226,-244,-244,1,1,0,0,0,0,0,0,0,0.483024507761,0.4830245077610016,0,213,213,201,201,95
00.png,32.png,21.png,31.png,tray2.png,08.png,30.png,15.png,34.png,00.png,00.png,12.png,28.png,01.png,dots2.png,00.png,"[-247, 243]","[-97, 243]","[53, 243]","[203, 243]","[-247, 93]","[-97, 93]","[53, 93]","[203, 93]","[-247, -57]","[-97, -57]","[53, -57]","[203, -57]","[-247, -207]","[-97, -207]","[53, -207]","[203, -207]","[100, 100]","[100, 100]","[100, 100]","[100, 100]","[100, 100]","[100, 100]","[100, 100]","[100, 100]","[100, 100]","[100, 100]","[100, 100]","[100, 100]","[100, 100]","[100, 100]","[100, 100]","[100, 100]",ok.png,"[0, -375]","[150, 100]",295,both,12,3,m,1,1,1,1,0,0,0,0,0,0,0,0.832240641117,0.832240641117096,0,69,69,-209,-209,1,1,0,0,0,0,0,0,0,0.515757799149,0.5157577991485596,0,-243,-243,79,79,409
00.png,00.png,16.png,13.png,10.png,tray2.png,09.png,07.png,27.png,24.png,31.png,32.png,04.png,dots2.png,00.png,00.png,"[-236, 249]","[-86, 249]","[64, 249]","[214, 249]","[-236, 99]","[-86, 99]","[64, 99]","[214, 99]","[-236, -51]","[-86, -51]","[64, -51]","[214, -51]","[-236, -201]","[-86, -201]","[64, -201]","[214, -201]","[100, 100]","[100, 100]","[100, 100]","[100, 100]","[100, 100]","[100, 100]","[100, 100]","[100, 100]","[100, 100]","[100, 100]","[100, 100]","[100, 100]","[100, 100]","[100, 100]","[100, 100]","[100, 100]",ok.png,"[0, -375]","[150, 100]",296,both,12,3,m,1,1,1,1,0,0,0,0,0,0,0,0.798825263977,0.7988252639770508,0,-104,-104,104,104,1,1,0,0,0,0,0,0,0,1.09942305088,1.099423050880432,0,-89,-89,-159,-159,341
30.png,00.png,20.png,34.png,10.png,07.png,tray2.png,01.png,00.png,05.png,19.png,33.png,dots2.png,25.png,00.png,00.png,"[-221, 250]","[-71, 250]","[79, 250]","[229, 250]","[-221, 100]","[-71, 100]","[79, 100]","[229, 100]","[-221, -50]","[-71, -50]","[79, -50]","[229, -50]","[-221, -200]","[-71, -200]","[79, -200]","[229, -200]","[100, 100]","[100, 100]","[100, 100]","[100, 100]","[100, 100]","[100, 100]","[100, 100]","[100, 100]","[100, 100]","[100, 100]","[100, 100]","[100, 100]","[100, 100]","[100, 100]","[100, 100]","[100, 100]",ok.png,"[0, -375]","[150, 100]",297,both,12,3,m,1,1,1,1,0,0,0,0,0,0,0,1.04913830757,1.049138307571411,0,79,79,101,101,1,1,0,0,0,0,0,0,0,0.732683956623,0.7326839566230774,0,-240,-240,-170,-170,108
00.png,00.png,24.png,26.png,30.png,04.png,02.png,tray2.png,09.png,00.png,dots2.png,00.png,18.png,17.png,13.png,11.png,"[-221, 249]","[-71, 249]","[79, 249]","[229, 249]","[-221, 99]","[-71, 99]","[79, 99]","[229, 99]","[-221, -51]","[-71, -51]","[79, -51]","[229, -51]","[-221, -201]","[-71, -201]","[79, -201]","[229, -201]","[100, 100]","[100, 100]","[100, 100]","[100, 100]","[100, 100]","[100, 100]","[100, 100]","[100, 100]","[100, 100]","[100, 100]","[100, 100]","[100, 100]","[100, 100]","[100, 100]","[100, 100]","[100, 100]",ok.png,"[0, -375]","[150, 100]",298,both,12,3,m,1,1,1,1,0,0,0,0,0,0,0,0.732510983944,0.7325109839439392,0,71,71,-31,-31,1,1,0,0,0,0,0,0,0,0.299113243818,0.2991132438182831,0,237,237,101,101,366
19.png,dots2.png,00.png,09.png,30.png,00.png,31.png,18.png,tray2.png,00.png,07.png,11.png,20.png,10.png,14.png,00.png,"[-218, 250]","[-68, 250]","[82, 250]","[232, 250]","[-218, 100]","[-68, 100]","[82, 100]","[232, 100]","[-218, -50]","[-68, -50]","[82, -50]","[232, -50]","[-218, -200]","[-68, -200]","[82, -200]","[232, -200]","[100, 100]","[100, 100]","[100, 100]","[100, 100]","[100, 100]","[100, 100]","[100, 100]","[100, 100]","[100, 100]","[100, 100]","[100, 100]","[100, 100]","[100, 100]","[100, 100]","[100, 100]","[100, 100]",ok.png,"[0, -375]","[150, 100]",299,both,12,3,m,1,1,1,1,0,0,0,0,0,0,0,0.865108191967,0.8651081919670105,0,-54,-54,269,269,1,1,0,0,0,0,0,0,0,0.36637583375,0.3663758337497711,0,-189,-189,-33,-33,403
26.png,29.png,32.png,dots2.png,00.png,14.png,00.png,33.png,00.png,tray2.png,21.png,23.png,00.png,13.png,03.png,31.png,"[-204, 246]","[-54, 246]","[96, 246]","[246, 246]","[-204, 96]","[-54, 96]","[96, 96]","[246, 96]","[-204, -54]","[-54, -54]","[96, -54]","[246, -54]","[-204, -204]","[-54, -204]","[96, -204]","[246, -204]","[100, 100]","[100, 100]","[100, 100]","[100, 100]","[100, 100]","[100, 100]","[100, 100]","[100, 100]","[100, 100]","[100, 100]","[100, 100]","[100, 100]","[100, 100]","[100, 100]","[100, 100]","[100, 100]",ok.png,"[0, -375]","[150, 100]",300,both,12,3,m,1,1,1,1,0,0,0,0,0,0,0,1.56545734406,1.565457344055176,0,-39,-39,-64,-64,1,1,0,0,0,0,0,0,0,0.382793664932,0.382793664932251,0,175,175,238,238,268
tray1.png,01.png,02.png,03.png,04.png,05.png,06.png,07.png,08.png,09.png,10.png,11.png,12.png,13.png,14.png,15.png,"[-217, 211]","[-67, 211]","[83, 211]","[233, 211]","[-217, 61]","[-67, 61]","[83, 61]","[233, 61]","[-217, -89]","[-67, -89]","[83, -89]","[233, -89]","[-217, -239]","[-67, -239]","[83, -239]","[233, -239]","[100, 100]","[100, 100]","[100, 100]","[100, 100]","[100, 100]","[100, 100]","[100, 100]","[100, 100]","[100, 100]","[100, 100]","[100, 100]","[100, 100]","[100, 100]","[100, 100]","[100, 100]","[100, 100]",ok.png,"[0, -375]","[150, 100]",301,tray,16,1,m,1,1,1,1,0,0,0,0,0,0,0,1.26589238644,1.265892386436462,0,-226,-226,197,197,1,1,0,0,0,0,0,0,0,3.69916796684,3.699167966842651,0,16,16,-364,-364,311
08.png,tray1.png,09.png,01.png,10.png,11.png,12.png,13.png,15.png,14.png,34.png,33.png,32.png,31.png,22.png,23.png,"[-231, 217]","[-81, 217]","[69, 217]","[219, 217]","[-231, 67]","[-81, 67]","[69, 67]","[219, 67]","[-231, -83]","[-81, -83]","[69, -83]","[219, -83]","[-231, -233]","[-81, -233]","[69, -233]","[219, -233]","[100, 100]","[100, 100]","[100, 100]","[100, 100]","[100, 100]","[100, 100]","[100, 100]","[100, 100]","[100, 100]","[100, 100]","[100, 100]","[100, 100]","[100, 100]","[100, 100]","[100, 100]","[100, 100]",ok.png,"[0, -375]","[150, 100]",302,tray,16,1,m,1,1,1,1,0,0,0,0,0,0,0,1.58226287365,1.582262873649597,0,-71,-71,187,187,1,1,0,0,0,0,0,0,0,0.999403238297,0.9994032382965088,0,-15,-15,-363,-363,245
05.png,06.png,tray1.png,15.png,16.png,17.png,18.png,19.png,20.png,21.png,22.png,23.png,24.png,25.png,30.png,27.png,"[-222, 212]","[-72, 212]","[78, 212]","[228, 212]","[-222, 62]","[-72, 62]","[78, 62]","[228, 62]","[-222, -88]","[-72, -88]","[78, -88]","[228, -88]","[-222, -238]","[-72, -238]","[78, -238]","[228, -238]","[100, 100]","[100, 100]","[100, 100]","[100, 100]","[100, 100]","[100, 100]","[100, 100]","[100, 100]","[100, 100]","[100, 100]","[100, 100]","[100, 100]","[100, 100]","[100, 100]","[100, 100]","[100, 100]",ok.png,"[0, -375]","[150, 100]",303,tray,16,1,m,1,1,1,1,0,0,0,0,0,0,0,1.43214225769,1.43214225769043,0,83,83,225,225,1,1,0,0,0,0,0,0,0,4.34918880463,4.349188804626465,0,-15,-15,-383,-383,119
22.png,23.png,24.png,tray1.png,03.png,12.png,25.png,26.png,02.png,08.png,27.png,28.png,29.png,30.png,31.png,32.png,"[-239, 215]","[-89, 215]","[61, 215]","[211, 215]","[-239, 65]","[-89, 65]","[61, 65]","[211, 65]","[-239, -85]","[-89, -85]","[61, -85]","[211, -85]","[-239, -235]","[-89, -235]","[61, -235]","[211, -235]","[100, 100]","[100, 100]","[100, 100]","[100, 100]","[100, 100]","[100, 100]","[100, 100]","[100, 100]","[100, 100]","[100, 100]","[100, 100]","[100, 100]","[100, 100]","[100, 100]","[100, 100]","[100, 100]",ok.png,"[0, -375]","[150, 100]",304,tray,16,1,m,1,1,1,1,0,0,0,0,0,0,0,1.61639142036,1.61639142036438,0,-70,-70,190,190,1,1,0,0,0,0,0,0,0,3.51489567757,3.514895677566528,0,201,201,209,209,52
02.png,04.png,06.png,08.png,tray1.png,29.png,30.png,31.png,32.png,33.png,34.png,01.png,22.png,24.png,26.png,28.png,"[-215, 201]","[-65, 201]","[85, 201]","[235, 201]","[-215, 51]","[-65, 51]","[85, 51]","[235, 51]","[-215, -99]","[-65, -99]","[85, -99]","[235, -99]","[-215, -249]","[-65, -249]","[85, -249]","[235, -249]","[100, 100]","[100, 100]","[100, 100]","[100, 100]","[100, 100]","[100, 100]","[100, 100]","[100, 100]","[100, 100]","[100, 100]","[100, 100]","[100, 100]","[100, 100]","[100, 100]","[100, 100]","[100, 100]",ok.png,"[0, -375]","[150, 100]",305,tray,16,1,m,1,1,1,1,0,0,0,0,0,0,0,1.21576046944,1.215760469436646,0,-223,-223,35,35,1,1,0,0,0,0,0,0,0,1.13266658783,1.13266658782959,0,-36,-36,-376,-376,402
01.png,34.png,07.png,27.png,04.png,tray1.png,11.png,26.png,06.png,15.png,09.png,29.png,17.png,23.png,30.png,32.png,"[-228, 216]","[-78, 216]","[72, 216]","[222, 216]","[-228, 66]","[-78, 66]","[72, 66]","[222, 66]","[-228, -84]","[-78, -84]","[72, -84]","[222, -84]","[-228, -234]","[-78, -234]","[72, -234]","[222, -234]","[100, 100]","[100, 100]","[100, 100]","[100, 100]","[100, 100]","[100, 100]","[100, 100]","[100, 100]","[100, 100]","[100, 100]","[100, 100]","[100, 100]","[100, 100]","[100, 100]","[100, 100]","[100, 100]",ok.png,"[0, -375]","[150, 100]",306,tray,16,1,m,1,1,1,1,0,0,0,0,0,0,0,0.965631425381,0.9656314253807068,0,-74,-74,63,63,1,1,0,0,0,0,0,0,0,1.86590719223,1.865907192230225,0,-6,-6,-378,-378,443
12.png,24.png,02.png,05.png,07.png,03.png,tray1.png,25.png,18.png,14.png,13.png,27.png,06.png,22.png,09.png,17.png,"[-218, 241]","[-68, 241]","[82, 241]","[232, 241]","[-218, 91]","[-68, 91]","[82, 91]","[232, 91]","[-218, -59]","[-68, -59]","[82, -59]","[232, -59]","[-218, -209]","[-68, -209]","[82, -209]","[232, -209]","[100, 100]","[100, 100]","[100, 100]","[100, 100]","[100, 100]","[100, 100]","[100, 100]","[100, 100]","[100, 100]","[100, 100]","[100, 100]","[100, 100]","[100, 100]","[100, 100]","[100, 100]","[100, 100]",ok.png,"[0, -375]","[150, 100]",307,tray,16,1,m,1,1,1,1,0,0,0,0,0,0,0,0.982179582119,0.982179582118988,0,70,70,81,81,1,1,0,0,0,0,0,0,0,2.96602511406,2.966025114059448,0,10,10,-374,-374,116
13.png,05.png,33.png,07.png,20.png,15.png,27.png,tray1.png,30.png,17.png,25.png,31.png,09.png,01.png,33.png,22.png,"[-223, 205]","[-73, 205]","[77, 205]","[227, 205]","[-223, 55]","[-73, 55]","[77, 55]","[227, 55]","[-223, -95]","[-73, -95]","[77, -95]","[227, -95]","[-223, -245]","[-73, -245]","[77, -245]","[227, -245]","[100, 100]","[100, 100]","[100, 100]","[100, 100]","[100, 100]","[100, 100]","[100, 100]","[100, 100]","[100, 100]","[100, 100]","[100, 100]","[100, 100]","[100, 100]","[100, 100]","[100, 100]","[100, 100]",ok.png,"[0, -375]","[150, 100]",308,tray,16,1,m,1,1,1,1,0,0,0,0,0,0,0,1.09895789623,1.098957896232605,0,237,237,28,28,1,1,0,0,0,0,0,0,0,1.54947721958,1.549477219581604,0,-13,-13,-366,-366,380
07.png,10.png,13.png,16.png,02.png,08.png,04.png,06.png,tray1.png,29.png,23.png,27.png,21.png,25.png,31.png,33.png,"[-218, 240]","[-68, 240]","[82, 240]","[232, 240]","[-218, 90]","[-68, 90]","[82, 90]","[232, 90]","[-218, -60]","[-68, -60]","[82, -60]","[232, -60]","[-218, -210]","[-68, -210]","[82, -210]","[232, -210]","[100, 100]","[100, 100]","[100, 100]","[100, 100]","[100, 100]","[100, 100]","[100, 100]","[100, 100]","[100, 100]","[100, 100]","[100, 100]","[100, 100]","[100, 100]","[100, 100]","[100, 100]","[100, 100]",ok.png,"[0, -375]","[150, 100]",309,tray,16,1,m,1,1,1,1,0,0,0,0,0,0,0,1.1656678915,1.16566789150238,0,-207,-207,-55,-55,1,1,0,0,0,0,0,0,0,9.76619815826,9.76619815826416,0,29,29,-389,-389,231
09.png,07.png,05.png,03.png,14.png,16.png,18.png,20.png,22.png,tray1.png,24.png,26.png,21.png,27.png,32.png,30.png,"[-246, 232]","[-96, 232]","[54, 232]","[204, 232]","[-246, 82]","[-96, 82]","[54, 82]","[204, 82]","[-246, -68]","[-96, -68]","[54, -68]","[204, -68]","[-246, -218]","[-96, -218]","[54, -218]","[204, -218]","[100, 100]","[100, 100]","[100, 100]","[100, 100]","[100, 100]","[100, 100]","[100, 100]","[100, 100]","[100, 100]","[100, 100]","[100, 100]","[100, 100]","[100, 100]","[100, 100]","[100, 100]","[100, 100]",ok.png,"[0, -375]","[150, 100]",310,tray,16,1,m,1,1,1,1,0,0,0,0,0,0,0,1.58237493038,1.582374930381775,0,-107,-107,-72,-72,1,1,0,0,0,0,0,0,0,3.78264498711,3.782644987106323,0,16,16,-413,-413,35
05.png,14.png,33.png,31.png,13.png,10.png,34.png,32.png,16.png,19.png,tray1.png,21.png,24.png,27.png,18.png,01.png,"[-223, 232]","[-73, 232]","[77, 232]","[227, 232]","[-223, 82]","[-73, 82]","[77, 82]","[227, 82]","[-223, -68]","[-73, -68]","[77, -68]","[227, -68]","[-223, -218]","[-73, -218]","[77, -218]","[227, -218]","[100, 100]","[100, 100]","[100, 100]","[100, 100]","[100, 100]","[100, 100]","[100, 100]","[100, 100]","[100, 100]","[100, 100]","[100, 100]","[100, 100]","[100, 100]","[100, 100]","[100, 100]","[100, 100]",ok.png,"[0, -375]","[150, 100]",311,tray,16,1,m,1,1,1,1,0,0,0,0,0,0,0,1.39882469177,1.398824691772461,0,77,77,-55,-55,1,1,0,0,0,0,0,0,0,1.71635603905,1.716356039047241,0,-1,-1,-383,-383,338
10.png,15.png,20.png,25.png,09.png,24.png,04.png,17.png,21.png,16.png,11.png,tray1.png,18.png,08.png,27.png,34.png,"[-212, 205]","[-62, 205]","[88, 205]","[238, 205]","[-212, 55]","[-62, 55]","[88, 55]","[238, 55]","[-212, -95]","[-62, -95]","[88, -95]","[238, -95]","[-212, -245]","[-62, -245]","[88, -245]","[238, -245]","[100, 100]","[100, 100]","[100, 100]","[100, 100]","[100, 100]","[100, 100]","[100, 100]","[100, 100]","[100, 100]","[100, 100]","[100, 100]","[100, 100]","[100, 100]","[100, 100]","[100, 100]","[100, 100]",ok.png,"[0, -375]","[150, 100]",312,tray,16,1,m,1,1,1,1,0,0,0,0,0,0,0,1.04914152622,1.049141526222229,0,255,255,-100,-100,1,1,0,0,0,0,0,0,0,3.89913797379,3.8991379737854,0,-11,-11,-375,-375,80
16.png,10.png,20.png,24.png,28.png,32.png,29.png,26.png,03.png,01.png,07.png,08.png,tray1.png,05.png,02.png,04.png,"[-225, 240]","[-75, 240]","[75, 240]","[225, 240]","[-225, 90]","[-75, 90]","[75, 90]","[225, 90]","[-225, -60]","[-75, -60]","[75, -60]","[225, -60]","[-225, -210]","[-75, -210]","[75, -210]","[225, -210]","[100, 100]","[100, 100]","[100, 100]","[100, 100]","[100, 100]","[100, 100]","[100, 100]","[100, 100]","[100, 100]","[100, 100]","[100, 100]","[100, 100]","[100, 100]","[100, 100]","[100, 100]","[100, 100]",ok.png,"[0, -375]","[150, 100]",313,tray,16,1,m,1,1,1,1,0,0,0,0,0,0,0,2.56572937965,2.565729379653931,0,-215,-215,-206,-206,1,1,0,0,0,0,0,0,0,3.91603708267,3.916037082672119,0,2,2,-384,-384,33
29.png,17.png,06.png,16.png,15.png,03.png,33.png,08.png,13.png,28.png,02.png,10.png,23.png,tray1.png,12.png,01.png,"[-221, 213]","[-71, 213]","[79, 213]","[229, 213]","[-221, 63]","[-71, 63]","[79, 63]","[229, 63]","[-221, -87]","[-71, -87]","[79, -87]","[229, -87]","[-221, -237]","[-71, -237]","[79, -237]","[229, -237]","[100, 100]","[100, 100]","[100, 100]","[100, 100]","[100, 100]","[100, 100]","[100, 100]","[100, 100]","[100, 100]","[100, 100]","[100, 100]","[100, 100]","[100, 100]","[100, 100]","[100, 100]","[100, 100]",ok.png,"[0, -375]","[150, 100]",314,tray,16,1,m,1,1,1,1,0,0,0,0,0,0,0,1.33213186264,1.332131862640381,0,-75,-75,-236,-236,1,1,0,0,0,0,0,0,0,5.34957695007,5.349576950073242,0,16,16,-408,-408,166
32.png,30.png,08.png,16.png,14.png,06.png,04.png,33.png,27.png,23.png,17.png,13.png,07.png,03.png,tray1.png,24.png,"[-227, 225]","[-77, 225]","[73, 225]","[223, 225]","[-227, 75]","[-77, 75]","[73, 75]","[223, 75]","[-227, -75]","[-77, -75]","[73, -75]","[223, -75]","[-227, -225]","[-77, -225]","[73, -225]","[223, -225]","[100, 100]","[100, 100]","[100, 100]","[100, 100]","[100, 100]","[100, 100]","[100, 100]","[100, 100]","[100, 100]","[100, 100]","[100, 100]","[100, 100]","[100, 100]","[100, 100]","[100, 100]","[100, 100]",ok.png,"[0, -375]","[150, 100]",315,tray,16,1,m,1,1,1,1,0,0,0,0,0,0,0,1.36519229412,1.365192294120789,0,63,63,-213,-213,1,1,0,0,0,0,0,0,0,3.56629109383,3.566291093826294,0,32,32,-367,-367,140
04.png,20.png,30.png,02.png,12.png,16.png,03.png,04.png,24.png,23.png,33.png,27.png,14.png,07.png,17.png,tray1.png,"[-230, 248]","[-80, 248]","[70, 248]","[220, 248]","[-230, 98]","[-80, 98]","[70, 98]","[220, 98]","[-230, -52]","[-80, -52]","[70, -52]","[220, -52]","[-230, -202]","[-80, -202]","[70, -202]","[220, -202]","[100, 100]","[100, 100]","[100, 100]","[100, 100]","[100, 100]","[100, 100]","[100, 100]","[100, 100]","[100, 100]","[100, 100]","[100, 100]","[100, 100]","[100, 100]","[100, 100]","[100, 100]","[100, 100]",ok.png,"[0, -375]","[150, 100]",316,tray,16,1,m,1,1,1,1,0,0,0,0,0,0,0,3.46544885635,3.46544885635376,0,234,234,-203,-203,1,1,0,0,0,0,0,0,0,0.266155809164,0.2661558091640472,0,11,11,-369,-369,298
03.png,19.png,29.png,09.png,25.png,02.png,32.png,11.png,12.png,22.png,16.png,31.png,13.png,04.png,tray1.png,18.png,"[-250, 245]","[-100, 245]","[50, 245]","[200, 245]","[-250, 95]","[-100, 95]","[50, 95]","[200, 95]","[-250, -55]","[-100, -55]","[50, -55]","[200, -55]","[-250, -205]","[-100, -205]","[50, -205]","[200, -205]","[100, 100]","[100, 100]","[100, 100]","[100, 100]","[100, 100]","[100, 100]","[100, 100]","[100, 100]","[100, 100]","[100, 100]","[100, 100]","[100, 100]","[100, 100]","[100, 100]","[100, 100]","[100, 100]",ok.png,"[0, -375]","[150, 100]",317,tray,16,1,m,1,1,1,1,0,0,0,0,0,0,0,1.71543157101,1.715431571006775,0,56,56,-199,-199,1,1,0,0,0,0,0,0,0,2.13279628754,2.132796287536621,0,11,11,-367,-367,428
16.png,13.png,11.png,05.png,21.png,30.png,07.png,23.png,01.png,27.png,28.png,25.png,03.png,tray1.png,08.png,15.png,"[-246, 214]","[-96, 214]","[54, 214]","[204, 214]","[-246, 64]","[-96, 64]","[54, 64]","[204, 64]","[-246, -86]","[-96, -86]","[54, -86]","[204, -86]","[-246, -236]","[-96, -236]","[54, -236]","[204, -236]","[100, 100]","[100, 100]","[100, 100]","[100, 100]","[100, 100]","[100, 100]","[100, 100]","[100, 100]","[100, 100]","[100, 100]","[100, 100]","[100, 100]","[100, 100]","[100, 100]","[100, 100]","[100, 100]",ok.png,"[0, -375]","[150, 100]",318,tray,16,1,m,1,1,1,1,0,0,0,0,0,0,0,1.36544287205,1.365442872047424,0,-98,-98,-232,-232,1,1,0,0,0,0,0,0,0,1.49936389923,1.499363899230957,0,10,10,-392,-392,264
06.png,21.png,15.png,17.png,20.png,05.png,16.png,28.png,29.png,09.png,02.png,23.png,tray1.png,14.png,07.png,32.png,"[-206, 229]","[-56, 229]","[94, 229]","[244, 229]","[-206, 79]","[-56, 79]","[94, 79]","[244, 79]","[-206, -71]","[-56, -71]","[94, -71]","[244, -71]","[-206, -221]","[-56, -221]","[94, -221]","[244, -221]","[100, 100]","[100, 100]","[100, 100]","[100, 100]","[100, 100]","[100, 100]","[100, 100]","[100, 100]","[100, 100]","[100, 100]","[100, 100]","[100, 100]","[100, 100]","[100, 100]","[100, 100]","[100, 100]",ok.png,"[0, -375]","[150, 100]",319,tray,16,1,m,1,1,1,1,0,0,0,0,0,0,0,2.46558880806,2.465588808059692,0,-185,-185,-227,-227,1,1,0,0,0,0,0,0,0,1.66605961323,1.666059613227844,0,22,22,-390,-390,308
06.png,11.png,01.png,28.png,12.png,17.png,19.png,34.png,15.png,30.png,08.png,tray1.png,31.png,21.png,32.png,03.png,"[-240, 244]","[-90, 244]","[60, 244]","[210, 244]","[-240, 94]","[-90, 94]","[60, 94]","[210, 94]","[-240, -56]","[-90, -56]","[60, -56]","[210, -56]","[-240, -206]","[-90, -206]","[60, -206]","[210, -206]","[100, 100]","[100, 100]","[100, 100]","[100, 100]","[100, 100]","[100, 100]","[100, 100]","[100, 100]","[100, 100]","[100, 100]","[100, 100]","[100, 100]","[100, 100]","[100, 100]","[100, 100]","[100, 100]",ok.png,"[0, -375]","[150, 100]",320,tray,16,1,m,1,1,1,1,0,0,0,0,0,0,0,1.13150036335,1.131500363349915,0,205,205,-47,-47,1,1,0,0,0,0,0,0,0,2.7825756073,2.782575607299805,0,8,8,-379,-379,280
09.png,03.png,12.png,04.png,32.png,31.png,24.png,27.png,07.png,09.png,tray1.png,10.png,13.png,16.png,22.png,28.png,"[-249, 209]","[-99, 209]","[51, 209]","[201, 209]","[-249, 59]","[-99, 59]","[51, 59]","[201, 59]","[-249, -91]","[-99, -91]","[51, -91]","[201, -91]","[-249, -241]","[-99, -241]","[51, -241]","[201, -241]","[100, 100]","[100, 100]","[100, 100]","[100, 100]","[100, 100]","[100, 100]","[100, 100]","[100, 100]","[100, 100]","[100, 100]","[100, 100]","[100, 100]","[100, 100]","[100, 100]","[100, 100]","[100, 100]",ok.png,"[0, -375]","[150, 100]",321,tray,16,1,m,1,1,1,1,0,0,0,0,0,0,0,0.965550661087,0.965550661087036,0,60,60,-81,-81,1,1,0,0,0,0,0,0,0,1.76603877544,1.766038775444031,0,26,26,-374,-374,292
18.png,14.png,25.png,12.png,33.png,19.png,05.png,08.png,01.png,tray1.png,07.png,10.png,34.png,20.png,26.png,30.png,"[-220, 203]","[-70, 203]","[80, 203]","[230, 203]","[-220, 53]","[-70, 53]","[80, 53]","[230, 53]","[-220, -97]","[-70, -97]","[80, -97]","[230, -97]","[-220, -247]","[-70, -247]","[80, -247]","[230, -247]","[100, 100]","[100, 100]","[100, 100]","[100, 100]","[100, 100]","[100, 100]","[100, 100]","[100, 100]","[100, 100]","[100, 100]","[100, 100]","[100, 100]","[100, 100]","[100, 100]","[100, 100]","[100, 100]",ok.png,"[0, -375]","[150, 100]",322,tray,16,1,m,1,1,1,1,0,0,0,0,0,0,0,1.96606183052,1.96606183052063,0,-74,-74,-114,-114,1,1,0,0,0,0,0,0,0,3.59937047958,3.59937047958374,0,35,35,-386,-386,37
11.png,13.png,17.png,18.png,21.png,14.png,25.png,09.png,tray1.png,02.png,04.png,30.png,26.png,24.png,33.png,01.png,"[-225, 248]","[-75, 248]","[75, 248]","[225, 248]","[-225, 98]","[-75, 98]","[75, 98]","[225, 98]","[-225, -52]","[-75, -52]","[75, -52]","[225, -52]","[-225, -202]","[-75, -202]","[75, -202]","[225, -202]","[100, 100]","[100, 100]","[100, 100]","[100, 100]","[100, 100]","[100, 100]","[100, 100]","[100, 100]","[100, 100]","[100, 100]","[100, 100]","[100, 100]","[100, 100]","[100, 100]","[100, 100]","[100, 100]",ok.png,"[0, -375]","[150, 100]",323,tray,16,1,m,1,1,1,1,0,0,0,0,0,0,0,1.64890050888,1.648900508880615,0,-202,-202,-63,-63,1,1,0,0,0,0,0,0,0,0.666077852249,0.6660778522491455,0,-36,-36,-362,-362,323
08.png,14.png,10.png,20.png,11.png,07.png,22.png,tray1.png,18.png,31.png,26.png,30.png,09.png,29.png,03.png,19.png,"[-229, 218]","[-79, 218]","[71, 218]","[221, 218]","[-229, 68]","[-79, 68]","[71, 68]","[221, 68]","[-229, -82]","[-79, -82]","[71, -82]","[221, -82]","[-229, -232]","[-79, -232]","[71, -232]","[221, -232]","[100, 100]","[100, 100]","[100, 100]","[100, 100]","[100, 100]","[100, 100]","[100, 100]","[100, 100]","[100, 100]","[100, 100]","[100, 100]","[100, 100]","[100, 100]","[100, 100]","[100, 100]","[100, 100]",ok.png,"[0, -375]","[150, 100]",324,tray,16,1,m,1,1,1,1,0,0,0,0,0,0,0,0.782250404358,0.7822504043579102,0,195,195,81,81,1,1,0,0,0,0,0,0,0,1.59925675392,1.599256753921509,0,-5,-5,-371,-371,224
31.png,03.png,13.png,11.png,23.png,21.png,tray1.png,30.png,33.png,15.png,14.png,05.png,19.png,32.png,29.png,26.png,"[-234, 222]","[-84, 222]","[66, 222]","[216, 222]","[-234, 72]","[-84, 72]","[66, 72]","[216, 72]","[-234, -78]","[-84, -78]","[66, -78]","[216, -78]","[-234, -228]","[-84, -228]","[66, -228]","[216, -228]","[100, 100]","[100, 100]","[100, 100]","[100, 100]","[100, 100]","[100, 100]","[100, 100]","[100, 100]","[100, 100]","[100, 100]","[100, 100]","[100, 100]","[100, 100]","[100, 100]","[100, 100]","[100, 100]",ok.png,"[0, -375]","[150, 100]",325,tray,16,1,m,1,1,1,1,0,0,0,0,0,0,0,1.04868519306,1.048685193061829,0,51,51,55,55,1,1,0,0,0,0,0,0,0,2.44948506355,2.449485063552856,0,20,20,-371,-371,263
15.png,14.png,13.png,12.png,11.png,10.png,09.png,08.png,07.png,06.png,05.png,04.png,03.png,02.png,01.png,tray2.png,"[-209, 239]","[-59, 239]","[91, 239]","[241, 239]","[-209, 89]","[-59, 89]","[91, 89]","[241, 89]","[-209, -61]","[-59, -61]","[91, -61]","[241, -61]","[-209, -211]","[-59, -211]","[91, -211]","[241, -211]","[100, 100]","[100, 100]","[100, 100]","[100, 100]","[100, 100]","[100, 100]","[100, 100]","[100, 100]","[100, 100]","[100, 100]","[100, 100]","[100, 100]","[100, 100]","[100, 100]","[100, 100]","[100, 100]",ok.png,"[0, -375]","[150, 100]",326,tray,16,1,m,1,1,1,1,0,0,0,0,0,0,0,1.36563313007,1.365633130073547,0,212,212,-225,-225,1,1,0,0,0,0,0,0,0,2.58278274536,2.582782745361328,0,33,33,-360,-360,294
23.png,22.png,31.png,32.png,33.png,34.png,14.png,15.png,13.png,12.png,11.png,10.png,01.png,09.png,tray2.png,08.png,"[-206, 226]","[-56, 226]","[94, 226]","[244, 226]","[-206, 76]","[-56, 76]","[94, 76]","[244, 76]","[-206, -74]","[-56, -74]","[94, -74]","[244, -74]","[-206, -224]","[-56, -224]","[94, -224]","[244, -224]","[100, 100]","[100, 100]","[100, 100]","[100, 100]","[100, 100]","[100, 100]","[100, 100]","[100, 100]","[100, 100]","[100, 100]","[100, 100]","[100, 100]","[100, 100]","[100, 100]","[100, 100]","[100, 100]",ok.png,"[0, -375]","[150, 100]",327,tray,16,1,m,1,1,1,1,0,0,0,0,0,0,0,2.13212919235,2.132129192352295,0,95,95,-210,-210,1,1,0,0,0,0,0,0,0,3.44957876205,3.449578762054443,0,-13,-13,-375,-375,430
27.png,30.png,25.png,24.png,23.png,22.png,21.png,20.png,19.png,18.png,17.png,16.png,15.png,tray2.png,06.png,05.png,"[-232, 226]","[-82, 226]","[68, 226]","[218, 226]","[-232, 76]","[-82, 76]","[68, 76]","[218, 76]","[-232, -74]","[-82, -74]","[68, -74]","[218, -74]","[-232, -224]","[-82, -224]","[68, -224]","[218, -224]","[100, 100]","[100, 100]","[100, 100]","[100, 100]","[100, 100]","[100, 100]","[100, 100]","[100, 100]","[100, 100]","[100, 100]","[100, 100]","[100, 100]","[100, 100]","[100, 100]","[100, 100]","[100, 100]",ok.png,"[0, -375]","[150, 100]",328,tray,16,1,m,1,1,1,1,0,0,0,0,0,0,0,1.36578047276,1.365780472755432,0,-74,-74,-210,-210,1,1,0,0,0,0,0,0,0,0.89935529232,0.8993552923202515,0,-3,-3,-373,-373,316
33.png,32.png,30.png,29.png,08.png,02.png,31.png,27.png,26.png,28.png,12.png,03.png,tray2.png,24.png,23.png,22.png,"[-237, 217]","[-87, 217]","[63, 217]","[213, 217]","[-237, 67]","[-87, 67]","[63, 67]","[213, 67]","[-237, -83]","[-87, -83]","[63, -83]","[213, -83]","[-237, -233]","[-87, -233]","[63, -233]","[213, -233]","[100, 100]","[100, 100]","[100, 100]","[100, 100]","[100, 100]","[100, 100]","[100, 100]","[100, 100]","[100, 100]","[100, 100]","[100, 100]","[100, 100]","[100, 100]","[100, 100]","[100, 100]","[100, 100]",ok.png,"[0, -375]","[150, 100]",329,tray,16,1,m,1,1,1,1,0,0,0,0,0,0,0,1.38229703903,1.382297039031982,0,-244,-244,-217,-217,1,1,0,0,0,0,0,0,0,1.11624109745,1.116241097450256,0,6,6,-369,-369,399
28.png,26.png,24.png,22.png,01.png,34.png,33.png,32.png,31.png,30.png,29.png,tray2.png,08.png,06.png,04.png,02.png,"[-216, 234]","[-66, 234]","[84, 234]","[234, 234]","[-216, 84]","[-66, 84]","[84, 84]","[234, 84]","[-216, -66]","[-66, -66]","[84, -66]","[234, -66]","[-216, -216]","[-66, -216]","[84, -216]","[234, -216]","[100, 100]","[100, 100]","[100, 100]","[100, 100]","[100, 100]","[100, 100]","[100, 100]","[100, 100]","[100, 100]","[100, 100]","[100, 100]","[100, 100]","[100, 100]","[100, 100]","[100, 100]","[100, 100]",ok.png,"[0, -375]","[150, 100]",330,tray,16,1,m,1,1,1,1,0,0,0,0,0,0,0,2.09907221794,2.099072217941284,0,194,194,-84,-84,1,1,0,0,0,0,0,0,0,1.56579184532,1.565791845321655,0,-35,-35,-378,-378,182
32.png,30.png,23.png,17.png,29.png,09.png,15.png,06.png,26.png,11.png,tray2.png,04.png,27.png,07.png,34.png,01.png,"[-211, 250]","[-61, 250]","[89, 250]","[239, 250]","[-211, 100]","[-61, 100]","[89, 100]","[239, 100]","[-211, -50]","[-61, -50]","[89, -50]","[239, -50]","[-211, -200]","[-61, -200]","[89, -200]","[239, -200]","[100, 100]","[100, 100]","[100, 100]","[100, 100]","[100, 100]","[100, 100]","[100, 100]","[100, 100]","[100, 100]","[100, 100]","[100, 100]","[100, 100]","[100, 100]","[100, 100]","[100, 100]","[100, 100]",ok.png,"[0, -375]","[150, 100]",331,tray,16,1,m,1,1,1,1,0,0,0,0,0,0,0,0.998993933201,0.9989939332008362,0,73,73,-61,-61,1,1,0,0,0,0,0,0,0,2.3492937088,2.34929370880127,0,12,12,-386,-386,270
17.png,09.png,22.png,06.png,27.png,13.png,14.png,18.png,25.png,tray2.png,03.png,07.png,05.png,02.png,24.png,12.png,"[-237, 200]","[-87, 200]","[63, 200]","[213, 200]","[-237, 50]","[-87, 50]","[63, 50]","[213, 50]","[-237, -100]","[-87, -100]","[63, -100]","[213, -100]","[-237, -250]","[-87, -250]","[63, -250]","[213, -250]","[100, 100]","[100, 100]","[100, 100]","[100, 100]","[100, 100]","[100, 100]","[100, 100]","[100, 100]","[100, 100]","[100, 100]","[100, 100]","[100, 100]","[100, 100]","[100, 100]","[100, 100]","[100, 100]",ok.png,"[0, -375]","[150, 100]",332,tray,16,1,m,1,1,1,1,0,0,0,0,0,0,0,1.61518764496,1.615187644958496,0,-50,-50,-86,-86,1,1,0,0,0,0,0,0,0,2.54965186119,2.549651861190796,0,-14,-14,-358,-358,132
22.png,33.png,01.png,09.png,31.png,25.png,17.png,30.png,tray2.png,27.png,15.png,20.png,07.png,33.png,05.png,13.png,"[-206, 206]","[-56, 206]","[94, 206]","[244, 206]","[-206, 56]","[-56, 56]","[94, 56]","[244, 56]","[-206, -94]","[-56, -94]","[94, -94]","[244, -94]","[-206, -244]","[-56, -244]","[94, -244]","[244, -244]","[100, 100]","[100, 100]","[100, 100]","[100, 100]","[100, 100]","[100, 100]","[100, 100]","[100, 100]","[100, 100]","[100, 100]","[100, 100]","[100, 100]","[100, 100]","[100, 100]","[100, 100]","[100, 100]",ok.png,"[0, -375]","[150, 100]",333,tray,16,1,m,1,1,1,1,0,0,0,0,0,0,0,2.66535329819,2.665353298187256,0,-201,-201,-96,-96,1,1,0,0,0,0,0,0,0,3.14973306656,3.149733066558838,0,-1,-1,-364,-364,51
33.png,31.png,25.png,21.png,27.png,23.png,29.png,tray2.png,06.png,04.png,08.png,02.png,16.png,13.png,10.png,07.png,"[-240, 221]","[-90, 221]","[60, 221]","[210, 221]","[-240, 71]","[-90, 71]","[60, 71]","[210, 71]","[-240, -79]","[-90, -79]","[60, -79]","[210, -79]","[-240, -229]","[-90, -229]","[60, -229]","[210, -229]","[100, 100]","[100, 100]","[100, 100]","[100, 100]","[100, 100]","[100, 100]","[100, 100]","[100, 100]","[100, 100]","[100, 100]","[100, 100]","[100, 100]","[100, 100]","[100, 100]","[100, 100]","[100, 100]",ok.png,"[0, -375]","[150, 100]",334,tray,16,1,m,1,1,1,1,0,0,0,0,0,0,0,1.01530396938,1.01530396938324,0,211,211,92,92,1,1,0,0,0,0,0,0,0,2.71655535698,2.71655535697937,0,0,0,-374,-374,187
30.png,32.png,27.png,21.png,26.png,24.png,tray2.png,22.png,20.png,18.png,16.png,14.png,03.png,05.png,07.png,09.png,"[-223, 243]","[-73, 243]","[77, 243]","[227, 243]","[-223, 93]","[-73, 93]","[77, 93]","[227, 93]","[-223, -57]","[-73, -57]","[77, -57]","[227, -57]","[-223, -207]","[-73, -207]","[77, -207]","[227, -207]","[100, 100]","[100, 100]","[100, 100]","[100, 100]","[100, 100]","[100, 100]","[100, 100]","[100, 100]","[100, 100]","[100, 100]","[100, 100]","[100, 100]","[100, 100]","[100, 100]","[100, 100]","[100, 100]",ok.png,"[0, -375]","[150, 100]",335,tray,16,1,m,1,1,1,1,0,0,0,0,0,0,0,0.982323765755,0.9823237657546996,0,84,84,105,105,1,1,0,0,0,0,0,0,0,3.94922757149,3.949227571487427,0,-5,-5,-367,-367,113
01.png,18.png,27.png,24.png,21.png,tray2.png,19.png,16.png,32.png,34.png,10.png,13.png,31.png,33.png,14.png,05.png,"[-241, 240]","[-91, 240]","[59, 240]","[209, 240]","[-241, 90]","[-91, 90]","[59, 90]","[209, 90]","[-241, -60]","[-91, -60]","[59, -60]","[209, -60]","[-241, -210]","[-91, -210]","[59, -210]","[209, -210]","[100, 100]","[100, 100]","[100, 100]","[100, 100]","[100, 100]","[100, 100]","[100, 100]","[100, 100]","[100, 100]","[100, 100]","[100, 100]","[100, 100]","[100, 100]","[100, 100]","[100, 100]","[100, 100]",ok.png,"[0, -375]","[150, 100]",336,tray,16,1,m,1,1,1,1,0,0,0,0,0,0,0,4.31574392319,4.315743923187256,0,-86,-86,77,77,1,1,0,0,0,0,0,0,0,1.49949896336,1.499498963356018,0,47,47,-361,-361,157
34.png,27.png,08.png,18.png,tray2.png,11.png,16.png,21.png,17.png,04.png,24.png,09.png,25.png,20.png,15.png,10.png,"[-238, 200]","[-88, 200]","[62, 200]","[212, 200]","[-238, 50]","[-88, 50]","[62, 50]","[212, 50]","[-238, -100]","[-88, -100]","[62, -100]","[212, -100]","[-238, -250]","[-88, -250]","[62, -250]","[212, -250]","[100, 100]","[100, 100]","[100, 100]","[100, 100]","[100, 100]","[100, 100]","[100, 100]","[100, 100]","[100, 100]","[100, 100]","[100, 100]","[100, 100]","[100, 100]","[100, 100]","[100, 100]","[100, 100]",ok.png,"[0, -375]","[150, 100]",337,tray,16,1,m,1,1,1,1,0,0,0,0,0,0,0,1.31560111046,1.315601110458374,0,-241,-241,52,52,1,1,0,0,0,0,0,0,0,2.61609959602,2.61609959602356,0,-8,-8,-381,-381,291
04.png,02.png,05.png,tray2.png,08.png,07.png,01.png,03.png,26.png,29.png,32.png,28.png,24.png,20.png,10.png,16.png,"[-243, 223]","[-93, 223]","[57, 223]","[207, 223]","[-243, 73]","[-93, 73]","[57, 73]","[207, 73]","[-243, -77]","[-93, -77]","[57, -77]","[207, -77]","[-243, -227]","[-93, -227]","[57, -227]","[207, -227]","[100, 100]","[100, 100]","[100, 100]","[100, 100]","[100, 100]","[100, 100]","[100, 100]","[100, 100]","[100, 100]","[100, 100]","[100, 100]","[100, 100]","[100, 100]","[100, 100]","[100, 100]","[100, 100]",ok.png,"[0, -375]","[150, 100]",338,tray,16,1,m,1,1,1,1,0,0,0,0,0,0,0,1.6323672533,1.632367253303528,0,198,198,212,212,1,1,0,0,0,0,0,0,0,0.616042375565,0.6160423755645752,0,6,6,-357,-357,251
01.png,12.png,tray2.png,23.png,10.png,02.png,28.png,13.png,08.png,33.png,03.png,15.png,16.png,06.png,17.png,29.png,"[-241, 208]","[-91, 208]","[59, 208]","[209, 208]","[-241, 58]","[-91, 58]","[59, 58]","[209, 58]","[-241, -92]","[-91, -92]","[59, -92]","[209, -92]","[-241, -242]","[-91, -242]","[59, -242]","[209, -242]","[100, 100]","[100, 100]","[100, 100]","[100, 100]","[100, 100]","[100, 100]","[100, 100]","[100, 100]","[100, 100]","[100, 100]","[100, 100]","[100, 100]","[100, 100]","[100, 100]","[100, 100]","[100, 100]",ok.png,"[0, -375]","[150, 100]",339,tray,16,1,m,1,1,1,1,0,0,0,0,0,0,0,2.41550850868,2.415508508682251,0,56,56,216,216,1,1,0,0,0,0,0,0,0,1.59938299656,1.599382996559143,0,0,0,-379,-379,193
24.png,tray2.png,03.png,07.png,13.png,17.png,23.png,27.png,33.png,04.png,06.png,14.png,16.png,08.png,30.png,32.png,"[-217, 236]","[-67, 236]","[83, 236]","[233, 236]","[-217, 86]","[-67, 86]","[83, 86]","[233, 86]","[-217, -64]","[-67, -64]","[83, -64]","[233, -64]","[-217, -214]","[-67, -214]","[83, -214]","[233, -214]","[100, 100]","[100, 100]","[100, 100]","[100, 100]","[100, 100]","[100, 100]","[100, 100]","[100, 100]","[100, 100]","[100, 100]","[100, 100]","[100, 100]","[100, 100]","[100, 100]","[100, 100]","[100, 100]",ok.png,"[0, -375]","[150, 100]",340,tray,16,1,m,1,1,1,1,0,0,0,0,0,0,0,1.28226733208,1.282267332077026,0,-55,-55,231,231,1,1,0,0,0,0,0,0,0,2.26613283157,2.266132831573486,0,13,13,-396,-396,178
tray2.png,17.png,07.png,14.png,27.png,33.png,23.png,24.png,04.png,03.png,16.png,12.png,02.png,30.png,20.png,04.png,"[-204, 247]","[-54, 247]","[96, 247]","[246, 247]","[-204, 97]","[-54, 97]","[96, 97]","[246, 97]","[-204, -53]","[-54, -53]","[96, -53]","[246, -53]","[-204, -203]","[-54, -203]","[96, -203]","[246, -203]","[100, 100]","[100, 100]","[100, 100]","[100, 100]","[100, 100]","[100, 100]","[100, 100]","[100, 100]","[100, 100]","[100, 100]","[100, 100]","[100, 100]","[100, 100]","[100, 100]","[100, 100]","[100, 100]",ok.png,"[0, -375]","[150, 100]",341,tray,16,1,m,1,1,1,1,0,0,0,0,0,0,0,11.3987436295,11.39874362945557,0,-177,-177,231,231,1,1,0,0,0,0,0,0,0,0.882983267307,0.8829832673072815,0,-28,-28,-390,-390,26
18.png,tray2.png,04.png,13.png,31.png,16.png,22.png,12.png,11.png,32.png,02.png,25.png,09.png,29.png,19.png,03.png,"[-235, 205]","[-85, 205]","[65, 205]","[215, 205]","[-235, 55]","[-85, 55]","[65, 55]","[215, 55]","[-235, -95]","[-85, -95]","[65, -95]","[215, -95]","[-235, -245]","[-85, -245]","[65, -245]","[215, -245]","[100, 100]","[100, 100]","[100, 100]","[100, 100]","[100, 100]","[100, 100]","[100, 100]","[100, 100]","[100, 100]","[100, 100]","[100, 100]","[100, 100]","[100, 100]","[100, 100]","[100, 100]","[100, 100]",ok.png,"[0, -375]","[150, 100]",342,tray,16,1,m,1,1,1,1,0,0,0,0,0,0,0,1.81545901299,1.815459012985229,0,-84,-84,215,215,1,1,0,0,0,0,0,0,0,3.83307528496,3.833075284957886,0,-17,-17,-364,-364,86
15.png,08.png,tray2.png,03.png,25.png,28.png,27.png,01.png,23.png,07.png,30.png,21.png,05.png,11.png,13.png,16.png,"[-247, 231]","[-97, 231]","[53, 231]","[203, 231]","[-247, 81]","[-97, 81]","[53, 81]","[203, 81]","[-247, -69]","[-97, -69]","[53, -69]","[203, -69]","[-247, -219]","[-97, -219]","[53, -219]","[203, -219]","[100, 100]","[100, 100]","[100, 100]","[100, 100]","[100, 100]","[100, 100]","[100, 100]","[100, 100]","[100, 100]","[100, 100]","[100, 100]","[100, 100]","[100, 100]","[100, 100]","[100, 100]","[100, 100]",ok.png,"[0, -375]","[150, 100]",343,tray,16,1,m,1,1,1,1,0,0,0,0,0,0,0,1.2490439415,1.249043941497803,0,39,39,212,212,1,1,0,0,0,0,0,0,0,6.79951667786,6.799516677856445,0,22,22,-369,-369,410
32.png,07.png,14.png,tray2.png,23.png,02.png,09.png,29.png,28.png,16.png,05.png,20.png,17.png,15.png,21.png,06.png,"[-249, 209]","[-99, 209]","[51, 209]","[201, 209]","[-249, 59]","[-99, 59]","[51, 59]","[201, 59]","[-249, -91]","[-99, -91]","[51, -91]","[201, -91]","[-249, -241]","[-99, -241]","[51, -241]","[201, -241]","[100, 100]","[100, 100]","[100, 100]","[100, 100]","[100, 100]","[100, 100]","[100, 100]","[100, 100]","[100, 100]","[100, 100]","[100, 100]","[100, 100]","[100, 100]","[100, 100]","[100, 100]","[100, 100]",ok.png,"[0, -375]","[150, 100]",344,tray,16,1,m,1,1,1,1,0,0,0,0,0,0,0,2.0993103981,2.099310398101807,0,199,199,186,186,1,1,0,0,0,0,0,0,0,1.99918222427,1.999182224273682,0,11,11,-351,-351,64
03.png,32.png,21.png,31.png,tray2.png,08.png,30.png,15.png,34.png,19.png,17.png,12.png,28.png,01.png,11.png,06.png,"[-248, 231]","[-98, 231]","[52, 231]","[202, 231]","[-248, 81]","[-98, 81]","[52, 81]","[202, 81]","[-248, -69]","[-98, -69]","[52, -69]","[202, -69]","[-248, -219]","[-98, -219]","[52, -219]","[202, -219]","[100, 100]","[100, 100]","[100, 100]","[100, 100]","[100, 100]","[100, 100]","[100, 100]","[100, 100]","[100, 100]","[100, 100]","[100, 100]","[100, 100]","[100, 100]","[100, 100]","[100, 100]","[100, 100]",ok.png,"[0, -375]","[150, 100]",345,tray,16,1,m,1,1,1,1,0,0,0,0,0,0,0,1.18228960037,1.182289600372314,0,-233,-233,82,82,1,1,0,0,0,0,0,0,0,3.94930744171,3.949307441711426,0,15,15,-368,-368,207
28.png,22.png,16.png,13.png,10.png,tray2.png,09.png,07.png,27.png,24.png,31.png,32.png,04.png,12.png,03.png,09.png,"[-249, 240]","[-99, 240]","[51, 240]","[201, 240]","[-249, 90]","[-99, 90]","[51, 90]","[201, 90]","[-249, -60]","[-99, -60]","[51, -60]","[201, -60]","[-249, -210]","[-99, -210]","[51, -210]","[201, -210]","[100, 100]","[100, 100]","[100, 100]","[100, 100]","[100, 100]","[100, 100]","[100, 100]","[100, 100]","[100, 100]","[100, 100]","[100, 100]","[100, 100]","[100, 100]","[100, 100]","[100, 100]","[100, 100]",ok.png,"[0, -375]","[150, 100]",346,tray,16,1,m,1,1,1,1,0,0,0,0,0,0,0,1.19878256321,1.198782563209534,0,-103,-103,101,101,1,1,0,0,0,0,0,0,0,2.43315672874,2.433156728744507,0,9,9,-376,-376,214
30.png,26.png,20.png,34.png,10.png,07.png,tray2.png,01.png,08.png,05.png,19.png,33.png,12.png,25.png,14.png,18.png,"[-235, 214]","[-85, 214]","[65, 214]","[215, 214]","[-235, 64]","[-85, 64]","[65, 64]","[215, 64]","[-235, -86]","[-85, -86]","[65, -86]","[215, -86]","[-235, -236]","[-85, -236]","[65, -236]","[215, -236]","[100, 100]","[100, 100]","[100, 100]","[100, 100]","[100, 100]","[100, 100]","[100, 100]","[100, 100]","[100, 100]","[100, 100]","[100, 100]","[100, 100]","[100, 100]","[100, 100]","[100, 100]","[100, 100]",ok.png,"[0, -375]","[150, 100]",347,tray,16,1,m,1,1,1,1,0,0,0,0,0,0,0,2.36557793617,2.365577936172485,0,46,46,55,55,1,1,0,0,0,0,0,0,0,0.416143655777,0.4161436557769775,0,30,30,-401,-401,398
01.png,33.png,24.png,26.png,30.png,04.png,02.png,tray2.png,09.png,25.png,14.png,21.png,18.png,17.png,13.png,11.png,"[-242, 213]","[-92, 213]","[58, 213]","[208, 213]","[-242, 63]","[-92, 63]","[58, 63]","[208, 63]","[-242, -87]","[-92, -87]","[58, -87]","[208, -87]","[-242, -237]","[-92, -237]","[58, -237]","[208, -237]","[100, 100]","[100, 100]","[100, 100]","[100, 100]","[100, 100]","[100, 100]","[100, 100]","[100, 100]","[100, 100]","[100, 100]","[100, 100]","[100, 100]","[100, 100]","[100, 100]","[100, 100]","[100, 100]",ok.png,"[0, -375]","[150, 100]",348,tray,16,1,m,1,1,1,1,0,0,0,0,0,0,0,4.18224573135,4.18224573135376,0,210,210,76,76,1,1,0,0,0,0,0,0,0,2.8162419796,2.816241979598999,0,-22,-22,-389,-389,2
19.png,03.png,29.png,09.png,30.png,26.png,31.png,18.png,tray2.png,22.png,07.png,11.png,20.png,10.png,14.png,08.png,"[-225, 213]","[-75, 213]","[75, 213]","[225, 213]","[-225, 63]","[-75, 63]","[75, 63]","[225, 63]","[-225, -87]","[-75, -87]","[75, -87]","[225, -87]","[-225, -237]","[-75, -237]","[75, -237]","[225, -237]","[100, 100]","[100, 100]","[100, 100]","[100, 100]","[100, 100]","[100, 100]","[100, 100]","[100, 100]","[100, 100]","[100, 100]","[100, 100]","[100, 100]","[100, 100]","[100, 100]","[100, 100]","[100, 100]",ok.png,"[0, -375]","[150, 100]",349,tray,16,1,m,1,1,1,1,0,0,0,0,0,0,0,1.93221914768,1.93221914768219,0,-252,-252,-83,-83,1,1,0,0,0,0,0,0,0,1.43309962749,1.433099627494812,0,4,4,-386,-386,261
26.png,29.png,32.png,19.png,05.png,14.png,15.png,33.png,30.png,tray2.png,21.png,23.png,11.png,13.png,03.png,31.png,"[-250, 249]","[-100, 249]","[50, 249]","[200, 249]","[-250, 99]","[-100, 99]","[50, 99]","[200, 99]","[-250, -51]","[-100, -51]","[50, -51]","[200, -51]","[-250, -201]","[-100, -201]","[50, -201]","[200, -201]","[100, 100]","[100, 100]","[100, 100]","[100, 100]","[100, 100]","[100, 100]","[100, 100]","[100, 100]","[100, 100]","[100, 100]","[100, 100]","[100, 100]","[100, 100]","[100, 100]","[100, 100]","[100, 100]",ok.png,"[0, -375]","[150, 100]",350,tray,16,1,m,1,1,1,1,0,0,0,0,0,0,0,1.48217284679,1.482172846794128,0,-110,-110,-65,-65,1,1,0,0,0,0,0,0,0,2.69924116135,2.699241161346436,0,24,24,-360,-360,110
dots1.png,01.png,02.png,03.png,04.png,05.png,06.png,07.png,08.png,09.png,10.png,11.png,12.png,13.png,14.png,15.png,"[-235, 246]","[-85, 246]","[65, 246]","[215, 246]","[-235, 96]","[-85, 96]","[65, 96]","[215, 96]","[-235, -54]","[-85, -54]","[65, -54]","[215, -54]","[-235, -204]","[-85, -204]","[65, -204]","[215, -204]","[100, 100]","[100, 100]","[100, 100]","[100, 100]","[100, 100]","[100, 100]","[100, 100]","[100, 100]","[100, 100]","[100, 100]","[100, 100]","[100, 100]","[100, 100]","[100, 100]","[100, 100]","[100, 100]",ok.png,"[0, -375]","[150, 100]",351,dots,16,2,m,1,1,1,1,0,0,0,0,0,0,0,2.41529107094,2.41529107093811,0,-246,-246,243,243,1,1,0,0,0,0,0,0,0,1.58300614357,1.583006143569946,0,7,7,-394,-394,85
08.png,dots1.png,09.png,01.png,10.png,11.png,12.png,13.png,15.png,14.png,34.png,33.png,32.png,31.png,22.png,23.png,"[-225, 223]","[-75, 223]","[75, 223]","[225, 223]","[-225, 73]","[-75, 73]","[75, 73]","[225, 73]","[-225, -77]","[-75, -77]","[75, -77]","[225, -77]","[-225, -227]","[-75, -227]","[75, -227]","[225, -227]","[100, 100]","[100, 100]","[100, 100]","[100, 100]","[100, 100]","[100, 100]","[100, 100]","[100, 100]","[100, 100]","[100, 100]","[100, 100]","[100, 100]","[100, 100]","[100, 100]","[100, 100]","[100, 100]",ok.png,"[0, -375]","[150, 100]",352,dots,16,2,m,1,1,1,1,0,0,0,0,0,0,0,1.21547150612,1.215471506118774,0,-57,-57,215,215,1,1,0,0,0,0,0,0,0,2.71612215042,2.716122150421143,0,5,5,-397,-397,43
05.png,06.png,dots1.png,15.png,16.png,17.png,18.png,19.png,20.png,21.png,22.png,23.png,24.png,25.png,30.png,27.png,"[-226, 234]","[-76, 234]","[74, 234]","[224, 234]","[-226, 84]","[-76, 84]","[74, 84]","[224, 84]","[-226, -66]","[-76, -66]","[74, -66]","[224, -66]","[-226, -216]","[-76, -216]","[74, -216]","[224, -216]","[100, 100]","[100, 100]","[100, 100]","[100, 100]","[100, 100]","[100, 100]","[100, 100]","[100, 100]","[100, 100]","[100, 100]","[100, 100]","[100, 100]","[100, 100]","[100, 100]","[100, 100]","[100, 100]",ok.png,"[0, -375]","[150, 100]",353,dots,16,2,m,1,1,1,1,0,0,0,0,0,0,0,2.79922866821,2.799228668212891,0,65,65,242,242,1,1,0,0,0,0,0,0,0,2.01603579521,2.016035795211792,0,8,8,-368,-368,135
22.png,23.png,24.png,dots1.png,03.png,12.png,25.png,26.png,02.png,08.png,27.png,28.png,29.png,30.png,31.png,32.png,"[-241, 225]","[-91, 225]","[59, 225]","[209, 225]","[-241, 75]","[-91, 75]","[59, 75]","[209, 75]","[-241, -75]","[-91, -75]","[59, -75]","[209, -75]","[-241, -225]","[-91, -225]","[59, -225]","[209, -225]","[100, 100]","[100, 100]","[100, 100]","[100, 100]","[100, 100]","[100, 100]","[100, 100]","[100, 100]","[100, 100]","[100, 100]","[100, 100]","[100, 100]","[100, 100]","[100, 100]","[100, 100]","[100, 100]",ok.png,"[0, -375]","[150, 100]",354,dots,16,2,m,1,1,1,1,0,0,0,0,0,0,0,1.79901635647,1.799016356468201,0,241,241,211,211,1,1,0,0,0,0,0,0,0,8.76612758636,8.766127586364746,0,17,17,-358,-358,31
02.png,04.png,06.png,08.png,dots1.png,29.png,30.png,31.png,32.png,33.png,34.png,01.png,22.png,24.png,26.png,28.png,"[-247, 209]","[-97, 209]","[53, 209]","[203, 209]","[-247, 59]","[-97, 59]","[53, 59]","[203, 59]","[-247, -91]","[-97, -91]","[53, -91]","[203, -91]","[-247, -241]","[-97, -241]","[53, -241]","[203, -241]","[100, 100]","[100, 100]","[100, 100]","[100, 100]","[100, 100]","[100, 100]","[100, 100]","[100, 100]","[100, 100]","[100, 100]","[100, 100]","[100, 100]","[100, 100]","[100, 100]","[100, 100]","[100, 100]",ok.png,"[0, -375]","[150, 100]",355,dots,16,2,m,1,1,1,1,0,0,0,0,0,0,0,0.832354724407,0.832354724407196,0,-254,-254,74,74,1,1,0,0,0,0,0,0,0,3.33311891556,3.333118915557861,0,-12,-12,-348,-348,312
01.png,34.png,07.png,27.png,04.png,dots1.png,11.png,26.png,06.png,15.png,09.png,29.png,17.png,23.png,30.png,32.png,"[-204, 231]","[-54, 231]","[96, 231]","[246, 231]","[-204, 81]","[-54, 81]","[96, 81]","[246, 81]","[-204, -69]","[-54, -69]","[96, -69]","[246, -69]","[-204, -219]","[-54, -219]","[96, -219]","[246, -219]","[100, 100]","[100, 100]","[100, 100]","[100, 100]","[100, 100]","[100, 100]","[100, 100]","[100, 100]","[100, 100]","[100, 100]","[100, 100]","[100, 100]","[100, 100]","[100, 100]","[100, 100]","[100, 100]",ok.png,"[0, -375]","[150, 100]",356,dots,16,2,m,1,1,1,1,0,0,0,0,0,0,0,0.931564390659,0.9315643906593324,0,-47,-47,93,93,1,1,0,0,0,0,0,0,0,3.29966878891,3.299668788909912,0,-3,-3,-381,-381,295
12.png,24.png,02.png,05.png,07.png,03.png,dots1.png,25.png,18.png,14.png,13.png,27.png,06.png,22.png,09.png,17.png,"[-201, 237]","[-51, 237]","[99, 237]","[249, 237]","[-201, 87]","[-51, 87]","[99, 87]","[249, 87]","[-201, -63]","[-51, -63]","[99, -63]","[249, -63]","[-201, -213]","[-51, -213]","[99, -213]","[249, -213]","[100, 100]","[100, 100]","[100, 100]","[100, 100]","[100, 100]","[100, 100]","[100, 100]","[100, 100]","[100, 100]","[100, 100]","[100, 100]","[100, 100]","[100, 100]","[100, 100]","[100, 100]","[100, 100]",ok.png,"[0, -375]","[150, 100]",357,dots,16,2,m,1,1,1,1,0,0,0,0,0,0,0,1.5488461256,1.548846125602722,0,83,83,64,64,1,1,0,0,0,0,0,0,0,1.09961843491,1.099618434906006,0,6,6,-364,-364,400
13.png,05.png,33.png,07.png,20.png,15.png,27.png,dots1.png,30.png,17.png,25.png,31.png,09.png,01.png,33.png,22.png,"[-215, 206]","[-65, 206]","[85, 206]","[235, 206]","[-215, 56]","[-65, 56]","[85, 56]","[235, 56]","[-215, -94]","[-65, -94]","[85, -94]","[235, -94]","[-215, -244]","[-65, -244]","[85, -244]","[235, -244]","[100, 100]","[100, 100]","[100, 100]","[100, 100]","[100, 100]","[100, 100]","[100, 100]","[100, 100]","[100, 100]","[100, 100]","[100, 100]","[100, 100]","[100, 100]","[100, 100]","[100, 100]","[100, 100]",ok.png,"[0, -375]","[150, 100]",358,dots,16,2,m,1,1,1,1,0,0,0,0,0,0,0,0.915607631207,0.9156076312065125,0,229,229,55,55,1,1,0,0,0,0,0,0,0,3.78283381462,3.782833814620972,0,1,1,-393,-393,363
07.png,10.png,13.png,16.png,02.png,08.png,04.png,06.png,dots1.png,29.png,23.png,27.png,21.png,25.png,31.png,33.png,"[-205, 232]","[-55, 232]","[95, 232]","[245, 232]","[-205, 82]","[-55, 82]","[95, 82]","[245, 82]","[-205, -68]","[-55, -68]","[95, -68]","[245, -68]","[-205, -218]","[-55, -218]","[95, -218]","[245, -218]","[100, 100]","[100, 100]","[100, 100]","[100, 100]","[100, 100]","[100, 100]","[100, 100]","[100, 100]","[100, 100]","[100, 100]","[100, 100]","[100, 100]","[100, 100]","[100, 100]","[100, 100]","[100, 100]",ok.png,"[0, -375]","[150, 100]",359,dots,16,2,m,1,1,1,1,0,0,0,0,0,0,0,1.21562790871,1.215627908706665,0,-186,-186,-75,-75,1,1,0,0,0,0,0,0,0,1.69936525822,1.699365258216858,0,30,30,-377,-377,235
09.png,07.png,05.png,03.png,14.png,16.png,18.png,20.png,22.png,dots1.png,24.png,26.png,21.png,27.png,32.png,30.png,"[-218, 218]","[-68, 218]","[82, 218]","[232, 218]","[-218, 68]","[-68, 68]","[82, 68]","[232, 68]","[-218, -82]","[-68, -82]","[82, -82]","[232, -82]","[-218, -232]","[-68, -232]","[82, -232]","[232, -232]","[100, 100]","[100, 100]","[100, 100]","[100, 100]","[100, 100]","[100, 100]","[100, 100]","[100, 100]","[100, 100]","[100, 100]","[100, 100]","[100, 100]","[100, 100]","[100, 100]","[100, 100]","[100, 100]",ok.png,"[0, -375]","[150, 100]",360,dots,16,2,m,1,1,1,1,0,0,0,0,0,0,0,1.49909925461,1.499099254608154,0,-49,-49,-97,-97,1,1,0,0,0,0,0,0,0,4.71616363525,4.716163635253906,0,26,26,-376,-376,53
05.png,14.png,33.png,31.png,13.png,10.png,34.png,32.png,16.png,19.png,dots1.png,21.png,24.png,27.png,18.png,01.png,"[-222, 206]","[-72, 206]","[78, 206]","[228, 206]","[-222, 56]","[-72, 56]","[78, 56]","[228, 56]","[-222, -94]","[-72, -94]","[78, -94]","[228, -94]","[-222, -244]","[-72, -244]","[78, -244]","[228, -244]","[100, 100]","[100, 100]","[100, 100]","[100, 100]","[100, 100]","[100, 100]","[100, 100]","[100, 100]","[100, 100]","[100, 100]","[100, 100]","[100, 100]","[100, 100]","[100, 100]","[100, 100]","[100, 100]",ok.png,"[0, -375]","[150, 100]",361,dots,16,2,m,1,1,1,1,0,0,0,0,0,0,0,1.19901776314,1.199017763137817,0,61,61,-85,-85,1,1,0,0,0,0,0,0,0,2.08275079727,2.082750797271729,0,-18,-18,-351,-351,210
10.png,15.png,20.png,25.png,09.png,24.png,04.png,17.png,21.png,16.png,11.png,dots1.png,18.png,08.png,27.png,34.png,"[-247, 224]","[-97, 224]","[53, 224]","[203, 224]","[-247, 74]","[-97, 74]","[53, 74]","[203, 74]","[-247, -76]","[-97, -76]","[53, -76]","[203, -76]","[-247, -226]","[-97, -226]","[53, -226]","[203, -226]","[100, 100]","[100, 100]","[100, 100]","[100, 100]","[100, 100]","[100, 100]","[100, 100]","[100, 100]","[100, 100]","[100, 100]","[100, 100]","[100, 100]","[100, 100]","[100, 100]","[100, 100]","[100, 100]",ok.png,"[0, -375]","[150, 100]",362,dots,16,2,m,1,1,1,1,0,0,0,0,0,0,0,0.965490043163,0.9654900431632996,0,188,188,-85,-85,1,1,0,0,0,0,0,0,0,3.23278594017,3.232785940170288,0,16,16,-373,-373,196
16.png,10.png,20.png,24.png,28.png,32.png,29.png,26.png,03.png,01.png,07.png,08.png,dots1.png,05.png,02.png,04.png,"[-214, 208]","[-64, 208]","[86, 208]","[236, 208]","[-214, 58]","[-64, 58]","[86, 58]","[236, 58]","[-214, -92]","[-64, -92]","[86, -92]","[236, -92]","[-214, -242]","[-64, -242]","[86, -242]","[236, -242]","[100, 100]","[100, 100]","[100, 100]","[100, 100]","[100, 100]","[100, 100]","[100, 100]","[100, 100]","[100, 100]","[100, 100]","[100, 100]","[100, 100]","[100, 100]","[100, 100]","[100, 100]","[100, 100]",ok.png,"[0, -375]","[150, 100]",363,dots,16,2,m,1,1,1,1,0,0,0,0,0,0,0,1.14885151386,1.14885151386261,0,-200,-200,-231,-231,1,1,0,0,0,0,0,0,0,2.08290958405,2.08290958404541,0,13,13,-360,-360,425
29.png,17.png,06.png,16.png,15.png,03.png,33.png,08.png,13.png,28.png,02.png,10.png,23.png,dots1.png,12.png,01.png,"[-200, 201]","[-50, 201]","[100, 201]","[250, 201]","[-200, 51]","[-50, 51]","[100, 51]","[250, 51]","[-200, -99]","[-50, -99]","[100, -99]","[250, -99]","[-200, -249]","[-50, -249]","[100, -249]","[250, -249]","[100, 100]","[100, 100]","[100, 100]","[100, 100]","[100, 100]","[100, 100]","[100, 100]","[100, 100]","[100, 100]","[100, 100]","[100, 100]","[100, 100]","[100, 100]","[100, 100]","[100, 100]","[100, 100]",ok.png,"[0, -375]","[150, 100]",364,dots,16,2,m,1,1,1,1,0,0,0,0,0,0,0,1.18180346489,1.181803464889526,0,-44,-44,-237,-237,1,1,0,0,0,0,0,0,0,4.16625785828,4.166257858276367,0,16,16,-392,-392,101
32.png,30.png,08.png,16.png,14.png,06.png,04.png,33.png,27.png,23.png,17.png,13.png,07.png,03.png,dots1.png,24.png,"[-233, 208]","[-83, 208]","[67, 208]","[217, 208]","[-233, 58]","[-83, 58]","[67, 58]","[217, 58]","[-233, -92]","[-83, -92]","[67, -92]","[217, -92]","[-233, -242]","[-83, -242]","[67, -242]","[217, -242]","[100, 100]","[100, 100]","[100, 100]","[100, 100]","[100, 100]","[100, 100]","[100, 100]","[100, 100]","[100, 100]","[100, 100]","[100, 100]","[100, 100]","[100, 100]","[100, 100]","[100, 100]","[100, 100]",ok.png,"[0, -375]","[150, 100]",365,dots,16,2,m,1,1,1,1,0,0,0,0,0,0,0,1.4655175209,1.465517520904541,0,63,63,-228,-228,1,1,0,0,0,0,0,0,0,2.43287730217,2.4328773021698,0,-4,-4,-371,-371,97
04.png,20.png,30.png,02.png,12.png,16.png,03.png,04.png,24.png,23.png,33.png,27.png,14.png,07.png,17.png,dots1.png,"[-210, 203]","[-60, 203]","[90, 203]","[240, 203]","[-210, 53]","[-60, 53]","[90, 53]","[240, 53]","[-210, -97]","[-60, -97]","[90, -97]","[240, -97]","[-210, -247]","[-60, -247]","[90, -247]","[240, -247]","[100, 100]","[100, 100]","[100, 100]","[100, 100]","[100, 100]","[100, 100]","[100, 100]","[100, 100]","[100, 100]","[100, 100]","[100, 100]","[100, 100]","[100, 100]","[100, 100]","[100, 100]","[100, 100]",ok.png,"[0, -375]","[150, 100]",366,dots,16,2,m,1,1,1,1,0,0,0,0,0,0,0,2.06549024582,2.065490245819092,0,213,213,-237,-237,1,1,0,0,0,0,0,0,0,1.6330524683,1.633052468299866,0,4,4,-392,-392,218
03.png,19.png,29.png,09.png,25.png,02.png,32.png,11.png,12.png,22.png,16.png,31.png,13.png,04.png,dots1.png,18.png,"[-201, 236]","[-51, 236]","[99, 236]","[249, 236]","[-201, 86]","[-51, 86]","[99, 86]","[249, 86]","[-201, -64]","[-51, -64]","[99, -64]","[249, -64]","[-201, -214]","[-51, -214]","[99, -214]","[249, -214]","[100, 100]","[100, 100]","[100, 100]","[100, 100]","[100, 100]","[100, 100]","[100, 100]","[100, 100]","[100, 100]","[100, 100]","[100, 100]","[100, 100]","[100, 100]","[100, 100]","[100, 100]","[100, 100]",ok.png,"[0, -375]","[150, 100]",367,dots,16,2,m,1,1,1,1,0,0,0,0,0,0,0,1.19886898994,1.198868989944458,0,118,118,-242,-242,1,1,0,0,0,0,0,0,0,1.26638054848,1.266380548477173,0,29,29,-381,-381,258
16.png,13.png,11.png,05.png,21.png,30.png,07.png,23.png,01.png,27.png,28.png,25.png,03.png,dots1.png,08.png,15.png,"[-206, 250]","[-56, 250]","[94, 250]","[244, 250]","[-206, 100]","[-56, 100]","[94, 100]","[244, 100]","[-206, -50]","[-56, -50]","[94, -50]","[244, -50]","[-206, -200]","[-56, -200]","[94, -200]","[244, -200]","[100, 100]","[100, 100]","[100, 100]","[100, 100]","[100, 100]","[100, 100]","[100, 100]","[100, 100]","[100, 100]","[100, 100]","[100, 100]","[100, 100]","[100, 100]","[100, 100]","[100, 100]","[100, 100]",ok.png,"[0, -375]","[150, 100]",368,dots,16,2,m,1,1,1,1,0,0,0,0,0,0,0,1.03235757351,1.032357573509216,0,-55,-55,-191,-191,1,1,0,0,0,0,0,0,0,2.23270559311,2.232705593109131,0,-21,-21,-365,-365,313
06.png,21.png,15.png,17.png,20.png,05.png,16.png,28.png,29.png,09.png,02.png,23.png,dots1.png,14.png,07.png,32.png,"[-203, 202]","[-53, 202]","[97, 202]","[247, 202]","[-203, 52]","[-53, 52]","[97, 52]","[247, 52]","[-203, -98]","[-53, -98]","[97, -98]","[247, -98]","[-203, -248]","[-53, -248]","[97, -248]","[247, -248]","[100, 100]","[100, 100]","[100, 100]","[100, 100]","[100, 100]","[100, 100]","[100, 100]","[100, 100]","[100, 100]","[100, 100]","[100, 100]","[100, 100]","[100, 100]","[100, 100]","[100, 100]","[100, 100]",ok.png,"[0, -375]","[150, 100]",369,dots,16,2,m,1,1,1,1,0,0,0,0,0,0,0,1.78197646141,1.781976461410522,0,-193,-193,-240,-240,1,1,0,0,0,0,0,0,0,5.03312444687,5.033124446868896,0,22,22,-368,-368,32
06.png,11.png,01.png,28.png,12.png,17.png,19.png,34.png,15.png,30.png,08.png,dots1.png,31.png,21.png,32.png,03.png,"[-232, 207]","[-82, 207]","[68, 207]","[218, 207]","[-232, 57]","[-82, 57]","[68, 57]","[218, 57]","[-232, -93]","[-82, -93]","[68, -93]","[218, -93]","[-232, -243]","[-82, -243]","[68, -243]","[218, -243]","[100, 100]","[100, 100]","[100, 100]","[100, 100]","[100, 100]","[100, 100]","[100, 100]","[100, 100]","[100, 100]","[100, 100]","[100, 100]","[100, 100]","[100, 100]","[100, 100]","[100, 100]","[100, 100]",ok.png,"[0, -375]","[150, 100]",370,dots,16,2,m,1,1,1,1,0,0,0,0,0,0,0,0.998945832253,0.9989458322525024,0,203,203,-100,-100,1,1,0,0,0,0,0,0,0,1.36615622044,1.366156220436096,0,-21,-21,-370,-370,232
09.png,03.png,12.png,04.png,32.png,31.png,24.png,27.png,07.png,09.png,dots1.png,10.png,13.png,16.png,22.png,28.png,"[-216, 210]","[-66, 210]","[84, 210]","[234, 210]","[-216, 60]","[-66, 60]","[84, 60]","[234, 60]","[-216, -90]","[-66, -90]","[84, -90]","[234, -90]","[-216, -240]","[-66, -240]","[84, -240]","[234, -240]","[100, 100]","[100, 100]","[100, 100]","[100, 100]","[100, 100]","[100, 100]","[100, 100]","[100, 100]","[100, 100]","[100, 100]","[100, 100]","[100, 100]","[100, 100]","[100, 100]","[100, 100]","[100, 100]",ok.png,"[0, -375]","[150, 100]",371,dots,16,2,m,1,1,1,1,0,0,0,0,0,0,0,1.53243815899,1.532438158988953,0,100,100,-93,-93,1,1,0,0,0,0,0,0,0,1.9827362299,1.982736229896545,0,8,8,-359,-359,244
18.png,14.png,25.png,12.png,33.png,19.png,05.png,08.png,01.png,dots1.png,07.png,10.png,34.png,20.png,26.png,30.png,"[-241, 225]","[-91, 225]","[59, 225]","[209, 225]","[-241, 75]","[-91, 75]","[59, 75]","[209, 75]","[-241, -75]","[-91, -75]","[59, -75]","[209, -75]","[-241, -225]","[-91, -225]","[59, -225]","[209, -225]","[100, 100]","[100, 100]","[100, 100]","[100, 100]","[100, 100]","[100, 100]","[100, 100]","[100, 100]","[100, 100]","[100, 100]","[100, 100]","[100, 100]","[100, 100]","[100, 100]","[100, 100]","[100, 100]",ok.png,"[0, -375]","[150, 100]",372,dots,16,2,m,1,1,1,1,0,0,0,0,0,0,0,1.28155624866,1.281556248664856,0,-69,-69,-74,-74,1,1,0,0,0,0,0,0,0,7.49986410141,7.499864101409912,0,-1,-1,-373,-373,343
11.png,13.png,17.png,18.png,21.png,14.png,25.png,09.png,dots1.png,02.png,04.png,30.png,26.png,24.png,33.png,01.png,"[-241, 250]","[-91, 250]","[59, 250]","[209, 250]","[-241, 100]","[-91, 100]","[59, 100]","[209, 100]","[-241, -50]","[-91, -50]","[59, -50]","[209, -50]","[-241, -200]","[-91, -200]","[59, -200]","[209, -200]","[100, 100]","[100, 100]","[100, 100]","[100, 100]","[100, 100]","[100, 100]","[100, 100]","[100, 100]","[100, 100]","[100, 100]","[100, 100]","[100, 100]","[100, 100]","[100, 100]","[100, 100]","[100, 100]",ok.png,"[0, -375]","[150, 100]",373,dots,16,2,m,1,1,1,1,0,0,0,0,0,0,0,1.39856493473,1.39856493473053,0,-238,-238,-46,-46,1,1,0,0,0,0,0,0,0,4.39982414246,4.399824142456055,0,25,25,-364,-364,438
08.png,14.png,10.png,20.png,11.png,07.png,22.png,dots1.png,18.png,31.png,26.png,30.png,09.png,29.png,03.png,19.png,"[-236, 202]","[-86, 202]","[64, 202]","[214, 202]","[-236, 52]","[-86, 52]","[64, 52]","[214, 52]","[-236, -98]","[-86, -98]","[64, -98]","[214, -98]","[-236, -248]","[-86, -248]","[64, -248]","[214, -248]","[100, 100]","[100, 100]","[100, 100]","[100, 100]","[100, 100]","[100, 100]","[100, 100]","[100, 100]","[100, 100]","[100, 100]","[100, 100]","[100, 100]","[100, 100]","[100, 100]","[100, 100]","[100, 100]",ok.png,"[0, -375]","[150, 100]",374,dots,16,2,m,1,1,1,1,0,0,0,0,0,0,0,1.1988761425,1.198876142501831,0,190,190,51,51,1,1,0,0,0,0,0,0,0,5.61625862122,5.61625862121582,0,-15,-15,-399,-399,1
31.png,03.png,13.png,11.png,23.png,21.png,dots1.png,30.png,33.png,15.png,14.png,05.png,19.png,32.png,29.png,26.png,"[-207, 229]","[-57, 229]","[93, 229]","[243, 229]","[-207, 79]","[-57, 79]","[93, 79]","[243, 79]","[-207, -71]","[-57, -71]","[93, -71]","[243, -71]","[-207, -221]","[-57, -221]","[93, -221]","[243, -221]","[100, 100]","[100, 100]","[100, 100]","[100, 100]","[100, 100]","[100, 100]","[100, 100]","[100, 100]","[100, 100]","[100, 100]","[100, 100]","[100, 100]","[100, 100]","[100, 100]","[100, 100]","[100, 100]",ok.png,"[0, -375]","[150, 100]",375,dots,16,2,m,1,1,1,1,0,0,0,0,0,0,0,1.13241517544,1.132415175437927,0,80,80,59,59,1,1,0,0,0,0,0,0,0,1.3325521946,1.332552194595337,0,18,18,-393,-393,374
15.png,14.png,13.png,12.png,11.png,10.png,09.png,08.png,07.png,06.png,05.png,04.png,03.png,02.png,01.png,dots2.png,"[-215, 230]","[-65, 230]","[85, 230]","[235, 230]","[-215, 80]","[-65, 80]","[85, 80]","[235, 80]","[-215, -70]","[-65, -70]","[85, -70]","[235, -70]","[-215, -220]","[-65, -220]","[85, -220]","[235, -220]","[100, 100]","[100, 100]","[100, 100]","[100, 100]","[100, 100]","[100, 100]","[100, 100]","[100, 100]","[100, 100]","[100, 100]","[100, 100]","[100, 100]","[100, 100]","[100, 100]","[100, 100]","[100, 100]",ok.png,"[0, -375]","[150, 100]",376,dots,16,2,m,1,1,1,1,0,0,0,0,0,0,0,0.915663659573,0.9156636595726012,0,264,264,-212,-212,1,1,0,0,0,0,0,0,0,3.89945197105,3.899451971054077,0,47,47,-330,-330,161
23.png,22.png,31.png,32.png,33.png,34.png,14.png,15.png,13.png,12.png,11.png,10.png,01.png,09.png,dots2.png,08.png,"[-244, 246]","[-94, 246]","[56, 246]","[206, 246]","[-244, 96]","[-94, 96]","[56, 96]","[206, 96]","[-244, -54]","[-94, -54]","[56, -54]","[206, -54]","[-244, -204]","[-94, -204]","[56, -204]","[206, -204]","[100, 100]","[100, 100]","[100, 100]","[100, 100]","[100, 100]","[100, 100]","[100, 100]","[100, 100]","[100, 100]","[100, 100]","[100, 100]","[100, 100]","[100, 100]","[100, 100]","[100, 100]","[100, 100]",ok.png,"[0, -375]","[150, 100]",377,dots,16,2,m,1,1,1,1,0,0,0,0,0,0,0,0.865414559841,0.865414559841156,0,82,82,-182,-182,1,1,0,0,0,0,0,0,0,1.46600759029,1.466007590293884,0,18,18,-360,-360,301
27.png,30.png,25.png,24.png,23.png,22.png,21.png,20.png,19.png,18.png,17.png,16.png,15.png,dots2.png,06.png,05.png,"[-225, 244]","[-75, 244]","[75, 244]","[225, 244]","[-225, 94]","[-75, 94]","[75, 94]","[225, 94]","[-225, -56]","[-75, -56]","[75, -56]","[225, -56]","[-225, -206]","[-75, -206]","[75, -206]","[225, -206]","[100, 100]","[100, 100]","[100, 100]","[100, 100]","[100, 100]","[100, 100]","[100, 100]","[100, 100]","[100, 100]","[100, 100]","[100, 100]","[100, 100]","[100, 100]","[100, 100]","[100, 100]","[100, 100]",ok.png,"[0, -375]","[150, 100]",378,dots,16,2,m,1,1,1,1,0,0,0,0,0,0,0,1.28236711025,1.28236711025238,0,-66,-66,-223,-223,1,1,0,0,0,0,0,0,0,2.34888529778,2.348885297775269,0,9,9,-367,-367,164
33.png,32.png,30.png,29.png,08.png,02.png,31.png,27.png,26.png,28.png,12.png,03.png,dots2.png,24.png,23.png,22.png,"[-211, 203]","[-61, 203]","[89, 203]","[239, 203]","[-211, 53]","[-61, 53]","[89, 53]","[239, 53]","[-211, -97]","[-61, -97]","[89, -97]","[239, -97]","[-211, -247]","[-61, -247]","[89, -247]","[239, -247]","[100, 100]","[100, 100]","[100, 100]","[100, 100]","[100, 100]","[100, 100]","[100, 100]","[100, 100]","[100, 100]","[100, 100]","[100, 100]","[100, 100]","[100, 100]","[100, 100]","[100, 100]","[100, 100]",ok.png,"[0, -375]","[150, 100]",379,dots,16,2,m,1,1,1,1,0,0,0,0,0,0,0,1.41546273232,1.415462732315063,0,-201,-201,-246,-246,1,1,0,0,0,0,0,0,0,3.16635966301,3.166359663009644,0,-16,-16,-370,-370,165
28.png,26.png,24.png,22.png,01.png,34.png,33.png,32.png,31.png,30.png,29.png,dots2.png,08.png,06.png,04.png,02.png,"[-214, 210]","[-64, 210]","[86, 210]","[236, 210]","[-214, 60]","[-64, 60]","[86, 60]","[236, 60]","[-214, -90]","[-64, -90]","[86, -90]","[236, -90]","[-214, -240]","[-64, -240]","[86, -240]","[236, -240]","[100, 100]","[100, 100]","[100, 100]","[100, 100]","[100, 100]","[100, 100]","[100, 100]","[100, 100]","[100, 100]","[100, 100]","[100, 100]","[100, 100]","[100, 100]","[100, 100]","[100, 100]","[100, 100]",ok.png,"[0, -375]","[150, 100]",380,dots,16,2,m,1,1,1,1,0,0,0,0,0,0,0,6.69899988174,6.698999881744385,0,270,270,-93,-93,1,1,0,0,0,0,0,0,0,0.566067218781,0.5660672187805176,0,15,15,-404,-404,59
32.png,30.png,23.png,17.png,29.png,09.png,15.png,06.png,26.png,11.png,dots2.png,04.png,27.png,07.png,34.png,01.png,"[-231, 206]","[-81, 206]","[69, 206]","[219, 206]","[-231, 56]","[-81, 56]","[69, 56]","[219, 56]","[-231, -94]","[-81, -94]","[69, -94]","[219, -94]","[-231, -244]","[-81, -244]","[69, -244]","[219, -244]","[100, 100]","[100, 100]","[100, 100]","[100, 100]","[100, 100]","[100, 100]","[100, 100]","[100, 100]","[100, 100]","[100, 100]","[100, 100]","[100, 100]","[100, 100]","[100, 100]","[100, 100]","[100, 100]",ok.png,"[0, -375]","[150, 100]",381,dots,16,2,m,1,1,1,1,0,0,0,0,0,0,0,0.815740287304,0.8157402873039246,0,68,68,-106,-106,1,1,0,0,0,0,0,0,0,3.61602187157,3.616021871566772,0,2,2,-362,-362,155
17.png,09.png,22.png,06.png,27.png,13.png,14.png,18.png,25.png,dots2.png,03.png,07.png,05.png,02.png,24.png,12.png,"[-207, 248]","[-57, 248]","[93, 248]","[243, 248]","[-207, 98]","[-57, 98]","[93, 98]","[243, 98]","[-207, -52]","[-57, -52]","[93, -52]","[243, -52]","[-207, -202]","[-57, -202]","[93, -202]","[243, -202]","[100, 100]","[100, 100]","[100, 100]","[100, 100]","[100, 100]","[100, 100]","[100, 100]","[100, 100]","[100, 100]","[100, 100]","[100, 100]","[100, 100]","[100, 100]","[100, 100]","[100, 100]","[100, 100]",ok.png,"[0, -375]","[150, 100]",382,dots,16,2,m,1,1,1,1,0,0,0,0,0,0,0,1.41578066349,1.415780663490295,0,-31,-31,-45,-45,1,1,0,0,0,0,0,0,0,2.03267717361,2.032677173614502,0,11,11,-376,-376,304
22.png,33.png,01.png,09.png,31.png,25.png,17.png,30.png,dots2.png,27.png,15.png,20.png,07.png,33.png,05.png,13.png,"[-227, 211]","[-77, 211]","[73, 211]","[223, 211]","[-227, 61]","[-77, 61]","[73, 61]","[223, 61]","[-227, -89]","[-77, -89]","[73, -89]","[223, -89]","[-227, -239]","[-77, -239]","[73, -239]","[223, -239]","[100, 100]","[100, 100]","[100, 100]","[100, 100]","[100, 100]","[100, 100]","[100, 100]","[100, 100]","[100, 100]","[100, 100]","[100, 100]","[100, 100]","[100, 100]","[100, 100]","[100, 100]","[100, 100]",ok.png,"[0, -375]","[150, 100]",383,dots,16,2,m,1,1,1,1,0,0,0,0,0,0,0,1.13184571266,1.131845712661743,0,-222,-222,-93,-93,1,1,0,0,0,0,0,0,0,2.19965004921,2.199650049209595,0,12,12,-372,-372,190
33.png,31.png,25.png,21.png,27.png,23.png,29.png,dots2.png,06.png,04.png,08.png,02.png,16.png,13.png,10.png,07.png,"[-225, 233]","[-75, 233]","[75, 233]","[225, 233]","[-225, 83]","[-75, 83]","[75, 83]","[225, 83]","[-225, -67]","[-75, -67]","[75, -67]","[225, -67]","[-225, -217]","[-75, -217]","[75, -217]","[225, -217]","[100, 100]","[100, 100]","[100, 100]","[100, 100]","[100, 100]","[100, 100]","[100, 100]","[100, 100]","[100, 100]","[100, 100]","[100, 100]","[100, 100]","[100, 100]","[100, 100]","[100, 100]","[100, 100]",ok.png,"[0, -375]","[150, 100]",384,dots,16,2,m,1,1,1,1,0,0,0,0,0,0,0,0.882027506828,0.8820275068283081,0,208,208,75,75,1,1,0,0,0,0,0,0,0,3.31690716743,3.316907167434692,0,34,34,-366,-366,74
30.png,32.png,27.png,21.png,26.png,24.png,dots2.png,22.png,20.png,18.png,16.png,14.png,03.png,05.png,07.png,09.png,"[-241, 211]","[-91, 211]","[59, 211]","[209, 211]","[-241, 61]","[-91, 61]","[59, 61]","[209, 61]","[-241, -89]","[-91, -89]","[59, -89]","[209, -89]","[-241, -239]","[-91, -239]","[59, -239]","[209, -239]","[100, 100]","[100, 100]","[100, 100]","[100, 100]","[100, 100]","[100, 100]","[100, 100]","[100, 100]","[100, 100]","[100, 100]","[100, 100]","[100, 100]","[100, 100]","[100, 100]","[100, 100]","[100, 100]",ok.png,"[0, -375]","[150, 100]",385,dots,16,2,m,1,1,1,1,0,0,0,0,0,0,0,0.965823709965,0.9658237099647522,0,63,63,74,74,1,1,0,0,0,0,0,0,0,3.68254327774,3.682543277740479,0,17,17,-377,-377,96
01.png,18.png,27.png,24.png,21.png,dots2.png,19.png,16.png,32.png,34.png,10.png,13.png,31.png,33.png,14.png,05.png,"[-200, 239]","[-50, 239]","[100, 239]","[250, 239]","[-200, 89]","[-50, 89]","[100, 89]","[250, 89]","[-200, -61]","[-50, -61]","[100, -61]","[250, -61]","[-200, -211]","[-50, -211]","[100, -211]","[250, -211]","[100, 100]","[100, 100]","[100, 100]","[100, 100]","[100, 100]","[100, 100]","[100, 100]","[100, 100]","[100, 100]","[100, 100]","[100, 100]","[100, 100]","[100, 100]","[100, 100]","[100, 100]","[100, 100]",ok.png,"[0, -375]","[150, 100]",386,dots,16,2,m,1,1,1,1,0,0,0,0,0,0,0,0.848847091198,0.8488470911979675,0,-59,-59,87,87,1,1,0,0,0,0,0,0,0,1.1995036602,1.199503660202026,0,9,9,-370,-370,322
34.png,27.png,08.png,18.png,dots2.png,11.png,16.png,21.png,17.png,04.png,24.png,09.png,25.png,20.png,15.png,10.png,"[-213, 234]","[-63, 234]","[87, 234]","[237, 234]","[-213, 84]","[-63, 84]","[87, 84]","[237, 84]","[-213, -66]","[-63, -66]","[87, -66]","[237, -66]","[-213, -216]","[-63, -216]","[87, -216]","[237, -216]","[100, 100]","[100, 100]","[100, 100]","[100, 100]","[100, 100]","[100, 100]","[100, 100]","[100, 100]","[100, 100]","[100, 100]","[100, 100]","[100, 100]","[100, 100]","[100, 100]","[100, 100]","[100, 100]",ok.png,"[0, -375]","[150, 100]",387,dots,16,2,m,1,1,1,1,0,0,0,0,0,0,0,0.965439140797,0.9654391407966614,0,-202,-202,77,77,1,1,0,0,0,0,0,0,0,4.38256978989,4.382569789886475,0,4,4,-379,-379,200
04.png,02.png,05.png,dots2.png,08.png,07.png,01.png,03.png,26.png,29.png,32.png,28.png,24.png,20.png,10.png,16.png,"[-231, 228]","[-81, 228]","[69, 228]","[219, 228]","[-231, 78]","[-81, 78]","[69, 78]","[219, 78]","[-231, -72]","[-81, -72]","[69, -72]","[219, -72]","[-231, -222]","[-81, -222]","[69, -222]","[219, -222]","[100, 100]","[100, 100]","[100, 100]","[100, 100]","[100, 100]","[100, 100]","[100, 100]","[100, 100]","[100, 100]","[100, 100]","[100, 100]","[100, 100]","[100, 100]","[100, 100]","[100, 100]","[100, 100]",ok.png,"[0, -375]","[150, 100]",388,dots,16,2,m,1,1,1,1,0,0,0,0,0,0,0,2.21572804451,2.215728044509888,0,217,217,232,232,1,1,0,0,0,0,0,0,0,6.832862854,6.832862854003906,0,20,20,-377,-377,27
01.png,12.png,dots2.png,23.png,10.png,02.png,28.png,13.png,08.png,33.png,03.png,15.png,16.png,06.png,17.png,29.png,"[-200, 237]","[-50, 237]","[100, 237]","[250, 237]","[-200, 87]","[-50, 87]","[100, 87]","[250, 87]","[-200, -63]","[-50, -63]","[100, -63]","[250, -63]","[-200, -213]","[-50, -213]","[100, -213]","[250, -213]","[100, 100]","[100, 100]","[100, 100]","[100, 100]","[100, 100]","[100, 100]","[100, 100]","[100, 100]","[100, 100]","[100, 100]","[100, 100]","[100, 100]","[100, 100]","[100, 100]","[100, 100]","[100, 100]",ok.png,"[0, -375]","[150, 100]",389,dots,16,2,m,1,1,1,1,0,0,0,0,0,0,0,0.982038736343,0.9820387363433838,0,104,104,233,233,1,1,0,0,0,0,0,0,0,2.48285079002,2.482850790023804,0,11,11,-387,-387,331
24.png,dots2.png,03.png,07.png,13.png,17.png,23.png,27.png,33.png,04.png,06.png,14.png,16.png,08.png,30.png,32.png,"[-220, 228]","[-70, 228]","[80, 228]","[230, 228]","[-220, 78]","[-70, 78]","[80, 78]","[230, 78]","[-220, -72]","[-70, -72]","[80, -72]","[230, -72]","[-220, -222]","[-70, -222]","[80, -222]","[230, -222]","[100, 100]","[100, 100]","[100, 100]","[100, 100]","[100, 100]","[100, 100]","[100, 100]","[100, 100]","[100, 100]","[100, 100]","[100, 100]","[100, 100]","[100, 100]","[100, 100]","[100, 100]","[100, 100]",ok.png,"[0, -375]","[150, 100]",390,dots,16,2,m,1,1,1,1,0,0,0,0,0,0,0,2.21550011635,2.215500116348267,0,-53,-53,219,219,1,1,0,0,0,0,0,0,0,4.18299770355,4.182997703552246,0,27,27,-372,-372,45
dots2.png,17.png,07.png,14.png,27.png,33.png,23.png,24.png,04.png,03.png,16.png,12.png,02.png,30.png,20.png,04.png,"[-225, 212]","[-75, 212]","[75, 212]","[225, 212]","[-225, 62]","[-75, 62]","[75, 62]","[225, 62]","[-225, -88]","[-75, -88]","[75, -88]","[225, -88]","[-225, -238]","[-75, -238]","[75, -238]","[225, -238]","[100, 100]","[100, 100]","[100, 100]","[100, 100]","[100, 100]","[100, 100]","[100, 100]","[100, 100]","[100, 100]","[100, 100]","[100, 100]","[100, 100]","[100, 100]","[100, 100]","[100, 100]","[100, 100]",ok.png,"[0, -375]","[150, 100]",391,dots,16,2,m,1,1,1,1,0,0,0,0,0,0,0,0.89897698164,0.8989769816398621,0,-204,-204,221,221,1,1,0,0,0,0,0,0,0,1.66600954533,1.666009545326233,0,17,17,-391,-391,248
18.png,dots2.png,04.png,13.png,31.png,16.png,22.png,12.png,11.png,32.png,02.png,25.png,09.png,29.png,19.png,03.png,"[-225, 216]","[-75, 216]","[75, 216]","[225, 216]","[-225, 66]","[-75, 66]","[75, 66]","[225, 66]","[-225, -84]","[-75, -84]","[75, -84]","[225, -84]","[-225, -234]","[-75, -234]","[75, -234]","[225, -234]","[100, 100]","[100, 100]","[100, 100]","[100, 100]","[100, 100]","[100, 100]","[100, 100]","[100, 100]","[100, 100]","[100, 100]","[100, 100]","[100, 100]","[100, 100]","[100, 100]","[100, 100]","[100, 100]",ok.png,"[0, -375]","[150, 100]",392,dots,16,2,m,1,1,1,1,0,0,0,0,0,0,0,1.11564028263,1.11564028263092,0,-42,-42,219,219,1,1,0,0,0,0,0,0,0,2.09934544563,2.099345445632935,0,16,16,-392,-392,352
15.png,08.png,dots2.png,03.png,25.png,28.png,27.png,01.png,23.png,07.png,30.png,21.png,05.png,11.png,13.png,16.png,"[-243, 226]","[-93, 226]","[57, 226]","[207, 226]","[-243, 76]","[-93, 76]","[57, 76]","[207, 76]","[-243, -74]","[-93, -74]","[57, -74]","[207, -74]","[-243, -224]","[-93, -224]","[57, -224]","[207, -224]","[100, 100]","[100, 100]","[100, 100]","[100, 100]","[100, 100]","[100, 100]","[100, 100]","[100, 100]","[100, 100]","[100, 100]","[100, 100]","[100, 100]","[100, 100]","[100, 100]","[100, 100]","[100, 100]",ok.png,"[0, -375]","[150, 100]",393,dots,16,2,m,1,1,1,1,0,0,0,0,0,0,0,0.998664259911,0.9986642599105836,0,45,45,187,187,1,1,0,0,0,0,0,0,0,2.96615767479,2.966157674789429,0,9,9,-393,-393,325
32.png,07.png,14.png,dots2.png,23.png,02.png,09.png,29.png,28.png,16.png,05.png,20.png,17.png,15.png,21.png,06.png,"[-212, 242]","[-62, 242]","[88, 242]","[238, 242]","[-212, 92]","[-62, 92]","[88, 92]","[238, 92]","[-212, -58]","[-62, -58]","[88, -58]","[238, -58]","[-212, -208]","[-62, -208]","[88, -208]","[238, -208]","[100, 100]","[100, 100]","[100, 100]","[100, 100]","[100, 100]","[100, 100]","[100, 100]","[100, 100]","[100, 100]","[100, 100]","[100, 100]","[100, 100]","[100, 100]","[100, 100]","[100, 100]","[100, 100]",ok.png,"[0, -375]","[150, 100]",394,dots,16,2,m,1,1,1,1,0,0,0,0,0,0,0,1.81587052345,1.815870523452759,0,254,254,228,228,1,1,0,0,0,0,0,0,0,3.78254342079,3.782543420791626,0,3,3,-379,-379,92
03.png,32.png,21.png,31.png,dots2.png,08.png,30.png,15.png,34.png,19.png,17.png,12.png,28.png,01.png,11.png,06.png,"[-206, 233]","[-56, 233]","[94, 233]","[244, 233]","[-206, 83]","[-56, 83]","[94, 83]","[244, 83]","[-206, -67]","[-56, -67]","[94, -67]","[244, -67]","[-206, -217]","[-56, -217]","[94, -217]","[244, -217]","[100, 100]","[100, 100]","[100, 100]","[100, 100]","[100, 100]","[100, 100]","[100, 100]","[100, 100]","[100, 100]","[100, 100]","[100, 100]","[100, 100]","[100, 100]","[100, 100]","[100, 100]","[100, 100]",ok.png,"[0, -375]","[150, 100]",395,dots,16,2,m,1,1,1,1,0,0,0,0,0,0,0,1.14885294437,1.148852944374084,0,-186,-186,79,79,1,1,0,0,0,0,0,0,0,1.79948425293,1.799484252929688,0,-14,-14,-363,-363,195
28.png,22.png,16.png,13.png,10.png,dots2.png,09.png,07.png,27.png,24.png,31.png,32.png,04.png,12.png,03.png,09.png,"[-202, 210]","[-52, 210]","[98, 210]","[248, 210]","[-202, 60]","[-52, 60]","[98, 60]","[248, 60]","[-202, -90]","[-52, -90]","[98, -90]","[248, -90]","[-202, -240]","[-52, -240]","[98, -240]","[248, -240]","[100, 100]","[100, 100]","[100, 100]","[100, 100]","[100, 100]","[100, 100]","[100, 100]","[100, 100]","[100, 100]","[100, 100]","[100, 100]","[100, 100]","[100, 100]","[100, 100]","[100, 100]","[100, 100]",ok.png,"[0, -375]","[150, 100]",396,dots,16,2,m,1,1,1,1,0,0,0,0,0,0,0,0.815247356892,0.8152473568916321,0,-42,-42,56,56,1,1,0,0,0,0,0,0,0,1.26614558697,1.266145586967468,0,-3,-3,-397,-397,408
30.png,26.png,20.png,34.png,10.png,07.png,dots2.png,01.png,08.png,05.png,19.png,33.png,12.png,25.png,14.png,18.png,"[-228, 240]","[-78, 240]","[72, 240]","[222, 240]","[-228, 90]","[-78, 90]","[72, 90]","[222, 90]","[-228, -60]","[-78, -60]","[72, -60]","[222, -60]","[-228, -210]","[-78, -210]","[72, -210]","[222, -210]","[100, 100]","[100, 100]","[100, 100]","[100, 100]","[100, 100]","[100, 100]","[100, 100]","[100, 100]","[100, 100]","[100, 100]","[100, 100]","[100, 100]","[100, 100]","[100, 100]","[100, 100]","[100, 100]",ok.png,"[0, -375]","[150, 100]",397,dots,16,2,m,1,1,1,1,0,0,0,0,0,0,0,0.73201918602,0.7320191860198975,0,85,85,100,100,1,1,0,0,0,0,0,0,0,2.01583242416,2.015832424163818,0,25,25,-359,-359,361
01.png,33.png,24.png,26.png,30.png,04.png,02.png,dots2.png,09.png,25.png,14.png,21.png,18.png,17.png,13.png,11.png,"[-247, 231]","[-97, 231]","[53, 231]","[203, 231]","[-247, 81]","[-97, 81]","[53, 81]","[203, 81]","[-247, -69]","[-97, -69]","[53, -69]","[203, -69]","[-247, -219]","[-97, -219]","[53, -219]","[203, -219]","[100, 100]","[100, 100]","[100, 100]","[100, 100]","[100, 100]","[100, 100]","[100, 100]","[100, 100]","[100, 100]","[100, 100]","[100, 100]","[100, 100]","[100, 100]","[100, 100]","[100, 100]","[100, 100]",ok.png,"[0, -375]","[150, 100]",398,dots,16,2,m,1,1,1,1,0,0,0,0,0,0,0,0.898616015911,0.8986160159111023,0,199,199,62,62,1,1,0,0,0,0,0,0,0,5.1496052742,5.149605274200439,0,-16,-16,-360,-360,107
19.png,03.png,29.png,09.png,30.png,26.png,31.png,18.png,dots2.png,22.png,07.png,11.png,20.png,10.png,14.png,08.png,"[-217, 242]","[-67, 242]","[83, 242]","[233, 242]","[-217, 92]","[-67, 92]","[83, 92]","[233, 92]","[-217, -58]","[-67, -58]","[83, -58]","[233, -58]","[-217, -208]","[-67, -208]","[83, -208]","[233, -208]","[100, 100]","[100, 100]","[100, 100]","[100, 100]","[100, 100]","[100, 100]","[100, 100]","[100, 100]","[100, 100]","[100, 100]","[100, 100]","[100, 100]","[100, 100]","[100, 100]","[100, 100]","[100, 100]",ok.png,"[0, -375]","[150, 100]",399,dots,16,2,m,1,1,1,1,0,0,0,0,0,0,0,0.848984718323,0.8489847183227539,0,-195,-195,-84,-84,1,1,0,0,0,0,0,0,0,1.59957337379,1.599573373794556,0,-10,-10,-385,-385,272
26.png,29.png,32.png,19.png,05.png,14.png,15.png,33.png,30.png,dots2.png,21.png,23.png,11.png,13.png,03.png,31.png,"[-223, 204]","[-73, 204]","[77, 204]","[227, 204]","[-223, 54]","[-73, 54]","[77, 54]","[227, 54]","[-223, -96]","[-73, -96]","[77, -96]","[227, -96]","[-223, -246]","[-73, -246]","[77, -246]","[227, -246]","[100, 100]","[100, 100]","[100, 100]","[100, 100]","[100, 100]","[100, 100]","[100, 100]","[100, 100]","[100, 100]","[100, 100]","[100, 100]","[100, 100]","[100, 100]","[100, 100]","[100, 100]","[100, 100]",ok.png,"[0, -375]","[150, 100]",400,dots,16,2,m,1,1,1,1,0,0,0,0,0,0,0,2.58225750923,2.582257509231567,0,-60,-60,-92,-92,1,1,0,0,0,0,0,0,0,4.26611614227,4.266116142272949,0,9,9,-364,-364,435
tray1.png,01.png,02.png,03.png,04.png,05.png,06.png,07.png,08.png,09.png,10.png,11.png,12.png,13.png,14.png,dots1.png,"[-200, 239]","[-50, 239]","[100, 239]","[250, 239]","[-200, 89]","[-50, 89]","[100, 89]","[250, 89]","[-200, -61]","[-50, -61]","[100, -61]","[250, -61]","[-200, -211]","[-50, -211]","[100, -211]","[250, -211]","[100, 100]","[100, 100]","[100, 100]","[100, 100]","[100, 100]","[100, 100]","[100, 100]","[100, 100]","[100, 100]","[100, 100]","[100, 100]","[100, 100]","[100, 100]","[100, 100]","[100, 100]","[100, 100]",ok.png,"[0, -375]","[150, 100]",401,both,16,3,m,1,1,1,1,0,0,0,0,0,0,0,0.815706193447,0.815706193447113,0,228,228,-194,-194,1,1,0,0,0,0,0,0,0,0.932864308357,0.9328643083572388,0,-203,-203,259,259,262
08.png,tray1.png,09.png,01.png,10.png,11.png,12.png,13.png,15.png,14.png,34.png,33.png,32.png,31.png,dots1.png,23.png,"[-221, 209]","[-71, 209]","[79, 209]","[229, 209]","[-221, 59]","[-71, 59]","[79, 59]","[229, 59]","[-221, -91]","[-71, -91]","[79, -91]","[229, -91]","[-221, -241]","[-71, -241]","[79, -241]","[229, -241]","[100, 100]","[100, 100]","[100, 100]","[100, 100]","[100, 100]","[100, 100]","[100, 100]","[100, 100]","[100, 100]","[100, 100]","[100, 100]","[100, 100]","[100, 100]","[100, 100]","[100, 100]","[100, 100]",ok.png,"[0, -375]","[150, 100]",402,both,16,3,m,1,1,1,1,0,0,0,0,0,0,0,1.33185482025,1.331854820251465,0,85,85,-235,-235,1,1,0,0,0,0,0,0,0,0.666322469711,0.6663224697113037,0,-64,-64,199,199,183
05.png,06.png,tray1.png,15.png,16.png,17.png,18.png,19.png,20.png,21.png,22.png,23.png,24.png,dots1.png,30.png,27.png,"[-244, 211]","[-94, 211]","[56, 211]","[206, 211]","[-244, 61]","[-94, 61]","[56, 61]","[206, 61]","[-244, -89]","[-94, -89]","[56, -89]","[206, -89]","[-244, -239]","[-94, -239]","[56, -239]","[206, -239]","[100, 100]","[100, 100]","[100, 100]","[100, 100]","[100, 100]","[100, 100]","[100, 100]","[100, 100]","[100, 100]","[100, 100]","[100, 100]","[100, 100]","[100, 100]","[100, 100]","[100, 100]","[100, 100]",ok.png,"[0, -375]","[150, 100]",403,both,16,3,m,1,1,1,1,0,0,0,0,0,0,0,1.71575808525,1.715758085250854,0,-79,-79,-252,-252,1,1,0,0,0,0,0,0,0,0.566134870052,0.5661348700523376,0,41,41,201,201,142
22.png,23.png,24.png,tray1.png,03.png,12.png,25.png,26.png,02.png,08.png,27.png,28.png,dots1.png,30.png,31.png,32.png,"[-203, 220]","[-53, 220]","[97, 220]","[247, 220]","[-203, 70]","[-53, 70]","[97, 70]","[247, 70]","[-203, -80]","[-53, -80]","[97, -80]","[247, -80]","[-203, -230]","[-53, -230]","[97, -230]","[247, -230]","[100, 100]","[100, 100]","[100, 100]","[100, 100]","[100, 100]","[100, 100]","[100, 100]","[100, 100]","[100, 100]","[100, 100]","[100, 100]","[100, 100]","[100, 100]","[100, 100]","[100, 100]","[100, 100]",ok.png,"[0, -375]","[150, 100]",404,both,16,3,m,1,1,1,1,0,0,0,0,0,0,0,1.89891982079,1.898919820785522,0,-204,-204,-225,-225,1,1,0,0,0,0,0,0,0,8.86621189117,8.866211891174316,0,262,262,184,184,160
02.png,04.png,06.png,08.png,tray1.png,29.png,30.png,31.png,32.png,33.png,34.png,dots1.png,22.png,24.png,26.png,28.png,"[-213, 243]","[-63, 243]","[87, 243]","[237, 243]","[-213, 93]","[-63, 93]","[87, 93]","[237, 93]","[-213, -57]","[-63, -57]","[87, -57]","[237, -57]","[-213, -207]","[-63, -207]","[87, -207]","[237, -207]","[100, 100]","[100, 100]","[100, 100]","[100, 100]","[100, 100]","[100, 100]","[100, 100]","[100, 100]","[100, 100]","[100, 100]","[100, 100]","[100, 100]","[100, 100]","[100, 100]","[100, 100]","[100, 100]",ok.png,"[0, -375]","[150, 100]",405,both,16,3,m,1,1,1,1,0,0,0,0,0,0,0,1.48218023777,1.482180237770081,0,235,235,-67,-67,1,1,0,0,0,0,0,0,0,0.449367314577,0.4493673145771027,0,-208,-208,78,78,422
01.png,34.png,07.png,27.png,04.png,tray1.png,11.png,26.png,06.png,15.png,dots1.png,29.png,17.png,23.png,30.png,32.png,"[-202, 222]","[-52, 222]","[98, 222]","[248, 222]","[-202, 72]","[-52, 72]","[98, 72]","[248, 72]","[-202, -78]","[-52, -78]","[98, -78]","[248, -78]","[-202, -228]","[-52, -228]","[98, -228]","[248, -228]","[100, 100]","[100, 100]","[100, 100]","[100, 100]","[100, 100]","[100, 100]","[100, 100]","[100, 100]","[100, 100]","[100, 100]","[100, 100]","[100, 100]","[100, 100]","[100, 100]","[100, 100]","[100, 100]",ok.png,"[0, -375]","[150, 100]",406,both,16,3,m,1,1,1,1,0,0,0,0,0,0,0,0.881773531437,0.8817735314369202,0,88,88,-70,-70,1,1,0,0,0,0,0,0,0,1.31651496887,1.31651496887207,0,-28,-28,59,59,125
12.png,24.png,02.png,05.png,07.png,03.png,tray1.png,25.png,18.png,dots1.png,13.png,27.png,06.png,22.png,09.png,17.png,"[-211, 207]","[-61, 207]","[89, 207]","[239, 207]","[-211, 57]","[-61, 57]","[89, 57]","[239, 57]","[-211, -93]","[-61, -93]","[89, -93]","[239, -93]","[-211, -243]","[-61, -243]","[89, -243]","[239, -243]","[100, 100]","[100, 100]","[100, 100]","[100, 100]","[100, 100]","[100, 100]","[100, 100]","[100, 100]","[100, 100]","[100, 100]","[100, 100]","[100, 100]","[100, 100]","[100, 100]","[100, 100]","[100, 100]",ok.png,"[0, -375]","[150, 100]",407,both,16,3,m,1,1,1,1,0,0,0,0,0,0,0,0.798889815807,0.7988898158073425,0,-44,-44,-102,-102,1,1,0,0,0,0,0,0,0,0.56578785181,0.5657878518104553,0,85,85,42,42,384
13.png,05.png,33.png,07.png,20.png,15.png,27.png,tray1.png,dots1.png,17.png,25.png,31.png,09.png,01.png,33.png,22.png,"[-216, 204]","[-66, 204]","[84, 204]","[234, 204]","[-216, 54]","[-66, 54]","[84, 54]","[234, 54]","[-216, -96]","[-66, -96]","[84, -96]","[234, -96]","[-216, -246]","[-66, -246]","[84, -246]","[234, -246]","[100, 100]","[100, 100]","[100, 100]","[100, 100]","[100, 100]","[100, 100]","[100, 100]","[100, 100]","[100, 100]","[100, 100]","[100, 100]","[100, 100]","[100, 100]","[100, 100]","[100, 100]","[100, 100]",ok.png,"[0, -375]","[150, 100]",408,both,16,3,m,1,1,1,1,0,0,0,0,0,0,0,1.01559233665,1.015592336654663,0,229,229,51,51,1,1,0,0,0,0,0,0,0,0.499306082726,0.4993060827255249,0,-227,-227,-94,-94,349
07.png,10.png,13.png,16.png,02.png,08.png,04.png,dots1.png,tray1.png,29.png,23.png,27.png,21.png,25.png,31.png,33.png,"[-235, 214]","[-85, 214]","[65, 214]","[215, 214]","[-235, 64]","[-85, 64]","[65, 64]","[215, 64]","[-235, -86]","[-85, -86]","[65, -86]","[215, -86]","[-235, -236]","[-85, -236]","[65, -236]","[215, -236]","[100, 100]","[100, 100]","[100, 100]","[100, 100]","[100, 100]","[100, 100]","[100, 100]","[100, 100]","[100, 100]","[100, 100]","[100, 100]","[100, 100]","[100, 100]","[100, 100]","[100, 100]","[100, 100]",ok.png,"[0, -375]","[150, 100]",409,both,16,3,m,1,1,1,1,0,0,0,0,0,0,0,1.58220171928,1.582201719284058,0,-225,-225,-89,-89,1,1,0,0,0,0,0,0,0,0.666167199612,0.6661671996116638,0,200,200,66,66,156
09.png,07.png,05.png,03.png,14.png,16.png,dots1.png,20.png,22.png,tray1.png,24.png,26.png,21.png,27.png,32.png,30.png,"[-227, 227]","[-77, 227]","[73, 227]","[223, 227]","[-227, 77]","[-77, 77]","[73, 77]","[223, 77]","[-227, -73]","[-77, -73]","[73, -73]","[223, -73]","[-227, -223]","[-77, -223]","[73, -223]","[223, -223]","[100, 100]","[100, 100]","[100, 100]","[100, 100]","[100, 100]","[100, 100]","[100, 100]","[100, 100]","[100, 100]","[100, 100]","[100, 100]","[100, 100]","[100, 100]","[100, 100]","[100, 100]","[100, 100]",ok.png,"[0, -375]","[150, 100]",410,both,16,3,m,1,1,1,1,0,0,0,0,0,0,0,0.748778104782,0.7487781047821045,0,101,101,44,44,1,1,0,0,0,0,0,0,0,0.849363923073,0.8493639230728149,0,-29,-29,-77,-77,141
05.png,14.png,33.png,31.png,13.png,dots1.png,34.png,32.png,16.png,19.png,tray1.png,21.png,24.png,27.png,18.png,01.png,"[-211, 228]","[-61, 228]","[89, 228]","[239, 228]","[-211, 78]","[-61, 78]","[89, 78]","[239, 78]","[-211, -72]","[-61, -72]","[89, -72]","[239, -72]","[-211, -222]","[-61, -222]","[89, -222]","[239, -222]","[100, 100]","[100, 100]","[100, 100]","[100, 100]","[100, 100]","[100, 100]","[100, 100]","[100, 100]","[100, 100]","[100, 100]","[100, 100]","[100, 100]","[100, 100]","[100, 100]","[100, 100]","[100, 100]",ok.png,"[0, -375]","[150, 100]",411,both,16,3,m,1,1,1,1,0,0,0,0,0,0,0,1.06543838978,1.065438389778137,0,95,95,-90,-90,1,1,0,0,0,0,0,0,0,0.332786053419,0.3327860534191132,0,-53,-53,70,70,392
10.png,15.png,20.png,25.png,dots1.png,24.png,04.png,17.png,21.png,16.png,11.png,tray1.png,18.png,08.png,27.png,34.png,"[-218, 232]","[-68, 232]","[82, 232]","[232, 232]","[-218, 82]","[-68, 82]","[82, 82]","[232, 82]","[-218, -68]","[-68, -68]","[82, -68]","[232, -68]","[-218, -218]","[-68, -218]","[82, -218]","[232, -218]","[100, 100]","[100, 100]","[100, 100]","[100, 100]","[100, 100]","[100, 100]","[100, 100]","[100, 100]","[100, 100]","[100, 100]","[100, 100]","[100, 100]","[100, 100]","[100, 100]","[100, 100]","[100, 100]",ok.png,"[0, -375]","[150, 100]",412,both,16,3,m,1,1,1,1,0,0,0,0,0,0,0,1.39894247055,1.398942470550537,0,216,216,-82,-82,1,1,0,0,0,0,0,0,0,0.399536937475,0.3995369374752045,0,-213,-213,70,70,61
16.png,10.png,20.png,dots1.png,28.png,32.png,29.png,26.png,03.png,01.png,07.png,08.png,tray1.png,05.png,02.png,04.png,"[-224, 234]","[-74, 234]","[76, 234]","[226, 234]","[-224, 84]","[-74, 84]","[76, 84]","[226, 84]","[-224, -66]","[-74, -66]","[76, -66]","[226, -66]","[-224, -216]","[-74, -216]","[76, -216]","[226, -216]","[100, 100]","[100, 100]","[100, 100]","[100, 100]","[100, 100]","[100, 100]","[100, 100]","[100, 100]","[100, 100]","[100, 100]","[100, 100]","[100, 100]","[100, 100]","[100, 100]","[100, 100]","[100, 100]",ok.png,"[0, -375]","[150, 100]",413,both,16,3,m,1,1,1,1,0,0,0,0,0,0,0,1.1990622282,1.19906222820282,0,234,234,231,231,1,1,0,0,0,0,0,0,0,0.999299407005,0.99929940700531,0,-218,-218,-196,-196,226
29.png,17.png,dots1.png,16.png,15.png,03.png,33.png,08.png,13.png,28.png,02.png,10.png,23.png,tray1.png,12.png,01.png,"[-214, 201]","[-64, 201]","[86, 201]","[236, 201]","[-214, 51]","[-64, 51]","[86, 51]","[236, 51]","[-214, -99]","[-64, -99]","[86, -99]","[236, -99]","[-214, -249]","[-64, -249]","[86, -249]","[236, -249]","[100, 100]","[100, 100]","[100, 100]","[100, 100]","[100, 100]","[100, 100]","[100, 100]","[100, 100]","[100, 100]","[100, 100]","[100, 100]","[100, 100]","[100, 100]","[100, 100]","[100, 100]","[100, 100]",ok.png,"[0, -375]","[150, 100]",414,both,16,3,m,1,1,1,1,0,0,0,0,0,0,0,0.715409338474,0.7154093384742737,0,70,70,186,186,1,1,0,0,0,0,0,0,0,0.915865302086,0.9158653020858764,0,-59,-59,-272,-272,354
32.png,dots1.png,08.png,16.png,14.png,06.png,04.png,33.png,27.png,23.png,17.png,13.png,07.png,03.png,tray1.png,24.png,"[-246, 223]","[-96, 223]","[54, 223]","[204, 223]","[-246, 73]","[-96, 73]","[54, 73]","[204, 73]","[-246, -77]","[-96, -77]","[54, -77]","[204, -77]","[-246, -227]","[-96, -227]","[54, -227]","[204, -227]","[100, 100]","[100, 100]","[100, 100]","[100, 100]","[100, 100]","[100, 100]","[100, 100]","[100, 100]","[100, 100]","[100, 100]","[100, 100]","[100, 100]","[100, 100]","[100, 100]","[100, 100]","[100, 100]",ok.png,"[0, -375]","[150, 100]",415,both,16,3,m,1,1,1,1,0,0,0,0,0,0,0,1.01543533802,1.015435338020325,0,-89,-89,240,240,1,1,0,0,0,0,0,0,0,0.632732450962,0.6327324509620667,0,52,52,-207,-207,373
dots1.png,20.png,30.png,02.png,12.png,16.png,03.png,04.png,24.png,23.png,33.png,27.png,14.png,07.png,17.png,tray1.png,"[-226, 212]","[-76, 212]","[74, 212]","[224, 212]","[-226, 62]","[-76, 62]","[74, 62]","[224, 62]","[-226, -88]","[-76, -88]","[74, -88]","[224, -88]","[-226, -238]","[-76, -238]","[74, -238]","[224, -238]","[100, 100]","[100, 100]","[100, 100]","[100, 100]","[100, 100]","[100, 100]","[100, 100]","[100, 100]","[100, 100]","[100, 100]","[100, 100]","[100, 100]","[100, 100]","[100, 100]","[100, 100]","[100, 100]",ok.png,"[0, -375]","[150, 100]",416,both,16,3,m,1,1,1,1,0,0,0,0,0,0,0,1.86576354504,1.865763545036316,0,-205,-205,209,209,1,1,0,0,0,0,0,0,0,2.41594457626,2.415944576263428,0,226,226,-215,-215,437
03.png,dots1.png,29.png,09.png,25.png,02.png,32.png,11.png,12.png,22.png,16.png,31.png,13.png,04.png,tray1.png,18.png,"[-220, 249]","[-70, 249]","[80, 249]","[230, 249]","[-220, 99]","[-70, 99]","[80, 99]","[230, 99]","[-220, -51]","[-70, -51]","[80, -51]","[230, -51]","[-220, -201]","[-70, -201]","[80, -201]","[230, -201]","[100, 100]","[100, 100]","[100, 100]","[100, 100]","[100, 100]","[100, 100]","[100, 100]","[100, 100]","[100, 100]","[100, 100]","[100, 100]","[100, 100]","[100, 100]","[100, 100]","[100, 100]","[100, 100]",ok.png,"[0, -375]","[150, 100]",417,both,16,3,m,1,1,1,1,0,0,0,0,0,0,0,1.64881432056,1.64881432056427,0,-73,-73,263,263,1,1,0,0,0,0,0,0,0,1.13284122944,1.132841229438782,0,78,78,-200,-200,16
16.png,13.png,dots1.png,05.png,21.png,30.png,07.png,23.png,01.png,27.png,28.png,25.png,03.png,tray1.png,08.png,15.png,"[-202, 203]","[-52, 203]","[98, 203]","[248, 203]","[-202, 53]","[-52, 53]","[98, 53]","[248, 53]","[-202, -97]","[-52, -97]","[98, -97]","[248, -97]","[-202, -247]","[-52, -247]","[98, -247]","[248, -247]","[100, 100]","[100, 100]","[100, 100]","[100, 100]","[100, 100]","[100, 100]","[100, 100]","[100, 100]","[100, 100]","[100, 100]","[100, 100]","[100, 100]","[100, 100]","[100, 100]","[100, 100]","[100, 100]",ok.png,"[0, -375]","[150, 100]",418,both,16,3,m,1,1,1,1,0,0,0,0,0,0,0,1.73233807087,1.732338070869446,0,93,93,186,186,1,1,0,0,0,0,0,0,0,0.949380576611,0.9493805766105652,0,-30,-30,-234,-234,126
06.png,21.png,15.png,dots1.png,20.png,05.png,16.png,28.png,29.png,09.png,02.png,23.png,tray1.png,14.png,07.png,32.png,"[-205, 246]","[-55, 246]","[95, 246]","[245, 246]","[-205, 96]","[-55, 96]","[95, 96]","[245, 96]","[-205, -54]","[-55, -54]","[95, -54]","[245, -54]","[-205, -204]","[-55, -204]","[95, -204]","[245, -204]","[100, 100]","[100, 100]","[100, 100]","[100, 100]","[100, 100]","[100, 100]","[100, 100]","[100, 100]","[100, 100]","[100, 100]","[100, 100]","[100, 100]","[100, 100]","[100, 100]","[100, 100]","[100, 100]",ok.png,"[0, -375]","[150, 100]",419,both,16,3,m,1,1,1,1,0,0,0,0,0,0,0,1.48225080967,1.482250809669495,0,242,242,244,244,1,1,0,0,0,0,0,0,0,2.01605296135,2.016052961349487,0,-215,-215,-201,-201,82
06.png,11.png,01.png,28.png,dots1.png,17.png,19.png,34.png,15.png,30.png,08.png,tray1.png,31.png,21.png,32.png,03.png,"[-203, 231]","[-53, 231]","[97, 231]","[247, 231]","[-203, 81]","[-53, 81]","[97, 81]","[247, 81]","[-203, -69]","[-53, -69]","[97, -69]","[247, -69]","[-203, -219]","[-53, -219]","[97, -219]","[247, -219]","[100, 100]","[100, 100]","[100, 100]","[100, 100]","[100, 100]","[100, 100]","[100, 100]","[100, 100]","[100, 100]","[100, 100]","[100, 100]","[100, 100]","[100, 100]","[100, 100]","[100, 100]","[100, 100]",ok.png,"[0, -375]","[150, 100]",420,both,16,3,m,1,1,1,1,0,0,0,0,0,0,0,0.898547768593,0.8985477685928345,0,-177,-177,70,70,1,1,0,0,0,0,0,0,0,0.68296533823,0.6829653382301331,0,219,219,-55,-55,360
09.png,03.png,12.png,04.png,32.png,dots1.png,24.png,27.png,07.png,09.png,tray1.png,10.png,13.png,16.png,22.png,28.png,"[-234, 228]","[-84, 228]","[66, 228]","[216, 228]","[-234, 78]","[-84, 78]","[66, 78]","[216, 78]","[-234, -72]","[-84, -72]","[66, -72]","[216, -72]","[-234, -222]","[-84, -222]","[66, -222]","[216, -222]","[100, 100]","[100, 100]","[100, 100]","[100, 100]","[100, 100]","[100, 100]","[100, 100]","[100, 100]","[100, 100]","[100, 100]","[100, 100]","[100, 100]","[100, 100]","[100, 100]","[100, 100]","[100, 100]",ok.png,"[0, -375]","[150, 100]",421,both,16,3,m,1,1,1,1,0,0,0,0,0,0,0,1.21576392651,1.215763926506042,0,59,59,-87,-87,1,1,0,0,0,0,0,0,0,0.699214220047,0.6992142200469971,0,-70,-70,81,81,433
18.png,14.png,25.png,12.png,33.png,19.png,dots1.png,08.png,01.png,tray1.png,07.png,10.png,34.png,20.png,26.png,30.png,"[-230, 242]","[-80, 242]","[70, 242]","[220, 242]","[-230, 92]","[-80, 92]","[70, 92]","[220, 92]","[-230, -58]","[-80, -58]","[70, -58]","[220, -58]","[-230, -208]","[-80, -208]","[70, -208]","[220, -208]","[100, 100]","[100, 100]","[100, 100]","[100, 100]","[100, 100]","[100, 100]","[100, 100]","[100, 100]","[100, 100]","[100, 100]","[100, 100]","[100, 100]","[100, 100]","[100, 100]","[100, 100]","[100, 100]",ok.png,"[0, -375]","[150, 100]",422,both,16,3,m,1,1,1,1,0,0,0,0,0,0,0,0.732233405113,0.7322334051132202,0,73,73,77,77,1,1,0,0,0,0,0,0,0,0.699675559998,0.6996755599975586,0,-53,-53,-67,-67,284
11.png,13.png,17.png,18.png,21.png,14.png,25.png,dots1.png,tray1.png,02.png,04.png,30.png,26.png,24.png,33.png,01.png,"[-245, 208]","[-95, 208]","[55, 208]","[205, 208]","[-245, 58]","[-95, 58]","[55, 58]","[205, 58]","[-245, -92]","[-95, -92]","[55, -92]","[205, -92]","[-245, -242]","[-95, -242]","[55, -242]","[205, -242]","[100, 100]","[100, 100]","[100, 100]","[100, 100]","[100, 100]","[100, 100]","[100, 100]","[100, 100]","[100, 100]","[100, 100]","[100, 100]","[100, 100]","[100, 100]","[100, 100]","[100, 100]","[100, 100]",ok.png,"[0, -375]","[150, 100]",423,both,16,3,m,1,1,1,1,0,0,0,0,0,0,0,0.882124781609,0.8821247816085815,0,198,198,65,65,1,1,0,0,0,0,0,0,0,0.949543237686,0.9495432376861572,0,-222,-222,-119,-119,212
08.png,14.png,10.png,20.png,11.png,07.png,22.png,tray1.png,dots1.png,31.png,26.png,30.png,09.png,29.png,03.png,19.png,"[-241, 231]","[-91, 231]","[59, 231]","[209, 231]","[-241, 81]","[-91, 81]","[59, 81]","[209, 81]","[-241, -69]","[-91, -69]","[59, -69]","[209, -69]","[-241, -219]","[-91, -219]","[59, -219]","[209, -219]","[100, 100]","[100, 100]","[100, 100]","[100, 100]","[100, 100]","[100, 100]","[100, 100]","[100, 100]","[100, 100]","[100, 100]","[100, 100]","[100, 100]","[100, 100]","[100, 100]","[100, 100]","[100, 100]",ok.png,"[0, -375]","[150, 100]",424,both,16,3,m,1,1,1,1,0,0,0,0,0,0,0,1.48225164413,1.482251644134521,0,192,192,66,66,1,1,0,0,0,0,0,0,0,0.449335455894,0.4493354558944702,0,-250,-250,-77,-77,67
31.png,03.png,13.png,11.png,23.png,21.png,tray1.png,30.png,33.png,dots1.png,14.png,05.png,19.png,32.png,29.png,26.png,"[-217, 240]","[-67, 240]","[83, 240]","[233, 240]","[-217, 90]","[-67, 90]","[83, 90]","[233, 90]","[-217, -60]","[-67, -60]","[83, -60]","[233, -60]","[-217, -210]","[-67, -210]","[83, -210]","[233, -210]","[100, 100]","[100, 100]","[100, 100]","[100, 100]","[100, 100]","[100, 100]","[100, 100]","[100, 100]","[100, 100]","[100, 100]","[100, 100]","[100, 100]","[100, 100]","[100, 100]","[100, 100]","[100, 100]",ok.png,"[0, -375]","[150, 100]",425,both,16,3,m,1,1,1,1,0,0,0,0,0,0,0,1.06584179401,1.065841794013977,0,80,80,61,61,1,1,0,0,0,0,0,0,0,0.249477118254,0.2494771182537079,0,-74,-74,-92,-92,242
dots2.png,14.png,13.png,12.png,11.png,10.png,09.png,08.png,07.png,06.png,05.png,04.png,03.png,02.png,01.png,tray2.png,"[-229, 218]","[-79, 218]","[71, 218]","[221, 218]","[-229, 68]","[-79, 68]","[71, 68]","[221, 68]","[-229, -82]","[-79, -82]","[71, -82]","[221, -82]","[-229, -232]","[-79, -232]","[71, -232]","[221, -232]","[100, 100]","[100, 100]","[100, 100]","[100, 100]","[100, 100]","[100, 100]","[100, 100]","[100, 100]","[100, 100]","[100, 100]","[100, 100]","[100, 100]","[100, 100]","[100, 100]","[100, 100]","[100, 100]",ok.png,"[0, -375]","[150, 100]",426,both,16,3,m,1,1,1,1,0,0,0,0,0,0,0,1.015666008,1.015666007995605,0,198,198,-220,-220,1,1,0,0,0,0,0,0,0,1.66650485992,1.666504859924316,0,-220,-220,232,232,310
23.png,dots2.png,31.png,32.png,33.png,34.png,14.png,15.png,13.png,12.png,11.png,10.png,01.png,09.png,tray2.png,08.png,"[-236, 223]","[-86, 223]","[64, 223]","[214, 223]","[-236, 73]","[-86, 73]","[64, 73]","[214, 73]","[-236, -77]","[-86, -77]","[64, -77]","[214, -77]","[-236, -227]","[-86, -227]","[64, -227]","[214, -227]","[100, 100]","[100, 100]","[100, 100]","[100, 100]","[100, 100]","[100, 100]","[100, 100]","[100, 100]","[100, 100]","[100, 100]","[100, 100]","[100, 100]","[100, 100]","[100, 100]","[100, 100]","[100, 100]",ok.png,"[0, -375]","[150, 100]",427,both,16,3,m,1,1,1,1,0,0,0,0,0,0,0,1.78232324123,1.782323241233826,0,59,59,-223,-223,1,1,0,0,0,0,0,0,0,2.36592960358,2.36592960357666,0,-80,-80,234,234,24
27.png,30.png,dots2.png,24.png,23.png,22.png,21.png,20.png,19.png,18.png,17.png,16.png,15.png,tray2.png,06.png,05.png,"[-202, 223]","[-52, 223]","[98, 223]","[248, 223]","[-202, 73]","[-52, 73]","[98, 73]","[248, 73]","[-202, -77]","[-52, -77]","[98, -77]","[248, -77]","[-202, -227]","[-52, -227]","[98, -227]","[248, -227]","[100, 100]","[100, 100]","[100, 100]","[100, 100]","[100, 100]","[100, 100]","[100, 100]","[100, 100]","[100, 100]","[100, 100]","[100, 100]","[100, 100]","[100, 100]","[100, 100]","[100, 100]","[100, 100]",ok.png,"[0, -375]","[150, 100]",428,both,16,3,m,1,1,1,1,0,0,0,0,0,0,0,1.6825414896,1.682541489601135,0,114,114,215,215,1,1,0,0,0,0,0,0,0,0.482830792665,0.4828307926654816,0,-68,-68,-212,-212,381
33.png,32.png,30.png,dots2.png,08.png,02.png,31.png,27.png,26.png,28.png,12.png,03.png,tray2.png,24.png,23.png,22.png,"[-217, 204]","[-67, 204]","[83, 204]","[233, 204]","[-217, 54]","[-67, 54]","[83, 54]","[233, 54]","[-217, -96]","[-67, -96]","[83, -96]","[233, -96]","[-217, -246]","[-67, -246]","[83, -246]","[233, -246]","[100, 100]","[100, 100]","[100, 100]","[100, 100]","[100, 100]","[100, 100]","[100, 100]","[100, 100]","[100, 100]","[100, 100]","[100, 100]","[100, 100]","[100, 100]","[100, 100]","[100, 100]","[100, 100]",ok.png,"[0, -375]","[150, 100]",429,both,16,3,m,1,1,1,1,0,0,0,0,0,0,0,0.998877286911,0.9988772869110109,0,220,220,183,183,1,1,0,0,0,0,0,0,0,1.26644790173,1.266447901725769,0,-222,-222,-250,-250,440
28.png,26.png,24.png,22.png,dots2.png,34.png,33.png,32.png,31.png,30.png,29.png,tray2.png,08.png,06.png,04.png,02.png,"[-245, 202]","[-95, 202]","[55, 202]","[205, 202]","[-245, 52]","[-95, 52]","[55, 52]","[205, 52]","[-245, -98]","[-95, -98]","[55, -98]","[205, -98]","[-245, -248]","[-95, -248]","[55, -248]","[205, -248]","[100, 100]","[100, 100]","[100, 100]","[100, 100]","[100, 100]","[100, 100]","[100, 100]","[100, 100]","[100, 100]","[100, 100]","[100, 100]","[100, 100]","[100, 100]","[100, 100]","[100, 100]","[100, 100]",ok.png,"[0, -375]","[150, 100]",430,both,16,3,m,1,1,1,1,0,0,0,0,0,0,0,1.1322003603,1.132200360298157,0,220,220,-104,-104,1,1,0,0,0,0,0,0,0,0.466203033924,0.4662030339241028,0,-253,-253,54,54,348
32.png,30.png,23.png,17.png,29.png,dots2.png,15.png,06.png,26.png,11.png,tray2.png,04.png,27.png,07.png,34.png,01.png,"[-248, 208]","[-98, 208]","[52, 208]","[202, 208]","[-248, 58]","[-98, 58]","[52, 58]","[202, 58]","[-248, -92]","[-98, -92]","[52, -92]","[202, -92]","[-248, -242]","[-98, -242]","[52, -242]","[202, -242]","[100, 100]","[100, 100]","[100, 100]","[100, 100]","[100, 100]","[100, 100]","[100, 100]","[100, 100]","[100, 100]","[100, 100]","[100, 100]","[100, 100]","[100, 100]","[100, 100]","[100, 100]","[100, 100]",ok.png,"[0, -375]","[150, 100]",431,both,16,3,m,1,1,1,1,0,0,0,0,0,0,0,0.965726137161,0.9657261371612548,0,58,58,-72,-72,1,1,0,0,0,0,0,0,0,0.532427966595,0.532427966594696,0,-92,-92,72,72,174
17.png,09.png,22.png,06.png,27.png,13.png,dots2.png,18.png,25.png,tray2.png,03.png,07.png,05.png,02.png,24.png,12.png,"[-229, 224]","[-79, 224]","[71, 224]","[221, 224]","[-229, 74]","[-79, 74]","[71, 74]","[221, 74]","[-229, -76]","[-79, -76]","[71, -76]","[221, -76]","[-229, -226]","[-79, -226]","[71, -226]","[221, -226]","[100, 100]","[100, 100]","[100, 100]","[100, 100]","[100, 100]","[100, 100]","[100, 100]","[100, 100]","[100, 100]","[100, 100]","[100, 100]","[100, 100]","[100, 100]","[100, 100]","[100, 100]","[100, 100]",ok.png,"[0, -375]","[150, 100]",432,both,16,3,m,1,1,1,1,0,0,0,0,0,0,0,1.2488001585,1.248800158500671,0,-68,-68,-59,-59,1,1,0,0,0,0,0,0,0,4.31627845764,4.316278457641602,0,85,85,69,69,411
22.png,33.png,01.png,09.png,31.png,25.png,17.png,dots2.png,tray2.png,27.png,15.png,20.png,07.png,33.png,05.png,13.png,"[-226, 214]","[-76, 214]","[74, 214]","[224, 214]","[-226, 64]","[-76, 64]","[74, 64]","[224, 64]","[-226, -86]","[-76, -86]","[74, -86]","[224, -86]","[-226, -236]","[-76, -236]","[74, -236]","[224, -236]","[100, 100]","[100, 100]","[100, 100]","[100, 100]","[100, 100]","[100, 100]","[100, 100]","[100, 100]","[100, 100]","[100, 100]","[100, 100]","[100, 100]","[100, 100]","[100, 100]","[100, 100]","[100, 100]",ok.png,"[0, -375]","[150, 100]",433,both,16,3,m,1,1,1,1,0,0,0,0,0,0,0,1.14858579636,1.148585796356201,0,204,204,66,66,1,1,0,0,0,0,0,0,0,0.499657094479,0.4996570944786072,0,-216,-216,-68,-68,184
33.png,31.png,25.png,21.png,27.png,23.png,29.png,tray2.png,dots2.png,04.png,08.png,02.png,16.png,13.png,10.png,07.png,"[-215, 208]","[-65, 208]","[85, 208]","[235, 208]","[-215, 58]","[-65, 58]","[85, 58]","[235, 58]","[-215, -92]","[-65, -92]","[85, -92]","[235, -92]","[-215, -242]","[-65, -242]","[85, -242]","[235, -242]","[100, 100]","[100, 100]","[100, 100]","[100, 100]","[100, 100]","[100, 100]","[100, 100]","[100, 100]","[100, 100]","[100, 100]","[100, 100]","[100, 100]","[100, 100]","[100, 100]","[100, 100]","[100, 100]",ok.png,"[0, -375]","[150, 100]",434,both,16,3,m,1,1,1,1,0,0,0,0,0,0,0,1.18178081512,1.181780815124512,0,213,213,58,58,1,1,0,0,0,0,0,0,0,2.68268227577,2.682682275772095,0,-197,-197,-87,-87,436
30.png,32.png,27.png,21.png,26.png,24.png,tray2.png,22.png,20.png,dots2.png,16.png,14.png,03.png,05.png,07.png,09.png,"[-212, 228]","[-62, 228]","[88, 228]","[238, 228]","[-212, 78]","[-62, 78]","[88, 78]","[238, 78]","[-212, -72]","[-62, -72]","[88, -72]","[238, -72]","[-212, -222]","[-62, -222]","[88, -222]","[238, -222]","[100, 100]","[100, 100]","[100, 100]","[100, 100]","[100, 100]","[100, 100]","[100, 100]","[100, 100]","[100, 100]","[100, 100]","[100, 100]","[100, 100]","[100, 100]","[100, 100]","[100, 100]","[100, 100]",ok.png,"[0, -375]","[150, 100]",435,both,16,3,m,1,1,1,1,0,0,0,0,0,0,0,2.39907383919,2.399073839187622,0,72,72,93,93,1,1,0,0,0,0,0,0,0,1.06604862213,1.066048622131348,0,-63,-63,-86,-86,114
01.png,18.png,27.png,24.png,21.png,tray2.png,19.png,16.png,32.png,34.png,dots2.png,13.png,31.png,33.png,14.png,05.png,"[-218, 204]","[-68, 204]","[82, 204]","[232, 204]","[-218, 54]","[-68, 54]","[82, 54]","[232, 54]","[-218, -96]","[-68, -96]","[82, -96]","[232, -96]","[-218, -246]","[-68, -246]","[82, -246]","[232, -246]","[100, 100]","[100, 100]","[100, 100]","[100, 100]","[100, 100]","[100, 100]","[100, 100]","[100, 100]","[100, 100]","[100, 100]","[100, 100]","[100, 100]","[100, 100]","[100, 100]","[100, 100]","[100, 100]",ok.png,"[0, -375]","[150, 100]",436,both,16,3,m,1,1,1,1,0,0,0,0,0,0,0,0.965759456158,0.9657594561576844,0,90,90,-80,-80,1,1,0,0,0,0,0,0,0,0.532671153545,0.5326711535453796,0,-40,-40,48,48,367
34.png,27.png,08.png,18.png,tray2.png,11.png,16.png,21.png,17.png,04.png,24.png,dots2.png,25.png,20.png,15.png,10.png,"[-204, 216]","[-54, 216]","[96, 216]","[246, 216]","[-204, 66]","[-54, 66]","[96, 66]","[246, 66]","[-204, -84]","[-54, -84]","[96, -84]","[246, -84]","[-204, -234]","[-54, -234]","[96, -234]","[246, -234]","[100, 100]","[100, 100]","[100, 100]","[100, 100]","[100, 100]","[100, 100]","[100, 100]","[100, 100]","[100, 100]","[100, 100]","[100, 100]","[100, 100]","[100, 100]","[100, 100]","[100, 100]","[100, 100]",ok.png,"[0, -375]","[150, 100]",437,both,16,3,m,1,1,1,1,0,0,0,0,0,0,0,1.58259546757,1.582595467567444,0,-206,-206,39,39,1,1,0,0,0,0,0,0,0,1.11592423916,1.11592423915863,0,252,252,-81,-81,88
04.png,02.png,05.png,tray2.png,08.png,07.png,01.png,03.png,26.png,29.png,32.png,28.png,dots2.png,20.png,10.png,16.png,"[-207, 235]","[-57, 235]","[93, 235]","[243, 235]","[-207, 85]","[-57, 85]","[93, 85]","[243, 85]","[-207, -65]","[-57, -65]","[93, -65]","[243, -65]","[-207, -215]","[-57, -215]","[93, -215]","[243, -215]","[100, 100]","[100, 100]","[100, 100]","[100, 100]","[100, 100]","[100, 100]","[100, 100]","[100, 100]","[100, 100]","[100, 100]","[100, 100]","[100, 100]","[100, 100]","[100, 100]","[100, 100]","[100, 100]",ok.png,"[0, -375]","[150, 100]",438,both,16,3,m,1,1,1,1,0,0,0,0,0,0,0,1.13244271278,1.132442712783813,0,219,219,237,237,1,1,0,0,0,0,0,0,0,0.932950735092,0.9329507350921632,0,-167,-167,-201,-201,185
01.png,12.png,tray2.png,23.png,10.png,02.png,28.png,13.png,08.png,33.png,03.png,15.png,16.png,dots2.png,17.png,29.png,"[-208, 232]","[-58, 232]","[92, 232]","[242, 232]","[-208, 82]","[-58, 82]","[92, 82]","[242, 82]","[-208, -68]","[-58, -68]","[92, -68]","[242, -68]","[-208, -218]","[-58, -218]","[92, -218]","[242, -218]","[100, 100]","[100, 100]","[100, 100]","[100, 100]","[100, 100]","[100, 100]","[100, 100]","[100, 100]","[100, 100]","[100, 100]","[100, 100]","[100, 100]","[100, 100]","[100, 100]","[100, 100]","[100, 100]",ok.png,"[0, -375]","[150, 100]",439,both,16,3,m,1,1,1,1,0,0,0,0,0,0,0,0.982397139072,0.9823971390724182,0,85,85,228,228,1,1,0,0,0,0,0,0,0,0.766137480736,0.7661374807357788,0,-52,-52,-208,-208,77
24.png,tray2.png,03.png,07.png,13.png,17.png,23.png,27.png,33.png,04.png,06.png,14.png,16.png,08.png,dots2.png,32.png,"[-206, 239]","[-56, 239]","[94, 239]","[244, 239]","[-206, 89]","[-56, 89]","[94, 89]","[244, 89]","[-206, -61]","[-56, -61]","[94, -61]","[244, -61]","[-206, -211]","[-56, -211]","[94, -211]","[244, -211]","[100, 100]","[100, 100]","[100, 100]","[100, 100]","[100, 100]","[100, 100]","[100, 100]","[100, 100]","[100, 100]","[100, 100]","[100, 100]","[100, 100]","[100, 100]","[100, 100]","[100, 100]","[100, 100]",ok.png,"[0, -375]","[150, 100]",440,both,16,3,m,1,1,1,1,0,0,0,0,0,0,0,1.18228113651,1.182281136512756,0,-49,-49,245,245,1,1,0,0,0,0,0,0,0,2.2659933567,2.265993356704712,0,78,78,-221,-221,28
tray2.png,17.png,07.png,14.png,27.png,33.png,23.png,24.png,04.png,03.png,16.png,12.png,02.png,30.png,20.png,dots2.png,"[-220, 216]","[-70, 216]","[80, 216]","[230, 216]","[-220, 66]","[-70, 66]","[80, 66]","[230, 66]","[-220, -84]","[-70, -84]","[80, -84]","[230, -84]","[-220, -234]","[-70, -234]","[80, -234]","[230, -234]","[100, 100]","[100, 100]","[100, 100]","[100, 100]","[100, 100]","[100, 100]","[100, 100]","[100, 100]","[100, 100]","[100, 100]","[100, 100]","[100, 100]","[100, 100]","[100, 100]","[100, 100]","[100, 100]",ok.png,"[0, -375]","[150, 100]",441,both,16,3,m,1,1,1,1,0,0,0,0,0,0,0,2.09916448593,2.099164485931396,0,-203,-203,218,218,1,1,0,0,0,0,0,0,0,2.5326230526,2.532623052597046,0,232,232,-272,-272,127
18.png,tray2.png,04.png,13.png,31.png,16.png,22.png,12.png,11.png,32.png,02.png,25.png,09.png,29.png,dots2.png,03.png,"[-201, 247]","[-51, 247]","[99, 247]","[249, 247]","[-201, 97]","[-51, 97]","[99, 97]","[249, 97]","[-201, -53]","[-51, -53]","[99, -53]","[249, -53]","[-201, -203]","[-51, -203]","[99, -203]","[249, -203]","[100, 100]","[100, 100]","[100, 100]","[100, 100]","[100, 100]","[100, 100]","[100, 100]","[100, 100]","[100, 100]","[100, 100]","[100, 100]","[100, 100]","[100, 100]","[100, 100]","[100, 100]","[100, 100]",ok.png,"[0, -375]","[150, 100]",442,both,16,3,m,1,1,1,1,0,0,0,0,0,0,0,1.16539931297,1.165399312973022,0,100,100,-219,-219,1,1,0,0,0,0,0,0,0,0.666185975075,0.6661859750747681,0,-22,-22,237,237,202
15.png,08.png,tray2.png,03.png,25.png,28.png,27.png,01.png,23.png,07.png,30.png,21.png,05.png,dots2.png,13.png,16.png,"[-204, 224]","[-54, 224]","[96, 224]","[246, 224]","[-204, 74]","[-54, 74]","[96, 74]","[246, 74]","[-204, -76]","[-54, -76]","[96, -76]","[246, -76]","[-204, -226]","[-54, -226]","[96, -226]","[246, -226]","[100, 100]","[100, 100]","[100, 100]","[100, 100]","[100, 100]","[100, 100]","[100, 100]","[100, 100]","[100, 100]","[100, 100]","[100, 100]","[100, 100]","[100, 100]","[100, 100]","[100, 100]","[100, 100]",ok.png,"[0, -375]","[150, 100]",443,both,16,3,m,1,1,1,1,0,0,0,0,0,0,0,0.882267594337,0.8822675943374634,0,95,95,204,204,1,1,0,0,0,0,0,0,0,1.14914500713,1.149145007133484,0,-53,-53,-205,-205,191
32.png,07.png,14.png,tray2.png,23.png,02.png,09.png,29.png,28.png,16.png,05.png,20.png,dots2.png,15.png,21.png,06.png,"[-228, 236]","[-78, 236]","[72, 236]","[222, 236]","[-228, 86]","[-78, 86]","[72, 86]","[222, 86]","[-228, -64]","[-78, -64]","[72, -64]","[222, -64]","[-228, -214]","[-78, -214]","[72, -214]","[222, -214]","[100, 100]","[100, 100]","[100, 100]","[100, 100]","[100, 100]","[100, 100]","[100, 100]","[100, 100]","[100, 100]","[100, 100]","[100, 100]","[100, 100]","[100, 100]","[100, 100]","[100, 100]","[100, 100]",ok.png,"[0, -375]","[150, 100]",444,both,16,3,m,1,1,1,1,0,0,0,0,0,0,0,1.18219578266,1.182195782661438,0,204,204,234,234,1,1,0,0,0,0,0,0,0,0.999440193176,0.9994401931762696,0,-208,-208,-237,-237,362
03.png,32.png,21.png,31.png,tray2.png,08.png,30.png,15.png,34.png,19.png,17.png,dots2.png,28.png,01.png,11.png,06.png,"[-245, 208]","[-95, 208]","[55, 208]","[205, 208]","[-245, 58]","[-95, 58]","[55, 58]","[205, 58]","[-245, -92]","[-95, -92]","[55, -92]","[205, -92]","[-245, -242]","[-95, -242]","[55, -242]","[205, -242]","[100, 100]","[100, 100]","[100, 100]","[100, 100]","[100, 100]","[100, 100]","[100, 100]","[100, 100]","[100, 100]","[100, 100]","[100, 100]","[100, 100]","[100, 100]","[100, 100]","[100, 100]","[100, 100]",ok.png,"[0, -375]","[150, 100]",445,both,16,3,m,1,1,1,1,0,0,0,0,0,0,0,1.03213882446,1.032138824462891,0,-226,-226,69,69,1,1,0,0,0,0,0,0,0,0.666040062904,0.6660400629043579,0,195,195,-85,-85,73
28.png,22.png,16.png,13.png,10.png,tray2.png,09.png,07.png,27.png,24.png,dots2.png,32.png,04.png,12.png,03.png,09.png,"[-230, 233]","[-80, 233]","[70, 233]","[220, 233]","[-230, 83]","[-80, 83]","[70, 83]","[220, 83]","[-230, -67]","[-80, -67]","[70, -67]","[220, -67]","[-230, -217]","[-80, -217]","[70, -217]","[220, -217]","[100, 100]","[100, 100]","[100, 100]","[100, 100]","[100, 100]","[100, 100]","[100, 100]","[100, 100]","[100, 100]","[100, 100]","[100, 100]","[100, 100]","[100, 100]","[100, 100]","[100, 100]","[100, 100]",ok.png,"[0, -375]","[150, 100]",446,both,16,3,m,1,1,1,1,0,0,0,0,0,0,0,0.815667212009,0.8156672120094299,0,65,65,-74,-74,1,1,0,0,0,0,0,0,0,0.449684202671,0.449684202671051,0,-81,-81,72,72,287
30.png,26.png,20.png,34.png,10.png,07.png,tray2.png,01.png,08.png,dots2.png,19.png,33.png,12.png,25.png,14.png,18.png,"[-234, 211]","[-84, 211]","[66, 211]","[216, 211]","[-234, 61]","[-84, 61]","[66, 61]","[216, 61]","[-234, -89]","[-84, -89]","[66, -89]","[216, -89]","[-234, -239]","[-84, -239]","[66, -239]","[216, -239]","[100, 100]","[100, 100]","[100, 100]","[100, 100]","[100, 100]","[100, 100]","[100, 100]","[100, 100]","[100, 100]","[100, 100]","[100, 100]","[100, 100]","[100, 100]","[100, 100]","[100, 100]","[100, 100]",ok.png,"[0, -375]","[150, 100]",447,both,16,3,m,1,1,1,1,0,0,0,0,0,0,0,1.08219075203,1.082190752029419,0,65,65,52,52,1,1,0,0,0,0,0,0,0,0.749444842339,0.749444842338562,0,-61,-61,-98,-98,7
01.png,33.png,24.png,26.png,30.png,04.png,02.png,tray2.png,dots2.png,25.png,14.png,21.png,18.png,17.png,13.png,11.png,"[-234, 211]","[-84, 211]","[66, 211]","[216, 211]","[-234, 61]","[-84, 61]","[66, 61]","[216, 61]","[-234, -89]","[-84, -89]","[66, -89]","[216, -89]","[-234, -239]","[-84, -239]","[66, -239]","[216, -239]","[100, 100]","[100, 100]","[100, 100]","[100, 100]","[100, 100]","[100, 100]","[100, 100]","[100, 100]","[100, 100]","[100, 100]","[100, 100]","[100, 100]","[100, 100]","[100, 100]","[100, 100]","[100, 100]",ok.png,"[0, -375]","[150, 100]",448,both,16,3,m,1,1,1,1,0,0,0,0,0,0,0,1.18211388588,1.182113885879517,0,-222,-222,-93,-93,1,1,0,0,0,0,0,0,0,0.499449163675,0.4994491636753082,0,238,238,64,64,227
19.png,03.png,29.png,09.png,30.png,26.png,31.png,dots2.png,tray2.png,22.png,07.png,11.png,20.png,10.png,14.png,08.png,"[-250, 247]","[-100, 247]","[50, 247]","[200, 247]","[-250, 97]","[-100, 97]","[50, 97]","[200, 97]","[-250, -53]","[-100, -53]","[50, -53]","[200, -53]","[-250, -203]","[-100, -203]","[50, -203]","[200, -203]","[100, 100]","[100, 100]","[100, 100]","[100, 100]","[100, 100]","[100, 100]","[100, 100]","[100, 100]","[100, 100]","[100, 100]","[100, 100]","[100, 100]","[100, 100]","[100, 100]","[100, 100]","[100, 100]",ok.png,"[0, -375]","[150, 100]",449,both,16,3,m,1,1,1,1,0,0,0,0,0,0,0,0.782315254211,0.7823152542114258,0,197,197,104,104,1,1,0,0,0,0,0,0,0,0.41615074873,0.4161507487297058,0,-242,-242,-74,-74,345
26.png,29.png,32.png,19.png,05.png,14.png,dots2.png,33.png,30.png,tray2.png,21.png,23.png,11.png,13.png,03.png,31.png,"[-222, 214]","[-72, 214]","[78, 214]","[228, 214]","[-222, 64]","[-72, 64]","[78, 64]","[228, 64]","[-222, -86]","[-72, -86]","[78, -86]","[228, -86]","[-222, -236]","[-72, -236]","[78, -236]","[228, -236]","[100, 100]","[100, 100]","[100, 100]","[100, 100]","[100, 100]","[100, 100]","[100, 100]","[100, 100]","[100, 100]","[100, 100]","[100, 100]","[100, 100]","[100, 100]","[100, 100]","[100, 100]","[100, 100]",ok.png,"[0, -375]","[150, 100]",450,both,16,3,m,1,1,1,1,0,0,0,0,0,0,0,0.94893425703,0.9489342570304872,0,81,81,56,56,1,1,0,0,0,0,0,0,0,0.782539665699,0.7825396656990051,0,-76,-76,-85,-85,105
NA,NA,NA,NA,NA,NA,NA,NA,NA,NA,NA,NA,NA,NA,NA,NA,NA,NA,NA,NA,NA,NA,NA,NA,NA,NA,NA,NA,NA,NA,NA,NA,NA,NA,NA,NA,NA,NA,NA,NA,NA,NA,NA,NA,NA,NA,NA,NA,NA,NA,NA,NA,NA,NA,NA,NA,NA,NA,NA,NA,NA,NA,NA,NA,NA,NA,NA,NA,NA,NA,NA,NA,NA,NA,NA,NA,NA,NA,NA,NA,NA,NA,NA,NA,NA,NA,NA,NA,NA,NA,NA
extraInfo,NA,NA,NA,NA,NA,NA,NA,NA,NA,NA,NA,NA,NA,NA,NA,NA,NA,NA,NA,NA,NA,NA,NA,NA,NA,NA,NA,NA,NA,NA,NA,NA,NA,NA,NA,NA,NA,NA,NA,NA,NA,NA,NA,NA,NA,NA,NA,NA,NA,NA,NA,NA,NA,NA,NA,NA,NA,NA,NA,NA,NA,NA,NA,NA,NA,NA,NA,NA,NA,NA,NA,NA,NA,NA,NA,NA,NA,NA,NA,NA,NA,NA,NA,NA,NA,NA,NA,NA,NA,NA
expName,sharexp,NA,NA,NA,NA,NA,NA,NA,NA,NA,NA,NA,NA,NA,NA,NA,NA,NA,NA,NA,NA,NA,NA,NA,NA,NA,NA,NA,NA,NA,NA,NA,NA,NA,NA,NA,NA,NA,NA,NA,NA,NA,NA,NA,NA,NA,NA,NA,NA,NA,NA,NA,NA,NA,NA,NA,NA,NA,NA,NA,NA,NA,NA,NA,NA,NA,NA,NA,NA,NA,NA,NA,NA,NA,NA,NA,NA,NA,NA,NA,NA,NA,NA,NA,NA,NA,NA,NA,NA,NA
age,19,NA,NA,NA,NA,NA,NA,NA,NA,NA,NA,NA,NA,NA,NA,NA,NA,NA,NA,NA,NA,NA,NA,NA,NA,NA,NA,NA,NA,NA,NA,NA,NA,NA,NA,NA,NA,NA,NA,NA,NA,NA,NA,NA,NA,NA,NA,NA,NA,NA,NA,NA,NA,NA,NA,NA,NA,NA,NA,NA,NA,NA,NA,NA,NA,NA,NA,NA,NA,NA,NA,NA,NA,NA,NA,NA,NA,NA,NA,NA,NA,NA,NA,NA,NA,NA,NA,NA,NA,NA
frameRate,59.96331194656304,NA,NA,NA,NA,NA,NA,NA,NA,NA,NA,NA,NA,NA,NA,NA,NA,NA,NA,NA,NA,NA,NA,NA,NA,NA,NA,NA,NA,NA,NA,NA,NA,NA,NA,NA,NA,NA,NA,NA,NA,NA,NA,NA,NA,NA,NA,NA,NA,NA,NA,NA,NA,NA,NA,NA,NA,NA,NA,NA,NA,NA,NA,NA,NA,NA,NA,NA,NA,NA,NA,NA,NA,NA,NA,NA,NA,NA,NA,NA,NA,NA,NA,NA,NA,NA,NA,NA,NA,NA
session,1,NA,NA,NA,NA,NA,NA,NA,NA,NA,NA,NA,NA,NA,NA,NA,NA,NA,NA,NA,NA,NA,NA,NA,NA,NA,NA,NA,NA,NA,NA,NA,NA,NA,NA,NA,NA,NA,NA,NA,NA,NA,NA,NA,NA,NA,NA,NA,NA,NA,NA,NA,NA,NA,NA,NA,NA,NA,NA,NA,NA,NA,NA,NA,NA,NA,NA,NA,NA,NA,NA,NA,NA,NA,NA,NA,NA,NA,NA,NA,NA,NA,NA,NA,NA,NA,NA,NA,NA,NA
date,2019_May_13_1124,NA,NA,NA,NA,NA,NA,NA,NA,NA,NA,NA,NA,NA,NA,NA,NA,NA,NA,NA,NA,NA,NA,NA,NA,NA,NA,NA,NA,NA,NA,NA,NA,NA,NA,NA,NA,NA,NA,NA,NA,NA,NA,NA,NA,NA,NA,NA,NA,NA,NA,NA,NA,NA,NA,NA,NA,NA,NA,NA,NA,NA,NA,NA,NA,NA,NA,NA,NA,NA,NA,NA,NA,NA,NA,NA,NA,NA,NA,NA,NA,NA,NA,NA,NA,NA,NA,NA,NA,NA
participant,11,NA,NA,NA,NA,NA,NA,NA,NA,NA,NA,NA,NA,NA,NA,NA,NA,NA,NA,NA,NA,NA,NA,NA,NA,NA,NA,NA,NA,NA,NA,NA,NA,NA,NA,NA,NA,NA,NA,NA,NA,NA,NA,NA,NA,NA,NA,NA,NA,NA,NA,NA,NA,NA,NA,NA,NA,NA,NA,NA,NA,NA,NA,NA,NA,NA,NA,NA,NA,NA,NA,NA,NA,NA,NA,NA,NA,NA,NA,NA,NA,NA,NA,NA,NA,NA,NA,NA,NA,NA
