stim1,stim2,stim3,stim4,stim5,stim6,stim7,stim8,stim9,stim10,stim11,stim12,stim13,stim14,stim15,stim16,pos1,pos2,pos3,pos4,pos5,pos6,pos7,pos8,pos9,pos10,pos11,pos12,pos13,pos14,pos15,pos16,size1,size2,size3,size4,size5,size6,size7,size8,size9,size10,size11,size12,size13,size14,size15,size16,ok,posok,sizeok,numtrial,trialtype,setsize,trialtypenum,ser,sernum,n,mouse_main1.leftButton_mean,mouse_main1.leftButton_raw,mouse_main1.leftButton_std,mouse_main1.midButton_mean,mouse_main1.midButton_raw,mouse_main1.midButton_std,mouse_main1.rightButton_mean,mouse_main1.rightButton_raw,mouse_main1.rightButton_std,mouse_main1.time_mean,mouse_main1.time_raw,mouse_main1.time_std,mouse_main1.x_mean,mouse_main1.x_raw,mouse_main1.y_mean,mouse_main1.y_raw,mouse_main2.leftButton_mean,mouse_main2.leftButton_raw,mouse_main2.leftButton_std,mouse_main2.midButton_mean,mouse_main2.midButton_raw,mouse_main2.midButton_std,mouse_main2.rightButton_mean,mouse_main2.rightButton_raw,mouse_main2.rightButton_std,mouse_main2.time_mean,mouse_main2.time_raw,mouse_main2.time_std,mouse_main2.x_mean,mouse_main2.x_raw,mouse_main2.y_mean,mouse_main2.y_raw,order
tray1.png,01.png,02.png,03.png,04.png,05.png,06.png,07.png,00.png,00.png,00.png,00.png,00.png,00.png,00.png,00.png,"[-238, 202]","[-88, 202]","[62, 202]","[212, 202]","[-238, 52]","[-88, 52]","[62, 52]","[212, 52]","[-238, -98]","[-88, -98]","[62, -98]","[212, -98]","[-238, -248]","[-88, -248]","[62, -248]","[212, -248]","[100, 100]","[100, 100]","[100, 100]","[100, 100]","[100, 100]","[100, 100]","[100, 100]","[100, 100]","[100, 100]","[100, 100]","[100, 100]","[100, 100]","[100, 100]","[100, 100]","[100, 100]","[100, 100]",ok.png,"[0, -375]","[150, 100]",1,tray,8,1,m,1,1,1,1,0,0,0,0,0,0,0,0.961848974228,0.9618489742279052,0,-244,-244,180,180,1,1,0,0,0,0,0,0,0,0.589666485786,0.589666485786438,0,10,10,-374,-374,386
08.png,tray1.png,09.png,00.png,10.png,11.png,12.png,13.png,00.png,14.png,00.png,00.png,00.png,00.png,00.png,00.png,"[-213, 226]","[-63, 226]","[87, 226]","[237, 226]","[-213, 76]","[-63, 76]","[87, 76]","[237, 76]","[-213, -74]","[-63, -74]","[87, -74]","[237, -74]","[-213, -224]","[-63, -224]","[87, -224]","[237, -224]","[100, 100]","[100, 100]","[100, 100]","[100, 100]","[100, 100]","[100, 100]","[100, 100]","[100, 100]","[100, 100]","[100, 100]","[100, 100]","[100, 100]","[100, 100]","[100, 100]","[100, 100]","[100, 100]",ok.png,"[0, -375]","[150, 100]",2,tray,8,1,m,1,1,1,1,0,0,0,0,0,0,0,1.87898719311,1.878987193107605,0,-69,-69,227,227,1,1,0,0,0,0,0,0,0,1.20182871819,1.201828718185425,0,23,23,-355,-355,17
00.png,00.png,tray1.png,15.png,16.png,17.png,18.png,19.png,20.png,21.png,00.png,00.png,00.png,00.png,00.png,00.png,"[-234, 217]","[-84, 217]","[66, 217]","[216, 217]","[-234, 67]","[-84, 67]","[66, 67]","[216, 67]","[-234, -83]","[-84, -83]","[66, -83]","[216, -83]","[-234, -233]","[-84, -233]","[66, -233]","[216, -233]","[100, 100]","[100, 100]","[100, 100]","[100, 100]","[100, 100]","[100, 100]","[100, 100]","[100, 100]","[100, 100]","[100, 100]","[100, 100]","[100, 100]","[100, 100]","[100, 100]","[100, 100]","[100, 100]",ok.png,"[0, -375]","[150, 100]",3,tray,8,1,m,1,1,1,1,0,0,0,0,0,0,0,1.4898750782,1.489875078201294,0,66,66,205,205,1,1,0,0,0,0,0,0,0,0.748580217361,0.7485802173614502,0,40,40,-370,-370,331
22.png,23.png,24.png,tray1.png,00.png,00.png,25.png,26.png,00.png,00.png,27.png,28.png,00.png,00.png,00.png,00.png,"[-247, 218]","[-97, 218]","[53, 218]","[203, 218]","[-247, 68]","[-97, 68]","[53, 68]","[203, 68]","[-247, -82]","[-97, -82]","[53, -82]","[203, -82]","[-247, -232]","[-97, -232]","[53, -232]","[203, -232]","[100, 100]","[100, 100]","[100, 100]","[100, 100]","[100, 100]","[100, 100]","[100, 100]","[100, 100]","[100, 100]","[100, 100]","[100, 100]","[100, 100]","[100, 100]","[100, 100]","[100, 100]","[100, 100]",ok.png,"[0, -375]","[150, 100]",4,tray,8,1,m,1,1,1,1,0,0,0,0,0,0,0,1.58412313461,1.584123134613037,0,193,193,229,229,1,1,0,0,0,0,0,0,0,1.31426811218,1.314268112182617,0,29,29,-346,-346,172
00.png,00.png,00.png,00.png,tray1.png,29.png,30.png,31.png,32.png,33.png,34.png,01.png,00.png,00.png,00.png,00.png,"[-243, 209]","[-93, 209]","[57, 209]","[207, 209]","[-243, 59]","[-93, 59]","[57, 59]","[207, 59]","[-243, -91]","[-93, -91]","[57, -91]","[207, -91]","[-243, -241]","[-93, -241]","[57, -241]","[207, -241]","[100, 100]","[100, 100]","[100, 100]","[100, 100]","[100, 100]","[100, 100]","[100, 100]","[100, 100]","[100, 100]","[100, 100]","[100, 100]","[100, 100]","[100, 100]","[100, 100]","[100, 100]","[100, 100]",ok.png,"[0, -375]","[150, 100]",5,tray,8,1,m,1,1,1,1,0,0,0,0,0,0,0,1.89161503315,1.891615033149719,0,-235,-235,58,58,1,1,0,0,0,0,0,0,0,1.40750801563,1.407508015632629,0,15,15,-385,-385,6
01.png,34.png,00.png,00.png,04.png,tray1.png,00.png,00.png,06.png,15.png,00.png,00.png,17.png,23.png,00.png,00.png,"[-210, 240]","[-60, 240]","[90, 240]","[240, 240]","[-210, 90]","[-60, 90]","[90, 90]","[240, 90]","[-210, -60]","[-60, -60]","[90, -60]","[240, -60]","[-210, -210]","[-60, -210]","[90, -210]","[240, -210]","[100, 100]","[100, 100]","[100, 100]","[100, 100]","[100, 100]","[100, 100]","[100, 100]","[100, 100]","[100, 100]","[100, 100]","[100, 100]","[100, 100]","[100, 100]","[100, 100]","[100, 100]","[100, 100]",ok.png,"[0, -375]","[150, 100]",6,tray,8,1,m,1,1,1,1,0,0,0,0,0,0,0,1.07383882999,1.073838829994202,0,-74,-74,63,63,1,1,0,0,0,0,0,0,0,0.695203304291,0.6952033042907715,0,56,56,-381,-381,441
00.png,00.png,00.png,00.png,07.png,03.png,tray1.png,25.png,00.png,00.png,00.png,00.png,06.png,22.png,09.png,14.png,"[-227, 216]","[-77, 216]","[73, 216]","[223, 216]","[-227, 66]","[-77, 66]","[73, 66]","[223, 66]","[-227, -84]","[-77, -84]","[73, -84]","[223, -84]","[-227, -234]","[-77, -234]","[73, -234]","[223, -234]","[100, 100]","[100, 100]","[100, 100]","[100, 100]","[100, 100]","[100, 100]","[100, 100]","[100, 100]","[100, 100]","[100, 100]","[100, 100]","[100, 100]","[100, 100]","[100, 100]","[100, 100]","[100, 100]",ok.png,"[0, -375]","[150, 100]",7,tray,8,1,m,1,1,1,1,0,0,0,0,0,0,0,1.13675248623,1.136752486228943,0,93,93,73,73,1,1,0,0,0,0,0,0,0,1.46158993244,1.461589932441711,0,1,1,-384,-384,162
00.png,05.png,33.png,07.png,00.png,00.png,27.png,tray1.png,00.png,17.png,30.png,31.png,00.png,00.png,00.png,00.png,"[-237, 202]","[-87, 202]","[63, 202]","[213, 202]","[-237, 52]","[-87, 52]","[63, 52]","[213, 52]","[-237, -98]","[-87, -98]","[63, -98]","[213, -98]","[-237, -248]","[-87, -248]","[63, -248]","[213, -248]","[100, 100]","[100, 100]","[100, 100]","[100, 100]","[100, 100]","[100, 100]","[100, 100]","[100, 100]","[100, 100]","[100, 100]","[100, 100]","[100, 100]","[100, 100]","[100, 100]","[100, 100]","[100, 100]",ok.png,"[0, -375]","[150, 100]",8,tray,8,1,m,1,1,1,1,0,0,0,0,0,0,0,1.22669649124,1.226696491241455,0,205,205,49,49,1,1,0,0,0,0,0,0,0,1.12068367004,1.120683670043945,0,12,12,-362,-362,250
00.png,00.png,00.png,00.png,00.png,00.png,00.png,00.png,tray1.png,29.png,23.png,27.png,21.png,25.png,31.png,33.png,"[-229, 207]","[-79, 207]","[71, 207]","[221, 207]","[-229, 57]","[-79, 57]","[71, 57]","[221, 57]","[-229, -93]","[-79, -93]","[71, -93]","[221, -93]","[-229, -243]","[-79, -243]","[71, -243]","[221, -243]","[100, 100]","[100, 100]","[100, 100]","[100, 100]","[100, 100]","[100, 100]","[100, 100]","[100, 100]","[100, 100]","[100, 100]","[100, 100]","[100, 100]","[100, 100]","[100, 100]","[100, 100]","[100, 100]",ok.png,"[0, -375]","[150, 100]",9,tray,8,1,m,1,1,1,1,0,0,0,0,0,0,0,1.4323117733,1.432311773300171,0,-247,-247,-84,-84,1,1,0,0,0,0,0,0,0,1.02496552467,1.024965524673462,0,15,15,-380,-380,378
00.png,00.png,00.png,00.png,14.png,16.png,18.png,20.png,22.png,tray1.png,24.png,26.png,00.png,00.png,00.png,00.png,"[-234, 221]","[-84, 221]","[66, 221]","[216, 221]","[-234, 71]","[-84, 71]","[66, 71]","[216, 71]","[-234, -79]","[-84, -79]","[66, -79]","[216, -79]","[-234, -229]","[-84, -229]","[66, -229]","[216, -229]","[100, 100]","[100, 100]","[100, 100]","[100, 100]","[100, 100]","[100, 100]","[100, 100]","[100, 100]","[100, 100]","[100, 100]","[100, 100]","[100, 100]","[100, 100]","[100, 100]","[100, 100]","[100, 100]",ok.png,"[0, -375]","[150, 100]",10,tray,8,1,m,1,1,1,1,0,0,0,0,0,0,0,0.855031549931,0.8550315499305725,0,-91,-91,-77,-77,1,1,0,0,0,0,0,0,0,0.603065431118,0.6030654311180115,0,-8,-8,-363,-363,345
00.png,00.png,00.png,00.png,13.png,10.png,00.png,00.png,16.png,19.png,tray1.png,21.png,24.png,27.png,00.png,00.png,"[-207, 247]","[-57, 247]","[93, 247]","[243, 247]","[-207, 97]","[-57, 97]","[93, 97]","[243, 97]","[-207, -53]","[-57, -53]","[93, -53]","[243, -53]","[-207, -203]","[-57, -203]","[93, -203]","[243, -203]","[100, 100]","[100, 100]","[100, 100]","[100, 100]","[100, 100]","[100, 100]","[100, 100]","[100, 100]","[100, 100]","[100, 100]","[100, 100]","[100, 100]","[100, 100]","[100, 100]","[100, 100]","[100, 100]",ok.png,"[0, -375]","[150, 100]",11,tray,8,1,m,1,1,1,1,0,0,0,0,0,0,0,1.22432553768,1.22432553768158,0,66,66,-52,-52,1,1,0,0,0,0,0,0,0,2.26572608948,2.265726089477539,0,-6,-6,-384,-384,7
10.png,15.png,20.png,25.png,00.png,00.png,00.png,00.png,21.png,16.png,11.png,tray1.png,00.png,00.png,00.png,00.png,"[-230, 233]","[-80, 233]","[70, 233]","[220, 233]","[-230, 83]","[-80, 83]","[70, 83]","[220, 83]","[-230, -67]","[-80, -67]","[70, -67]","[220, -67]","[-230, -217]","[-80, -217]","[70, -217]","[220, -217]","[100, 100]","[100, 100]","[100, 100]","[100, 100]","[100, 100]","[100, 100]","[100, 100]","[100, 100]","[100, 100]","[100, 100]","[100, 100]","[100, 100]","[100, 100]","[100, 100]","[100, 100]","[100, 100]",ok.png,"[0, -375]","[150, 100]",12,tray,8,1,m,1,1,1,1,0,0,0,0,0,0,0,1.47588431835,1.475884318351746,0,209,209,-68,-68,1,1,0,0,0,0,0,0,0,3.2407245636,3.240724563598633,0,22,22,-386,-386,184
00.png,00.png,00.png,00.png,00.png,00.png,00.png,00.png,03.png,01.png,07.png,08.png,tray1.png,05.png,02.png,04.png,"[-201, 216]","[-51, 216]","[99, 216]","[249, 216]","[-201, 66]","[-51, 66]","[99, 66]","[249, 66]","[-201, -84]","[-51, -84]","[99, -84]","[249, -84]","[-201, -234]","[-51, -234]","[99, -234]","[249, -234]","[100, 100]","[100, 100]","[100, 100]","[100, 100]","[100, 100]","[100, 100]","[100, 100]","[100, 100]","[100, 100]","[100, 100]","[100, 100]","[100, 100]","[100, 100]","[100, 100]","[100, 100]","[100, 100]",ok.png,"[0, -375]","[150, 100]",13,tray,8,1,m,1,1,1,1,0,0,0,0,0,0,0,1.30858182907,1.308581829071045,0,-205,-205,-224,-224,1,1,0,0,0,0,0,0,0,0.536664187908,0.5366641879081726,0,-1,-1,-369,-369,317
29.png,00.png,00.png,16.png,00.png,00.png,33.png,08.png,13.png,00.png,00.png,00.png,23.png,tray1.png,12.png,00.png,"[-246, 224]","[-96, 224]","[54, 224]","[204, 224]","[-246, 74]","[-96, 74]","[54, 74]","[204, 74]","[-246, -76]","[-96, -76]","[54, -76]","[204, -76]","[-246, -226]","[-96, -226]","[54, -226]","[204, -226]","[100, 100]","[100, 100]","[100, 100]","[100, 100]","[100, 100]","[100, 100]","[100, 100]","[100, 100]","[100, 100]","[100, 100]","[100, 100]","[100, 100]","[100, 100]","[100, 100]","[100, 100]","[100, 100]",ok.png,"[0, -375]","[150, 100]",14,tray,8,1,m,1,1,1,1,0,0,0,0,0,0,0,1.34969043732,1.349690437316895,0,-113,-113,-229,-229,1,1,0,0,0,0,0,0,0,1.35298812389,1.352988123893738,0,31,31,-371,-371,101
00.png,00.png,00.png,00.png,00.png,00.png,00.png,33.png,27.png,23.png,17.png,13.png,07.png,03.png,tray1.png,00.png,"[-212, 232]","[-62, 232]","[88, 232]","[238, 232]","[-212, 82]","[-62, 82]","[88, 82]","[238, 82]","[-212, -68]","[-62, -68]","[88, -68]","[238, -68]","[-212, -218]","[-62, -218]","[88, -218]","[238, -218]","[100, 100]","[100, 100]","[100, 100]","[100, 100]","[100, 100]","[100, 100]","[100, 100]","[100, 100]","[100, 100]","[100, 100]","[100, 100]","[100, 100]","[100, 100]","[100, 100]","[100, 100]","[100, 100]",ok.png,"[0, -375]","[150, 100]",15,tray,8,1,m,1,1,1,1,0,0,0,0,0,0,0,1.29086196423,1.290861964225769,0,69,69,-223,-223,1,1,0,0,0,0,0,0,0,0.418036282063,0.4180362820625305,0,3,3,-394,-394,348
04.png,20.png,30.png,02.png,00.png,00.png,00.png,00.png,00.png,00.png,00.png,00.png,14.png,07.png,17.png,tray1.png,"[-203, 230]","[-53, 230]","[97, 230]","[247, 230]","[-203, 80]","[-53, 80]","[97, 80]","[247, 80]","[-203, -70]","[-53, -70]","[97, -70]","[247, -70]","[-203, -220]","[-53, -220]","[97, -220]","[247, -220]","[100, 100]","[100, 100]","[100, 100]","[100, 100]","[100, 100]","[100, 100]","[100, 100]","[100, 100]","[100, 100]","[100, 100]","[100, 100]","[100, 100]","[100, 100]","[100, 100]","[100, 100]","[100, 100]",ok.png,"[0, -375]","[150, 100]",16,tray,8,1,m,1,1,1,1,0,0,0,0,0,0,0,2.61640524864,2.616405248641968,0,241,241,-228,-228,1,1,0,0,0,0,0,0,0,0.792030274868,0.7920302748680115,0,3,3,-362,-362,22
00.png,19.png,29.png,00.png,00.png,02.png,32.png,00.png,00.png,22.png,16.png,00.png,00.png,04.png,tray1.png,00.png,"[-211, 217]","[-61, 217]","[89, 217]","[239, 217]","[-211, 67]","[-61, 67]","[89, 67]","[239, 67]","[-211, -83]","[-61, -83]","[89, -83]","[239, -83]","[-211, -233]","[-61, -233]","[89, -233]","[239, -233]","[100, 100]","[100, 100]","[100, 100]","[100, 100]","[100, 100]","[100, 100]","[100, 100]","[100, 100]","[100, 100]","[100, 100]","[100, 100]","[100, 100]","[100, 100]","[100, 100]","[100, 100]","[100, 100]",ok.png,"[0, -375]","[150, 100]",17,tray,8,1,m,1,1,1,1,0,0,0,0,0,0,0,1.63612580299,1.636125802993774,0,70,70,-223,-223,1,1,0,0,0,0,0,0,0,1.10723173618,1.107231736183167,0,14,14,-343,-343,232
00.png,00.png,00.png,05.png,21.png,00.png,00.png,00.png,00.png,27.png,28.png,25.png,03.png,tray1.png,08.png,00.png,"[-223, 227]","[-73, 227]","[77, 227]","[227, 227]","[-223, 77]","[-73, 77]","[77, 77]","[227, 77]","[-223, -73]","[-73, -73]","[77, -73]","[227, -73]","[-223, -223]","[-73, -223]","[77, -223]","[227, -223]","[100, 100]","[100, 100]","[100, 100]","[100, 100]","[100, 100]","[100, 100]","[100, 100]","[100, 100]","[100, 100]","[100, 100]","[100, 100]","[100, 100]","[100, 100]","[100, 100]","[100, 100]","[100, 100]",ok.png,"[0, -375]","[150, 100]",18,tray,8,1,m,1,1,1,1,0,0,0,0,0,0,0,1.43094289303,1.430942893028259,0,-86,-86,-236,-236,1,1,0,0,0,0,0,0,0,1.09168052673,1.091680526733398,0,-25,-25,-378,-378,14
06.png,00.png,15.png,17.png,00.png,00.png,16.png,00.png,00.png,09.png,00.png,23.png,tray1.png,00.png,07.png,00.png,"[-247, 249]","[-97, 249]","[53, 249]","[203, 249]","[-247, 99]","[-97, 99]","[53, 99]","[203, 99]","[-247, -51]","[-97, -51]","[53, -51]","[203, -51]","[-247, -201]","[-97, -201]","[53, -201]","[203, -201]","[100, 100]","[100, 100]","[100, 100]","[100, 100]","[100, 100]","[100, 100]","[100, 100]","[100, 100]","[100, 100]","[100, 100]","[100, 100]","[100, 100]","[100, 100]","[100, 100]","[100, 100]","[100, 100]",ok.png,"[0, -375]","[150, 100]",19,tray,8,1,m,1,1,1,1,0,0,0,0,0,0,0,1.47622394562,1.476223945617676,0,-244,-244,-209,-209,1,1,0,0,0,0,0,0,0,0.904177188873,0.904177188873291,0,19,19,-371,-371,92
00.png,11.png,00.png,00.png,12.png,00.png,00.png,34.png,00.png,30.png,08.png,tray1.png,31.png,00.png,32.png,00.png,"[-208, 210]","[-58, 210]","[92, 210]","[242, 210]","[-208, 60]","[-58, 60]","[92, 60]","[242, 60]","[-208, -90]","[-58, -90]","[92, -90]","[242, -90]","[-208, -240]","[-58, -240]","[92, -240]","[242, -240]","[100, 100]","[100, 100]","[100, 100]","[100, 100]","[100, 100]","[100, 100]","[100, 100]","[100, 100]","[100, 100]","[100, 100]","[100, 100]","[100, 100]","[100, 100]","[100, 100]","[100, 100]","[100, 100]",ok.png,"[0, -375]","[150, 100]",20,tray,8,1,m,1,1,1,1,0,0,0,0,0,0,0,1.05304062366,1.053040623664856,0,250,250,-106,-106,1,1,0,0,0,0,0,0,0,0.637792885303,0.6377928853034973,0,10,10,-400,-400,332
00.png,00.png,00.png,00.png,00.png,00.png,24.png,27.png,07.png,09.png,tray1.png,10.png,13.png,16.png,00.png,00.png,"[-216, 205]","[-66, 205]","[84, 205]","[234, 205]","[-216, 55]","[-66, 55]","[84, 55]","[234, 55]","[-216, -95]","[-66, -95]","[84, -95]","[234, -95]","[-216, -245]","[-66, -245]","[84, -245]","[234, -245]","[100, 100]","[100, 100]","[100, 100]","[100, 100]","[100, 100]","[100, 100]","[100, 100]","[100, 100]","[100, 100]","[100, 100]","[100, 100]","[100, 100]","[100, 100]","[100, 100]","[100, 100]","[100, 100]",ok.png,"[0, -375]","[150, 100]",21,tray,8,1,m,1,1,1,1,0,0,0,0,0,0,0,1.64770948887,1.647709488868713,0,62,62,-106,-106,1,1,0,0,0,0,0,0,0,0.792789101601,0.792789101600647,0,20,20,-386,-386,280
00.png,00.png,25.png,00.png,33.png,00.png,05.png,00.png,01.png,tray1.png,00.png,10.png,00.png,20.png,00.png,30.png,"[-204, 208]","[-54, 208]","[96, 208]","[246, 208]","[-204, 58]","[-54, 58]","[96, 58]","[246, 58]","[-204, -92]","[-54, -92]","[96, -92]","[246, -92]","[-204, -242]","[-54, -242]","[96, -242]","[246, -242]","[100, 100]","[100, 100]","[100, 100]","[100, 100]","[100, 100]","[100, 100]","[100, 100]","[100, 100]","[100, 100]","[100, 100]","[100, 100]","[100, 100]","[100, 100]","[100, 100]","[100, 100]","[100, 100]",ok.png,"[0, -375]","[150, 100]",22,tray,8,1,m,1,1,1,1,0,0,0,0,0,0,0,0.760722219944,0.7607222199440002,0,-65,-65,-77,-77,1,1,0,0,0,0,0,0,0,0.700302541256,0.7003025412559509,0,12,12,-383,-383,389
00.png,00.png,00.png,18.png,00.png,14.png,00.png,09.png,tray1.png,02.png,04.png,00.png,26.png,24.png,00.png,00.png,"[-214, 219]","[-64, 219]","[86, 219]","[236, 219]","[-214, 69]","[-64, 69]","[86, 69]","[236, 69]","[-214, -81]","[-64, -81]","[86, -81]","[236, -81]","[-214, -231]","[-64, -231]","[86, -231]","[236, -231]","[100, 100]","[100, 100]","[100, 100]","[100, 100]","[100, 100]","[100, 100]","[100, 100]","[100, 100]","[100, 100]","[100, 100]","[100, 100]","[100, 100]","[100, 100]","[100, 100]","[100, 100]","[100, 100]",ok.png,"[0, -375]","[150, 100]",23,tray,8,1,m,1,1,1,1,0,0,0,0,0,0,0,3.05481553078,3.054815530776978,0,-203,-203,-77,-77,1,1,0,0,0,0,0,0,0,1.12361395359,1.123613953590393,0,-11,-11,-366,-366,3
00.png,14.png,00.png,00.png,11.png,07.png,00.png,tray1.png,18.png,00.png,00.png,30.png,09.png,00.png,00.png,19.png,"[-216, 234]","[-66, 234]","[84, 234]","[234, 234]","[-216, 84]","[-66, 84]","[84, 84]","[234, 84]","[-216, -66]","[-66, -66]","[84, -66]","[234, -66]","[-216, -216]","[-66, -216]","[84, -216]","[234, -216]","[100, 100]","[100, 100]","[100, 100]","[100, 100]","[100, 100]","[100, 100]","[100, 100]","[100, 100]","[100, 100]","[100, 100]","[100, 100]","[100, 100]","[100, 100]","[100, 100]","[100, 100]","[100, 100]",ok.png,"[0, -375]","[150, 100]",24,tray,8,1,m,1,1,1,1,0,0,0,0,0,0,0,1.39772593975,1.397725939750671,0,236,236,85,85,1,1,0,0,0,0,0,0,0,0.764505386353,0.7645053863525391,0,10,10,-359,-359,115
31.png,00.png,13.png,00.png,23.png,00.png,tray1.png,00.png,33.png,00.png,14.png,00.png,19.png,00.png,29.png,00.png,"[-212, 241]","[-62, 241]","[88, 241]","[238, 241]","[-212, 91]","[-62, 91]","[88, 91]","[238, 91]","[-212, -59]","[-62, -59]","[88, -59]","[238, -59]","[-212, -209]","[-62, -209]","[88, -209]","[238, -209]","[100, 100]","[100, 100]","[100, 100]","[100, 100]","[100, 100]","[100, 100]","[100, 100]","[100, 100]","[100, 100]","[100, 100]","[100, 100]","[100, 100]","[100, 100]","[100, 100]","[100, 100]","[100, 100]",ok.png,"[0, -375]","[150, 100]",25,tray,8,1,m,1,1,1,1,0,0,0,0,0,0,0,1.28966963291,1.289669632911682,0,95,95,86,86,1,1,0,0,0,0,0,0,0,1.23730409145,1.237304091453552,0,29,29,-372,-372,287
00.png,00.png,00.png,00.png,00.png,00.png,00.png,00.png,07.png,06.png,05.png,04.png,03.png,02.png,01.png,tray2.png,"[-238, 249]","[-88, 249]","[62, 249]","[212, 249]","[-238, 99]","[-88, 99]","[62, 99]","[212, 99]","[-238, -51]","[-88, -51]","[62, -51]","[212, -51]","[-238, -201]","[-88, -201]","[62, -201]","[212, -201]","[100, 100]","[100, 100]","[100, 100]","[100, 100]","[100, 100]","[100, 100]","[100, 100]","[100, 100]","[100, 100]","[100, 100]","[100, 100]","[100, 100]","[100, 100]","[100, 100]","[100, 100]","[100, 100]",ok.png,"[0, -375]","[150, 100]",26,tray,8,1,m,1,1,1,1,0,0,0,0,0,0,0,1.13035285473,1.130352854728699,0,200,200,-199,-199,1,1,0,0,0,0,0,0,0,1.67241024971,1.672410249710083,0,-2,-2,-365,-365,40
00.png,00.png,00.png,00.png,00.png,00.png,14.png,00.png,13.png,12.png,11.png,10.png,00.png,09.png,tray2.png,08.png,"[-241, 213]","[-91, 213]","[59, 213]","[209, 213]","[-241, 63]","[-91, 63]","[59, 63]","[209, 63]","[-241, -87]","[-91, -87]","[59, -87]","[209, -87]","[-241, -237]","[-91, -237]","[59, -237]","[209, -237]","[100, 100]","[100, 100]","[100, 100]","[100, 100]","[100, 100]","[100, 100]","[100, 100]","[100, 100]","[100, 100]","[100, 100]","[100, 100]","[100, 100]","[100, 100]","[100, 100]","[100, 100]","[100, 100]",ok.png,"[0, -375]","[150, 100]",27,tray,8,1,m,1,1,1,1,0,0,0,0,0,0,0,1.32063221931,1.320632219314575,0,66,66,-249,-249,1,1,0,0,0,0,0,0,0,3.15003585815,3.150035858154297,0,18,18,-374,-374,274
00.png,00.png,00.png,00.png,00.png,00.png,21.png,20.png,19.png,18.png,17.png,16.png,15.png,tray2.png,00.png,00.png,"[-240, 216]","[-90, 216]","[60, 216]","[210, 216]","[-240, 66]","[-90, 66]","[60, 66]","[210, 66]","[-240, -84]","[-90, -84]","[60, -84]","[210, -84]","[-240, -234]","[-90, -234]","[60, -234]","[210, -234]","[100, 100]","[100, 100]","[100, 100]","[100, 100]","[100, 100]","[100, 100]","[100, 100]","[100, 100]","[100, 100]","[100, 100]","[100, 100]","[100, 100]","[100, 100]","[100, 100]","[100, 100]","[100, 100]",ok.png,"[0, -375]","[150, 100]",28,tray,8,1,m,1,1,1,1,0,0,0,0,0,0,0,1.20962560177,1.209625601768494,0,-109,-109,-210,-210,1,1,0,0,0,0,0,0,0,2.14978504181,2.149785041809082,0,8,8,-377,-377,290
00.png,00.png,00.png,00.png,00.png,00.png,31.png,27.png,26.png,28.png,00.png,00.png,tray2.png,24.png,23.png,22.png,"[-226, 218]","[-76, 218]","[74, 218]","[224, 218]","[-226, 68]","[-76, 68]","[74, 68]","[224, 68]","[-226, -82]","[-76, -82]","[74, -82]","[224, -82]","[-226, -232]","[-76, -232]","[74, -232]","[224, -232]","[100, 100]","[100, 100]","[100, 100]","[100, 100]","[100, 100]","[100, 100]","[100, 100]","[100, 100]","[100, 100]","[100, 100]","[100, 100]","[100, 100]","[100, 100]","[100, 100]","[100, 100]","[100, 100]",ok.png,"[0, -375]","[150, 100]",29,tray,8,1,m,1,1,1,1,0,0,0,0,0,0,0,1.27051663399,1.270516633987427,0,-210,-210,-222,-222,1,1,0,0,0,0,0,0,0,0.997905910015,0.9979059100151062,0,-3,-3,-378,-378,445
00.png,00.png,00.png,00.png,01.png,34.png,33.png,32.png,31.png,30.png,29.png,tray2.png,00.png,00.png,00.png,00.png,"[-236, 236]","[-86, 236]","[64, 236]","[214, 236]","[-236, 86]","[-86, 86]","[64, 86]","[214, 86]","[-236, -64]","[-86, -64]","[64, -64]","[214, -64]","[-236, -214]","[-86, -214]","[64, -214]","[214, -214]","[100, 100]","[100, 100]","[100, 100]","[100, 100]","[100, 100]","[100, 100]","[100, 100]","[100, 100]","[100, 100]","[100, 100]","[100, 100]","[100, 100]","[100, 100]","[100, 100]","[100, 100]","[100, 100]",ok.png,"[0, -375]","[150, 100]",30,tray,8,1,m,1,1,1,1,0,0,0,0,0,0,0,1.04737520218,1.047375202178955,0,189,189,-48,-48,1,1,0,0,0,0,0,0,0,0.550449430943,0.5504494309425354,0,40,40,-408,-408,335
00.png,00.png,23.png,17.png,00.png,00.png,15.png,06.png,00.png,00.png,tray2.png,04.png,00.png,00.png,34.png,01.png,"[-218, 229]","[-68, 229]","[82, 229]","[232, 229]","[-218, 79]","[-68, 79]","[82, 79]","[232, 79]","[-218, -71]","[-68, -71]","[82, -71]","[232, -71]","[-218, -221]","[-68, -221]","[82, -221]","[232, -221]","[100, 100]","[100, 100]","[100, 100]","[100, 100]","[100, 100]","[100, 100]","[100, 100]","[100, 100]","[100, 100]","[100, 100]","[100, 100]","[100, 100]","[100, 100]","[100, 100]","[100, 100]","[100, 100]",ok.png,"[0, -375]","[150, 100]",31,tray,8,1,m,1,1,1,1,0,0,0,0,0,0,0,1.22872138023,1.228721380233765,0,85,85,-88,-88,1,1,0,0,0,0,0,0,0,1.54147398472,1.541473984718323,0,-27,-27,-401,-401,211
14.png,09.png,22.png,06.png,00.png,00.png,00.png,00.png,25.png,tray2.png,03.png,07.png,00.png,00.png,00.png,00.png,"[-208, 218]","[-58, 218]","[92, 218]","[242, 218]","[-208, 68]","[-58, 68]","[92, 68]","[242, 68]","[-208, -82]","[-58, -82]","[92, -82]","[242, -82]","[-208, -232]","[-58, -232]","[92, -232]","[242, -232]","[100, 100]","[100, 100]","[100, 100]","[100, 100]","[100, 100]","[100, 100]","[100, 100]","[100, 100]","[100, 100]","[100, 100]","[100, 100]","[100, 100]","[100, 100]","[100, 100]","[100, 100]","[100, 100]",ok.png,"[0, -375]","[150, 100]",32,tray,8,1,m,1,1,1,1,0,0,0,0,0,0,0,1.12347400188,1.12347400188446,0,-63,-63,-105,-105,1,1,0,0,0,0,0,0,0,0.889109730721,0.88910973072052,0,29,29,-377,-377,49
00.png,00.png,00.png,00.png,31.png,30.png,17.png,00.png,tray2.png,27.png,00.png,00.png,07.png,33.png,05.png,00.png,"[-205, 250]","[-55, 250]","[95, 250]","[245, 250]","[-205, 100]","[-55, 100]","[95, 100]","[245, 100]","[-205, -50]","[-55, -50]","[95, -50]","[245, -50]","[-205, -200]","[-55, -200]","[95, -200]","[245, -200]","[100, 100]","[100, 100]","[100, 100]","[100, 100]","[100, 100]","[100, 100]","[100, 100]","[100, 100]","[100, 100]","[100, 100]","[100, 100]","[100, 100]","[100, 100]","[100, 100]","[100, 100]","[100, 100]",ok.png,"[0, -375]","[150, 100]",33,tray,8,1,m,1,1,1,1,0,0,0,0,0,0,0,1.58620738983,1.586207389831543,0,-189,-189,-46,-46,1,1,0,0,0,0,0,0,0,0.917073905468,0.9170739054679872,0,7,7,-346,-346,245
33.png,31.png,25.png,21.png,27.png,23.png,29.png,tray2.png,00.png,00.png,00.png,00.png,00.png,00.png,00.png,00.png,"[-202, 207]","[-52, 207]","[98, 207]","[248, 207]","[-202, 57]","[-52, 57]","[98, 57]","[248, 57]","[-202, -93]","[-52, -93]","[98, -93]","[248, -93]","[-202, -243]","[-52, -243]","[98, -243]","[248, -243]","[100, 100]","[100, 100]","[100, 100]","[100, 100]","[100, 100]","[100, 100]","[100, 100]","[100, 100]","[100, 100]","[100, 100]","[100, 100]","[100, 100]","[100, 100]","[100, 100]","[100, 100]","[100, 100]",ok.png,"[0, -375]","[150, 100]",34,tray,8,1,m,1,1,1,1,0,0,0,0,0,0,0,1.41193461418,1.411934614181519,0,256,256,49,49,1,1,0,0,0,0,0,0,0,0.99841940403,0.9984194040298462,0,39,39,-343,-343,156
00.png,00.png,00.png,00.png,26.png,24.png,tray2.png,22.png,20.png,18.png,16.png,14.png,00.png,00.png,00.png,00.png,"[-219, 241]","[-69, 241]","[81, 241]","[231, 241]","[-219, 91]","[-69, 91]","[81, 91]","[231, 91]","[-219, -59]","[-69, -59]","[81, -59]","[231, -59]","[-219, -209]","[-69, -209]","[81, -209]","[231, -209]","[100, 100]","[100, 100]","[100, 100]","[100, 100]","[100, 100]","[100, 100]","[100, 100]","[100, 100]","[100, 100]","[100, 100]","[100, 100]","[100, 100]","[100, 100]","[100, 100]","[100, 100]","[100, 100]",ok.png,"[0, -375]","[150, 100]",35,tray,8,1,m,1,1,1,1,0,0,0,0,0,0,0,1.49113130569,1.49113130569458,0,68,68,95,95,1,1,0,0,0,0,0,0,0,1.57172727585,1.571727275848389,0,11,11,-359,-359,107
00.png,00.png,27.png,24.png,21.png,tray2.png,19.png,16.png,00.png,00.png,10.png,13.png,00.png,00.png,00.png,00.png,"[-208, 205]","[-58, 205]","[92, 205]","[242, 205]","[-208, 55]","[-58, 55]","[92, 55]","[242, 55]","[-208, -95]","[-58, -95]","[92, -95]","[242, -95]","[-208, -245]","[-58, -245]","[92, -245]","[242, -245]","[100, 100]","[100, 100]","[100, 100]","[100, 100]","[100, 100]","[100, 100]","[100, 100]","[100, 100]","[100, 100]","[100, 100]","[100, 100]","[100, 100]","[100, 100]","[100, 100]","[100, 100]","[100, 100]",ok.png,"[0, -375]","[150, 100]",36,tray,8,1,m,1,1,1,1,0,0,0,0,0,0,0,1.41630864143,1.416308641433716,0,-43,-43,49,49,1,1,0,0,0,0,0,0,0,1.30941796303,1.309417963027954,0,1,1,-336,-336,65
00.png,00.png,00.png,00.png,tray2.png,11.png,16.png,21.png,00.png,00.png,00.png,00.png,25.png,20.png,15.png,10.png,"[-231, 247]","[-81, 247]","[69, 247]","[219, 247]","[-231, 97]","[-81, 97]","[69, 97]","[219, 97]","[-231, -53]","[-81, -53]","[69, -53]","[219, -53]","[-231, -203]","[-81, -203]","[69, -203]","[219, -203]","[100, 100]","[100, 100]","[100, 100]","[100, 100]","[100, 100]","[100, 100]","[100, 100]","[100, 100]","[100, 100]","[100, 100]","[100, 100]","[100, 100]","[100, 100]","[100, 100]","[100, 100]","[100, 100]",ok.png,"[0, -375]","[150, 100]",37,tray,8,1,m,1,1,1,1,0,0,0,0,0,0,0,1.43992340565,1.439923405647278,0,-233,-233,87,87,1,1,0,0,0,0,0,0,0,2.13072729111,2.130727291107178,0,-12,-12,-370,-370,28
04.png,02.png,05.png,tray2.png,08.png,07.png,01.png,03.png,00.png,00.png,00.png,00.png,00.png,00.png,00.png,00.png,"[-245, 248]","[-95, 248]","[55, 248]","[205, 248]","[-245, 98]","[-95, 98]","[55, 98]","[205, 98]","[-245, -52]","[-95, -52]","[55, -52]","[205, -52]","[-245, -202]","[-95, -202]","[55, -202]","[205, -202]","[100, 100]","[100, 100]","[100, 100]","[100, 100]","[100, 100]","[100, 100]","[100, 100]","[100, 100]","[100, 100]","[100, 100]","[100, 100]","[100, 100]","[100, 100]","[100, 100]","[100, 100]","[100, 100]",ok.png,"[0, -375]","[150, 100]",38,tray,8,1,m,1,1,1,1,0,0,0,0,0,0,0,1.16254258156,1.162542581558228,0,217,217,218,218,1,1,0,0,0,0,0,0,0,0.980525434017,0.9805254340171814,0,-4,-4,-396,-396,419
00.png,12.png,tray2.png,23.png,00.png,00.png,00.png,13.png,08.png,33.png,00.png,00.png,16.png,00.png,00.png,29.png,"[-231, 209]","[-81, 209]","[69, 209]","[219, 209]","[-231, 59]","[-81, 59]","[69, 59]","[219, 59]","[-231, -91]","[-81, -91]","[69, -91]","[219, -91]","[-231, -241]","[-81, -241]","[69, -241]","[219, -241]","[100, 100]","[100, 100]","[100, 100]","[100, 100]","[100, 100]","[100, 100]","[100, 100]","[100, 100]","[100, 100]","[100, 100]","[100, 100]","[100, 100]","[100, 100]","[100, 100]","[100, 100]","[100, 100]",ok.png,"[0, -375]","[150, 100]",39,tray,8,1,m,1,1,1,1,0,0,0,0,0,0,0,1.28778254986,1.287782549858093,0,60,60,223,223,1,1,0,0,0,0,0,0,0,2.96203041077,2.962030410766602,0,1,1,-387,-387,183
00.png,tray2.png,03.png,07.png,13.png,17.png,23.png,27.png,33.png,00.png,00.png,00.png,00.png,00.png,00.png,00.png,"[-213, 218]","[-63, 218]","[87, 218]","[237, 218]","[-213, 68]","[-63, 68]","[87, 68]","[237, 68]","[-213, -82]","[-63, -82]","[87, -82]","[237, -82]","[-213, -232]","[-63, -232]","[87, -232]","[237, -232]","[100, 100]","[100, 100]","[100, 100]","[100, 100]","[100, 100]","[100, 100]","[100, 100]","[100, 100]","[100, 100]","[100, 100]","[100, 100]","[100, 100]","[100, 100]","[100, 100]","[100, 100]","[100, 100]",ok.png,"[0, -375]","[150, 100]",40,tray,8,1,m,1,1,1,1,0,0,0,0,0,0,0,0.944297075272,0.9442970752716064,0,-72,-72,219,219,1,1,0,0,0,0,0,0,0,1.19873392582,1.198733925819397,0,25,25,-378,-378,298
tray2.png,17.png,07.png,14.png,00.png,00.png,00.png,00.png,00.png,00.png,00.png,00.png,02.png,30.png,20.png,04.png,"[-201, 218]","[-51, 218]","[99, 218]","[249, 218]","[-201, 68]","[-51, 68]","[99, 68]","[249, 68]","[-201, -82]","[-51, -82]","[99, -82]","[249, -82]","[-201, -232]","[-51, -232]","[99, -232]","[249, -232]","[100, 100]","[100, 100]","[100, 100]","[100, 100]","[100, 100]","[100, 100]","[100, 100]","[100, 100]","[100, 100]","[100, 100]","[100, 100]","[100, 100]","[100, 100]","[100, 100]","[100, 100]","[100, 100]",ok.png,"[0, -375]","[150, 100]",41,tray,8,1,m,1,1,1,1,0,0,0,0,0,0,0,1.7158664465,1.715866446495056,0,-250,-250,208,208,1,1,0,0,0,0,0,0,0,0.914440989494,0.9144409894943236,0,-1,-1,-364,-364,412
00.png,tray2.png,04.png,00.png,00.png,16.png,22.png,00.png,00.png,32.png,02.png,00.png,00.png,29.png,19.png,00.png,"[-207, 250]","[-57, 250]","[93, 250]","[243, 250]","[-207, 100]","[-57, 100]","[93, 100]","[243, 100]","[-207, -50]","[-57, -50]","[93, -50]","[243, -50]","[-207, -200]","[-57, -200]","[93, -200]","[243, -200]","[100, 100]","[100, 100]","[100, 100]","[100, 100]","[100, 100]","[100, 100]","[100, 100]","[100, 100]","[100, 100]","[100, 100]","[100, 100]","[100, 100]","[100, 100]","[100, 100]","[100, 100]","[100, 100]",ok.png,"[0, -375]","[150, 100]",42,tray,8,1,m,1,1,1,1,0,0,0,0,0,0,0,1.33430552483,1.33430552482605,0,-59,-59,224,224,1,1,0,0,0,0,0,0,0,1.57415533066,1.574155330657959,0,-21,-21,-366,-366,257
00.png,08.png,tray2.png,03.png,25.png,28.png,27.png,00.png,00.png,00.png,00.png,21.png,05.png,00.png,00.png,00.png,"[-227, 247]","[-77, 247]","[73, 247]","[223, 247]","[-227, 97]","[-77, 97]","[73, 97]","[223, 97]","[-227, -53]","[-77, -53]","[73, -53]","[223, -53]","[-227, -203]","[-77, -203]","[73, -203]","[223, -203]","[100, 100]","[100, 100]","[100, 100]","[100, 100]","[100, 100]","[100, 100]","[100, 100]","[100, 100]","[100, 100]","[100, 100]","[100, 100]","[100, 100]","[100, 100]","[100, 100]","[100, 100]","[100, 100]",ok.png,"[0, -375]","[150, 100]",43,tray,8,1,m,1,1,1,1,0,0,0,0,0,0,0,1.38193690777,1.38193690776825,0,102,102,257,257,1,1,0,0,0,0,0,0,0,0.967195212841,0.967195212841034,0,26,26,-382,-382,431
00.png,07.png,00.png,tray2.png,23.png,00.png,09.png,00.png,00.png,16.png,00.png,00.png,17.png,15.png,00.png,06.png,"[-243, 224]","[-93, 224]","[57, 224]","[207, 224]","[-243, 74]","[-93, 74]","[57, 74]","[207, 74]","[-243, -76]","[-93, -76]","[57, -76]","[207, -76]","[-243, -226]","[-93, -226]","[57, -226]","[207, -226]","[100, 100]","[100, 100]","[100, 100]","[100, 100]","[100, 100]","[100, 100]","[100, 100]","[100, 100]","[100, 100]","[100, 100]","[100, 100]","[100, 100]","[100, 100]","[100, 100]","[100, 100]","[100, 100]",ok.png,"[0, -375]","[150, 100]",44,tray,8,1,m,1,1,1,1,0,0,0,0,0,0,0,4.48754692078,4.487546920776367,0,238,238,224,224,1,1,0,0,0,0,0,0,0,1.00754165649,1.007541656494141,0,3,3,-382,-382,202
00.png,32.png,00.png,31.png,tray2.png,08.png,30.png,00.png,34.png,00.png,00.png,12.png,00.png,00.png,11.png,00.png,"[-243, 248]","[-93, 248]","[57, 248]","[207, 248]","[-243, 98]","[-93, 98]","[57, 98]","[207, 98]","[-243, -52]","[-93, -52]","[57, -52]","[207, -52]","[-243, -202]","[-93, -202]","[57, -202]","[207, -202]","[100, 100]","[100, 100]","[100, 100]","[100, 100]","[100, 100]","[100, 100]","[100, 100]","[100, 100]","[100, 100]","[100, 100]","[100, 100]","[100, 100]","[100, 100]","[100, 100]","[100, 100]","[100, 100]",ok.png,"[0, -375]","[150, 100]",45,tray,8,1,m,1,1,1,1,0,0,0,0,0,0,0,1.10215711594,1.102157115936279,0,-258,-258,88,88,1,1,0,0,0,0,0,0,0,1.51405584812,1.514055848121643,0,-11,-11,-377,-377,285
00.png,00.png,16.png,13.png,10.png,tray2.png,09.png,07.png,27.png,24.png,00.png,00.png,00.png,00.png,00.png,00.png,"[-241, 244]","[-91, 244]","[59, 244]","[209, 244]","[-241, 94]","[-91, 94]","[59, 94]","[209, 94]","[-241, -56]","[-91, -56]","[59, -56]","[209, -56]","[-241, -206]","[-91, -206]","[59, -206]","[209, -206]","[100, 100]","[100, 100]","[100, 100]","[100, 100]","[100, 100]","[100, 100]","[100, 100]","[100, 100]","[100, 100]","[100, 100]","[100, 100]","[100, 100]","[100, 100]","[100, 100]","[100, 100]","[100, 100]",ok.png,"[0, -375]","[150, 100]",46,tray,8,1,m,1,1,1,1,0,0,0,0,0,0,0,1.17947971821,1.179479718208313,0,-93,-93,108,108,1,1,0,0,0,0,0,0,0,1.01500928402,1.01500928401947,0,33,33,-379,-379,153
30.png,00.png,20.png,00.png,10.png,00.png,tray2.png,01.png,00.png,05.png,00.png,33.png,00.png,25.png,00.png,00.png,"[-232, 242]","[-82, 242]","[68, 242]","[218, 242]","[-232, 92]","[-82, 92]","[68, 92]","[218, 92]","[-232, -58]","[-82, -58]","[68, -58]","[218, -58]","[-232, -208]","[-82, -208]","[68, -208]","[218, -208]","[100, 100]","[100, 100]","[100, 100]","[100, 100]","[100, 100]","[100, 100]","[100, 100]","[100, 100]","[100, 100]","[100, 100]","[100, 100]","[100, 100]","[100, 100]","[100, 100]","[100, 100]","[100, 100]",ok.png,"[0, -375]","[150, 100]",47,tray,8,1,m,1,1,1,1,0,0,0,0,0,0,0,1.27117455006,1.271174550056458,0,56,56,69,69,1,1,0,0,0,0,0,0,0,2.55802249908,2.558022499084473,0,12,12,-366,-366,301
00.png,00.png,24.png,26.png,00.png,04.png,02.png,tray2.png,09.png,00.png,14.png,00.png,18.png,00.png,00.png,00.png,"[-234, 240]","[-84, 240]","[66, 240]","[216, 240]","[-234, 90]","[-84, 90]","[66, 90]","[216, 90]","[-234, -60]","[-84, -60]","[66, -60]","[216, -60]","[-234, -210]","[-84, -210]","[66, -210]","[216, -210]","[100, 100]","[100, 100]","[100, 100]","[100, 100]","[100, 100]","[100, 100]","[100, 100]","[100, 100]","[100, 100]","[100, 100]","[100, 100]","[100, 100]","[100, 100]","[100, 100]","[100, 100]","[100, 100]",ok.png,"[0, -375]","[150, 100]",48,tray,8,1,m,1,1,1,1,0,0,0,0,0,0,0,1.29148972034,1.291489720344543,0,201,201,88,88,1,1,0,0,0,0,0,0,0,0.897421777248,0.8974217772483826,0,9,9,-389,-389,270
19.png,00.png,00.png,09.png,30.png,00.png,00.png,18.png,tray2.png,00.png,07.png,11.png,00.png,00.png,14.png,00.png,"[-227, 214]","[-77, 214]","[73, 214]","[223, 214]","[-227, 64]","[-77, 64]","[73, 64]","[223, 64]","[-227, -86]","[-77, -86]","[73, -86]","[223, -86]","[-227, -236]","[-77, -236]","[73, -236]","[223, -236]","[100, 100]","[100, 100]","[100, 100]","[100, 100]","[100, 100]","[100, 100]","[100, 100]","[100, 100]","[100, 100]","[100, 100]","[100, 100]","[100, 100]","[100, 100]","[100, 100]","[100, 100]","[100, 100]",ok.png,"[0, -375]","[150, 100]",49,tray,8,1,m,1,1,1,1,0,0,0,0,0,0,0,1.24363529682,1.243635296821594,0,-222,-222,-107,-107,1,1,0,0,0,0,0,0,0,1.44747972488,1.447479724884033,0,5,5,-378,-378,328
00.png,29.png,00.png,19.png,00.png,14.png,00.png,33.png,00.png,tray2.png,00.png,23.png,00.png,13.png,00.png,31.png,"[-200, 225]","[-50, 225]","[100, 225]","[250, 225]","[-200, 75]","[-50, 75]","[100, 75]","[250, 75]","[-200, -75]","[-50, -75]","[100, -75]","[250, -75]","[-200, -225]","[-50, -225]","[100, -225]","[250, -225]","[100, 100]","[100, 100]","[100, 100]","[100, 100]","[100, 100]","[100, 100]","[100, 100]","[100, 100]","[100, 100]","[100, 100]","[100, 100]","[100, 100]","[100, 100]","[100, 100]","[100, 100]","[100, 100]",ok.png,"[0, -375]","[150, 100]",50,tray,8,1,m,1,1,1,1,0,0,0,0,0,0,0,1.16434860229,1.164348602294922,0,-26,-26,-78,-78,1,1,0,0,0,0,0,0,0,1.8328949213,1.832894921302795,0,9,9,-384,-384,85
dots1.png,01.png,02.png,03.png,04.png,05.png,06.png,07.png,00.png,00.png,00.png,00.png,00.png,00.png,00.png,00.png,"[-213, 213]","[-63, 213]","[87, 213]","[237, 213]","[-213, 63]","[-63, 63]","[87, 63]","[237, 63]","[-213, -87]","[-63, -87]","[87, -87]","[237, -87]","[-213, -237]","[-63, -237]","[87, -237]","[237, -237]","[100, 100]","[100, 100]","[100, 100]","[100, 100]","[100, 100]","[100, 100]","[100, 100]","[100, 100]","[100, 100]","[100, 100]","[100, 100]","[100, 100]","[100, 100]","[100, 100]","[100, 100]","[100, 100]",ok.png,"[0, -375]","[150, 100]",51,dots,8,2,m,1,1,1,1,0,0,0,0,0,0,0,1.62613260746,1.626132607460022,0,-218,-218,222,222,1,1,0,0,0,0,0,0,0,0.683209776878,0.6832097768783569,0,-26,-26,-361,-361,425
08.png,dots1.png,09.png,00.png,10.png,11.png,12.png,13.png,00.png,14.png,00.png,00.png,00.png,00.png,00.png,00.png,"[-227, 205]","[-77, 205]","[73, 205]","[223, 205]","[-227, 55]","[-77, 55]","[73, 55]","[223, 55]","[-227, -95]","[-77, -95]","[73, -95]","[223, -95]","[-227, -245]","[-77, -245]","[73, -245]","[223, -245]","[100, 100]","[100, 100]","[100, 100]","[100, 100]","[100, 100]","[100, 100]","[100, 100]","[100, 100]","[100, 100]","[100, 100]","[100, 100]","[100, 100]","[100, 100]","[100, 100]","[100, 100]","[100, 100]",ok.png,"[0, -375]","[150, 100]",52,dots,8,2,m,1,1,1,1,0,0,0,0,0,0,0,1.24313509464,1.243135094642639,0,-94,-94,205,205,1,1,0,0,0,0,0,0,0,1.26655733585,1.266557335853577,0,18,18,-357,-357,197
00.png,00.png,dots1.png,15.png,16.png,17.png,18.png,19.png,20.png,21.png,00.png,00.png,00.png,00.png,00.png,00.png,"[-209, 224]","[-59, 224]","[91, 224]","[241, 224]","[-209, 74]","[-59, 74]","[91, 74]","[241, 74]","[-209, -76]","[-59, -76]","[91, -76]","[241, -76]","[-209, -226]","[-59, -226]","[91, -226]","[241, -226]","[100, 100]","[100, 100]","[100, 100]","[100, 100]","[100, 100]","[100, 100]","[100, 100]","[100, 100]","[100, 100]","[100, 100]","[100, 100]","[100, 100]","[100, 100]","[100, 100]","[100, 100]","[100, 100]",ok.png,"[0, -375]","[150, 100]",53,dots,8,2,m,1,1,1,1,0,0,0,0,0,0,0,1.28696286678,1.286962866783142,0,91,91,215,215,1,1,0,0,0,0,0,0,0,1.59013414383,1.590134143829346,0,12,12,-354,-354,98
22.png,23.png,24.png,dots1.png,00.png,00.png,25.png,26.png,00.png,00.png,27.png,28.png,00.png,00.png,00.png,00.png,"[-226, 221]","[-76, 221]","[74, 221]","[224, 221]","[-226, 71]","[-76, 71]","[74, 71]","[224, 71]","[-226, -79]","[-76, -79]","[74, -79]","[224, -79]","[-226, -229]","[-76, -229]","[74, -229]","[224, -229]","[100, 100]","[100, 100]","[100, 100]","[100, 100]","[100, 100]","[100, 100]","[100, 100]","[100, 100]","[100, 100]","[100, 100]","[100, 100]","[100, 100]","[100, 100]","[100, 100]","[100, 100]","[100, 100]",ok.png,"[0, -375]","[150, 100]",54,dots,8,2,m,1,1,1,1,0,0,0,0,0,0,0,1.60062408447,1.600624084472656,0,210,210,219,219,1,1,0,0,0,0,0,0,0,0.893176436424,0.8931764364242554,0,6,6,-396,-396,276
00.png,00.png,00.png,00.png,dots1.png,29.png,30.png,31.png,32.png,33.png,34.png,01.png,00.png,00.png,00.png,00.png,"[-250, 206]","[-100, 206]","[50, 206]","[200, 206]","[-250, 56]","[-100, 56]","[50, 56]","[200, 56]","[-250, -94]","[-100, -94]","[50, -94]","[200, -94]","[-250, -244]","[-100, -244]","[50, -244]","[200, -244]","[100, 100]","[100, 100]","[100, 100]","[100, 100]","[100, 100]","[100, 100]","[100, 100]","[100, 100]","[100, 100]","[100, 100]","[100, 100]","[100, 100]","[100, 100]","[100, 100]","[100, 100]","[100, 100]",ok.png,"[0, -375]","[150, 100]",55,dots,8,2,m,1,1,1,1,0,0,0,0,0,0,0,0.932677447796,0.932677447795868,0,-250,-250,64,64,1,1,0,0,0,0,0,0,0,0.679120838642,0.6791208386421204,0,29,29,-370,-370,365
01.png,34.png,00.png,00.png,04.png,dots1.png,00.png,00.png,06.png,15.png,00.png,00.png,17.png,23.png,00.png,00.png,"[-224, 235]","[-74, 235]","[76, 235]","[226, 235]","[-224, 85]","[-74, 85]","[76, 85]","[226, 85]","[-224, -65]","[-74, -65]","[76, -65]","[226, -65]","[-224, -215]","[-74, -215]","[76, -215]","[226, -215]","[100, 100]","[100, 100]","[100, 100]","[100, 100]","[100, 100]","[100, 100]","[100, 100]","[100, 100]","[100, 100]","[100, 100]","[100, 100]","[100, 100]","[100, 100]","[100, 100]","[100, 100]","[100, 100]",ok.png,"[0, -375]","[150, 100]",56,dots,8,2,m,1,1,1,1,0,0,0,0,0,0,0,0.806634485722,0.8066344857215881,0,-82,-82,86,86,1,1,0,0,0,0,0,0,0,0.82221275568,0.8222127556800842,0,-11,-11,-362,-362,376
00.png,00.png,00.png,00.png,07.png,03.png,dots1.png,25.png,00.png,00.png,00.png,00.png,06.png,22.png,09.png,14.png,"[-210, 201]","[-60, 201]","[90, 201]","[240, 201]","[-210, 51]","[-60, 51]","[90, 51]","[240, 51]","[-210, -99]","[-60, -99]","[90, -99]","[240, -99]","[-210, -249]","[-60, -249]","[90, -249]","[240, -249]","[100, 100]","[100, 100]","[100, 100]","[100, 100]","[100, 100]","[100, 100]","[100, 100]","[100, 100]","[100, 100]","[100, 100]","[100, 100]","[100, 100]","[100, 100]","[100, 100]","[100, 100]","[100, 100]",ok.png,"[0, -375]","[150, 100]",57,dots,8,2,m,1,1,1,1,0,0,0,0,0,0,0,1.41470777988,1.414707779884338,0,88,88,42,42,1,1,0,0,0,0,0,0,0,1.10213387012,1.102133870124817,0,8,8,-384,-384,154
00.png,05.png,33.png,07.png,00.png,00.png,27.png,dots1.png,00.png,17.png,30.png,31.png,00.png,00.png,00.png,00.png,"[-245, 228]","[-95, 228]","[55, 228]","[205, 228]","[-245, 78]","[-95, 78]","[55, 78]","[205, 78]","[-245, -72]","[-95, -72]","[55, -72]","[205, -72]","[-245, -222]","[-95, -222]","[55, -222]","[205, -222]","[100, 100]","[100, 100]","[100, 100]","[100, 100]","[100, 100]","[100, 100]","[100, 100]","[100, 100]","[100, 100]","[100, 100]","[100, 100]","[100, 100]","[100, 100]","[100, 100]","[100, 100]","[100, 100]",ok.png,"[0, -375]","[150, 100]",58,dots,8,2,m,1,1,1,1,0,0,0,0,0,0,0,3.83357381821,3.833573818206787,0,217,217,54,54,1,1,0,0,0,0,0,0,0,2.43906855583,2.439068555831909,0,3,3,-364,-364,30
00.png,00.png,00.png,00.png,00.png,00.png,00.png,00.png,dots1.png,29.png,23.png,27.png,21.png,25.png,31.png,33.png,"[-230, 225]","[-80, 225]","[70, 225]","[220, 225]","[-230, 75]","[-80, 75]","[70, 75]","[220, 75]","[-230, -75]","[-80, -75]","[70, -75]","[220, -75]","[-230, -225]","[-80, -225]","[70, -225]","[220, -225]","[100, 100]","[100, 100]","[100, 100]","[100, 100]","[100, 100]","[100, 100]","[100, 100]","[100, 100]","[100, 100]","[100, 100]","[100, 100]","[100, 100]","[100, 100]","[100, 100]","[100, 100]","[100, 100]",ok.png,"[0, -375]","[150, 100]",59,dots,8,2,m,1,1,1,1,0,0,0,0,0,0,0,1.31580460072,1.315804600715637,0,-207,-207,-70,-70,1,1,0,0,0,0,0,0,0,1.1470553875,1.147055387496948,0,14,14,-360,-360,35
00.png,00.png,00.png,00.png,14.png,16.png,18.png,20.png,22.png,dots1.png,24.png,26.png,00.png,00.png,00.png,00.png,"[-245, 208]","[-95, 208]","[55, 208]","[205, 208]","[-245, 58]","[-95, 58]","[55, 58]","[205, 58]","[-245, -92]","[-95, -92]","[55, -92]","[205, -92]","[-245, -242]","[-95, -242]","[55, -242]","[205, -242]","[100, 100]","[100, 100]","[100, 100]","[100, 100]","[100, 100]","[100, 100]","[100, 100]","[100, 100]","[100, 100]","[100, 100]","[100, 100]","[100, 100]","[100, 100]","[100, 100]","[100, 100]","[100, 100]",ok.png,"[0, -375]","[150, 100]",60,dots,8,2,m,1,1,1,1,0,0,0,0,0,0,0,1.0412940979,1.041294097900391,0,-77,-77,-92,-92,1,1,0,0,0,0,0,0,0,1.028886199,1.028886198997498,0,8,8,-372,-372,302
00.png,00.png,00.png,00.png,13.png,10.png,00.png,00.png,16.png,19.png,dots1.png,21.png,24.png,27.png,00.png,00.png,"[-227, 226]","[-77, 226]","[73, 226]","[223, 226]","[-227, 76]","[-77, 76]","[73, 76]","[223, 76]","[-227, -74]","[-77, -74]","[73, -74]","[223, -74]","[-227, -224]","[-77, -224]","[73, -224]","[223, -224]","[100, 100]","[100, 100]","[100, 100]","[100, 100]","[100, 100]","[100, 100]","[100, 100]","[100, 100]","[100, 100]","[100, 100]","[100, 100]","[100, 100]","[100, 100]","[100, 100]","[100, 100]","[100, 100]",ok.png,"[0, -375]","[150, 100]",61,dots,8,2,m,1,1,1,1,0,0,0,0,0,0,0,4.55222892761,4.552228927612305,0,67,67,-93,-93,1,1,0,0,0,0,0,0,0,0.961371719837,0.9613717198371888,0,45,45,-359,-359,64
10.png,15.png,20.png,25.png,00.png,00.png,00.png,00.png,21.png,16.png,11.png,dots1.png,00.png,00.png,00.png,00.png,"[-211, 209]","[-61, 209]","[89, 209]","[239, 209]","[-211, 59]","[-61, 59]","[89, 59]","[239, 59]","[-211, -91]","[-61, -91]","[89, -91]","[239, -91]","[-211, -241]","[-61, -241]","[89, -241]","[239, -241]","[100, 100]","[100, 100]","[100, 100]","[100, 100]","[100, 100]","[100, 100]","[100, 100]","[100, 100]","[100, 100]","[100, 100]","[100, 100]","[100, 100]","[100, 100]","[100, 100]","[100, 100]","[100, 100]",ok.png,"[0, -375]","[150, 100]",62,dots,8,2,m,1,1,1,1,0,0,0,0,0,0,0,1.27318000793,1.27318000793457,0,248,248,-102,-102,1,1,0,0,0,0,0,0,0,0.638900995255,0.6389009952545166,0,11,11,-387,-387,338
00.png,00.png,00.png,00.png,00.png,00.png,00.png,00.png,03.png,01.png,07.png,08.png,dots1.png,05.png,02.png,04.png,"[-239, 213]","[-89, 213]","[61, 213]","[211, 213]","[-239, 63]","[-89, 63]","[61, 63]","[211, 63]","[-239, -87]","[-89, -87]","[61, -87]","[211, -87]","[-239, -237]","[-89, -237]","[61, -237]","[211, -237]","[100, 100]","[100, 100]","[100, 100]","[100, 100]","[100, 100]","[100, 100]","[100, 100]","[100, 100]","[100, 100]","[100, 100]","[100, 100]","[100, 100]","[100, 100]","[100, 100]","[100, 100]","[100, 100]",ok.png,"[0, -375]","[150, 100]",63,dots,8,2,m,1,1,1,1,0,0,0,0,0,0,0,1.12329816818,1.123298168182373,0,-219,-219,-232,-232,1,1,0,0,0,0,0,0,0,0.85223954916,0.8522395491600037,0,35,35,-382,-382,141
29.png,00.png,00.png,16.png,00.png,00.png,33.png,08.png,13.png,00.png,00.png,00.png,23.png,dots1.png,12.png,00.png,"[-236, 203]","[-86, 203]","[64, 203]","[214, 203]","[-236, 53]","[-86, 53]","[64, 53]","[214, 53]","[-236, -97]","[-86, -97]","[64, -97]","[214, -97]","[-236, -247]","[-86, -247]","[64, -247]","[214, -247]","[100, 100]","[100, 100]","[100, 100]","[100, 100]","[100, 100]","[100, 100]","[100, 100]","[100, 100]","[100, 100]","[100, 100]","[100, 100]","[100, 100]","[100, 100]","[100, 100]","[100, 100]","[100, 100]",ok.png,"[0, -375]","[150, 100]",64,dots,8,2,m,1,1,1,1,0,0,0,0,0,0,0,1.68005132675,1.680051326751709,0,-94,-94,-232,-232,1,1,0,0,0,0,0,0,0,0.79798823595,0.79798823595047,0,10,10,-370,-370,124
00.png,00.png,00.png,00.png,00.png,00.png,00.png,33.png,27.png,23.png,17.png,13.png,07.png,03.png,dots1.png,00.png,"[-226, 249]","[-76, 249]","[74, 249]","[224, 249]","[-226, 99]","[-76, 99]","[74, 99]","[224, 99]","[-226, -51]","[-76, -51]","[74, -51]","[224, -51]","[-226, -201]","[-76, -201]","[74, -201]","[224, -201]","[100, 100]","[100, 100]","[100, 100]","[100, 100]","[100, 100]","[100, 100]","[100, 100]","[100, 100]","[100, 100]","[100, 100]","[100, 100]","[100, 100]","[100, 100]","[100, 100]","[100, 100]","[100, 100]",ok.png,"[0, -375]","[150, 100]",65,dots,8,2,m,1,1,1,1,0,0,0,0,0,0,0,1.39066255093,1.390662550926208,0,69,69,-218,-218,1,1,0,0,0,0,0,0,0,0.957977235317,0.9579772353172302,0,29,29,-381,-381,330
04.png,20.png,30.png,02.png,00.png,00.png,00.png,00.png,00.png,00.png,00.png,00.png,14.png,07.png,17.png,dots1.png,"[-204, 235]","[-54, 235]","[96, 235]","[246, 235]","[-204, 85]","[-54, 85]","[96, 85]","[246, 85]","[-204, -65]","[-54, -65]","[96, -65]","[246, -65]","[-204, -215]","[-54, -215]","[96, -215]","[246, -215]","[100, 100]","[100, 100]","[100, 100]","[100, 100]","[100, 100]","[100, 100]","[100, 100]","[100, 100]","[100, 100]","[100, 100]","[100, 100]","[100, 100]","[100, 100]","[100, 100]","[100, 100]","[100, 100]",ok.png,"[0, -375]","[150, 100]",66,dots,8,2,m,1,1,1,1,0,0,0,0,0,0,0,1.07067525387,1.070675253868103,0,269,269,-231,-231,1,1,0,0,0,0,0,0,0,0.906553864479,0.9065538644790648,0,32,32,-347,-347,410
00.png,19.png,29.png,00.png,00.png,02.png,32.png,00.png,00.png,22.png,16.png,00.png,00.png,04.png,dots1.png,00.png,"[-231, 240]","[-81, 240]","[69, 240]","[219, 240]","[-231, 90]","[-81, 90]","[69, 90]","[219, 90]","[-231, -60]","[-81, -60]","[69, -60]","[219, -60]","[-231, -210]","[-81, -210]","[69, -210]","[219, -210]","[100, 100]","[100, 100]","[100, 100]","[100, 100]","[100, 100]","[100, 100]","[100, 100]","[100, 100]","[100, 100]","[100, 100]","[100, 100]","[100, 100]","[100, 100]","[100, 100]","[100, 100]","[100, 100]",ok.png,"[0, -375]","[150, 100]",67,dots,8,2,m,1,1,1,1,0,0,0,0,0,0,0,1.39798080921,1.397980809211731,0,64,64,-212,-212,1,1,0,0,0,0,0,0,0,1.60256624222,1.602566242218018,0,15,15,-369,-369,57
00.png,00.png,00.png,05.png,21.png,00.png,00.png,00.png,00.png,27.png,28.png,25.png,03.png,dots1.png,08.png,00.png,"[-219, 217]","[-69, 217]","[81, 217]","[231, 217]","[-219, 67]","[-69, 67]","[81, 67]","[231, 67]","[-219, -83]","[-69, -83]","[81, -83]","[231, -83]","[-219, -233]","[-69, -233]","[81, -233]","[231, -233]","[100, 100]","[100, 100]","[100, 100]","[100, 100]","[100, 100]","[100, 100]","[100, 100]","[100, 100]","[100, 100]","[100, 100]","[100, 100]","[100, 100]","[100, 100]","[100, 100]","[100, 100]","[100, 100]",ok.png,"[0, -375]","[150, 100]",68,dots,8,2,m,1,1,1,1,0,0,0,0,0,0,0,1.61636590958,1.616365909576416,0,-40,-40,-213,-213,1,1,0,0,0,0,0,0,0,2.10448050499,2.104480504989624,0,4,4,-372,-372,192
06.png,00.png,15.png,17.png,00.png,00.png,16.png,00.png,00.png,09.png,00.png,23.png,dots1.png,00.png,07.png,00.png,"[-239, 240]","[-89, 240]","[61, 240]","[211, 240]","[-239, 90]","[-89, 90]","[61, 90]","[211, 90]","[-239, -60]","[-89, -60]","[61, -60]","[211, -60]","[-239, -210]","[-89, -210]","[61, -210]","[211, -210]","[100, 100]","[100, 100]","[100, 100]","[100, 100]","[100, 100]","[100, 100]","[100, 100]","[100, 100]","[100, 100]","[100, 100]","[100, 100]","[100, 100]","[100, 100]","[100, 100]","[100, 100]","[100, 100]",ok.png,"[0, -375]","[150, 100]",69,dots,8,2,m,1,1,1,1,0,0,0,0,0,0,0,2.32221579552,2.322215795516968,0,-239,-239,-218,-218,1,1,0,0,0,0,0,0,0,1.25120043755,1.251200437545776,0,12,12,-347,-347,175
00.png,11.png,00.png,00.png,12.png,00.png,00.png,34.png,00.png,30.png,08.png,dots1.png,31.png,00.png,32.png,00.png,"[-210, 247]","[-60, 247]","[90, 247]","[240, 247]","[-210, 97]","[-60, 97]","[90, 97]","[240, 97]","[-210, -53]","[-60, -53]","[90, -53]","[240, -53]","[-210, -203]","[-60, -203]","[90, -203]","[240, -203]","[100, 100]","[100, 100]","[100, 100]","[100, 100]","[100, 100]","[100, 100]","[100, 100]","[100, 100]","[100, 100]","[100, 100]","[100, 100]","[100, 100]","[100, 100]","[100, 100]","[100, 100]","[100, 100]",ok.png,"[0, -375]","[150, 100]",70,dots,8,2,m,1,1,1,1,0,0,0,0,0,0,0,1.10551190376,1.105511903762817,0,250,250,-39,-39,1,1,0,0,0,0,0,0,0,1.93821597099,1.938215970993042,0,4,4,-371,-371,293
00.png,00.png,00.png,00.png,00.png,00.png,24.png,27.png,07.png,09.png,dots1.png,10.png,13.png,16.png,00.png,00.png,"[-223, 232]","[-73, 232]","[77, 232]","[227, 232]","[-223, 82]","[-73, 82]","[77, 82]","[227, 82]","[-223, -68]","[-73, -68]","[77, -68]","[227, -68]","[-223, -218]","[-73, -218]","[77, -218]","[227, -218]","[100, 100]","[100, 100]","[100, 100]","[100, 100]","[100, 100]","[100, 100]","[100, 100]","[100, 100]","[100, 100]","[100, 100]","[100, 100]","[100, 100]","[100, 100]","[100, 100]","[100, 100]","[100, 100]",ok.png,"[0, -375]","[150, 100]",71,dots,8,2,m,1,1,1,1,0,0,0,0,0,0,0,1.57534170151,1.575341701507568,0,87,87,-54,-54,1,1,0,0,0,0,0,0,0,1.20686674118,1.20686674118042,0,29,29,-366,-366,103
00.png,00.png,25.png,00.png,33.png,00.png,05.png,00.png,01.png,dots1.png,00.png,10.png,00.png,20.png,00.png,30.png,"[-230, 235]","[-80, 235]","[70, 235]","[220, 235]","[-230, 85]","[-80, 85]","[70, 85]","[220, 85]","[-230, -65]","[-80, -65]","[70, -65]","[220, -65]","[-230, -215]","[-80, -215]","[70, -215]","[220, -215]","[100, 100]","[100, 100]","[100, 100]","[100, 100]","[100, 100]","[100, 100]","[100, 100]","[100, 100]","[100, 100]","[100, 100]","[100, 100]","[100, 100]","[100, 100]","[100, 100]","[100, 100]","[100, 100]",ok.png,"[0, -375]","[150, 100]",72,dots,8,2,m,1,1,1,1,0,0,0,0,0,0,0,1.1332372427,1.133237242698669,0,-74,-74,-65,-65,1,1,0,0,0,0,0,0,0,2.02795147896,2.02795147895813,0,39,39,-368,-368,216
00.png,00.png,00.png,18.png,00.png,14.png,00.png,09.png,dots1.png,02.png,04.png,00.png,26.png,24.png,00.png,00.png,"[-204, 234]","[-54, 234]","[96, 234]","[246, 234]","[-204, 84]","[-54, 84]","[96, 84]","[246, 84]","[-204, -66]","[-54, -66]","[96, -66]","[246, -66]","[-204, -216]","[-54, -216]","[96, -216]","[246, -216]","[100, 100]","[100, 100]","[100, 100]","[100, 100]","[100, 100]","[100, 100]","[100, 100]","[100, 100]","[100, 100]","[100, 100]","[100, 100]","[100, 100]","[100, 100]","[100, 100]","[100, 100]","[100, 100]",ok.png,"[0, -375]","[150, 100]",73,dots,8,2,m,1,1,1,1,0,0,0,0,0,0,0,1.61651778221,1.616517782211304,0,-209,-209,-79,-79,1,1,0,0,0,0,0,0,0,1.05435502529,1.054355025291443,0,9,9,-351,-351,8
00.png,14.png,00.png,00.png,11.png,07.png,00.png,dots1.png,18.png,00.png,00.png,30.png,09.png,00.png,00.png,19.png,"[-205, 214]","[-55, 214]","[95, 214]","[245, 214]","[-205, 64]","[-55, 64]","[95, 64]","[245, 64]","[-205, -86]","[-55, -86]","[95, -86]","[245, -86]","[-205, -236]","[-55, -236]","[95, -236]","[245, -236]","[100, 100]","[100, 100]","[100, 100]","[100, 100]","[100, 100]","[100, 100]","[100, 100]","[100, 100]","[100, 100]","[100, 100]","[100, 100]","[100, 100]","[100, 100]","[100, 100]","[100, 100]","[100, 100]",ok.png,"[0, -375]","[150, 100]",74,dots,8,2,m,1,1,1,1,0,0,0,0,0,0,0,1.63002824783,1.630028247833252,0,238,238,56,56,1,1,0,0,0,0,0,0,0,2.9017906189,2.901790618896484,0,12,12,-365,-365,294
31.png,00.png,13.png,00.png,23.png,00.png,dots1.png,00.png,33.png,00.png,14.png,00.png,19.png,00.png,29.png,00.png,"[-247, 223]","[-97, 223]","[53, 223]","[203, 223]","[-247, 73]","[-97, 73]","[53, 73]","[203, 73]","[-247, -77]","[-97, -77]","[53, -77]","[203, -77]","[-247, -227]","[-97, -227]","[53, -227]","[203, -227]","[100, 100]","[100, 100]","[100, 100]","[100, 100]","[100, 100]","[100, 100]","[100, 100]","[100, 100]","[100, 100]","[100, 100]","[100, 100]","[100, 100]","[100, 100]","[100, 100]","[100, 100]","[100, 100]",ok.png,"[0, -375]","[150, 100]",75,dots,8,2,m,1,1,1,1,0,0,0,0,0,0,0,1.25483822823,1.254838228225708,0,66,66,79,79,1,1,0,0,0,0,0,0,0,3.25724434853,3.257244348526001,0,-11,-11,-328,-328,51
00.png,00.png,00.png,00.png,00.png,00.png,00.png,00.png,07.png,06.png,05.png,04.png,03.png,02.png,01.png,dots2.png,"[-207, 209]","[-57, 209]","[93, 209]","[243, 209]","[-207, 59]","[-57, 59]","[93, 59]","[243, 59]","[-207, -91]","[-57, -91]","[93, -91]","[243, -91]","[-207, -241]","[-57, -241]","[93, -241]","[243, -241]","[100, 100]","[100, 100]","[100, 100]","[100, 100]","[100, 100]","[100, 100]","[100, 100]","[100, 100]","[100, 100]","[100, 100]","[100, 100]","[100, 100]","[100, 100]","[100, 100]","[100, 100]","[100, 100]",ok.png,"[0, -375]","[150, 100]",76,dots,8,2,m,1,1,1,1,0,0,0,0,0,0,0,1.02203464508,1.022034645080566,0,210,210,-253,-253,1,1,0,0,0,0,0,0,0,1.90244162083,1.902441620826721,0,27,27,-377,-377,164
00.png,00.png,00.png,00.png,00.png,00.png,14.png,00.png,13.png,12.png,11.png,10.png,00.png,09.png,dots2.png,08.png,"[-237, 214]","[-87, 214]","[63, 214]","[213, 214]","[-237, 64]","[-87, 64]","[63, 64]","[213, 64]","[-237, -86]","[-87, -86]","[63, -86]","[213, -86]","[-237, -236]","[-87, -236]","[63, -236]","[213, -236]","[100, 100]","[100, 100]","[100, 100]","[100, 100]","[100, 100]","[100, 100]","[100, 100]","[100, 100]","[100, 100]","[100, 100]","[100, 100]","[100, 100]","[100, 100]","[100, 100]","[100, 100]","[100, 100]",ok.png,"[0, -375]","[150, 100]",77,dots,8,2,m,1,1,1,1,0,0,0,0,0,0,0,1.17102468014,1.171024680137634,0,82,82,-235,-235,1,1,0,0,0,0,0,0,0,0.836904585361,0.8369045853614807,0,11,11,-380,-380,295
00.png,00.png,00.png,00.png,00.png,00.png,21.png,20.png,19.png,18.png,17.png,16.png,15.png,dots2.png,00.png,00.png,"[-231, 207]","[-81, 207]","[69, 207]","[219, 207]","[-231, 57]","[-81, 57]","[69, 57]","[219, 57]","[-231, -93]","[-81, -93]","[69, -93]","[219, -93]","[-231, -243]","[-81, -243]","[69, -243]","[219, -243]","[100, 100]","[100, 100]","[100, 100]","[100, 100]","[100, 100]","[100, 100]","[100, 100]","[100, 100]","[100, 100]","[100, 100]","[100, 100]","[100, 100]","[100, 100]","[100, 100]","[100, 100]","[100, 100]",ok.png,"[0, -375]","[150, 100]",78,dots,8,2,m,1,1,1,1,0,0,0,0,0,0,0,1.30432248116,1.304322481155396,0,-83,-83,-241,-241,1,1,0,0,0,0,0,0,0,2.27323174477,2.273231744766235,0,19,19,-361,-361,152
00.png,00.png,00.png,00.png,00.png,00.png,31.png,27.png,26.png,28.png,00.png,00.png,dots2.png,24.png,23.png,22.png,"[-245, 222]","[-95, 222]","[55, 222]","[205, 222]","[-245, 72]","[-95, 72]","[55, 72]","[205, 72]","[-245, -78]","[-95, -78]","[55, -78]","[205, -78]","[-245, -228]","[-95, -228]","[55, -228]","[205, -228]","[100, 100]","[100, 100]","[100, 100]","[100, 100]","[100, 100]","[100, 100]","[100, 100]","[100, 100]","[100, 100]","[100, 100]","[100, 100]","[100, 100]","[100, 100]","[100, 100]","[100, 100]","[100, 100]",ok.png,"[0, -375]","[150, 100]",79,dots,8,2,m,1,1,1,1,0,0,0,0,0,0,0,1.38464164734,1.384641647338867,0,-238,-238,-225,-225,1,1,0,0,0,0,0,0,0,0.997984588146,0.9979845881462096,0,41,41,-369,-369,201
00.png,00.png,00.png,00.png,01.png,34.png,33.png,32.png,31.png,30.png,29.png,dots2.png,00.png,00.png,00.png,00.png,"[-210, 238]","[-60, 238]","[90, 238]","[240, 238]","[-210, 88]","[-60, 88]","[90, 88]","[240, 88]","[-210, -62]","[-60, -62]","[90, -62]","[240, -62]","[-210, -212]","[-60, -212]","[90, -212]","[240, -212]","[100, 100]","[100, 100]","[100, 100]","[100, 100]","[100, 100]","[100, 100]","[100, 100]","[100, 100]","[100, 100]","[100, 100]","[100, 100]","[100, 100]","[100, 100]","[100, 100]","[100, 100]","[100, 100]",ok.png,"[0, -375]","[150, 100]",80,dots,8,2,m,1,1,1,1,0,0,0,0,0,0,0,1.43624842167,1.436248421669006,0,236,236,-67,-67,1,1,0,0,0,0,0,0,0,0.631035089493,0.6310350894927979,0,7,7,-374,-374,100
00.png,00.png,23.png,17.png,00.png,00.png,15.png,06.png,00.png,00.png,dots2.png,04.png,00.png,00.png,34.png,01.png,"[-212, 248]","[-62, 248]","[88, 248]","[238, 248]","[-212, 98]","[-62, 98]","[88, 98]","[238, 98]","[-212, -52]","[-62, -52]","[88, -52]","[238, -52]","[-212, -202]","[-62, -202]","[88, -202]","[238, -202]","[100, 100]","[100, 100]","[100, 100]","[100, 100]","[100, 100]","[100, 100]","[100, 100]","[100, 100]","[100, 100]","[100, 100]","[100, 100]","[100, 100]","[100, 100]","[100, 100]","[100, 100]","[100, 100]",ok.png,"[0, -375]","[150, 100]",81,dots,8,2,m,1,1,1,1,0,0,0,0,0,0,0,1.03902006149,1.03902006149292,0,73,73,-90,-90,1,1,0,0,0,0,0,0,0,1.40180659294,1.401806592941284,0,47,47,-384,-384,188
14.png,09.png,22.png,06.png,00.png,00.png,00.png,00.png,25.png,dots2.png,03.png,07.png,00.png,00.png,00.png,00.png,"[-239, 245]","[-89, 245]","[61, 245]","[211, 245]","[-239, 95]","[-89, 95]","[61, 95]","[211, 95]","[-239, -55]","[-89, -55]","[61, -55]","[211, -55]","[-239, -205]","[-89, -205]","[61, -205]","[211, -205]","[100, 100]","[100, 100]","[100, 100]","[100, 100]","[100, 100]","[100, 100]","[100, 100]","[100, 100]","[100, 100]","[100, 100]","[100, 100]","[100, 100]","[100, 100]","[100, 100]","[100, 100]","[100, 100]",ok.png,"[0, -375]","[150, 100]",82,dots,8,2,m,1,1,1,1,0,0,0,0,0,0,0,1.08484566212,1.084845662117004,0,-96,-96,-90,-90,1,1,0,0,0,0,0,0,0,1.73146140575,1.731461405754089,0,-8,-8,-351,-351,11
00.png,00.png,00.png,00.png,31.png,30.png,17.png,00.png,dots2.png,27.png,00.png,00.png,07.png,33.png,05.png,00.png,"[-216, 221]","[-66, 221]","[84, 221]","[234, 221]","[-216, 71]","[-66, 71]","[84, 71]","[234, 71]","[-216, -79]","[-66, -79]","[84, -79]","[234, -79]","[-216, -229]","[-66, -229]","[84, -229]","[234, -229]","[100, 100]","[100, 100]","[100, 100]","[100, 100]","[100, 100]","[100, 100]","[100, 100]","[100, 100]","[100, 100]","[100, 100]","[100, 100]","[100, 100]","[100, 100]","[100, 100]","[100, 100]","[100, 100]",ok.png,"[0, -375]","[150, 100]",83,dots,8,2,m,1,1,1,1,0,0,0,0,0,0,0,1.04093956947,1.040939569473267,0,-200,-200,-80,-80,1,1,0,0,0,0,0,0,0,1.47895610332,1.47895610332489,0,-7,-7,-363,-363,252
33.png,31.png,25.png,21.png,27.png,23.png,29.png,dots2.png,00.png,00.png,00.png,00.png,00.png,00.png,00.png,00.png,"[-235, 204]","[-85, 204]","[65, 204]","[215, 204]","[-235, 54]","[-85, 54]","[65, 54]","[215, 54]","[-235, -96]","[-85, -96]","[65, -96]","[215, -96]","[-235, -246]","[-85, -246]","[65, -246]","[215, -246]","[100, 100]","[100, 100]","[100, 100]","[100, 100]","[100, 100]","[100, 100]","[100, 100]","[100, 100]","[100, 100]","[100, 100]","[100, 100]","[100, 100]","[100, 100]","[100, 100]","[100, 100]","[100, 100]",ok.png,"[0, -375]","[150, 100]",84,dots,8,2,m,1,1,1,1,0,0,0,0,0,0,0,1.69558441639,1.695584416389465,0,212,212,40,40,1,1,0,0,0,0,0,0,0,0.840776264668,0.840776264667511,0,3,3,-350,-350,55
00.png,00.png,00.png,00.png,26.png,24.png,dots2.png,22.png,20.png,18.png,16.png,14.png,00.png,00.png,00.png,00.png,"[-226, 244]","[-76, 244]","[74, 244]","[224, 244]","[-226, 94]","[-76, 94]","[74, 94]","[224, 94]","[-226, -56]","[-76, -56]","[74, -56]","[224, -56]","[-226, -206]","[-76, -206]","[74, -206]","[224, -206]","[100, 100]","[100, 100]","[100, 100]","[100, 100]","[100, 100]","[100, 100]","[100, 100]","[100, 100]","[100, 100]","[100, 100]","[100, 100]","[100, 100]","[100, 100]","[100, 100]","[100, 100]","[100, 100]",ok.png,"[0, -375]","[150, 100]",85,dots,8,2,m,1,1,1,1,0,0,0,0,0,0,0,1.88444602489,1.884446024894714,0,78,78,86,86,1,1,0,0,0,0,0,0,0,1.13398516178,1.133985161781311,0,-24,-24,-359,-359,143
00.png,00.png,27.png,24.png,21.png,dots2.png,19.png,16.png,00.png,00.png,10.png,13.png,00.png,00.png,00.png,00.png,"[-227, 228]","[-77, 228]","[73, 228]","[223, 228]","[-227, 78]","[-77, 78]","[73, 78]","[223, 78]","[-227, -72]","[-77, -72]","[73, -72]","[223, -72]","[-227, -222]","[-77, -222]","[73, -222]","[223, -222]","[100, 100]","[100, 100]","[100, 100]","[100, 100]","[100, 100]","[100, 100]","[100, 100]","[100, 100]","[100, 100]","[100, 100]","[100, 100]","[100, 100]","[100, 100]","[100, 100]","[100, 100]","[100, 100]",ok.png,"[0, -375]","[150, 100]",86,dots,8,2,m,1,1,1,1,0,0,0,0,0,0,0,1.19416701794,1.194167017936707,0,-67,-67,72,72,1,1,0,0,0,0,0,0,0,1.01260387897,1.012603878974915,0,-14,-14,-326,-326,356
00.png,00.png,00.png,00.png,dots2.png,11.png,16.png,21.png,00.png,00.png,00.png,00.png,25.png,20.png,15.png,10.png,"[-216, 216]","[-66, 216]","[84, 216]","[234, 216]","[-216, 66]","[-66, 66]","[84, 66]","[234, 66]","[-216, -84]","[-66, -84]","[84, -84]","[234, -84]","[-216, -234]","[-66, -234]","[84, -234]","[234, -234]","[100, 100]","[100, 100]","[100, 100]","[100, 100]","[100, 100]","[100, 100]","[100, 100]","[100, 100]","[100, 100]","[100, 100]","[100, 100]","[100, 100]","[100, 100]","[100, 100]","[100, 100]","[100, 100]",ok.png,"[0, -375]","[150, 100]",87,dots,8,2,m,1,1,1,1,0,0,0,0,0,0,0,1.13524997234,1.135249972343445,0,-222,-222,81,81,1,1,0,0,0,0,0,0,0,1.50823640823,1.508236408233643,0,1,1,-363,-363,414
04.png,02.png,05.png,dots2.png,08.png,07.png,01.png,03.png,00.png,00.png,00.png,00.png,00.png,00.png,00.png,00.png,"[-220, 242]","[-70, 242]","[80, 242]","[230, 242]","[-220, 92]","[-70, 92]","[80, 92]","[230, 92]","[-220, -58]","[-70, -58]","[80, -58]","[230, -58]","[-220, -208]","[-70, -208]","[80, -208]","[230, -208]","[100, 100]","[100, 100]","[100, 100]","[100, 100]","[100, 100]","[100, 100]","[100, 100]","[100, 100]","[100, 100]","[100, 100]","[100, 100]","[100, 100]","[100, 100]","[100, 100]","[100, 100]","[100, 100]",ok.png,"[0, -375]","[150, 100]",88,dots,8,2,m,1,1,1,1,0,0,0,0,0,0,0,1.7078646421400001,1.70786464214325,0,217,217,236,236,1,1,0,0,0,0,0,0,0,1.20790374279,1.207903742790222,0,-11,-11,-383,-383,238
00.png,12.png,dots2.png,23.png,00.png,00.png,00.png,13.png,08.png,33.png,00.png,00.png,16.png,00.png,00.png,29.png,"[-242, 241]","[-92, 241]","[58, 241]","[208, 241]","[-242, 91]","[-92, 91]","[58, 91]","[208, 91]","[-242, -59]","[-92, -59]","[58, -59]","[208, -59]","[-242, -209]","[-92, -209]","[58, -209]","[208, -209]","[100, 100]","[100, 100]","[100, 100]","[100, 100]","[100, 100]","[100, 100]","[100, 100]","[100, 100]","[100, 100]","[100, 100]","[100, 100]","[100, 100]","[100, 100]","[100, 100]","[100, 100]","[100, 100]",ok.png,"[0, -375]","[150, 100]",89,dots,8,2,m,1,1,1,1,0,0,0,0,0,0,0,1.3084987402,1.308498740196228,0,62,62,244,244,1,1,0,0,0,0,0,0,0,2.30503201485,2.305032014846802,0,20,20,-353,-353,225
00.png,dots2.png,03.png,07.png,13.png,17.png,23.png,27.png,33.png,00.png,00.png,00.png,00.png,00.png,00.png,00.png,"[-239, 232]","[-89, 232]","[61, 232]","[211, 232]","[-239, 82]","[-89, 82]","[61, 82]","[211, 82]","[-239, -68]","[-89, -68]","[61, -68]","[211, -68]","[-239, -218]","[-89, -218]","[61, -218]","[211, -218]","[100, 100]","[100, 100]","[100, 100]","[100, 100]","[100, 100]","[100, 100]","[100, 100]","[100, 100]","[100, 100]","[100, 100]","[100, 100]","[100, 100]","[100, 100]","[100, 100]","[100, 100]","[100, 100]",ok.png,"[0, -375]","[150, 100]",90,dots,8,2,m,1,1,1,1,0,0,0,0,0,0,0,1.14630270004,1.146302700042725,0,-82,-82,208,208,1,1,0,0,0,0,0,0,0,0.874985098839,0.8749850988388062,0,7,7,-373,-373,318
dots2.png,17.png,07.png,14.png,00.png,00.png,00.png,00.png,00.png,00.png,00.png,00.png,02.png,30.png,20.png,04.png,"[-238, 203]","[-88, 203]","[62, 203]","[212, 203]","[-238, 53]","[-88, 53]","[62, 53]","[212, 53]","[-238, -97]","[-88, -97]","[62, -97]","[212, -97]","[-238, -247]","[-88, -247]","[62, -247]","[212, -247]","[100, 100]","[100, 100]","[100, 100]","[100, 100]","[100, 100]","[100, 100]","[100, 100]","[100, 100]","[100, 100]","[100, 100]","[100, 100]","[100, 100]","[100, 100]","[100, 100]","[100, 100]","[100, 100]",ok.png,"[0, -375]","[150, 100]",91,dots,8,2,m,1,1,1,1,0,0,0,0,0,0,0,1.29062628746,1.290626287460327,0,-222,-222,219,219,1,1,0,0,0,0,0,0,0,1.0445047617,1.044504761695862,0,-2,-2,-372,-372,179
00.png,dots2.png,04.png,00.png,00.png,16.png,22.png,00.png,00.png,32.png,02.png,00.png,00.png,29.png,19.png,00.png,"[-244, 249]","[-94, 249]","[56, 249]","[206, 249]","[-244, 99]","[-94, 99]","[56, 99]","[206, 99]","[-244, -51]","[-94, -51]","[56, -51]","[206, -51]","[-244, -201]","[-94, -201]","[56, -201]","[206, -201]","[100, 100]","[100, 100]","[100, 100]","[100, 100]","[100, 100]","[100, 100]","[100, 100]","[100, 100]","[100, 100]","[100, 100]","[100, 100]","[100, 100]","[100, 100]","[100, 100]","[100, 100]","[100, 100]",ok.png,"[0, -375]","[150, 100]",92,dots,8,2,m,1,1,1,1,0,0,0,0,0,0,0,1.38285064697,1.382850646972656,0,-99,-99,259,259,1,1,0,0,0,0,0,0,0,1.23075222969,1.230752229690552,0,7,7,-370,-370,185
00.png,08.png,dots2.png,03.png,25.png,28.png,27.png,00.png,00.png,00.png,00.png,21.png,05.png,00.png,00.png,00.png,"[-223, 218]","[-73, 218]","[77, 218]","[227, 218]","[-223, 68]","[-73, 68]","[77, 68]","[227, 68]","[-223, -82]","[-73, -82]","[77, -82]","[227, -82]","[-223, -232]","[-73, -232]","[77, -232]","[227, -232]","[100, 100]","[100, 100]","[100, 100]","[100, 100]","[100, 100]","[100, 100]","[100, 100]","[100, 100]","[100, 100]","[100, 100]","[100, 100]","[100, 100]","[100, 100]","[100, 100]","[100, 100]","[100, 100]",ok.png,"[0, -375]","[150, 100]",93,dots,8,2,m,1,1,1,1,0,0,0,0,0,0,0,1.21214795113,1.212147951126099,0,103,103,207,207,1,1,0,0,0,0,0,0,0,0.577176868916,0.5771768689155579,0,11,11,-365,-365,404
00.png,07.png,00.png,dots2.png,23.png,00.png,09.png,00.png,00.png,16.png,00.png,00.png,17.png,15.png,00.png,06.png,"[-224, 213]","[-74, 213]","[76, 213]","[226, 213]","[-224, 63]","[-74, 63]","[76, 63]","[226, 63]","[-224, -87]","[-74, -87]","[76, -87]","[226, -87]","[-224, -237]","[-74, -237]","[76, -237]","[226, -237]","[100, 100]","[100, 100]","[100, 100]","[100, 100]","[100, 100]","[100, 100]","[100, 100]","[100, 100]","[100, 100]","[100, 100]","[100, 100]","[100, 100]","[100, 100]","[100, 100]","[100, 100]","[100, 100]",ok.png,"[0, -375]","[150, 100]",94,dots,8,2,m,1,1,1,1,0,0,0,0,0,0,0,2.11518621445,2.115186214447021,0,235,235,201,201,1,1,0,0,0,0,0,0,0,2.3845949173,2.384594917297363,0,-26,-26,-379,-379,210
00.png,32.png,00.png,31.png,dots2.png,08.png,30.png,00.png,34.png,00.png,00.png,12.png,00.png,00.png,11.png,00.png,"[-204, 235]","[-54, 235]","[96, 235]","[246, 235]","[-204, 85]","[-54, 85]","[96, 85]","[246, 85]","[-204, -65]","[-54, -65]","[96, -65]","[246, -65]","[-204, -215]","[-54, -215]","[96, -215]","[246, -215]","[100, 100]","[100, 100]","[100, 100]","[100, 100]","[100, 100]","[100, 100]","[100, 100]","[100, 100]","[100, 100]","[100, 100]","[100, 100]","[100, 100]","[100, 100]","[100, 100]","[100, 100]","[100, 100]",ok.png,"[0, -375]","[150, 100]",95,dots,8,2,m,1,1,1,1,0,0,0,0,0,0,0,1.16342663765,1.163426637649536,0,-187,-187,94,94,1,1,0,0,0,0,0,0,0,1.07400476933,1.074004769325256,0,-14,-14,-376,-376,48
00.png,00.png,16.png,13.png,10.png,dots2.png,09.png,07.png,27.png,24.png,00.png,00.png,00.png,00.png,00.png,00.png,"[-214, 226]","[-64, 226]","[86, 226]","[236, 226]","[-214, 76]","[-64, 76]","[86, 76]","[236, 76]","[-214, -74]","[-64, -74]","[86, -74]","[236, -74]","[-214, -224]","[-64, -224]","[86, -224]","[236, -224]","[100, 100]","[100, 100]","[100, 100]","[100, 100]","[100, 100]","[100, 100]","[100, 100]","[100, 100]","[100, 100]","[100, 100]","[100, 100]","[100, 100]","[100, 100]","[100, 100]","[100, 100]","[100, 100]",ok.png,"[0, -375]","[150, 100]",96,dots,8,2,m,1,1,1,1,0,0,0,0,0,0,0,1.28829646111,1.288296461105347,0,-59,-59,77,77,1,1,0,0,0,0,0,0,0,1.00985050201,1.00985050201416,0,13,13,-365,-365,127
30.png,00.png,20.png,00.png,10.png,00.png,dots2.png,01.png,00.png,05.png,00.png,33.png,00.png,25.png,00.png,00.png,"[-249, 219]","[-99, 219]","[51, 219]","[201, 219]","[-249, 69]","[-99, 69]","[51, 69]","[201, 69]","[-249, -81]","[-99, -81]","[51, -81]","[201, -81]","[-249, -231]","[-99, -231]","[51, -231]","[201, -231]","[100, 100]","[100, 100]","[100, 100]","[100, 100]","[100, 100]","[100, 100]","[100, 100]","[100, 100]","[100, 100]","[100, 100]","[100, 100]","[100, 100]","[100, 100]","[100, 100]","[100, 100]","[100, 100]",ok.png,"[0, -375]","[150, 100]",97,dots,8,2,m,1,1,1,1,0,0,0,0,0,0,0,1.02127444744,1.021274447441101,0,72,72,71,71,1,1,0,0,0,0,0,0,0,0.999444425106,0.9994444251060486,0,14,14,-352,-352,204
00.png,00.png,24.png,26.png,00.png,04.png,02.png,dots2.png,09.png,00.png,14.png,00.png,18.png,00.png,00.png,00.png,"[-200, 247]","[-50, 247]","[100, 247]","[250, 247]","[-200, 97]","[-50, 97]","[100, 97]","[250, 97]","[-200, -53]","[-50, -53]","[100, -53]","[250, -53]","[-200, -203]","[-50, -203]","[100, -203]","[250, -203]","[100, 100]","[100, 100]","[100, 100]","[100, 100]","[100, 100]","[100, 100]","[100, 100]","[100, 100]","[100, 100]","[100, 100]","[100, 100]","[100, 100]","[100, 100]","[100, 100]","[100, 100]","[100, 100]",ok.png,"[0, -375]","[150, 100]",98,dots,8,2,m,1,1,1,1,0,0,0,0,0,0,0,2.78485298157,2.784852981567383,0,270,270,107,107,1,1,0,0,0,0,0,0,0,1.65430617332,1.654306173324585,0,-14,-14,-381,-381,50
19.png,00.png,00.png,09.png,30.png,00.png,00.png,18.png,dots2.png,00.png,07.png,11.png,00.png,00.png,14.png,00.png,"[-239, 245]","[-89, 245]","[61, 245]","[211, 245]","[-239, 95]","[-89, 95]","[61, 95]","[211, 95]","[-239, -55]","[-89, -55]","[61, -55]","[211, -55]","[-239, -205]","[-89, -205]","[61, -205]","[211, -205]","[100, 100]","[100, 100]","[100, 100]","[100, 100]","[100, 100]","[100, 100]","[100, 100]","[100, 100]","[100, 100]","[100, 100]","[100, 100]","[100, 100]","[100, 100]","[100, 100]","[100, 100]","[100, 100]",ok.png,"[0, -375]","[150, 100]",99,dots,8,2,m,1,1,1,1,0,0,0,0,0,0,0,1.10548007488,1.105480074882507,0,-230,-230,-52,-52,1,1,0,0,0,0,0,0,0,2.1066517829900002,2.106651782989502,0,-14,-14,-360,-360,41
00.png,29.png,00.png,19.png,00.png,14.png,00.png,33.png,00.png,dots2.png,00.png,23.png,00.png,13.png,00.png,31.png,"[-223, 208]","[-73, 208]","[77, 208]","[227, 208]","[-223, 58]","[-73, 58]","[77, 58]","[227, 58]","[-223, -92]","[-73, -92]","[77, -92]","[227, -92]","[-223, -242]","[-73, -242]","[77, -242]","[227, -242]","[100, 100]","[100, 100]","[100, 100]","[100, 100]","[100, 100]","[100, 100]","[100, 100]","[100, 100]","[100, 100]","[100, 100]","[100, 100]","[100, 100]","[100, 100]","[100, 100]","[100, 100]","[100, 100]",ok.png,"[0, -375]","[150, 100]",100,dots,8,2,m,1,1,1,1,0,0,0,0,0,0,0,1.28106582165,1.281065821647644,0,-62,-62,-74,-74,1,1,0,0,0,0,0,0,0,1.43941950798,1.439419507980347,0,-28,-28,-374,-374,249
dots1.png,01.png,02.png,03.png,04.png,05.png,06.png,tray1.png,00.png,00.png,00.png,00.png,00.png,00.png,00.png,00.png,"[-229, 210]","[-79, 210]","[71, 210]","[221, 210]","[-229, 60]","[-79, 60]","[71, 60]","[221, 60]","[-229, -90]","[-79, -90]","[71, -90]","[221, -90]","[-229, -240]","[-79, -240]","[71, -240]","[221, -240]","[100, 100]","[100, 100]","[100, 100]","[100, 100]","[100, 100]","[100, 100]","[100, 100]","[100, 100]","[100, 100]","[100, 100]","[100, 100]","[100, 100]","[100, 100]","[100, 100]","[100, 100]","[100, 100]",ok.png,"[0, -375]","[150, 100]",101,both,8,3,m,1,1,1,1,0,0,0,0,0,0,0,1.13395607471,1.133956074714661,0,233,233,70,70,1,1,0,0,0,0,0,0,0,0.56381380558,0.5638138055801392,0,-216,-216,196,196,322
08.png,dots1.png,09.png,00.png,10.png,11.png,tray1.png,13.png,00.png,14.png,00.png,00.png,00.png,00.png,00.png,00.png,"[-226, 211]","[-76, 211]","[74, 211]","[224, 211]","[-226, 61]","[-76, 61]","[74, 61]","[224, 61]","[-226, -89]","[-76, -89]","[74, -89]","[224, -89]","[-226, -239]","[-76, -239]","[74, -239]","[224, -239]","[100, 100]","[100, 100]","[100, 100]","[100, 100]","[100, 100]","[100, 100]","[100, 100]","[100, 100]","[100, 100]","[100, 100]","[100, 100]","[100, 100]","[100, 100]","[100, 100]","[100, 100]","[100, 100]",ok.png,"[0, -375]","[150, 100]",102,both,8,3,m,1,1,1,1,0,0,0,0,0,0,0,1.01071202755,1.010712027549744,0,73,73,82,82,1,1,0,0,0,0,0,0,0,0.549895524979,0.5498955249786377,0,-33,-33,189,189,146
00.png,00.png,dots1.png,15.png,16.png,tray1.png,18.png,19.png,20.png,21.png,00.png,00.png,00.png,00.png,00.png,00.png,"[-202, 241]","[-52, 241]","[98, 241]","[248, 241]","[-202, 91]","[-52, 91]","[98, 91]","[248, 91]","[-202, -59]","[-52, -59]","[98, -59]","[248, -59]","[-202, -209]","[-52, -209]","[98, -209]","[248, -209]","[100, 100]","[100, 100]","[100, 100]","[100, 100]","[100, 100]","[100, 100]","[100, 100]","[100, 100]","[100, 100]","[100, 100]","[100, 100]","[100, 100]","[100, 100]","[100, 100]","[100, 100]","[100, 100]",ok.png,"[0, -375]","[150, 100]",103,both,8,3,m,1,1,1,1,0,0,0,0,0,0,0,1.10647428036,1.106474280357361,0,-61,-61,65,65,1,1,0,0,0,0,0,0,0,0.521973729134,0.521973729133606,0,116,116,226,226,81
22.png,23.png,24.png,dots1.png,00.png,00.png,25.png,26.png,00.png,00.png,tray1.png,28.png,00.png,00.png,00.png,00.png,"[-203, 227]","[-53, 227]","[97, 227]","[247, 227]","[-203, 77]","[-53, 77]","[97, 77]","[247, 77]","[-203, -73]","[-53, -73]","[97, -73]","[247, -73]","[-203, -223]","[-53, -223]","[97, -223]","[247, -223]","[100, 100]","[100, 100]","[100, 100]","[100, 100]","[100, 100]","[100, 100]","[100, 100]","[100, 100]","[100, 100]","[100, 100]","[100, 100]","[100, 100]","[100, 100]","[100, 100]","[100, 100]","[100, 100]",ok.png,"[0, -375]","[150, 100]",104,both,8,3,m,1,1,1,1,0,0,0,0,0,0,0,1.47347640991,1.473476409912109,0,110,110,-52,-52,1,1,0,0,0,0,0,0,0,0.780134916306,0.780134916305542,0,247,247,236,236,151
00.png,00.png,00.png,00.png,dots1.png,29.png,30.png,31.png,32.png,33.png,34.png,tray1.png,00.png,00.png,00.png,00.png,"[-210, 245]","[-60, 245]","[90, 245]","[240, 245]","[-210, 95]","[-60, 95]","[90, 95]","[240, 95]","[-210, -55]","[-60, -55]","[90, -55]","[240, -55]","[-210, -205]","[-60, -205]","[90, -205]","[240, -205]","[100, 100]","[100, 100]","[100, 100]","[100, 100]","[100, 100]","[100, 100]","[100, 100]","[100, 100]","[100, 100]","[100, 100]","[100, 100]","[100, 100]","[100, 100]","[100, 100]","[100, 100]","[100, 100]",ok.png,"[0, -375]","[150, 100]",105,both,8,3,m,1,1,1,1,0,0,0,0,0,0,0,1.52432513237,1.524325132369995,0,-211,-211,78,78,1,1,0,0,0,0,0,0,0,0.833586752415,0.8335867524147034,0,244,244,-61,-61,246
01.png,tray1.png,00.png,00.png,04.png,dots1.png,00.png,00.png,06.png,15.png,00.png,00.png,17.png,23.png,00.png,00.png,"[-227, 237]","[-77, 237]","[73, 237]","[223, 237]","[-227, 87]","[-77, 87]","[73, 87]","[223, 87]","[-227, -63]","[-77, -63]","[73, -63]","[223, -63]","[-227, -213]","[-77, -213]","[73, -213]","[223, -213]","[100, 100]","[100, 100]","[100, 100]","[100, 100]","[100, 100]","[100, 100]","[100, 100]","[100, 100]","[100, 100]","[100, 100]","[100, 100]","[100, 100]","[100, 100]","[100, 100]","[100, 100]","[100, 100]",ok.png,"[0, -375]","[150, 100]",106,both,8,3,m,1,1,1,1,0,0,0,0,0,0,0,1.3392162323,1.339216232299805,0,-75,-75,68,68,1,1,0,0,0,0,0,0,0,0.573092699051,0.5730926990509033,0,-44,-44,247,247,315
00.png,00.png,00.png,00.png,07.png,03.png,dots1.png,25.png,00.png,00.png,00.png,00.png,06.png,tray1.png,09.png,14.png,"[-227, 227]","[-77, 227]","[73, 227]","[223, 227]","[-227, 77]","[-77, 77]","[73, 77]","[223, 77]","[-227, -73]","[-77, -73]","[73, -73]","[223, -73]","[-227, -223]","[-77, -223]","[73, -223]","[223, -223]","[100, 100]","[100, 100]","[100, 100]","[100, 100]","[100, 100]","[100, 100]","[100, 100]","[100, 100]","[100, 100]","[100, 100]","[100, 100]","[100, 100]","[100, 100]","[100, 100]","[100, 100]","[100, 100]",ok.png,"[0, -375]","[150, 100]",107,both,8,3,m,1,1,1,1,0,0,0,0,0,0,0,1.11443114281,1.114431142807007,0,71,71,74,74,1,1,0,0,0,0,0,0,0,0.43460047245,0.4346004724502563,0,-71,-71,-203,-203,304
00.png,05.png,33.png,07.png,00.png,00.png,27.png,dots1.png,00.png,tray1.png,30.png,31.png,00.png,00.png,00.png,00.png,"[-228, 231]","[-78, 231]","[72, 231]","[222, 231]","[-228, 81]","[-78, 81]","[72, 81]","[222, 81]","[-228, -69]","[-78, -69]","[72, -69]","[222, -69]","[-228, -219]","[-78, -219]","[72, -219]","[222, -219]","[100, 100]","[100, 100]","[100, 100]","[100, 100]","[100, 100]","[100, 100]","[100, 100]","[100, 100]","[100, 100]","[100, 100]","[100, 100]","[100, 100]","[100, 100]","[100, 100]","[100, 100]","[100, 100]",ok.png,"[0, -375]","[150, 100]",108,both,8,3,m,1,1,1,1,0,0,0,0,0,0,0,1.88151371479,1.881513714790344,0,-67,-67,-57,-57,1,1,0,0,0,0,0,0,0,1.85449373722,1.854493737220764,0,244,244,87,87,243
00.png,00.png,00.png,00.png,00.png,00.png,00.png,00.png,dots1.png,29.png,23.png,tray1.png,21.png,25.png,31.png,33.png,"[-235, 206]","[-85, 206]","[65, 206]","[215, 206]","[-235, 56]","[-85, 56]","[65, 56]","[215, 56]","[-235, -94]","[-85, -94]","[65, -94]","[215, -94]","[-235, -244]","[-85, -244]","[65, -244]","[215, -244]","[100, 100]","[100, 100]","[100, 100]","[100, 100]","[100, 100]","[100, 100]","[100, 100]","[100, 100]","[100, 100]","[100, 100]","[100, 100]","[100, 100]","[100, 100]","[100, 100]","[100, 100]","[100, 100]",ok.png,"[0, -375]","[150, 100]",109,both,8,3,m,1,1,1,1,0,0,0,0,0,0,0,1.25534212589,1.255342125892639,0,208,208,-93,-93,1,1,0,0,0,0,0,0,0,0.538302958012,0.5383029580116272,0,-217,-217,-79,-79,438
00.png,00.png,00.png,00.png,14.png,tray1.png,18.png,20.png,22.png,dots1.png,24.png,26.png,00.png,00.png,00.png,00.png,"[-208, 230]","[-58, 230]","[92, 230]","[242, 230]","[-208, 80]","[-58, 80]","[92, 80]","[242, 80]","[-208, -70]","[-58, -70]","[92, -70]","[242, -70]","[-208, -220]","[-58, -220]","[92, -220]","[242, -220]","[100, 100]","[100, 100]","[100, 100]","[100, 100]","[100, 100]","[100, 100]","[100, 100]","[100, 100]","[100, 100]","[100, 100]","[100, 100]","[100, 100]","[100, 100]","[100, 100]","[100, 100]","[100, 100]",ok.png,"[0, -375]","[150, 100]",110,both,8,3,m,1,1,1,1,0,0,0,0,0,0,0,1.39732658863,1.397326588630676,0,-80,-80,79,79,1,1,0,0,0,0,0,0,0,0.44169563055,0.4416956305503845,0,-47,-47,-79,-79,166
00.png,00.png,00.png,00.png,13.png,10.png,00.png,00.png,16.png,19.png,dots1.png,21.png,tray1.png,27.png,00.png,00.png,"[-235, 212]","[-85, 212]","[65, 212]","[215, 212]","[-235, 62]","[-85, 62]","[65, 62]","[215, 62]","[-235, -88]","[-85, -88]","[65, -88]","[215, -88]","[-235, -238]","[-85, -238]","[65, -238]","[215, -238]","[100, 100]","[100, 100]","[100, 100]","[100, 100]","[100, 100]","[100, 100]","[100, 100]","[100, 100]","[100, 100]","[100, 100]","[100, 100]","[100, 100]","[100, 100]","[100, 100]","[100, 100]","[100, 100]",ok.png,"[0, -375]","[150, 100]",111,both,8,3,m,1,1,1,1,0,0,0,0,0,0,0,1.45776069164,1.457760691642761,0,25,25,-104,-104,1,1,0,0,0,0,0,0,0,0.670098185539,0.6700981855392456,0,-224,-224,-258,-258,230
10.png,15.png,20.png,25.png,00.png,00.png,00.png,00.png,21.png,16.png,tray1.png,dots1.png,00.png,00.png,00.png,00.png,"[-210, 222]","[-60, 222]","[90, 222]","[240, 222]","[-210, 72]","[-60, 72]","[90, 72]","[240, 72]","[-210, -78]","[-60, -78]","[90, -78]","[240, -78]","[-210, -228]","[-60, -228]","[90, -228]","[240, -228]","[100, 100]","[100, 100]","[100, 100]","[100, 100]","[100, 100]","[100, 100]","[100, 100]","[100, 100]","[100, 100]","[100, 100]","[100, 100]","[100, 100]","[100, 100]","[100, 100]","[100, 100]","[100, 100]",ok.png,"[0, -375]","[150, 100]",112,both,8,3,m,1,1,1,1,0,0,0,0,0,0,0,1.24675405025,1.246754050254822,0,85,85,-81,-81,1,1,0,0,0,0,0,0,0,0.582556605339,0.5825566053390503,0,234,234,-107,-107,418
00.png,00.png,00.png,00.png,00.png,00.png,00.png,00.png,tray1.png,01.png,07.png,08.png,dots1.png,05.png,02.png,04.png,"[-200, 235]","[-50, 235]","[100, 235]","[250, 235]","[-200, 85]","[-50, 85]","[100, 85]","[250, 85]","[-200, -65]","[-50, -65]","[100, -65]","[250, -65]","[-200, -215]","[-50, -215]","[100, -215]","[250, -215]","[100, 100]","[100, 100]","[100, 100]","[100, 100]","[100, 100]","[100, 100]","[100, 100]","[100, 100]","[100, 100]","[100, 100]","[100, 100]","[100, 100]","[100, 100]","[100, 100]","[100, 100]","[100, 100]",ok.png,"[0, -375]","[150, 100]",113,both,8,3,m,1,1,1,1,0,0,0,0,0,0,0,1.06327772141,1.063277721405029,0,-216,-216,-58,-58,1,1,0,0,0,0,0,0,0,0.614896476269,0.6148964762687683,0,-183,-183,-206,-206,171
29.png,00.png,00.png,16.png,00.png,00.png,33.png,tray1.png,13.png,00.png,00.png,00.png,23.png,dots1.png,12.png,00.png,"[-214, 201]","[-64, 201]","[86, 201]","[236, 201]","[-214, 51]","[-64, 51]","[86, 51]","[236, 51]","[-214, -99]","[-64, -99]","[86, -99]","[236, -99]","[-214, -249]","[-64, -249]","[86, -249]","[236, -249]","[100, 100]","[100, 100]","[100, 100]","[100, 100]","[100, 100]","[100, 100]","[100, 100]","[100, 100]","[100, 100]","[100, 100]","[100, 100]","[100, 100]","[100, 100]","[100, 100]","[100, 100]","[100, 100]",ok.png,"[0, -375]","[150, 100]",114,both,8,3,m,1,1,1,1,0,0,0,0,0,0,0,0.855375051498,0.8553750514984131,0,213,213,54,54,1,1,0,0,0,0,0,0,0,0.620294034481,0.6202940344810486,0,-91,-91,-262,-262,347
00.png,00.png,00.png,00.png,00.png,00.png,00.png,33.png,27.png,23.png,17.png,tray1.png,07.png,03.png,dots1.png,00.png,"[-250, 203]","[-100, 203]","[50, 203]","[200, 203]","[-250, 53]","[-100, 53]","[50, 53]","[200, 53]","[-250, -97]","[-100, -97]","[50, -97]","[200, -97]","[-250, -247]","[-100, -247]","[50, -247]","[200, -247]","[100, 100]","[100, 100]","[100, 100]","[100, 100]","[100, 100]","[100, 100]","[100, 100]","[100, 100]","[100, 100]","[100, 100]","[100, 100]","[100, 100]","[100, 100]","[100, 100]","[100, 100]","[100, 100]",ok.png,"[0, -375]","[150, 100]",115,both,8,3,m,1,1,1,1,0,0,0,0,0,0,0,1.14781451225,1.147814512252808,0,39,39,-250,-250,1,1,0,0,0,0,0,0,0,0.498615443707,0.4986154437065125,0,169,169,-95,-95,24
04.png,20.png,30.png,tray1.png,00.png,00.png,00.png,00.png,00.png,00.png,00.png,00.png,14.png,07.png,17.png,dots1.png,"[-200, 211]","[-50, 211]","[100, 211]","[250, 211]","[-200, 61]","[-50, 61]","[100, 61]","[250, 61]","[-200, -89]","[-50, -89]","[100, -89]","[250, -89]","[-200, -239]","[-50, -239]","[100, -239]","[250, -239]","[100, 100]","[100, 100]","[100, 100]","[100, 100]","[100, 100]","[100, 100]","[100, 100]","[100, 100]","[100, 100]","[100, 100]","[100, 100]","[100, 100]","[100, 100]","[100, 100]","[100, 100]","[100, 100]",ok.png,"[0, -375]","[150, 100]",116,both,8,3,m,1,1,1,1,0,0,0,0,0,0,0,1.19461357594,1.194613575935364,0,237,237,212,212,1,1,0,0,0,0,0,0,0,0.499019145966,0.4990191459655762,0,242,242,-247,-247,306
00.png,19.png,29.png,00.png,00.png,tray1.png,32.png,00.png,00.png,22.png,16.png,00.png,00.png,04.png,dots1.png,00.png,"[-207, 233]","[-57, 233]","[93, 233]","[243, 233]","[-207, 83]","[-57, 83]","[93, 83]","[243, 83]","[-207, -67]","[-57, -67]","[93, -67]","[243, -67]","[-207, -217]","[-57, -217]","[93, -217]","[243, -217]","[100, 100]","[100, 100]","[100, 100]","[100, 100]","[100, 100]","[100, 100]","[100, 100]","[100, 100]","[100, 100]","[100, 100]","[100, 100]","[100, 100]","[100, 100]","[100, 100]","[100, 100]","[100, 100]",ok.png,"[0, -375]","[150, 100]",117,both,8,3,m,1,1,1,1,0,0,0,0,0,0,0,1.15806531906,1.158065319061279,0,-40,-40,49,49,1,1,0,0,0,0,0,0,0,0.871057629585,0.8710576295852661,0,121,121,-231,-231,78
00.png,00.png,00.png,05.png,21.png,00.png,00.png,00.png,00.png,tray1.png,28.png,25.png,03.png,dots1.png,08.png,00.png,"[-233, 228]","[-83, 228]","[67, 228]","[217, 228]","[-233, 78]","[-83, 78]","[67, 78]","[217, 78]","[-233, -72]","[-83, -72]","[67, -72]","[217, -72]","[-233, -222]","[-83, -222]","[67, -222]","[217, -222]","[100, 100]","[100, 100]","[100, 100]","[100, 100]","[100, 100]","[100, 100]","[100, 100]","[100, 100]","[100, 100]","[100, 100]","[100, 100]","[100, 100]","[100, 100]","[100, 100]","[100, 100]","[100, 100]",ok.png,"[0, -375]","[150, 100]",118,both,8,3,m,1,1,1,1,0,0,0,0,0,0,0,1.15616071224,1.156160712242126,0,-95,-95,-213,-213,1,1,0,0,0,0,0,0,0,0.363893717527,0.3638937175273895,0,-98,-98,-105,-105,381
06.png,00.png,15.png,17.png,00.png,00.png,16.png,00.png,00.png,tray1.png,00.png,23.png,dots1.png,00.png,07.png,00.png,"[-221, 244]","[-71, 244]","[79, 244]","[229, 244]","[-221, 94]","[-71, 94]","[79, 94]","[229, 94]","[-221, -56]","[-71, -56]","[79, -56]","[229, -56]","[-221, -206]","[-71, -206]","[79, -206]","[229, -206]","[100, 100]","[100, 100]","[100, 100]","[100, 100]","[100, 100]","[100, 100]","[100, 100]","[100, 100]","[100, 100]","[100, 100]","[100, 100]","[100, 100]","[100, 100]","[100, 100]","[100, 100]","[100, 100]",ok.png,"[0, -375]","[150, 100]",119,both,8,3,m,1,1,1,1,0,0,0,0,0,0,0,1.75642180443,1.756421804428101,0,-58,-58,-67,-67,1,1,0,0,0,0,0,0,0,1.40160679817,1.401606798171997,0,-216,-216,-230,-230,351
00.png,11.png,00.png,00.png,12.png,00.png,00.png,tray1.png,00.png,30.png,08.png,dots1.png,31.png,00.png,32.png,00.png,"[-226, 226]","[-76, 226]","[74, 226]","[224, 226]","[-226, 76]","[-76, 76]","[74, 76]","[224, 76]","[-226, -74]","[-76, -74]","[74, -74]","[224, -74]","[-226, -224]","[-76, -224]","[74, -224]","[224, -224]","[100, 100]","[100, 100]","[100, 100]","[100, 100]","[100, 100]","[100, 100]","[100, 100]","[100, 100]","[100, 100]","[100, 100]","[100, 100]","[100, 100]","[100, 100]","[100, 100]","[100, 100]","[100, 100]",ok.png,"[0, -375]","[150, 100]",120,both,8,3,m,1,1,1,1,0,0,0,0,0,0,0,1.05740356445,1.057403564453125,0,218,218,-93,-93,1,1,0,0,0,0,0,0,0,0.690411984921,0.6904119849205017,0,239,239,50,50,391
00.png,00.png,00.png,00.png,00.png,00.png,24.png,27.png,07.png,09.png,dots1.png,10.png,13.png,16.png,00.png,00.png,"[-226, 211]","[-76, 211]","[74, 211]","[224, 211]","[-226, 61]","[-76, 61]","[74, 61]","[224, 61]","[-226, -89]","[-76, -89]","[74, -89]","[224, -89]","[-226, -239]","[-76, -239]","[74, -239]","[224, -239]","[100, 100]","[100, 100]","[100, 100]","[100, 100]","[100, 100]","[100, 100]","[100, 100]","[100, 100]","[100, 100]","[100, 100]","[100, 100]","[100, 100]","[100, 100]","[100, 100]","[100, 100]","[100, 100]",ok.png,"[0, -375]","[150, 100]",121,both,8,3,m,1,1,1,1,0,0,0,0,0,0,0,0.978312969208,0.9783129692077636,0,85,85,-95,-95,1,1,0,0,0,0,0,0,0,0.6580067873,0.6580067873001099,0,10,10,-373,-373,385
00.png,00.png,25.png,00.png,tray1.png,00.png,05.png,00.png,01.png,dots1.png,00.png,10.png,00.png,20.png,00.png,30.png,"[-206, 206]","[-56, 206]","[94, 206]","[244, 206]","[-206, 56]","[-56, 56]","[94, 56]","[244, 56]","[-206, -94]","[-56, -94]","[94, -94]","[244, -94]","[-206, -244]","[-56, -244]","[94, -244]","[244, -244]","[100, 100]","[100, 100]","[100, 100]","[100, 100]","[100, 100]","[100, 100]","[100, 100]","[100, 100]","[100, 100]","[100, 100]","[100, 100]","[100, 100]","[100, 100]","[100, 100]","[100, 100]","[100, 100]",ok.png,"[0, -375]","[150, 100]",122,both,8,3,m,1,1,1,1,0,0,0,0,0,0,0,1.52065455914,1.520654559135437,0,-214,-214,61,61,1,1,0,0,0,0,0,0,0,1.15446937084,1.15446937084198,0,-25,-25,-136,-136,213
00.png,00.png,00.png,18.png,00.png,14.png,00.png,09.png,dots1.png,02.png,04.png,00.png,26.png,tray1.png,00.png,00.png,"[-219, 221]","[-69, 221]","[81, 221]","[231, 221]","[-219, 71]","[-69, 71]","[81, 71]","[231, 71]","[-219, -79]","[-69, -79]","[81, -79]","[231, -79]","[-219, -229]","[-69, -229]","[81, -229]","[231, -229]","[100, 100]","[100, 100]","[100, 100]","[100, 100]","[100, 100]","[100, 100]","[100, 100]","[100, 100]","[100, 100]","[100, 100]","[100, 100]","[100, 100]","[100, 100]","[100, 100]","[100, 100]","[100, 100]",ok.png,"[0, -375]","[150, 100]",123,both,8,3,m,1,1,1,1,0,0,0,0,0,0,0,0.851095199585,0.8510951995849609,0,-215,-215,-56,-56,1,1,0,0,0,0,0,0,0,0.43731996417,0.4373199641704559,0,-101,-101,-204,-204,406
00.png,tray1.png,00.png,00.png,11.png,07.png,00.png,dots1.png,18.png,00.png,00.png,30.png,09.png,00.png,00.png,19.png,"[-237, 225]","[-87, 225]","[63, 225]","[213, 225]","[-237, 75]","[-87, 75]","[63, 75]","[213, 75]","[-237, -75]","[-87, -75]","[63, -75]","[213, -75]","[-237, -225]","[-87, -225]","[63, -225]","[213, -225]","[100, 100]","[100, 100]","[100, 100]","[100, 100]","[100, 100]","[100, 100]","[100, 100]","[100, 100]","[100, 100]","[100, 100]","[100, 100]","[100, 100]","[100, 100]","[100, 100]","[100, 100]","[100, 100]",ok.png,"[0, -375]","[150, 100]",124,both,8,3,m,1,1,1,1,0,0,0,0,0,0,0,1.00217854977,1.002178549766541,0,-79,-79,210,210,1,1,0,0,0,0,0,0,0,0.533577263355,0.5335772633552551,0,178,178,77,77,61
tray1.png,00.png,13.png,00.png,23.png,00.png,dots1.png,00.png,33.png,00.png,14.png,00.png,19.png,00.png,29.png,00.png,"[-225, 241]","[-75, 241]","[75, 241]","[225, 241]","[-225, 91]","[-75, 91]","[75, 91]","[225, 91]","[-225, -59]","[-75, -59]","[75, -59]","[225, -59]","[-225, -209]","[-75, -209]","[75, -209]","[225, -209]","[100, 100]","[100, 100]","[100, 100]","[100, 100]","[100, 100]","[100, 100]","[100, 100]","[100, 100]","[100, 100]","[100, 100]","[100, 100]","[100, 100]","[100, 100]","[100, 100]","[100, 100]","[100, 100]",ok.png,"[0, -375]","[150, 100]",125,both,8,3,m,1,1,1,1,0,0,0,0,0,0,0,1.97303235531,1.973032355308533,0,-219,-219,229,229,1,1,0,0,0,0,0,0,0,0.717661499977,0.7176614999771118,0,51,51,87,87,355
00.png,00.png,00.png,00.png,00.png,00.png,00.png,00.png,07.png,06.png,tray2.png,04.png,03.png,02.png,01.png,dots2.png,"[-200, 202]","[-50, 202]","[100, 202]","[250, 202]","[-200, 52]","[-50, 52]","[100, 52]","[250, 52]","[-200, -98]","[-50, -98]","[100, -98]","[250, -98]","[-200, -248]","[-50, -248]","[100, -248]","[250, -248]","[100, 100]","[100, 100]","[100, 100]","[100, 100]","[100, 100]","[100, 100]","[100, 100]","[100, 100]","[100, 100]","[100, 100]","[100, 100]","[100, 100]","[100, 100]","[100, 100]","[100, 100]","[100, 100]",ok.png,"[0, -375]","[150, 100]",126,both,8,3,m,1,1,1,1,0,0,0,0,0,0,0,0.744923710823,0.7449237108230591,0,102,102,-109,-109,1,1,0,0,0,0,0,0,0,0.512690424919,0.5126904249191284,0,250,250,-244,-244,397
00.png,00.png,00.png,00.png,00.png,00.png,14.png,00.png,13.png,tray2.png,11.png,10.png,00.png,09.png,dots2.png,08.png,"[-245, 240]","[-95, 240]","[55, 240]","[205, 240]","[-245, 90]","[-95, 90]","[55, 90]","[205, 90]","[-245, -60]","[-95, -60]","[55, -60]","[205, -60]","[-245, -210]","[-95, -210]","[55, -210]","[205, -210]","[100, 100]","[100, 100]","[100, 100]","[100, 100]","[100, 100]","[100, 100]","[100, 100]","[100, 100]","[100, 100]","[100, 100]","[100, 100]","[100, 100]","[100, 100]","[100, 100]","[100, 100]","[100, 100]",ok.png,"[0, -375]","[150, 100]",127,both,8,3,m,1,1,1,1,0,0,0,0,0,0,0,0.897046089172,0.8970460891723633,0,-127,-127,-74,-74,1,1,0,0,0,0,0,0,0,0.355007946491,0.3550079464912415,0,47,47,-197,-197,443
00.png,00.png,00.png,00.png,00.png,00.png,21.png,tray2.png,19.png,18.png,17.png,16.png,15.png,dots2.png,00.png,00.png,"[-202, 225]","[-52, 225]","[98, 225]","[248, 225]","[-202, 75]","[-52, 75]","[98, 75]","[248, 75]","[-202, -75]","[-52, -75]","[98, -75]","[248, -75]","[-202, -225]","[-52, -225]","[98, -225]","[248, -225]","[100, 100]","[100, 100]","[100, 100]","[100, 100]","[100, 100]","[100, 100]","[100, 100]","[100, 100]","[100, 100]","[100, 100]","[100, 100]","[100, 100]","[100, 100]","[100, 100]","[100, 100]","[100, 100]",ok.png,"[0, -375]","[150, 100]",128,both,8,3,m,1,1,1,1,0,0,0,0,0,0,0,1.25752651691,1.257526516914368,0,215,215,70,70,1,1,0,0,0,0,0,0,0,0.947244763374,0.9472447633743286,0,-88,-88,-215,-215,27
00.png,00.png,00.png,00.png,00.png,00.png,31.png,27.png,26.png,28.png,00.png,00.png,dots2.png,24.png,23.png,tray2.png,"[-211, 220]","[-61, 220]","[89, 220]","[239, 220]","[-211, 70]","[-61, 70]","[89, 70]","[239, 70]","[-211, -80]","[-61, -80]","[89, -80]","[239, -80]","[-211, -230]","[-61, -230]","[89, -230]","[239, -230]","[100, 100]","[100, 100]","[100, 100]","[100, 100]","[100, 100]","[100, 100]","[100, 100]","[100, 100]","[100, 100]","[100, 100]","[100, 100]","[100, 100]","[100, 100]","[100, 100]","[100, 100]","[100, 100]",ok.png,"[0, -375]","[150, 100]",129,both,8,3,m,1,1,1,1,0,0,0,0,0,0,0,2.41332030296,2.413320302963257,0,228,228,-241,-241,1,1,0,0,0,0,0,0,0,0.715280413628,0.7152804136276245,0,-202,-202,-250,-250,145
00.png,00.png,00.png,00.png,01.png,34.png,33.png,32.png,tray2.png,30.png,29.png,dots2.png,00.png,00.png,00.png,00.png,"[-216, 210]","[-66, 210]","[84, 210]","[234, 210]","[-216, 60]","[-66, 60]","[84, 60]","[234, 60]","[-216, -90]","[-66, -90]","[84, -90]","[234, -90]","[-216, -240]","[-66, -240]","[84, -240]","[234, -240]","[100, 100]","[100, 100]","[100, 100]","[100, 100]","[100, 100]","[100, 100]","[100, 100]","[100, 100]","[100, 100]","[100, 100]","[100, 100]","[100, 100]","[100, 100]","[100, 100]","[100, 100]","[100, 100]",ok.png,"[0, -375]","[150, 100]",130,both,8,3,m,1,1,1,1,0,0,0,0,0,0,0,1.33550560474,1.335505604743958,0,-217,-217,-83,-83,1,1,0,0,0,0,0,0,0,0.463555783033,0.463555783033371,0,263,263,-124,-124,320
00.png,00.png,23.png,17.png,00.png,00.png,15.png,06.png,00.png,00.png,dots2.png,04.png,00.png,00.png,tray2.png,01.png,"[-250, 204]","[-100, 204]","[50, 204]","[200, 204]","[-250, 54]","[-100, 54]","[50, 54]","[200, 54]","[-250, -96]","[-100, -96]","[50, -96]","[200, -96]","[-250, -246]","[-100, -246]","[50, -246]","[200, -246]","[100, 100]","[100, 100]","[100, 100]","[100, 100]","[100, 100]","[100, 100]","[100, 100]","[100, 100]","[100, 100]","[100, 100]","[100, 100]","[100, 100]","[100, 100]","[100, 100]","[100, 100]","[100, 100]",ok.png,"[0, -375]","[150, 100]",131,both,8,3,m,1,1,1,1,0,0,0,0,0,0,0,2.05120515823,2.051205158233643,0,60,60,-226,-226,1,1,0,0,0,0,0,0,0,0.426031500101,0.4260315001010895,0,80,80,-106,-106,2
14.png,09.png,22.png,tray2.png,00.png,00.png,00.png,00.png,25.png,dots2.png,03.png,07.png,00.png,00.png,00.png,00.png,"[-231, 246]","[-81, 246]","[69, 246]","[219, 246]","[-231, 96]","[-81, 96]","[69, 96]","[219, 96]","[-231, -54]","[-81, -54]","[69, -54]","[219, -54]","[-231, -204]","[-81, -204]","[69, -204]","[219, -204]","[100, 100]","[100, 100]","[100, 100]","[100, 100]","[100, 100]","[100, 100]","[100, 100]","[100, 100]","[100, 100]","[100, 100]","[100, 100]","[100, 100]","[100, 100]","[100, 100]","[100, 100]","[100, 100]",ok.png,"[0, -375]","[150, 100]",132,both,8,3,m,1,1,1,1,0,0,0,0,0,0,0,1.24530756474,1.245307564735413,0,-67,-67,-68,-68,1,1,0,0,0,0,0,0,0,0.807141542435,0.8071415424346924,0,216,216,221,221,16
00.png,00.png,00.png,00.png,31.png,30.png,17.png,00.png,dots2.png,tray2.png,00.png,00.png,07.png,33.png,05.png,00.png,"[-241, 208]","[-91, 208]","[59, 208]","[209, 208]","[-241, 58]","[-91, 58]","[59, 58]","[209, 58]","[-241, -92]","[-91, -92]","[59, -92]","[209, -92]","[-241, -242]","[-91, -242]","[59, -242]","[209, -242]","[100, 100]","[100, 100]","[100, 100]","[100, 100]","[100, 100]","[100, 100]","[100, 100]","[100, 100]","[100, 100]","[100, 100]","[100, 100]","[100, 100]","[100, 100]","[100, 100]","[100, 100]","[100, 100]",ok.png,"[0, -375]","[150, 100]",133,both,8,3,m,1,1,1,1,0,0,0,0,0,0,0,1.05584561825,1.055845618247986,0,-58,-58,-77,-77,1,1,0,0,0,0,0,0,0,0.496411561966,0.4964115619659424,0,-250,-250,-102,-102,68
33.png,31.png,tray2.png,21.png,27.png,23.png,29.png,dots2.png,00.png,00.png,00.png,00.png,00.png,00.png,00.png,00.png,"[-211, 200]","[-61, 200]","[89, 200]","[239, 200]","[-211, 50]","[-61, 50]","[89, 50]","[239, 50]","[-211, -100]","[-61, -100]","[89, -100]","[239, -100]","[-211, -250]","[-61, -250]","[89, -250]","[239, -250]","[100, 100]","[100, 100]","[100, 100]","[100, 100]","[100, 100]","[100, 100]","[100, 100]","[100, 100]","[100, 100]","[100, 100]","[100, 100]","[100, 100]","[100, 100]","[100, 100]","[100, 100]","[100, 100]",ok.png,"[0, -375]","[150, 100]",134,both,8,3,m,1,1,1,1,0,0,0,0,0,0,0,1.22872006893,1.22872006893158,0,81,81,193,193,1,1,0,0,0,0,0,0,0,1.61765730381,1.61765730381012,0,233,233,23,23,147
00.png,00.png,00.png,00.png,26.png,24.png,dots2.png,22.png,20.png,18.png,16.png,tray2.png,00.png,00.png,00.png,00.png,"[-218, 226]","[-68, 226]","[82, 226]","[232, 226]","[-218, 76]","[-68, 76]","[82, 76]","[232, 76]","[-218, -74]","[-68, -74]","[82, -74]","[232, -74]","[-218, -224]","[-68, -224]","[82, -224]","[232, -224]","[100, 100]","[100, 100]","[100, 100]","[100, 100]","[100, 100]","[100, 100]","[100, 100]","[100, 100]","[100, 100]","[100, 100]","[100, 100]","[100, 100]","[100, 100]","[100, 100]","[100, 100]","[100, 100]",ok.png,"[0, -375]","[150, 100]",135,both,8,3,m,1,1,1,1,0,0,0,0,0,0,0,1.19701480865,1.197014808654785,0,66,66,90,90,1,1,0,0,0,0,0,0,0,0.481201440096,0.4812014400959015,0,198,198,-96,-96,234
00.png,00.png,27.png,24.png,21.png,dots2.png,19.png,16.png,00.png,00.png,tray2.png,13.png,00.png,00.png,00.png,00.png,"[-248, 213]","[-98, 213]","[52, 213]","[202, 213]","[-248, 63]","[-98, 63]","[52, 63]","[202, 63]","[-248, -87]","[-98, -87]","[52, -87]","[202, -87]","[-248, -237]","[-98, -237]","[52, -237]","[202, -237]","[100, 100]","[100, 100]","[100, 100]","[100, 100]","[100, 100]","[100, 100]","[100, 100]","[100, 100]","[100, 100]","[100, 100]","[100, 100]","[100, 100]","[100, 100]","[100, 100]","[100, 100]","[100, 100]",ok.png,"[0, -375]","[150, 100]",136,both,8,3,m,1,1,1,1,0,0,0,0,0,0,0,1.25879442692,1.25879442691803,0,69,69,-80,-80,1,1,0,0,0,0,0,0,0,0.512235760689,0.5122357606887817,0,-58,-58,26,26,264
00.png,00.png,00.png,00.png,dots2.png,11.png,16.png,21.png,00.png,00.png,00.png,00.png,tray2.png,20.png,15.png,10.png,"[-226, 250]","[-76, 250]","[74, 250]","[224, 250]","[-226, 100]","[-76, 100]","[74, 100]","[224, 100]","[-226, -50]","[-76, -50]","[74, -50]","[224, -50]","[-226, -200]","[-76, -200]","[74, -200]","[224, -200]","[100, 100]","[100, 100]","[100, 100]","[100, 100]","[100, 100]","[100, 100]","[100, 100]","[100, 100]","[100, 100]","[100, 100]","[100, 100]","[100, 100]","[100, 100]","[100, 100]","[100, 100]","[100, 100]",ok.png,"[0, -375]","[150, 100]",137,both,8,3,m,1,1,1,1,0,0,0,0,0,0,0,0.975004315376,0.9750043153762816,0,-241,-241,112,112,1,1,0,0,0,0,0,0,0,0.855320632458,0.8553206324577332,0,-222,-222,-193,-193,384
tray2.png,02.png,05.png,dots2.png,08.png,07.png,01.png,03.png,00.png,00.png,00.png,00.png,00.png,00.png,00.png,00.png,"[-203, 247]","[-53, 247]","[97, 247]","[247, 247]","[-203, 97]","[-53, 97]","[97, 97]","[247, 97]","[-203, -53]","[-53, -53]","[97, -53]","[247, -53]","[-203, -203]","[-53, -203]","[97, -203]","[247, -203]","[100, 100]","[100, 100]","[100, 100]","[100, 100]","[100, 100]","[100, 100]","[100, 100]","[100, 100]","[100, 100]","[100, 100]","[100, 100]","[100, 100]","[100, 100]","[100, 100]","[100, 100]","[100, 100]",ok.png,"[0, -375]","[150, 100]",138,both,8,3,m,1,1,1,1,0,0,0,0,0,0,0,1.22651207447,1.22651207447052,0,-180,-180,226,226,1,1,0,0,0,0,0,0,0,1.97887301445,1.978873014450073,0,-3,-3,-353,-353,104
00.png,12.png,dots2.png,23.png,00.png,00.png,00.png,tray2.png,08.png,33.png,00.png,00.png,16.png,00.png,00.png,29.png,"[-232, 204]","[-82, 204]","[68, 204]","[218, 204]","[-232, 54]","[-82, 54]","[68, 54]","[218, 54]","[-232, -96]","[-82, -96]","[68, -96]","[218, -96]","[-232, -246]","[-82, -246]","[68, -246]","[218, -246]","[100, 100]","[100, 100]","[100, 100]","[100, 100]","[100, 100]","[100, 100]","[100, 100]","[100, 100]","[100, 100]","[100, 100]","[100, 100]","[100, 100]","[100, 100]","[100, 100]","[100, 100]","[100, 100]",ok.png,"[0, -375]","[150, 100]",139,both,8,3,m,1,1,1,1,0,0,0,0,0,0,0,1.25582420826,1.255824208259583,0,199,199,58,58,1,1,0,0,0,0,0,0,0,0.765845775604,0.765845775604248,0,79,79,171,171,84
00.png,dots2.png,03.png,07.png,13.png,17.png,tray2.png,27.png,33.png,00.png,00.png,00.png,00.png,00.png,00.png,00.png,"[-244, 240]","[-94, 240]","[56, 240]","[206, 240]","[-244, 90]","[-94, 90]","[56, 90]","[206, 90]","[-244, -60]","[-94, -60]","[56, -60]","[206, -60]","[-244, -210]","[-94, -210]","[56, -210]","[206, -210]","[100, 100]","[100, 100]","[100, 100]","[100, 100]","[100, 100]","[100, 100]","[100, 100]","[100, 100]","[100, 100]","[100, 100]","[100, 100]","[100, 100]","[100, 100]","[100, 100]","[100, 100]","[100, 100]",ok.png,"[0, -375]","[150, 100]",140,both,8,3,m,1,1,1,1,0,0,0,0,0,0,0,1.02745103836,1.027451038360596,0,58,58,92,92,1,1,0,0,0,0,0,0,0,0.416796088219,0.416796088218689,0,-109,-109,262,262,375
dots2.png,17.png,07.png,14.png,00.png,00.png,00.png,00.png,00.png,00.png,00.png,00.png,02.png,tray2.png,20.png,04.png,"[-231, 211]","[-81, 211]","[69, 211]","[219, 211]","[-231, 61]","[-81, 61]","[69, 61]","[219, 61]","[-231, -89]","[-81, -89]","[69, -89]","[219, -89]","[-231, -239]","[-81, -239]","[69, -239]","[219, -239]","[100, 100]","[100, 100]","[100, 100]","[100, 100]","[100, 100]","[100, 100]","[100, 100]","[100, 100]","[100, 100]","[100, 100]","[100, 100]","[100, 100]","[100, 100]","[100, 100]","[100, 100]","[100, 100]",ok.png,"[0, -375]","[150, 100]",141,both,8,3,m,1,1,1,1,0,0,0,0,0,0,0,1.23873853683,1.238738536834717,0,-59,-59,-229,-229,1,1,0,0,0,0,0,0,0,0.782305955887,0.7823059558868408,0,-229,-229,201,201,138
00.png,dots2.png,04.png,00.png,00.png,16.png,22.png,00.png,00.png,32.png,tray2.png,00.png,00.png,29.png,19.png,00.png,"[-218, 211]","[-68, 211]","[82, 211]","[232, 211]","[-218, 61]","[-68, 61]","[82, 61]","[232, 61]","[-218, -89]","[-68, -89]","[82, -89]","[232, -89]","[-218, -239]","[-68, -239]","[82, -239]","[232, -239]","[100, 100]","[100, 100]","[100, 100]","[100, 100]","[100, 100]","[100, 100]","[100, 100]","[100, 100]","[100, 100]","[100, 100]","[100, 100]","[100, 100]","[100, 100]","[100, 100]","[100, 100]","[100, 100]",ok.png,"[0, -375]","[150, 100]",142,both,8,3,m,1,1,1,1,0,0,0,0,0,0,0,1.20113050938,1.201130509376526,0,-71,-71,225,225,1,1,0,0,0,0,0,0,0,0.695123612881,0.6951236128807068,0,71,71,-89,-89,42
00.png,08.png,dots2.png,03.png,25.png,tray2.png,27.png,00.png,00.png,00.png,00.png,21.png,05.png,00.png,00.png,00.png,"[-205, 200]","[-55, 200]","[95, 200]","[245, 200]","[-205, 50]","[-55, 50]","[95, 50]","[245, 50]","[-205, -100]","[-55, -100]","[95, -100]","[245, -100]","[-205, -250]","[-55, -250]","[95, -250]","[245, -250]","[100, 100]","[100, 100]","[100, 100]","[100, 100]","[100, 100]","[100, 100]","[100, 100]","[100, 100]","[100, 100]","[100, 100]","[100, 100]","[100, 100]","[100, 100]","[100, 100]","[100, 100]","[100, 100]",ok.png,"[0, -375]","[150, 100]",143,both,8,3,m,1,1,1,1,0,0,0,0,0,0,0,1.00860524178,1.008605241775513,0,-41,-41,50,50,1,1,0,0,0,0,0,0,0,0.528030216694,0.5280302166938782,0,82,82,192,192,316
00.png,07.png,00.png,dots2.png,23.png,00.png,09.png,00.png,00.png,16.png,00.png,00.png,tray2.png,15.png,00.png,06.png,"[-215, 235]","[-65, 235]","[85, 235]","[235, 235]","[-215, 85]","[-65, 85]","[85, 85]","[235, 85]","[-215, -65]","[-65, -65]","[85, -65]","[235, -65]","[-215, -215]","[-65, -215]","[85, -215]","[235, -215]","[100, 100]","[100, 100]","[100, 100]","[100, 100]","[100, 100]","[100, 100]","[100, 100]","[100, 100]","[100, 100]","[100, 100]","[100, 100]","[100, 100]","[100, 100]","[100, 100]","[100, 100]","[100, 100]",ok.png,"[0, -375]","[150, 100]",144,both,8,3,m,1,1,1,1,0,0,0,0,0,0,0,1.72740185261,1.727401852607727,0,-212,-212,-229,-229,1,1,0,0,0,0,0,0,0,0.93442773819,0.9344277381896972,0,231,231,222,222,231
00.png,tray2.png,00.png,31.png,dots2.png,08.png,30.png,00.png,34.png,00.png,00.png,12.png,00.png,00.png,11.png,00.png,"[-217, 217]","[-67, 217]","[83, 217]","[233, 217]","[-217, 67]","[-67, 67]","[83, 67]","[233, 67]","[-217, -83]","[-67, -83]","[83, -83]","[233, -83]","[-217, -233]","[-67, -233]","[83, -233]","[233, -233]","[100, 100]","[100, 100]","[100, 100]","[100, 100]","[100, 100]","[100, 100]","[100, 100]","[100, 100]","[100, 100]","[100, 100]","[100, 100]","[100, 100]","[100, 100]","[100, 100]","[100, 100]","[100, 100]",ok.png,"[0, -375]","[150, 100]",145,both,8,3,m,1,1,1,1,0,0,0,0,0,0,0,1.04134404659,1.041344046592712,0,-193,-193,62,62,1,1,0,0,0,0,0,0,0,0.60524469614,0.6052446961402893,0,-38,-38,192,192,67
00.png,00.png,16.png,tray2.png,10.png,dots2.png,09.png,07.png,27.png,24.png,00.png,00.png,00.png,00.png,00.png,00.png,"[-215, 229]","[-65, 229]","[85, 229]","[235, 229]","[-215, 79]","[-65, 79]","[85, 79]","[235, 79]","[-215, -71]","[-65, -71]","[85, -71]","[235, -71]","[-215, -221]","[-65, -221]","[85, -221]","[235, -221]","[100, 100]","[100, 100]","[100, 100]","[100, 100]","[100, 100]","[100, 100]","[100, 100]","[100, 100]","[100, 100]","[100, 100]","[100, 100]","[100, 100]","[100, 100]","[100, 100]","[100, 100]","[100, 100]",ok.png,"[0, -375]","[150, 100]",146,both,8,3,m,1,1,1,1,0,0,0,0,0,0,0,1.24341869354,1.24341869354248,0,-63,-63,89,89,1,1,0,0,0,0,0,0,0,0.635652959347,0.6356529593467712,0,231,231,216,216,34
30.png,00.png,20.png,00.png,10.png,00.png,dots2.png,01.png,00.png,tray2.png,00.png,33.png,00.png,25.png,00.png,00.png,"[-205, 240]","[-55, 240]","[95, 240]","[245, 240]","[-205, 90]","[-55, 90]","[95, 90]","[245, 90]","[-205, -60]","[-55, -60]","[95, -60]","[245, -60]","[-205, -210]","[-55, -210]","[95, -210]","[245, -210]","[100, 100]","[100, 100]","[100, 100]","[100, 100]","[100, 100]","[100, 100]","[100, 100]","[100, 100]","[100, 100]","[100, 100]","[100, 100]","[100, 100]","[100, 100]","[100, 100]","[100, 100]","[100, 100]",ok.png,"[0, -375]","[150, 100]",147,both,8,3,m,1,1,1,1,0,0,0,0,0,0,0,0.8714209795,0.8714209794998169,0,-59,-59,-57,-57,1,1,0,0,0,0,0,0,0,0.572409152985,0.5724091529846191,0,80,80,76,76,439
00.png,00.png,24.png,26.png,00.png,04.png,02.png,dots2.png,09.png,00.png,tray2.png,00.png,18.png,00.png,00.png,00.png,"[-229, 220]","[-79, 220]","[71, 220]","[221, 220]","[-229, 70]","[-79, 70]","[71, 70]","[221, 70]","[-229, -80]","[-79, -80]","[71, -80]","[221, -80]","[-229, -230]","[-79, -230]","[71, -230]","[221, -230]","[100, 100]","[100, 100]","[100, 100]","[100, 100]","[100, 100]","[100, 100]","[100, 100]","[100, 100]","[100, 100]","[100, 100]","[100, 100]","[100, 100]","[100, 100]","[100, 100]","[100, 100]","[100, 100]",ok.png,"[0, -375]","[150, 100]",148,both,8,3,m,1,1,1,1,0,0,0,0,0,0,0,1.02974593639,1.029745936393738,0,92,92,-63,-63,1,1,0,0,0,0,0,0,0,1.38059139252,1.38059139251709,0,196,196,63,63,214
tray2.png,00.png,00.png,09.png,30.png,00.png,00.png,18.png,dots2.png,00.png,07.png,11.png,00.png,00.png,14.png,00.png,"[-250, 211]","[-100, 211]","[50, 211]","[200, 211]","[-250, 61]","[-100, 61]","[50, 61]","[200, 61]","[-250, -89]","[-100, -89]","[50, -89]","[200, -89]","[-250, -239]","[-100, -239]","[50, -239]","[200, -239]","[100, 100]","[100, 100]","[100, 100]","[100, 100]","[100, 100]","[100, 100]","[100, 100]","[100, 100]","[100, 100]","[100, 100]","[100, 100]","[100, 100]","[100, 100]","[100, 100]","[100, 100]","[100, 100]",ok.png,"[0, -375]","[150, 100]",149,both,8,3,m,1,1,1,1,0,0,0,0,0,0,0,1.16245019436,1.162450194358826,0,-243,-243,-99,-99,1,1,0,0,0,0,0,0,0,0.688801348209,0.6888013482093811,0,-226,-226,227,227,129
00.png,29.png,00.png,19.png,00.png,14.png,00.png,33.png,00.png,dots2.png,00.png,23.png,00.png,tray2.png,00.png,31.png,"[-235, 237]","[-85, 237]","[65, 237]","[215, 237]","[-235, 87]","[-85, 87]","[65, 87]","[215, 87]","[-235, -63]","[-85, -63]","[65, -63]","[215, -63]","[-235, -213]","[-85, -213]","[65, -213]","[215, -213]","[100, 100]","[100, 100]","[100, 100]","[100, 100]","[100, 100]","[100, 100]","[100, 100]","[100, 100]","[100, 100]","[100, 100]","[100, 100]","[100, 100]","[100, 100]","[100, 100]","[100, 100]","[100, 100]",ok.png,"[0, -375]","[150, 100]",150,both,8,3,m,1,1,1,1,0,0,0,0,0,0,0,0.974236965179,0.9742369651794434,0,-105,-105,-78,-78,1,1,0,0,0,0,0,0,0,0.364276200533,0.3642762005329132,0,-83,-83,-214,-214,388
tray1.png,01.png,02.png,03.png,04.png,05.png,06.png,07.png,08.png,09.png,10.png,11.png,00.png,00.png,00.png,00.png,"[-202, 221]","[-52, 221]","[98, 221]","[248, 221]","[-202, 71]","[-52, 71]","[98, 71]","[248, 71]","[-202, -79]","[-52, -79]","[98, -79]","[248, -79]","[-202, -229]","[-52, -229]","[98, -229]","[248, -229]","[100, 100]","[100, 100]","[100, 100]","[100, 100]","[100, 100]","[100, 100]","[100, 100]","[100, 100]","[100, 100]","[100, 100]","[100, 100]","[100, 100]","[100, 100]","[100, 100]","[100, 100]","[100, 100]",ok.png,"[0, -375]","[150, 100]",151,tray,12,1,m,1,1,1,1,0,0,0,0,0,0,0,1.53800189495,1.538001894950867,0,-170,-170,225,225,1,1,0,0,0,0,0,0,0,1.69801580906,1.698015809059143,0,8,8,-371,-371,361
08.png,tray1.png,09.png,00.png,10.png,11.png,12.png,13.png,00.png,14.png,34.png,33.png,32.png,31.png,00.png,00.png,"[-250, 222]","[-100, 222]","[50, 222]","[200, 222]","[-250, 72]","[-100, 72]","[50, 72]","[200, 72]","[-250, -78]","[-100, -78]","[50, -78]","[200, -78]","[-250, -228]","[-100, -228]","[50, -228]","[200, -228]","[100, 100]","[100, 100]","[100, 100]","[100, 100]","[100, 100]","[100, 100]","[100, 100]","[100, 100]","[100, 100]","[100, 100]","[100, 100]","[100, 100]","[100, 100]","[100, 100]","[100, 100]","[100, 100]",ok.png,"[0, -375]","[150, 100]",152,tray,12,1,m,1,1,1,1,0,0,0,0,0,0,0,1.28619480133,1.286194801330566,0,-84,-84,217,217,1,1,0,0,0,0,0,0,0,3.77082109451,3.770821094512939,0,45,45,-364,-364,112
00.png,00.png,tray1.png,15.png,16.png,17.png,18.png,19.png,20.png,21.png,22.png,23.png,24.png,25.png,00.png,00.png,"[-234, 216]","[-84, 216]","[66, 216]","[216, 216]","[-234, 66]","[-84, 66]","[66, 66]","[216, 66]","[-234, -84]","[-84, -84]","[66, -84]","[216, -84]","[-234, -234]","[-84, -234]","[66, -234]","[216, -234]","[100, 100]","[100, 100]","[100, 100]","[100, 100]","[100, 100]","[100, 100]","[100, 100]","[100, 100]","[100, 100]","[100, 100]","[100, 100]","[100, 100]","[100, 100]","[100, 100]","[100, 100]","[100, 100]",ok.png,"[0, -375]","[150, 100]",153,tray,12,1,m,1,1,1,1,0,0,0,0,0,0,0,1.34515976906,1.345159769058228,0,65,65,223,223,1,1,0,0,0,0,0,0,0,3.1668753624,3.16687536239624,0,-9,-9,-349,-349,80
22.png,23.png,24.png,tray1.png,00.png,00.png,25.png,26.png,00.png,00.png,27.png,28.png,29.png,30.png,31.png,32.png,"[-207, 205]","[-57, 205]","[93, 205]","[243, 205]","[-207, 55]","[-57, 55]","[93, 55]","[243, 55]","[-207, -95]","[-57, -95]","[93, -95]","[243, -95]","[-207, -245]","[-57, -245]","[93, -245]","[243, -245]","[100, 100]","[100, 100]","[100, 100]","[100, 100]","[100, 100]","[100, 100]","[100, 100]","[100, 100]","[100, 100]","[100, 100]","[100, 100]","[100, 100]","[100, 100]","[100, 100]","[100, 100]","[100, 100]",ok.png,"[0, -375]","[150, 100]",154,tray,12,1,m,1,1,1,1,0,0,0,0,0,0,0,1.44101929665,1.441019296646118,0,243,243,192,192,1,1,0,0,0,0,0,0,0,0.937240600586,0.9372406005859376,0,12,12,-358,-358,399
02.png,04.png,06.png,08.png,tray1.png,29.png,30.png,31.png,32.png,33.png,34.png,01.png,00.png,00.png,00.png,00.png,"[-203, 229]","[-53, 229]","[97, 229]","[247, 229]","[-203, 79]","[-53, 79]","[97, 79]","[247, 79]","[-203, -71]","[-53, -71]","[97, -71]","[247, -71]","[-203, -221]","[-53, -221]","[97, -221]","[247, -221]","[100, 100]","[100, 100]","[100, 100]","[100, 100]","[100, 100]","[100, 100]","[100, 100]","[100, 100]","[100, 100]","[100, 100]","[100, 100]","[100, 100]","[100, 100]","[100, 100]","[100, 100]","[100, 100]",ok.png,"[0, -375]","[150, 100]",155,tray,12,1,m,1,1,1,1,0,0,0,0,0,0,0,2.10714149475,2.107141494750977,0,-204,-204,67,67,1,1,0,0,0,0,0,0,0,2.38058257103,2.380582571029663,0,4,4,-375,-375,23
01.png,34.png,07.png,27.png,04.png,tray1.png,00.png,00.png,06.png,15.png,09.png,29.png,17.png,23.png,00.png,00.png,"[-240, 216]","[-90, 216]","[60, 216]","[210, 216]","[-240, 66]","[-90, 66]","[60, 66]","[210, 66]","[-240, -84]","[-90, -84]","[60, -84]","[210, -84]","[-240, -234]","[-90, -234]","[60, -234]","[210, -234]","[100, 100]","[100, 100]","[100, 100]","[100, 100]","[100, 100]","[100, 100]","[100, 100]","[100, 100]","[100, 100]","[100, 100]","[100, 100]","[100, 100]","[100, 100]","[100, 100]","[100, 100]","[100, 100]",ok.png,"[0, -375]","[150, 100]",156,tray,12,1,m,1,1,1,1,0,0,0,0,0,0,0,2.10107326508,2.101073265075684,0,-83,-83,60,60,1,1,0,0,0,0,0,0,0,0.826956868172,0.8269568681716919,0,-4,-4,-383,-383,93
00.png,00.png,02.png,05.png,07.png,03.png,tray1.png,25.png,18.png,14.png,00.png,00.png,06.png,22.png,09.png,17.png,"[-210, 205]","[-60, 205]","[90, 205]","[240, 205]","[-210, 55]","[-60, 55]","[90, 55]","[240, 55]","[-210, -95]","[-60, -95]","[90, -95]","[240, -95]","[-210, -245]","[-60, -245]","[90, -245]","[240, -245]","[100, 100]","[100, 100]","[100, 100]","[100, 100]","[100, 100]","[100, 100]","[100, 100]","[100, 100]","[100, 100]","[100, 100]","[100, 100]","[100, 100]","[100, 100]","[100, 100]","[100, 100]","[100, 100]",ok.png,"[0, -375]","[150, 100]",157,tray,12,1,m,1,1,1,1,0,0,0,0,0,0,0,1.52223336697,1.522233366966248,0,80,80,45,45,1,1,0,0,0,0,0,0,0,1.77153897285,1.771538972854614,0,-6,-6,-378,-378,244
00.png,05.png,33.png,07.png,20.png,15.png,27.png,tray1.png,30.png,17.png,25.png,31.png,00.png,00.png,33.png,00.png,"[-250, 236]","[-100, 236]","[50, 236]","[200, 236]","[-250, 86]","[-100, 86]","[50, 86]","[200, 86]","[-250, -64]","[-100, -64]","[50, -64]","[200, -64]","[-250, -214]","[-100, -214]","[50, -214]","[200, -214]","[100, 100]","[100, 100]","[100, 100]","[100, 100]","[100, 100]","[100, 100]","[100, 100]","[100, 100]","[100, 100]","[100, 100]","[100, 100]","[100, 100]","[100, 100]","[100, 100]","[100, 100]","[100, 100]",ok.png,"[0, -375]","[150, 100]",158,tray,12,1,m,1,1,1,1,0,0,0,0,0,0,0,1.55290746689,1.552907466888428,0,207,207,89,89,1,1,0,0,0,0,0,0,0,1.60036206245,1.600362062454224,0,14,14,-361,-361,324
07.png,10.png,13.png,16.png,00.png,00.png,00.png,00.png,tray1.png,29.png,23.png,27.png,21.png,25.png,31.png,33.png,"[-214, 202]","[-64, 202]","[86, 202]","[236, 202]","[-214, 52]","[-64, 52]","[86, 52]","[236, 52]","[-214, -98]","[-64, -98]","[86, -98]","[236, -98]","[-214, -248]","[-64, -248]","[86, -248]","[236, -248]","[100, 100]","[100, 100]","[100, 100]","[100, 100]","[100, 100]","[100, 100]","[100, 100]","[100, 100]","[100, 100]","[100, 100]","[100, 100]","[100, 100]","[100, 100]","[100, 100]","[100, 100]","[100, 100]",ok.png,"[0, -375]","[150, 100]",159,tray,12,1,m,1,1,1,1,0,0,0,0,0,0,0,1.07160580158,1.071605801582336,0,-192,-192,-96,-96,1,1,0,0,0,0,0,0,0,3.02853369713,3.028533697128296,0,18,18,-370,-370,43
09.png,07.png,05.png,03.png,14.png,16.png,18.png,20.png,22.png,tray1.png,24.png,26.png,00.png,00.png,00.png,00.png,"[-225, 223]","[-75, 223]","[75, 223]","[225, 223]","[-225, 73]","[-75, 73]","[75, 73]","[225, 73]","[-225, -77]","[-75, -77]","[75, -77]","[225, -77]","[-225, -227]","[-75, -227]","[75, -227]","[225, -227]","[100, 100]","[100, 100]","[100, 100]","[100, 100]","[100, 100]","[100, 100]","[100, 100]","[100, 100]","[100, 100]","[100, 100]","[100, 100]","[100, 100]","[100, 100]","[100, 100]","[100, 100]","[100, 100]",ok.png,"[0, -375]","[150, 100]",160,tray,12,1,m,1,1,1,1,0,0,0,0,0,0,0,1.28099739552,1.280997395515442,0,-82,-82,-81,-81,1,1,0,0,0,0,0,0,0,2.09825801849,2.098258018493652,0,23,23,-361,-361,163
00.png,00.png,33.png,31.png,13.png,10.png,34.png,32.png,16.png,19.png,tray1.png,21.png,24.png,27.png,00.png,00.png,"[-227, 234]","[-77, 234]","[73, 234]","[223, 234]","[-227, 84]","[-77, 84]","[73, 84]","[223, 84]","[-227, -66]","[-77, -66]","[73, -66]","[223, -66]","[-227, -216]","[-77, -216]","[73, -216]","[223, -216]","[100, 100]","[100, 100]","[100, 100]","[100, 100]","[100, 100]","[100, 100]","[100, 100]","[100, 100]","[100, 100]","[100, 100]","[100, 100]","[100, 100]","[100, 100]","[100, 100]","[100, 100]","[100, 100]",ok.png,"[0, -375]","[150, 100]",161,tray,12,1,m,1,1,1,1,0,0,0,0,0,0,0,0.9014108181,0.9014108180999756,0,62,62,-67,-67,1,1,0,0,0,0,0,0,0,1.27307188511,1.273071885108948,0,17,17,-392,-392,390
10.png,15.png,20.png,25.png,00.png,00.png,04.png,17.png,21.png,16.png,11.png,tray1.png,00.png,00.png,27.png,34.png,"[-200, 219]","[-50, 219]","[100, 219]","[250, 219]","[-200, 69]","[-50, 69]","[100, 69]","[250, 69]","[-200, -81]","[-50, -81]","[100, -81]","[250, -81]","[-200, -231]","[-50, -231]","[100, -231]","[250, -231]","[100, 100]","[100, 100]","[100, 100]","[100, 100]","[100, 100]","[100, 100]","[100, 100]","[100, 100]","[100, 100]","[100, 100]","[100, 100]","[100, 100]","[100, 100]","[100, 100]","[100, 100]","[100, 100]",ok.png,"[0, -375]","[150, 100]",162,tray,12,1,m,1,1,1,1,0,0,0,0,0,0,0,1.54706585407,1.547065854072571,0,255,255,-75,-75,1,1,0,0,0,0,0,0,0,4.41918897629,4.419188976287842,0,15,15,-375,-375,219
00.png,00.png,20.png,24.png,28.png,32.png,00.png,00.png,03.png,01.png,07.png,08.png,tray1.png,05.png,02.png,04.png,"[-214, 226]","[-64, 226]","[86, 226]","[236, 226]","[-214, 76]","[-64, 76]","[86, 76]","[236, 76]","[-214, -74]","[-64, -74]","[86, -74]","[236, -74]","[-214, -224]","[-64, -224]","[86, -224]","[236, -224]","[100, 100]","[100, 100]","[100, 100]","[100, 100]","[100, 100]","[100, 100]","[100, 100]","[100, 100]","[100, 100]","[100, 100]","[100, 100]","[100, 100]","[100, 100]","[100, 100]","[100, 100]","[100, 100]",ok.png,"[0, -375]","[150, 100]",163,tray,12,1,m,1,1,1,1,0,0,0,0,0,0,0,1.41595137119,1.415951371192932,0,-216,-216,-219,-219,1,1,0,0,0,0,0,0,0,1.09630560875,1.09630560874939,0,-6,-6,-373,-373,349
29.png,00.png,06.png,16.png,00.png,03.png,33.png,08.png,13.png,28.png,00.png,00.png,23.png,tray1.png,12.png,01.png,"[-224, 246]","[-74, 246]","[76, 246]","[226, 246]","[-224, 96]","[-74, 96]","[76, 96]","[226, 96]","[-224, -54]","[-74, -54]","[76, -54]","[226, -54]","[-224, -204]","[-74, -204]","[76, -204]","[226, -204]","[100, 100]","[100, 100]","[100, 100]","[100, 100]","[100, 100]","[100, 100]","[100, 100]","[100, 100]","[100, 100]","[100, 100]","[100, 100]","[100, 100]","[100, 100]","[100, 100]","[100, 100]","[100, 100]",ok.png,"[0, -375]","[150, 100]",164,tray,12,1,m,1,1,1,1,0,0,0,0,0,0,0,1.66264724731,1.662647247314453,0,-69,-69,-187,-187,1,1,0,0,0,0,0,0,0,0.900581538677,0.9005815386772156,0,2,2,-355,-355,339
00.png,00.png,00.png,16.png,14.png,06.png,04.png,33.png,27.png,23.png,17.png,13.png,07.png,03.png,tray1.png,00.png,"[-214, 206]","[-64, 206]","[86, 206]","[236, 206]","[-214, 56]","[-64, 56]","[86, 56]","[236, 56]","[-214, -94]","[-64, -94]","[86, -94]","[236, -94]","[-214, -244]","[-64, -244]","[86, -244]","[236, -244]","[100, 100]","[100, 100]","[100, 100]","[100, 100]","[100, 100]","[100, 100]","[100, 100]","[100, 100]","[100, 100]","[100, 100]","[100, 100]","[100, 100]","[100, 100]","[100, 100]","[100, 100]","[100, 100]",ok.png,"[0, -375]","[150, 100]",165,tray,12,1,m,1,1,1,1,0,0,0,0,0,0,0,1.43136787415,1.431367874145508,0,80,80,-259,-259,1,1,0,0,0,0,0,0,0,1.55380177498,1.553801774978638,0,8,8,-389,-389,367
04.png,20.png,30.png,02.png,00.png,00.png,03.png,04.png,24.png,23.png,00.png,00.png,14.png,07.png,17.png,tray1.png,"[-242, 232]","[-92, 232]","[58, 232]","[208, 232]","[-242, 82]","[-92, 82]","[58, 82]","[208, 82]","[-242, -68]","[-92, -68]","[58, -68]","[208, -68]","[-242, -218]","[-92, -218]","[58, -218]","[208, -218]","[100, 100]","[100, 100]","[100, 100]","[100, 100]","[100, 100]","[100, 100]","[100, 100]","[100, 100]","[100, 100]","[100, 100]","[100, 100]","[100, 100]","[100, 100]","[100, 100]","[100, 100]","[100, 100]",ok.png,"[0, -375]","[150, 100]",166,tray,12,1,m,1,1,1,1,0,0,0,0,0,0,0,2.33632969856,2.336329698562622,0,215,215,-228,-228,1,1,0,0,0,0,0,0,0,1.44974052906,1.449740529060364,0,-13,-13,-350,-350,229
03.png,19.png,29.png,00.png,00.png,02.png,32.png,11.png,12.png,22.png,16.png,00.png,00.png,04.png,tray1.png,18.png,"[-232, 233]","[-82, 233]","[68, 233]","[218, 233]","[-232, 83]","[-82, 83]","[68, 83]","[218, 83]","[-232, -67]","[-82, -67]","[68, -67]","[218, -67]","[-232, -217]","[-82, -217]","[68, -217]","[218, -217]","[100, 100]","[100, 100]","[100, 100]","[100, 100]","[100, 100]","[100, 100]","[100, 100]","[100, 100]","[100, 100]","[100, 100]","[100, 100]","[100, 100]","[100, 100]","[100, 100]","[100, 100]","[100, 100]",ok.png,"[0, -375]","[150, 100]",167,tray,12,1,m,1,1,1,1,0,0,0,0,0,0,0,2.55027127266,2.550271272659302,0,67,67,-234,-234,1,1,0,0,0,0,0,0,0,4.27331876755,4.273318767547607,0,4,4,-390,-390,259
16.png,13.png,11.png,05.png,21.png,00.png,00.png,00.png,00.png,27.png,28.png,25.png,03.png,tray1.png,08.png,15.png,"[-249, 207]","[-99, 207]","[51, 207]","[201, 207]","[-249, 57]","[-99, 57]","[51, 57]","[201, 57]","[-249, -93]","[-99, -93]","[51, -93]","[201, -93]","[-249, -243]","[-99, -243]","[51, -243]","[201, -243]","[100, 100]","[100, 100]","[100, 100]","[100, 100]","[100, 100]","[100, 100]","[100, 100]","[100, 100]","[100, 100]","[100, 100]","[100, 100]","[100, 100]","[100, 100]","[100, 100]","[100, 100]","[100, 100]",ok.png,"[0, -375]","[150, 100]",168,tray,12,1,m,1,1,1,1,0,0,0,0,0,0,0,1.52423107624,1.52423107624054,0,-82,-82,-229,-229,1,1,0,0,0,0,0,0,0,3.07013130188,3.070131301879883,0,-6,-6,-358,-358,71
06.png,21.png,15.png,17.png,00.png,00.png,16.png,28.png,29.png,09.png,00.png,23.png,tray1.png,14.png,07.png,00.png,"[-206, 229]","[-56, 229]","[94, 229]","[244, 229]","[-206, 79]","[-56, 79]","[94, 79]","[244, 79]","[-206, -71]","[-56, -71]","[94, -71]","[244, -71]","[-206, -221]","[-56, -221]","[94, -221]","[244, -221]","[100, 100]","[100, 100]","[100, 100]","[100, 100]","[100, 100]","[100, 100]","[100, 100]","[100, 100]","[100, 100]","[100, 100]","[100, 100]","[100, 100]","[100, 100]","[100, 100]","[100, 100]","[100, 100]",ok.png,"[0, -375]","[150, 100]",169,tray,12,1,m,1,1,1,1,0,0,0,0,0,0,0,1.2911157608,1.291115760803223,0,-217,-217,-228,-228,1,1,0,0,0,0,0,0,0,2.85212874413,2.852128744125366,0,30,30,-353,-353,203
00.png,11.png,01.png,28.png,12.png,00.png,00.png,34.png,15.png,30.png,08.png,tray1.png,31.png,21.png,32.png,00.png,"[-248, 240]","[-98, 240]","[52, 240]","[202, 240]","[-248, 90]","[-98, 90]","[52, 90]","[202, 90]","[-248, -60]","[-98, -60]","[52, -60]","[202, -60]","[-248, -210]","[-98, -210]","[52, -210]","[202, -210]","[100, 100]","[100, 100]","[100, 100]","[100, 100]","[100, 100]","[100, 100]","[100, 100]","[100, 100]","[100, 100]","[100, 100]","[100, 100]","[100, 100]","[100, 100]","[100, 100]","[100, 100]","[100, 100]",ok.png,"[0, -375]","[150, 100]",170,tray,12,1,m,1,1,1,1,0,0,0,0,0,0,0,1.24189591408,1.241895914077759,0,219,219,-70,-70,1,1,0,0,0,0,0,0,0,1.91622650623,1.916226506233215,0,18,18,-372,-372,63
00.png,00.png,12.png,04.png,32.png,31.png,24.png,27.png,07.png,09.png,tray1.png,10.png,13.png,16.png,00.png,00.png,"[-225, 210]","[-75, 210]","[75, 210]","[225, 210]","[-225, 60]","[-75, 60]","[75, 60]","[225, 60]","[-225, -90]","[-75, -90]","[75, -90]","[225, -90]","[-225, -240]","[-75, -240]","[75, -240]","[225, -240]","[100, 100]","[100, 100]","[100, 100]","[100, 100]","[100, 100]","[100, 100]","[100, 100]","[100, 100]","[100, 100]","[100, 100]","[100, 100]","[100, 100]","[100, 100]","[100, 100]","[100, 100]","[100, 100]",ok.png,"[0, -375]","[150, 100]",171,tray,12,1,m,1,1,1,1,0,0,0,0,0,0,0,1.05004191399,1.050041913986206,0,53,53,-111,-111,1,1,0,0,0,0,0,0,0,2.21694850922,2.216948509216309,0,33,33,-385,-385,340
00.png,00.png,25.png,12.png,33.png,19.png,05.png,00.png,01.png,tray1.png,07.png,10.png,34.png,20.png,00.png,30.png,"[-213, 200]","[-63, 200]","[87, 200]","[237, 200]","[-213, 50]","[-63, 50]","[87, 50]","[237, 50]","[-213, -100]","[-63, -100]","[87, -100]","[237, -100]","[-213, -250]","[-63, -250]","[87, -250]","[237, -250]","[100, 100]","[100, 100]","[100, 100]","[100, 100]","[100, 100]","[100, 100]","[100, 100]","[100, 100]","[100, 100]","[100, 100]","[100, 100]","[100, 100]","[100, 100]","[100, 100]","[100, 100]","[100, 100]",ok.png,"[0, -375]","[150, 100]",172,tray,12,1,m,1,1,1,1,0,0,0,0,0,0,0,1.30007278919,1.3000727891922,0,-65,-65,-97,-97,1,1,0,0,0,0,0,0,0,0.949715137482,0.9497151374816896,0,-5,-5,-368,-368,309
11.png,13.png,17.png,18.png,00.png,14.png,00.png,09.png,tray1.png,02.png,04.png,30.png,26.png,24.png,00.png,00.png,"[-222, 212]","[-72, 212]","[78, 212]","[228, 212]","[-222, 62]","[-72, 62]","[78, 62]","[228, 62]","[-222, -88]","[-72, -88]","[78, -88]","[228, -88]","[-222, -238]","[-72, -238]","[78, -238]","[228, -238]","[100, 100]","[100, 100]","[100, 100]","[100, 100]","[100, 100]","[100, 100]","[100, 100]","[100, 100]","[100, 100]","[100, 100]","[100, 100]","[100, 100]","[100, 100]","[100, 100]","[100, 100]","[100, 100]",ok.png,"[0, -375]","[150, 100]",173,tray,12,1,m,1,1,1,1,0,0,0,0,0,0,0,1.38223183155,1.382231831550598,0,-232,-232,-57,-57,1,1,0,0,0,0,0,0,0,1.28934848309,1.289348483085632,0,17,17,-385,-385,73
00.png,14.png,10.png,20.png,11.png,07.png,00.png,tray1.png,18.png,31.png,00.png,30.png,09.png,00.png,03.png,19.png,"[-217, 203]","[-67, 203]","[83, 203]","[233, 203]","[-217, 53]","[-67, 53]","[83, 53]","[233, 53]","[-217, -97]","[-67, -97]","[83, -97]","[233, -97]","[-217, -247]","[-67, -247]","[83, -247]","[233, -247]","[100, 100]","[100, 100]","[100, 100]","[100, 100]","[100, 100]","[100, 100]","[100, 100]","[100, 100]","[100, 100]","[100, 100]","[100, 100]","[100, 100]","[100, 100]","[100, 100]","[100, 100]","[100, 100]",ok.png,"[0, -375]","[150, 100]",174,tray,12,1,m,1,1,1,1,0,0,0,0,0,0,0,1.16596412659,1.165964126586914,0,232,232,55,55,1,1,0,0,0,0,0,0,0,2.23330378532,2.233303785324097,0,29,29,-384,-384,91
31.png,03.png,13.png,00.png,23.png,21.png,tray1.png,00.png,33.png,00.png,14.png,00.png,19.png,32.png,29.png,26.png,"[-242, 237]","[-92, 237]","[58, 237]","[208, 237]","[-242, 87]","[-92, 87]","[58, 87]","[208, 87]","[-242, -63]","[-92, -63]","[58, -63]","[208, -63]","[-242, -213]","[-92, -213]","[58, -213]","[208, -213]","[100, 100]","[100, 100]","[100, 100]","[100, 100]","[100, 100]","[100, 100]","[100, 100]","[100, 100]","[100, 100]","[100, 100]","[100, 100]","[100, 100]","[100, 100]","[100, 100]","[100, 100]","[100, 100]",ok.png,"[0, -375]","[150, 100]",175,tray,12,1,m,1,1,1,1,0,0,0,0,0,0,0,1.417142272,1.417142271995544,0,65,65,88,88,1,1,0,0,0,0,0,0,0,2.0461807251,2.046180725097656,0,10,10,-362,-362,72
00.png,00.png,00.png,00.png,11.png,10.png,09.png,08.png,07.png,06.png,05.png,04.png,03.png,02.png,01.png,tray2.png,"[-209, 250]","[-59, 250]","[91, 250]","[241, 250]","[-209, 100]","[-59, 100]","[91, 100]","[241, 100]","[-209, -50]","[-59, -50]","[91, -50]","[241, -50]","[-209, -200]","[-59, -200]","[91, -200]","[241, -200]","[100, 100]","[100, 100]","[100, 100]","[100, 100]","[100, 100]","[100, 100]","[100, 100]","[100, 100]","[100, 100]","[100, 100]","[100, 100]","[100, 100]","[100, 100]","[100, 100]","[100, 100]","[100, 100]",ok.png,"[0, -375]","[150, 100]",176,tray,12,1,m,1,1,1,1,0,0,0,0,0,0,0,1.30832290649,1.308322906494141,0,236,236,-188,-188,1,1,0,0,0,0,0,0,0,2.09303832054,2.093038320541382,0,7,7,-367,-367,117
00.png,00.png,31.png,32.png,33.png,34.png,14.png,00.png,13.png,12.png,11.png,10.png,00.png,09.png,tray2.png,08.png,"[-247, 205]","[-97, 205]","[53, 205]","[203, 205]","[-247, 55]","[-97, 55]","[53, 55]","[203, 55]","[-247, -95]","[-97, -95]","[53, -95]","[203, -95]","[-247, -245]","[-97, -245]","[53, -245]","[203, -245]","[100, 100]","[100, 100]","[100, 100]","[100, 100]","[100, 100]","[100, 100]","[100, 100]","[100, 100]","[100, 100]","[100, 100]","[100, 100]","[100, 100]","[100, 100]","[100, 100]","[100, 100]","[100, 100]",ok.png,"[0, -375]","[150, 100]",177,tray,12,1,m,1,1,1,1,0,0,0,0,0,0,0,1.38460230827,1.384602308273315,0,24,24,-235,-235,1,1,0,0,0,0,0,0,0,2.57100820541,2.571008205413818,0,3,3,-371,-371,10
00.png,00.png,25.png,24.png,23.png,22.png,21.png,20.png,19.png,18.png,17.png,16.png,15.png,tray2.png,00.png,00.png,"[-228, 246]","[-78, 246]","[72, 246]","[222, 246]","[-228, 96]","[-78, 96]","[72, 96]","[222, 96]","[-228, -54]","[-78, -54]","[72, -54]","[222, -54]","[-228, -204]","[-78, -204]","[72, -204]","[222, -204]","[100, 100]","[100, 100]","[100, 100]","[100, 100]","[100, 100]","[100, 100]","[100, 100]","[100, 100]","[100, 100]","[100, 100]","[100, 100]","[100, 100]","[100, 100]","[100, 100]","[100, 100]","[100, 100]",ok.png,"[0, -375]","[150, 100]",178,tray,12,1,m,1,1,1,1,0,0,0,0,0,0,0,1.50625455379,1.506254553794861,0,-69,-69,-185,-185,1,1,0,0,0,0,0,0,0,2.02512454987,2.025124549865723,0,24,24,-362,-362,44
33.png,32.png,30.png,29.png,00.png,00.png,31.png,27.png,26.png,28.png,00.png,00.png,tray2.png,24.png,23.png,22.png,"[-244, 210]","[-94, 210]","[56, 210]","[206, 210]","[-244, 60]","[-94, 60]","[56, 60]","[206, 60]","[-244, -90]","[-94, -90]","[56, -90]","[206, -90]","[-244, -240]","[-94, -240]","[56, -240]","[206, -240]","[100, 100]","[100, 100]","[100, 100]","[100, 100]","[100, 100]","[100, 100]","[100, 100]","[100, 100]","[100, 100]","[100, 100]","[100, 100]","[100, 100]","[100, 100]","[100, 100]","[100, 100]","[100, 100]",ok.png,"[0, -375]","[150, 100]",179,tray,12,1,m,1,1,1,1,0,0,0,0,0,0,0,3.61600875854,3.616008758544922,0,-249,-249,-229,-229,1,1,0,0,0,0,0,0,0,0.760475933552,0.7604759335517883,0,-8,-8,-374,-374,265
00.png,00.png,00.png,00.png,01.png,34.png,33.png,32.png,31.png,30.png,29.png,tray2.png,08.png,06.png,04.png,02.png,"[-235, 230]","[-85, 230]","[65, 230]","[215, 230]","[-235, 80]","[-85, 80]","[65, 80]","[215, 80]","[-235, -70]","[-85, -70]","[65, -70]","[215, -70]","[-235, -220]","[-85, -220]","[65, -220]","[215, -220]","[100, 100]","[100, 100]","[100, 100]","[100, 100]","[100, 100]","[100, 100]","[100, 100]","[100, 100]","[100, 100]","[100, 100]","[100, 100]","[100, 100]","[100, 100]","[100, 100]","[100, 100]","[100, 100]",ok.png,"[0, -375]","[150, 100]",180,tray,12,1,m,1,1,1,1,0,0,0,0,0,0,0,0.949331641197,0.9493316411972046,0,190,190,-98,-98,1,1,0,0,0,0,0,0,0,2.29012537003,2.290125370025635,0,29,29,-370,-370,272
00.png,00.png,23.png,17.png,29.png,09.png,15.png,06.png,00.png,00.png,tray2.png,04.png,27.png,07.png,34.png,01.png,"[-250, 249]","[-100, 249]","[50, 249]","[200, 249]","[-250, 99]","[-100, 99]","[50, 99]","[200, 99]","[-250, -51]","[-100, -51]","[50, -51]","[200, -51]","[-250, -201]","[-100, -201]","[50, -201]","[200, -201]","[100, 100]","[100, 100]","[100, 100]","[100, 100]","[100, 100]","[100, 100]","[100, 100]","[100, 100]","[100, 100]","[100, 100]","[100, 100]","[100, 100]","[100, 100]","[100, 100]","[100, 100]","[100, 100]",ok.png,"[0, -375]","[150, 100]",181,tray,12,1,m,1,1,1,1,0,0,0,0,0,0,0,1.08847725391,1.088477253913879,0,50,50,-59,-59,1,1,0,0,0,0,0,0,0,2.57188558578,2.571885585784912,0,7,7,-379,-379,300
17.png,09.png,22.png,06.png,00.png,00.png,14.png,18.png,25.png,tray2.png,03.png,07.png,05.png,02.png,00.png,00.png,"[-227, 201]","[-77, 201]","[73, 201]","[223, 201]","[-227, 51]","[-77, 51]","[73, 51]","[223, 51]","[-227, -99]","[-77, -99]","[73, -99]","[223, -99]","[-227, -249]","[-77, -249]","[73, -249]","[223, -249]","[100, 100]","[100, 100]","[100, 100]","[100, 100]","[100, 100]","[100, 100]","[100, 100]","[100, 100]","[100, 100]","[100, 100]","[100, 100]","[100, 100]","[100, 100]","[100, 100]","[100, 100]","[100, 100]",ok.png,"[0, -375]","[150, 100]",182,tray,12,1,m,1,1,1,1,0,0,0,0,0,0,0,1.09433150291,1.094331502914429,0,-82,-82,-87,-87,1,1,0,0,0,0,0,0,0,0.948157846928,0.9481578469276428,0,-16,-16,-362,-362,421
00.png,33.png,00.png,00.png,31.png,25.png,17.png,30.png,tray2.png,27.png,15.png,20.png,07.png,33.png,05.png,00.png,"[-240, 212]","[-90, 212]","[60, 212]","[210, 212]","[-240, 62]","[-90, 62]","[60, 62]","[210, 62]","[-240, -88]","[-90, -88]","[60, -88]","[210, -88]","[-240, -238]","[-90, -238]","[60, -238]","[210, -238]","[100, 100]","[100, 100]","[100, 100]","[100, 100]","[100, 100]","[100, 100]","[100, 100]","[100, 100]","[100, 100]","[100, 100]","[100, 100]","[100, 100]","[100, 100]","[100, 100]","[100, 100]","[100, 100]",ok.png,"[0, -375]","[150, 100]",183,tray,12,1,m,1,1,1,1,0,0,0,0,0,0,0,1.41659557819,1.416595578193665,0,-247,-247,-84,-84,1,1,0,0,0,0,0,0,0,1.2092320919,1.209232091903687,0,-11,-11,-360,-360,194
33.png,31.png,25.png,21.png,27.png,23.png,29.png,tray2.png,00.png,00.png,00.png,00.png,16.png,13.png,10.png,07.png,"[-239, 213]","[-89, 213]","[61, 213]","[211, 213]","[-239, 63]","[-89, 63]","[61, 63]","[211, 63]","[-239, -87]","[-89, -87]","[61, -87]","[211, -87]","[-239, -237]","[-89, -237]","[61, -237]","[211, -237]","[100, 100]","[100, 100]","[100, 100]","[100, 100]","[100, 100]","[100, 100]","[100, 100]","[100, 100]","[100, 100]","[100, 100]","[100, 100]","[100, 100]","[100, 100]","[100, 100]","[100, 100]","[100, 100]",ok.png,"[0, -375]","[150, 100]",184,tray,12,1,m,1,1,1,1,0,0,0,0,0,0,0,1.22587609291,1.225876092910767,0,219,219,50,50,1,1,0,0,0,0,0,0,0,1.16287338734,1.162873387336731,0,37,37,-355,-355,174
00.png,00.png,00.png,00.png,26.png,24.png,tray2.png,22.png,20.png,18.png,16.png,14.png,03.png,05.png,07.png,09.png,"[-230, 206]","[-80, 206]","[70, 206]","[220, 206]","[-230, 56]","[-80, 56]","[70, 56]","[220, 56]","[-230, -94]","[-80, -94]","[70, -94]","[220, -94]","[-230, -244]","[-80, -244]","[70, -244]","[220, -244]","[100, 100]","[100, 100]","[100, 100]","[100, 100]","[100, 100]","[100, 100]","[100, 100]","[100, 100]","[100, 100]","[100, 100]","[100, 100]","[100, 100]","[100, 100]","[100, 100]","[100, 100]","[100, 100]",ok.png,"[0, -375]","[150, 100]",185,tray,12,1,m,1,1,1,1,0,0,0,0,0,0,0,1.23608005047,1.236080050468445,0,35,35,33,33,1,1,0,0,0,0,0,0,0,1.44139695168,1.441396951675415,0,15,15,-355,-355,89
00.png,00.png,27.png,24.png,21.png,tray2.png,19.png,16.png,32.png,34.png,10.png,13.png,31.png,33.png,00.png,00.png,"[-207, 250]","[-57, 250]","[93, 250]","[243, 250]","[-207, 100]","[-57, 100]","[93, 100]","[243, 100]","[-207, -50]","[-57, -50]","[93, -50]","[243, -50]","[-207, -200]","[-57, -200]","[93, -200]","[243, -200]","[100, 100]","[100, 100]","[100, 100]","[100, 100]","[100, 100]","[100, 100]","[100, 100]","[100, 100]","[100, 100]","[100, 100]","[100, 100]","[100, 100]","[100, 100]","[100, 100]","[100, 100]","[100, 100]",ok.png,"[0, -375]","[150, 100]",186,tray,12,1,m,1,1,1,1,0,0,0,0,0,0,0,1.38492798805,1.384927988052368,0,-50,-50,82,82,1,1,0,0,0,0,0,0,0,3.02089548111,3.020895481109619,0,-9,-9,-385,-385,209
34.png,27.png,00.png,00.png,tray2.png,11.png,16.png,21.png,17.png,04.png,00.png,00.png,25.png,20.png,15.png,10.png,"[-210, 218]","[-60, 218]","[90, 218]","[240, 218]","[-210, 68]","[-60, 68]","[90, 68]","[240, 68]","[-210, -82]","[-60, -82]","[90, -82]","[240, -82]","[-210, -232]","[-60, -232]","[90, -232]","[240, -232]","[100, 100]","[100, 100]","[100, 100]","[100, 100]","[100, 100]","[100, 100]","[100, 100]","[100, 100]","[100, 100]","[100, 100]","[100, 100]","[100, 100]","[100, 100]","[100, 100]","[100, 100]","[100, 100]",ok.png,"[0, -375]","[150, 100]",187,tray,12,1,m,1,1,1,1,0,0,0,0,0,0,0,1.01061856747,1.010618567466736,0,-187,-187,82,82,1,1,0,0,0,0,0,0,0,1.32981145382,1.329811453819275,0,-12,-12,-370,-370,447
04.png,02.png,05.png,tray2.png,08.png,07.png,01.png,03.png,00.png,00.png,32.png,28.png,24.png,20.png,00.png,00.png,"[-248, 239]","[-98, 239]","[52, 239]","[202, 239]","[-248, 89]","[-98, 89]","[52, 89]","[202, 89]","[-248, -61]","[-98, -61]","[52, -61]","[202, -61]","[-248, -211]","[-98, -211]","[52, -211]","[202, -211]","[100, 100]","[100, 100]","[100, 100]","[100, 100]","[100, 100]","[100, 100]","[100, 100]","[100, 100]","[100, 100]","[100, 100]","[100, 100]","[100, 100]","[100, 100]","[100, 100]","[100, 100]","[100, 100]",ok.png,"[0, -375]","[150, 100]",188,tray,12,1,m,1,1,1,1,0,0,0,0,0,0,0,1.28970694542,1.289706945419312,0,210,210,223,223,1,1,0,0,0,0,0,0,0,1.57553780079,1.575537800788879,0,7,7,-377,-377,282
01.png,12.png,tray2.png,23.png,00.png,00.png,28.png,13.png,08.png,33.png,03.png,00.png,16.png,06.png,00.png,29.png,"[-207, 233]","[-57, 233]","[93, 233]","[243, 233]","[-207, 83]","[-57, 83]","[93, 83]","[243, 83]","[-207, -67]","[-57, -67]","[93, -67]","[243, -67]","[-207, -217]","[-57, -217]","[93, -217]","[243, -217]","[100, 100]","[100, 100]","[100, 100]","[100, 100]","[100, 100]","[100, 100]","[100, 100]","[100, 100]","[100, 100]","[100, 100]","[100, 100]","[100, 100]","[100, 100]","[100, 100]","[100, 100]","[100, 100]",ok.png,"[0, -375]","[150, 100]",189,tray,12,1,m,1,1,1,1,0,0,0,0,0,0,0,1.58051455021,1.580514550209045,0,105,105,231,231,1,1,0,0,0,0,0,0,0,3.62506699562,3.625066995620728,0,19,19,-351,-351,212
00.png,tray2.png,03.png,07.png,13.png,17.png,23.png,27.png,33.png,04.png,06.png,14.png,16.png,00.png,00.png,00.png,"[-248, 202]","[-98, 202]","[52, 202]","[202, 202]","[-248, 52]","[-98, 52]","[52, 52]","[202, 52]","[-248, -98]","[-98, -98]","[52, -98]","[202, -98]","[-248, -248]","[-98, -248]","[52, -248]","[202, -248]","[100, 100]","[100, 100]","[100, 100]","[100, 100]","[100, 100]","[100, 100]","[100, 100]","[100, 100]","[100, 100]","[100, 100]","[100, 100]","[100, 100]","[100, 100]","[100, 100]","[100, 100]","[100, 100]",ok.png,"[0, -375]","[150, 100]",190,tray,12,1,m,1,1,1,1,0,0,0,0,0,0,0,1.41419219971,1.414192199707031,0,-91,-91,196,196,1,1,0,0,0,0,0,0,0,3.49055790901,3.490557909011841,0,25,25,-369,-369,123
tray2.png,17.png,07.png,14.png,00.png,00.png,23.png,24.png,04.png,03.png,00.png,00.png,02.png,30.png,20.png,04.png,"[-213, 217]","[-63, 217]","[87, 217]","[237, 217]","[-213, 67]","[-63, 67]","[87, 67]","[237, 67]","[-213, -83]","[-63, -83]","[87, -83]","[237, -83]","[-213, -233]","[-63, -233]","[87, -233]","[237, -233]","[100, 100]","[100, 100]","[100, 100]","[100, 100]","[100, 100]","[100, 100]","[100, 100]","[100, 100]","[100, 100]","[100, 100]","[100, 100]","[100, 100]","[100, 100]","[100, 100]","[100, 100]","[100, 100]",ok.png,"[0, -375]","[150, 100]",191,tray,12,1,m,1,1,1,1,0,0,0,0,0,0,0,1.98142075539,1.981420755386353,0,-190,-190,223,223,1,1,0,0,0,0,0,0,0,1.36682331562,1.366823315620422,0,23,23,-382,-382,358
18.png,tray2.png,04.png,00.png,00.png,16.png,22.png,12.png,11.png,32.png,02.png,00.png,00.png,29.png,19.png,03.png,"[-217, 200]","[-67, 200]","[83, 200]","[233, 200]","[-217, 50]","[-67, 50]","[83, 50]","[233, 50]","[-217, -100]","[-67, -100]","[83, -100]","[233, -100]","[-217, -250]","[-67, -250]","[83, -250]","[233, -250]","[100, 100]","[100, 100]","[100, 100]","[100, 100]","[100, 100]","[100, 100]","[100, 100]","[100, 100]","[100, 100]","[100, 100]","[100, 100]","[100, 100]","[100, 100]","[100, 100]","[100, 100]","[100, 100]",ok.png,"[0, -375]","[150, 100]",192,tray,12,1,m,1,1,1,1,0,0,0,0,0,0,0,1.46146643162,1.461466431617737,0,-54,-54,181,181,1,1,0,0,0,0,0,0,0,3.10157561302,3.101575613021851,0,30,30,-364,-364,97
15.png,08.png,tray2.png,03.png,25.png,28.png,27.png,00.png,00.png,00.png,00.png,21.png,05.png,11.png,13.png,16.png,"[-210, 201]","[-60, 201]","[90, 201]","[240, 201]","[-210, 51]","[-60, 51]","[90, 51]","[240, 51]","[-210, -99]","[-60, -99]","[90, -99]","[240, -99]","[-210, -249]","[-60, -249]","[90, -249]","[240, -249]","[100, 100]","[100, 100]","[100, 100]","[100, 100]","[100, 100]","[100, 100]","[100, 100]","[100, 100]","[100, 100]","[100, 100]","[100, 100]","[100, 100]","[100, 100]","[100, 100]","[100, 100]","[100, 100]",ok.png,"[0, -375]","[150, 100]",193,tray,12,1,m,1,1,1,1,0,0,0,0,0,0,0,1.33279263973,1.332792639732361,0,74,74,201,201,1,1,0,0,0,0,0,0,0,1.09334349632,1.093343496322632,0,3,3,-373,-373,281
00.png,07.png,14.png,tray2.png,23.png,00.png,09.png,29.png,28.png,16.png,00.png,00.png,17.png,15.png,21.png,06.png,"[-227, 250]","[-77, 250]","[73, 250]","[223, 250]","[-227, 100]","[-77, 100]","[73, 100]","[223, 100]","[-227, -50]","[-77, -50]","[73, -50]","[223, -50]","[-227, -200]","[-77, -200]","[73, -200]","[223, -200]","[100, 100]","[100, 100]","[100, 100]","[100, 100]","[100, 100]","[100, 100]","[100, 100]","[100, 100]","[100, 100]","[100, 100]","[100, 100]","[100, 100]","[100, 100]","[100, 100]","[100, 100]","[100, 100]",ok.png,"[0, -375]","[150, 100]",194,tray,12,1,m,1,1,1,1,0,0,0,0,0,0,0,2.00567984581,2.005679845809937,0,219,219,251,251,1,1,0,0,0,0,0,0,0,2.3199634552,2.319963455200195,0,24,24,-352,-352,181
00.png,32.png,21.png,31.png,tray2.png,08.png,30.png,15.png,34.png,00.png,00.png,12.png,28.png,01.png,11.png,00.png,"[-238, 238]","[-88, 238]","[62, 238]","[212, 238]","[-238, 88]","[-88, 88]","[62, 88]","[212, 88]","[-238, -62]","[-88, -62]","[62, -62]","[212, -62]","[-238, -212]","[-88, -212]","[62, -212]","[212, -212]","[100, 100]","[100, 100]","[100, 100]","[100, 100]","[100, 100]","[100, 100]","[100, 100]","[100, 100]","[100, 100]","[100, 100]","[100, 100]","[100, 100]","[100, 100]","[100, 100]","[100, 100]","[100, 100]",ok.png,"[0, -375]","[150, 100]",195,tray,12,1,m,1,1,1,1,0,0,0,0,0,0,0,1.13426399231,1.13426399230957,0,-224,-224,60,60,1,1,0,0,0,0,0,0,0,1.97804915905,1.978049159049988,0,-19,-19,-378,-378,13
00.png,00.png,16.png,13.png,10.png,tray2.png,09.png,07.png,27.png,24.png,31.png,32.png,04.png,12.png,00.png,00.png,"[-249, 201]","[-99, 201]","[51, 201]","[201, 201]","[-249, 51]","[-99, 51]","[51, 51]","[201, 51]","[-249, -99]","[-99, -99]","[51, -99]","[201, -99]","[-249, -249]","[-99, -249]","[51, -249]","[201, -249]","[100, 100]","[100, 100]","[100, 100]","[100, 100]","[100, 100]","[100, 100]","[100, 100]","[100, 100]","[100, 100]","[100, 100]","[100, 100]","[100, 100]","[100, 100]","[100, 100]","[100, 100]","[100, 100]",ok.png,"[0, -375]","[150, 100]",196,tray,12,1,m,1,1,1,1,0,0,0,0,0,0,0,1.14435434341,1.144354343414307,0,-90,-90,54,54,1,1,0,0,0,0,0,0,0,1.24903726578,1.249037265777588,0,-3,-3,-368,-368,312
30.png,00.png,20.png,34.png,10.png,07.png,tray2.png,01.png,00.png,05.png,19.png,33.png,12.png,25.png,00.png,00.png,"[-228, 241]","[-78, 241]","[72, 241]","[222, 241]","[-228, 91]","[-78, 91]","[72, 91]","[222, 91]","[-228, -59]","[-78, -59]","[72, -59]","[222, -59]","[-228, -209]","[-78, -209]","[72, -209]","[222, -209]","[100, 100]","[100, 100]","[100, 100]","[100, 100]","[100, 100]","[100, 100]","[100, 100]","[100, 100]","[100, 100]","[100, 100]","[100, 100]","[100, 100]","[100, 100]","[100, 100]","[100, 100]","[100, 100]",ok.png,"[0, -375]","[150, 100]",197,tray,12,1,m,1,1,1,1,0,0,0,0,0,0,0,0.95732653141,0.9573265314102172,0,66,66,78,78,1,1,0,0,0,0,0,0,0,2.16826200485,2.168262004852295,0,5,5,-369,-369,299
00.png,00.png,24.png,26.png,30.png,04.png,02.png,tray2.png,09.png,00.png,14.png,00.png,18.png,17.png,13.png,11.png,"[-246, 226]","[-96, 226]","[54, 226]","[204, 226]","[-246, 76]","[-96, 76]","[54, 76]","[204, 76]","[-246, -74]","[-96, -74]","[54, -74]","[204, -74]","[-246, -224]","[-96, -224]","[54, -224]","[204, -224]","[100, 100]","[100, 100]","[100, 100]","[100, 100]","[100, 100]","[100, 100]","[100, 100]","[100, 100]","[100, 100]","[100, 100]","[100, 100]","[100, 100]","[100, 100]","[100, 100]","[100, 100]","[100, 100]",ok.png,"[0, -375]","[150, 100]",198,tray,12,1,m,1,1,1,1,0,0,0,0,0,0,0,0.915407776833,0.9154077768325806,0,176,176,75,75,1,1,0,0,0,0,0,0,0,1.55595302582,1.555953025817871,0,40,40,-367,-367,336
19.png,03.png,00.png,09.png,30.png,00.png,31.png,18.png,tray2.png,00.png,07.png,11.png,20.png,10.png,14.png,00.png,"[-227, 215]","[-77, 215]","[73, 215]","[223, 215]","[-227, 65]","[-77, 65]","[73, 65]","[223, 65]","[-227, -85]","[-77, -85]","[73, -85]","[223, -85]","[-227, -235]","[-77, -235]","[73, -235]","[223, -235]","[100, 100]","[100, 100]","[100, 100]","[100, 100]","[100, 100]","[100, 100]","[100, 100]","[100, 100]","[100, 100]","[100, 100]","[100, 100]","[100, 100]","[100, 100]","[100, 100]","[100, 100]","[100, 100]",ok.png,"[0, -375]","[150, 100]",199,tray,12,1,m,1,1,1,1,0,0,0,0,0,0,0,1.22510766983,1.225107669830322,0,-228,-228,-88,-88,1,1,0,0,0,0,0,0,0,1.05484461784,1.054844617843628,0,15,15,-366,-366,333
26.png,29.png,32.png,19.png,00.png,14.png,00.png,33.png,00.png,tray2.png,21.png,23.png,00.png,13.png,03.png,31.png,"[-216, 208]","[-66, 208]","[84, 208]","[234, 208]","[-216, 58]","[-66, 58]","[84, 58]","[234, 58]","[-216, -92]","[-66, -92]","[84, -92]","[234, -92]","[-216, -242]","[-66, -242]","[84, -242]","[234, -242]","[100, 100]","[100, 100]","[100, 100]","[100, 100]","[100, 100]","[100, 100]","[100, 100]","[100, 100]","[100, 100]","[100, 100]","[100, 100]","[100, 100]","[100, 100]","[100, 100]","[100, 100]","[100, 100]",ok.png,"[0, -375]","[150, 100]",200,tray,12,1,m,1,1,1,1,0,0,0,0,0,0,0,2.44325971603,2.443259716033936,0,-49,-49,-86,-86,1,1,0,0,0,0,0,0,0,1.74383068085,1.743830680847168,0,12,12,-372,-372,190
dots1.png,01.png,02.png,03.png,04.png,05.png,06.png,07.png,08.png,09.png,10.png,11.png,00.png,00.png,00.png,00.png,"[-249, 225]","[-99, 225]","[51, 225]","[201, 225]","[-249, 75]","[-99, 75]","[51, 75]","[201, 75]","[-249, -75]","[-99, -75]","[51, -75]","[201, -75]","[-249, -225]","[-99, -225]","[51, -225]","[201, -225]","[100, 100]","[100, 100]","[100, 100]","[100, 100]","[100, 100]","[100, 100]","[100, 100]","[100, 100]","[100, 100]","[100, 100]","[100, 100]","[100, 100]","[100, 100]","[100, 100]","[100, 100]","[100, 100]",ok.png,"[0, -375]","[150, 100]",201,dots,12,2,m,1,1,1,1,0,0,0,0,0,0,0,1.4592769146,1.459276914596558,0,-265,-265,239,239,1,1,0,0,0,0,0,0,0,0.965592086315,0.965592086315155,0,31,31,-364,-364,392
08.png,dots1.png,09.png,00.png,10.png,11.png,12.png,13.png,00.png,14.png,34.png,33.png,32.png,31.png,00.png,00.png,"[-230, 249]","[-80, 249]","[70, 249]","[220, 249]","[-230, 99]","[-80, 99]","[70, 99]","[220, 99]","[-230, -51]","[-80, -51]","[70, -51]","[220, -51]","[-230, -201]","[-80, -201]","[70, -201]","[220, -201]","[100, 100]","[100, 100]","[100, 100]","[100, 100]","[100, 100]","[100, 100]","[100, 100]","[100, 100]","[100, 100]","[100, 100]","[100, 100]","[100, 100]","[100, 100]","[100, 100]","[100, 100]","[100, 100]",ok.png,"[0, -375]","[150, 100]",202,dots,12,2,m,1,1,1,1,0,0,0,0,0,0,0,1.54173743725,1.54173743724823,0,-92,-92,239,239,1,1,0,0,0,0,0,0,0,5.03017234802,5.030172348022461,0,3,3,-381,-381,275
00.png,00.png,dots1.png,15.png,16.png,17.png,18.png,19.png,20.png,21.png,22.png,23.png,24.png,25.png,00.png,00.png,"[-213, 244]","[-63, 244]","[87, 244]","[237, 244]","[-213, 94]","[-63, 94]","[87, 94]","[237, 94]","[-213, -56]","[-63, -56]","[87, -56]","[237, -56]","[-213, -206]","[-63, -206]","[87, -206]","[237, -206]","[100, 100]","[100, 100]","[100, 100]","[100, 100]","[100, 100]","[100, 100]","[100, 100]","[100, 100]","[100, 100]","[100, 100]","[100, 100]","[100, 100]","[100, 100]","[100, 100]","[100, 100]","[100, 100]",ok.png,"[0, -375]","[150, 100]",203,dots,12,2,m,1,1,1,1,0,0,0,0,0,0,0,2.20556807518,2.205568075180054,0,69,69,238,238,1,1,0,0,0,0,0,0,0,2.72767686844,2.727676868438721,0,17,17,-367,-367,177
22.png,23.png,24.png,dots1.png,00.png,00.png,25.png,26.png,00.png,00.png,27.png,28.png,29.png,30.png,31.png,32.png,"[-209, 224]","[-59, 224]","[91, 224]","[241, 224]","[-209, 74]","[-59, 74]","[91, 74]","[241, 74]","[-209, -76]","[-59, -76]","[91, -76]","[241, -76]","[-209, -226]","[-59, -226]","[91, -226]","[241, -226]","[100, 100]","[100, 100]","[100, 100]","[100, 100]","[100, 100]","[100, 100]","[100, 100]","[100, 100]","[100, 100]","[100, 100]","[100, 100]","[100, 100]","[100, 100]","[100, 100]","[100, 100]","[100, 100]",ok.png,"[0, -375]","[150, 100]",204,dots,12,2,m,1,1,1,1,0,0,0,0,0,0,0,1.35718274117,1.357182741165161,0,216,216,228,228,1,1,0,0,0,0,0,0,0,1.08217549324,1.082175493240356,0,-15,-15,-401,-401,442
02.png,04.png,06.png,08.png,dots1.png,29.png,30.png,31.png,32.png,33.png,34.png,01.png,00.png,00.png,00.png,00.png,"[-244, 228]","[-94, 228]","[56, 228]","[206, 228]","[-244, 78]","[-94, 78]","[56, 78]","[206, 78]","[-244, -72]","[-94, -72]","[56, -72]","[206, -72]","[-244, -222]","[-94, -222]","[56, -222]","[206, -222]","[100, 100]","[100, 100]","[100, 100]","[100, 100]","[100, 100]","[100, 100]","[100, 100]","[100, 100]","[100, 100]","[100, 100]","[100, 100]","[100, 100]","[100, 100]","[100, 100]","[100, 100]","[100, 100]",ok.png,"[0, -375]","[150, 100]",205,dots,12,2,m,1,1,1,1,0,0,0,0,0,0,0,1.13359582424,1.133595824241638,0,-234,-234,57,57,1,1,0,0,0,0,0,0,0,2.94557142258,2.945571422576904,0,25,25,-369,-369,284
01.png,34.png,07.png,27.png,04.png,dots1.png,00.png,00.png,06.png,15.png,09.png,29.png,17.png,23.png,00.png,00.png,"[-227, 209]","[-77, 209]","[73, 209]","[223, 209]","[-227, 59]","[-77, 59]","[73, 59]","[223, 59]","[-227, -91]","[-77, -91]","[73, -91]","[223, -91]","[-227, -241]","[-77, -241]","[73, -241]","[223, -241]","[100, 100]","[100, 100]","[100, 100]","[100, 100]","[100, 100]","[100, 100]","[100, 100]","[100, 100]","[100, 100]","[100, 100]","[100, 100]","[100, 100]","[100, 100]","[100, 100]","[100, 100]","[100, 100]",ok.png,"[0, -375]","[150, 100]",206,dots,12,2,m,1,1,1,1,0,0,0,0,0,0,0,1.16689288616,1.166892886161804,0,-71,-71,61,61,1,1,0,0,0,0,0,0,0,0.990959227085,0.9909592270851136,0,-12,-12,-378,-378,398
00.png,00.png,02.png,05.png,07.png,03.png,dots1.png,25.png,18.png,14.png,00.png,00.png,06.png,22.png,09.png,17.png,"[-215, 232]","[-65, 232]","[85, 232]","[235, 232]","[-215, 82]","[-65, 82]","[85, 82]","[235, 82]","[-215, -68]","[-65, -68]","[85, -68]","[235, -68]","[-215, -218]","[-65, -218]","[85, -218]","[235, -218]","[100, 100]","[100, 100]","[100, 100]","[100, 100]","[100, 100]","[100, 100]","[100, 100]","[100, 100]","[100, 100]","[100, 100]","[100, 100]","[100, 100]","[100, 100]","[100, 100]","[100, 100]","[100, 100]",ok.png,"[0, -375]","[150, 100]",207,dots,12,2,m,1,1,1,1,0,0,0,0,0,0,0,0.99224460125,0.9922446012496948,0,97,97,77,77,1,1,0,0,0,0,0,0,0,2.67008590698,2.670085906982422,0,4,4,-370,-370,39
00.png,05.png,33.png,07.png,20.png,15.png,27.png,dots1.png,30.png,17.png,25.png,31.png,00.png,00.png,33.png,00.png,"[-216, 220]","[-66, 220]","[84, 220]","[234, 220]","[-216, 70]","[-66, 70]","[84, 70]","[234, 70]","[-216, -80]","[-66, -80]","[84, -80]","[234, -80]","[-216, -230]","[-66, -230]","[84, -230]","[234, -230]","[100, 100]","[100, 100]","[100, 100]","[100, 100]","[100, 100]","[100, 100]","[100, 100]","[100, 100]","[100, 100]","[100, 100]","[100, 100]","[100, 100]","[100, 100]","[100, 100]","[100, 100]","[100, 100]",ok.png,"[0, -375]","[150, 100]",208,dots,12,2,m,1,1,1,1,0,0,0,0,0,0,0,3.22486138344,3.22486138343811,0,245,245,63,63,1,1,0,0,0,0,0,0,0,1.52799427509,1.527994275093079,0,23,23,-359,-359,32
07.png,10.png,13.png,16.png,00.png,00.png,00.png,00.png,dots1.png,29.png,23.png,27.png,21.png,25.png,31.png,33.png,"[-241, 227]","[-91, 227]","[59, 227]","[209, 227]","[-241, 77]","[-91, 77]","[59, 77]","[209, 77]","[-241, -73]","[-91, -73]","[59, -73]","[209, -73]","[-241, -223]","[-91, -223]","[59, -223]","[209, -223]","[100, 100]","[100, 100]","[100, 100]","[100, 100]","[100, 100]","[100, 100]","[100, 100]","[100, 100]","[100, 100]","[100, 100]","[100, 100]","[100, 100]","[100, 100]","[100, 100]","[100, 100]","[100, 100]",ok.png,"[0, -375]","[150, 100]",209,dots,12,2,m,1,1,1,1,0,0,0,0,0,0,0,1.94299840927,1.94299840927124,0,-222,-222,-84,-84,1,1,0,0,0,0,0,0,0,2.0016336441,2.001633644104004,0,8,8,-375,-375,99
09.png,07.png,05.png,03.png,14.png,16.png,18.png,20.png,22.png,dots1.png,24.png,26.png,00.png,00.png,00.png,00.png,"[-200, 236]","[-50, 236]","[100, 236]","[250, 236]","[-200, 86]","[-50, 86]","[100, 86]","[250, 86]","[-200, -64]","[-50, -64]","[100, -64]","[250, -64]","[-200, -214]","[-50, -214]","[100, -214]","[250, -214]","[100, 100]","[100, 100]","[100, 100]","[100, 100]","[100, 100]","[100, 100]","[100, 100]","[100, 100]","[100, 100]","[100, 100]","[100, 100]","[100, 100]","[100, 100]","[100, 100]","[100, 100]","[100, 100]",ok.png,"[0, -375]","[150, 100]",210,dots,12,2,m,1,1,1,1,0,0,0,0,0,0,0,1.22672045231,1.226720452308655,0,-19,-19,-77,-77,1,1,0,0,0,0,0,0,0,0.700904011726,0.7009040117263794,0,37,37,-392,-392,426
00.png,00.png,33.png,31.png,13.png,10.png,34.png,32.png,16.png,19.png,dots1.png,21.png,24.png,27.png,00.png,00.png,"[-221, 241]","[-71, 241]","[79, 241]","[229, 241]","[-221, 91]","[-71, 91]","[79, 91]","[229, 91]","[-221, -59]","[-71, -59]","[79, -59]","[229, -59]","[-221, -209]","[-71, -209]","[79, -209]","[229, -209]","[100, 100]","[100, 100]","[100, 100]","[100, 100]","[100, 100]","[100, 100]","[100, 100]","[100, 100]","[100, 100]","[100, 100]","[100, 100]","[100, 100]","[100, 100]","[100, 100]","[100, 100]","[100, 100]",ok.png,"[0, -375]","[150, 100]",211,dots,12,2,m,1,1,1,1,0,0,0,0,0,0,0,1.41375029087,1.413750290870667,0,76,76,-77,-77,1,1,0,0,0,0,0,0,0,1.04442751408,1.044427514076233,0,12,12,-383,-383,373
10.png,15.png,20.png,25.png,00.png,00.png,04.png,17.png,21.png,16.png,11.png,dots1.png,00.png,00.png,27.png,34.png,"[-248, 244]","[-98, 244]","[52, 244]","[202, 244]","[-248, 94]","[-98, 94]","[52, 94]","[202, 94]","[-248, -56]","[-98, -56]","[52, -56]","[202, -56]","[-248, -206]","[-98, -206]","[52, -206]","[202, -206]","[100, 100]","[100, 100]","[100, 100]","[100, 100]","[100, 100]","[100, 100]","[100, 100]","[100, 100]","[100, 100]","[100, 100]","[100, 100]","[100, 100]","[100, 100]","[100, 100]","[100, 100]","[100, 100]",ok.png,"[0, -375]","[150, 100]",212,dots,12,2,m,1,1,1,1,0,0,0,0,0,0,0,1.19341135025,1.193411350250244,0,194,194,-67,-67,1,1,0,0,0,0,0,0,0,1.38041484356,1.380414843559265,0,4,4,-339,-339,420
00.png,00.png,20.png,24.png,28.png,32.png,00.png,00.png,03.png,01.png,07.png,08.png,dots1.png,05.png,02.png,04.png,"[-241, 244]","[-91, 244]","[59, 244]","[209, 244]","[-241, 94]","[-91, 94]","[59, 94]","[209, 94]","[-241, -56]","[-91, -56]","[59, -56]","[209, -56]","[-241, -206]","[-91, -206]","[59, -206]","[209, -206]","[100, 100]","[100, 100]","[100, 100]","[100, 100]","[100, 100]","[100, 100]","[100, 100]","[100, 100]","[100, 100]","[100, 100]","[100, 100]","[100, 100]","[100, 100]","[100, 100]","[100, 100]","[100, 100]",ok.png,"[0, -375]","[150, 100]",213,dots,12,2,m,1,1,1,1,0,0,0,0,0,0,0,1.61502921581,1.615029215812683,0,-226,-226,-188,-188,1,1,0,0,0,0,0,0,0,3.40068507195,3.40068507194519,0,20,20,-375,-375,176
29.png,00.png,06.png,16.png,00.png,03.png,33.png,08.png,13.png,28.png,00.png,00.png,23.png,dots1.png,12.png,01.png,"[-225, 242]","[-75, 242]","[75, 242]","[225, 242]","[-225, 92]","[-75, 92]","[75, 92]","[225, 92]","[-225, -58]","[-75, -58]","[75, -58]","[225, -58]","[-225, -208]","[-75, -208]","[75, -208]","[225, -208]","[100, 100]","[100, 100]","[100, 100]","[100, 100]","[100, 100]","[100, 100]","[100, 100]","[100, 100]","[100, 100]","[100, 100]","[100, 100]","[100, 100]","[100, 100]","[100, 100]","[100, 100]","[100, 100]",ok.png,"[0, -375]","[150, 100]",214,dots,12,2,m,1,1,1,1,0,0,0,0,0,0,0,1.33863973618,1.338639736175537,0,-82,-82,-200,-200,1,1,0,0,0,0,0,0,0,2.22366905212,2.223669052124023,0,0,0,-379,-379,207
00.png,00.png,00.png,16.png,14.png,06.png,04.png,33.png,27.png,23.png,17.png,13.png,07.png,03.png,dots1.png,00.png,"[-220, 201]","[-70, 201]","[80, 201]","[230, 201]","[-220, 51]","[-70, 51]","[80, 51]","[230, 51]","[-220, -99]","[-70, -99]","[80, -99]","[230, -99]","[-220, -249]","[-70, -249]","[80, -249]","[230, -249]","[100, 100]","[100, 100]","[100, 100]","[100, 100]","[100, 100]","[100, 100]","[100, 100]","[100, 100]","[100, 100]","[100, 100]","[100, 100]","[100, 100]","[100, 100]","[100, 100]","[100, 100]","[100, 100]",ok.png,"[0, -375]","[150, 100]",215,dots,12,2,m,1,1,1,1,0,0,0,0,0,0,0,1.52706444263,1.527064442634583,0,95,95,-248,-248,1,1,0,0,0,0,0,0,0,3.47386646271,3.47386646270752,0,11,11,-371,-371,69
04.png,20.png,30.png,02.png,00.png,00.png,03.png,04.png,24.png,23.png,00.png,00.png,14.png,07.png,17.png,dots1.png,"[-244, 249]","[-94, 249]","[56, 249]","[206, 249]","[-244, 99]","[-94, 99]","[56, 99]","[206, 99]","[-244, -51]","[-94, -51]","[56, -51]","[206, -51]","[-244, -201]","[-94, -201]","[56, -201]","[206, -201]","[100, 100]","[100, 100]","[100, 100]","[100, 100]","[100, 100]","[100, 100]","[100, 100]","[100, 100]","[100, 100]","[100, 100]","[100, 100]","[100, 100]","[100, 100]","[100, 100]","[100, 100]","[100, 100]",ok.png,"[0, -375]","[150, 100]",216,dots,12,2,m,1,1,1,1,0,0,0,0,0,0,0,1.61303126812,1.613031268119812,0,197,197,-213,-213,1,1,0,0,0,0,0,0,0,1.17354667187,1.173546671867371,0,3,3,-396,-396,364
03.png,19.png,29.png,00.png,00.png,02.png,32.png,11.png,12.png,22.png,16.png,00.png,00.png,04.png,dots1.png,18.png,"[-204, 212]","[-54, 212]","[96, 212]","[246, 212]","[-204, 62]","[-54, 62]","[96, 62]","[246, 62]","[-204, -88]","[-54, -88]","[96, -88]","[246, -88]","[-204, -238]","[-54, -238]","[96, -238]","[246, -238]","[100, 100]","[100, 100]","[100, 100]","[100, 100]","[100, 100]","[100, 100]","[100, 100]","[100, 100]","[100, 100]","[100, 100]","[100, 100]","[100, 100]","[100, 100]","[100, 100]","[100, 100]","[100, 100]",ok.png,"[0, -375]","[150, 100]",217,dots,12,2,m,1,1,1,1,0,0,0,0,0,0,0,1.06427872181,1.064278721809387,0,93,93,-249,-249,1,1,0,0,0,0,0,0,0,2.45416092873,2.454160928726196,0,15,15,-359,-359,237
16.png,13.png,11.png,05.png,21.png,00.png,00.png,00.png,00.png,27.png,28.png,25.png,03.png,dots1.png,08.png,15.png,"[-202, 210]","[-52, 210]","[98, 210]","[248, 210]","[-202, 60]","[-52, 60]","[98, 60]","[248, 60]","[-202, -90]","[-52, -90]","[98, -90]","[248, -90]","[-202, -240]","[-52, -240]","[98, -240]","[248, -240]","[100, 100]","[100, 100]","[100, 100]","[100, 100]","[100, 100]","[100, 100]","[100, 100]","[100, 100]","[100, 100]","[100, 100]","[100, 100]","[100, 100]","[100, 100]","[100, 100]","[100, 100]","[100, 100]",ok.png,"[0, -375]","[150, 100]",218,dots,12,2,m,1,1,1,1,0,0,0,0,0,0,0,1.71326220036,1.71326220035553,0,-38,-38,-227,-227,1,1,0,0,0,0,0,0,0,3.16531133652,3.165311336517334,0,-1,-1,-367,-367,9
06.png,21.png,15.png,17.png,00.png,00.png,16.png,28.png,29.png,09.png,00.png,23.png,dots1.png,14.png,07.png,00.png,"[-234, 243]","[-84, 243]","[66, 243]","[216, 243]","[-234, 93]","[-84, 93]","[66, 93]","[216, 93]","[-234, -57]","[-84, -57]","[66, -57]","[216, -57]","[-234, -207]","[-84, -207]","[66, -207]","[216, -207]","[100, 100]","[100, 100]","[100, 100]","[100, 100]","[100, 100]","[100, 100]","[100, 100]","[100, 100]","[100, 100]","[100, 100]","[100, 100]","[100, 100]","[100, 100]","[100, 100]","[100, 100]","[100, 100]",ok.png,"[0, -375]","[150, 100]",219,dots,12,2,m,1,1,1,1,0,0,0,0,0,0,0,1.91219806671,1.912198066711426,0,-225,-225,-220,-220,1,1,0,0,0,0,0,0,0,1.35605239868,1.356052398681641,0,-8,-8,-358,-358,303
00.png,11.png,01.png,28.png,12.png,00.png,00.png,34.png,15.png,30.png,08.png,dots1.png,31.png,21.png,32.png,00.png,"[-211, 220]","[-61, 220]","[89, 220]","[239, 220]","[-211, 70]","[-61, 70]","[89, 70]","[239, 70]","[-211, -80]","[-61, -80]","[89, -80]","[239, -80]","[-211, -230]","[-61, -230]","[89, -230]","[239, -230]","[100, 100]","[100, 100]","[100, 100]","[100, 100]","[100, 100]","[100, 100]","[100, 100]","[100, 100]","[100, 100]","[100, 100]","[100, 100]","[100, 100]","[100, 100]","[100, 100]","[100, 100]","[100, 100]",ok.png,"[0, -375]","[150, 100]",220,dots,12,2,m,1,1,1,1,0,0,0,0,0,0,0,2.42983865738,2.42983865737915,0,263,263,-87,-87,1,1,0,0,0,0,0,0,0,2.36328744888,2.363287448883057,0,-17,-17,-363,-363,36
00.png,00.png,12.png,04.png,32.png,31.png,24.png,27.png,07.png,09.png,dots1.png,10.png,13.png,16.png,00.png,00.png,"[-248, 225]","[-98, 225]","[52, 225]","[202, 225]","[-248, 75]","[-98, 75]","[52, 75]","[202, 75]","[-248, -75]","[-98, -75]","[52, -75]","[202, -75]","[-248, -225]","[-98, -225]","[52, -225]","[202, -225]","[100, 100]","[100, 100]","[100, 100]","[100, 100]","[100, 100]","[100, 100]","[100, 100]","[100, 100]","[100, 100]","[100, 100]","[100, 100]","[100, 100]","[100, 100]","[100, 100]","[100, 100]","[100, 100]",ok.png,"[0, -375]","[150, 100]",221,dots,12,2,m,1,1,1,1,0,0,0,0,0,0,0,1.08459043503,1.084590435028076,0,43,43,-71,-71,1,1,0,0,0,0,0,0,0,1.18163502216,1.181635022163391,0,-21,-21,-394,-394,405
00.png,00.png,25.png,12.png,33.png,19.png,05.png,00.png,01.png,dots1.png,07.png,10.png,34.png,20.png,00.png,30.png,"[-236, 224]","[-86, 224]","[64, 224]","[214, 224]","[-236, 74]","[-86, 74]","[64, 74]","[214, 74]","[-236, -76]","[-86, -76]","[64, -76]","[214, -76]","[-236, -226]","[-86, -226]","[64, -226]","[214, -226]","[100, 100]","[100, 100]","[100, 100]","[100, 100]","[100, 100]","[100, 100]","[100, 100]","[100, 100]","[100, 100]","[100, 100]","[100, 100]","[100, 100]","[100, 100]","[100, 100]","[100, 100]","[100, 100]",ok.png,"[0, -375]","[150, 100]",222,dots,12,2,m,1,1,1,1,0,0,0,0,0,0,0,0.992047548294,0.9920475482940674,0,-113,-113,-82,-82,1,1,0,0,0,0,0,0,0,0.840833067894,0.8408330678939819,0,-30,-30,-398,-398,416
11.png,13.png,17.png,18.png,00.png,14.png,00.png,09.png,dots1.png,02.png,04.png,30.png,26.png,24.png,00.png,00.png,"[-209, 226]","[-59, 226]","[91, 226]","[241, 226]","[-209, 76]","[-59, 76]","[91, 76]","[241, 76]","[-209, -74]","[-59, -74]","[91, -74]","[241, -74]","[-209, -224]","[-59, -224]","[91, -224]","[241, -224]","[100, 100]","[100, 100]","[100, 100]","[100, 100]","[100, 100]","[100, 100]","[100, 100]","[100, 100]","[100, 100]","[100, 100]","[100, 100]","[100, 100]","[100, 100]","[100, 100]","[100, 100]","[100, 100]",ok.png,"[0, -375]","[150, 100]",223,dots,12,2,m,1,1,1,1,0,0,0,0,0,0,0,1.53716373444,1.537163734436035,0,-203,-203,-61,-61,1,1,0,0,0,0,0,0,0,2.49419665337,2.494196653366089,0,-26,-26,-363,-363,242
00.png,14.png,10.png,20.png,11.png,07.png,00.png,dots1.png,18.png,31.png,00.png,30.png,09.png,00.png,03.png,19.png,"[-218, 222]","[-68, 222]","[82, 222]","[232, 222]","[-218, 72]","[-68, 72]","[82, 72]","[232, 72]","[-218, -78]","[-68, -78]","[82, -78]","[232, -78]","[-218, -228]","[-68, -228]","[82, -228]","[232, -228]","[100, 100]","[100, 100]","[100, 100]","[100, 100]","[100, 100]","[100, 100]","[100, 100]","[100, 100]","[100, 100]","[100, 100]","[100, 100]","[100, 100]","[100, 100]","[100, 100]","[100, 100]","[100, 100]",ok.png,"[0, -375]","[150, 100]",224,dots,12,2,m,1,1,1,1,0,0,0,0,0,0,0,1.09707844257,1.097078442573547,0,205,205,62,62,1,1,0,0,0,0,0,0,0,0.814663648605,0.8146636486053467,0,-7,-7,-378,-378,428
31.png,03.png,13.png,00.png,23.png,21.png,dots1.png,00.png,33.png,00.png,14.png,00.png,19.png,32.png,29.png,26.png,"[-210, 219]","[-60, 219]","[90, 219]","[240, 219]","[-210, 69]","[-60, 69]","[90, 69]","[240, 69]","[-210, -81]","[-60, -81]","[90, -81]","[240, -81]","[-210, -231]","[-60, -231]","[90, -231]","[240, -231]","[100, 100]","[100, 100]","[100, 100]","[100, 100]","[100, 100]","[100, 100]","[100, 100]","[100, 100]","[100, 100]","[100, 100]","[100, 100]","[100, 100]","[100, 100]","[100, 100]","[100, 100]","[100, 100]",ok.png,"[0, -375]","[150, 100]",225,dots,12,2,m,1,1,1,1,0,0,0,0,0,0,0,2.03010439873,2.030104398727417,0,80,80,60,60,1,1,0,0,0,0,0,0,0,1.99836575985,1.998365759849548,0,-14,-14,-370,-370,165
00.png,00.png,00.png,00.png,11.png,10.png,09.png,08.png,07.png,06.png,05.png,04.png,03.png,02.png,01.png,dots2.png,"[-221, 231]","[-71, 231]","[79, 231]","[229, 231]","[-221, 81]","[-71, 81]","[79, 81]","[229, 81]","[-221, -69]","[-71, -69]","[79, -69]","[229, -69]","[-221, -219]","[-71, -219]","[79, -219]","[229, -219]","[100, 100]","[100, 100]","[100, 100]","[100, 100]","[100, 100]","[100, 100]","[100, 100]","[100, 100]","[100, 100]","[100, 100]","[100, 100]","[100, 100]","[100, 100]","[100, 100]","[100, 100]","[100, 100]",ok.png,"[0, -375]","[150, 100]",226,dots,12,2,m,1,1,1,1,0,0,0,0,0,0,0,2.15985321999,2.159853219985962,0,221,221,-224,-224,1,1,0,0,0,0,0,0,0,1.97283911705,1.972839117050171,0,-6,-6,-368,-368,132
00.png,00.png,31.png,32.png,33.png,34.png,14.png,00.png,13.png,12.png,11.png,10.png,00.png,09.png,dots2.png,08.png,"[-233, 201]","[-83, 201]","[67, 201]","[217, 201]","[-233, 51]","[-83, 51]","[67, 51]","[217, 51]","[-233, -99]","[-83, -99]","[67, -99]","[217, -99]","[-233, -249]","[-83, -249]","[67, -249]","[217, -249]","[100, 100]","[100, 100]","[100, 100]","[100, 100]","[100, 100]","[100, 100]","[100, 100]","[100, 100]","[100, 100]","[100, 100]","[100, 100]","[100, 100]","[100, 100]","[100, 100]","[100, 100]","[100, 100]",ok.png,"[0, -375]","[150, 100]",227,dots,12,2,m,1,1,1,1,0,0,0,0,0,0,0,1.21433341503,1.214333415031433,0,83,83,-248,-248,1,1,0,0,0,0,0,0,0,2.20656228065,2.206562280654907,0,6,6,-358,-358,144
00.png,00.png,25.png,24.png,23.png,22.png,21.png,20.png,19.png,18.png,17.png,16.png,15.png,dots2.png,00.png,00.png,"[-207, 227]","[-57, 227]","[93, 227]","[243, 227]","[-207, 77]","[-57, 77]","[93, 77]","[243, 77]","[-207, -73]","[-57, -73]","[93, -73]","[243, -73]","[-207, -223]","[-57, -223]","[93, -223]","[243, -223]","[100, 100]","[100, 100]","[100, 100]","[100, 100]","[100, 100]","[100, 100]","[100, 100]","[100, 100]","[100, 100]","[100, 100]","[100, 100]","[100, 100]","[100, 100]","[100, 100]","[100, 100]","[100, 100]",ok.png,"[0, -375]","[150, 100]",228,dots,12,2,m,1,1,1,1,0,0,0,0,0,0,0,1.28885436058,1.288854360580444,0,-33,-33,-226,-226,1,1,0,0,0,0,0,0,0,1.48104274273,1.481042742729187,0,23,23,-347,-347,363
33.png,32.png,30.png,29.png,00.png,00.png,31.png,27.png,26.png,28.png,00.png,00.png,dots2.png,24.png,23.png,22.png,"[-206, 241]","[-56, 241]","[94, 241]","[244, 241]","[-206, 91]","[-56, 91]","[94, 91]","[244, 91]","[-206, -59]","[-56, -59]","[94, -59]","[244, -59]","[-206, -209]","[-56, -209]","[94, -209]","[244, -209]","[100, 100]","[100, 100]","[100, 100]","[100, 100]","[100, 100]","[100, 100]","[100, 100]","[100, 100]","[100, 100]","[100, 100]","[100, 100]","[100, 100]","[100, 100]","[100, 100]","[100, 100]","[100, 100]",ok.png,"[0, -375]","[150, 100]",229,dots,12,2,m,1,1,1,1,0,0,0,0,0,0,0,1.37296283245,1.372962832450867,0,-213,-213,-224,-224,1,1,0,0,0,0,0,0,0,2.94035863876,2.940358638763428,0,-35,-35,-368,-368,286
00.png,00.png,00.png,00.png,01.png,34.png,33.png,32.png,31.png,30.png,29.png,dots2.png,08.png,06.png,04.png,02.png,"[-249, 229]","[-99, 229]","[51, 229]","[201, 229]","[-249, 79]","[-99, 79]","[51, 79]","[201, 79]","[-249, -71]","[-99, -71]","[51, -71]","[201, -71]","[-249, -221]","[-99, -221]","[51, -221]","[201, -221]","[100, 100]","[100, 100]","[100, 100]","[100, 100]","[100, 100]","[100, 100]","[100, 100]","[100, 100]","[100, 100]","[100, 100]","[100, 100]","[100, 100]","[100, 100]","[100, 100]","[100, 100]","[100, 100]",ok.png,"[0, -375]","[150, 100]",230,dots,12,2,m,1,1,1,1,0,0,0,0,0,0,0,1.39804434776,1.398044347763062,0,189,189,-73,-73,1,1,0,0,0,0,0,0,0,1.77633535862,1.77633535861969,0,27,27,-359,-359,150
00.png,00.png,23.png,17.png,29.png,09.png,15.png,06.png,00.png,00.png,dots2.png,04.png,27.png,07.png,34.png,01.png,"[-207, 241]","[-57, 241]","[93, 241]","[243, 241]","[-207, 91]","[-57, 91]","[93, 91]","[243, 91]","[-207, -59]","[-57, -59]","[93, -59]","[243, -59]","[-207, -209]","[-57, -209]","[93, -209]","[243, -209]","[100, 100]","[100, 100]","[100, 100]","[100, 100]","[100, 100]","[100, 100]","[100, 100]","[100, 100]","[100, 100]","[100, 100]","[100, 100]","[100, 100]","[100, 100]","[100, 100]","[100, 100]","[100, 100]",ok.png,"[0, -375]","[150, 100]",231,dots,12,2,m,1,1,1,1,0,0,0,0,0,0,0,2.29165506363,2.29165506362915,0,84,84,-71,-71,1,1,0,0,0,0,0,0,0,1.29214179516,1.292141795158386,0,-4,-4,-388,-388,21
17.png,09.png,22.png,06.png,00.png,00.png,14.png,18.png,25.png,dots2.png,03.png,07.png,05.png,02.png,00.png,00.png,"[-243, 235]","[-93, 235]","[57, 235]","[207, 235]","[-243, 85]","[-93, 85]","[57, 85]","[207, 85]","[-243, -65]","[-93, -65]","[57, -65]","[207, -65]","[-243, -215]","[-93, -215]","[57, -215]","[207, -215]","[100, 100]","[100, 100]","[100, 100]","[100, 100]","[100, 100]","[100, 100]","[100, 100]","[100, 100]","[100, 100]","[100, 100]","[100, 100]","[100, 100]","[100, 100]","[100, 100]","[100, 100]","[100, 100]",ok.png,"[0, -375]","[150, 100]",232,dots,12,2,m,1,1,1,1,0,0,0,0,0,0,0,1.36555886269,1.365558862686157,0,-79,-79,-85,-85,1,1,0,0,0,0,0,0,0,4.35048437119,4.350484371185303,0,-3,-3,-364,-364,220
00.png,33.png,00.png,00.png,31.png,25.png,17.png,30.png,dots2.png,27.png,15.png,20.png,07.png,33.png,05.png,00.png,"[-242, 229]","[-92, 229]","[58, 229]","[208, 229]","[-242, 79]","[-92, 79]","[58, 79]","[208, 79]","[-242, -71]","[-92, -71]","[58, -71]","[208, -71]","[-242, -221]","[-92, -221]","[58, -221]","[208, -221]","[100, 100]","[100, 100]","[100, 100]","[100, 100]","[100, 100]","[100, 100]","[100, 100]","[100, 100]","[100, 100]","[100, 100]","[100, 100]","[100, 100]","[100, 100]","[100, 100]","[100, 100]","[100, 100]",ok.png,"[0, -375]","[150, 100]",233,dots,12,2,m,1,1,1,1,0,0,0,0,0,0,0,1.2488617897,1.248861789703369,0,-249,-249,-79,-79,1,1,0,0,0,0,0,0,0,1.1626086235,1.162608623504639,0,6,6,-377,-377,352
33.png,31.png,25.png,21.png,27.png,23.png,29.png,dots2.png,00.png,00.png,00.png,00.png,16.png,13.png,10.png,07.png,"[-243, 208]","[-93, 208]","[57, 208]","[207, 208]","[-243, 58]","[-93, 58]","[57, 58]","[207, 58]","[-243, -92]","[-93, -92]","[57, -92]","[207, -92]","[-243, -242]","[-93, -242]","[57, -242]","[207, -242]","[100, 100]","[100, 100]","[100, 100]","[100, 100]","[100, 100]","[100, 100]","[100, 100]","[100, 100]","[100, 100]","[100, 100]","[100, 100]","[100, 100]","[100, 100]","[100, 100]","[100, 100]","[100, 100]",ok.png,"[0, -375]","[150, 100]",234,dots,12,2,m,1,1,1,1,0,0,0,0,0,0,0,2.34847593307,2.348475933074951,0,204,204,78,78,1,1,0,0,0,0,0,0,0,1.96699202061,1.966992020606995,0,6,6,-383,-383,130
00.png,00.png,00.png,00.png,26.png,24.png,dots2.png,22.png,20.png,18.png,16.png,14.png,03.png,05.png,07.png,09.png,"[-246, 231]","[-96, 231]","[54, 231]","[204, 231]","[-246, 81]","[-96, 81]","[54, 81]","[204, 81]","[-246, -69]","[-96, -69]","[54, -69]","[204, -69]","[-246, -219]","[-96, -219]","[54, -219]","[204, -219]","[100, 100]","[100, 100]","[100, 100]","[100, 100]","[100, 100]","[100, 100]","[100, 100]","[100, 100]","[100, 100]","[100, 100]","[100, 100]","[100, 100]","[100, 100]","[100, 100]","[100, 100]","[100, 100]",ok.png,"[0, -375]","[150, 100]",235,dots,12,2,m,1,1,1,1,0,0,0,0,0,0,0,1.70854341984,1.708543419837952,0,28,28,78,78,1,1,0,0,0,0,0,0,0,2.77093911171,2.770939111709595,0,-7,-7,-380,-380,1
00.png,00.png,27.png,24.png,21.png,dots2.png,19.png,16.png,32.png,34.png,10.png,13.png,31.png,33.png,00.png,00.png,"[-222, 245]","[-72, 245]","[78, 245]","[228, 245]","[-222, 95]","[-72, 95]","[78, 95]","[228, 95]","[-222, -55]","[-72, -55]","[78, -55]","[228, -55]","[-222, -205]","[-72, -205]","[78, -205]","[228, -205]","[100, 100]","[100, 100]","[100, 100]","[100, 100]","[100, 100]","[100, 100]","[100, 100]","[100, 100]","[100, 100]","[100, 100]","[100, 100]","[100, 100]","[100, 100]","[100, 100]","[100, 100]","[100, 100]",ok.png,"[0, -375]","[150, 100]",236,dots,12,2,m,1,1,1,1,0,0,0,0,0,0,0,1.08752512932,1.087525129318237,0,-76,-76,96,96,1,1,0,0,0,0,0,0,0,1.10460460186,1.104604601860046,0,-17,-17,-361,-361,372
34.png,27.png,00.png,00.png,dots2.png,11.png,16.png,21.png,17.png,04.png,00.png,00.png,25.png,20.png,15.png,10.png,"[-224, 216]","[-74, 216]","[76, 216]","[226, 216]","[-224, 66]","[-74, 66]","[76, 66]","[226, 66]","[-224, -84]","[-74, -84]","[76, -84]","[226, -84]","[-224, -234]","[-74, -234]","[76, -234]","[226, -234]","[100, 100]","[100, 100]","[100, 100]","[100, 100]","[100, 100]","[100, 100]","[100, 100]","[100, 100]","[100, 100]","[100, 100]","[100, 100]","[100, 100]","[100, 100]","[100, 100]","[100, 100]","[100, 100]",ok.png,"[0, -375]","[150, 100]",237,dots,12,2,m,1,1,1,1,0,0,0,0,0,0,0,1.54227590561,1.542275905609131,0,-236,-236,57,57,1,1,0,0,0,0,0,0,0,2.31772875786,2.317728757858276,0,7,7,-388,-388,291
04.png,02.png,05.png,dots2.png,08.png,07.png,01.png,03.png,00.png,00.png,32.png,28.png,24.png,20.png,00.png,00.png,"[-233, 217]","[-83, 217]","[67, 217]","[217, 217]","[-233, 67]","[-83, 67]","[67, 67]","[217, 67]","[-233, -83]","[-83, -83]","[67, -83]","[217, -83]","[-233, -233]","[-83, -233]","[67, -233]","[217, -233]","[100, 100]","[100, 100]","[100, 100]","[100, 100]","[100, 100]","[100, 100]","[100, 100]","[100, 100]","[100, 100]","[100, 100]","[100, 100]","[100, 100]","[100, 100]","[100, 100]","[100, 100]","[100, 100]",ok.png,"[0, -375]","[150, 100]",238,dots,12,2,m,1,1,1,1,0,0,0,0,0,0,0,1.63001930714,1.630019307136536,0,230,230,214,214,1,1,0,0,0,0,0,0,0,0.874414145947,0.8744141459465027,0,30,30,-373,-373,362
01.png,12.png,dots2.png,23.png,00.png,00.png,28.png,13.png,08.png,33.png,03.png,00.png,16.png,06.png,00.png,29.png,"[-206, 222]","[-56, 222]","[94, 222]","[244, 222]","[-206, 72]","[-56, 72]","[94, 72]","[244, 72]","[-206, -78]","[-56, -78]","[94, -78]","[244, -78]","[-206, -228]","[-56, -228]","[94, -228]","[244, -228]","[100, 100]","[100, 100]","[100, 100]","[100, 100]","[100, 100]","[100, 100]","[100, 100]","[100, 100]","[100, 100]","[100, 100]","[100, 100]","[100, 100]","[100, 100]","[100, 100]","[100, 100]","[100, 100]",ok.png,"[0, -375]","[150, 100]",239,dots,12,2,m,1,1,1,1,0,0,0,0,0,0,0,1.28888010979,1.288880109786987,0,107,107,202,202,1,1,0,0,0,0,0,0,0,1.28416740894,1.284167408943176,0,41,41,-352,-352,288
00.png,dots2.png,03.png,07.png,13.png,17.png,23.png,27.png,33.png,04.png,06.png,14.png,16.png,00.png,00.png,00.png,"[-215, 232]","[-65, 232]","[85, 232]","[235, 232]","[-215, 82]","[-65, 82]","[85, 82]","[235, 82]","[-215, -68]","[-65, -68]","[85, -68]","[235, -68]","[-215, -218]","[-65, -218]","[85, -218]","[235, -218]","[100, 100]","[100, 100]","[100, 100]","[100, 100]","[100, 100]","[100, 100]","[100, 100]","[100, 100]","[100, 100]","[100, 100]","[100, 100]","[100, 100]","[100, 100]","[100, 100]","[100, 100]","[100, 100]",ok.png,"[0, -375]","[150, 100]",240,dots,12,2,m,1,1,1,1,0,0,0,0,0,0,0,2.3409845829,2.340984582901001,0,-74,-74,194,194,1,1,0,0,0,0,0,0,0,2.8910651207,2.891065120697021,0,23,23,-373,-373,59
dots2.png,17.png,07.png,14.png,00.png,00.png,23.png,24.png,04.png,03.png,00.png,00.png,02.png,30.png,20.png,04.png,"[-206, 206]","[-56, 206]","[94, 206]","[244, 206]","[-206, 56]","[-56, 56]","[94, 56]","[244, 56]","[-206, -94]","[-56, -94]","[94, -94]","[244, -94]","[-206, -244]","[-56, -244]","[94, -244]","[244, -244]","[100, 100]","[100, 100]","[100, 100]","[100, 100]","[100, 100]","[100, 100]","[100, 100]","[100, 100]","[100, 100]","[100, 100]","[100, 100]","[100, 100]","[100, 100]","[100, 100]","[100, 100]","[100, 100]",ok.png,"[0, -375]","[150, 100]",241,dots,12,2,m,1,1,1,1,0,0,0,0,0,0,0,3.30322742462,3.303227424621582,0,-204,-204,190,190,1,1,0,0,0,0,0,0,0,2.13931536674,2.139315366744995,0,5,5,-387,-387,0
18.png,dots2.png,04.png,00.png,00.png,16.png,22.png,12.png,11.png,32.png,02.png,00.png,00.png,29.png,19.png,03.png,"[-237, 247]","[-87, 247]","[63, 247]","[213, 247]","[-237, 97]","[-87, 97]","[63, 97]","[213, 97]","[-237, -53]","[-87, -53]","[63, -53]","[213, -53]","[-237, -203]","[-87, -203]","[63, -203]","[213, -203]","[100, 100]","[100, 100]","[100, 100]","[100, 100]","[100, 100]","[100, 100]","[100, 100]","[100, 100]","[100, 100]","[100, 100]","[100, 100]","[100, 100]","[100, 100]","[100, 100]","[100, 100]","[100, 100]",ok.png,"[0, -375]","[150, 100]",242,dots,12,2,m,1,1,1,1,0,0,0,0,0,0,0,1.25223946571,1.252239465713501,0,-82,-82,252,252,1,1,0,0,0,0,0,0,0,2.10634970665,2.10634970664978,0,10,10,-365,-365,136
15.png,08.png,dots2.png,03.png,25.png,28.png,27.png,00.png,00.png,00.png,00.png,21.png,05.png,11.png,13.png,16.png,"[-203, 215]","[-53, 215]","[97, 215]","[247, 215]","[-203, 65]","[-53, 65]","[97, 65]","[247, 65]","[-203, -85]","[-53, -85]","[97, -85]","[247, -85]","[-203, -235]","[-53, -235]","[97, -235]","[247, -235]","[100, 100]","[100, 100]","[100, 100]","[100, 100]","[100, 100]","[100, 100]","[100, 100]","[100, 100]","[100, 100]","[100, 100]","[100, 100]","[100, 100]","[100, 100]","[100, 100]","[100, 100]","[100, 100]",ok.png,"[0, -375]","[150, 100]",243,dots,12,2,m,1,1,1,1,0,0,0,0,0,0,0,1.5045645237,1.504564523696899,0,111,111,198,198,1,1,0,0,0,0,0,0,0,3.5070540905,3.507054090499878,0,6,6,-391,-391,289
00.png,07.png,14.png,dots2.png,23.png,00.png,09.png,29.png,28.png,16.png,00.png,00.png,17.png,15.png,21.png,06.png,"[-203, 213]","[-53, 213]","[97, 213]","[247, 213]","[-203, 63]","[-53, 63]","[97, 63]","[247, 63]","[-203, -87]","[-53, -87]","[97, -87]","[247, -87]","[-203, -237]","[-53, -237]","[97, -237]","[247, -237]","[100, 100]","[100, 100]","[100, 100]","[100, 100]","[100, 100]","[100, 100]","[100, 100]","[100, 100]","[100, 100]","[100, 100]","[100, 100]","[100, 100]","[100, 100]","[100, 100]","[100, 100]","[100, 100]",ok.png,"[0, -375]","[150, 100]",244,dots,12,2,m,1,1,1,1,0,0,0,0,0,0,0,2.21279382706,2.212793827056885,0,280,280,208,208,1,1,0,0,0,0,0,0,0,1.64960169792,1.649601697921753,0,24,24,-372,-372,370
00.png,32.png,21.png,31.png,dots2.png,08.png,30.png,15.png,34.png,00.png,00.png,12.png,28.png,01.png,11.png,00.png,"[-220, 217]","[-70, 217]","[80, 217]","[230, 217]","[-220, 67]","[-70, 67]","[80, 67]","[230, 67]","[-220, -83]","[-70, -83]","[80, -83]","[230, -83]","[-220, -233]","[-70, -233]","[80, -233]","[230, -233]","[100, 100]","[100, 100]","[100, 100]","[100, 100]","[100, 100]","[100, 100]","[100, 100]","[100, 100]","[100, 100]","[100, 100]","[100, 100]","[100, 100]","[100, 100]","[100, 100]","[100, 100]","[100, 100]",ok.png,"[0, -375]","[150, 100]",245,dots,12,2,m,1,1,1,1,0,0,0,0,0,0,0,1.32175707817,1.321757078170776,0,-203,-203,47,47,1,1,0,0,0,0,0,0,0,2.43411493301,2.434114933013916,0,-4,-4,-379,-379,198
00.png,00.png,16.png,13.png,10.png,dots2.png,09.png,07.png,27.png,24.png,31.png,32.png,04.png,12.png,00.png,00.png,"[-207, 240]","[-57, 240]","[93, 240]","[243, 240]","[-207, 90]","[-57, 90]","[93, 90]","[243, 90]","[-207, -60]","[-57, -60]","[93, -60]","[243, -60]","[-207, -210]","[-57, -210]","[93, -210]","[243, -210]","[100, 100]","[100, 100]","[100, 100]","[100, 100]","[100, 100]","[100, 100]","[100, 100]","[100, 100]","[100, 100]","[100, 100]","[100, 100]","[100, 100]","[100, 100]","[100, 100]","[100, 100]","[100, 100]",ok.png,"[0, -375]","[150, 100]",246,dots,12,2,m,1,1,1,1,0,0,0,0,0,0,0,1.20996153355,1.209961533546448,0,-58,-58,91,91,1,1,0,0,0,0,0,0,0,3.21497344971,3.214973449707031,0,1,1,-359,-359,383
30.png,00.png,20.png,34.png,10.png,07.png,dots2.png,01.png,00.png,05.png,19.png,33.png,12.png,25.png,00.png,00.png,"[-206, 237]","[-56, 237]","[94, 237]","[244, 237]","[-206, 87]","[-56, 87]","[94, 87]","[244, 87]","[-206, -63]","[-56, -63]","[94, -63]","[244, -63]","[-206, -213]","[-56, -213]","[94, -213]","[244, -213]","[100, 100]","[100, 100]","[100, 100]","[100, 100]","[100, 100]","[100, 100]","[100, 100]","[100, 100]","[100, 100]","[100, 100]","[100, 100]","[100, 100]","[100, 100]","[100, 100]","[100, 100]","[100, 100]",ok.png,"[0, -375]","[150, 100]",247,dots,12,2,m,1,1,1,1,0,0,0,0,0,0,0,2.14806485176,2.148064851760864,0,71,71,75,75,1,1,0,0,0,0,0,0,0,1.32378268242,1.323782682418823,0,28,28,-357,-357,15
00.png,00.png,24.png,26.png,30.png,04.png,02.png,dots2.png,09.png,00.png,14.png,00.png,18.png,17.png,13.png,11.png,"[-233, 231]","[-83, 231]","[67, 231]","[217, 231]","[-233, 81]","[-83, 81]","[67, 81]","[217, 81]","[-233, -69]","[-83, -69]","[67, -69]","[217, -69]","[-233, -219]","[-83, -219]","[67, -219]","[217, -219]","[100, 100]","[100, 100]","[100, 100]","[100, 100]","[100, 100]","[100, 100]","[100, 100]","[100, 100]","[100, 100]","[100, 100]","[100, 100]","[100, 100]","[100, 100]","[100, 100]","[100, 100]","[100, 100]",ok.png,"[0, -375]","[150, 100]",248,dots,12,2,m,1,1,1,1,0,0,0,0,0,0,0,2.85217118263,2.852171182632446,0,208,208,75,75,1,1,0,0,0,0,0,0,0,1.55444467068,1.554444670677185,0,35,35,-367,-367,114
19.png,03.png,00.png,09.png,30.png,00.png,31.png,18.png,dots2.png,00.png,07.png,11.png,20.png,10.png,14.png,00.png,"[-203, 219]","[-53, 219]","[97, 219]","[247, 219]","[-203, 69]","[-53, 69]","[97, 69]","[247, 69]","[-203, -81]","[-53, -81]","[97, -81]","[247, -81]","[-203, -231]","[-53, -231]","[97, -231]","[247, -231]","[100, 100]","[100, 100]","[100, 100]","[100, 100]","[100, 100]","[100, 100]","[100, 100]","[100, 100]","[100, 100]","[100, 100]","[100, 100]","[100, 100]","[100, 100]","[100, 100]","[100, 100]","[100, 100]",ok.png,"[0, -375]","[150, 100]",249,dots,12,2,m,1,1,1,1,0,0,0,0,0,0,0,0.867507517338,0.8675075173377991,0,-190,-190,-66,-66,1,1,0,0,0,0,0,0,0,1.31317031384,1.313170313835144,0,-7,-7,-360,-360,327
26.png,29.png,32.png,19.png,00.png,14.png,00.png,33.png,00.png,dots2.png,21.png,23.png,00.png,13.png,03.png,31.png,"[-220, 204]","[-70, 204]","[80, 204]","[230, 204]","[-220, 54]","[-70, 54]","[80, 54]","[230, 54]","[-220, -96]","[-70, -96]","[80, -96]","[230, -96]","[-220, -246]","[-70, -246]","[80, -246]","[230, -246]","[100, 100]","[100, 100]","[100, 100]","[100, 100]","[100, 100]","[100, 100]","[100, 100]","[100, 100]","[100, 100]","[100, 100]","[100, 100]","[100, 100]","[100, 100]","[100, 100]","[100, 100]","[100, 100]",ok.png,"[0, -375]","[150, 100]",250,dots,12,2,m,1,1,1,1,0,0,0,0,0,0,0,1.78082358837,1.780823588371277,0,-60,-60,-99,-99,1,1,0,0,0,0,0,0,0,2.60860228539,2.608602285385132,0,10,10,-386,-386,113
tray1.png,01.png,02.png,03.png,04.png,05.png,06.png,07.png,08.png,09.png,10.png,dots1.png,00.png,00.png,00.png,00.png,"[-238, 232]","[-88, 232]","[62, 232]","[212, 232]","[-238, 82]","[-88, 82]","[62, 82]","[212, 82]","[-238, -68]","[-88, -68]","[62, -68]","[212, -68]","[-238, -218]","[-88, -218]","[62, -218]","[212, -218]","[100, 100]","[100, 100]","[100, 100]","[100, 100]","[100, 100]","[100, 100]","[100, 100]","[100, 100]","[100, 100]","[100, 100]","[100, 100]","[100, 100]","[100, 100]","[100, 100]","[100, 100]","[100, 100]",ok.png,"[0, -375]","[150, 100]",251,both,12,3,m,1,1,1,1,0,0,0,0,0,0,0,2.36364293098,2.363642930984497,0,-212,-212,210,210,1,1,0,0,0,0,0,0,0,1.24594426155,1.245944261550903,0,220,220,-96,-96,248
08.png,tray1.png,09.png,00.png,10.png,11.png,12.png,13.png,00.png,14.png,dots1.png,33.png,32.png,31.png,00.png,00.png,"[-201, 238]","[-51, 238]","[99, 238]","[249, 238]","[-201, 88]","[-51, 88]","[99, 88]","[249, 88]","[-201, -62]","[-51, -62]","[99, -62]","[249, -62]","[-201, -212]","[-51, -212]","[99, -212]","[249, -212]","[100, 100]","[100, 100]","[100, 100]","[100, 100]","[100, 100]","[100, 100]","[100, 100]","[100, 100]","[100, 100]","[100, 100]","[100, 100]","[100, 100]","[100, 100]","[100, 100]","[100, 100]","[100, 100]",ok.png,"[0, -375]","[150, 100]",252,both,12,3,m,1,1,1,1,0,0,0,0,0,0,0,2.2722029686,2.272202968597412,0,-17,-17,227,227,1,1,0,0,0,0,0,0,0,1.37940323353,1.379403233528137,0,118,118,-68,-68,29
00.png,00.png,tray1.png,15.png,16.png,17.png,18.png,19.png,20.png,dots1.png,22.png,23.png,24.png,25.png,00.png,00.png,"[-216, 248]","[-66, 248]","[84, 248]","[234, 248]","[-216, 98]","[-66, 98]","[84, 98]","[234, 98]","[-216, -52]","[-66, -52]","[84, -52]","[234, -52]","[-216, -202]","[-66, -202]","[84, -202]","[234, -202]","[100, 100]","[100, 100]","[100, 100]","[100, 100]","[100, 100]","[100, 100]","[100, 100]","[100, 100]","[100, 100]","[100, 100]","[100, 100]","[100, 100]","[100, 100]","[100, 100]","[100, 100]","[100, 100]",ok.png,"[0, -375]","[150, 100]",253,both,12,3,m,1,1,1,1,0,0,0,0,0,0,0,0.997295260429,0.9972952604293824,0,-60,-60,-41,-41,1,1,0,0,0,0,0,0,0,0.781199574471,0.78119957447052,0,72,72,239,239,444
22.png,23.png,24.png,tray1.png,00.png,00.png,25.png,dots1.png,00.png,00.png,27.png,28.png,29.png,30.png,31.png,32.png,"[-235, 249]","[-85, 249]","[65, 249]","[215, 249]","[-235, 99]","[-85, 99]","[65, 99]","[215, 99]","[-235, -51]","[-85, -51]","[65, -51]","[215, -51]","[-235, -201]","[-85, -201]","[65, -201]","[215, -201]","[100, 100]","[100, 100]","[100, 100]","[100, 100]","[100, 100]","[100, 100]","[100, 100]","[100, 100]","[100, 100]","[100, 100]","[100, 100]","[100, 100]","[100, 100]","[100, 100]","[100, 100]","[100, 100]",ok.png,"[0, -375]","[150, 100]",254,both,12,3,m,1,1,1,1,0,0,0,0,0,0,0,1.40168070793,1.401680707931519,0,199,199,85,85,1,1,0,0,0,0,0,0,0,0.434553623199,0.4345536231994629,0,185,185,227,227,422
02.png,04.png,06.png,08.png,tray1.png,29.png,dots1.png,31.png,32.png,33.png,34.png,01.png,00.png,00.png,00.png,00.png,"[-202, 229]","[-52, 229]","[98, 229]","[248, 229]","[-202, 79]","[-52, 79]","[98, 79]","[248, 79]","[-202, -71]","[-52, -71]","[98, -71]","[248, -71]","[-202, -221]","[-52, -221]","[98, -221]","[248, -221]","[100, 100]","[100, 100]","[100, 100]","[100, 100]","[100, 100]","[100, 100]","[100, 100]","[100, 100]","[100, 100]","[100, 100]","[100, 100]","[100, 100]","[100, 100]","[100, 100]","[100, 100]","[100, 100]",ok.png,"[0, -375]","[150, 100]",255,both,12,3,m,1,1,1,1,0,0,0,0,0,0,0,0.930771887302,0.9307718873023988,0,100,100,56,56,1,1,0,0,0,0,0,0,0,0.591393828392,0.5913938283920288,0,-188,-188,59,59,415
01.png,34.png,07.png,27.png,dots1.png,tray1.png,00.png,00.png,06.png,15.png,09.png,29.png,17.png,23.png,00.png,00.png,"[-248, 221]","[-98, 221]","[52, 221]","[202, 221]","[-248, 71]","[-98, 71]","[52, 71]","[202, 71]","[-248, -79]","[-98, -79]","[52, -79]","[202, -79]","[-248, -229]","[-98, -229]","[52, -229]","[202, -229]","[100, 100]","[100, 100]","[100, 100]","[100, 100]","[100, 100]","[100, 100]","[100, 100]","[100, 100]","[100, 100]","[100, 100]","[100, 100]","[100, 100]","[100, 100]","[100, 100]","[100, 100]","[100, 100]",ok.png,"[0, -375]","[150, 100]",256,both,12,3,m,1,1,1,1,0,0,0,0,0,0,0,1.09782350063,1.09782350063324,0,-81,-81,75,75,1,1,0,0,0,0,0,0,0,0.531582415104,0.5315824151039124,0,-229,-229,68,68,62
00.png,00.png,02.png,dots1.png,07.png,03.png,tray1.png,25.png,18.png,14.png,00.png,00.png,06.png,22.png,09.png,17.png,"[-209, 239]","[-59, 239]","[91, 239]","[241, 239]","[-209, 89]","[-59, 89]","[91, 89]","[241, 89]","[-209, -61]","[-59, -61]","[91, -61]","[241, -61]","[-209, -211]","[-59, -211]","[91, -211]","[241, -211]","[100, 100]","[100, 100]","[100, 100]","[100, 100]","[100, 100]","[100, 100]","[100, 100]","[100, 100]","[100, 100]","[100, 100]","[100, 100]","[100, 100]","[100, 100]","[100, 100]","[100, 100]","[100, 100]",ok.png,"[0, -375]","[150, 100]",257,both,12,3,m,1,1,1,1,0,0,0,0,0,0,0,0.794032692909,0.7940326929092407,0,72,72,100,100,1,1,0,0,0,0,0,0,0,0.46551951766,0.465519517660141,0,226,226,246,246,440
00.png,05.png,dots1.png,07.png,20.png,15.png,27.png,tray1.png,30.png,17.png,25.png,31.png,00.png,00.png,33.png,00.png,"[-225, 214]","[-75, 214]","[75, 214]","[225, 214]","[-225, 64]","[-75, 64]","[75, 64]","[225, 64]","[-225, -86]","[-75, -86]","[75, -86]","[225, -86]","[-225, -236]","[-75, -236]","[75, -236]","[225, -236]","[100, 100]","[100, 100]","[100, 100]","[100, 100]","[100, 100]","[100, 100]","[100, 100]","[100, 100]","[100, 100]","[100, 100]","[100, 100]","[100, 100]","[100, 100]","[100, 100]","[100, 100]","[100, 100]",ok.png,"[0, -375]","[150, 100]",258,both,12,3,m,1,1,1,1,0,0,0,0,0,0,0,1.55252051353,1.552520513534546,0,53,53,219,219,1,1,0,0,0,0,0,0,0,0.666801571846,0.6668015718460083,0,210,210,57,57,131
07.png,dots1.png,13.png,16.png,00.png,00.png,00.png,00.png,tray1.png,29.png,23.png,27.png,21.png,25.png,31.png,33.png,"[-248, 246]","[-98, 246]","[52, 246]","[202, 246]","[-248, 96]","[-98, 96]","[52, 96]","[202, 96]","[-248, -54]","[-98, -54]","[52, -54]","[202, -54]","[-248, -204]","[-98, -204]","[52, -204]","[202, -204]","[100, 100]","[100, 100]","[100, 100]","[100, 100]","[100, 100]","[100, 100]","[100, 100]","[100, 100]","[100, 100]","[100, 100]","[100, 100]","[100, 100]","[100, 100]","[100, 100]","[100, 100]","[100, 100]",ok.png,"[0, -375]","[150, 100]",259,both,12,3,m,1,1,1,1,0,0,0,0,0,0,0,1.64574301243,1.645743012428284,0,-264,-264,-58,-58,1,1,0,0,0,0,0,0,0,3.70944023132,3.709440231323242,0,-94,-94,282,282,158
dots1.png,07.png,05.png,03.png,14.png,16.png,18.png,20.png,22.png,tray1.png,24.png,26.png,00.png,00.png,00.png,00.png,"[-243, 230]","[-93, 230]","[57, 230]","[207, 230]","[-243, 80]","[-93, 80]","[57, 80]","[207, 80]","[-243, -70]","[-93, -70]","[57, -70]","[207, -70]","[-243, -220]","[-93, -220]","[57, -220]","[207, -220]","[100, 100]","[100, 100]","[100, 100]","[100, 100]","[100, 100]","[100, 100]","[100, 100]","[100, 100]","[100, 100]","[100, 100]","[100, 100]","[100, 100]","[100, 100]","[100, 100]","[100, 100]","[100, 100]",ok.png,"[0, -375]","[150, 100]",260,both,12,3,m,1,1,1,1,0,0,0,0,0,0,0,1.07072389126,1.07072389125824,0,-89,-89,-57,-57,1,1,0,0,0,0,0,0,0,0.723585605621,0.7235856056213379,0,-212,-212,235,235,382
00.png,00.png,dots1.png,31.png,13.png,10.png,34.png,32.png,16.png,19.png,tray1.png,21.png,24.png,27.png,00.png,00.png,"[-220, 247]","[-70, 247]","[80, 247]","[230, 247]","[-220, 97]","[-70, 97]","[80, 97]","[230, 97]","[-220, -53]","[-70, -53]","[80, -53]","[230, -53]","[-220, -203]","[-70, -203]","[80, -203]","[230, -203]","[100, 100]","[100, 100]","[100, 100]","[100, 100]","[100, 100]","[100, 100]","[100, 100]","[100, 100]","[100, 100]","[100, 100]","[100, 100]","[100, 100]","[100, 100]","[100, 100]","[100, 100]","[100, 100]",ok.png,"[0, -375]","[150, 100]",261,both,12,3,m,1,1,1,1,0,0,0,0,0,0,0,0.937838613987,0.937838613986969,0,90,90,-46,-46,1,1,0,0,0,0,0,0,0,1.4558660984,1.455866098403931,0,57,57,266,266,178
10.png,15.png,20.png,dots1.png,00.png,00.png,04.png,17.png,21.png,16.png,11.png,tray1.png,00.png,00.png,27.png,34.png,"[-218, 235]","[-68, 235]","[82, 235]","[232, 235]","[-218, 85]","[-68, 85]","[82, 85]","[232, 85]","[-218, -65]","[-68, -65]","[82, -65]","[232, -65]","[-218, -215]","[-68, -215]","[82, -215]","[232, -215]","[100, 100]","[100, 100]","[100, 100]","[100, 100]","[100, 100]","[100, 100]","[100, 100]","[100, 100]","[100, 100]","[100, 100]","[100, 100]","[100, 100]","[100, 100]","[100, 100]","[100, 100]","[100, 100]",ok.png,"[0, -375]","[150, 100]",262,both,12,3,m,1,1,1,1,0,0,0,0,0,0,0,1.41589426994,1.415894269943237,0,235,235,-70,-70,1,1,0,0,0,0,0,0,0,0.480299264193,0.4802992641925812,0,214,214,259,259,374
00.png,00.png,20.png,24.png,dots1.png,32.png,00.png,00.png,03.png,01.png,07.png,08.png,tray1.png,05.png,02.png,04.png,"[-232, 202]","[-82, 202]","[68, 202]","[218, 202]","[-232, 52]","[-82, 52]","[68, 52]","[218, 52]","[-232, -98]","[-82, -98]","[68, -98]","[218, -98]","[-232, -248]","[-82, -248]","[68, -248]","[218, -248]","[100, 100]","[100, 100]","[100, 100]","[100, 100]","[100, 100]","[100, 100]","[100, 100]","[100, 100]","[100, 100]","[100, 100]","[100, 100]","[100, 100]","[100, 100]","[100, 100]","[100, 100]","[100, 100]",ok.png,"[0, -375]","[150, 100]",263,both,12,3,m,1,1,1,1,0,0,0,0,0,0,0,1.21249628067,1.212496280670166,0,-217,-217,65,65,1,1,0,0,0,0,0,0,0,0.765261411667,0.7652614116668701,0,-231,-231,-241,-241,86
29.png,00.png,06.png,16.png,00.png,dots1.png,33.png,08.png,13.png,28.png,00.png,00.png,23.png,tray1.png,12.png,01.png,"[-209, 218]","[-59, 218]","[91, 218]","[241, 218]","[-209, 68]","[-59, 68]","[91, 68]","[241, 68]","[-209, -82]","[-59, -82]","[91, -82]","[241, -82]","[-209, -232]","[-59, -232]","[91, -232]","[241, -232]","[100, 100]","[100, 100]","[100, 100]","[100, 100]","[100, 100]","[100, 100]","[100, 100]","[100, 100]","[100, 100]","[100, 100]","[100, 100]","[100, 100]","[100, 100]","[100, 100]","[100, 100]","[100, 100]",ok.png,"[0, -375]","[150, 100]",264,both,12,3,m,1,1,1,1,0,0,0,0,0,0,0,1.21317124367,1.213171243667603,0,-51,-51,71,71,1,1,0,0,0,0,0,0,0,0.576315045357,0.5763150453567505,0,-51,-51,-224,-224,128
00.png,00.png,00.png,16.png,14.png,06.png,dots1.png,33.png,27.png,23.png,17.png,13.png,07.png,03.png,tray1.png,00.png,"[-209, 217]","[-59, 217]","[91, 217]","[241, 217]","[-209, 67]","[-59, 67]","[91, 67]","[241, 67]","[-209, -83]","[-59, -83]","[91, -83]","[241, -83]","[-209, -233]","[-59, -233]","[91, -233]","[241, -233]","[100, 100]","[100, 100]","[100, 100]","[100, 100]","[100, 100]","[100, 100]","[100, 100]","[100, 100]","[100, 100]","[100, 100]","[100, 100]","[100, 100]","[100, 100]","[100, 100]","[100, 100]","[100, 100]",ok.png,"[0, -375]","[150, 100]",265,both,12,3,m,1,1,1,1,0,0,0,0,0,0,0,0.973373830318,0.9733738303184508,0,99,99,87,87,1,1,0,0,0,0,0,0,0,0.564533293247,0.5645332932472229,0,77,77,-213,-213,369
04.png,20.png,30.png,02.png,00.png,00.png,03.png,dots1.png,24.png,23.png,00.png,00.png,14.png,07.png,17.png,tray1.png,"[-208, 219]","[-58, 219]","[92, 219]","[242, 219]","[-208, 69]","[-58, 69]","[92, 69]","[242, 69]","[-208, -81]","[-58, -81]","[92, -81]","[242, -81]","[-208, -231]","[-58, -231]","[92, -231]","[242, -231]","[100, 100]","[100, 100]","[100, 100]","[100, 100]","[100, 100]","[100, 100]","[100, 100]","[100, 100]","[100, 100]","[100, 100]","[100, 100]","[100, 100]","[100, 100]","[100, 100]","[100, 100]","[100, 100]",ok.png,"[0, -375]","[150, 100]",266,both,12,3,m,1,1,1,1,0,0,0,0,0,0,0,1.38849318027,1.388493180274963,0,223,223,59,59,1,1,0,0,0,0,0,0,0,0.691518068314,0.6915180683135986,0,263,263,-212,-212,157
03.png,19.png,29.png,00.png,00.png,02.png,32.png,11.png,dots1.png,22.png,16.png,00.png,00.png,04.png,tray1.png,18.png,"[-226, 235]","[-76, 235]","[74, 235]","[224, 235]","[-226, 85]","[-76, 85]","[74, 85]","[224, 85]","[-226, -65]","[-76, -65]","[74, -65]","[224, -65]","[-226, -215]","[-76, -215]","[74, -215]","[224, -215]","[100, 100]","[100, 100]","[100, 100]","[100, 100]","[100, 100]","[100, 100]","[100, 100]","[100, 100]","[100, 100]","[100, 100]","[100, 100]","[100, 100]","[100, 100]","[100, 100]","[100, 100]","[100, 100]",ok.png,"[0, -375]","[150, 100]",267,both,12,3,m,1,1,1,1,0,0,0,0,0,0,0,1.88318490982,1.883184909820557,0,71,71,-201,-201,1,1,0,0,0,0,0,0,0,0.617710709572,0.6177107095718384,0,-230,-230,-63,-63,54
16.png,13.png,11.png,05.png,21.png,00.png,00.png,00.png,00.png,dots1.png,28.png,25.png,03.png,tray1.png,08.png,15.png,"[-237, 224]","[-87, 224]","[63, 224]","[213, 224]","[-237, 74]","[-87, 74]","[63, 74]","[213, 74]","[-237, -76]","[-87, -76]","[63, -76]","[213, -76]","[-237, -226]","[-87, -226]","[63, -226]","[213, -226]","[100, 100]","[100, 100]","[100, 100]","[100, 100]","[100, 100]","[100, 100]","[100, 100]","[100, 100]","[100, 100]","[100, 100]","[100, 100]","[100, 100]","[100, 100]","[100, 100]","[100, 100]","[100, 100]",ok.png,"[0, -375]","[150, 100]",268,both,12,3,m,1,1,1,1,0,0,0,0,0,0,0,1.36797618866,1.367976188659668,0,-92,-92,-219,-219,1,1,0,0,0,0,0,0,0,0.480461418629,0.4804614186286926,0,-80,-80,-105,-105,200
06.png,21.png,15.png,17.png,00.png,00.png,16.png,28.png,29.png,09.png,00.png,dots1.png,tray1.png,14.png,07.png,00.png,"[-213, 210]","[-63, 210]","[87, 210]","[237, 210]","[-213, 60]","[-63, 60]","[87, 60]","[237, 60]","[-213, -90]","[-63, -90]","[87, -90]","[237, -90]","[-213, -240]","[-63, -240]","[87, -240]","[237, -240]","[100, 100]","[100, 100]","[100, 100]","[100, 100]","[100, 100]","[100, 100]","[100, 100]","[100, 100]","[100, 100]","[100, 100]","[100, 100]","[100, 100]","[100, 100]","[100, 100]","[100, 100]","[100, 100]",ok.png,"[0, -375]","[150, 100]",269,both,12,3,m,1,1,1,1,0,0,0,0,0,0,0,1.3208925724,1.320892572402954,0,236,236,-99,-99,1,1,0,0,0,0,0,0,0,0.660296559334,0.6602965593338013,0,-190,-190,-231,-231,417
00.png,11.png,01.png,28.png,12.png,00.png,00.png,34.png,15.png,30.png,08.png,tray1.png,31.png,21.png,dots1.png,00.png,"[-248, 217]","[-98, 217]","[52, 217]","[202, 217]","[-248, 67]","[-98, 67]","[52, 67]","[202, 67]","[-248, -83]","[-98, -83]","[52, -83]","[202, -83]","[-248, -233]","[-98, -233]","[52, -233]","[202, -233]","[100, 100]","[100, 100]","[100, 100]","[100, 100]","[100, 100]","[100, 100]","[100, 100]","[100, 100]","[100, 100]","[100, 100]","[100, 100]","[100, 100]","[100, 100]","[100, 100]","[100, 100]","[100, 100]",ok.png,"[0, -375]","[150, 100]",270,both,12,3,m,1,1,1,1,0,0,0,0,0,0,0,0.979958891869,0.9799588918685912,0,195,195,-85,-85,1,1,0,0,0,0,0,0,0,0.666557967663,0.6665579676628113,0,42,42,-224,-224,344
00.png,00.png,12.png,dots1.png,32.png,31.png,24.png,27.png,07.png,09.png,tray1.png,10.png,13.png,16.png,00.png,00.png,"[-230, 240]","[-80, 240]","[70, 240]","[220, 240]","[-230, 90]","[-80, 90]","[70, 90]","[220, 90]","[-230, -60]","[-80, -60]","[70, -60]","[220, -60]","[-230, -210]","[-80, -210]","[70, -210]","[220, -210]","[100, 100]","[100, 100]","[100, 100]","[100, 100]","[100, 100]","[100, 100]","[100, 100]","[100, 100]","[100, 100]","[100, 100]","[100, 100]","[100, 100]","[100, 100]","[100, 100]","[100, 100]","[100, 100]",ok.png,"[0, -375]","[150, 100]",271,both,12,3,m,1,1,1,1,0,0,0,0,0,0,0,1.31425786018,1.314257860183716,0,234,234,231,231,1,1,0,0,0,0,0,0,0,1.02953994274,1.029539942741394,0,75,75,-46,-46,236
00.png,00.png,25.png,12.png,dots1.png,19.png,05.png,00.png,01.png,tray1.png,07.png,10.png,34.png,20.png,00.png,30.png,"[-218, 229]","[-68, 229]","[82, 229]","[232, 229]","[-218, 79]","[-68, 79]","[82, 79]","[232, 79]","[-218, -71]","[-68, -71]","[82, -71]","[232, -71]","[-218, -221]","[-68, -221]","[82, -221]","[232, -221]","[100, 100]","[100, 100]","[100, 100]","[100, 100]","[100, 100]","[100, 100]","[100, 100]","[100, 100]","[100, 100]","[100, 100]","[100, 100]","[100, 100]","[100, 100]","[100, 100]","[100, 100]","[100, 100]",ok.png,"[0, -375]","[150, 100]",272,both,12,3,m,1,1,1,1,0,0,0,0,0,0,0,0.992000639439,0.9920006394386292,0,-226,-226,68,68,1,1,0,0,0,0,0,0,0,0.573194980621,0.5731949806213379,0,-89,-89,-73,-73,268
11.png,13.png,17.png,18.png,00.png,dots1.png,00.png,09.png,tray1.png,02.png,04.png,30.png,26.png,24.png,00.png,00.png,"[-223, 236]","[-73, 236]","[77, 236]","[227, 236]","[-223, 86]","[-73, 86]","[77, 86]","[227, 86]","[-223, -64]","[-73, -64]","[77, -64]","[227, -64]","[-223, -214]","[-73, -214]","[77, -214]","[227, -214]","[100, 100]","[100, 100]","[100, 100]","[100, 100]","[100, 100]","[100, 100]","[100, 100]","[100, 100]","[100, 100]","[100, 100]","[100, 100]","[100, 100]","[100, 100]","[100, 100]","[100, 100]","[100, 100]",ok.png,"[0, -375]","[150, 100]",273,both,12,3,m,1,1,1,1,0,0,0,0,0,0,0,1.18167710304,1.181677103042603,0,-69,-69,98,98,1,1,0,0,0,0,0,0,0,0.469403922558,0.4694039225578308,0,-198,-198,-73,-73,60
00.png,14.png,10.png,20.png,11.png,07.png,00.png,tray1.png,18.png,31.png,00.png,30.png,09.png,00.png,03.png,dots1.png,"[-213, 208]","[-63, 208]","[87, 208]","[237, 208]","[-213, 58]","[-63, 58]","[87, 58]","[237, 58]","[-213, -92]","[-63, -92]","[87, -92]","[237, -92]","[-213, -242]","[-63, -242]","[87, -242]","[237, -242]","[100, 100]","[100, 100]","[100, 100]","[100, 100]","[100, 100]","[100, 100]","[100, 100]","[100, 100]","[100, 100]","[100, 100]","[100, 100]","[100, 100]","[100, 100]","[100, 100]","[100, 100]","[100, 100]",ok.png,"[0, -375]","[150, 100]",274,both,12,3,m,1,1,1,1,0,0,0,0,0,0,0,1.19877636433,1.198776364326477,0,261,261,-238,-238,1,1,0,0,0,0,0,0,0,0.510710299015,0.5107102990150452,0,209,209,74,74,437
31.png,03.png,13.png,00.png,23.png,21.png,tray1.png,00.png,33.png,00.png,14.png,00.png,19.png,32.png,dots1.png,26.png,"[-239, 222]","[-89, 222]","[61, 222]","[211, 222]","[-239, 72]","[-89, 72]","[61, 72]","[211, 72]","[-239, -78]","[-89, -78]","[61, -78]","[211, -78]","[-239, -228]","[-89, -228]","[61, -228]","[211, -228]","[100, 100]","[100, 100]","[100, 100]","[100, 100]","[100, 100]","[100, 100]","[100, 100]","[100, 100]","[100, 100]","[100, 100]","[100, 100]","[100, 100]","[100, 100]","[100, 100]","[100, 100]","[100, 100]",ok.png,"[0, -375]","[150, 100]",275,both,12,3,m,1,1,1,1,0,0,0,0,0,0,0,2.17718791962,2.177187919616699,0,49,49,59,59,1,1,0,0,0,0,0,0,0,0.54996907711,0.5499690771102905,0,61,61,-212,-212,5
00.png,00.png,00.png,00.png,dots2.png,10.png,09.png,08.png,07.png,06.png,05.png,04.png,03.png,02.png,01.png,tray2.png,"[-244, 234]","[-94, 234]","[56, 234]","[206, 234]","[-244, 84]","[-94, 84]","[56, 84]","[206, 84]","[-244, -66]","[-94, -66]","[56, -66]","[206, -66]","[-244, -216]","[-94, -216]","[56, -216]","[206, -216]","[100, 100]","[100, 100]","[100, 100]","[100, 100]","[100, 100]","[100, 100]","[100, 100]","[100, 100]","[100, 100]","[100, 100]","[100, 100]","[100, 100]","[100, 100]","[100, 100]","[100, 100]","[100, 100]",ok.png,"[0, -375]","[150, 100]",276,both,12,3,m,1,1,1,1,0,0,0,0,0,0,0,1.0364677906,1.036467790603638,0,-246,-246,81,81,1,1,0,0,0,0,0,0,0,0.607043862343,0.6070438623428345,0,204,204,-222,-222,305
00.png,00.png,31.png,32.png,33.png,dots2.png,14.png,00.png,13.png,12.png,11.png,10.png,00.png,09.png,tray2.png,08.png,"[-224, 246]","[-74, 246]","[76, 246]","[226, 246]","[-224, 96]","[-74, 96]","[76, 96]","[226, 96]","[-224, -54]","[-74, -54]","[76, -54]","[226, -54]","[-224, -204]","[-74, -204]","[76, -204]","[226, -204]","[100, 100]","[100, 100]","[100, 100]","[100, 100]","[100, 100]","[100, 100]","[100, 100]","[100, 100]","[100, 100]","[100, 100]","[100, 100]","[100, 100]","[100, 100]","[100, 100]","[100, 100]","[100, 100]",ok.png,"[0, -375]","[150, 100]",277,both,12,3,m,1,1,1,1,0,0,0,0,0,0,0,1.03852462769,1.038524627685547,0,-65,-65,102,102,1,1,0,0,0,0,0,0,0,0.398956149817,0.3989561498165131,0,49,49,-215,-215,308
00.png,00.png,25.png,24.png,23.png,22.png,dots2.png,20.png,19.png,18.png,17.png,16.png,15.png,tray2.png,00.png,00.png,"[-238, 239]","[-88, 239]","[62, 239]","[212, 239]","[-238, 89]","[-88, 89]","[62, 89]","[212, 89]","[-238, -61]","[-88, -61]","[62, -61]","[212, -61]","[-238, -211]","[-88, -211]","[62, -211]","[212, -211]","[100, 100]","[100, 100]","[100, 100]","[100, 100]","[100, 100]","[100, 100]","[100, 100]","[100, 100]","[100, 100]","[100, 100]","[100, 100]","[100, 100]","[100, 100]","[100, 100]","[100, 100]","[100, 100]",ok.png,"[0, -375]","[150, 100]",278,both,12,3,m,1,1,1,1,0,0,0,0,0,0,0,1.29762792587,1.297627925872803,0,71,71,86,86,1,1,0,0,0,0,0,0,0,0.550531864166,0.5505318641662598,0,-74,-74,-215,-215,170
33.png,32.png,30.png,29.png,00.png,00.png,31.png,dots2.png,26.png,28.png,00.png,00.png,tray2.png,24.png,23.png,22.png,"[-218, 209]","[-68, 209]","[82, 209]","[232, 209]","[-218, 59]","[-68, 59]","[82, 59]","[232, 59]","[-218, -91]","[-68, -91]","[82, -91]","[232, -91]","[-218, -241]","[-68, -241]","[82, -241]","[232, -241]","[100, 100]","[100, 100]","[100, 100]","[100, 100]","[100, 100]","[100, 100]","[100, 100]","[100, 100]","[100, 100]","[100, 100]","[100, 100]","[100, 100]","[100, 100]","[100, 100]","[100, 100]","[100, 100]",ok.png,"[0, -375]","[150, 100]",279,both,12,3,m,1,1,1,1,0,0,0,0,0,0,0,1.21491909027,1.214919090270996,0,-219,-219,-248,-248,1,1,0,0,0,0,0,0,0,1.02290701866,1.022907018661499,0,265,265,33,33,266
00.png,00.png,00.png,00.png,01.png,34.png,33.png,32.png,dots2.png,30.png,29.png,tray2.png,08.png,06.png,04.png,02.png,"[-234, 224]","[-84, 224]","[66, 224]","[216, 224]","[-234, 74]","[-84, 74]","[66, 74]","[216, 74]","[-234, -76]","[-84, -76]","[66, -76]","[216, -76]","[-234, -226]","[-84, -226]","[66, -226]","[216, -226]","[100, 100]","[100, 100]","[100, 100]","[100, 100]","[100, 100]","[100, 100]","[100, 100]","[100, 100]","[100, 100]","[100, 100]","[100, 100]","[100, 100]","[100, 100]","[100, 100]","[100, 100]","[100, 100]",ok.png,"[0, -375]","[150, 100]",280,both,12,3,m,1,1,1,1,0,0,0,0,0,0,0,0.946730852127,0.9467308521270752,0,230,230,-62,-62,1,1,0,0,0,0,0,0,0,0.724223613739,0.7242236137390137,0,-232,-232,-55,-55,149
00.png,00.png,23.png,17.png,29.png,09.png,15.png,06.png,00.png,00.png,tray2.png,04.png,27.png,dots2.png,34.png,01.png,"[-211, 205]","[-61, 205]","[89, 205]","[239, 205]","[-211, 55]","[-61, 55]","[89, 55]","[239, 55]","[-211, -95]","[-61, -95]","[89, -95]","[239, -95]","[-211, -245]","[-61, -245]","[89, -245]","[239, -245]","[100, 100]","[100, 100]","[100, 100]","[100, 100]","[100, 100]","[100, 100]","[100, 100]","[100, 100]","[100, 100]","[100, 100]","[100, 100]","[100, 100]","[100, 100]","[100, 100]","[100, 100]","[100, 100]",ok.png,"[0, -375]","[150, 100]",281,both,12,3,m,1,1,1,1,0,0,0,0,0,0,0,1.40833723545,1.408337235450745,0,-82,-82,-251,-251,1,1,0,0,0,0,0,0,0,0.50438696146,0.5043869614601135,0,72,72,-105,-105,105
17.png,09.png,22.png,06.png,00.png,00.png,14.png,18.png,25.png,tray2.png,03.png,07.png,dots2.png,02.png,00.png,00.png,"[-232, 239]","[-82, 239]","[68, 239]","[218, 239]","[-232, 89]","[-82, 89]","[68, 89]","[218, 89]","[-232, -61]","[-82, -61]","[68, -61]","[218, -61]","[-232, -211]","[-82, -211]","[68, -211]","[218, -211]","[100, 100]","[100, 100]","[100, 100]","[100, 100]","[100, 100]","[100, 100]","[100, 100]","[100, 100]","[100, 100]","[100, 100]","[100, 100]","[100, 100]","[100, 100]","[100, 100]","[100, 100]","[100, 100]",ok.png,"[0, -375]","[150, 100]",282,both,12,3,m,1,1,1,1,0,0,0,0,0,0,0,1.11686742306,1.116867423057556,0,-97,-97,-49,-49,1,1,0,0,0,0,0,0,0,0.371353566647,0.37135356664657593,0,-218,-218,-158,-158,109
00.png,dots2.png,00.png,00.png,31.png,25.png,17.png,30.png,tray2.png,27.png,15.png,20.png,07.png,33.png,05.png,00.png,"[-218, 216]","[-68, 216]","[82, 216]","[232, 216]","[-218, 66]","[-68, 66]","[82, 66]","[232, 66]","[-218, -84]","[-68, -84]","[82, -84]","[232, -84]","[-218, -234]","[-68, -234]","[82, -234]","[232, -234]","[100, 100]","[100, 100]","[100, 100]","[100, 100]","[100, 100]","[100, 100]","[100, 100]","[100, 100]","[100, 100]","[100, 100]","[100, 100]","[100, 100]","[100, 100]","[100, 100]","[100, 100]","[100, 100]",ok.png,"[0, -375]","[150, 100]",283,both,12,3,m,1,1,1,1,0,0,0,0,0,0,0,1.26106441021,1.261064410209656,0,-205,-205,-75,-75,1,1,0,0,0,0,0,0,0,0.884681046009,0.8846810460090637,0,-95,-95,224,224,278
33.png,31.png,dots2.png,21.png,27.png,23.png,29.png,tray2.png,00.png,00.png,00.png,00.png,16.png,13.png,10.png,07.png,"[-236, 231]","[-86, 231]","[64, 231]","[214, 231]","[-236, 81]","[-86, 81]","[64, 81]","[214, 81]","[-236, -69]","[-86, -69]","[64, -69]","[214, -69]","[-236, -219]","[-86, -219]","[64, -219]","[214, -219]","[100, 100]","[100, 100]","[100, 100]","[100, 100]","[100, 100]","[100, 100]","[100, 100]","[100, 100]","[100, 100]","[100, 100]","[100, 100]","[100, 100]","[100, 100]","[100, 100]","[100, 100]","[100, 100]",ok.png,"[0, -375]","[150, 100]",284,both,12,3,m,1,1,1,1,0,0,0,0,0,0,0,1.12091839314,1.120918393135071,0,46,46,225,225,1,1,0,0,0,0,0,0,0,0.491102933884,0.491102933883667,0,212,212,41,41,311
00.png,00.png,00.png,00.png,26.png,24.png,tray2.png,22.png,20.png,18.png,16.png,14.png,03.png,dots2.png,07.png,09.png,"[-203, 220]","[-53, 220]","[97, 220]","[247, 220]","[-203, 70]","[-53, 70]","[97, 70]","[247, 70]","[-203, -80]","[-53, -80]","[97, -80]","[247, -80]","[-203, -230]","[-53, -230]","[97, -230]","[247, -230]","[100, 100]","[100, 100]","[100, 100]","[100, 100]","[100, 100]","[100, 100]","[100, 100]","[100, 100]","[100, 100]","[100, 100]","[100, 100]","[100, 100]","[100, 100]","[100, 100]","[100, 100]","[100, 100]",ok.png,"[0, -375]","[150, 100]",285,both,12,3,m,1,1,1,1,0,0,0,0,0,0,0,1.46003305912,1.460033059120178,0,105,105,68,68,1,1,0,0,0,0,0,0,0,0.619966268539,0.6199662685394287,0,-50,-50,-222,-222,227
00.png,00.png,27.png,24.png,21.png,tray2.png,19.png,16.png,32.png,34.png,10.png,dots2.png,31.png,33.png,00.png,00.png,"[-200, 246]","[-50, 246]","[100, 246]","[250, 246]","[-200, 96]","[-50, 96]","[100, 96]","[250, 96]","[-200, -54]","[-50, -54]","[100, -54]","[250, -54]","[-200, -204]","[-50, -204]","[100, -204]","[250, -204]","[100, 100]","[100, 100]","[100, 100]","[100, 100]","[100, 100]","[100, 100]","[100, 100]","[100, 100]","[100, 100]","[100, 100]","[100, 100]","[100, 100]","[100, 100]","[100, 100]","[100, 100]","[100, 100]",ok.png,"[0, -375]","[150, 100]",286,both,12,3,m,1,1,1,1,0,0,0,0,0,0,0,1.03524923325,1.03524923324585,0,-45,-45,106,106,1,1,0,0,0,0,0,0,0,1.00830554962,1.008305549621582,0,250,250,-63,-63,255
34.png,27.png,00.png,00.png,tray2.png,11.png,16.png,21.png,17.png,04.png,00.png,00.png,dots2.png,20.png,15.png,10.png,"[-210, 223]","[-60, 223]","[90, 223]","[240, 223]","[-210, 73]","[-60, 73]","[90, 73]","[240, 73]","[-210, -77]","[-60, -77]","[90, -77]","[240, -77]","[-210, -227]","[-60, -227]","[90, -227]","[240, -227]","[100, 100]","[100, 100]","[100, 100]","[100, 100]","[100, 100]","[100, 100]","[100, 100]","[100, 100]","[100, 100]","[100, 100]","[100, 100]","[100, 100]","[100, 100]","[100, 100]","[100, 100]","[100, 100]",ok.png,"[0, -375]","[150, 100]",287,both,12,3,m,1,1,1,1,0,0,0,0,0,0,0,1.13267481327,1.132674813270569,0,-198,-198,86,86,1,1,0,0,0,0,0,0,0,1.16005885601,1.160058856010437,0,-200,-200,-219,-219,199
04.png,02.png,05.png,tray2.png,08.png,07.png,01.png,03.png,00.png,00.png,32.png,28.png,24.png,dots2.png,00.png,00.png,"[-207, 213]","[-57, 213]","[93, 213]","[243, 213]","[-207, 63]","[-57, 63]","[93, 63]","[243, 63]","[-207, -87]","[-57, -87]","[93, -87]","[243, -87]","[-207, -237]","[-57, -237]","[93, -237]","[243, -237]","[100, 100]","[100, 100]","[100, 100]","[100, 100]","[100, 100]","[100, 100]","[100, 100]","[100, 100]","[100, 100]","[100, 100]","[100, 100]","[100, 100]","[100, 100]","[100, 100]","[100, 100]","[100, 100]",ok.png,"[0, -375]","[150, 100]",288,both,12,3,m,1,1,1,1,0,0,0,0,0,0,0,1.49720454216,1.497204542160034,0,249,249,216,216,1,1,0,0,0,0,0,0,0,0.697215974331,0.6972159743309021,0,-74,-74,-254,-254,134
01.png,12.png,tray2.png,23.png,00.png,00.png,28.png,13.png,08.png,dots2.png,03.png,00.png,16.png,06.png,00.png,29.png,"[-248, 217]","[-98, 217]","[52, 217]","[202, 217]","[-248, 67]","[-98, 67]","[52, 67]","[202, 67]","[-248, -83]","[-98, -83]","[52, -83]","[202, -83]","[-248, -233]","[-98, -233]","[52, -233]","[202, -233]","[100, 100]","[100, 100]","[100, 100]","[100, 100]","[100, 100]","[100, 100]","[100, 100]","[100, 100]","[100, 100]","[100, 100]","[100, 100]","[100, 100]","[100, 100]","[100, 100]","[100, 100]","[100, 100]",ok.png,"[0, -375]","[150, 100]",289,both,12,3,m,1,1,1,1,0,0,0,0,0,0,0,1.64932978153,1.649329781532288,0,52,52,231,231,1,1,0,0,0,0,0,0,0,1.94743323326,1.947433233261108,0,-94,-94,-90,-90,47
00.png,tray2.png,03.png,07.png,13.png,17.png,23.png,27.png,dots2.png,04.png,06.png,14.png,16.png,00.png,00.png,00.png,"[-238, 231]","[-88, 231]","[62, 231]","[212, 231]","[-238, 81]","[-88, 81]","[62, 81]","[212, 81]","[-238, -69]","[-88, -69]","[62, -69]","[212, -69]","[-238, -219]","[-88, -219]","[62, -219]","[212, -219]","[100, 100]","[100, 100]","[100, 100]","[100, 100]","[100, 100]","[100, 100]","[100, 100]","[100, 100]","[100, 100]","[100, 100]","[100, 100]","[100, 100]","[100, 100]","[100, 100]","[100, 100]","[100, 100]",ok.png,"[0, -375]","[150, 100]",290,both,12,3,m,1,1,1,1,0,0,0,0,0,0,0,1.03653383255,1.036533832550049,0,-243,-243,-63,-63,1,1,0,0,0,0,0,0,0,0.499134093523,0.4991340935230255,0,-84,-84,228,228,310
tray2.png,17.png,07.png,14.png,00.png,00.png,23.png,dots2.png,04.png,03.png,00.png,00.png,02.png,30.png,20.png,04.png,"[-218, 215]","[-68, 215]","[82, 215]","[232, 215]","[-218, 65]","[-68, 65]","[82, 65]","[232, 65]","[-218, -85]","[-68, -85]","[82, -85]","[232, -85]","[-218, -235]","[-68, -235]","[82, -235]","[232, -235]","[100, 100]","[100, 100]","[100, 100]","[100, 100]","[100, 100]","[100, 100]","[100, 100]","[100, 100]","[100, 100]","[100, 100]","[100, 100]","[100, 100]","[100, 100]","[100, 100]","[100, 100]","[100, 100]",ok.png,"[0, -375]","[150, 100]",291,both,12,3,m,1,1,1,1,0,0,0,0,0,0,0,1.33847796917,1.338477969169617,0,-212,-212,219,219,1,1,0,0,0,0,0,0,0,0.745754659176,0.7457546591758728,0,243,243,49,49,319
18.png,tray2.png,04.png,00.png,00.png,16.png,dots2.png,12.png,11.png,32.png,02.png,00.png,00.png,29.png,19.png,03.png,"[-209, 208]","[-59, 208]","[91, 208]","[241, 208]","[-209, 58]","[-59, 58]","[91, 58]","[241, 58]","[-209, -92]","[-59, -92]","[91, -92]","[241, -92]","[-209, -242]","[-59, -242]","[91, -242]","[241, -242]","[100, 100]","[100, 100]","[100, 100]","[100, 100]","[100, 100]","[100, 100]","[100, 100]","[100, 100]","[100, 100]","[100, 100]","[100, 100]","[100, 100]","[100, 100]","[100, 100]","[100, 100]","[100, 100]",ok.png,"[0, -375]","[150, 100]",292,both,12,3,m,1,1,1,1,0,0,0,0,0,0,0,1.57290148735,1.572901487350464,0,80,80,88,88,1,1,0,0,0,0,0,0,0,1.25628530979,1.256285309791565,0,24,24,-350,-350,350
15.png,08.png,tray2.png,03.png,25.png,dots2.png,27.png,00.png,00.png,00.png,00.png,21.png,05.png,11.png,13.png,16.png,"[-232, 240]","[-82, 240]","[68, 240]","[218, 240]","[-232, 90]","[-82, 90]","[68, 90]","[218, 90]","[-232, -60]","[-82, -60]","[68, -60]","[218, -60]","[-232, -210]","[-82, -210]","[68, -210]","[218, -210]","[100, 100]","[100, 100]","[100, 100]","[100, 100]","[100, 100]","[100, 100]","[100, 100]","[100, 100]","[100, 100]","[100, 100]","[100, 100]","[100, 100]","[100, 100]","[100, 100]","[100, 100]","[100, 100]",ok.png,"[0, -375]","[150, 100]",293,both,12,3,m,1,1,1,1,0,0,0,0,0,0,0,1.49178957939,1.491789579391479,0,-71,-71,75,75,1,1,0,0,0,0,0,0,0,1.12743914127,1.127439141273499,0,78,78,272,272,191
00.png,07.png,14.png,tray2.png,23.png,00.png,09.png,29.png,28.png,16.png,00.png,00.png,17.png,15.png,21.png,dots2.png,"[-243, 203]","[-93, 203]","[57, 203]","[207, 203]","[-243, 53]","[-93, 53]","[57, 53]","[207, 53]","[-243, -97]","[-93, -97]","[57, -97]","[207, -97]","[-243, -247]","[-93, -247]","[57, -247]","[207, -247]","[100, 100]","[100, 100]","[100, 100]","[100, 100]","[100, 100]","[100, 100]","[100, 100]","[100, 100]","[100, 100]","[100, 100]","[100, 100]","[100, 100]","[100, 100]","[100, 100]","[100, 100]","[100, 100]",ok.png,"[0, -375]","[150, 100]",294,both,12,3,m,1,1,1,1,0,0,0,0,0,0,0,1.5569331646,1.556933164596558,0,226,226,232,232,1,1,0,0,0,0,0,0,0,2.8951997757,2.895199775695801,0,224,224,-254,-254,33
00.png,32.png,21.png,31.png,tray2.png,08.png,30.png,15.png,34.png,00.png,00.png,12.png,28.png,01.png,dots2.png,00.png,"[-247, 243]","[-97, 243]","[53, 243]","[203, 243]","[-247, 93]","[-97, 93]","[53, 93]","[203, 93]","[-247, -57]","[-97, -57]","[53, -57]","[203, -57]","[-247, -207]","[-97, -207]","[53, -207]","[203, -207]","[100, 100]","[100, 100]","[100, 100]","[100, 100]","[100, 100]","[100, 100]","[100, 100]","[100, 100]","[100, 100]","[100, 100]","[100, 100]","[100, 100]","[100, 100]","[100, 100]","[100, 100]","[100, 100]",ok.png,"[0, -375]","[150, 100]",295,both,12,3,m,1,1,1,1,0,0,0,0,0,0,0,1.13773202896,1.137732028961182,0,-255,-255,102,102,1,1,0,0,0,0,0,0,0,0.552565395832,0.5525653958320618,0,49,49,-221,-221,325
00.png,00.png,16.png,13.png,10.png,tray2.png,09.png,07.png,27.png,24.png,31.png,32.png,04.png,dots2.png,00.png,00.png,"[-236, 249]","[-86, 249]","[64, 249]","[214, 249]","[-236, 99]","[-86, 99]","[64, 99]","[214, 99]","[-236, -51]","[-86, -51]","[64, -51]","[214, -51]","[-236, -201]","[-86, -201]","[64, -201]","[214, -201]","[100, 100]","[100, 100]","[100, 100]","[100, 100]","[100, 100]","[100, 100]","[100, 100]","[100, 100]","[100, 100]","[100, 100]","[100, 100]","[100, 100]","[100, 100]","[100, 100]","[100, 100]","[100, 100]",ok.png,"[0, -375]","[150, 100]",296,both,12,3,m,1,1,1,1,0,0,0,0,0,0,0,1.14494144917,1.144941449165344,0,-102,-102,89,89,1,1,0,0,0,0,0,0,0,0.873150706291,0.8731507062911987,0,-108,-108,-170,-170,256
30.png,00.png,20.png,34.png,10.png,07.png,tray2.png,01.png,00.png,05.png,19.png,33.png,dots2.png,25.png,00.png,00.png,"[-221, 250]","[-71, 250]","[79, 250]","[229, 250]","[-221, 100]","[-71, 100]","[79, 100]","[229, 100]","[-221, -50]","[-71, -50]","[79, -50]","[229, -50]","[-221, -200]","[-71, -200]","[79, -200]","[229, -200]","[100, 100]","[100, 100]","[100, 100]","[100, 100]","[100, 100]","[100, 100]","[100, 100]","[100, 100]","[100, 100]","[100, 100]","[100, 100]","[100, 100]","[100, 100]","[100, 100]","[100, 100]","[100, 100]",ok.png,"[0, -375]","[150, 100]",297,both,12,3,m,1,1,1,1,0,0,0,0,0,0,0,1.23434686661,1.234346866607666,0,86,86,99,99,1,1,0,0,0,0,0,0,0,0.683141350746,0.6831413507461548,0,-239,-239,-218,-218,120
00.png,00.png,24.png,26.png,30.png,04.png,02.png,tray2.png,09.png,00.png,dots2.png,00.png,18.png,17.png,13.png,11.png,"[-221, 249]","[-71, 249]","[79, 249]","[229, 249]","[-221, 99]","[-71, 99]","[79, 99]","[229, 99]","[-221, -51]","[-71, -51]","[79, -51]","[229, -51]","[-221, -201]","[-71, -201]","[79, -201]","[229, -201]","[100, 100]","[100, 100]","[100, 100]","[100, 100]","[100, 100]","[100, 100]","[100, 100]","[100, 100]","[100, 100]","[100, 100]","[100, 100]","[100, 100]","[100, 100]","[100, 100]","[100, 100]","[100, 100]",ok.png,"[0, -375]","[150, 100]",298,both,12,3,m,1,1,1,1,0,0,0,0,0,0,0,1.07135677338,1.071356773376465,0,227,227,84,84,1,1,0,0,0,0,0,0,0,0.839606225491,0.8396062254905701,0,81,81,-61,-61,38
19.png,dots2.png,00.png,09.png,30.png,00.png,31.png,18.png,tray2.png,00.png,07.png,11.png,20.png,10.png,14.png,00.png,"[-218, 250]","[-68, 250]","[82, 250]","[232, 250]","[-218, 100]","[-68, 100]","[82, 100]","[232, 100]","[-218, -50]","[-68, -50]","[82, -50]","[232, -50]","[-218, -200]","[-68, -200]","[82, -200]","[232, -200]","[100, 100]","[100, 100]","[100, 100]","[100, 100]","[100, 100]","[100, 100]","[100, 100]","[100, 100]","[100, 100]","[100, 100]","[100, 100]","[100, 100]","[100, 100]","[100, 100]","[100, 100]","[100, 100]",ok.png,"[0, -375]","[150, 100]",299,both,12,3,m,1,1,1,1,0,0,0,0,0,0,0,1.01295351982,1.012953519821167,0,-222,-222,-52,-52,1,1,0,0,0,0,0,0,0,0.434934735298,0.4349347352981567,0,-88,-88,266,266,394
26.png,29.png,32.png,dots2.png,00.png,14.png,00.png,33.png,00.png,tray2.png,21.png,23.png,00.png,13.png,03.png,31.png,"[-204, 246]","[-54, 246]","[96, 246]","[246, 246]","[-204, 96]","[-54, 96]","[96, 96]","[246, 96]","[-204, -54]","[-54, -54]","[96, -54]","[246, -54]","[-204, -204]","[-54, -204]","[96, -204]","[246, -204]","[100, 100]","[100, 100]","[100, 100]","[100, 100]","[100, 100]","[100, 100]","[100, 100]","[100, 100]","[100, 100]","[100, 100]","[100, 100]","[100, 100]","[100, 100]","[100, 100]","[100, 100]","[100, 100]",ok.png,"[0, -375]","[150, 100]",300,both,12,3,m,1,1,1,1,0,0,0,0,0,0,0,1.04718053341,1.047180533409119,0,-50,-50,-52,-52,1,1,0,0,0,0,0,0,0,1.1296916008,1.129691600799561,0,248,248,259,259,125
tray1.png,01.png,02.png,03.png,04.png,05.png,06.png,07.png,08.png,09.png,10.png,11.png,12.png,13.png,14.png,15.png,"[-217, 211]","[-67, 211]","[83, 211]","[233, 211]","[-217, 61]","[-67, 61]","[83, 61]","[233, 61]","[-217, -89]","[-67, -89]","[83, -89]","[233, -89]","[-217, -239]","[-67, -239]","[83, -239]","[233, -239]","[100, 100]","[100, 100]","[100, 100]","[100, 100]","[100, 100]","[100, 100]","[100, 100]","[100, 100]","[100, 100]","[100, 100]","[100, 100]","[100, 100]","[100, 100]","[100, 100]","[100, 100]","[100, 100]",ok.png,"[0, -375]","[150, 100]",301,tray,16,1,m,1,1,1,1,0,0,0,0,0,0,0,3.25320982933,3.253209829330444,0,-203,-203,222,222,1,1,0,0,0,0,0,0,0,3.3987159729,3.398715972900391,0,-3,-3,-364,-364,208
08.png,tray1.png,09.png,01.png,10.png,11.png,12.png,13.png,15.png,14.png,34.png,33.png,32.png,31.png,22.png,23.png,"[-231, 217]","[-81, 217]","[69, 217]","[219, 217]","[-231, 67]","[-81, 67]","[69, 67]","[219, 67]","[-231, -83]","[-81, -83]","[69, -83]","[219, -83]","[-231, -233]","[-81, -233]","[69, -233]","[219, -233]","[100, 100]","[100, 100]","[100, 100]","[100, 100]","[100, 100]","[100, 100]","[100, 100]","[100, 100]","[100, 100]","[100, 100]","[100, 100]","[100, 100]","[100, 100]","[100, 100]","[100, 100]","[100, 100]",ok.png,"[0, -375]","[150, 100]",302,tray,16,1,m,1,1,1,1,0,0,0,0,0,0,0,1.44174492359,1.441744923591614,0,-77,-77,210,210,1,1,0,0,0,0,0,0,0,4.01452732086,4.014527320861816,0,14,14,-368,-368,215
05.png,06.png,tray1.png,15.png,16.png,17.png,18.png,19.png,20.png,21.png,22.png,23.png,24.png,25.png,30.png,27.png,"[-222, 212]","[-72, 212]","[78, 212]","[228, 212]","[-222, 62]","[-72, 62]","[78, 62]","[228, 62]","[-222, -88]","[-72, -88]","[78, -88]","[228, -88]","[-222, -238]","[-72, -238]","[78, -238]","[228, -238]","[100, 100]","[100, 100]","[100, 100]","[100, 100]","[100, 100]","[100, 100]","[100, 100]","[100, 100]","[100, 100]","[100, 100]","[100, 100]","[100, 100]","[100, 100]","[100, 100]","[100, 100]","[100, 100]",ok.png,"[0, -375]","[150, 100]",303,tray,16,1,m,1,1,1,1,0,0,0,0,0,0,0,2.08402729034,2.084027290344238,0,91,91,201,201,1,1,0,0,0,0,0,0,0,1.15092468262,1.150924682617188,0,-11,-11,-369,-369,433
22.png,23.png,24.png,tray1.png,03.png,12.png,25.png,26.png,02.png,08.png,27.png,28.png,29.png,30.png,31.png,32.png,"[-239, 215]","[-89, 215]","[61, 215]","[211, 215]","[-239, 65]","[-89, 65]","[61, 65]","[211, 65]","[-239, -85]","[-89, -85]","[61, -85]","[211, -85]","[-239, -235]","[-89, -235]","[61, -235]","[211, -235]","[100, 100]","[100, 100]","[100, 100]","[100, 100]","[100, 100]","[100, 100]","[100, 100]","[100, 100]","[100, 100]","[100, 100]","[100, 100]","[100, 100]","[100, 100]","[100, 100]","[100, 100]","[100, 100]",ok.png,"[0, -375]","[150, 100]",304,tray,16,1,m,1,1,1,1,0,0,0,0,0,0,0,1.39936292171,1.399362921714783,0,225,225,205,205,1,1,0,0,0,0,0,0,0,2.95958209038,2.959582090377808,0,3,3,-355,-355,283
02.png,04.png,06.png,08.png,tray1.png,29.png,30.png,31.png,32.png,33.png,34.png,01.png,22.png,24.png,26.png,28.png,"[-215, 201]","[-65, 201]","[85, 201]","[235, 201]","[-215, 51]","[-65, 51]","[85, 51]","[235, 51]","[-215, -99]","[-65, -99]","[85, -99]","[235, -99]","[-215, -249]","[-65, -249]","[85, -249]","[235, -249]","[100, 100]","[100, 100]","[100, 100]","[100, 100]","[100, 100]","[100, 100]","[100, 100]","[100, 100]","[100, 100]","[100, 100]","[100, 100]","[100, 100]","[100, 100]","[100, 100]","[100, 100]","[100, 100]",ok.png,"[0, -375]","[150, 100]",305,tray,16,1,m,1,1,1,1,0,0,0,0,0,0,0,1.2581512928,1.258151292800903,0,-204,-204,12,12,1,1,0,0,0,0,0,0,0,2.62483263016,2.624832630157471,0,24,24,-382,-382,253
01.png,34.png,07.png,27.png,04.png,tray1.png,11.png,26.png,06.png,15.png,09.png,29.png,17.png,23.png,30.png,32.png,"[-228, 216]","[-78, 216]","[72, 216]","[222, 216]","[-228, 66]","[-78, 66]","[72, 66]","[222, 66]","[-228, -84]","[-78, -84]","[72, -84]","[222, -84]","[-228, -234]","[-78, -234]","[72, -234]","[222, -234]","[100, 100]","[100, 100]","[100, 100]","[100, 100]","[100, 100]","[100, 100]","[100, 100]","[100, 100]","[100, 100]","[100, 100]","[100, 100]","[100, 100]","[100, 100]","[100, 100]","[100, 100]","[100, 100]",ok.png,"[0, -375]","[150, 100]",306,tray,16,1,m,1,1,1,1,0,0,0,0,0,0,0,1.54021775723,1.540217757225037,0,-68,-68,64,64,1,1,0,0,0,0,0,0,0,2.08791303635,2.087913036346436,0,7,7,-369,-369,193
12.png,24.png,02.png,05.png,07.png,03.png,tray1.png,25.png,18.png,14.png,13.png,27.png,06.png,22.png,09.png,17.png,"[-218, 241]","[-68, 241]","[82, 241]","[232, 241]","[-218, 91]","[-68, 91]","[82, 91]","[232, 91]","[-218, -59]","[-68, -59]","[82, -59]","[232, -59]","[-218, -209]","[-68, -209]","[82, -209]","[232, -209]","[100, 100]","[100, 100]","[100, 100]","[100, 100]","[100, 100]","[100, 100]","[100, 100]","[100, 100]","[100, 100]","[100, 100]","[100, 100]","[100, 100]","[100, 100]","[100, 100]","[100, 100]","[100, 100]",ok.png,"[0, -375]","[150, 100]",307,tray,16,1,m,1,1,1,1,0,0,0,0,0,0,0,1.29230844975,1.292308449745178,0,74,74,74,74,1,1,0,0,0,0,0,0,0,1.43634665012,1.436346650123596,0,24,24,-365,-365,354
13.png,05.png,33.png,07.png,20.png,15.png,27.png,tray1.png,30.png,17.png,25.png,31.png,09.png,01.png,33.png,22.png,"[-223, 205]","[-73, 205]","[77, 205]","[227, 205]","[-223, 55]","[-73, 55]","[77, 55]","[227, 55]","[-223, -95]","[-73, -95]","[77, -95]","[227, -95]","[-223, -245]","[-73, -245]","[77, -245]","[227, -245]","[100, 100]","[100, 100]","[100, 100]","[100, 100]","[100, 100]","[100, 100]","[100, 100]","[100, 100]","[100, 100]","[100, 100]","[100, 100]","[100, 100]","[100, 100]","[100, 100]","[100, 100]","[100, 100]",ok.png,"[0, -375]","[150, 100]",308,tray,16,1,m,1,1,1,1,0,0,0,0,0,0,0,1.3997604847,1.399760484695435,0,210,210,64,64,1,1,0,0,0,0,0,0,0,3.01297330856,3.012973308563232,0,12,12,-367,-367,221
07.png,10.png,13.png,16.png,02.png,08.png,04.png,06.png,tray1.png,29.png,23.png,27.png,21.png,25.png,31.png,33.png,"[-218, 240]","[-68, 240]","[82, 240]","[232, 240]","[-218, 90]","[-68, 90]","[82, 90]","[232, 90]","[-218, -60]","[-68, -60]","[82, -60]","[232, -60]","[-218, -210]","[-68, -210]","[82, -210]","[232, -210]","[100, 100]","[100, 100]","[100, 100]","[100, 100]","[100, 100]","[100, 100]","[100, 100]","[100, 100]","[100, 100]","[100, 100]","[100, 100]","[100, 100]","[100, 100]","[100, 100]","[100, 100]","[100, 100]",ok.png,"[0, -375]","[150, 100]",309,tray,16,1,m,1,1,1,1,0,0,0,0,0,0,0,1.20307433605,1.203074336051941,0,-202,-202,-68,-68,1,1,0,0,0,0,0,0,0,1.42321932316,1.423219323158264,0,8,8,-362,-362,429
09.png,07.png,05.png,03.png,14.png,16.png,18.png,20.png,22.png,tray1.png,24.png,26.png,21.png,27.png,32.png,30.png,"[-246, 232]","[-96, 232]","[54, 232]","[204, 232]","[-246, 82]","[-96, 82]","[54, 82]","[204, 82]","[-246, -68]","[-96, -68]","[54, -68]","[204, -68]","[-246, -218]","[-96, -218]","[54, -218]","[204, -218]","[100, 100]","[100, 100]","[100, 100]","[100, 100]","[100, 100]","[100, 100]","[100, 100]","[100, 100]","[100, 100]","[100, 100]","[100, 100]","[100, 100]","[100, 100]","[100, 100]","[100, 100]","[100, 100]",ok.png,"[0, -375]","[150, 100]",310,tray,16,1,m,1,1,1,1,0,0,0,0,0,0,0,1.71369433403,1.713694334030151,0,-83,-83,-47,-47,1,1,0,0,0,0,0,0,0,2.8980691433,2.898069143295288,0,9,9,-372,-372,368
05.png,14.png,33.png,31.png,13.png,10.png,34.png,32.png,16.png,19.png,tray1.png,21.png,24.png,27.png,18.png,01.png,"[-223, 232]","[-73, 232]","[77, 232]","[227, 232]","[-223, 82]","[-73, 82]","[77, 82]","[227, 82]","[-223, -68]","[-73, -68]","[77, -68]","[227, -68]","[-223, -218]","[-73, -218]","[77, -218]","[227, -218]","[100, 100]","[100, 100]","[100, 100]","[100, 100]","[100, 100]","[100, 100]","[100, 100]","[100, 100]","[100, 100]","[100, 100]","[100, 100]","[100, 100]","[100, 100]","[100, 100]","[100, 100]","[100, 100]",ok.png,"[0, -375]","[150, 100]",311,tray,16,1,m,1,1,1,1,0,0,0,0,0,0,0,1.14769375324,1.147693753242493,0,73,73,-65,-65,1,1,0,0,0,0,0,0,0,0.73025649786,0.7302564978599548,0,-1,-1,-345,-345,407
10.png,15.png,20.png,25.png,09.png,24.png,04.png,17.png,21.png,16.png,11.png,tray1.png,18.png,08.png,27.png,34.png,"[-212, 205]","[-62, 205]","[88, 205]","[238, 205]","[-212, 55]","[-62, 55]","[88, 55]","[238, 55]","[-212, -95]","[-62, -95]","[88, -95]","[238, -95]","[-212, -245]","[-62, -245]","[88, -245]","[238, -245]","[100, 100]","[100, 100]","[100, 100]","[100, 100]","[100, 100]","[100, 100]","[100, 100]","[100, 100]","[100, 100]","[100, 100]","[100, 100]","[100, 100]","[100, 100]","[100, 100]","[100, 100]","[100, 100]",ok.png,"[0, -375]","[150, 100]",312,tray,16,1,m,1,1,1,1,0,0,0,0,0,0,0,4.82786607742,4.827866077423096,0,253,253,-100,-100,1,1,0,0,0,0,0,0,0,1.33159971237,1.331599712371826,0,19,19,-360,-360,119
16.png,10.png,20.png,24.png,28.png,32.png,29.png,26.png,03.png,01.png,07.png,08.png,tray1.png,05.png,02.png,04.png,"[-225, 240]","[-75, 240]","[75, 240]","[225, 240]","[-225, 90]","[-75, 90]","[75, 90]","[225, 90]","[-225, -60]","[-75, -60]","[75, -60]","[225, -60]","[-225, -210]","[-75, -210]","[75, -210]","[225, -210]","[100, 100]","[100, 100]","[100, 100]","[100, 100]","[100, 100]","[100, 100]","[100, 100]","[100, 100]","[100, 100]","[100, 100]","[100, 100]","[100, 100]","[100, 100]","[100, 100]","[100, 100]","[100, 100]",ok.png,"[0, -375]","[150, 100]",313,tray,16,1,m,1,1,1,1,0,0,0,0,0,0,0,2.3645362854,2.364536285400391,0,-210,-210,-212,-212,1,1,0,0,0,0,0,0,0,2.50782203674,2.507822036743164,0,0,0,-367,-367,26
29.png,17.png,06.png,16.png,15.png,03.png,33.png,08.png,13.png,28.png,02.png,10.png,23.png,tray1.png,12.png,01.png,"[-221, 213]","[-71, 213]","[79, 213]","[229, 213]","[-221, 63]","[-71, 63]","[79, 63]","[229, 63]","[-221, -87]","[-71, -87]","[79, -87]","[229, -87]","[-221, -237]","[-71, -237]","[79, -237]","[229, -237]","[100, 100]","[100, 100]","[100, 100]","[100, 100]","[100, 100]","[100, 100]","[100, 100]","[100, 100]","[100, 100]","[100, 100]","[100, 100]","[100, 100]","[100, 100]","[100, 100]","[100, 100]","[100, 100]",ok.png,"[0, -375]","[150, 100]",314,tray,16,1,m,1,1,1,1,0,0,0,0,0,0,0,1.50721693039,1.507216930389404,0,-72,-72,-241,-241,1,1,0,0,0,0,0,0,0,0.931056141853,0.9310561418533324,0,22,22,-393,-393,326
32.png,30.png,08.png,16.png,14.png,06.png,04.png,33.png,27.png,23.png,17.png,13.png,07.png,03.png,tray1.png,24.png,"[-227, 225]","[-77, 225]","[73, 225]","[223, 225]","[-227, 75]","[-77, 75]","[73, 75]","[223, 75]","[-227, -75]","[-77, -75]","[73, -75]","[223, -75]","[-227, -225]","[-77, -225]","[73, -225]","[223, -225]","[100, 100]","[100, 100]","[100, 100]","[100, 100]","[100, 100]","[100, 100]","[100, 100]","[100, 100]","[100, 100]","[100, 100]","[100, 100]","[100, 100]","[100, 100]","[100, 100]","[100, 100]","[100, 100]",ok.png,"[0, -375]","[150, 100]",315,tray,16,1,m,1,1,1,1,0,0,0,0,0,0,0,1.52428781986,1.524287819862366,0,85,85,-233,-233,1,1,0,0,0,0,0,0,0,2.16630005836,2.166300058364868,0,5,5,-393,-393,102
04.png,20.png,30.png,02.png,12.png,16.png,03.png,04.png,24.png,23.png,33.png,27.png,14.png,07.png,17.png,tray1.png,"[-230, 248]","[-80, 248]","[70, 248]","[220, 248]","[-230, 98]","[-80, 98]","[70, 98]","[220, 98]","[-230, -52]","[-80, -52]","[70, -52]","[220, -52]","[-230, -202]","[-80, -202]","[70, -202]","[220, -202]","[100, 100]","[100, 100]","[100, 100]","[100, 100]","[100, 100]","[100, 100]","[100, 100]","[100, 100]","[100, 100]","[100, 100]","[100, 100]","[100, 100]","[100, 100]","[100, 100]","[100, 100]","[100, 100]",ok.png,"[0, -375]","[150, 100]",316,tray,16,1,m,1,1,1,1,0,0,0,0,0,0,0,2.58861112595,2.588611125946045,0,200,200,-197,-197,1,1,0,0,0,0,0,0,0,1.74005639553,1.740056395530701,0,-13,-13,-361,-361,173
03.png,19.png,29.png,09.png,25.png,02.png,32.png,11.png,12.png,22.png,16.png,31.png,13.png,04.png,tray1.png,18.png,"[-250, 245]","[-100, 245]","[50, 245]","[200, 245]","[-250, 95]","[-100, 95]","[50, 95]","[200, 95]","[-250, -55]","[-100, -55]","[50, -55]","[200, -55]","[-250, -205]","[-100, -205]","[50, -205]","[200, -205]","[100, 100]","[100, 100]","[100, 100]","[100, 100]","[100, 100]","[100, 100]","[100, 100]","[100, 100]","[100, 100]","[100, 100]","[100, 100]","[100, 100]","[100, 100]","[100, 100]","[100, 100]","[100, 100]",ok.png,"[0, -375]","[150, 100]",317,tray,16,1,m,1,1,1,1,0,0,0,0,0,0,0,1.5621329546,1.562132954597473,0,47,47,-198,-198,1,1,0,0,0,0,0,0,0,1.87479829788,1.87479829788208,0,-15,-15,-382,-382,359
16.png,13.png,11.png,05.png,21.png,30.png,07.png,23.png,01.png,27.png,28.png,25.png,03.png,tray1.png,08.png,15.png,"[-246, 214]","[-96, 214]","[54, 214]","[204, 214]","[-246, 64]","[-96, 64]","[54, 64]","[204, 64]","[-246, -86]","[-96, -86]","[54, -86]","[204, -86]","[-246, -236]","[-96, -236]","[54, -236]","[204, -236]","[100, 100]","[100, 100]","[100, 100]","[100, 100]","[100, 100]","[100, 100]","[100, 100]","[100, 100]","[100, 100]","[100, 100]","[100, 100]","[100, 100]","[100, 100]","[100, 100]","[100, 100]","[100, 100]",ok.png,"[0, -375]","[150, 100]",318,tray,16,1,m,1,1,1,1,0,0,0,0,0,0,0,1.67417001724,1.674170017242432,0,-102,-102,-240,-240,1,1,0,0,0,0,0,0,0,3.23026943207,3.230269432067871,0,27,27,-375,-375,217
06.png,21.png,15.png,17.png,20.png,05.png,16.png,28.png,29.png,09.png,02.png,23.png,tray1.png,14.png,07.png,32.png,"[-206, 229]","[-56, 229]","[94, 229]","[244, 229]","[-206, 79]","[-56, 79]","[94, 79]","[244, 79]","[-206, -71]","[-56, -71]","[94, -71]","[244, -71]","[-206, -221]","[-56, -221]","[94, -221]","[244, -221]","[100, 100]","[100, 100]","[100, 100]","[100, 100]","[100, 100]","[100, 100]","[100, 100]","[100, 100]","[100, 100]","[100, 100]","[100, 100]","[100, 100]","[100, 100]","[100, 100]","[100, 100]","[100, 100]",ok.png,"[0, -375]","[150, 100]",319,tray,16,1,m,1,1,1,1,0,0,0,0,0,0,0,1.9149633646,1.914963364601135,0,-212,-212,-233,-233,1,1,0,0,0,0,0,0,0,1.63612580299,1.636125802993774,0,-17,-17,-377,-377,434
06.png,11.png,01.png,28.png,12.png,17.png,19.png,34.png,15.png,30.png,08.png,tray1.png,31.png,21.png,32.png,03.png,"[-240, 244]","[-90, 244]","[60, 244]","[210, 244]","[-240, 94]","[-90, 94]","[60, 94]","[210, 94]","[-240, -56]","[-90, -56]","[60, -56]","[210, -56]","[-240, -206]","[-90, -206]","[60, -206]","[210, -206]","[100, 100]","[100, 100]","[100, 100]","[100, 100]","[100, 100]","[100, 100]","[100, 100]","[100, 100]","[100, 100]","[100, 100]","[100, 100]","[100, 100]","[100, 100]","[100, 100]","[100, 100]","[100, 100]",ok.png,"[0, -375]","[150, 100]",320,tray,16,1,m,1,1,1,1,0,0,0,0,0,0,0,1.08622825146,1.086228251457214,0,186,186,-63,-63,1,1,0,0,0,0,0,0,0,1.18152523041,1.181525230407715,0,31,31,-363,-363,387
09.png,03.png,12.png,04.png,32.png,31.png,24.png,27.png,07.png,09.png,tray1.png,10.png,13.png,16.png,22.png,28.png,"[-249, 209]","[-99, 209]","[51, 209]","[201, 209]","[-249, 59]","[-99, 59]","[51, 59]","[201, 59]","[-249, -91]","[-99, -91]","[51, -91]","[201, -91]","[-249, -241]","[-99, -241]","[51, -241]","[201, -241]","[100, 100]","[100, 100]","[100, 100]","[100, 100]","[100, 100]","[100, 100]","[100, 100]","[100, 100]","[100, 100]","[100, 100]","[100, 100]","[100, 100]","[100, 100]","[100, 100]","[100, 100]","[100, 100]",ok.png,"[0, -375]","[150, 100]",321,tray,16,1,m,1,1,1,1,0,0,0,0,0,0,0,1.6886702776,1.68867027759552,0,47,47,-91,-91,1,1,0,0,0,0,0,0,0,2.92202830315,2.922028303146362,0,36,36,-367,-367,159
18.png,14.png,25.png,12.png,33.png,19.png,05.png,08.png,01.png,tray1.png,07.png,10.png,34.png,20.png,26.png,30.png,"[-220, 203]","[-70, 203]","[80, 203]","[230, 203]","[-220, 53]","[-70, 53]","[80, 53]","[230, 53]","[-220, -97]","[-70, -97]","[80, -97]","[230, -97]","[-220, -247]","[-70, -247]","[80, -247]","[230, -247]","[100, 100]","[100, 100]","[100, 100]","[100, 100]","[100, 100]","[100, 100]","[100, 100]","[100, 100]","[100, 100]","[100, 100]","[100, 100]","[100, 100]","[100, 100]","[100, 100]","[100, 100]","[100, 100]",ok.png,"[0, -375]","[150, 100]",322,tray,16,1,m,1,1,1,1,0,0,0,0,0,0,0,1.41381049156,1.41381049156189,0,-51,-51,-102,-102,1,1,0,0,0,0,0,0,0,2.1075193882,2.107519388198853,0,18,18,-389,-389,206
11.png,13.png,17.png,18.png,21.png,14.png,25.png,09.png,tray1.png,02.png,04.png,30.png,26.png,24.png,33.png,01.png,"[-225, 248]","[-75, 248]","[75, 248]","[225, 248]","[-225, 98]","[-75, 98]","[75, 98]","[225, 98]","[-225, -52]","[-75, -52]","[75, -52]","[225, -52]","[-225, -202]","[-75, -202]","[75, -202]","[225, -202]","[100, 100]","[100, 100]","[100, 100]","[100, 100]","[100, 100]","[100, 100]","[100, 100]","[100, 100]","[100, 100]","[100, 100]","[100, 100]","[100, 100]","[100, 100]","[100, 100]","[100, 100]","[100, 100]",ok.png,"[0, -375]","[150, 100]",323,tray,16,1,m,1,1,1,1,0,0,0,0,0,0,0,1.16421103477,1.16421103477478,0,-230,-230,-13,-13,1,1,0,0,0,0,0,0,0,4.83578920364,4.835789203643799,0,19,19,-377,-377,258
08.png,14.png,10.png,20.png,11.png,07.png,22.png,tray1.png,18.png,31.png,26.png,30.png,09.png,29.png,03.png,19.png,"[-229, 218]","[-79, 218]","[71, 218]","[221, 218]","[-229, 68]","[-79, 68]","[71, 68]","[221, 68]","[-229, -82]","[-79, -82]","[71, -82]","[221, -82]","[-229, -232]","[-79, -232]","[71, -232]","[221, -232]","[100, 100]","[100, 100]","[100, 100]","[100, 100]","[100, 100]","[100, 100]","[100, 100]","[100, 100]","[100, 100]","[100, 100]","[100, 100]","[100, 100]","[100, 100]","[100, 100]","[100, 100]","[100, 100]",ok.png,"[0, -375]","[150, 100]",324,tray,16,1,m,1,1,1,1,0,0,0,0,0,0,0,1.50487244129,1.504872441291809,0,212,212,87,87,1,1,0,0,0,0,0,0,0,3.02455353737,3.024553537368774,0,-9,-9,-365,-365,45
31.png,03.png,13.png,11.png,23.png,21.png,tray1.png,30.png,33.png,15.png,14.png,05.png,19.png,32.png,29.png,26.png,"[-234, 222]","[-84, 222]","[66, 222]","[216, 222]","[-234, 72]","[-84, 72]","[66, 72]","[216, 72]","[-234, -78]","[-84, -78]","[66, -78]","[216, -78]","[-234, -228]","[-84, -228]","[66, -228]","[216, -228]","[100, 100]","[100, 100]","[100, 100]","[100, 100]","[100, 100]","[100, 100]","[100, 100]","[100, 100]","[100, 100]","[100, 100]","[100, 100]","[100, 100]","[100, 100]","[100, 100]","[100, 100]","[100, 100]",ok.png,"[0, -375]","[150, 100]",325,tray,16,1,m,1,1,1,1,0,0,0,0,0,0,0,1.00692510605,1.006925106048584,0,53,53,68,68,1,1,0,0,0,0,0,0,0,2.84849858284,2.848498582839966,0,8,8,-364,-364,189
15.png,14.png,13.png,12.png,11.png,10.png,09.png,08.png,07.png,06.png,05.png,04.png,03.png,02.png,01.png,tray2.png,"[-209, 239]","[-59, 239]","[91, 239]","[241, 239]","[-209, 89]","[-59, 89]","[91, 89]","[241, 89]","[-209, -61]","[-59, -61]","[91, -61]","[241, -61]","[-209, -211]","[-59, -211]","[91, -211]","[241, -211]","[100, 100]","[100, 100]","[100, 100]","[100, 100]","[100, 100]","[100, 100]","[100, 100]","[100, 100]","[100, 100]","[100, 100]","[100, 100]","[100, 100]","[100, 100]","[100, 100]","[100, 100]","[100, 100]",ok.png,"[0, -375]","[150, 100]",326,tray,16,1,m,1,1,1,1,0,0,0,0,0,0,0,1.49179267883,1.491792678833008,0,232,232,-210,-210,1,1,0,0,0,0,0,0,0,0.603008627892,0.6030086278915405,0,5,5,-397,-397,393
23.png,22.png,31.png,32.png,33.png,34.png,14.png,15.png,13.png,12.png,11.png,10.png,01.png,09.png,tray2.png,08.png,"[-206, 226]","[-56, 226]","[94, 226]","[244, 226]","[-206, 76]","[-56, 76]","[94, 76]","[244, 76]","[-206, -74]","[-56, -74]","[94, -74]","[244, -74]","[-206, -224]","[-56, -224]","[94, -224]","[244, -224]","[100, 100]","[100, 100]","[100, 100]","[100, 100]","[100, 100]","[100, 100]","[100, 100]","[100, 100]","[100, 100]","[100, 100]","[100, 100]","[100, 100]","[100, 100]","[100, 100]","[100, 100]","[100, 100]",ok.png,"[0, -375]","[150, 100]",327,tray,16,1,m,1,1,1,1,0,0,0,0,0,0,0,3.00567507744,3.005675077438354,0,110,110,-265,-265,1,1,0,0,0,0,0,0,0,3.89915466309,3.899154663085938,0,19,19,-369,-369,142
27.png,30.png,25.png,24.png,23.png,22.png,21.png,20.png,19.png,18.png,17.png,16.png,15.png,tray2.png,06.png,05.png,"[-232, 226]","[-82, 226]","[68, 226]","[218, 226]","[-232, 76]","[-82, 76]","[68, 76]","[218, 76]","[-232, -74]","[-82, -74]","[68, -74]","[218, -74]","[-232, -224]","[-82, -224]","[68, -224]","[218, -224]","[100, 100]","[100, 100]","[100, 100]","[100, 100]","[100, 100]","[100, 100]","[100, 100]","[100, 100]","[100, 100]","[100, 100]","[100, 100]","[100, 100]","[100, 100]","[100, 100]","[100, 100]","[100, 100]",ok.png,"[0, -375]","[150, 100]",328,tray,16,1,m,1,1,1,1,0,0,0,0,0,0,0,2.14741206169,2.147412061691284,0,-83,-83,-199,-199,1,1,0,0,0,0,0,0,0,2.00375294685,2.003752946853638,0,-14,-14,-353,-353,18
33.png,32.png,30.png,29.png,08.png,02.png,31.png,27.png,26.png,28.png,12.png,03.png,tray2.png,24.png,23.png,22.png,"[-237, 217]","[-87, 217]","[63, 217]","[213, 217]","[-237, 67]","[-87, 67]","[63, 67]","[213, 67]","[-237, -83]","[-87, -83]","[63, -83]","[213, -83]","[-237, -233]","[-87, -233]","[63, -233]","[213, -233]","[100, 100]","[100, 100]","[100, 100]","[100, 100]","[100, 100]","[100, 100]","[100, 100]","[100, 100]","[100, 100]","[100, 100]","[100, 100]","[100, 100]","[100, 100]","[100, 100]","[100, 100]","[100, 100]",ok.png,"[0, -375]","[150, 100]",329,tray,16,1,m,1,1,1,1,0,0,0,0,0,0,0,1.42369174957,1.423691749572754,0,-247,-247,-242,-242,1,1,0,0,0,0,0,0,0,2.45261192322,2.452611923217773,0,-16,-16,-387,-387,262
28.png,26.png,24.png,22.png,01.png,34.png,33.png,32.png,31.png,30.png,29.png,tray2.png,08.png,06.png,04.png,02.png,"[-216, 234]","[-66, 234]","[84, 234]","[234, 234]","[-216, 84]","[-66, 84]","[84, 84]","[234, 84]","[-216, -66]","[-66, -66]","[84, -66]","[234, -66]","[-216, -216]","[-66, -216]","[84, -216]","[234, -216]","[100, 100]","[100, 100]","[100, 100]","[100, 100]","[100, 100]","[100, 100]","[100, 100]","[100, 100]","[100, 100]","[100, 100]","[100, 100]","[100, 100]","[100, 100]","[100, 100]","[100, 100]","[100, 100]",ok.png,"[0, -375]","[150, 100]",330,tray,16,1,m,1,1,1,1,0,0,0,0,0,0,0,1.06892776489,1.068927764892578,0,228,228,-63,-63,1,1,0,0,0,0,0,0,0,1.5082296133,1.508229613304138,0,3,3,-340,-340,432
32.png,30.png,23.png,17.png,29.png,09.png,15.png,06.png,26.png,11.png,tray2.png,04.png,27.png,07.png,34.png,01.png,"[-211, 250]","[-61, 250]","[89, 250]","[239, 250]","[-211, 100]","[-61, 100]","[89, 100]","[239, 100]","[-211, -50]","[-61, -50]","[89, -50]","[239, -50]","[-211, -200]","[-61, -200]","[89, -200]","[239, -200]","[100, 100]","[100, 100]","[100, 100]","[100, 100]","[100, 100]","[100, 100]","[100, 100]","[100, 100]","[100, 100]","[100, 100]","[100, 100]","[100, 100]","[100, 100]","[100, 100]","[100, 100]","[100, 100]",ok.png,"[0, -375]","[150, 100]",331,tray,16,1,m,1,1,1,1,0,0,0,0,0,0,0,1.18971443176,1.189714431762695,0,59,59,-48,-48,1,1,0,0,0,0,0,0,0,2.81323027611,2.813230276107788,0,27,27,-362,-362,241
17.png,09.png,22.png,06.png,27.png,13.png,14.png,18.png,25.png,tray2.png,03.png,07.png,05.png,02.png,24.png,12.png,"[-237, 200]","[-87, 200]","[63, 200]","[213, 200]","[-237, 50]","[-87, 50]","[63, 50]","[213, 50]","[-237, -100]","[-87, -100]","[63, -100]","[213, -100]","[-237, -250]","[-87, -250]","[63, -250]","[213, -250]","[100, 100]","[100, 100]","[100, 100]","[100, 100]","[100, 100]","[100, 100]","[100, 100]","[100, 100]","[100, 100]","[100, 100]","[100, 100]","[100, 100]","[100, 100]","[100, 100]","[100, 100]","[100, 100]",ok.png,"[0, -375]","[150, 100]",332,tray,16,1,m,1,1,1,1,0,0,0,0,0,0,0,1.29115509987,1.291155099868774,0,-67,-67,-123,-123,1,1,0,0,0,0,0,0,0,2.15596413612,2.155964136123657,0,-1,-1,-364,-364,66
22.png,33.png,01.png,09.png,31.png,25.png,17.png,30.png,tray2.png,27.png,15.png,20.png,07.png,33.png,05.png,13.png,"[-206, 206]","[-56, 206]","[94, 206]","[244, 206]","[-206, 56]","[-56, 56]","[94, 56]","[244, 56]","[-206, -94]","[-56, -94]","[94, -94]","[244, -94]","[-206, -244]","[-56, -244]","[94, -244]","[244, -244]","[100, 100]","[100, 100]","[100, 100]","[100, 100]","[100, 100]","[100, 100]","[100, 100]","[100, 100]","[100, 100]","[100, 100]","[100, 100]","[100, 100]","[100, 100]","[100, 100]","[100, 100]","[100, 100]",ok.png,"[0, -375]","[150, 100]",333,tray,16,1,m,1,1,1,1,0,0,0,0,0,0,0,1.62427008152,1.624270081520081,0,-203,-203,-106,-106,1,1,0,0,0,0,0,0,0,3.84552240372,3.845522403717041,0,5,5,-357,-357,122
33.png,31.png,25.png,21.png,27.png,23.png,29.png,tray2.png,06.png,04.png,08.png,02.png,16.png,13.png,10.png,07.png,"[-240, 221]","[-90, 221]","[60, 221]","[210, 221]","[-240, 71]","[-90, 71]","[60, 71]","[210, 71]","[-240, -79]","[-90, -79]","[60, -79]","[210, -79]","[-240, -229]","[-90, -229]","[60, -229]","[210, -229]","[100, 100]","[100, 100]","[100, 100]","[100, 100]","[100, 100]","[100, 100]","[100, 100]","[100, 100]","[100, 100]","[100, 100]","[100, 100]","[100, 100]","[100, 100]","[100, 100]","[100, 100]","[100, 100]",ok.png,"[0, -375]","[150, 100]",334,tray,16,1,m,1,1,1,1,0,0,0,0,0,0,0,1.50635278225,1.506352782249451,0,210,210,95,95,1,1,0,0,0,0,0,0,0,2.29933381081,2.299333810806274,0,28,28,-347,-347,19
30.png,32.png,27.png,21.png,26.png,24.png,tray2.png,22.png,20.png,18.png,16.png,14.png,03.png,05.png,07.png,09.png,"[-223, 243]","[-73, 243]","[77, 243]","[227, 243]","[-223, 93]","[-73, 93]","[77, 93]","[227, 93]","[-223, -57]","[-73, -57]","[77, -57]","[227, -57]","[-223, -207]","[-73, -207]","[77, -207]","[227, -207]","[100, 100]","[100, 100]","[100, 100]","[100, 100]","[100, 100]","[100, 100]","[100, 100]","[100, 100]","[100, 100]","[100, 100]","[100, 100]","[100, 100]","[100, 100]","[100, 100]","[100, 100]","[100, 100]",ok.png,"[0, -375]","[150, 100]",335,tray,16,1,m,1,1,1,1,0,0,0,0,0,0,0,1.01368701458,1.013687014579773,0,50,50,93,93,1,1,0,0,0,0,0,0,0,1.92766344547,1.927663445472717,0,17,17,-400,-400,408
01.png,18.png,27.png,24.png,21.png,tray2.png,19.png,16.png,32.png,34.png,10.png,13.png,31.png,33.png,14.png,05.png,"[-241, 240]","[-91, 240]","[59, 240]","[209, 240]","[-241, 90]","[-91, 90]","[59, 90]","[209, 90]","[-241, -60]","[-91, -60]","[59, -60]","[209, -60]","[-241, -210]","[-91, -210]","[59, -210]","[209, -210]","[100, 100]","[100, 100]","[100, 100]","[100, 100]","[100, 100]","[100, 100]","[100, 100]","[100, 100]","[100, 100]","[100, 100]","[100, 100]","[100, 100]","[100, 100]","[100, 100]","[100, 100]","[100, 100]",ok.png,"[0, -375]","[150, 100]",336,tray,16,1,m,1,1,1,1,0,0,0,0,0,0,0,1.07352304459,1.073523044586182,0,-101,-101,86,86,1,1,0,0,0,0,0,0,0,6.10874843597,6.108748435974121,0,-9,-9,-393,-393,224
34.png,27.png,08.png,18.png,tray2.png,11.png,16.png,21.png,17.png,04.png,24.png,09.png,25.png,20.png,15.png,10.png,"[-238, 200]","[-88, 200]","[62, 200]","[212, 200]","[-238, 50]","[-88, 50]","[62, 50]","[212, 50]","[-238, -100]","[-88, -100]","[62, -100]","[212, -100]","[-238, -250]","[-88, -250]","[62, -250]","[212, -250]","[100, 100]","[100, 100]","[100, 100]","[100, 100]","[100, 100]","[100, 100]","[100, 100]","[100, 100]","[100, 100]","[100, 100]","[100, 100]","[100, 100]","[100, 100]","[100, 100]","[100, 100]","[100, 100]",ok.png,"[0, -375]","[150, 100]",337,tray,16,1,m,1,1,1,1,0,0,0,0,0,0,0,0.990819990635,0.9908199906349182,0,-222,-222,58,58,1,1,0,0,0,0,0,0,0,1.92100989819,1.92100989818573,0,12,12,-389,-389,402
04.png,02.png,05.png,tray2.png,08.png,07.png,01.png,03.png,26.png,29.png,32.png,28.png,24.png,20.png,10.png,16.png,"[-243, 223]","[-93, 223]","[57, 223]","[207, 223]","[-243, 73]","[-93, 73]","[57, 73]","[207, 73]","[-243, -77]","[-93, -77]","[57, -77]","[207, -77]","[-243, -227]","[-93, -227]","[57, -227]","[207, -227]","[100, 100]","[100, 100]","[100, 100]","[100, 100]","[100, 100]","[100, 100]","[100, 100]","[100, 100]","[100, 100]","[100, 100]","[100, 100]","[100, 100]","[100, 100]","[100, 100]","[100, 100]","[100, 100]",ok.png,"[0, -375]","[150, 100]",338,tray,16,1,m,1,1,1,1,0,0,0,0,0,0,0,1.13307440281,1.133074402809143,0,221,221,223,223,1,1,0,0,0,0,0,0,0,3.616959095,3.616959095001221,0,34,34,-374,-374,106
01.png,12.png,tray2.png,23.png,10.png,02.png,28.png,13.png,08.png,33.png,03.png,15.png,16.png,06.png,17.png,29.png,"[-241, 208]","[-91, 208]","[59, 208]","[209, 208]","[-241, 58]","[-91, 58]","[59, 58]","[209, 58]","[-241, -92]","[-91, -92]","[59, -92]","[209, -92]","[-241, -242]","[-91, -242]","[59, -242]","[209, -242]","[100, 100]","[100, 100]","[100, 100]","[100, 100]","[100, 100]","[100, 100]","[100, 100]","[100, 100]","[100, 100]","[100, 100]","[100, 100]","[100, 100]","[100, 100]","[100, 100]","[100, 100]","[100, 100]",ok.png,"[0, -375]","[150, 100]",339,tray,16,1,m,1,1,1,1,0,0,0,0,0,0,0,1.1815795898400001,1.18157958984375,0,35,35,201,201,1,1,0,0,0,0,0,0,0,1.76123273373,1.761232733726501,0,9,9,-384,-384,423
24.png,tray2.png,03.png,07.png,13.png,17.png,23.png,27.png,33.png,04.png,06.png,14.png,16.png,08.png,30.png,32.png,"[-217, 236]","[-67, 236]","[83, 236]","[233, 236]","[-217, 86]","[-67, 86]","[83, 86]","[233, 86]","[-217, -64]","[-67, -64]","[83, -64]","[233, -64]","[-217, -214]","[-67, -214]","[83, -214]","[233, -214]","[100, 100]","[100, 100]","[100, 100]","[100, 100]","[100, 100]","[100, 100]","[100, 100]","[100, 100]","[100, 100]","[100, 100]","[100, 100]","[100, 100]","[100, 100]","[100, 100]","[100, 100]","[100, 100]",ok.png,"[0, -375]","[150, 100]",340,tray,16,1,m,1,1,1,1,0,0,0,0,0,0,0,1.2583527565,1.258352756500244,0,-54,-54,227,227,1,1,0,0,0,0,0,0,0,2.70306181908,2.703061819076538,0,11,11,-354,-354,279
tray2.png,17.png,07.png,14.png,27.png,33.png,23.png,24.png,04.png,03.png,16.png,12.png,02.png,30.png,20.png,04.png,"[-204, 247]","[-54, 247]","[96, 247]","[246, 247]","[-204, 97]","[-54, 97]","[96, 97]","[246, 97]","[-204, -53]","[-54, -53]","[96, -53]","[246, -53]","[-204, -203]","[-54, -203]","[96, -203]","[246, -203]","[100, 100]","[100, 100]","[100, 100]","[100, 100]","[100, 100]","[100, 100]","[100, 100]","[100, 100]","[100, 100]","[100, 100]","[100, 100]","[100, 100]","[100, 100]","[100, 100]","[100, 100]","[100, 100]",ok.png,"[0, -375]","[150, 100]",341,tray,16,1,m,1,1,1,1,0,0,0,0,0,0,0,1.01474893093,1.014748930931091,0,-188,-188,256,256,1,1,0,0,0,0,0,0,0,2.79974770546,2.799747705459595,0,6,6,-387,-387,323
18.png,tray2.png,04.png,13.png,31.png,16.png,22.png,12.png,11.png,32.png,02.png,25.png,09.png,29.png,19.png,03.png,"[-235, 205]","[-85, 205]","[65, 205]","[215, 205]","[-235, 55]","[-85, 55]","[65, 55]","[215, 55]","[-235, -95]","[-85, -95]","[65, -95]","[215, -95]","[-235, -245]","[-85, -245]","[65, -245]","[215, -245]","[100, 100]","[100, 100]","[100, 100]","[100, 100]","[100, 100]","[100, 100]","[100, 100]","[100, 100]","[100, 100]","[100, 100]","[100, 100]","[100, 100]","[100, 100]","[100, 100]","[100, 100]","[100, 100]",ok.png,"[0, -375]","[150, 100]",342,tray,16,1,m,1,1,1,1,0,0,0,0,0,0,0,1.23050415516,1.230504155158997,0,-76,-76,223,223,1,1,0,0,0,0,0,0,0,1.60276949406,1.602769494056702,0,13,13,-373,-373,366
15.png,08.png,tray2.png,03.png,25.png,28.png,27.png,01.png,23.png,07.png,30.png,21.png,05.png,11.png,13.png,16.png,"[-247, 231]","[-97, 231]","[53, 231]","[203, 231]","[-247, 81]","[-97, 81]","[53, 81]","[203, 81]","[-247, -69]","[-97, -69]","[53, -69]","[203, -69]","[-247, -219]","[-97, -219]","[53, -219]","[203, -219]","[100, 100]","[100, 100]","[100, 100]","[100, 100]","[100, 100]","[100, 100]","[100, 100]","[100, 100]","[100, 100]","[100, 100]","[100, 100]","[100, 100]","[100, 100]","[100, 100]","[100, 100]","[100, 100]",ok.png,"[0, -375]","[150, 100]",343,tray,16,1,m,1,1,1,1,0,0,0,0,0,0,0,1.35182905197,1.351829051971436,0,71,71,209,209,1,1,0,0,0,0,0,0,0,2.10407948494,2.104079484939575,0,31,31,-369,-369,139
32.png,07.png,14.png,tray2.png,23.png,02.png,09.png,29.png,28.png,16.png,05.png,20.png,17.png,15.png,21.png,06.png,"[-249, 209]","[-99, 209]","[51, 209]","[201, 209]","[-249, 59]","[-99, 59]","[51, 59]","[201, 59]","[-249, -91]","[-99, -91]","[51, -91]","[201, -91]","[-249, -241]","[-99, -241]","[51, -241]","[201, -241]","[100, 100]","[100, 100]","[100, 100]","[100, 100]","[100, 100]","[100, 100]","[100, 100]","[100, 100]","[100, 100]","[100, 100]","[100, 100]","[100, 100]","[100, 100]","[100, 100]","[100, 100]","[100, 100]",ok.png,"[0, -375]","[150, 100]",344,tray,16,1,m,1,1,1,1,0,0,0,0,0,0,0,1.28882157803,1.288821578025818,0,180,180,199,199,1,1,0,0,0,0,0,0,0,1.37415647507,1.374156475067139,0,22,22,-347,-347,342
03.png,32.png,21.png,31.png,tray2.png,08.png,30.png,15.png,34.png,19.png,17.png,12.png,28.png,01.png,11.png,06.png,"[-248, 231]","[-98, 231]","[52, 231]","[202, 231]","[-248, 81]","[-98, 81]","[52, 81]","[202, 81]","[-248, -69]","[-98, -69]","[52, -69]","[202, -69]","[-248, -219]","[-98, -219]","[52, -219]","[202, -219]","[100, 100]","[100, 100]","[100, 100]","[100, 100]","[100, 100]","[100, 100]","[100, 100]","[100, 100]","[100, 100]","[100, 100]","[100, 100]","[100, 100]","[100, 100]","[100, 100]","[100, 100]","[100, 100]",ok.png,"[0, -375]","[150, 100]",345,tray,16,1,m,1,1,1,1,0,0,0,0,0,0,0,1.13107514381,1.131075143814087,0,-233,-233,72,72,1,1,0,0,0,0,0,0,0,0.936212182045,0.9362121820449828,0,-11,-11,-347,-347,448
28.png,22.png,16.png,13.png,10.png,tray2.png,09.png,07.png,27.png,24.png,31.png,32.png,04.png,12.png,03.png,09.png,"[-249, 240]","[-99, 240]","[51, 240]","[201, 240]","[-249, 90]","[-99, 90]","[51, 90]","[201, 90]","[-249, -60]","[-99, -60]","[51, -60]","[201, -60]","[-249, -210]","[-99, -210]","[51, -210]","[201, -210]","[100, 100]","[100, 100]","[100, 100]","[100, 100]","[100, 100]","[100, 100]","[100, 100]","[100, 100]","[100, 100]","[100, 100]","[100, 100]","[100, 100]","[100, 100]","[100, 100]","[100, 100]","[100, 100]",ok.png,"[0, -375]","[150, 100]",346,tray,16,1,m,1,1,1,1,0,0,0,0,0,0,0,1.31786584854,1.31786584854126,0,-95,-95,102,102,1,1,0,0,0,0,0,0,0,3.18326973915,3.183269739151001,0,0,0,-366,-366,94
30.png,26.png,20.png,34.png,10.png,07.png,tray2.png,01.png,08.png,05.png,19.png,33.png,12.png,25.png,14.png,18.png,"[-235, 214]","[-85, 214]","[65, 214]","[215, 214]","[-235, 64]","[-85, 64]","[65, 64]","[215, 64]","[-235, -86]","[-85, -86]","[65, -86]","[215, -86]","[-235, -236]","[-85, -236]","[65, -236]","[215, -236]","[100, 100]","[100, 100]","[100, 100]","[100, 100]","[100, 100]","[100, 100]","[100, 100]","[100, 100]","[100, 100]","[100, 100]","[100, 100]","[100, 100]","[100, 100]","[100, 100]","[100, 100]","[100, 100]",ok.png,"[0, -375]","[150, 100]",347,tray,16,1,m,1,1,1,1,0,0,0,0,0,0,0,1.30370092392,1.303700923919678,0,81,81,61,61,1,1,0,0,0,0,0,0,0,2.38983082771,2.389830827713013,0,0,0,-387,-387,360
01.png,33.png,24.png,26.png,30.png,04.png,02.png,tray2.png,09.png,25.png,14.png,21.png,18.png,17.png,13.png,11.png,"[-242, 213]","[-92, 213]","[58, 213]","[208, 213]","[-242, 63]","[-92, 63]","[58, 63]","[208, 63]","[-242, -87]","[-92, -87]","[58, -87]","[208, -87]","[-242, -237]","[-92, -237]","[58, -237]","[208, -237]","[100, 100]","[100, 100]","[100, 100]","[100, 100]","[100, 100]","[100, 100]","[100, 100]","[100, 100]","[100, 100]","[100, 100]","[100, 100]","[100, 100]","[100, 100]","[100, 100]","[100, 100]","[100, 100]",ok.png,"[0, -375]","[150, 100]",348,tray,16,1,m,1,1,1,1,0,0,0,0,0,0,0,1.13401770592,1.134017705917358,0,207,207,53,53,1,1,0,0,0,0,0,0,0,2.06051468849,2.060514688491821,0,12,12,-351,-351,296
19.png,03.png,29.png,09.png,30.png,26.png,31.png,18.png,tray2.png,22.png,07.png,11.png,20.png,10.png,14.png,08.png,"[-225, 213]","[-75, 213]","[75, 213]","[225, 213]","[-225, 63]","[-75, 63]","[75, 63]","[225, 63]","[-225, -87]","[-75, -87]","[75, -87]","[225, -87]","[-225, -237]","[-75, -237]","[75, -237]","[225, -237]","[100, 100]","[100, 100]","[100, 100]","[100, 100]","[100, 100]","[100, 100]","[100, 100]","[100, 100]","[100, 100]","[100, 100]","[100, 100]","[100, 100]","[100, 100]","[100, 100]","[100, 100]","[100, 100]",ok.png,"[0, -375]","[150, 100]",349,tray,16,1,m,1,1,1,1,0,0,0,0,0,0,0,1.32207798958,1.322077989578247,0,-226,-226,-90,-90,1,1,0,0,0,0,0,0,0,1.32452988625,1.324529886245728,0,-34,-34,-374,-374,411
26.png,29.png,32.png,19.png,05.png,14.png,15.png,33.png,30.png,tray2.png,21.png,23.png,11.png,13.png,03.png,31.png,"[-250, 249]","[-100, 249]","[50, 249]","[200, 249]","[-250, 99]","[-100, 99]","[50, 99]","[200, 99]","[-250, -51]","[-100, -51]","[50, -51]","[200, -51]","[-250, -201]","[-100, -201]","[50, -201]","[200, -201]","[100, 100]","[100, 100]","[100, 100]","[100, 100]","[100, 100]","[100, 100]","[100, 100]","[100, 100]","[100, 100]","[100, 100]","[100, 100]","[100, 100]","[100, 100]","[100, 100]","[100, 100]","[100, 100]",ok.png,"[0, -375]","[150, 100]",350,tray,16,1,m,1,1,1,1,0,0,0,0,0,0,0,1.44880545139,1.448805451393127,0,-74,-74,-56,-56,1,1,0,0,0,0,0,0,0,0.931199848652,0.931199848651886,0,-35,-35,-395,-395,430
dots1.png,01.png,02.png,03.png,04.png,05.png,06.png,07.png,08.png,09.png,10.png,11.png,12.png,13.png,14.png,15.png,"[-235, 246]","[-85, 246]","[65, 246]","[215, 246]","[-235, 96]","[-85, 96]","[65, 96]","[215, 96]","[-235, -54]","[-85, -54]","[65, -54]","[215, -54]","[-235, -204]","[-85, -204]","[65, -204]","[215, -204]","[100, 100]","[100, 100]","[100, 100]","[100, 100]","[100, 100]","[100, 100]","[100, 100]","[100, 100]","[100, 100]","[100, 100]","[100, 100]","[100, 100]","[100, 100]","[100, 100]","[100, 100]","[100, 100]",ok.png,"[0, -375]","[150, 100]",351,dots,16,2,m,1,1,1,1,0,0,0,0,0,0,0,3.01414227486,3.014142274856567,0,-252,-252,237,237,1,1,0,0,0,0,0,0,0,1.91437184811,1.914371848106384,0,12,12,-385,-385,263
08.png,dots1.png,09.png,01.png,10.png,11.png,12.png,13.png,15.png,14.png,34.png,33.png,32.png,31.png,22.png,23.png,"[-225, 223]","[-75, 223]","[75, 223]","[225, 223]","[-225, 73]","[-75, 73]","[75, 73]","[225, 73]","[-225, -77]","[-75, -77]","[75, -77]","[225, -77]","[-225, -227]","[-75, -227]","[75, -227]","[225, -227]","[100, 100]","[100, 100]","[100, 100]","[100, 100]","[100, 100]","[100, 100]","[100, 100]","[100, 100]","[100, 100]","[100, 100]","[100, 100]","[100, 100]","[100, 100]","[100, 100]","[100, 100]","[100, 100]",ok.png,"[0, -375]","[150, 100]",352,dots,16,2,m,1,1,1,1,0,0,0,0,0,0,0,1.08197128773,1.081971287727356,0,-46,-46,241,241,1,1,0,0,0,0,0,0,0,4.13989162445,4.139891624450684,0,8,8,-378,-378,239
05.png,06.png,dots1.png,15.png,16.png,17.png,18.png,19.png,20.png,21.png,22.png,23.png,24.png,25.png,30.png,27.png,"[-226, 234]","[-76, 234]","[74, 234]","[224, 234]","[-226, 84]","[-76, 84]","[74, 84]","[224, 84]","[-226, -66]","[-76, -66]","[74, -66]","[224, -66]","[-226, -216]","[-76, -216]","[74, -216]","[224, -216]","[100, 100]","[100, 100]","[100, 100]","[100, 100]","[100, 100]","[100, 100]","[100, 100]","[100, 100]","[100, 100]","[100, 100]","[100, 100]","[100, 100]","[100, 100]","[100, 100]","[100, 100]","[100, 100]",ok.png,"[0, -375]","[150, 100]",353,dots,16,2,m,1,1,1,1,0,0,0,0,0,0,0,2.01175713539,2.011757135391235,0,81,81,228,228,1,1,0,0,0,0,0,0,0,2.47589874268,2.475898742675781,0,3,3,-367,-367,46
22.png,23.png,24.png,dots1.png,03.png,12.png,25.png,26.png,02.png,08.png,27.png,28.png,29.png,30.png,31.png,32.png,"[-241, 225]","[-91, 225]","[59, 225]","[209, 225]","[-241, 75]","[-91, 75]","[59, 75]","[209, 75]","[-241, -75]","[-91, -75]","[59, -75]","[209, -75]","[-241, -225]","[-91, -225]","[59, -225]","[209, -225]","[100, 100]","[100, 100]","[100, 100]","[100, 100]","[100, 100]","[100, 100]","[100, 100]","[100, 100]","[100, 100]","[100, 100]","[100, 100]","[100, 100]","[100, 100]","[100, 100]","[100, 100]","[100, 100]",ok.png,"[0, -375]","[150, 100]",354,dots,16,2,m,1,1,1,1,0,0,0,0,0,0,0,3.96883249283,3.968832492828369,0,207,207,205,205,1,1,0,0,0,0,0,0,0,2.52775335312,2.527753353118896,0,1,1,-371,-371,205
02.png,04.png,06.png,08.png,dots1.png,29.png,30.png,31.png,32.png,33.png,34.png,01.png,22.png,24.png,26.png,28.png,"[-247, 209]","[-97, 209]","[53, 209]","[203, 209]","[-247, 59]","[-97, 59]","[53, 59]","[203, 59]","[-247, -91]","[-97, -91]","[53, -91]","[203, -91]","[-247, -241]","[-97, -241]","[53, -241]","[203, -241]","[100, 100]","[100, 100]","[100, 100]","[100, 100]","[100, 100]","[100, 100]","[100, 100]","[100, 100]","[100, 100]","[100, 100]","[100, 100]","[100, 100]","[100, 100]","[100, 100]","[100, 100]","[100, 100]",ok.png,"[0, -375]","[150, 100]",355,dots,16,2,m,1,1,1,1,0,0,0,0,0,0,0,1.21391153336,1.213911533355713,0,-218,-218,52,52,1,1,0,0,0,0,0,0,0,3.4439291954,3.443929195404053,0,22,22,-382,-382,79
01.png,34.png,07.png,27.png,04.png,dots1.png,11.png,26.png,06.png,15.png,09.png,29.png,17.png,23.png,30.png,32.png,"[-204, 231]","[-54, 231]","[96, 231]","[246, 231]","[-204, 81]","[-54, 81]","[96, 81]","[246, 81]","[-204, -69]","[-54, -69]","[96, -69]","[246, -69]","[-204, -219]","[-54, -219]","[96, -219]","[246, -219]","[100, 100]","[100, 100]","[100, 100]","[100, 100]","[100, 100]","[100, 100]","[100, 100]","[100, 100]","[100, 100]","[100, 100]","[100, 100]","[100, 100]","[100, 100]","[100, 100]","[100, 100]","[100, 100]",ok.png,"[0, -375]","[150, 100]",356,dots,16,2,m,1,1,1,1,0,0,0,0,0,0,0,1.31963765621,1.319637656211853,0,-50,-50,96,96,1,1,0,0,0,0,0,0,0,2.24100375175,2.241003751754761,0,16,16,-372,-372,292
12.png,24.png,02.png,05.png,07.png,03.png,dots1.png,25.png,18.png,14.png,13.png,27.png,06.png,22.png,09.png,17.png,"[-201, 237]","[-51, 237]","[99, 237]","[249, 237]","[-201, 87]","[-51, 87]","[99, 87]","[249, 87]","[-201, -63]","[-51, -63]","[99, -63]","[249, -63]","[-201, -213]","[-51, -213]","[99, -213]","[249, -213]","[100, 100]","[100, 100]","[100, 100]","[100, 100]","[100, 100]","[100, 100]","[100, 100]","[100, 100]","[100, 100]","[100, 100]","[100, 100]","[100, 100]","[100, 100]","[100, 100]","[100, 100]","[100, 100]",ok.png,"[0, -375]","[150, 100]",357,dots,16,2,m,1,1,1,1,0,0,0,0,0,0,0,1.75687682629,1.756876826286316,0,103,103,61,61,1,1,0,0,0,0,0,0,0,2.52387285233,2.523872852325439,0,13,13,-371,-371,110
13.png,05.png,33.png,07.png,20.png,15.png,27.png,dots1.png,30.png,17.png,25.png,31.png,09.png,01.png,33.png,22.png,"[-215, 206]","[-65, 206]","[85, 206]","[235, 206]","[-215, 56]","[-65, 56]","[85, 56]","[235, 56]","[-215, -94]","[-65, -94]","[85, -94]","[235, -94]","[-215, -244]","[-65, -244]","[85, -244]","[235, -244]","[100, 100]","[100, 100]","[100, 100]","[100, 100]","[100, 100]","[100, 100]","[100, 100]","[100, 100]","[100, 100]","[100, 100]","[100, 100]","[100, 100]","[100, 100]","[100, 100]","[100, 100]","[100, 100]",ok.png,"[0, -375]","[150, 100]",358,dots,16,2,m,1,1,1,1,0,0,0,0,0,0,0,1.4265717268,1.426571726799011,0,216,216,50,50,1,1,0,0,0,0,0,0,0,1.65957295895,1.659572958946228,0,12,12,-360,-360,377
07.png,10.png,13.png,16.png,02.png,08.png,04.png,06.png,dots1.png,29.png,23.png,27.png,21.png,25.png,31.png,33.png,"[-205, 232]","[-55, 232]","[95, 232]","[245, 232]","[-205, 82]","[-55, 82]","[95, 82]","[245, 82]","[-205, -68]","[-55, -68]","[95, -68]","[245, -68]","[-205, -218]","[-55, -218]","[95, -218]","[245, -218]","[100, 100]","[100, 100]","[100, 100]","[100, 100]","[100, 100]","[100, 100]","[100, 100]","[100, 100]","[100, 100]","[100, 100]","[100, 100]","[100, 100]","[100, 100]","[100, 100]","[100, 100]","[100, 100]",ok.png,"[0, -375]","[150, 100]",359,dots,16,2,m,1,1,1,1,0,0,0,0,0,0,0,1.00806295872,1.008062958717346,0,-236,-236,-64,-64,1,1,0,0,0,0,0,0,0,3.5547952652,3.554795265197754,0,17,17,-376,-376,83
09.png,07.png,05.png,03.png,14.png,16.png,18.png,20.png,22.png,dots1.png,24.png,26.png,21.png,27.png,32.png,30.png,"[-218, 218]","[-68, 218]","[82, 218]","[232, 218]","[-218, 68]","[-68, 68]","[82, 68]","[232, 68]","[-218, -82]","[-68, -82]","[82, -82]","[232, -82]","[-218, -232]","[-68, -232]","[82, -232]","[232, -232]","[100, 100]","[100, 100]","[100, 100]","[100, 100]","[100, 100]","[100, 100]","[100, 100]","[100, 100]","[100, 100]","[100, 100]","[100, 100]","[100, 100]","[100, 100]","[100, 100]","[100, 100]","[100, 100]",ok.png,"[0, -375]","[150, 100]",360,dots,16,2,m,1,1,1,1,0,0,0,0,0,0,0,1.01101028919,1.0110102891922,0,-59,-59,-69,-69,1,1,0,0,0,0,0,0,0,4.80636882782,4.806368827819824,0,-9,-9,-381,-381,233
05.png,14.png,33.png,31.png,13.png,10.png,34.png,32.png,16.png,19.png,dots1.png,21.png,24.png,27.png,18.png,01.png,"[-222, 206]","[-72, 206]","[78, 206]","[228, 206]","[-222, 56]","[-72, 56]","[78, 56]","[228, 56]","[-222, -94]","[-72, -94]","[78, -94]","[228, -94]","[-222, -244]","[-72, -244]","[78, -244]","[228, -244]","[100, 100]","[100, 100]","[100, 100]","[100, 100]","[100, 100]","[100, 100]","[100, 100]","[100, 100]","[100, 100]","[100, 100]","[100, 100]","[100, 100]","[100, 100]","[100, 100]","[100, 100]","[100, 100]",ok.png,"[0, -375]","[150, 100]",361,dots,16,2,m,1,1,1,1,0,0,0,0,0,0,0,0.978406012058,0.978406012058258,0,52,52,-77,-77,1,1,0,0,0,0,0,0,0,2.97787737846,2.977877378463745,0,11,11,-374,-374,436
10.png,15.png,20.png,25.png,09.png,24.png,04.png,17.png,21.png,16.png,11.png,dots1.png,18.png,08.png,27.png,34.png,"[-247, 224]","[-97, 224]","[53, 224]","[203, 224]","[-247, 74]","[-97, 74]","[53, 74]","[203, 74]","[-247, -76]","[-97, -76]","[53, -76]","[203, -76]","[-247, -226]","[-97, -226]","[53, -226]","[203, -226]","[100, 100]","[100, 100]","[100, 100]","[100, 100]","[100, 100]","[100, 100]","[100, 100]","[100, 100]","[100, 100]","[100, 100]","[100, 100]","[100, 100]","[100, 100]","[100, 100]","[100, 100]","[100, 100]",ok.png,"[0, -375]","[150, 100]",362,dots,16,2,m,1,1,1,1,0,0,0,0,0,0,0,1.1625367403,1.16253674030304,0,234,234,-83,-83,1,1,0,0,0,0,0,0,0,1.17086112499,1.170861124992371,0,31,31,-381,-381,413
16.png,10.png,20.png,24.png,28.png,32.png,29.png,26.png,03.png,01.png,07.png,08.png,dots1.png,05.png,02.png,04.png,"[-214, 208]","[-64, 208]","[86, 208]","[236, 208]","[-214, 58]","[-64, 58]","[86, 58]","[236, 58]","[-214, -92]","[-64, -92]","[86, -92]","[236, -92]","[-214, -242]","[-64, -242]","[86, -242]","[236, -242]","[100, 100]","[100, 100]","[100, 100]","[100, 100]","[100, 100]","[100, 100]","[100, 100]","[100, 100]","[100, 100]","[100, 100]","[100, 100]","[100, 100]","[100, 100]","[100, 100]","[100, 100]","[100, 100]",ok.png,"[0, -375]","[150, 100]",363,dots,16,2,m,1,1,1,1,0,0,0,0,0,0,0,1.90455412865,1.904554128646851,0,-189,-189,-233,-233,1,1,0,0,0,0,0,0,0,2.07285547256,2.072855472564697,0,-10,-10,-372,-372,228
29.png,17.png,06.png,16.png,15.png,03.png,33.png,08.png,13.png,28.png,02.png,10.png,23.png,dots1.png,12.png,01.png,"[-200, 201]","[-50, 201]","[100, 201]","[250, 201]","[-200, 51]","[-50, 51]","[100, 51]","[250, 51]","[-200, -99]","[-50, -99]","[100, -99]","[250, -99]","[-200, -249]","[-50, -249]","[100, -249]","[250, -249]","[100, 100]","[100, 100]","[100, 100]","[100, 100]","[100, 100]","[100, 100]","[100, 100]","[100, 100]","[100, 100]","[100, 100]","[100, 100]","[100, 100]","[100, 100]","[100, 100]","[100, 100]","[100, 100]",ok.png,"[0, -375]","[150, 100]",364,dots,16,2,m,1,1,1,1,0,0,0,0,0,0,0,1.74284636974,1.742846369743347,0,-52,-52,-233,-233,1,1,0,0,0,0,0,0,0,2.44726967812,2.447269678115845,0,-24,-24,-368,-368,226
32.png,30.png,08.png,16.png,14.png,06.png,04.png,33.png,27.png,23.png,17.png,13.png,07.png,03.png,dots1.png,24.png,"[-233, 208]","[-83, 208]","[67, 208]","[217, 208]","[-233, 58]","[-83, 58]","[67, 58]","[217, 58]","[-233, -92]","[-83, -92]","[67, -92]","[217, -92]","[-233, -242]","[-83, -242]","[67, -242]","[217, -242]","[100, 100]","[100, 100]","[100, 100]","[100, 100]","[100, 100]","[100, 100]","[100, 100]","[100, 100]","[100, 100]","[100, 100]","[100, 100]","[100, 100]","[100, 100]","[100, 100]","[100, 100]","[100, 100]",ok.png,"[0, -375]","[150, 100]",365,dots,16,2,m,1,1,1,1,0,0,0,0,0,0,0,1.83982145786,1.839821457862854,0,79,79,-255,-255,1,1,0,0,0,0,0,0,0,3.53280210495,3.532802104949951,0,-3,-3,-359,-359,108
04.png,20.png,30.png,02.png,12.png,16.png,03.png,04.png,24.png,23.png,33.png,27.png,14.png,07.png,17.png,dots1.png,"[-210, 203]","[-60, 203]","[90, 203]","[240, 203]","[-210, 53]","[-60, 53]","[90, 53]","[240, 53]","[-210, -97]","[-60, -97]","[90, -97]","[240, -97]","[-210, -247]","[-60, -247]","[90, -247]","[240, -247]","[100, 100]","[100, 100]","[100, 100]","[100, 100]","[100, 100]","[100, 100]","[100, 100]","[100, 100]","[100, 100]","[100, 100]","[100, 100]","[100, 100]","[100, 100]","[100, 100]","[100, 100]","[100, 100]",ok.png,"[0, -375]","[150, 100]",366,dots,16,2,m,1,1,1,1,0,0,0,0,0,0,0,1.60133051872,1.601330518722534,0,229,229,-243,-243,1,1,0,0,0,0,0,0,0,1.76042461395,1.760424613952637,0,-2,-2,-369,-369,261
03.png,19.png,29.png,09.png,25.png,02.png,32.png,11.png,12.png,22.png,16.png,31.png,13.png,04.png,dots1.png,18.png,"[-201, 236]","[-51, 236]","[99, 236]","[249, 236]","[-201, 86]","[-51, 86]","[99, 86]","[249, 86]","[-201, -64]","[-51, -64]","[99, -64]","[249, -64]","[-201, -214]","[-51, -214]","[99, -214]","[249, -214]","[100, 100]","[100, 100]","[100, 100]","[100, 100]","[100, 100]","[100, 100]","[100, 100]","[100, 100]","[100, 100]","[100, 100]","[100, 100]","[100, 100]","[100, 100]","[100, 100]","[100, 100]","[100, 100]",ok.png,"[0, -375]","[150, 100]",367,dots,16,2,m,1,1,1,1,0,0,0,0,0,0,0,1.4296131134,1.42961311340332,0,118,118,-221,-221,1,1,0,0,0,0,0,0,0,2.55862736702,2.558627367019653,0,11,11,-347,-347,380
16.png,13.png,11.png,05.png,21.png,30.png,07.png,23.png,01.png,27.png,28.png,25.png,03.png,dots1.png,08.png,15.png,"[-206, 250]","[-56, 250]","[94, 250]","[244, 250]","[-206, 100]","[-56, 100]","[94, 100]","[244, 100]","[-206, -50]","[-56, -50]","[94, -50]","[244, -50]","[-206, -200]","[-56, -200]","[94, -200]","[244, -200]","[100, 100]","[100, 100]","[100, 100]","[100, 100]","[100, 100]","[100, 100]","[100, 100]","[100, 100]","[100, 100]","[100, 100]","[100, 100]","[100, 100]","[100, 100]","[100, 100]","[100, 100]","[100, 100]",ok.png,"[0, -375]","[150, 100]",368,dots,16,2,m,1,1,1,1,0,0,0,0,0,0,0,1.63440728188,1.63440728187561,0,-61,-61,-181,-181,1,1,0,0,0,0,0,0,0,3.53957414627,3.539574146270752,0,-2,-2,-359,-359,96
06.png,21.png,15.png,17.png,20.png,05.png,16.png,28.png,29.png,09.png,02.png,23.png,dots1.png,14.png,07.png,32.png,"[-203, 202]","[-53, 202]","[97, 202]","[247, 202]","[-203, 52]","[-53, 52]","[97, 52]","[247, 52]","[-203, -98]","[-53, -98]","[97, -98]","[247, -98]","[-203, -248]","[-53, -248]","[97, -248]","[247, -248]","[100, 100]","[100, 100]","[100, 100]","[100, 100]","[100, 100]","[100, 100]","[100, 100]","[100, 100]","[100, 100]","[100, 100]","[100, 100]","[100, 100]","[100, 100]","[100, 100]","[100, 100]","[100, 100]",ok.png,"[0, -375]","[150, 100]",369,dots,16,2,m,1,1,1,1,0,0,0,0,0,0,0,1.83589982986,1.835899829864502,0,-197,-197,-238,-238,1,1,0,0,0,0,0,0,0,7.81703519821,7.81703519821167,0,7,7,-376,-376,223
06.png,11.png,01.png,28.png,12.png,17.png,19.png,34.png,15.png,30.png,08.png,dots1.png,31.png,21.png,32.png,03.png,"[-232, 207]","[-82, 207]","[68, 207]","[218, 207]","[-232, 57]","[-82, 57]","[68, 57]","[218, 57]","[-232, -93]","[-82, -93]","[68, -93]","[218, -93]","[-232, -243]","[-82, -243]","[68, -243]","[218, -243]","[100, 100]","[100, 100]","[100, 100]","[100, 100]","[100, 100]","[100, 100]","[100, 100]","[100, 100]","[100, 100]","[100, 100]","[100, 100]","[100, 100]","[100, 100]","[100, 100]","[100, 100]","[100, 100]",ok.png,"[0, -375]","[150, 100]",370,dots,16,2,m,1,1,1,1,0,0,0,0,0,0,0,0.931656599045,0.9316565990447998,0,218,218,-95,-95,1,1,0,0,0,0,0,0,0,2.63111615181,2.631116151809692,0,18,18,-363,-363,307
09.png,03.png,12.png,04.png,32.png,31.png,24.png,27.png,07.png,09.png,dots1.png,10.png,13.png,16.png,22.png,28.png,"[-216, 210]","[-66, 210]","[84, 210]","[234, 210]","[-216, 60]","[-66, 60]","[84, 60]","[234, 60]","[-216, -90]","[-66, -90]","[84, -90]","[234, -90]","[-216, -240]","[-66, -240]","[84, -240]","[234, -240]","[100, 100]","[100, 100]","[100, 100]","[100, 100]","[100, 100]","[100, 100]","[100, 100]","[100, 100]","[100, 100]","[100, 100]","[100, 100]","[100, 100]","[100, 100]","[100, 100]","[100, 100]","[100, 100]",ok.png,"[0, -375]","[150, 100]",371,dots,16,2,m,1,1,1,1,0,0,0,0,0,0,0,1.24577963352,1.245779633522034,0,108,108,-86,-86,1,1,0,0,0,0,0,0,0,1.34956622124,1.349566221237183,0,29,29,-364,-364,346
18.png,14.png,25.png,12.png,33.png,19.png,05.png,08.png,01.png,dots1.png,07.png,10.png,34.png,20.png,26.png,30.png,"[-241, 225]","[-91, 225]","[59, 225]","[209, 225]","[-241, 75]","[-91, 75]","[59, 75]","[209, 75]","[-241, -75]","[-91, -75]","[59, -75]","[209, -75]","[-241, -225]","[-91, -225]","[59, -225]","[209, -225]","[100, 100]","[100, 100]","[100, 100]","[100, 100]","[100, 100]","[100, 100]","[100, 100]","[100, 100]","[100, 100]","[100, 100]","[100, 100]","[100, 100]","[100, 100]","[100, 100]","[100, 100]","[100, 100]",ok.png,"[0, -375]","[150, 100]",372,dots,16,2,m,1,1,1,1,0,0,0,0,0,0,0,1.34735488892,1.347354888916016,0,-69,-69,-95,-95,1,1,0,0,0,0,0,0,0,3.12296414375,3.122964143753052,0,25,25,-386,-386,111
11.png,13.png,17.png,18.png,21.png,14.png,25.png,09.png,dots1.png,02.png,04.png,30.png,26.png,24.png,33.png,01.png,"[-241, 250]","[-91, 250]","[59, 250]","[209, 250]","[-241, 100]","[-91, 100]","[59, 100]","[209, 100]","[-241, -50]","[-91, -50]","[59, -50]","[209, -50]","[-241, -200]","[-91, -200]","[59, -200]","[209, -200]","[100, 100]","[100, 100]","[100, 100]","[100, 100]","[100, 100]","[100, 100]","[100, 100]","[100, 100]","[100, 100]","[100, 100]","[100, 100]","[100, 100]","[100, 100]","[100, 100]","[100, 100]","[100, 100]",ok.png,"[0, -375]","[150, 100]",373,dots,16,2,m,1,1,1,1,0,0,0,0,0,0,0,2.19839859009,2.198398590087891,0,-238,-238,-48,-48,1,1,0,0,0,0,0,0,0,1.80590474606,1.805904746055603,0,5,5,-377,-377,31
08.png,14.png,10.png,20.png,11.png,07.png,22.png,dots1.png,18.png,31.png,26.png,30.png,09.png,29.png,03.png,19.png,"[-236, 202]","[-86, 202]","[64, 202]","[214, 202]","[-236, 52]","[-86, 52]","[64, 52]","[214, 52]","[-236, -98]","[-86, -98]","[64, -98]","[214, -98]","[-236, -248]","[-86, -248]","[64, -248]","[214, -248]","[100, 100]","[100, 100]","[100, 100]","[100, 100]","[100, 100]","[100, 100]","[100, 100]","[100, 100]","[100, 100]","[100, 100]","[100, 100]","[100, 100]","[100, 100]","[100, 100]","[100, 100]","[100, 100]",ok.png,"[0, -375]","[150, 100]",374,dots,16,2,m,1,1,1,1,0,0,0,0,0,0,0,1.67686390877,1.6768639087677,0,216,216,21,21,1,1,0,0,0,0,0,0,0,2.6672065258,2.667206525802612,0,24,24,-366,-366,269
31.png,03.png,13.png,11.png,23.png,21.png,dots1.png,30.png,33.png,15.png,14.png,05.png,19.png,32.png,29.png,26.png,"[-207, 229]","[-57, 229]","[93, 229]","[243, 229]","[-207, 79]","[-57, 79]","[93, 79]","[243, 79]","[-207, -71]","[-57, -71]","[93, -71]","[243, -71]","[-207, -221]","[-57, -221]","[93, -221]","[243, -221]","[100, 100]","[100, 100]","[100, 100]","[100, 100]","[100, 100]","[100, 100]","[100, 100]","[100, 100]","[100, 100]","[100, 100]","[100, 100]","[100, 100]","[100, 100]","[100, 100]","[100, 100]","[100, 100]",ok.png,"[0, -375]","[150, 100]",375,dots,16,2,m,1,1,1,1,0,0,0,0,0,0,0,2.30683970451,2.30683970451355,0,98,98,76,76,1,1,0,0,0,0,0,0,0,1.83802366257,1.838023662567139,0,22,22,-370,-370,140
15.png,14.png,13.png,12.png,11.png,10.png,09.png,08.png,07.png,06.png,05.png,04.png,03.png,02.png,01.png,dots2.png,"[-215, 230]","[-65, 230]","[85, 230]","[235, 230]","[-215, 80]","[-65, 80]","[85, 80]","[235, 80]","[-215, -70]","[-65, -70]","[85, -70]","[235, -70]","[-215, -220]","[-65, -220]","[85, -220]","[235, -220]","[100, 100]","[100, 100]","[100, 100]","[100, 100]","[100, 100]","[100, 100]","[100, 100]","[100, 100]","[100, 100]","[100, 100]","[100, 100]","[100, 100]","[100, 100]","[100, 100]","[100, 100]","[100, 100]",ok.png,"[0, -375]","[150, 100]",376,dots,16,2,m,1,1,1,1,0,0,0,0,0,0,0,1.82183396816,1.821833968162537,0,235,235,-256,-256,1,1,0,0,0,0,0,0,0,4.10074806213,4.100748062133789,0,29,29,-395,-395,254
23.png,22.png,31.png,32.png,33.png,34.png,14.png,15.png,13.png,12.png,11.png,10.png,01.png,09.png,dots2.png,08.png,"[-244, 246]","[-94, 246]","[56, 246]","[206, 246]","[-244, 96]","[-94, 96]","[56, 96]","[206, 96]","[-244, -54]","[-94, -54]","[56, -54]","[206, -54]","[-244, -204]","[-94, -204]","[56, -204]","[206, -204]","[100, 100]","[100, 100]","[100, 100]","[100, 100]","[100, 100]","[100, 100]","[100, 100]","[100, 100]","[100, 100]","[100, 100]","[100, 100]","[100, 100]","[100, 100]","[100, 100]","[100, 100]","[100, 100]",ok.png,"[0, -375]","[150, 100]",377,dots,16,2,m,1,1,1,1,0,0,0,0,0,0,0,1.16972875595,1.169728755950928,0,39,39,-210,-210,1,1,0,0,0,0,0,0,0,0.897407054901,0.897407054901123,0,24,24,-336,-336,409
27.png,30.png,25.png,24.png,23.png,22.png,21.png,20.png,19.png,18.png,17.png,16.png,15.png,dots2.png,06.png,05.png,"[-225, 244]","[-75, 244]","[75, 244]","[225, 244]","[-225, 94]","[-75, 94]","[75, 94]","[225, 94]","[-225, -56]","[-75, -56]","[75, -56]","[225, -56]","[-225, -206]","[-75, -206]","[75, -206]","[225, -206]","[100, 100]","[100, 100]","[100, 100]","[100, 100]","[100, 100]","[100, 100]","[100, 100]","[100, 100]","[100, 100]","[100, 100]","[100, 100]","[100, 100]","[100, 100]","[100, 100]","[100, 100]","[100, 100]",ok.png,"[0, -375]","[150, 100]",378,dots,16,2,m,1,1,1,1,0,0,0,0,0,0,0,2.13083004951,2.130830049514771,0,-69,-69,-235,-235,1,1,0,0,0,0,0,0,0,2.66705274582,2.667052745819092,0,19,19,-430,-430,52
33.png,32.png,30.png,29.png,08.png,02.png,31.png,27.png,26.png,28.png,12.png,03.png,dots2.png,24.png,23.png,22.png,"[-211, 203]","[-61, 203]","[89, 203]","[239, 203]","[-211, 53]","[-61, 53]","[89, 53]","[239, 53]","[-211, -97]","[-61, -97]","[89, -97]","[239, -97]","[-211, -247]","[-61, -247]","[89, -247]","[239, -247]","[100, 100]","[100, 100]","[100, 100]","[100, 100]","[100, 100]","[100, 100]","[100, 100]","[100, 100]","[100, 100]","[100, 100]","[100, 100]","[100, 100]","[100, 100]","[100, 100]","[100, 100]","[100, 100]",ok.png,"[0, -375]","[150, 100]",379,dots,16,2,m,1,1,1,1,0,0,0,0,0,0,0,1.74653196335,1.746531963348389,0,-188,-188,-233,-233,1,1,0,0,0,0,0,0,0,1.59992408752,1.599924087524414,0,3,3,-371,-371,314
28.png,26.png,24.png,22.png,01.png,34.png,33.png,32.png,31.png,30.png,29.png,dots2.png,08.png,06.png,04.png,02.png,"[-214, 210]","[-64, 210]","[86, 210]","[236, 210]","[-214, 60]","[-64, 60]","[86, 60]","[236, 60]","[-214, -90]","[-64, -90]","[86, -90]","[236, -90]","[-214, -240]","[-64, -240]","[86, -240]","[236, -240]","[100, 100]","[100, 100]","[100, 100]","[100, 100]","[100, 100]","[100, 100]","[100, 100]","[100, 100]","[100, 100]","[100, 100]","[100, 100]","[100, 100]","[100, 100]","[100, 100]","[100, 100]","[100, 100]",ok.png,"[0, -375]","[150, 100]",380,dots,16,2,m,1,1,1,1,0,0,0,0,0,0,0,2.55283975601,2.552839756011963,0,240,240,-97,-97,1,1,0,0,0,0,0,0,0,1.77829539776,1.778295397758484,0,12,12,-364,-364,56
32.png,30.png,23.png,17.png,29.png,09.png,15.png,06.png,26.png,11.png,dots2.png,04.png,27.png,07.png,34.png,01.png,"[-231, 206]","[-81, 206]","[69, 206]","[219, 206]","[-231, 56]","[-81, 56]","[69, 56]","[219, 56]","[-231, -94]","[-81, -94]","[69, -94]","[219, -94]","[-231, -244]","[-81, -244]","[69, -244]","[219, -244]","[100, 100]","[100, 100]","[100, 100]","[100, 100]","[100, 100]","[100, 100]","[100, 100]","[100, 100]","[100, 100]","[100, 100]","[100, 100]","[100, 100]","[100, 100]","[100, 100]","[100, 100]","[100, 100]",ok.png,"[0, -375]","[150, 100]",381,dots,16,2,m,1,1,1,1,0,0,0,0,0,0,0,1.39900648594,1.399006485939026,0,76,76,-86,-86,1,1,0,0,0,0,0,0,0,3.4764008522,3.476400852203369,0,21,21,-359,-359,25
17.png,09.png,22.png,06.png,27.png,13.png,14.png,18.png,25.png,dots2.png,03.png,07.png,05.png,02.png,24.png,12.png,"[-207, 248]","[-57, 248]","[93, 248]","[243, 248]","[-207, 98]","[-57, 98]","[93, 98]","[243, 98]","[-207, -52]","[-57, -52]","[93, -52]","[243, -52]","[-207, -202]","[-57, -202]","[93, -202]","[243, -202]","[100, 100]","[100, 100]","[100, 100]","[100, 100]","[100, 100]","[100, 100]","[100, 100]","[100, 100]","[100, 100]","[100, 100]","[100, 100]","[100, 100]","[100, 100]","[100, 100]","[100, 100]","[100, 100]",ok.png,"[0, -375]","[150, 100]",382,dots,16,2,m,1,1,1,1,0,0,0,0,0,0,0,1.44358682632,1.443586826324463,0,-62,-62,-46,-46,1,1,0,0,0,0,0,0,0,4.8508477211,4.850847721099854,0,30,30,-375,-375,182
22.png,33.png,01.png,09.png,31.png,25.png,17.png,30.png,dots2.png,27.png,15.png,20.png,07.png,33.png,05.png,13.png,"[-227, 211]","[-77, 211]","[73, 211]","[223, 211]","[-227, 61]","[-77, 61]","[73, 61]","[223, 61]","[-227, -89]","[-77, -89]","[73, -89]","[223, -89]","[-227, -239]","[-77, -239]","[73, -239]","[223, -239]","[100, 100]","[100, 100]","[100, 100]","[100, 100]","[100, 100]","[100, 100]","[100, 100]","[100, 100]","[100, 100]","[100, 100]","[100, 100]","[100, 100]","[100, 100]","[100, 100]","[100, 100]","[100, 100]",ok.png,"[0, -375]","[150, 100]",383,dots,16,2,m,1,1,1,1,0,0,0,0,0,0,0,1.19598948956,1.195989489555359,0,-243,-243,-100,-100,1,1,0,0,0,0,0,0,0,5.29432201385,5.29432201385498,0,29,29,-381,-381,155
33.png,31.png,25.png,21.png,27.png,23.png,29.png,dots2.png,06.png,04.png,08.png,02.png,16.png,13.png,10.png,07.png,"[-225, 233]","[-75, 233]","[75, 233]","[225, 233]","[-225, 83]","[-75, 83]","[75, 83]","[225, 83]","[-225, -67]","[-75, -67]","[75, -67]","[225, -67]","[-225, -217]","[-75, -217]","[75, -217]","[225, -217]","[100, 100]","[100, 100]","[100, 100]","[100, 100]","[100, 100]","[100, 100]","[100, 100]","[100, 100]","[100, 100]","[100, 100]","[100, 100]","[100, 100]","[100, 100]","[100, 100]","[100, 100]","[100, 100]",ok.png,"[0, -375]","[150, 100]",384,dots,16,2,m,1,1,1,1,0,0,0,0,0,0,0,1.1010093689,1.101009368896484,0,223,223,75,75,1,1,0,0,0,0,0,0,0,0.882685482502,0.8826854825019836,0,-17,-17,-379,-379,449
30.png,32.png,27.png,21.png,26.png,24.png,dots2.png,22.png,20.png,18.png,16.png,14.png,03.png,05.png,07.png,09.png,"[-241, 211]","[-91, 211]","[59, 211]","[209, 211]","[-241, 61]","[-91, 61]","[59, 61]","[209, 61]","[-241, -89]","[-91, -89]","[59, -89]","[209, -89]","[-241, -239]","[-91, -239]","[59, -239]","[209, -239]","[100, 100]","[100, 100]","[100, 100]","[100, 100]","[100, 100]","[100, 100]","[100, 100]","[100, 100]","[100, 100]","[100, 100]","[100, 100]","[100, 100]","[100, 100]","[100, 100]","[100, 100]","[100, 100]",ok.png,"[0, -375]","[150, 100]",385,dots,16,2,m,1,1,1,1,0,0,0,0,0,0,0,2.93340611458,2.933406114578247,0,57,57,58,58,1,1,0,0,0,0,0,0,0,0.543066561222,0.5430665612220764,0,30,30,-315,-315,395
01.png,18.png,27.png,24.png,21.png,dots2.png,19.png,16.png,32.png,34.png,10.png,13.png,31.png,33.png,14.png,05.png,"[-200, 239]","[-50, 239]","[100, 239]","[250, 239]","[-200, 89]","[-50, 89]","[100, 89]","[250, 89]","[-200, -61]","[-50, -61]","[100, -61]","[250, -61]","[-200, -211]","[-50, -211]","[100, -211]","[250, -211]","[100, 100]","[100, 100]","[100, 100]","[100, 100]","[100, 100]","[100, 100]","[100, 100]","[100, 100]","[100, 100]","[100, 100]","[100, 100]","[100, 100]","[100, 100]","[100, 100]","[100, 100]","[100, 100]",ok.png,"[0, -375]","[150, 100]",386,dots,16,2,m,1,1,1,1,0,0,0,0,0,0,0,1.36468434334,1.364684343338013,0,-50,-50,104,104,1,1,0,0,0,0,0,0,0,3.33907008171,3.339070081710815,0,-14,-14,-359,-359,195
34.png,27.png,08.png,18.png,dots2.png,11.png,16.png,21.png,17.png,04.png,24.png,09.png,25.png,20.png,15.png,10.png,"[-213, 234]","[-63, 234]","[87, 234]","[237, 234]","[-213, 84]","[-63, 84]","[87, 84]","[237, 84]","[-213, -66]","[-63, -66]","[87, -66]","[237, -66]","[-213, -216]","[-63, -216]","[87, -216]","[237, -216]","[100, 100]","[100, 100]","[100, 100]","[100, 100]","[100, 100]","[100, 100]","[100, 100]","[100, 100]","[100, 100]","[100, 100]","[100, 100]","[100, 100]","[100, 100]","[100, 100]","[100, 100]","[100, 100]",ok.png,"[0, -375]","[150, 100]",387,dots,16,2,m,1,1,1,1,0,0,0,0,0,0,0,1.61538159847,1.615381598472595,0,-200,-200,103,103,1,1,0,0,0,0,0,0,0,1.63714694977,1.637146949768066,0,1,1,-359,-359,400
04.png,02.png,05.png,dots2.png,08.png,07.png,01.png,03.png,26.png,29.png,32.png,28.png,24.png,20.png,10.png,16.png,"[-231, 228]","[-81, 228]","[69, 228]","[219, 228]","[-231, 78]","[-81, 78]","[69, 78]","[219, 78]","[-231, -72]","[-81, -72]","[69, -72]","[219, -72]","[-231, -222]","[-81, -222]","[69, -222]","[219, -222]","[100, 100]","[100, 100]","[100, 100]","[100, 100]","[100, 100]","[100, 100]","[100, 100]","[100, 100]","[100, 100]","[100, 100]","[100, 100]","[100, 100]","[100, 100]","[100, 100]","[100, 100]","[100, 100]",ok.png,"[0, -375]","[150, 100]",388,dots,16,2,m,1,1,1,1,0,0,0,0,0,0,0,3.5918109417,3.591810941696167,0,212,212,216,216,1,1,0,0,0,0,0,0,0,1.08007013798,1.0800701379776,0,9,9,-365,-365,357
01.png,12.png,dots2.png,23.png,10.png,02.png,28.png,13.png,08.png,33.png,03.png,15.png,16.png,06.png,17.png,29.png,"[-200, 237]","[-50, 237]","[100, 237]","[250, 237]","[-200, 87]","[-50, 87]","[100, 87]","[250, 87]","[-200, -63]","[-50, -63]","[100, -63]","[250, -63]","[-200, -213]","[-50, -213]","[100, -213]","[250, -213]","[100, 100]","[100, 100]","[100, 100]","[100, 100]","[100, 100]","[100, 100]","[100, 100]","[100, 100]","[100, 100]","[100, 100]","[100, 100]","[100, 100]","[100, 100]","[100, 100]","[100, 100]","[100, 100]",ok.png,"[0, -375]","[150, 100]",389,dots,16,2,m,1,1,1,1,0,0,0,0,0,0,0,1.27630460262,1.276304602622986,0,96,96,251,251,1,1,0,0,0,0,0,0,0,1.60433530807,1.604335308074951,0,10,10,-375,-375,353
24.png,dots2.png,03.png,07.png,13.png,17.png,23.png,27.png,33.png,04.png,06.png,14.png,16.png,08.png,30.png,32.png,"[-220, 228]","[-70, 228]","[80, 228]","[230, 228]","[-220, 78]","[-70, 78]","[80, 78]","[230, 78]","[-220, -72]","[-70, -72]","[80, -72]","[230, -72]","[-220, -222]","[-70, -222]","[80, -222]","[230, -222]","[100, 100]","[100, 100]","[100, 100]","[100, 100]","[100, 100]","[100, 100]","[100, 100]","[100, 100]","[100, 100]","[100, 100]","[100, 100]","[100, 100]","[100, 100]","[100, 100]","[100, 100]","[100, 100]",ok.png,"[0, -375]","[150, 100]",390,dots,16,2,m,1,1,1,1,0,0,0,0,0,0,0,1.81444740295,1.814447402954102,0,-75,-75,239,239,1,1,0,0,0,0,0,0,0,3.09463095665,3.09463095664978,0,17,17,-375,-375,75
dots2.png,17.png,07.png,14.png,27.png,33.png,23.png,24.png,04.png,03.png,16.png,12.png,02.png,30.png,20.png,04.png,"[-225, 212]","[-75, 212]","[75, 212]","[225, 212]","[-225, 62]","[-75, 62]","[75, 62]","[225, 62]","[-225, -88]","[-75, -88]","[75, -88]","[225, -88]","[-225, -238]","[-75, -238]","[75, -238]","[225, -238]","[100, 100]","[100, 100]","[100, 100]","[100, 100]","[100, 100]","[100, 100]","[100, 100]","[100, 100]","[100, 100]","[100, 100]","[100, 100]","[100, 100]","[100, 100]","[100, 100]","[100, 100]","[100, 100]",ok.png,"[0, -375]","[150, 100]",391,dots,16,2,m,1,1,1,1,0,0,0,0,0,0,0,2.17214894295,2.172148942947388,0,-231,-231,207,207,1,1,0,0,0,0,0,0,0,2.90809202194,2.908092021942139,0,1,1,-386,-386,196
18.png,dots2.png,04.png,13.png,31.png,16.png,22.png,12.png,11.png,32.png,02.png,25.png,09.png,29.png,19.png,03.png,"[-225, 216]","[-75, 216]","[75, 216]","[225, 216]","[-225, 66]","[-75, 66]","[75, 66]","[225, 66]","[-225, -84]","[-75, -84]","[75, -84]","[225, -84]","[-225, -234]","[-75, -234]","[75, -234]","[225, -234]","[100, 100]","[100, 100]","[100, 100]","[100, 100]","[100, 100]","[100, 100]","[100, 100]","[100, 100]","[100, 100]","[100, 100]","[100, 100]","[100, 100]","[100, 100]","[100, 100]","[100, 100]","[100, 100]",ok.png,"[0, -375]","[150, 100]",392,dots,16,2,m,1,1,1,1,0,0,0,0,0,0,0,2.95776033401,2.957760334014893,0,-78,-78,207,207,1,1,0,0,0,0,0,0,0,4.27595472336,4.275954723358154,0,6,6,-341,-341,4
15.png,08.png,dots2.png,03.png,25.png,28.png,27.png,01.png,23.png,07.png,30.png,21.png,05.png,11.png,13.png,16.png,"[-243, 226]","[-93, 226]","[57, 226]","[207, 226]","[-243, 76]","[-93, 76]","[57, 76]","[207, 76]","[-243, -74]","[-93, -74]","[57, -74]","[207, -74]","[-243, -224]","[-93, -224]","[57, -224]","[207, -224]","[100, 100]","[100, 100]","[100, 100]","[100, 100]","[100, 100]","[100, 100]","[100, 100]","[100, 100]","[100, 100]","[100, 100]","[100, 100]","[100, 100]","[100, 100]","[100, 100]","[100, 100]","[100, 100]",ok.png,"[0, -375]","[150, 100]",393,dots,16,2,m,1,1,1,1,0,0,0,0,0,0,0,1.14731740952,1.147317409515381,0,47,47,230,230,1,1,0,0,0,0,0,0,0,1.78304088116,1.783040881156921,0,25,25,-371,-371,343
32.png,07.png,14.png,dots2.png,23.png,02.png,09.png,29.png,28.png,16.png,05.png,20.png,17.png,15.png,21.png,06.png,"[-212, 242]","[-62, 242]","[88, 242]","[238, 242]","[-212, 92]","[-62, 92]","[88, 92]","[238, 92]","[-212, -58]","[-62, -58]","[88, -58]","[238, -58]","[-212, -208]","[-62, -208]","[88, -208]","[238, -208]","[100, 100]","[100, 100]","[100, 100]","[100, 100]","[100, 100]","[100, 100]","[100, 100]","[100, 100]","[100, 100]","[100, 100]","[100, 100]","[100, 100]","[100, 100]","[100, 100]","[100, 100]","[100, 100]",ok.png,"[0, -375]","[150, 100]",394,dots,16,2,m,1,1,1,1,0,0,0,0,0,0,0,2.66541862488,2.66541862487793,0,226,226,244,244,1,1,0,0,0,0,0,0,0,1.97547507286,1.975475072860718,0,35,35,-357,-357,20
03.png,32.png,21.png,31.png,dots2.png,08.png,30.png,15.png,34.png,19.png,17.png,12.png,28.png,01.png,11.png,06.png,"[-206, 233]","[-56, 233]","[94, 233]","[244, 233]","[-206, 83]","[-56, 83]","[94, 83]","[244, 83]","[-206, -67]","[-56, -67]","[94, -67]","[244, -67]","[-206, -217]","[-56, -217]","[94, -217]","[244, -217]","[100, 100]","[100, 100]","[100, 100]","[100, 100]","[100, 100]","[100, 100]","[100, 100]","[100, 100]","[100, 100]","[100, 100]","[100, 100]","[100, 100]","[100, 100]","[100, 100]","[100, 100]","[100, 100]",ok.png,"[0, -375]","[150, 100]",395,dots,16,2,m,1,1,1,1,0,0,0,0,0,0,0,1.22584867477,1.22584867477417,0,-222,-222,83,83,1,1,0,0,0,0,0,0,0,2.72129654884,2.721296548843384,0,-3,-3,-360,-360,148
28.png,22.png,16.png,13.png,10.png,dots2.png,09.png,07.png,27.png,24.png,31.png,32.png,04.png,12.png,03.png,09.png,"[-202, 210]","[-52, 210]","[98, 210]","[248, 210]","[-202, 60]","[-52, 60]","[98, 60]","[248, 60]","[-202, -90]","[-52, -90]","[98, -90]","[248, -90]","[-202, -240]","[-52, -240]","[98, -240]","[248, -240]","[100, 100]","[100, 100]","[100, 100]","[100, 100]","[100, 100]","[100, 100]","[100, 100]","[100, 100]","[100, 100]","[100, 100]","[100, 100]","[100, 100]","[100, 100]","[100, 100]","[100, 100]","[100, 100]",ok.png,"[0, -375]","[150, 100]",396,dots,16,2,m,1,1,1,1,0,0,0,0,0,0,0,1.00722920895,1.007229208946228,0,-58,-58,75,75,1,1,0,0,0,0,0,0,0,3.96349596977,3.963495969772339,0,23,23,-376,-376,74
30.png,26.png,20.png,34.png,10.png,07.png,dots2.png,01.png,08.png,05.png,19.png,33.png,12.png,25.png,14.png,18.png,"[-228, 240]","[-78, 240]","[72, 240]","[222, 240]","[-228, 90]","[-78, 90]","[72, 90]","[222, 90]","[-228, -60]","[-78, -60]","[72, -60]","[222, -60]","[-228, -210]","[-78, -210]","[72, -210]","[222, -210]","[100, 100]","[100, 100]","[100, 100]","[100, 100]","[100, 100]","[100, 100]","[100, 100]","[100, 100]","[100, 100]","[100, 100]","[100, 100]","[100, 100]","[100, 100]","[100, 100]","[100, 100]","[100, 100]",ok.png,"[0, -375]","[150, 100]",397,dots,16,2,m,1,1,1,1,0,0,0,0,0,0,0,1.70242750645,1.702427506446838,0,74,74,86,86,1,1,0,0,0,0,0,0,0,1.67206609249,1.67206609249115,0,1,1,-369,-369,379
01.png,33.png,24.png,26.png,30.png,04.png,02.png,dots2.png,09.png,25.png,14.png,21.png,18.png,17.png,13.png,11.png,"[-247, 231]","[-97, 231]","[53, 231]","[203, 231]","[-247, 81]","[-97, 81]","[53, 81]","[203, 81]","[-247, -69]","[-97, -69]","[53, -69]","[203, -69]","[-247, -219]","[-97, -219]","[53, -219]","[203, -219]","[100, 100]","[100, 100]","[100, 100]","[100, 100]","[100, 100]","[100, 100]","[100, 100]","[100, 100]","[100, 100]","[100, 100]","[100, 100]","[100, 100]","[100, 100]","[100, 100]","[100, 100]","[100, 100]",ok.png,"[0, -375]","[150, 100]",398,dots,16,2,m,1,1,1,1,0,0,0,0,0,0,0,1.94609117508,1.946091175079346,0,213,213,73,73,1,1,0,0,0,0,0,0,0,3.71582055092,3.715820550918579,0,-4,-4,-369,-369,116
19.png,03.png,29.png,09.png,30.png,26.png,31.png,18.png,dots2.png,22.png,07.png,11.png,20.png,10.png,14.png,08.png,"[-217, 242]","[-67, 242]","[83, 242]","[233, 242]","[-217, 92]","[-67, 92]","[83, 92]","[233, 92]","[-217, -58]","[-67, -58]","[83, -58]","[233, -58]","[-217, -208]","[-67, -208]","[83, -208]","[233, -208]","[100, 100]","[100, 100]","[100, 100]","[100, 100]","[100, 100]","[100, 100]","[100, 100]","[100, 100]","[100, 100]","[100, 100]","[100, 100]","[100, 100]","[100, 100]","[100, 100]","[100, 100]","[100, 100]",ok.png,"[0, -375]","[150, 100]",399,dots,16,2,m,1,1,1,1,0,0,0,0,0,0,0,1.26339244843,1.263392448425293,0,-185,-185,-37,-37,1,1,0,0,0,0,0,0,0,1.21217632294,1.212176322937012,0,6,6,-365,-365,337
26.png,29.png,32.png,19.png,05.png,14.png,15.png,33.png,30.png,dots2.png,21.png,23.png,11.png,13.png,03.png,31.png,"[-223, 204]","[-73, 204]","[77, 204]","[227, 204]","[-223, 54]","[-73, 54]","[77, 54]","[227, 54]","[-223, -96]","[-73, -96]","[77, -96]","[227, -96]","[-223, -246]","[-73, -246]","[77, -246]","[227, -246]","[100, 100]","[100, 100]","[100, 100]","[100, 100]","[100, 100]","[100, 100]","[100, 100]","[100, 100]","[100, 100]","[100, 100]","[100, 100]","[100, 100]","[100, 100]","[100, 100]","[100, 100]","[100, 100]",ok.png,"[0, -375]","[150, 100]",400,dots,16,2,m,1,1,1,1,0,0,0,0,0,0,0,0.956799685955,0.9567996859550476,0,-63,-63,-98,-98,1,1,0,0,0,0,0,0,0,1.67474246025,1.674742460250854,0,21,21,-370,-370,313
tray1.png,01.png,02.png,03.png,04.png,05.png,06.png,07.png,08.png,09.png,10.png,11.png,12.png,13.png,14.png,dots1.png,"[-200, 239]","[-50, 239]","[100, 239]","[250, 239]","[-200, 89]","[-50, 89]","[100, 89]","[250, 89]","[-200, -61]","[-50, -61]","[100, -61]","[250, -61]","[-200, -211]","[-50, -211]","[100, -211]","[250, -211]","[100, 100]","[100, 100]","[100, 100]","[100, 100]","[100, 100]","[100, 100]","[100, 100]","[100, 100]","[100, 100]","[100, 100]","[100, 100]","[100, 100]","[100, 100]","[100, 100]","[100, 100]","[100, 100]",ok.png,"[0, -375]","[150, 100]",401,both,16,3,m,1,1,1,1,0,0,0,0,0,0,0,1.78545212746,1.785452127456665,0,239,239,-215,-215,1,1,0,0,0,0,0,0,0,1.39820384979,1.39820384979248,0,-225,-225,267,267,160
08.png,tray1.png,09.png,01.png,10.png,11.png,12.png,13.png,15.png,14.png,34.png,33.png,32.png,31.png,dots1.png,23.png,"[-221, 209]","[-71, 209]","[79, 209]","[229, 209]","[-221, 59]","[-71, 59]","[79, 59]","[229, 59]","[-221, -91]","[-71, -91]","[79, -91]","[229, -91]","[-221, -241]","[-71, -241]","[79, -241]","[229, -241]","[100, 100]","[100, 100]","[100, 100]","[100, 100]","[100, 100]","[100, 100]","[100, 100]","[100, 100]","[100, 100]","[100, 100]","[100, 100]","[100, 100]","[100, 100]","[100, 100]","[100, 100]","[100, 100]",ok.png,"[0, -375]","[150, 100]",402,both,16,3,m,1,1,1,1,0,0,0,0,0,0,0,0.94820779562,0.9482077956199646,0,87,87,-248,-248,1,1,0,0,0,0,0,0,0,0.985959231853,0.9859592318534852,0,-61,-61,196,196,446
05.png,06.png,tray1.png,15.png,16.png,17.png,18.png,19.png,20.png,21.png,22.png,23.png,24.png,dots1.png,30.png,27.png,"[-244, 211]","[-94, 211]","[56, 211]","[206, 211]","[-244, 61]","[-94, 61]","[56, 61]","[206, 61]","[-244, -89]","[-94, -89]","[56, -89]","[206, -89]","[-244, -239]","[-94, -239]","[56, -239]","[206, -239]","[100, 100]","[100, 100]","[100, 100]","[100, 100]","[100, 100]","[100, 100]","[100, 100]","[100, 100]","[100, 100]","[100, 100]","[100, 100]","[100, 100]","[100, 100]","[100, 100]","[100, 100]","[100, 100]",ok.png,"[0, -375]","[150, 100]",403,both,16,3,m,1,1,1,1,0,0,0,0,0,0,0,1.944196105,1.944196105003357,0,54,54,210,210,1,1,0,0,0,0,0,0,0,2.11949324608,2.119493246078491,0,-109,-109,-262,-262,118
22.png,23.png,24.png,tray1.png,03.png,12.png,25.png,26.png,02.png,08.png,27.png,28.png,dots1.png,30.png,31.png,32.png,"[-203, 220]","[-53, 220]","[97, 220]","[247, 220]","[-203, 70]","[-53, 70]","[97, 70]","[247, 70]","[-203, -80]","[-53, -80]","[97, -80]","[247, -80]","[-203, -230]","[-53, -230]","[97, -230]","[247, -230]","[100, 100]","[100, 100]","[100, 100]","[100, 100]","[100, 100]","[100, 100]","[100, 100]","[100, 100]","[100, 100]","[100, 100]","[100, 100]","[100, 100]","[100, 100]","[100, 100]","[100, 100]","[100, 100]",ok.png,"[0, -375]","[150, 100]",404,both,16,3,m,1,1,1,1,0,0,0,0,0,0,0,2.82835197449,2.828351974487305,0,254,254,233,233,1,1,0,0,0,0,0,0,0,2.86036062241,2.860360622406006,0,15,15,-361,-361,77
02.png,04.png,06.png,08.png,tray1.png,29.png,30.png,31.png,32.png,33.png,34.png,dots1.png,22.png,24.png,26.png,28.png,"[-213, 243]","[-63, 243]","[87, 243]","[237, 243]","[-213, 93]","[-63, 93]","[87, 93]","[237, 93]","[-213, -57]","[-63, -57]","[87, -57]","[237, -57]","[-213, -207]","[-63, -207]","[87, -207]","[237, -207]","[100, 100]","[100, 100]","[100, 100]","[100, 100]","[100, 100]","[100, 100]","[100, 100]","[100, 100]","[100, 100]","[100, 100]","[100, 100]","[100, 100]","[100, 100]","[100, 100]","[100, 100]","[100, 100]",ok.png,"[0, -375]","[150, 100]",405,both,16,3,m,1,1,1,1,0,0,0,0,0,0,0,0.968999505043,0.9689995050430298,0,-210,-210,88,88,1,1,0,0,0,0,0,0,0,1.14757609367,1.147576093673706,0,211,211,-60,-60,297
01.png,34.png,07.png,27.png,04.png,tray1.png,11.png,26.png,06.png,15.png,dots1.png,29.png,17.png,23.png,30.png,32.png,"[-202, 222]","[-52, 222]","[98, 222]","[248, 222]","[-202, 72]","[-52, 72]","[98, 72]","[248, 72]","[-202, -78]","[-52, -78]","[98, -78]","[248, -78]","[-202, -228]","[-52, -228]","[98, -228]","[248, -228]","[100, 100]","[100, 100]","[100, 100]","[100, 100]","[100, 100]","[100, 100]","[100, 100]","[100, 100]","[100, 100]","[100, 100]","[100, 100]","[100, 100]","[100, 100]","[100, 100]","[100, 100]","[100, 100]",ok.png,"[0, -375]","[150, 100]",406,both,16,3,m,1,1,1,1,0,0,0,0,0,0,0,1.21179795265,1.211797952651978,0,-33,-33,55,55,1,1,0,0,0,0,0,0,0,1.43262958527,1.432629585266113,0,112,112,-92,-92,273
12.png,24.png,02.png,05.png,07.png,03.png,tray1.png,25.png,18.png,dots1.png,13.png,27.png,06.png,22.png,09.png,17.png,"[-211, 207]","[-61, 207]","[89, 207]","[239, 207]","[-211, 57]","[-61, 57]","[89, 57]","[239, 57]","[-211, -93]","[-61, -93]","[89, -93]","[239, -93]","[-211, -243]","[-61, -243]","[89, -243]","[239, -243]","[100, 100]","[100, 100]","[100, 100]","[100, 100]","[100, 100]","[100, 100]","[100, 100]","[100, 100]","[100, 100]","[100, 100]","[100, 100]","[100, 100]","[100, 100]","[100, 100]","[100, 100]","[100, 100]",ok.png,"[0, -375]","[150, 100]",407,both,16,3,m,1,1,1,1,0,0,0,0,0,0,0,1.06030297279,1.060302972793579,0,-62,-62,-108,-108,1,1,0,0,0,0,0,0,0,0.416519999504,0.4165199995040894,0,98,98,21,21,260
13.png,05.png,33.png,07.png,20.png,15.png,27.png,tray1.png,dots1.png,17.png,25.png,31.png,09.png,01.png,33.png,22.png,"[-216, 204]","[-66, 204]","[84, 204]","[234, 204]","[-216, 54]","[-66, 54]","[84, 54]","[234, 54]","[-216, -96]","[-66, -96]","[84, -96]","[234, -96]","[-216, -246]","[-66, -246]","[84, -246]","[234, -246]","[100, 100]","[100, 100]","[100, 100]","[100, 100]","[100, 100]","[100, 100]","[100, 100]","[100, 100]","[100, 100]","[100, 100]","[100, 100]","[100, 100]","[100, 100]","[100, 100]","[100, 100]","[100, 100]",ok.png,"[0, -375]","[150, 100]",408,both,16,3,m,1,1,1,1,0,0,0,0,0,0,0,1.53616845608,1.536168456077576,0,199,199,73,73,1,1,0,0,0,0,0,0,0,0.732306480408,0.7323064804077148,0,-211,-211,-140,-140,186
07.png,10.png,13.png,16.png,02.png,08.png,04.png,dots1.png,tray1.png,29.png,23.png,27.png,21.png,25.png,31.png,33.png,"[-235, 214]","[-85, 214]","[65, 214]","[215, 214]","[-235, 64]","[-85, 64]","[65, 64]","[215, 64]","[-235, -86]","[-85, -86]","[65, -86]","[215, -86]","[-235, -236]","[-85, -236]","[65, -236]","[215, -236]","[100, 100]","[100, 100]","[100, 100]","[100, 100]","[100, 100]","[100, 100]","[100, 100]","[100, 100]","[100, 100]","[100, 100]","[100, 100]","[100, 100]","[100, 100]","[100, 100]","[100, 100]","[100, 100]",ok.png,"[0, -375]","[150, 100]",409,both,16,3,m,1,1,1,1,0,0,0,0,0,0,0,1.66610229015,1.666102290153503,0,205,205,62,62,1,1,0,0,0,0,0,0,0,0.554584562778,0.5545845627784729,0,-244,-244,-62,-62,82
09.png,07.png,05.png,03.png,14.png,16.png,dots1.png,20.png,22.png,tray1.png,24.png,26.png,21.png,27.png,32.png,30.png,"[-227, 227]","[-77, 227]","[73, 227]","[223, 227]","[-227, 77]","[-77, 77]","[73, 77]","[223, 77]","[-227, -73]","[-77, -73]","[73, -73]","[223, -73]","[-227, -223]","[-77, -223]","[73, -223]","[223, -223]","[100, 100]","[100, 100]","[100, 100]","[100, 100]","[100, 100]","[100, 100]","[100, 100]","[100, 100]","[100, 100]","[100, 100]","[100, 100]","[100, 100]","[100, 100]","[100, 100]","[100, 100]","[100, 100]",ok.png,"[0, -375]","[150, 100]",410,both,16,3,m,1,1,1,1,0,0,0,0,0,0,0,1.40092599392,1.400925993919373,0,61,61,74,74,1,1,0,0,0,0,0,0,0,2.76212859154,2.762128591537476,0,-68,-68,-76,-76,222
05.png,14.png,33.png,31.png,13.png,dots1.png,34.png,32.png,16.png,19.png,tray1.png,21.png,24.png,27.png,18.png,01.png,"[-211, 228]","[-61, 228]","[89, 228]","[239, 228]","[-211, 78]","[-61, 78]","[89, 78]","[239, 78]","[-211, -72]","[-61, -72]","[89, -72]","[239, -72]","[-211, -222]","[-61, -222]","[89, -222]","[239, -222]","[100, 100]","[100, 100]","[100, 100]","[100, 100]","[100, 100]","[100, 100]","[100, 100]","[100, 100]","[100, 100]","[100, 100]","[100, 100]","[100, 100]","[100, 100]","[100, 100]","[100, 100]","[100, 100]",ok.png,"[0, -375]","[150, 100]",411,both,16,3,m,1,1,1,1,0,0,0,0,0,0,0,1.00732600689,1.007326006889343,0,-61,-61,77,77,1,1,0,0,0,0,0,0,0,0.372895807028,0.3728958070278168,0,52,52,-47,-47,396
10.png,15.png,20.png,25.png,dots1.png,24.png,04.png,17.png,21.png,16.png,11.png,tray1.png,18.png,08.png,27.png,34.png,"[-218, 232]","[-68, 232]","[82, 232]","[232, 232]","[-218, 82]","[-68, 82]","[82, 82]","[232, 82]","[-218, -68]","[-68, -68]","[82, -68]","[232, -68]","[-218, -218]","[-68, -218]","[82, -218]","[232, -218]","[100, 100]","[100, 100]","[100, 100]","[100, 100]","[100, 100]","[100, 100]","[100, 100]","[100, 100]","[100, 100]","[100, 100]","[100, 100]","[100, 100]","[100, 100]","[100, 100]","[100, 100]","[100, 100]",ok.png,"[0, -375]","[150, 100]",412,both,16,3,m,1,1,1,1,0,0,0,0,0,0,0,1.50740993023,1.507409930229187,0,-246,-246,61,61,1,1,0,0,0,0,0,0,0,0.730732738972,0.7307327389717102,0,236,236,-97,-97,403
16.png,10.png,20.png,dots1.png,28.png,32.png,29.png,26.png,03.png,01.png,07.png,08.png,tray1.png,05.png,02.png,04.png,"[-224, 234]","[-74, 234]","[76, 234]","[226, 234]","[-224, 84]","[-74, 84]","[76, 84]","[226, 84]","[-224, -66]","[-74, -66]","[76, -66]","[226, -66]","[-224, -216]","[-74, -216]","[76, -216]","[226, -216]","[100, 100]","[100, 100]","[100, 100]","[100, 100]","[100, 100]","[100, 100]","[100, 100]","[100, 100]","[100, 100]","[100, 100]","[100, 100]","[100, 100]","[100, 100]","[100, 100]","[100, 100]","[100, 100]",ok.png,"[0, -375]","[150, 100]",413,both,16,3,m,1,1,1,1,0,0,0,0,0,0,0,2.04051327705,2.040513277053833,0,204,204,231,231,1,1,0,0,0,0,0,0,0,1.50752580166,1.50752580165863,0,-216,-216,-228,-228,121
29.png,17.png,dots1.png,16.png,15.png,03.png,33.png,08.png,13.png,28.png,02.png,10.png,23.png,tray1.png,12.png,01.png,"[-214, 201]","[-64, 201]","[86, 201]","[236, 201]","[-214, 51]","[-64, 51]","[86, 51]","[236, 51]","[-214, -99]","[-64, -99]","[86, -99]","[236, -99]","[-214, -249]","[-64, -249]","[86, -249]","[236, -249]","[100, 100]","[100, 100]","[100, 100]","[100, 100]","[100, 100]","[100, 100]","[100, 100]","[100, 100]","[100, 100]","[100, 100]","[100, 100]","[100, 100]","[100, 100]","[100, 100]","[100, 100]","[100, 100]",ok.png,"[0, -375]","[150, 100]",414,both,16,3,m,1,1,1,1,0,0,0,0,0,0,0,1.17870342731,1.178703427314758,0,-60,-60,-254,-254,1,1,0,0,0,0,0,0,0,1.76008832455,1.760088324546814,0,89,89,181,181,169
32.png,dots1.png,08.png,16.png,14.png,06.png,04.png,33.png,27.png,23.png,17.png,13.png,07.png,03.png,tray1.png,24.png,"[-246, 223]","[-96, 223]","[54, 223]","[204, 223]","[-246, 73]","[-96, 73]","[54, 73]","[204, 73]","[-246, -77]","[-96, -77]","[54, -77]","[204, -77]","[-246, -227]","[-96, -227]","[54, -227]","[204, -227]","[100, 100]","[100, 100]","[100, 100]","[100, 100]","[100, 100]","[100, 100]","[100, 100]","[100, 100]","[100, 100]","[100, 100]","[100, 100]","[100, 100]","[100, 100]","[100, 100]","[100, 100]","[100, 100]",ok.png,"[0, -375]","[150, 100]",415,both,16,3,m,1,1,1,1,0,0,0,0,0,0,0,1.76475644112,1.764756441116333,0,-103,-103,211,211,1,1,0,0,0,0,0,0,0,0.835532009602,0.835532009601593,0,40,40,-244,-244,168
dots1.png,20.png,30.png,02.png,12.png,16.png,03.png,04.png,24.png,23.png,33.png,27.png,14.png,07.png,17.png,tray1.png,"[-226, 212]","[-76, 212]","[74, 212]","[224, 212]","[-226, 62]","[-76, 62]","[74, 62]","[224, 62]","[-226, -88]","[-76, -88]","[74, -88]","[224, -88]","[-226, -238]","[-76, -238]","[74, -238]","[224, -238]","[100, 100]","[100, 100]","[100, 100]","[100, 100]","[100, 100]","[100, 100]","[100, 100]","[100, 100]","[100, 100]","[100, 100]","[100, 100]","[100, 100]","[100, 100]","[100, 100]","[100, 100]","[100, 100]",ok.png,"[0, -375]","[150, 100]",416,both,16,3,m,1,1,1,1,0,0,0,0,0,0,0,5.09477376938,5.094773769378662,0,-235,-235,219,219,1,1,0,0,0,0,0,0,0,1.48638546467,1.486385464668274,0,223,223,-237,-237,167
03.png,dots1.png,29.png,09.png,25.png,02.png,32.png,11.png,12.png,22.png,16.png,31.png,13.png,04.png,tray1.png,18.png,"[-220, 249]","[-70, 249]","[80, 249]","[230, 249]","[-220, 99]","[-70, 99]","[80, 99]","[230, 99]","[-220, -51]","[-70, -51]","[80, -51]","[230, -51]","[-220, -201]","[-70, -201]","[80, -201]","[230, -201]","[100, 100]","[100, 100]","[100, 100]","[100, 100]","[100, 100]","[100, 100]","[100, 100]","[100, 100]","[100, 100]","[100, 100]","[100, 100]","[100, 100]","[100, 100]","[100, 100]","[100, 100]","[100, 100]",ok.png,"[0, -375]","[150, 100]",417,both,16,3,m,1,1,1,1,0,0,0,0,0,0,0,1.22851073742,1.228510737419128,0,-43,-43,245,245,1,1,0,0,0,0,0,0,0,1.05801320076,1.058013200759888,0,77,77,-173,-173,135
16.png,13.png,dots1.png,05.png,21.png,30.png,07.png,23.png,01.png,27.png,28.png,25.png,03.png,tray1.png,08.png,15.png,"[-202, 203]","[-52, 203]","[98, 203]","[248, 203]","[-202, 53]","[-52, 53]","[98, 53]","[248, 53]","[-202, -97]","[-52, -97]","[98, -97]","[248, -97]","[-202, -247]","[-52, -247]","[98, -247]","[248, -247]","[100, 100]","[100, 100]","[100, 100]","[100, 100]","[100, 100]","[100, 100]","[100, 100]","[100, 100]","[100, 100]","[100, 100]","[100, 100]","[100, 100]","[100, 100]","[100, 100]","[100, 100]","[100, 100]",ok.png,"[0, -375]","[150, 100]",418,both,16,3,m,1,1,1,1,0,0,0,0,0,0,0,1.44428682327,1.444286823272705,0,-44,-44,-270,-270,1,1,0,0,0,0,0,0,0,0.871571481228,0.8715714812278748,0,78,78,159,159,341
06.png,21.png,15.png,dots1.png,20.png,05.png,16.png,28.png,29.png,09.png,02.png,23.png,tray1.png,14.png,07.png,32.png,"[-205, 246]","[-55, 246]","[95, 246]","[245, 246]","[-205, 96]","[-55, 96]","[95, 96]","[245, 96]","[-205, -54]","[-55, -54]","[95, -54]","[245, -54]","[-205, -204]","[-55, -204]","[95, -204]","[245, -204]","[100, 100]","[100, 100]","[100, 100]","[100, 100]","[100, 100]","[100, 100]","[100, 100]","[100, 100]","[100, 100]","[100, 100]","[100, 100]","[100, 100]","[100, 100]","[100, 100]","[100, 100]","[100, 100]",ok.png,"[0, -375]","[150, 100]",419,both,16,3,m,1,1,1,1,0,0,0,0,0,0,0,1.38246750832,1.38246750831604,0,268,268,252,252,1,1,0,0,0,0,0,0,0,0.979299962521,0.9792999625205994,0,-201,-201,-197,-197,180
06.png,11.png,01.png,28.png,dots1.png,17.png,19.png,34.png,15.png,30.png,08.png,tray1.png,31.png,21.png,32.png,03.png,"[-203, 231]","[-53, 231]","[97, 231]","[247, 231]","[-203, 81]","[-53, 81]","[97, 81]","[247, 81]","[-203, -69]","[-53, -69]","[97, -69]","[247, -69]","[-203, -219]","[-53, -219]","[97, -219]","[247, -219]","[100, 100]","[100, 100]","[100, 100]","[100, 100]","[100, 100]","[100, 100]","[100, 100]","[100, 100]","[100, 100]","[100, 100]","[100, 100]","[100, 100]","[100, 100]","[100, 100]","[100, 100]","[100, 100]",ok.png,"[0, -375]","[150, 100]",420,both,16,3,m,1,1,1,1,0,0,0,0,0,0,0,0.976097404957,0.9760974049568176,0,-202,-202,61,61,1,1,0,0,0,0,0,0,0,0.546835958958,0.5468359589576721,0,227,227,-92,-92,329
09.png,03.png,12.png,04.png,32.png,dots1.png,24.png,27.png,07.png,09.png,tray1.png,10.png,13.png,16.png,22.png,28.png,"[-234, 228]","[-84, 228]","[66, 228]","[216, 228]","[-234, 78]","[-84, 78]","[66, 78]","[216, 78]","[-234, -72]","[-84, -72]","[66, -72]","[216, -72]","[-234, -222]","[-84, -222]","[66, -222]","[216, -222]","[100, 100]","[100, 100]","[100, 100]","[100, 100]","[100, 100]","[100, 100]","[100, 100]","[100, 100]","[100, 100]","[100, 100]","[100, 100]","[100, 100]","[100, 100]","[100, 100]","[100, 100]","[100, 100]",ok.png,"[0, -375]","[150, 100]",421,both,16,3,m,1,1,1,1,0,0,0,0,0,0,0,1.29903173447,1.299031734466553,0,-68,-68,57,57,1,1,0,0,0,0,0,0,0,0.86434841156,0.8643484115600586,0,78,78,-88,-88,88
18.png,14.png,25.png,12.png,33.png,19.png,dots1.png,08.png,01.png,tray1.png,07.png,10.png,34.png,20.png,26.png,30.png,"[-230, 242]","[-80, 242]","[70, 242]","[220, 242]","[-230, 92]","[-80, 92]","[70, 92]","[220, 92]","[-230, -58]","[-80, -58]","[70, -58]","[220, -58]","[-230, -208]","[-80, -208]","[70, -208]","[220, -208]","[100, 100]","[100, 100]","[100, 100]","[100, 100]","[100, 100]","[100, 100]","[100, 100]","[100, 100]","[100, 100]","[100, 100]","[100, 100]","[100, 100]","[100, 100]","[100, 100]","[100, 100]","[100, 100]",ok.png,"[0, -375]","[150, 100]",422,both,16,3,m,1,1,1,1,0,0,0,0,0,0,0,1.14931976795,1.149319767951965,0,52,52,92,92,1,1,0,0,0,0,0,0,0,0.542434990406,0.5424349904060364,0,-77,-77,-22,-22,401
11.png,13.png,17.png,18.png,21.png,14.png,25.png,dots1.png,tray1.png,02.png,04.png,30.png,26.png,24.png,33.png,01.png,"[-245, 208]","[-95, 208]","[55, 208]","[205, 208]","[-245, 58]","[-95, 58]","[55, 58]","[205, 58]","[-245, -92]","[-95, -92]","[55, -92]","[205, -92]","[-245, -242]","[-95, -242]","[55, -242]","[205, -242]","[100, 100]","[100, 100]","[100, 100]","[100, 100]","[100, 100]","[100, 100]","[100, 100]","[100, 100]","[100, 100]","[100, 100]","[100, 100]","[100, 100]","[100, 100]","[100, 100]","[100, 100]","[100, 100]",ok.png,"[0, -375]","[150, 100]",423,both,16,3,m,1,1,1,1,0,0,0,0,0,0,0,1.29151809216,1.291518092155457,0,230,230,44,44,1,1,0,0,0,0,0,0,0,0.63552159071,0.6355215907096863,0,-242,-242,-112,-112,133
08.png,14.png,10.png,20.png,11.png,07.png,22.png,tray1.png,dots1.png,31.png,26.png,30.png,09.png,29.png,03.png,19.png,"[-241, 231]","[-91, 231]","[59, 231]","[209, 231]","[-241, 81]","[-91, 81]","[59, 81]","[209, 81]","[-241, -69]","[-91, -69]","[59, -69]","[209, -69]","[-241, -219]","[-91, -219]","[59, -219]","[209, -219]","[100, 100]","[100, 100]","[100, 100]","[100, 100]","[100, 100]","[100, 100]","[100, 100]","[100, 100]","[100, 100]","[100, 100]","[100, 100]","[100, 100]","[100, 100]","[100, 100]","[100, 100]","[100, 100]",ok.png,"[0, -375]","[150, 100]",424,both,16,3,m,1,1,1,1,0,0,0,0,0,0,0,1.66776049137,1.667760491371155,0,202,202,86,86,1,1,0,0,0,0,0,0,0,0.731549680233,0.7315496802330017,0,-217,-217,-67,-67,37
31.png,03.png,13.png,11.png,23.png,21.png,tray1.png,30.png,33.png,dots1.png,14.png,05.png,19.png,32.png,29.png,26.png,"[-217, 240]","[-67, 240]","[83, 240]","[233, 240]","[-217, 90]","[-67, 90]","[83, 90]","[233, 90]","[-217, -60]","[-67, -60]","[83, -60]","[233, -60]","[-217, -210]","[-67, -210]","[83, -210]","[233, -210]","[100, 100]","[100, 100]","[100, 100]","[100, 100]","[100, 100]","[100, 100]","[100, 100]","[100, 100]","[100, 100]","[100, 100]","[100, 100]","[100, 100]","[100, 100]","[100, 100]","[100, 100]","[100, 100]",ok.png,"[0, -375]","[150, 100]",425,both,16,3,m,1,1,1,1,0,0,0,0,0,0,0,1.02278625965,1.022786259651184,0,52,52,87,87,1,1,0,0,0,0,0,0,0,0.697687804699,0.6976878046989441,0,-47,-47,-63,-63,126
dots2.png,14.png,13.png,12.png,11.png,10.png,09.png,08.png,07.png,06.png,05.png,04.png,03.png,02.png,01.png,tray2.png,"[-229, 218]","[-79, 218]","[71, 218]","[221, 218]","[-229, 68]","[-79, 68]","[71, 68]","[221, 68]","[-229, -82]","[-79, -82]","[71, -82]","[221, -82]","[-229, -232]","[-79, -232]","[71, -232]","[221, -232]","[100, 100]","[100, 100]","[100, 100]","[100, 100]","[100, 100]","[100, 100]","[100, 100]","[100, 100]","[100, 100]","[100, 100]","[100, 100]","[100, 100]","[100, 100]","[100, 100]","[100, 100]","[100, 100]",ok.png,"[0, -375]","[150, 100]",426,both,16,3,m,1,1,1,1,0,0,0,0,0,0,0,1.78050029278,1.780500292778015,0,201,201,-230,-230,1,1,0,0,0,0,0,0,0,0.815732419491,0.8157324194908142,0,-226,-226,199,199,251
23.png,dots2.png,31.png,32.png,33.png,34.png,14.png,15.png,13.png,12.png,11.png,10.png,01.png,09.png,tray2.png,08.png,"[-236, 223]","[-86, 223]","[64, 223]","[214, 223]","[-236, 73]","[-86, 73]","[64, 73]","[214, 73]","[-236, -77]","[-86, -77]","[64, -77]","[214, -77]","[-236, -227]","[-86, -227]","[64, -227]","[214, -227]","[100, 100]","[100, 100]","[100, 100]","[100, 100]","[100, 100]","[100, 100]","[100, 100]","[100, 100]","[100, 100]","[100, 100]","[100, 100]","[100, 100]","[100, 100]","[100, 100]","[100, 100]","[100, 100]",ok.png,"[0, -375]","[150, 100]",427,both,16,3,m,1,1,1,1,0,0,0,0,0,0,0,1.08716487885,1.087164878845215,0,-80,-80,203,203,1,1,0,0,0,0,0,0,0,0.512467741966,0.5124677419662476,0,69,69,-257,-257,321
27.png,30.png,dots2.png,24.png,23.png,22.png,21.png,20.png,19.png,18.png,17.png,16.png,15.png,tray2.png,06.png,05.png,"[-202, 223]","[-52, 223]","[98, 223]","[248, 223]","[-202, 73]","[-52, 73]","[98, 73]","[248, 73]","[-202, -77]","[-52, -77]","[98, -77]","[248, -77]","[-202, -227]","[-52, -227]","[98, -227]","[248, -227]","[100, 100]","[100, 100]","[100, 100]","[100, 100]","[100, 100]","[100, 100]","[100, 100]","[100, 100]","[100, 100]","[100, 100]","[100, 100]","[100, 100]","[100, 100]","[100, 100]","[100, 100]","[100, 100]",ok.png,"[0, -375]","[150, 100]",428,both,16,3,m,1,1,1,1,0,0,0,0,0,0,0,1.29008746147,1.290087461471558,0,-42,-42,-226,-226,1,1,0,0,0,0,0,0,0,3.48144602776,3.481446027755737,0,128,128,233,233,53
33.png,32.png,30.png,dots2.png,08.png,02.png,31.png,27.png,26.png,28.png,12.png,03.png,tray2.png,24.png,23.png,22.png,"[-217, 204]","[-67, 204]","[83, 204]","[233, 204]","[-217, 54]","[-67, 54]","[83, 54]","[233, 54]","[-217, -96]","[-67, -96]","[83, -96]","[233, -96]","[-217, -246]","[-67, -246]","[83, -246]","[233, -246]","[100, 100]","[100, 100]","[100, 100]","[100, 100]","[100, 100]","[100, 100]","[100, 100]","[100, 100]","[100, 100]","[100, 100]","[100, 100]","[100, 100]","[100, 100]","[100, 100]","[100, 100]","[100, 100]",ok.png,"[0, -375]","[150, 100]",429,both,16,3,m,1,1,1,1,0,0,0,0,0,0,0,1.32139539719,1.321395397186279,0,234,234,204,204,1,1,0,0,0,0,0,0,0,0.793668985367,0.7936689853668213,0,-185,-185,-252,-252,334
28.png,26.png,24.png,22.png,dots2.png,34.png,33.png,32.png,31.png,30.png,29.png,tray2.png,08.png,06.png,04.png,02.png,"[-245, 202]","[-95, 202]","[55, 202]","[205, 202]","[-245, 52]","[-95, 52]","[55, 52]","[205, 52]","[-245, -98]","[-95, -98]","[55, -98]","[205, -98]","[-245, -248]","[-95, -248]","[55, -248]","[205, -248]","[100, 100]","[100, 100]","[100, 100]","[100, 100]","[100, 100]","[100, 100]","[100, 100]","[100, 100]","[100, 100]","[100, 100]","[100, 100]","[100, 100]","[100, 100]","[100, 100]","[100, 100]","[100, 100]",ok.png,"[0, -375]","[150, 100]",430,both,16,3,m,1,1,1,1,0,0,0,0,0,0,0,1.08085358143,1.080853581428528,0,-243,-243,59,59,1,1,0,0,0,0,0,0,0,0.647972881794,0.6479728817939758,0,185,185,-84,-84,95
32.png,30.png,23.png,17.png,29.png,dots2.png,15.png,06.png,26.png,11.png,tray2.png,04.png,27.png,07.png,34.png,01.png,"[-248, 208]","[-98, 208]","[52, 208]","[202, 208]","[-248, 58]","[-98, 58]","[52, 58]","[202, 58]","[-248, -92]","[-98, -92]","[52, -92]","[202, -92]","[-248, -242]","[-98, -242]","[52, -242]","[202, -242]","[100, 100]","[100, 100]","[100, 100]","[100, 100]","[100, 100]","[100, 100]","[100, 100]","[100, 100]","[100, 100]","[100, 100]","[100, 100]","[100, 100]","[100, 100]","[100, 100]","[100, 100]","[100, 100]",ok.png,"[0, -375]","[150, 100]",431,both,16,3,m,1,1,1,1,0,0,0,0,0,0,0,1.02543628216,1.025436282157898,0,-86,-86,65,65,1,1,0,0,0,0,0,0,0,0.931656897068,0.9316568970680236,0,31,31,-95,-95,427
17.png,09.png,22.png,06.png,27.png,13.png,dots2.png,18.png,25.png,tray2.png,03.png,07.png,05.png,02.png,24.png,12.png,"[-229, 224]","[-79, 224]","[71, 224]","[221, 224]","[-229, 74]","[-79, 74]","[71, 74]","[221, 74]","[-229, -76]","[-79, -76]","[71, -76]","[221, -76]","[-229, -226]","[-79, -226]","[71, -226]","[221, -226]","[100, 100]","[100, 100]","[100, 100]","[100, 100]","[100, 100]","[100, 100]","[100, 100]","[100, 100]","[100, 100]","[100, 100]","[100, 100]","[100, 100]","[100, 100]","[100, 100]","[100, 100]","[100, 100]",ok.png,"[0, -375]","[150, 100]",432,both,16,3,m,1,1,1,1,0,0,0,0,0,0,0,1.36755228043,1.367552280426025,0,-85,-85,-72,-72,1,1,0,0,0,0,0,0,0,0.620160937309,0.6201609373092651,0,91,91,43,43,235
22.png,33.png,01.png,09.png,31.png,25.png,17.png,dots2.png,tray2.png,27.png,15.png,20.png,07.png,33.png,05.png,13.png,"[-226, 214]","[-76, 214]","[74, 214]","[224, 214]","[-226, 64]","[-76, 64]","[74, 64]","[224, 64]","[-226, -86]","[-76, -86]","[74, -86]","[224, -86]","[-226, -236]","[-76, -236]","[74, -236]","[224, -236]","[100, 100]","[100, 100]","[100, 100]","[100, 100]","[100, 100]","[100, 100]","[100, 100]","[100, 100]","[100, 100]","[100, 100]","[100, 100]","[100, 100]","[100, 100]","[100, 100]","[100, 100]","[100, 100]",ok.png,"[0, -375]","[150, 100]",433,both,16,3,m,1,1,1,1,0,0,0,0,0,0,0,1.49087440968,1.490874409675598,0,-238,-238,-66,-66,1,1,0,0,0,0,0,0,0,1.26072597504,1.260725975036621,0,243,243,72,72,76
33.png,31.png,25.png,21.png,27.png,23.png,29.png,tray2.png,dots2.png,04.png,08.png,02.png,16.png,13.png,10.png,07.png,"[-215, 208]","[-65, 208]","[85, 208]","[235, 208]","[-215, 58]","[-65, 58]","[85, 58]","[235, 58]","[-215, -92]","[-65, -92]","[85, -92]","[235, -92]","[-215, -242]","[-65, -242]","[85, -242]","[235, -242]","[100, 100]","[100, 100]","[100, 100]","[100, 100]","[100, 100]","[100, 100]","[100, 100]","[100, 100]","[100, 100]","[100, 100]","[100, 100]","[100, 100]","[100, 100]","[100, 100]","[100, 100]","[100, 100]",ok.png,"[0, -375]","[150, 100]",434,both,16,3,m,1,1,1,1,0,0,0,0,0,0,0,1.69602644444,1.69602644443512,0,250,250,47,47,1,1,0,0,0,0,0,0,0,0.499678760767,0.499678760766983,0,-193,-193,-120,-120,12
30.png,32.png,27.png,21.png,26.png,24.png,tray2.png,22.png,20.png,dots2.png,16.png,14.png,03.png,05.png,07.png,09.png,"[-212, 228]","[-62, 228]","[88, 228]","[238, 228]","[-212, 78]","[-62, 78]","[88, 78]","[238, 78]","[-212, -72]","[-62, -72]","[88, -72]","[238, -72]","[-212, -222]","[-62, -222]","[88, -222]","[238, -222]","[100, 100]","[100, 100]","[100, 100]","[100, 100]","[100, 100]","[100, 100]","[100, 100]","[100, 100]","[100, 100]","[100, 100]","[100, 100]","[100, 100]","[100, 100]","[100, 100]","[100, 100]","[100, 100]",ok.png,"[0, -375]","[150, 100]",435,both,16,3,m,1,1,1,1,0,0,0,0,0,0,0,1.25890088081,1.258900880813599,0,90,90,91,91,1,1,0,0,0,0,0,0,0,0.753451943398,0.753451943397522,0,-46,-46,-66,-66,90
01.png,18.png,27.png,24.png,21.png,tray2.png,19.png,16.png,32.png,34.png,dots2.png,13.png,31.png,33.png,14.png,05.png,"[-218, 204]","[-68, 204]","[82, 204]","[232, 204]","[-218, 54]","[-68, 54]","[82, 54]","[232, 54]","[-218, -96]","[-68, -96]","[82, -96]","[232, -96]","[-218, -246]","[-68, -246]","[82, -246]","[232, -246]","[100, 100]","[100, 100]","[100, 100]","[100, 100]","[100, 100]","[100, 100]","[100, 100]","[100, 100]","[100, 100]","[100, 100]","[100, 100]","[100, 100]","[100, 100]","[100, 100]","[100, 100]","[100, 100]",ok.png,"[0, -375]","[150, 100]",436,both,16,3,m,1,1,1,1,0,0,0,0,0,0,0,1.71186470985,1.711864709854126,0,-82,-82,36,36,1,1,0,0,0,0,0,0,0,0.55376791954,0.5537679195404053,0,74,74,-123,-123,247
34.png,27.png,08.png,18.png,tray2.png,11.png,16.png,21.png,17.png,04.png,24.png,dots2.png,25.png,20.png,15.png,10.png,"[-204, 216]","[-54, 216]","[96, 216]","[246, 216]","[-204, 66]","[-54, 66]","[96, 66]","[246, 66]","[-204, -84]","[-54, -84]","[96, -84]","[246, -84]","[-204, -234]","[-54, -234]","[96, -234]","[246, -234]","[100, 100]","[100, 100]","[100, 100]","[100, 100]","[100, 100]","[100, 100]","[100, 100]","[100, 100]","[100, 100]","[100, 100]","[100, 100]","[100, 100]","[100, 100]","[100, 100]","[100, 100]","[100, 100]",ok.png,"[0, -375]","[150, 100]",437,both,16,3,m,1,1,1,1,0,0,0,0,0,0,0,1.67733120918,1.677331209182739,0,-197,-197,47,47,1,1,0,0,0,0,0,0,0,2.11082148552,2.110821485519409,0,14,14,-387,-387,424
04.png,02.png,05.png,tray2.png,08.png,07.png,01.png,03.png,26.png,29.png,32.png,28.png,dots2.png,20.png,10.png,16.png,"[-207, 235]","[-57, 235]","[93, 235]","[243, 235]","[-207, 85]","[-57, 85]","[93, 85]","[243, 85]","[-207, -65]","[-57, -65]","[93, -65]","[243, -65]","[-207, -215]","[-57, -215]","[93, -215]","[243, -215]","[100, 100]","[100, 100]","[100, 100]","[100, 100]","[100, 100]","[100, 100]","[100, 100]","[100, 100]","[100, 100]","[100, 100]","[100, 100]","[100, 100]","[100, 100]","[100, 100]","[100, 100]","[100, 100]",ok.png,"[0, -375]","[150, 100]",438,both,16,3,m,1,1,1,1,0,0,0,0,0,0,0,1.42559432983,1.425594329833984,0,218,218,222,222,1,1,0,0,0,0,0,0,0,1.10838186741,1.108381867408752,0,-202,-202,-227,-227,58
01.png,12.png,tray2.png,23.png,10.png,02.png,28.png,13.png,08.png,33.png,03.png,15.png,16.png,dots2.png,17.png,29.png,"[-208, 232]","[-58, 232]","[92, 232]","[242, 232]","[-208, 82]","[-58, 82]","[92, 82]","[242, 82]","[-208, -68]","[-58, -68]","[92, -68]","[242, -68]","[-208, -218]","[-58, -218]","[92, -218]","[242, -218]","[100, 100]","[100, 100]","[100, 100]","[100, 100]","[100, 100]","[100, 100]","[100, 100]","[100, 100]","[100, 100]","[100, 100]","[100, 100]","[100, 100]","[100, 100]","[100, 100]","[100, 100]","[100, 100]",ok.png,"[0, -375]","[150, 100]",439,both,16,3,m,1,1,1,1,0,0,0,0,0,0,0,1.30616617203,1.306166172027588,0,112,112,206,206,1,1,0,0,0,0,0,0,0,1.35558402538,1.355584025382996,0,-47,-47,-238,-238,240
24.png,tray2.png,03.png,07.png,13.png,17.png,23.png,27.png,33.png,04.png,06.png,14.png,16.png,08.png,dots2.png,32.png,"[-206, 239]","[-56, 239]","[94, 239]","[244, 239]","[-206, 89]","[-56, 89]","[94, 89]","[244, 89]","[-206, -61]","[-56, -61]","[94, -61]","[244, -61]","[-206, -211]","[-56, -211]","[94, -211]","[244, -211]","[100, 100]","[100, 100]","[100, 100]","[100, 100]","[100, 100]","[100, 100]","[100, 100]","[100, 100]","[100, 100]","[100, 100]","[100, 100]","[100, 100]","[100, 100]","[100, 100]","[100, 100]","[100, 100]",ok.png,"[0, -375]","[150, 100]",440,both,16,3,m,1,1,1,1,0,0,0,0,0,0,0,1.28533923626,1.28533923625946,0,-61,-61,224,224,1,1,0,0,0,0,0,0,0,1.94780647755,1.947806477546692,0,117,117,-250,-250,187
tray2.png,17.png,07.png,14.png,27.png,33.png,23.png,24.png,04.png,03.png,16.png,12.png,02.png,30.png,20.png,dots2.png,"[-220, 216]","[-70, 216]","[80, 216]","[230, 216]","[-220, 66]","[-70, 66]","[80, 66]","[230, 66]","[-220, -84]","[-70, -84]","[80, -84]","[230, -84]","[-220, -234]","[-70, -234]","[80, -234]","[230, -234]","[100, 100]","[100, 100]","[100, 100]","[100, 100]","[100, 100]","[100, 100]","[100, 100]","[100, 100]","[100, 100]","[100, 100]","[100, 100]","[100, 100]","[100, 100]","[100, 100]","[100, 100]","[100, 100]",ok.png,"[0, -375]","[150, 100]",441,both,16,3,m,1,1,1,1,0,0,0,0,0,0,0,1.4862729311,1.486272931098938,0,-221,-221,226,226,1,1,0,0,0,0,0,0,0,2.28167200089,2.28167200088501,0,217,217,-249,-249,137
18.png,tray2.png,04.png,13.png,31.png,16.png,22.png,12.png,11.png,32.png,02.png,25.png,09.png,29.png,dots2.png,03.png,"[-201, 247]","[-51, 247]","[99, 247]","[249, 247]","[-201, 97]","[-51, 97]","[99, 97]","[249, 97]","[-201, -53]","[-51, -53]","[99, -53]","[249, -53]","[-201, -203]","[-51, -203]","[99, -203]","[249, -203]","[100, 100]","[100, 100]","[100, 100]","[100, 100]","[100, 100]","[100, 100]","[100, 100]","[100, 100]","[100, 100]","[100, 100]","[100, 100]","[100, 100]","[100, 100]","[100, 100]","[100, 100]","[100, 100]",ok.png,"[0, -375]","[150, 100]",442,both,16,3,m,1,1,1,1,0,0,0,0,0,0,0,1.22467041016,1.22467041015625,0,-73,-73,257,257,1,1,0,0,0,0,0,0,0,0.964832901955,0.9648329019546508,0,134,134,-246,-246,277
15.png,08.png,tray2.png,03.png,25.png,28.png,27.png,01.png,23.png,07.png,30.png,21.png,05.png,dots2.png,13.png,16.png,"[-204, 224]","[-54, 224]","[96, 224]","[246, 224]","[-204, 74]","[-54, 74]","[96, 74]","[246, 74]","[-204, -76]","[-54, -76]","[96, -76]","[246, -76]","[-204, -226]","[-54, -226]","[96, -226]","[246, -226]","[100, 100]","[100, 100]","[100, 100]","[100, 100]","[100, 100]","[100, 100]","[100, 100]","[100, 100]","[100, 100]","[100, 100]","[100, 100]","[100, 100]","[100, 100]","[100, 100]","[100, 100]","[100, 100]",ok.png,"[0, -375]","[150, 100]",443,both,16,3,m,1,1,1,1,0,0,0,0,0,0,0,2.61439037323,2.61439037322998,0,102,102,232,232,1,1,0,0,0,0,0,0,0,0.968737840652,0.9687378406524658,0,-47,-47,-245,-245,87
32.png,07.png,14.png,tray2.png,23.png,02.png,09.png,29.png,28.png,16.png,05.png,20.png,dots2.png,15.png,21.png,06.png,"[-228, 236]","[-78, 236]","[72, 236]","[222, 236]","[-228, 86]","[-78, 86]","[72, 86]","[222, 86]","[-228, -64]","[-78, -64]","[72, -64]","[222, -64]","[-228, -214]","[-78, -214]","[72, -214]","[222, -214]","[100, 100]","[100, 100]","[100, 100]","[100, 100]","[100, 100]","[100, 100]","[100, 100]","[100, 100]","[100, 100]","[100, 100]","[100, 100]","[100, 100]","[100, 100]","[100, 100]","[100, 100]","[100, 100]",ok.png,"[0, -375]","[150, 100]",444,both,16,3,m,1,1,1,1,0,0,0,0,0,0,0,1.27130591869,1.271305918693542,0,216,216,234,234,1,1,0,0,0,0,0,0,0,1.17500925064,1.175009250640869,0,-226,-226,-203,-203,161
03.png,32.png,21.png,31.png,tray2.png,08.png,30.png,15.png,34.png,19.png,17.png,dots2.png,28.png,01.png,11.png,06.png,"[-245, 208]","[-95, 208]","[55, 208]","[205, 208]","[-245, 58]","[-95, 58]","[55, 58]","[205, 58]","[-245, -92]","[-95, -92]","[55, -92]","[205, -92]","[-245, -242]","[-95, -242]","[55, -242]","[205, -242]","[100, 100]","[100, 100]","[100, 100]","[100, 100]","[100, 100]","[100, 100]","[100, 100]","[100, 100]","[100, 100]","[100, 100]","[100, 100]","[100, 100]","[100, 100]","[100, 100]","[100, 100]","[100, 100]",ok.png,"[0, -375]","[150, 100]",445,both,16,3,m,1,1,1,1,0,0,0,0,0,0,0,1.42967474461,1.429674744606018,0,-250,-250,41,41,1,1,0,0,0,0,0,0,0,0.746698260307,0.746698260307312,0,190,190,-98,-98,271
28.png,22.png,16.png,13.png,10.png,tray2.png,09.png,07.png,27.png,24.png,dots2.png,32.png,04.png,12.png,03.png,09.png,"[-230, 233]","[-80, 233]","[70, 233]","[220, 233]","[-230, 83]","[-80, 83]","[70, 83]","[220, 83]","[-230, -67]","[-80, -67]","[70, -67]","[220, -67]","[-230, -217]","[-80, -217]","[70, -217]","[220, -217]","[100, 100]","[100, 100]","[100, 100]","[100, 100]","[100, 100]","[100, 100]","[100, 100]","[100, 100]","[100, 100]","[100, 100]","[100, 100]","[100, 100]","[100, 100]","[100, 100]","[100, 100]","[100, 100]",ok.png,"[0, -375]","[150, 100]",446,both,16,3,m,1,1,1,1,0,0,0,0,0,0,0,1.35812222958,1.358122229576111,0,-80,-80,77,77,1,1,0,0,0,0,0,0,0,0.580566525459,0.5805665254592896,0,58,58,-88,-88,435
30.png,26.png,20.png,34.png,10.png,07.png,tray2.png,01.png,08.png,dots2.png,19.png,33.png,12.png,25.png,14.png,18.png,"[-234, 211]","[-84, 211]","[66, 211]","[216, 211]","[-234, 61]","[-84, 61]","[66, 61]","[216, 61]","[-234, -89]","[-84, -89]","[66, -89]","[216, -89]","[-234, -239]","[-84, -239]","[66, -239]","[216, -239]","[100, 100]","[100, 100]","[100, 100]","[100, 100]","[100, 100]","[100, 100]","[100, 100]","[100, 100]","[100, 100]","[100, 100]","[100, 100]","[100, 100]","[100, 100]","[100, 100]","[100, 100]","[100, 100]",ok.png,"[0, -375]","[150, 100]",447,both,16,3,m,1,1,1,1,0,0,0,0,0,0,0,1.25513041019,1.255130410194397,0,83,83,45,45,1,1,0,0,0,0,0,0,0,0.625890016556,0.6258900165557861,0,-76,-76,-113,-113,267
01.png,33.png,24.png,26.png,30.png,04.png,02.png,tray2.png,dots2.png,25.png,14.png,21.png,18.png,17.png,13.png,11.png,"[-234, 211]","[-84, 211]","[66, 211]","[216, 211]","[-234, 61]","[-84, 61]","[66, 61]","[216, 61]","[-234, -89]","[-84, -89]","[66, -89]","[216, -89]","[-234, -239]","[-84, -239]","[66, -239]","[216, -239]","[100, 100]","[100, 100]","[100, 100]","[100, 100]","[100, 100]","[100, 100]","[100, 100]","[100, 100]","[100, 100]","[100, 100]","[100, 100]","[100, 100]","[100, 100]","[100, 100]","[100, 100]","[100, 100]",ok.png,"[0, -375]","[150, 100]",448,both,16,3,m,1,1,1,1,0,0,0,0,0,0,0,1.31453323364,1.314533233642578,0,-230,-230,-106,-106,1,1,0,0,0,0,0,0,0,0.814906895161,0.814906895160675,0,259,259,82,82,218
19.png,03.png,29.png,09.png,30.png,26.png,31.png,dots2.png,tray2.png,22.png,07.png,11.png,20.png,10.png,14.png,08.png,"[-250, 247]","[-100, 247]","[50, 247]","[200, 247]","[-250, 97]","[-100, 97]","[50, 97]","[200, 97]","[-250, -53]","[-100, -53]","[50, -53]","[200, -53]","[-250, -203]","[-100, -203]","[50, -203]","[200, -203]","[100, 100]","[100, 100]","[100, 100]","[100, 100]","[100, 100]","[100, 100]","[100, 100]","[100, 100]","[100, 100]","[100, 100]","[100, 100]","[100, 100]","[100, 100]","[100, 100]","[100, 100]","[100, 100]",ok.png,"[0, -375]","[150, 100]",449,both,16,3,m,1,1,1,1,0,0,0,0,0,0,0,1.29072403908,1.290724039077759,0,-256,-256,-38,-38,1,1,0,0,0,0,0,0,0,1.10529017448,1.105290174484253,0,232,232,96,96,70
26.png,29.png,32.png,19.png,05.png,14.png,dots2.png,33.png,30.png,tray2.png,21.png,23.png,11.png,13.png,03.png,31.png,"[-222, 214]","[-72, 214]","[78, 214]","[228, 214]","[-222, 64]","[-72, 64]","[78, 64]","[228, 64]","[-222, -86]","[-72, -86]","[78, -86]","[228, -86]","[-222, -236]","[-72, -236]","[78, -236]","[228, -236]","[100, 100]","[100, 100]","[100, 100]","[100, 100]","[100, 100]","[100, 100]","[100, 100]","[100, 100]","[100, 100]","[100, 100]","[100, 100]","[100, 100]","[100, 100]","[100, 100]","[100, 100]","[100, 100]",ok.png,"[0, -375]","[150, 100]",450,both,16,3,m,1,1,1,1,0,0,0,0,0,0,0,1.21098208427,1.210982084274292,0,-62,-62,-92,-92,1,1,0,0,0,0,0,0,0,0.53787869215,0.537878692150116,0,94,94,82,82,371
NA,NA,NA,NA,NA,NA,NA,NA,NA,NA,NA,NA,NA,NA,NA,NA,NA,NA,NA,NA,NA,NA,NA,NA,NA,NA,NA,NA,NA,NA,NA,NA,NA,NA,NA,NA,NA,NA,NA,NA,NA,NA,NA,NA,NA,NA,NA,NA,NA,NA,NA,NA,NA,NA,NA,NA,NA,NA,NA,NA,NA,NA,NA,NA,NA,NA,NA,NA,NA,NA,NA,NA,NA,NA,NA,NA,NA,NA,NA,NA,NA,NA,NA,NA,NA,NA,NA,NA,NA,NA,NA
extraInfo,NA,NA,NA,NA,NA,NA,NA,NA,NA,NA,NA,NA,NA,NA,NA,NA,NA,NA,NA,NA,NA,NA,NA,NA,NA,NA,NA,NA,NA,NA,NA,NA,NA,NA,NA,NA,NA,NA,NA,NA,NA,NA,NA,NA,NA,NA,NA,NA,NA,NA,NA,NA,NA,NA,NA,NA,NA,NA,NA,NA,NA,NA,NA,NA,NA,NA,NA,NA,NA,NA,NA,NA,NA,NA,NA,NA,NA,NA,NA,NA,NA,NA,NA,NA,NA,NA,NA,NA,NA,NA
expName,sharexp,NA,NA,NA,NA,NA,NA,NA,NA,NA,NA,NA,NA,NA,NA,NA,NA,NA,NA,NA,NA,NA,NA,NA,NA,NA,NA,NA,NA,NA,NA,NA,NA,NA,NA,NA,NA,NA,NA,NA,NA,NA,NA,NA,NA,NA,NA,NA,NA,NA,NA,NA,NA,NA,NA,NA,NA,NA,NA,NA,NA,NA,NA,NA,NA,NA,NA,NA,NA,NA,NA,NA,NA,NA,NA,NA,NA,NA,NA,NA,NA,NA,NA,NA,NA,NA,NA,NA,NA,NA
age,NA,NA,NA,NA,NA,NA,NA,NA,NA,NA,NA,NA,NA,NA,NA,NA,NA,NA,NA,NA,NA,NA,NA,NA,NA,NA,NA,NA,NA,NA,NA,NA,NA,NA,NA,NA,NA,NA,NA,NA,NA,NA,NA,NA,NA,NA,NA,NA,NA,NA,NA,NA,NA,NA,NA,NA,NA,NA,NA,NA,NA,NA,NA,NA,NA,NA,NA,NA,NA,NA,NA,NA,NA,NA,NA,NA,NA,NA,NA,NA,NA,NA,NA,NA,NA,NA,NA,NA,NA,NA
frameRate,NA,NA,NA,NA,NA,NA,NA,NA,NA,NA,NA,NA,NA,NA,NA,NA,NA,NA,NA,NA,NA,NA,NA,NA,NA,NA,NA,NA,NA,NA,NA,NA,NA,NA,NA,NA,NA,NA,NA,NA,NA,NA,NA,NA,NA,NA,NA,NA,NA,NA,NA,NA,NA,NA,NA,NA,NA,NA,NA,NA,NA,NA,NA,NA,NA,NA,NA,NA,NA,NA,NA,NA,NA,NA,NA,NA,NA,NA,NA,NA,NA,NA,NA,NA,NA,NA,NA,NA,NA,NA
session,1,NA,NA,NA,NA,NA,NA,NA,NA,NA,NA,NA,NA,NA,NA,NA,NA,NA,NA,NA,NA,NA,NA,NA,NA,NA,NA,NA,NA,NA,NA,NA,NA,NA,NA,NA,NA,NA,NA,NA,NA,NA,NA,NA,NA,NA,NA,NA,NA,NA,NA,NA,NA,NA,NA,NA,NA,NA,NA,NA,NA,NA,NA,NA,NA,NA,NA,NA,NA,NA,NA,NA,NA,NA,NA,NA,NA,NA,NA,NA,NA,NA,NA,NA,NA,NA,NA,NA,NA,NA
date,2019_May_13_1251,NA,NA,NA,NA,NA,NA,NA,NA,NA,NA,NA,NA,NA,NA,NA,NA,NA,NA,NA,NA,NA,NA,NA,NA,NA,NA,NA,NA,NA,NA,NA,NA,NA,NA,NA,NA,NA,NA,NA,NA,NA,NA,NA,NA,NA,NA,NA,NA,NA,NA,NA,NA,NA,NA,NA,NA,NA,NA,NA,NA,NA,NA,NA,NA,NA,NA,NA,NA,NA,NA,NA,NA,NA,NA,NA,NA,NA,NA,NA,NA,NA,NA,NA,NA,NA,NA,NA,NA,NA
participant,15,NA,NA,NA,NA,NA,NA,NA,NA,NA,NA,NA,NA,NA,NA,NA,NA,NA,NA,NA,NA,NA,NA,NA,NA,NA,NA,NA,NA,NA,NA,NA,NA,NA,NA,NA,NA,NA,NA,NA,NA,NA,NA,NA,NA,NA,NA,NA,NA,NA,NA,NA,NA,NA,NA,NA,NA,NA,NA,NA,NA,NA,NA,NA,NA,NA,NA,NA,NA,NA,NA,NA,NA,NA,NA,NA,NA,NA,NA,NA,NA,NA,NA,NA,NA,NA,NA,NA,NA,NA
