stim1,stim2,stim3,stim4,stim5,stim6,stim7,stim8,stim9,stim10,stim11,stim12,stim13,stim14,stim15,stim16,pos1,pos2,pos3,pos4,pos5,pos6,pos7,pos8,pos9,pos10,pos11,pos12,pos13,pos14,pos15,pos16,size1,size2,size3,size4,size5,size6,size7,size8,size9,size10,size11,size12,size13,size14,size15,size16,ok,posok,sizeok,numtrial,trialtype,setsize,trialtypenum,ser,sernum,n,mouse_main1.leftButton_mean,mouse_main1.leftButton_raw,mouse_main1.leftButton_std,mouse_main1.midButton_mean,mouse_main1.midButton_raw,mouse_main1.midButton_std,mouse_main1.rightButton_mean,mouse_main1.rightButton_raw,mouse_main1.rightButton_std,mouse_main1.time_mean,mouse_main1.time_raw,mouse_main1.time_std,mouse_main1.x_mean,mouse_main1.x_raw,mouse_main1.y_mean,mouse_main1.y_raw,mouse_main2.leftButton_mean,mouse_main2.leftButton_raw,mouse_main2.leftButton_std,mouse_main2.midButton_mean,mouse_main2.midButton_raw,mouse_main2.midButton_std,mouse_main2.rightButton_mean,mouse_main2.rightButton_raw,mouse_main2.rightButton_std,mouse_main2.time_mean,mouse_main2.time_raw,mouse_main2.time_std,mouse_main2.x_mean,mouse_main2.x_raw,mouse_main2.y_mean,mouse_main2.y_raw,order
tray1.png,01.png,02.png,03.png,04.png,05.png,06.png,07.png,00.png,00.png,00.png,00.png,00.png,00.png,00.png,00.png,"[-238, 202]","[-88, 202]","[62, 202]","[212, 202]","[-238, 52]","[-88, 52]","[62, 52]","[212, 52]","[-238, -98]","[-88, -98]","[62, -98]","[212, -98]","[-238, -248]","[-88, -248]","[62, -248]","[212, -248]","[100, 100]","[100, 100]","[100, 100]","[100, 100]","[100, 100]","[100, 100]","[100, 100]","[100, 100]","[100, 100]","[100, 100]","[100, 100]","[100, 100]","[100, 100]","[100, 100]","[100, 100]","[100, 100]",ok.png,"[0, -375]","[150, 100]",1,tray,8,1,m,1,1,1,1,0,0,0,0,0,0,0,2.58211493492,2.582114934921265,0,-227,-227,179,179,1,1,0,0,0,0,0,0,0,0.499590545893,0.4995905458927155,0,-31,-31,-379,-379,99
08.png,tray1.png,09.png,00.png,10.png,11.png,12.png,13.png,00.png,14.png,00.png,00.png,00.png,00.png,00.png,00.png,"[-213, 226]","[-63, 226]","[87, 226]","[237, 226]","[-213, 76]","[-63, 76]","[87, 76]","[237, 76]","[-213, -74]","[-63, -74]","[87, -74]","[237, -74]","[-213, -224]","[-63, -224]","[87, -224]","[237, -224]","[100, 100]","[100, 100]","[100, 100]","[100, 100]","[100, 100]","[100, 100]","[100, 100]","[100, 100]","[100, 100]","[100, 100]","[100, 100]","[100, 100]","[100, 100]","[100, 100]","[100, 100]","[100, 100]",ok.png,"[0, -375]","[150, 100]",2,tray,8,1,m,1,1,1,1,0,0,0,0,0,0,0,1.06573140621,1.065731406211853,0,-62,-62,196,196,1,1,0,0,0,0,0,0,0,0.649303913116,0.6493039131164551,0,20,20,-354,-354,302
00.png,00.png,tray1.png,15.png,16.png,17.png,18.png,19.png,20.png,21.png,00.png,00.png,00.png,00.png,00.png,00.png,"[-234, 217]","[-84, 217]","[66, 217]","[216, 217]","[-234, 67]","[-84, 67]","[66, 67]","[216, 67]","[-234, -83]","[-84, -83]","[66, -83]","[216, -83]","[-234, -233]","[-84, -233]","[66, -233]","[216, -233]","[100, 100]","[100, 100]","[100, 100]","[100, 100]","[100, 100]","[100, 100]","[100, 100]","[100, 100]","[100, 100]","[100, 100]","[100, 100]","[100, 100]","[100, 100]","[100, 100]","[100, 100]","[100, 100]",ok.png,"[0, -375]","[150, 100]",3,tray,8,1,m,1,1,1,1,0,0,0,0,0,0,0,1.14907872677,1.149078726768494,0,96,96,208,208,1,1,0,0,0,0,0,0,0,0.965973317623,0.9659733176231384,0,12,12,-390,-390,88
22.png,23.png,24.png,tray1.png,00.png,00.png,25.png,26.png,00.png,00.png,27.png,28.png,00.png,00.png,00.png,00.png,"[-247, 218]","[-97, 218]","[53, 218]","[203, 218]","[-247, 68]","[-97, 68]","[53, 68]","[203, 68]","[-247, -82]","[-97, -82]","[53, -82]","[203, -82]","[-247, -232]","[-97, -232]","[53, -232]","[203, -232]","[100, 100]","[100, 100]","[100, 100]","[100, 100]","[100, 100]","[100, 100]","[100, 100]","[100, 100]","[100, 100]","[100, 100]","[100, 100]","[100, 100]","[100, 100]","[100, 100]","[100, 100]","[100, 100]",ok.png,"[0, -375]","[150, 100]",4,tray,8,1,m,1,1,1,1,0,0,0,0,0,0,0,2.11543726921,2.115437269210815,0,181,181,232,232,1,1,0,0,0,0,0,0,0,1.14980947971,1.14980947971344,0,49,49,-397,-397,70
00.png,00.png,00.png,00.png,tray1.png,29.png,30.png,31.png,32.png,33.png,34.png,01.png,00.png,00.png,00.png,00.png,"[-243, 209]","[-93, 209]","[57, 209]","[207, 209]","[-243, 59]","[-93, 59]","[57, 59]","[207, 59]","[-243, -91]","[-93, -91]","[57, -91]","[207, -91]","[-243, -241]","[-93, -241]","[57, -241]","[207, -241]","[100, 100]","[100, 100]","[100, 100]","[100, 100]","[100, 100]","[100, 100]","[100, 100]","[100, 100]","[100, 100]","[100, 100]","[100, 100]","[100, 100]","[100, 100]","[100, 100]","[100, 100]","[100, 100]",ok.png,"[0, -375]","[150, 100]",5,tray,8,1,m,1,1,1,1,0,0,0,0,0,0,0,1.04916167259,1.049161672592163,0,-231,-231,50,50,1,1,0,0,0,0,0,0,0,0.582681059837,0.5826810598373413,0,85,85,-384,-384,37
01.png,34.png,00.png,00.png,04.png,tray1.png,00.png,00.png,06.png,15.png,00.png,00.png,17.png,23.png,00.png,00.png,"[-210, 240]","[-60, 240]","[90, 240]","[240, 240]","[-210, 90]","[-60, 90]","[90, 90]","[240, 90]","[-210, -60]","[-60, -60]","[90, -60]","[240, -60]","[-210, -210]","[-60, -210]","[90, -210]","[240, -210]","[100, 100]","[100, 100]","[100, 100]","[100, 100]","[100, 100]","[100, 100]","[100, 100]","[100, 100]","[100, 100]","[100, 100]","[100, 100]","[100, 100]","[100, 100]","[100, 100]","[100, 100]","[100, 100]",ok.png,"[0, -375]","[150, 100]",6,tray,8,1,m,1,1,1,1,0,0,0,0,0,0,0,0.682106018066,0.68210601806640625,0,-80,-80,85,85,1,1,0,0,0,0,0,0,0,0.616236388683,0.6162363886833191,0,34,34,-362,-362,351
00.png,00.png,00.png,00.png,07.png,03.png,tray1.png,25.png,00.png,00.png,00.png,00.png,06.png,22.png,09.png,14.png,"[-227, 216]","[-77, 216]","[73, 216]","[223, 216]","[-227, 66]","[-77, 66]","[73, 66]","[223, 66]","[-227, -84]","[-77, -84]","[73, -84]","[223, -84]","[-227, -234]","[-77, -234]","[73, -234]","[223, -234]","[100, 100]","[100, 100]","[100, 100]","[100, 100]","[100, 100]","[100, 100]","[100, 100]","[100, 100]","[100, 100]","[100, 100]","[100, 100]","[100, 100]","[100, 100]","[100, 100]","[100, 100]","[100, 100]",ok.png,"[0, -375]","[150, 100]",7,tray,8,1,m,1,1,1,1,0,0,0,0,0,0,0,0.815722644329,0.815722644329071,0,64,64,73,73,1,1,0,0,0,0,0,0,0,0.649487614632,0.6494876146316528,0,2,2,-361,-361,137
00.png,05.png,33.png,07.png,00.png,00.png,27.png,tray1.png,00.png,17.png,30.png,31.png,00.png,00.png,00.png,00.png,"[-237, 202]","[-87, 202]","[63, 202]","[213, 202]","[-237, 52]","[-87, 52]","[63, 52]","[213, 52]","[-237, -98]","[-87, -98]","[63, -98]","[213, -98]","[-237, -248]","[-87, -248]","[63, -248]","[213, -248]","[100, 100]","[100, 100]","[100, 100]","[100, 100]","[100, 100]","[100, 100]","[100, 100]","[100, 100]","[100, 100]","[100, 100]","[100, 100]","[100, 100]","[100, 100]","[100, 100]","[100, 100]","[100, 100]",ok.png,"[0, -375]","[150, 100]",8,tray,8,1,m,1,1,1,1,0,0,0,0,0,0,0,1.11576974392,1.115769743919373,0,188,188,45,45,1,1,0,0,0,0,0,0,0,0.416139960289,0.4161399602890015,0,-49,-49,-338,-338,201
00.png,00.png,00.png,00.png,00.png,00.png,00.png,00.png,tray1.png,29.png,23.png,27.png,21.png,25.png,31.png,33.png,"[-229, 207]","[-79, 207]","[71, 207]","[221, 207]","[-229, 57]","[-79, 57]","[71, 57]","[221, 57]","[-229, -93]","[-79, -93]","[71, -93]","[221, -93]","[-229, -243]","[-79, -243]","[71, -243]","[221, -243]","[100, 100]","[100, 100]","[100, 100]","[100, 100]","[100, 100]","[100, 100]","[100, 100]","[100, 100]","[100, 100]","[100, 100]","[100, 100]","[100, 100]","[100, 100]","[100, 100]","[100, 100]","[100, 100]",ok.png,"[0, -375]","[150, 100]",9,tray,8,1,m,1,1,1,1,0,0,0,0,0,0,0,1.24909281731,1.249092817306519,0,-227,-227,-91,-91,1,1,0,0,0,0,0,0,0,0.616187751293,0.6161877512931824,0,12,12,-373,-373,118
00.png,00.png,00.png,00.png,14.png,16.png,18.png,20.png,22.png,tray1.png,24.png,26.png,00.png,00.png,00.png,00.png,"[-234, 221]","[-84, 221]","[66, 221]","[216, 221]","[-234, 71]","[-84, 71]","[66, 71]","[216, 71]","[-234, -79]","[-84, -79]","[66, -79]","[216, -79]","[-234, -229]","[-84, -229]","[66, -229]","[216, -229]","[100, 100]","[100, 100]","[100, 100]","[100, 100]","[100, 100]","[100, 100]","[100, 100]","[100, 100]","[100, 100]","[100, 100]","[100, 100]","[100, 100]","[100, 100]","[100, 100]","[100, 100]","[100, 100]",ok.png,"[0, -375]","[150, 100]",10,tray,8,1,m,1,1,1,1,0,0,0,0,0,0,0,1.21545875072,1.215458750724792,0,-69,-69,-82,-82,1,1,0,0,0,0,0,0,0,0.649644076824,0.6496440768241882,0,-35,-35,-363,-363,156
00.png,00.png,00.png,00.png,13.png,10.png,00.png,00.png,16.png,19.png,tray1.png,21.png,24.png,27.png,00.png,00.png,"[-207, 247]","[-57, 247]","[93, 247]","[243, 247]","[-207, 97]","[-57, 97]","[93, 97]","[243, 97]","[-207, -53]","[-57, -53]","[93, -53]","[243, -53]","[-207, -203]","[-57, -203]","[93, -203]","[243, -203]","[100, 100]","[100, 100]","[100, 100]","[100, 100]","[100, 100]","[100, 100]","[100, 100]","[100, 100]","[100, 100]","[100, 100]","[100, 100]","[100, 100]","[100, 100]","[100, 100]","[100, 100]","[100, 100]",ok.png,"[0, -375]","[150, 100]",11,tray,8,1,m,1,1,1,1,0,0,0,0,0,0,0,0.965855002403,0.9658550024032592,0,122,122,-54,-54,1,1,0,0,0,0,0,0,0,0.432545006275,0.432545006275177,0,7,7,-389,-389,352
10.png,15.png,20.png,25.png,00.png,00.png,00.png,00.png,21.png,16.png,11.png,tray1.png,00.png,00.png,00.png,00.png,"[-230, 233]","[-80, 233]","[70, 233]","[220, 233]","[-230, 83]","[-80, 83]","[70, 83]","[220, 83]","[-230, -67]","[-80, -67]","[70, -67]","[220, -67]","[-230, -217]","[-80, -217]","[70, -217]","[220, -217]","[100, 100]","[100, 100]","[100, 100]","[100, 100]","[100, 100]","[100, 100]","[100, 100]","[100, 100]","[100, 100]","[100, 100]","[100, 100]","[100, 100]","[100, 100]","[100, 100]","[100, 100]","[100, 100]",ok.png,"[0, -375]","[150, 100]",12,tray,8,1,m,1,1,1,1,0,0,0,0,0,0,0,2.11550998688,2.115509986877441,0,196,196,-59,-59,1,1,0,0,0,0,0,0,0,0.566293358803,0.5662933588027954,0,31,31,-338,-338,279
00.png,00.png,00.png,00.png,00.png,00.png,00.png,00.png,03.png,01.png,07.png,08.png,tray1.png,05.png,02.png,04.png,"[-201, 216]","[-51, 216]","[99, 216]","[249, 216]","[-201, 66]","[-51, 66]","[99, 66]","[249, 66]","[-201, -84]","[-51, -84]","[99, -84]","[249, -84]","[-201, -234]","[-51, -234]","[99, -234]","[249, -234]","[100, 100]","[100, 100]","[100, 100]","[100, 100]","[100, 100]","[100, 100]","[100, 100]","[100, 100]","[100, 100]","[100, 100]","[100, 100]","[100, 100]","[100, 100]","[100, 100]","[100, 100]","[100, 100]",ok.png,"[0, -375]","[150, 100]",13,tray,8,1,m,1,1,1,1,0,0,0,0,0,0,0,0.966253221035,0.9662532210350036,0,-184,-184,-222,-222,1,1,0,0,0,0,0,0,0,0.432523101568,0.432523101568222,0,-28,-28,-350,-350,371
29.png,00.png,00.png,16.png,00.png,00.png,33.png,08.png,13.png,00.png,00.png,00.png,23.png,tray1.png,12.png,00.png,"[-246, 224]","[-96, 224]","[54, 224]","[204, 224]","[-246, 74]","[-96, 74]","[54, 74]","[204, 74]","[-246, -76]","[-96, -76]","[54, -76]","[204, -76]","[-246, -226]","[-96, -226]","[54, -226]","[204, -226]","[100, 100]","[100, 100]","[100, 100]","[100, 100]","[100, 100]","[100, 100]","[100, 100]","[100, 100]","[100, 100]","[100, 100]","[100, 100]","[100, 100]","[100, 100]","[100, 100]","[100, 100]","[100, 100]",ok.png,"[0, -375]","[150, 100]",14,tray,8,1,m,1,1,1,1,0,0,0,0,0,0,0,1.13258063793,1.132580637931824,0,-120,-120,-242,-242,1,1,0,0,0,0,0,0,0,0.432868123055,0.4328681230545044,0,-29,-29,-376,-376,145
00.png,00.png,00.png,00.png,00.png,00.png,00.png,33.png,27.png,23.png,17.png,13.png,07.png,03.png,tray1.png,00.png,"[-212, 232]","[-62, 232]","[88, 232]","[238, 232]","[-212, 82]","[-62, 82]","[88, 82]","[238, 82]","[-212, -68]","[-62, -68]","[88, -68]","[238, -68]","[-212, -218]","[-62, -218]","[88, -218]","[238, -218]","[100, 100]","[100, 100]","[100, 100]","[100, 100]","[100, 100]","[100, 100]","[100, 100]","[100, 100]","[100, 100]","[100, 100]","[100, 100]","[100, 100]","[100, 100]","[100, 100]","[100, 100]","[100, 100]",ok.png,"[0, -375]","[150, 100]",15,tray,8,1,m,1,1,1,1,0,0,0,0,0,0,0,1.34932363033,1.349323630332947,0,89,89,-197,-197,1,1,0,0,0,0,0,0,0,0.349490344524,0.3494903445243835,0,-6,-6,-391,-391,210
04.png,20.png,30.png,02.png,00.png,00.png,00.png,00.png,00.png,00.png,00.png,00.png,14.png,07.png,17.png,tray1.png,"[-203, 230]","[-53, 230]","[97, 230]","[247, 230]","[-203, 80]","[-53, 80]","[97, 80]","[247, 80]","[-203, -70]","[-53, -70]","[97, -70]","[247, -70]","[-203, -220]","[-53, -220]","[97, -220]","[247, -220]","[100, 100]","[100, 100]","[100, 100]","[100, 100]","[100, 100]","[100, 100]","[100, 100]","[100, 100]","[100, 100]","[100, 100]","[100, 100]","[100, 100]","[100, 100]","[100, 100]","[100, 100]","[100, 100]",ok.png,"[0, -375]","[150, 100]",16,tray,8,1,m,1,1,1,1,0,0,0,0,0,0,0,1.59897744656,1.598977446556091,0,244,244,-242,-242,1,1,0,0,0,0,0,0,0,0.682831346989,0.682831346988678,0,-13,-13,-377,-377,66
00.png,19.png,29.png,00.png,00.png,02.png,32.png,00.png,00.png,22.png,16.png,00.png,00.png,04.png,tray1.png,00.png,"[-211, 217]","[-61, 217]","[89, 217]","[239, 217]","[-211, 67]","[-61, 67]","[89, 67]","[239, 67]","[-211, -83]","[-61, -83]","[89, -83]","[239, -83]","[-211, -233]","[-61, -233]","[89, -233]","[239, -233]","[100, 100]","[100, 100]","[100, 100]","[100, 100]","[100, 100]","[100, 100]","[100, 100]","[100, 100]","[100, 100]","[100, 100]","[100, 100]","[100, 100]","[100, 100]","[100, 100]","[100, 100]","[100, 100]",ok.png,"[0, -375]","[150, 100]",17,tray,8,1,m,1,1,1,1,0,0,0,0,0,0,0,1.232421875,1.232421875,0,95,95,-238,-238,1,1,0,0,0,0,0,0,0,0.366135179996,0.3661351799964905,0,42,42,-357,-357,413
00.png,00.png,00.png,05.png,21.png,00.png,00.png,00.png,00.png,27.png,28.png,25.png,03.png,tray1.png,08.png,00.png,"[-223, 227]","[-73, 227]","[77, 227]","[227, 227]","[-223, 77]","[-73, 77]","[77, 77]","[227, 77]","[-223, -73]","[-73, -73]","[77, -73]","[227, -73]","[-223, -223]","[-73, -223]","[77, -223]","[227, -223]","[100, 100]","[100, 100]","[100, 100]","[100, 100]","[100, 100]","[100, 100]","[100, 100]","[100, 100]","[100, 100]","[100, 100]","[100, 100]","[100, 100]","[100, 100]","[100, 100]","[100, 100]","[100, 100]",ok.png,"[0, -375]","[150, 100]",18,tray,8,1,m,1,1,1,1,0,0,0,0,0,0,0,1.18211698532,1.182116985321045,0,-33,-33,-220,-220,1,1,0,0,0,0,0,0,0,0.432808101177,0.4328081011772156,0,13,13,-357,-357,363
06.png,00.png,15.png,17.png,00.png,00.png,16.png,00.png,00.png,09.png,00.png,23.png,tray1.png,00.png,07.png,00.png,"[-247, 249]","[-97, 249]","[53, 249]","[203, 249]","[-247, 99]","[-97, 99]","[53, 99]","[203, 99]","[-247, -51]","[-97, -51]","[53, -51]","[203, -51]","[-247, -201]","[-97, -201]","[53, -201]","[203, -201]","[100, 100]","[100, 100]","[100, 100]","[100, 100]","[100, 100]","[100, 100]","[100, 100]","[100, 100]","[100, 100]","[100, 100]","[100, 100]","[100, 100]","[100, 100]","[100, 100]","[100, 100]","[100, 100]",ok.png,"[0, -375]","[150, 100]",19,tray,8,1,m,1,1,1,1,0,0,0,0,0,0,0,1.93206274509,1.932062745094299,0,-226,-226,-221,-221,1,1,0,0,0,0,0,0,0,1.09981215,1.099812150001526,0,-7,-7,-352,-352,387
00.png,11.png,00.png,00.png,12.png,00.png,00.png,34.png,00.png,30.png,08.png,tray1.png,31.png,00.png,32.png,00.png,"[-208, 210]","[-58, 210]","[92, 210]","[242, 210]","[-208, 60]","[-58, 60]","[92, 60]","[242, 60]","[-208, -90]","[-58, -90]","[92, -90]","[242, -90]","[-208, -240]","[-58, -240]","[92, -240]","[242, -240]","[100, 100]","[100, 100]","[100, 100]","[100, 100]","[100, 100]","[100, 100]","[100, 100]","[100, 100]","[100, 100]","[100, 100]","[100, 100]","[100, 100]","[100, 100]","[100, 100]","[100, 100]","[100, 100]",ok.png,"[0, -375]","[150, 100]",20,tray,8,1,m,1,1,1,1,0,0,0,0,0,0,0,1.03232228756,1.032322287559509,0,283,283,-114,-114,1,1,0,0,0,0,0,0,0,0.449666857719,0.4496668577194214,0,-2,-2,-414,-414,330
00.png,00.png,00.png,00.png,00.png,00.png,24.png,27.png,07.png,09.png,tray1.png,10.png,13.png,16.png,00.png,00.png,"[-216, 205]","[-66, 205]","[84, 205]","[234, 205]","[-216, 55]","[-66, 55]","[84, 55]","[234, 55]","[-216, -95]","[-66, -95]","[84, -95]","[234, -95]","[-216, -245]","[-66, -245]","[84, -245]","[234, -245]","[100, 100]","[100, 100]","[100, 100]","[100, 100]","[100, 100]","[100, 100]","[100, 100]","[100, 100]","[100, 100]","[100, 100]","[100, 100]","[100, 100]","[100, 100]","[100, 100]","[100, 100]","[100, 100]",ok.png,"[0, -375]","[150, 100]",21,tray,8,1,m,1,1,1,1,0,0,0,0,0,0,0,1.28238022327,1.282380223274231,0,90,90,-81,-81,1,1,0,0,0,0,0,0,0,0.432779371738,0.4327793717384338,0,-41,-41,-337,-337,277
00.png,00.png,25.png,00.png,33.png,00.png,05.png,00.png,01.png,tray1.png,00.png,10.png,00.png,20.png,00.png,30.png,"[-204, 208]","[-54, 208]","[96, 208]","[246, 208]","[-204, 58]","[-54, 58]","[96, 58]","[246, 58]","[-204, -92]","[-54, -92]","[96, -92]","[246, -92]","[-204, -242]","[-54, -242]","[96, -242]","[246, -242]","[100, 100]","[100, 100]","[100, 100]","[100, 100]","[100, 100]","[100, 100]","[100, 100]","[100, 100]","[100, 100]","[100, 100]","[100, 100]","[100, 100]","[100, 100]","[100, 100]","[100, 100]","[100, 100]",ok.png,"[0, -375]","[150, 100]",22,tray,8,1,m,1,1,1,1,0,0,0,0,0,0,0,0.882169723511,0.8821697235107422,0,-62,-62,-99,-99,1,1,0,0,0,0,0,0,0,0.449911475182,0.4499114751815796,0,-59,-59,-367,-367,101
00.png,00.png,00.png,18.png,00.png,14.png,00.png,09.png,tray1.png,02.png,04.png,00.png,26.png,24.png,00.png,00.png,"[-214, 219]","[-64, 219]","[86, 219]","[236, 219]","[-214, 69]","[-64, 69]","[86, 69]","[236, 69]","[-214, -81]","[-64, -81]","[86, -81]","[236, -81]","[-214, -231]","[-64, -231]","[86, -231]","[236, -231]","[100, 100]","[100, 100]","[100, 100]","[100, 100]","[100, 100]","[100, 100]","[100, 100]","[100, 100]","[100, 100]","[100, 100]","[100, 100]","[100, 100]","[100, 100]","[100, 100]","[100, 100]","[100, 100]",ok.png,"[0, -375]","[150, 100]",23,tray,8,1,m,1,1,1,1,0,0,0,0,0,0,0,2.23234510422,2.232345104217529,0,-247,-247,-88,-88,1,1,0,0,0,0,0,0,0,0.482765942812,0.4827659428119659,0,-32,-32,-349,-349,209
00.png,14.png,00.png,00.png,11.png,07.png,00.png,tray1.png,18.png,00.png,00.png,30.png,09.png,00.png,00.png,19.png,"[-216, 234]","[-66, 234]","[84, 234]","[234, 234]","[-216, 84]","[-66, 84]","[84, 84]","[234, 84]","[-216, -66]","[-66, -66]","[84, -66]","[234, -66]","[-216, -216]","[-66, -216]","[84, -216]","[234, -216]","[100, 100]","[100, 100]","[100, 100]","[100, 100]","[100, 100]","[100, 100]","[100, 100]","[100, 100]","[100, 100]","[100, 100]","[100, 100]","[100, 100]","[100, 100]","[100, 100]","[100, 100]","[100, 100]",ok.png,"[0, -375]","[150, 100]",24,tray,8,1,m,1,1,1,1,0,0,0,0,0,0,0,0.882184803486,0.8821848034858704,0,245,245,100,100,1,1,0,0,0,0,0,0,0,0.482751131058,0.4827511310577393,0,54,54,-403,-403,252
31.png,00.png,13.png,00.png,23.png,00.png,tray1.png,00.png,33.png,00.png,14.png,00.png,19.png,00.png,29.png,00.png,"[-212, 241]","[-62, 241]","[88, 241]","[238, 241]","[-212, 91]","[-62, 91]","[88, 91]","[238, 91]","[-212, -59]","[-62, -59]","[88, -59]","[238, -59]","[-212, -209]","[-62, -209]","[88, -209]","[238, -209]","[100, 100]","[100, 100]","[100, 100]","[100, 100]","[100, 100]","[100, 100]","[100, 100]","[100, 100]","[100, 100]","[100, 100]","[100, 100]","[100, 100]","[100, 100]","[100, 100]","[100, 100]","[100, 100]",ok.png,"[0, -375]","[150, 100]",25,tray,8,1,m,1,1,1,1,0,0,0,0,0,0,0,0.998898327351,0.9988983273506165,0,114,114,97,97,1,1,0,0,0,0,0,0,0,0.649357914925,0.6493579149246216,0,5,5,-319,-319,317
00.png,00.png,00.png,00.png,00.png,00.png,00.png,00.png,07.png,06.png,05.png,04.png,03.png,02.png,01.png,tray2.png,"[-238, 249]","[-88, 249]","[62, 249]","[212, 249]","[-238, 99]","[-88, 99]","[62, 99]","[212, 99]","[-238, -51]","[-88, -51]","[62, -51]","[212, -51]","[-238, -201]","[-88, -201]","[62, -201]","[212, -201]","[100, 100]","[100, 100]","[100, 100]","[100, 100]","[100, 100]","[100, 100]","[100, 100]","[100, 100]","[100, 100]","[100, 100]","[100, 100]","[100, 100]","[100, 100]","[100, 100]","[100, 100]","[100, 100]",ok.png,"[0, -375]","[150, 100]",26,tray,8,1,m,1,1,1,1,0,0,0,0,0,0,0,1.13238668442,1.132386684417725,0,220,220,-209,-209,1,1,0,0,0,0,0,0,0,0.582710325718,0.582710325717926,0,-25,-25,-320,-320,96
00.png,00.png,00.png,00.png,00.png,00.png,14.png,00.png,13.png,12.png,11.png,10.png,00.png,09.png,tray2.png,08.png,"[-241, 213]","[-91, 213]","[59, 213]","[209, 213]","[-241, 63]","[-91, 63]","[59, 63]","[209, 63]","[-241, -87]","[-91, -87]","[59, -87]","[209, -87]","[-241, -237]","[-91, -237]","[59, -237]","[209, -237]","[100, 100]","[100, 100]","[100, 100]","[100, 100]","[100, 100]","[100, 100]","[100, 100]","[100, 100]","[100, 100]","[100, 100]","[100, 100]","[100, 100]","[100, 100]","[100, 100]","[100, 100]","[100, 100]",ok.png,"[0, -375]","[150, 100]",27,tray,8,1,m,1,1,1,1,0,0,0,0,0,0,0,0.915900290012,0.9159002900123596,0,69,69,-223,-223,1,1,0,0,0,0,0,0,0,0.432702302933,0.4327023029327393,0,25,25,-371,-371,380
00.png,00.png,00.png,00.png,00.png,00.png,21.png,20.png,19.png,18.png,17.png,16.png,15.png,tray2.png,00.png,00.png,"[-240, 216]","[-90, 216]","[60, 216]","[210, 216]","[-240, 66]","[-90, 66]","[60, 66]","[210, 66]","[-240, -84]","[-90, -84]","[60, -84]","[210, -84]","[-240, -234]","[-90, -234]","[60, -234]","[210, -234]","[100, 100]","[100, 100]","[100, 100]","[100, 100]","[100, 100]","[100, 100]","[100, 100]","[100, 100]","[100, 100]","[100, 100]","[100, 100]","[100, 100]","[100, 100]","[100, 100]","[100, 100]","[100, 100]",ok.png,"[0, -375]","[150, 100]",28,tray,8,1,m,1,1,1,1,0,0,0,0,0,0,0,2.28257441521,2.282574415206909,0,-115,-115,-232,-232,1,1,0,0,0,0,0,0,0,0.566033661366,0.566033661365509,0,-65,-65,-379,-379,31
00.png,00.png,00.png,00.png,00.png,00.png,31.png,27.png,26.png,28.png,00.png,00.png,tray2.png,24.png,23.png,22.png,"[-226, 218]","[-76, 218]","[74, 218]","[224, 218]","[-226, 68]","[-76, 68]","[74, 68]","[224, 68]","[-226, -82]","[-76, -82]","[74, -82]","[224, -82]","[-226, -232]","[-76, -232]","[74, -232]","[224, -232]","[100, 100]","[100, 100]","[100, 100]","[100, 100]","[100, 100]","[100, 100]","[100, 100]","[100, 100]","[100, 100]","[100, 100]","[100, 100]","[100, 100]","[100, 100]","[100, 100]","[100, 100]","[100, 100]",ok.png,"[0, -375]","[150, 100]",29,tray,8,1,m,1,1,1,1,0,0,0,0,0,0,0,1.69895172119,1.698951721191406,0,-220,-220,-216,-216,1,1,0,0,0,0,0,0,0,0.349299758673,0.3492997586727142,0,-25,-25,-355,-355,159
00.png,00.png,00.png,00.png,01.png,34.png,33.png,32.png,31.png,30.png,29.png,tray2.png,00.png,00.png,00.png,00.png,"[-236, 236]","[-86, 236]","[64, 236]","[214, 236]","[-236, 86]","[-86, 86]","[64, 86]","[214, 86]","[-236, -64]","[-86, -64]","[64, -64]","[214, -64]","[-236, -214]","[-86, -214]","[64, -214]","[214, -214]","[100, 100]","[100, 100]","[100, 100]","[100, 100]","[100, 100]","[100, 100]","[100, 100]","[100, 100]","[100, 100]","[100, 100]","[100, 100]","[100, 100]","[100, 100]","[100, 100]","[100, 100]","[100, 100]",ok.png,"[0, -375]","[150, 100]",30,tray,8,1,m,1,1,1,1,0,0,0,0,0,0,0,0.832667887211,0.832667887210846,0,201,201,-52,-52,1,1,0,0,0,0,0,0,0,0.466056525707,0.4660565257072449,0,16,16,-346,-346,443
00.png,00.png,23.png,17.png,00.png,00.png,15.png,06.png,00.png,00.png,tray2.png,04.png,00.png,00.png,34.png,01.png,"[-218, 229]","[-68, 229]","[82, 229]","[232, 229]","[-218, 79]","[-68, 79]","[82, 79]","[232, 79]","[-218, -71]","[-68, -71]","[82, -71]","[232, -71]","[-218, -221]","[-68, -221]","[82, -221]","[232, -221]","[100, 100]","[100, 100]","[100, 100]","[100, 100]","[100, 100]","[100, 100]","[100, 100]","[100, 100]","[100, 100]","[100, 100]","[100, 100]","[100, 100]","[100, 100]","[100, 100]","[100, 100]","[100, 100]",ok.png,"[0, -375]","[150, 100]",31,tray,8,1,m,1,1,1,1,0,0,0,0,0,0,0,1.04928255081,1.049282550811768,0,88,88,-55,-55,1,1,0,0,0,0,0,0,0,0.549258232117,0.5492582321166992,0,42,42,-349,-349,362
14.png,09.png,22.png,06.png,00.png,00.png,00.png,00.png,25.png,tray2.png,03.png,07.png,00.png,00.png,00.png,00.png,"[-208, 218]","[-58, 218]","[92, 218]","[242, 218]","[-208, 68]","[-58, 68]","[92, 68]","[242, 68]","[-208, -82]","[-58, -82]","[92, -82]","[242, -82]","[-208, -232]","[-58, -232]","[92, -232]","[242, -232]","[100, 100]","[100, 100]","[100, 100]","[100, 100]","[100, 100]","[100, 100]","[100, 100]","[100, 100]","[100, 100]","[100, 100]","[100, 100]","[100, 100]","[100, 100]","[100, 100]","[100, 100]","[100, 100]",ok.png,"[0, -375]","[150, 100]",32,tray,8,1,m,1,1,1,1,0,0,0,0,0,0,0,0.765647947788,0.7656479477882385,0,-56,-56,-76,-76,1,1,0,0,0,0,0,0,0,0.516080379486,0.516080379486084,0,34,34,-317,-317,372
00.png,00.png,00.png,00.png,31.png,30.png,17.png,00.png,tray2.png,27.png,00.png,00.png,07.png,33.png,05.png,00.png,"[-205, 250]","[-55, 250]","[95, 250]","[245, 250]","[-205, 100]","[-55, 100]","[95, 100]","[245, 100]","[-205, -50]","[-55, -50]","[95, -50]","[245, -50]","[-205, -200]","[-55, -200]","[95, -200]","[245, -200]","[100, 100]","[100, 100]","[100, 100]","[100, 100]","[100, 100]","[100, 100]","[100, 100]","[100, 100]","[100, 100]","[100, 100]","[100, 100]","[100, 100]","[100, 100]","[100, 100]","[100, 100]","[100, 100]",ok.png,"[0, -375]","[150, 100]",33,tray,8,1,m,1,1,1,1,0,0,0,0,0,0,0,1.09903502464,1.099035024642944,0,-159,-159,-53,-53,1,1,0,0,0,0,0,0,0,0.432743251324,0.4327432513237,0,37,37,-449,-449,322
33.png,31.png,25.png,21.png,27.png,23.png,29.png,tray2.png,00.png,00.png,00.png,00.png,00.png,00.png,00.png,00.png,"[-202, 207]","[-52, 207]","[98, 207]","[248, 207]","[-202, 57]","[-52, 57]","[98, 57]","[248, 57]","[-202, -93]","[-52, -93]","[98, -93]","[248, -93]","[-202, -243]","[-52, -243]","[98, -243]","[248, -243]","[100, 100]","[100, 100]","[100, 100]","[100, 100]","[100, 100]","[100, 100]","[100, 100]","[100, 100]","[100, 100]","[100, 100]","[100, 100]","[100, 100]","[100, 100]","[100, 100]","[100, 100]","[100, 100]",ok.png,"[0, -375]","[150, 100]",34,tray,8,1,m,1,1,1,1,0,0,0,0,0,0,0,0.781785607338,0.7817856073379517,0,218,218,47,47,1,1,0,0,0,0,0,0,0,1.43302512169,1.433025121688843,0,-19,-19,-391,-391,11
00.png,00.png,00.png,00.png,26.png,24.png,tray2.png,22.png,20.png,18.png,16.png,14.png,00.png,00.png,00.png,00.png,"[-219, 241]","[-69, 241]","[81, 241]","[231, 241]","[-219, 91]","[-69, 91]","[81, 91]","[231, 91]","[-219, -59]","[-69, -59]","[81, -59]","[231, -59]","[-219, -209]","[-69, -209]","[81, -209]","[231, -209]","[100, 100]","[100, 100]","[100, 100]","[100, 100]","[100, 100]","[100, 100]","[100, 100]","[100, 100]","[100, 100]","[100, 100]","[100, 100]","[100, 100]","[100, 100]","[100, 100]","[100, 100]","[100, 100]",ok.png,"[0, -375]","[150, 100]",35,tray,8,1,m,1,1,1,1,0,0,0,0,0,0,0,2.26542711258,2.265427112579346,0,79,79,65,65,1,1,0,0,0,0,0,0,0,0.482984662056,0.4829846620559692,0,-15,-15,-378,-378,244
00.png,00.png,27.png,24.png,21.png,tray2.png,19.png,16.png,00.png,00.png,10.png,13.png,00.png,00.png,00.png,00.png,"[-208, 205]","[-58, 205]","[92, 205]","[242, 205]","[-208, 55]","[-58, 55]","[92, 55]","[242, 55]","[-208, -95]","[-58, -95]","[92, -95]","[242, -95]","[-208, -245]","[-58, -245]","[92, -245]","[242, -245]","[100, 100]","[100, 100]","[100, 100]","[100, 100]","[100, 100]","[100, 100]","[100, 100]","[100, 100]","[100, 100]","[100, 100]","[100, 100]","[100, 100]","[100, 100]","[100, 100]","[100, 100]","[100, 100]",ok.png,"[0, -375]","[150, 100]",36,tray,8,1,m,1,1,1,1,0,0,0,0,0,0,0,1.24890851974,1.248908519744873,0,-29,-29,56,56,1,1,0,0,0,0,0,0,0,1.36621141434,1.366211414337158,0,-37,-37,-386,-386,22
00.png,00.png,00.png,00.png,tray2.png,11.png,16.png,21.png,00.png,00.png,00.png,00.png,25.png,20.png,15.png,10.png,"[-231, 247]","[-81, 247]","[69, 247]","[219, 247]","[-231, 97]","[-81, 97]","[69, 97]","[219, 97]","[-231, -53]","[-81, -53]","[69, -53]","[219, -53]","[-231, -203]","[-81, -203]","[69, -203]","[219, -203]","[100, 100]","[100, 100]","[100, 100]","[100, 100]","[100, 100]","[100, 100]","[100, 100]","[100, 100]","[100, 100]","[100, 100]","[100, 100]","[100, 100]","[100, 100]","[100, 100]","[100, 100]","[100, 100]",ok.png,"[0, -375]","[150, 100]",37,tray,8,1,m,1,1,1,1,0,0,0,0,0,0,0,1.28231334686,1.282313346862793,0,-212,-212,98,98,1,1,0,0,0,0,0,0,0,0.666270136833,0.6662701368331909,0,12,12,-429,-429,60
04.png,02.png,05.png,tray2.png,08.png,07.png,01.png,03.png,00.png,00.png,00.png,00.png,00.png,00.png,00.png,00.png,"[-245, 248]","[-95, 248]","[55, 248]","[205, 248]","[-245, 98]","[-95, 98]","[55, 98]","[205, 98]","[-245, -52]","[-95, -52]","[55, -52]","[205, -52]","[-245, -202]","[-95, -202]","[55, -202]","[205, -202]","[100, 100]","[100, 100]","[100, 100]","[100, 100]","[100, 100]","[100, 100]","[100, 100]","[100, 100]","[100, 100]","[100, 100]","[100, 100]","[100, 100]","[100, 100]","[100, 100]","[100, 100]","[100, 100]",ok.png,"[0, -375]","[150, 100]",38,tray,8,1,m,1,1,1,1,0,0,0,0,0,0,0,0.832430660725,0.8324306607246399,0,209,209,251,251,1,1,0,0,0,0,0,0,0,0.516159176826,0.516159176826477,0,-35,-35,-391,-391,446
00.png,12.png,tray2.png,23.png,00.png,00.png,00.png,13.png,08.png,33.png,00.png,00.png,16.png,00.png,00.png,29.png,"[-231, 209]","[-81, 209]","[69, 209]","[219, 209]","[-231, 59]","[-81, 59]","[69, 59]","[219, 59]","[-231, -91]","[-81, -91]","[69, -91]","[219, -91]","[-231, -241]","[-81, -241]","[69, -241]","[219, -241]","[100, 100]","[100, 100]","[100, 100]","[100, 100]","[100, 100]","[100, 100]","[100, 100]","[100, 100]","[100, 100]","[100, 100]","[100, 100]","[100, 100]","[100, 100]","[100, 100]","[100, 100]","[100, 100]",ok.png,"[0, -375]","[150, 100]",39,tray,8,1,m,1,1,1,1,0,0,0,0,0,0,0,0.948949337006,0.9489493370056152,0,74,74,184,184,1,1,0,0,0,0,0,0,0,0.633065521717,0.6330655217170715,0,-11,-11,-384,-384,306
00.png,tray2.png,03.png,07.png,13.png,17.png,23.png,27.png,33.png,00.png,00.png,00.png,00.png,00.png,00.png,00.png,"[-213, 218]","[-63, 218]","[87, 218]","[237, 218]","[-213, 68]","[-63, 68]","[87, 68]","[237, 68]","[-213, -82]","[-63, -82]","[87, -82]","[237, -82]","[-213, -232]","[-63, -232]","[87, -232]","[237, -232]","[100, 100]","[100, 100]","[100, 100]","[100, 100]","[100, 100]","[100, 100]","[100, 100]","[100, 100]","[100, 100]","[100, 100]","[100, 100]","[100, 100]","[100, 100]","[100, 100]","[100, 100]","[100, 100]",ok.png,"[0, -375]","[150, 100]",40,tray,8,1,m,1,1,1,1,0,0,0,0,0,0,0,1.33231127262,1.332311272621155,0,-48,-48,207,207,1,1,0,0,0,0,0,0,0,0.916043639183,0.9160436391830444,0,7,7,-374,-374,87
tray2.png,17.png,07.png,14.png,00.png,00.png,00.png,00.png,00.png,00.png,00.png,00.png,02.png,30.png,20.png,04.png,"[-201, 218]","[-51, 218]","[99, 218]","[249, 218]","[-201, 68]","[-51, 68]","[99, 68]","[249, 68]","[-201, -82]","[-51, -82]","[99, -82]","[249, -82]","[-201, -232]","[-51, -232]","[99, -232]","[249, -232]","[100, 100]","[100, 100]","[100, 100]","[100, 100]","[100, 100]","[100, 100]","[100, 100]","[100, 100]","[100, 100]","[100, 100]","[100, 100]","[100, 100]","[100, 100]","[100, 100]","[100, 100]","[100, 100]",ok.png,"[0, -375]","[150, 100]",41,tray,8,1,m,1,1,1,1,0,0,0,0,0,0,0,0.86554735899,0.8655473589897156,0,-202,-202,241,241,1,1,0,0,0,0,0,0,0,0.73303180933,0.7330318093299866,0,-34,-34,-398,-398,375
00.png,tray2.png,04.png,00.png,00.png,16.png,22.png,00.png,00.png,32.png,02.png,00.png,00.png,29.png,19.png,00.png,"[-207, 250]","[-57, 250]","[93, 250]","[243, 250]","[-207, 100]","[-57, 100]","[93, 100]","[243, 100]","[-207, -50]","[-57, -50]","[93, -50]","[243, -50]","[-207, -200]","[-57, -200]","[93, -200]","[243, -200]","[100, 100]","[100, 100]","[100, 100]","[100, 100]","[100, 100]","[100, 100]","[100, 100]","[100, 100]","[100, 100]","[100, 100]","[100, 100]","[100, 100]","[100, 100]","[100, 100]","[100, 100]","[100, 100]",ok.png,"[0, -375]","[150, 100]",42,tray,8,1,m,1,1,1,1,0,0,0,0,0,0,0,1.14880824089,1.148808240890503,0,-37,-37,255,255,1,1,0,0,0,0,0,0,0,0.566539943218,0.5665399432182312,0,49,49,-345,-345,126
00.png,08.png,tray2.png,03.png,25.png,28.png,27.png,00.png,00.png,00.png,00.png,21.png,05.png,00.png,00.png,00.png,"[-227, 247]","[-77, 247]","[73, 247]","[223, 247]","[-227, 97]","[-77, 97]","[73, 97]","[223, 97]","[-227, -53]","[-77, -53]","[73, -53]","[223, -53]","[-227, -203]","[-77, -203]","[73, -203]","[223, -203]","[100, 100]","[100, 100]","[100, 100]","[100, 100]","[100, 100]","[100, 100]","[100, 100]","[100, 100]","[100, 100]","[100, 100]","[100, 100]","[100, 100]","[100, 100]","[100, 100]","[100, 100]","[100, 100]",ok.png,"[0, -375]","[150, 100]",43,tray,8,1,m,1,1,1,1,0,0,0,0,0,0,0,0.948927402496,0.948927402496338,0,54,54,250,250,1,1,0,0,0,0,0,0,0,0.732943058014,0.732943058013916,0,41,41,-374,-374,406
00.png,07.png,00.png,tray2.png,23.png,00.png,09.png,00.png,00.png,16.png,00.png,00.png,17.png,15.png,00.png,06.png,"[-243, 224]","[-93, 224]","[57, 224]","[207, 224]","[-243, 74]","[-93, 74]","[57, 74]","[207, 74]","[-243, -76]","[-93, -76]","[57, -76]","[207, -76]","[-243, -226]","[-93, -226]","[57, -226]","[207, -226]","[100, 100]","[100, 100]","[100, 100]","[100, 100]","[100, 100]","[100, 100]","[100, 100]","[100, 100]","[100, 100]","[100, 100]","[100, 100]","[100, 100]","[100, 100]","[100, 100]","[100, 100]","[100, 100]",ok.png,"[0, -375]","[150, 100]",44,tray,8,1,m,1,1,1,1,0,0,0,0,0,0,0,1.86597549915,1.865975499153137,0,206,206,217,217,1,1,0,0,0,0,0,0,0,0.449313849211,0.4493138492107391,0,0,0,-390,-390,211
00.png,32.png,00.png,31.png,tray2.png,08.png,30.png,00.png,34.png,00.png,00.png,12.png,00.png,00.png,11.png,00.png,"[-243, 248]","[-93, 248]","[57, 248]","[207, 248]","[-243, 98]","[-93, 98]","[57, 98]","[207, 98]","[-243, -52]","[-93, -52]","[57, -52]","[207, -52]","[-243, -202]","[-93, -202]","[57, -202]","[207, -202]","[100, 100]","[100, 100]","[100, 100]","[100, 100]","[100, 100]","[100, 100]","[100, 100]","[100, 100]","[100, 100]","[100, 100]","[100, 100]","[100, 100]","[100, 100]","[100, 100]","[100, 100]","[100, 100]",ok.png,"[0, -375]","[150, 100]",45,tray,8,1,m,1,1,1,1,0,0,0,0,0,0,0,0.949115753174,0.949115753173828,0,-219,-219,116,116,1,1,0,0,0,0,0,0,0,0.449398040771,0.4493980407714844,0,-9,-9,-379,-379,106
00.png,00.png,16.png,13.png,10.png,tray2.png,09.png,07.png,27.png,24.png,00.png,00.png,00.png,00.png,00.png,00.png,"[-241, 244]","[-91, 244]","[59, 244]","[209, 244]","[-241, 94]","[-91, 94]","[59, 94]","[209, 94]","[-241, -56]","[-91, -56]","[59, -56]","[209, -56]","[-241, -206]","[-91, -206]","[59, -206]","[209, -206]","[100, 100]","[100, 100]","[100, 100]","[100, 100]","[100, 100]","[100, 100]","[100, 100]","[100, 100]","[100, 100]","[100, 100]","[100, 100]","[100, 100]","[100, 100]","[100, 100]","[100, 100]","[100, 100]",ok.png,"[0, -375]","[150, 100]",46,tray,8,1,m,1,1,1,1,0,0,0,0,0,0,0,0.899009108543,0.899009108543396,0,-125,-125,106,106,1,1,0,0,0,0,0,0,0,0.416230976582,0.4162309765815735,0,76,76,-371,-371,350
30.png,00.png,20.png,00.png,10.png,00.png,tray2.png,01.png,00.png,05.png,00.png,33.png,00.png,25.png,00.png,00.png,"[-232, 242]","[-82, 242]","[68, 242]","[218, 242]","[-232, 92]","[-82, 92]","[68, 92]","[218, 92]","[-232, -58]","[-82, -58]","[68, -58]","[218, -58]","[-232, -208]","[-82, -208]","[68, -208]","[218, -208]","[100, 100]","[100, 100]","[100, 100]","[100, 100]","[100, 100]","[100, 100]","[100, 100]","[100, 100]","[100, 100]","[100, 100]","[100, 100]","[100, 100]","[100, 100]","[100, 100]","[100, 100]","[100, 100]",ok.png,"[0, -375]","[150, 100]",47,tray,8,1,m,1,1,1,1,0,0,0,0,0,0,0,0.665816187859,0.6658161878585815,0,65,65,108,108,1,1,0,0,0,0,0,0,0,0.83292812109,0.8329281210899353,0,66,66,-398,-398,180
00.png,00.png,24.png,26.png,00.png,04.png,02.png,tray2.png,09.png,00.png,14.png,00.png,18.png,00.png,00.png,00.png,"[-234, 240]","[-84, 240]","[66, 240]","[216, 240]","[-234, 90]","[-84, 90]","[66, 90]","[216, 90]","[-234, -60]","[-84, -60]","[66, -60]","[216, -60]","[-234, -210]","[-84, -210]","[66, -210]","[216, -210]","[100, 100]","[100, 100]","[100, 100]","[100, 100]","[100, 100]","[100, 100]","[100, 100]","[100, 100]","[100, 100]","[100, 100]","[100, 100]","[100, 100]","[100, 100]","[100, 100]","[100, 100]","[100, 100]",ok.png,"[0, -375]","[150, 100]",48,tray,8,1,m,1,1,1,1,0,0,0,0,0,0,0,0.9323528409,0.9323528409004213,0,217,217,92,92,1,1,0,0,0,0,0,0,0,0.499422997236,0.4994229972362518,0,63,63,-361,-361,128
19.png,00.png,00.png,09.png,30.png,00.png,00.png,18.png,tray2.png,00.png,07.png,11.png,00.png,00.png,14.png,00.png,"[-227, 214]","[-77, 214]","[73, 214]","[223, 214]","[-227, 64]","[-77, 64]","[73, 64]","[223, 64]","[-227, -86]","[-77, -86]","[73, -86]","[223, -86]","[-227, -236]","[-77, -236]","[73, -236]","[223, -236]","[100, 100]","[100, 100]","[100, 100]","[100, 100]","[100, 100]","[100, 100]","[100, 100]","[100, 100]","[100, 100]","[100, 100]","[100, 100]","[100, 100]","[100, 100]","[100, 100]","[100, 100]","[100, 100]",ok.png,"[0, -375]","[150, 100]",49,tray,8,1,m,1,1,1,1,0,0,0,0,0,0,0,1.4157397747,1.415739774703979,0,-216,-216,-70,-70,1,1,0,0,0,0,0,0,0,0.616077363491,0.6160773634910583,0,-23,-23,-388,-388,389
00.png,29.png,00.png,19.png,00.png,14.png,00.png,33.png,00.png,tray2.png,00.png,23.png,00.png,13.png,00.png,31.png,"[-200, 225]","[-50, 225]","[100, 225]","[250, 225]","[-200, 75]","[-50, 75]","[100, 75]","[250, 75]","[-200, -75]","[-50, -75]","[100, -75]","[250, -75]","[-200, -225]","[-50, -225]","[100, -225]","[250, -225]","[100, 100]","[100, 100]","[100, 100]","[100, 100]","[100, 100]","[100, 100]","[100, 100]","[100, 100]","[100, 100]","[100, 100]","[100, 100]","[100, 100]","[100, 100]","[100, 100]","[100, 100]","[100, 100]",ok.png,"[0, -375]","[150, 100]",50,tray,8,1,m,1,1,1,1,0,0,0,0,0,0,0,1.4491969347,1.449196934700012,0,-29,-29,-80,-80,1,1,0,0,0,0,0,0,0,0.449365913868,0.4493659138679504,0,-47,-47,-363,-363,138
dots1.png,01.png,02.png,03.png,04.png,05.png,06.png,07.png,00.png,00.png,00.png,00.png,00.png,00.png,00.png,00.png,"[-213, 213]","[-63, 213]","[87, 213]","[237, 213]","[-213, 63]","[-63, 63]","[87, 63]","[237, 63]","[-213, -87]","[-63, -87]","[87, -87]","[237, -87]","[-213, -237]","[-63, -237]","[87, -237]","[237, -237]","[100, 100]","[100, 100]","[100, 100]","[100, 100]","[100, 100]","[100, 100]","[100, 100]","[100, 100]","[100, 100]","[100, 100]","[100, 100]","[100, 100]","[100, 100]","[100, 100]","[100, 100]","[100, 100]",ok.png,"[0, -375]","[150, 100]",51,dots,8,2,m,1,1,1,1,0,0,0,0,0,0,0,0.649058997631,0.649058997631073,0,-186,-186,239,239,1,1,0,0,0,0,0,0,0,0.76637750864,0.7663775086402893,0,16,16,-352,-352,433
08.png,dots1.png,09.png,00.png,10.png,11.png,12.png,13.png,00.png,14.png,00.png,00.png,00.png,00.png,00.png,00.png,"[-227, 205]","[-77, 205]","[73, 205]","[223, 205]","[-227, 55]","[-77, 55]","[73, 55]","[223, 55]","[-227, -95]","[-77, -95]","[73, -95]","[223, -95]","[-227, -245]","[-77, -245]","[73, -245]","[223, -245]","[100, 100]","[100, 100]","[100, 100]","[100, 100]","[100, 100]","[100, 100]","[100, 100]","[100, 100]","[100, 100]","[100, 100]","[100, 100]","[100, 100]","[100, 100]","[100, 100]","[100, 100]","[100, 100]",ok.png,"[0, -375]","[150, 100]",52,dots,8,2,m,1,1,1,1,0,0,0,0,0,0,0,1.04900205135,1.049002051353455,0,-63,-63,205,205,1,1,0,0,0,0,0,0,0,0.84942907095,0.8494290709495544,0,1,1,-371,-371,57
00.png,00.png,dots1.png,15.png,16.png,17.png,18.png,19.png,20.png,21.png,00.png,00.png,00.png,00.png,00.png,00.png,"[-209, 224]","[-59, 224]","[91, 224]","[241, 224]","[-209, 74]","[-59, 74]","[91, 74]","[241, 74]","[-209, -76]","[-59, -76]","[91, -76]","[241, -76]","[-209, -226]","[-59, -226]","[91, -226]","[241, -226]","[100, 100]","[100, 100]","[100, 100]","[100, 100]","[100, 100]","[100, 100]","[100, 100]","[100, 100]","[100, 100]","[100, 100]","[100, 100]","[100, 100]","[100, 100]","[100, 100]","[100, 100]","[100, 100]",ok.png,"[0, -375]","[150, 100]",53,dots,8,2,m,1,1,1,1,0,0,0,0,0,0,0,1.06564462185,1.06564462184906,0,118,118,223,223,1,1,0,0,0,0,0,0,0,0.632921874523,0.6329218745231628,0,38,38,-379,-379,89
22.png,23.png,24.png,dots1.png,00.png,00.png,25.png,26.png,00.png,00.png,27.png,28.png,00.png,00.png,00.png,00.png,"[-226, 221]","[-76, 221]","[74, 221]","[224, 221]","[-226, 71]","[-76, 71]","[74, 71]","[224, 71]","[-226, -79]","[-76, -79]","[74, -79]","[224, -79]","[-226, -229]","[-76, -229]","[74, -229]","[224, -229]","[100, 100]","[100, 100]","[100, 100]","[100, 100]","[100, 100]","[100, 100]","[100, 100]","[100, 100]","[100, 100]","[100, 100]","[100, 100]","[100, 100]","[100, 100]","[100, 100]","[100, 100]","[100, 100]",ok.png,"[0, -375]","[150, 100]",54,dots,8,2,m,1,1,1,1,0,0,0,0,0,0,0,1.66570746899,1.665707468986511,0,266,266,200,200,1,1,0,0,0,0,0,0,0,0.699314892292,0.6993148922920227,0,-61,-61,-416,-416,249
00.png,00.png,00.png,00.png,dots1.png,29.png,30.png,31.png,32.png,33.png,34.png,01.png,00.png,00.png,00.png,00.png,"[-250, 206]","[-100, 206]","[50, 206]","[200, 206]","[-250, 56]","[-100, 56]","[50, 56]","[200, 56]","[-250, -94]","[-100, -94]","[50, -94]","[200, -94]","[-250, -244]","[-100, -244]","[50, -244]","[200, -244]","[100, 100]","[100, 100]","[100, 100]","[100, 100]","[100, 100]","[100, 100]","[100, 100]","[100, 100]","[100, 100]","[100, 100]","[100, 100]","[100, 100]","[100, 100]","[100, 100]","[100, 100]","[100, 100]",ok.png,"[0, -375]","[150, 100]",55,dots,8,2,m,1,1,1,1,0,0,0,0,0,0,0,0.965709626675,0.965709626674652,0,-252,-252,79,79,1,1,0,0,0,0,0,0,0,0.532745957375,0.5327459573745728,0,-37,-37,-362,-362,69
01.png,34.png,00.png,00.png,04.png,dots1.png,00.png,00.png,06.png,15.png,00.png,00.png,17.png,23.png,00.png,00.png,"[-224, 235]","[-74, 235]","[76, 235]","[226, 235]","[-224, 85]","[-74, 85]","[76, 85]","[226, 85]","[-224, -65]","[-74, -65]","[76, -65]","[226, -65]","[-224, -215]","[-74, -215]","[76, -215]","[226, -215]","[100, 100]","[100, 100]","[100, 100]","[100, 100]","[100, 100]","[100, 100]","[100, 100]","[100, 100]","[100, 100]","[100, 100]","[100, 100]","[100, 100]","[100, 100]","[100, 100]","[100, 100]","[100, 100]",ok.png,"[0, -375]","[150, 100]",56,dots,8,2,m,1,1,1,1,0,0,0,0,0,0,0,0.999011814594,0.9990118145942688,0,-81,-81,51,51,1,1,0,0,0,0,0,0,0,0.716410338879,0.7164103388786316,0,-27,-27,-382,-382,342
00.png,00.png,00.png,00.png,07.png,03.png,dots1.png,25.png,00.png,00.png,00.png,00.png,06.png,22.png,09.png,14.png,"[-210, 201]","[-60, 201]","[90, 201]","[240, 201]","[-210, 51]","[-60, 51]","[90, 51]","[240, 51]","[-210, -99]","[-60, -99]","[90, -99]","[240, -99]","[-210, -249]","[-60, -249]","[90, -249]","[240, -249]","[100, 100]","[100, 100]","[100, 100]","[100, 100]","[100, 100]","[100, 100]","[100, 100]","[100, 100]","[100, 100]","[100, 100]","[100, 100]","[100, 100]","[100, 100]","[100, 100]","[100, 100]","[100, 100]",ok.png,"[0, -375]","[150, 100]",57,dots,8,2,m,1,1,1,1,0,0,0,0,0,0,0,1.26574647427,1.265746474266052,0,101,101,39,39,1,1,0,0,0,0,0,0,0,0.532762765884,0.5327627658843994,0,10,10,-389,-389,196
00.png,05.png,33.png,07.png,00.png,00.png,27.png,dots1.png,00.png,17.png,30.png,31.png,00.png,00.png,00.png,00.png,"[-245, 228]","[-95, 228]","[55, 228]","[205, 228]","[-245, 78]","[-95, 78]","[55, 78]","[205, 78]","[-245, -72]","[-95, -72]","[55, -72]","[205, -72]","[-245, -222]","[-95, -222]","[55, -222]","[205, -222]","[100, 100]","[100, 100]","[100, 100]","[100, 100]","[100, 100]","[100, 100]","[100, 100]","[100, 100]","[100, 100]","[100, 100]","[100, 100]","[100, 100]","[100, 100]","[100, 100]","[100, 100]","[100, 100]",ok.png,"[0, -375]","[150, 100]",58,dots,8,2,m,1,1,1,1,0,0,0,0,0,0,0,1.06574368477,1.065743684768677,0,192,192,98,98,1,1,0,0,0,0,0,0,0,0.899424135685,0.899424135684967,0,4,4,-360,-360,44
00.png,00.png,00.png,00.png,00.png,00.png,00.png,00.png,dots1.png,29.png,23.png,27.png,21.png,25.png,31.png,33.png,"[-230, 225]","[-80, 225]","[70, 225]","[220, 225]","[-230, 75]","[-80, 75]","[70, 75]","[220, 75]","[-230, -75]","[-80, -75]","[70, -75]","[220, -75]","[-230, -225]","[-80, -225]","[70, -225]","[220, -225]","[100, 100]","[100, 100]","[100, 100]","[100, 100]","[100, 100]","[100, 100]","[100, 100]","[100, 100]","[100, 100]","[100, 100]","[100, 100]","[100, 100]","[100, 100]","[100, 100]","[100, 100]","[100, 100]",ok.png,"[0, -375]","[150, 100]",59,dots,8,2,m,1,1,1,1,0,0,0,0,0,0,0,2.41571450233,2.415714502334595,0,-219,-219,-73,-73,1,1,0,0,0,0,0,0,0,0.516200363636,0.5162003636360168,0,-11,-11,-348,-348,5
00.png,00.png,00.png,00.png,14.png,16.png,18.png,20.png,22.png,dots1.png,24.png,26.png,00.png,00.png,00.png,00.png,"[-245, 208]","[-95, 208]","[55, 208]","[205, 208]","[-245, 58]","[-95, 58]","[55, 58]","[205, 58]","[-245, -92]","[-95, -92]","[55, -92]","[205, -92]","[-245, -242]","[-95, -242]","[55, -242]","[205, -242]","[100, 100]","[100, 100]","[100, 100]","[100, 100]","[100, 100]","[100, 100]","[100, 100]","[100, 100]","[100, 100]","[100, 100]","[100, 100]","[100, 100]","[100, 100]","[100, 100]","[100, 100]","[100, 100]",ok.png,"[0, -375]","[150, 100]",60,dots,8,2,m,1,1,1,1,0,0,0,0,0,0,0,0.89922106266,0.8992210626602173,0,-74,-74,-85,-85,1,1,0,0,0,0,0,0,0,1.43289291859,1.432892918586731,0,-9,-9,-361,-361,72
00.png,00.png,00.png,00.png,13.png,10.png,00.png,00.png,16.png,19.png,dots1.png,21.png,24.png,27.png,00.png,00.png,"[-227, 226]","[-77, 226]","[73, 226]","[223, 226]","[-227, 76]","[-77, 76]","[73, 76]","[223, 76]","[-227, -74]","[-77, -74]","[73, -74]","[223, -74]","[-227, -224]","[-77, -224]","[73, -224]","[223, -224]","[100, 100]","[100, 100]","[100, 100]","[100, 100]","[100, 100]","[100, 100]","[100, 100]","[100, 100]","[100, 100]","[100, 100]","[100, 100]","[100, 100]","[100, 100]","[100, 100]","[100, 100]","[100, 100]",ok.png,"[0, -375]","[150, 100]",61,dots,8,2,m,1,1,1,1,0,0,0,0,0,0,0,1.08255577087,1.082555770874023,0,118,118,-76,-76,1,1,0,0,0,0,0,0,0,0.516030013561,0.5160300135612488,0,-43,-43,-389,-389,222
10.png,15.png,20.png,25.png,00.png,00.png,00.png,00.png,21.png,16.png,11.png,dots1.png,00.png,00.png,00.png,00.png,"[-211, 209]","[-61, 209]","[89, 209]","[239, 209]","[-211, 59]","[-61, 59]","[89, 59]","[239, 59]","[-211, -91]","[-61, -91]","[89, -91]","[239, -91]","[-211, -241]","[-61, -241]","[89, -241]","[239, -241]","[100, 100]","[100, 100]","[100, 100]","[100, 100]","[100, 100]","[100, 100]","[100, 100]","[100, 100]","[100, 100]","[100, 100]","[100, 100]","[100, 100]","[100, 100]","[100, 100]","[100, 100]","[100, 100]",ok.png,"[0, -375]","[150, 100]",62,dots,8,2,m,1,1,1,1,0,0,0,0,0,0,0,0.965724468231,0.9657244682312012,0,228,228,-85,-85,1,1,0,0,0,0,0,0,0,0.43255096674,0.4325509667396545,0,-33,-33,-403,-403,414
00.png,00.png,00.png,00.png,00.png,00.png,00.png,00.png,03.png,01.png,07.png,08.png,dots1.png,05.png,02.png,04.png,"[-239, 213]","[-89, 213]","[61, 213]","[211, 213]","[-239, 63]","[-89, 63]","[61, 63]","[211, 63]","[-239, -87]","[-89, -87]","[61, -87]","[211, -87]","[-239, -237]","[-89, -237]","[61, -237]","[211, -237]","[100, 100]","[100, 100]","[100, 100]","[100, 100]","[100, 100]","[100, 100]","[100, 100]","[100, 100]","[100, 100]","[100, 100]","[100, 100]","[100, 100]","[100, 100]","[100, 100]","[100, 100]","[100, 100]",ok.png,"[0, -375]","[150, 100]",63,dots,8,2,m,1,1,1,1,0,0,0,0,0,0,0,0.882351756096,0.8823517560958862,0,-216,-216,-239,-239,1,1,0,0,0,0,0,0,0,0.466023266315,0.4660232663154602,0,-8,-8,-390,-390,168
29.png,00.png,00.png,16.png,00.png,00.png,33.png,08.png,13.png,00.png,00.png,00.png,23.png,dots1.png,12.png,00.png,"[-236, 203]","[-86, 203]","[64, 203]","[214, 203]","[-236, 53]","[-86, 53]","[64, 53]","[214, 53]","[-236, -97]","[-86, -97]","[64, -97]","[214, -97]","[-236, -247]","[-86, -247]","[64, -247]","[214, -247]","[100, 100]","[100, 100]","[100, 100]","[100, 100]","[100, 100]","[100, 100]","[100, 100]","[100, 100]","[100, 100]","[100, 100]","[100, 100]","[100, 100]","[100, 100]","[100, 100]","[100, 100]","[100, 100]",ok.png,"[0, -375]","[150, 100]",64,dots,8,2,m,1,1,1,1,0,0,0,0,0,0,0,1.09901797771,1.099017977714539,0,-69,-69,-247,-247,1,1,0,0,0,0,0,0,0,0.466126799583,0.4661267995834351,0,-17,-17,-401,-401,357
00.png,00.png,00.png,00.png,00.png,00.png,00.png,33.png,27.png,23.png,17.png,13.png,07.png,03.png,dots1.png,00.png,"[-226, 249]","[-76, 249]","[74, 249]","[224, 249]","[-226, 99]","[-76, 99]","[74, 99]","[224, 99]","[-226, -51]","[-76, -51]","[74, -51]","[224, -51]","[-226, -201]","[-76, -201]","[74, -201]","[224, -201]","[100, 100]","[100, 100]","[100, 100]","[100, 100]","[100, 100]","[100, 100]","[100, 100]","[100, 100]","[100, 100]","[100, 100]","[100, 100]","[100, 100]","[100, 100]","[100, 100]","[100, 100]","[100, 100]",ok.png,"[0, -375]","[150, 100]",65,dots,8,2,m,1,1,1,1,0,0,0,0,0,0,0,1.31586933136,1.315869331359863,0,37,37,-177,-177,1,1,0,0,0,0,0,0,0,0.56597417593,0.5659741759300232,0,-26,-26,-370,-370,133
04.png,20.png,30.png,02.png,00.png,00.png,00.png,00.png,00.png,00.png,00.png,00.png,14.png,07.png,17.png,dots1.png,"[-204, 235]","[-54, 235]","[96, 235]","[246, 235]","[-204, 85]","[-54, 85]","[96, 85]","[246, 85]","[-204, -65]","[-54, -65]","[96, -65]","[246, -65]","[-204, -215]","[-54, -215]","[96, -215]","[246, -215]","[100, 100]","[100, 100]","[100, 100]","[100, 100]","[100, 100]","[100, 100]","[100, 100]","[100, 100]","[100, 100]","[100, 100]","[100, 100]","[100, 100]","[100, 100]","[100, 100]","[100, 100]","[100, 100]",ok.png,"[0, -375]","[150, 100]",66,dots,8,2,m,1,1,1,1,0,0,0,0,0,0,0,1.68235719204,1.68235719203949,0,255,255,-198,-198,1,1,0,0,0,0,0,0,0,0.499454289675,0.4994542896747589,0,26,26,-343,-343,425
00.png,19.png,29.png,00.png,00.png,02.png,32.png,00.png,00.png,22.png,16.png,00.png,00.png,04.png,dots1.png,00.png,"[-231, 240]","[-81, 240]","[69, 240]","[219, 240]","[-231, 90]","[-81, 90]","[69, 90]","[219, 90]","[-231, -60]","[-81, -60]","[69, -60]","[219, -60]","[-231, -210]","[-81, -210]","[69, -210]","[219, -210]","[100, 100]","[100, 100]","[100, 100]","[100, 100]","[100, 100]","[100, 100]","[100, 100]","[100, 100]","[100, 100]","[100, 100]","[100, 100]","[100, 100]","[100, 100]","[100, 100]","[100, 100]","[100, 100]",ok.png,"[0, -375]","[150, 100]",67,dots,8,2,m,1,1,1,1,0,0,0,0,0,0,0,1.39869129658,1.398691296577454,0,70,70,-190,-190,1,1,0,0,0,0,0,0,0,0.599380195141,0.5993801951408386,0,-35,-35,-355,-355,104
00.png,00.png,00.png,05.png,21.png,00.png,00.png,00.png,00.png,27.png,28.png,25.png,03.png,dots1.png,08.png,00.png,"[-219, 217]","[-69, 217]","[81, 217]","[231, 217]","[-219, 67]","[-69, 67]","[81, 67]","[231, 67]","[-219, -83]","[-69, -83]","[81, -83]","[231, -83]","[-219, -233]","[-69, -233]","[81, -233]","[231, -233]","[100, 100]","[100, 100]","[100, 100]","[100, 100]","[100, 100]","[100, 100]","[100, 100]","[100, 100]","[100, 100]","[100, 100]","[100, 100]","[100, 100]","[100, 100]","[100, 100]","[100, 100]","[100, 100]",ok.png,"[0, -375]","[150, 100]",68,dots,8,2,m,1,1,1,1,0,0,0,0,0,0,0,0.91523951292,0.9152395129203796,0,-73,-73,-244,-244,1,1,0,0,0,0,0,0,0,0.399760216475,0.3997602164745331,0,4,4,-396,-396,287
06.png,00.png,15.png,17.png,00.png,00.png,16.png,00.png,00.png,09.png,00.png,23.png,dots1.png,00.png,07.png,00.png,"[-239, 240]","[-89, 240]","[61, 240]","[211, 240]","[-239, 90]","[-89, 90]","[61, 90]","[211, 90]","[-239, -60]","[-89, -60]","[61, -60]","[211, -60]","[-239, -210]","[-89, -210]","[61, -210]","[211, -210]","[100, 100]","[100, 100]","[100, 100]","[100, 100]","[100, 100]","[100, 100]","[100, 100]","[100, 100]","[100, 100]","[100, 100]","[100, 100]","[100, 100]","[100, 100]","[100, 100]","[100, 100]","[100, 100]",ok.png,"[0, -375]","[150, 100]",69,dots,8,2,m,1,1,1,1,0,0,0,0,0,0,0,2.36571335793,2.365713357925415,0,-253,-253,-198,-198,1,1,0,0,0,0,0,0,0,0.41612431407,0.4161243140697479,0,-68,-68,-347,-347,343
00.png,11.png,00.png,00.png,12.png,00.png,00.png,34.png,00.png,30.png,08.png,dots1.png,31.png,00.png,32.png,00.png,"[-210, 247]","[-60, 247]","[90, 247]","[240, 247]","[-210, 97]","[-60, 97]","[90, 97]","[240, 97]","[-210, -53]","[-60, -53]","[90, -53]","[240, -53]","[-210, -203]","[-60, -203]","[90, -203]","[240, -203]","[100, 100]","[100, 100]","[100, 100]","[100, 100]","[100, 100]","[100, 100]","[100, 100]","[100, 100]","[100, 100]","[100, 100]","[100, 100]","[100, 100]","[100, 100]","[100, 100]","[100, 100]","[100, 100]",ok.png,"[0, -375]","[150, 100]",70,dots,8,2,m,1,1,1,1,0,0,0,0,0,0,0,0.999003052711,0.9990030527114868,0,261,261,-56,-56,1,1,0,0,0,0,0,0,0,0.499584853649,0.4995848536491394,0,-32,-32,-344,-344,411
00.png,00.png,00.png,00.png,00.png,00.png,24.png,27.png,07.png,09.png,dots1.png,10.png,13.png,16.png,00.png,00.png,"[-223, 232]","[-73, 232]","[77, 232]","[227, 232]","[-223, 82]","[-73, 82]","[77, 82]","[227, 82]","[-223, -68]","[-73, -68]","[77, -68]","[227, -68]","[-223, -218]","[-73, -218]","[77, -218]","[227, -218]","[100, 100]","[100, 100]","[100, 100]","[100, 100]","[100, 100]","[100, 100]","[100, 100]","[100, 100]","[100, 100]","[100, 100]","[100, 100]","[100, 100]","[100, 100]","[100, 100]","[100, 100]","[100, 100]",ok.png,"[0, -375]","[150, 100]",71,dots,8,2,m,1,1,1,1,0,0,0,0,0,0,0,0.7156727314,0.7156727313995361,0,126,126,-23,-23,1,1,0,0,0,0,0,0,0,0.582690417767,0.582690417766571,0,30,30,-381,-381,393
00.png,00.png,25.png,00.png,33.png,00.png,05.png,00.png,01.png,dots1.png,00.png,10.png,00.png,20.png,00.png,30.png,"[-230, 235]","[-80, 235]","[70, 235]","[220, 235]","[-230, 85]","[-80, 85]","[70, 85]","[220, 85]","[-230, -65]","[-80, -65]","[70, -65]","[220, -65]","[-230, -215]","[-80, -215]","[70, -215]","[220, -215]","[100, 100]","[100, 100]","[100, 100]","[100, 100]","[100, 100]","[100, 100]","[100, 100]","[100, 100]","[100, 100]","[100, 100]","[100, 100]","[100, 100]","[100, 100]","[100, 100]","[100, 100]","[100, 100]",ok.png,"[0, -375]","[150, 100]",72,dots,8,2,m,1,1,1,1,0,0,0,0,0,0,0,0.865479409695,0.8654794096946716,0,-66,-66,-62,-62,1,1,0,0,0,0,0,0,0,0.39952725172,0.3995272517204285,0,-15,-15,-344,-344,401
00.png,00.png,00.png,18.png,00.png,14.png,00.png,09.png,dots1.png,02.png,04.png,00.png,26.png,24.png,00.png,00.png,"[-204, 234]","[-54, 234]","[96, 234]","[246, 234]","[-204, 84]","[-54, 84]","[96, 84]","[246, 84]","[-204, -66]","[-54, -66]","[96, -66]","[246, -66]","[-204, -216]","[-54, -216]","[96, -216]","[246, -216]","[100, 100]","[100, 100]","[100, 100]","[100, 100]","[100, 100]","[100, 100]","[100, 100]","[100, 100]","[100, 100]","[100, 100]","[100, 100]","[100, 100]","[100, 100]","[100, 100]","[100, 100]","[100, 100]",ok.png,"[0, -375]","[150, 100]",73,dots,8,2,m,1,1,1,1,0,0,0,0,0,0,0,0.799082100391,0.7990821003913879,0,-142,-142,-60,-60,1,1,0,0,0,0,0,0,0,0.849493026733,0.8494930267333984,0,2,2,-348,-348,391
00.png,14.png,00.png,00.png,11.png,07.png,00.png,dots1.png,18.png,00.png,00.png,30.png,09.png,00.png,00.png,19.png,"[-205, 214]","[-55, 214]","[95, 214]","[245, 214]","[-205, 64]","[-55, 64]","[95, 64]","[245, 64]","[-205, -86]","[-55, -86]","[95, -86]","[245, -86]","[-205, -236]","[-55, -236]","[95, -236]","[245, -236]","[100, 100]","[100, 100]","[100, 100]","[100, 100]","[100, 100]","[100, 100]","[100, 100]","[100, 100]","[100, 100]","[100, 100]","[100, 100]","[100, 100]","[100, 100]","[100, 100]","[100, 100]","[100, 100]",ok.png,"[0, -375]","[150, 100]",74,dots,8,2,m,1,1,1,1,0,0,0,0,0,0,0,0.932413995266,0.9324139952659608,0,249,249,64,64,1,1,0,0,0,0,0,0,0,0.566242992878,0.5662429928779602,0,40,40,-357,-357,178
31.png,00.png,13.png,00.png,23.png,00.png,dots1.png,00.png,33.png,00.png,14.png,00.png,19.png,00.png,29.png,00.png,"[-247, 223]","[-97, 223]","[53, 223]","[203, 223]","[-247, 73]","[-97, 73]","[53, 73]","[203, 73]","[-247, -77]","[-97, -77]","[53, -77]","[203, -77]","[-247, -227]","[-97, -227]","[53, -227]","[203, -227]","[100, 100]","[100, 100]","[100, 100]","[100, 100]","[100, 100]","[100, 100]","[100, 100]","[100, 100]","[100, 100]","[100, 100]","[100, 100]","[100, 100]","[100, 100]","[100, 100]","[100, 100]","[100, 100]",ok.png,"[0, -375]","[150, 100]",75,dots,8,2,m,1,1,1,1,0,0,0,0,0,0,0,0.665726840496,0.6657268404960632,0,75,75,88,88,1,1,0,0,0,0,1,1,0,0.982871890068,0.9828718900680542,0,-43,-43,-369,-369,418
00.png,00.png,00.png,00.png,00.png,00.png,00.png,00.png,07.png,06.png,05.png,04.png,03.png,02.png,01.png,dots2.png,"[-207, 209]","[-57, 209]","[93, 209]","[243, 209]","[-207, 59]","[-57, 59]","[93, 59]","[243, 59]","[-207, -91]","[-57, -91]","[93, -91]","[243, -91]","[-207, -241]","[-57, -241]","[93, -241]","[243, -241]","[100, 100]","[100, 100]","[100, 100]","[100, 100]","[100, 100]","[100, 100]","[100, 100]","[100, 100]","[100, 100]","[100, 100]","[100, 100]","[100, 100]","[100, 100]","[100, 100]","[100, 100]","[100, 100]",ok.png,"[0, -375]","[150, 100]",76,dots,8,2,m,1,1,1,1,0,0,0,0,0,0,0,1.39893507957,1.398935079574585,0,260,260,-243,-243,1,1,0,0,0,0,0,0,0,0.416322559118,0.4163225591182709,0,51,51,-362,-362,274
00.png,00.png,00.png,00.png,00.png,00.png,14.png,00.png,13.png,12.png,11.png,10.png,00.png,09.png,dots2.png,08.png,"[-237, 214]","[-87, 214]","[63, 214]","[213, 214]","[-237, 64]","[-87, 64]","[63, 64]","[213, 64]","[-237, -86]","[-87, -86]","[63, -86]","[213, -86]","[-237, -236]","[-87, -236]","[63, -236]","[213, -236]","[100, 100]","[100, 100]","[100, 100]","[100, 100]","[100, 100]","[100, 100]","[100, 100]","[100, 100]","[100, 100]","[100, 100]","[100, 100]","[100, 100]","[100, 100]","[100, 100]","[100, 100]","[100, 100]",ok.png,"[0, -375]","[150, 100]",77,dots,8,2,m,1,1,1,1,0,0,0,0,0,0,0,1.04910850525,1.049108505249023,0,62,62,-209,-209,1,1,0,0,0,0,0,0,0,0.566054701805,0.5660547018051147,0,21,21,-385,-385,339
00.png,00.png,00.png,00.png,00.png,00.png,21.png,20.png,19.png,18.png,17.png,16.png,15.png,dots2.png,00.png,00.png,"[-231, 207]","[-81, 207]","[69, 207]","[219, 207]","[-231, 57]","[-81, 57]","[69, 57]","[219, 57]","[-231, -93]","[-81, -93]","[69, -93]","[219, -93]","[-231, -243]","[-81, -243]","[69, -243]","[219, -243]","[100, 100]","[100, 100]","[100, 100]","[100, 100]","[100, 100]","[100, 100]","[100, 100]","[100, 100]","[100, 100]","[100, 100]","[100, 100]","[100, 100]","[100, 100]","[100, 100]","[100, 100]","[100, 100]",ok.png,"[0, -375]","[150, 100]",78,dots,8,2,m,1,1,1,1,0,0,0,0,0,0,0,1.16575145721,1.165751457214355,0,-63,-63,-278,-278,1,1,0,0,0,0,0,0,0,0.433202624321,0.4332026243209839,0,-28,-28,-377,-377,262
00.png,00.png,00.png,00.png,00.png,00.png,31.png,27.png,26.png,28.png,00.png,00.png,dots2.png,24.png,23.png,22.png,"[-245, 222]","[-95, 222]","[55, 222]","[205, 222]","[-245, 72]","[-95, 72]","[55, 72]","[205, 72]","[-245, -78]","[-95, -78]","[55, -78]","[205, -78]","[-245, -228]","[-95, -228]","[55, -228]","[205, -228]","[100, 100]","[100, 100]","[100, 100]","[100, 100]","[100, 100]","[100, 100]","[100, 100]","[100, 100]","[100, 100]","[100, 100]","[100, 100]","[100, 100]","[100, 100]","[100, 100]","[100, 100]","[100, 100]",ok.png,"[0, -375]","[150, 100]",79,dots,8,2,m,1,1,1,1,0,0,0,0,0,0,0,1.2657160759,1.265716075897217,0,-227,-227,-235,-235,1,1,0,0,0,0,0,0,0,0.666131079197,0.6661310791969299,0,15,15,-367,-367,273
00.png,00.png,00.png,00.png,01.png,34.png,33.png,32.png,31.png,30.png,29.png,dots2.png,00.png,00.png,00.png,00.png,"[-210, 238]","[-60, 238]","[90, 238]","[240, 238]","[-210, 88]","[-60, 88]","[90, 88]","[240, 88]","[-210, -62]","[-60, -62]","[90, -62]","[240, -62]","[-210, -212]","[-60, -212]","[90, -212]","[240, -212]","[100, 100]","[100, 100]","[100, 100]","[100, 100]","[100, 100]","[100, 100]","[100, 100]","[100, 100]","[100, 100]","[100, 100]","[100, 100]","[100, 100]","[100, 100]","[100, 100]","[100, 100]","[100, 100]",ok.png,"[0, -375]","[150, 100]",80,dots,8,2,m,1,1,1,1,0,0,0,0,0,0,0,1.23256969452,1.232569694519043,0,258,258,-42,-42,1,1,0,0,0,0,0,0,0,0.449254125357,0.4492541253566742,0,22,22,-451,-451,340
00.png,00.png,23.png,17.png,00.png,00.png,15.png,06.png,00.png,00.png,dots2.png,04.png,00.png,00.png,34.png,01.png,"[-212, 248]","[-62, 248]","[88, 248]","[238, 248]","[-212, 98]","[-62, 98]","[88, 98]","[238, 98]","[-212, -52]","[-62, -52]","[88, -52]","[238, -52]","[-212, -202]","[-62, -202]","[88, -202]","[238, -202]","[100, 100]","[100, 100]","[100, 100]","[100, 100]","[100, 100]","[100, 100]","[100, 100]","[100, 100]","[100, 100]","[100, 100]","[100, 100]","[100, 100]","[100, 100]","[100, 100]","[100, 100]","[100, 100]",ok.png,"[0, -375]","[150, 100]",81,dots,8,2,m,1,1,1,1,0,0,0,0,0,0,0,0.782025396824,0.7820253968238831,0,117,117,-41,-41,1,1,0,0,0,0,0,0,0,0.916285991669,0.9162859916687012,0,35,35,-334,-334,50
14.png,09.png,22.png,06.png,00.png,00.png,00.png,00.png,25.png,dots2.png,03.png,07.png,00.png,00.png,00.png,00.png,"[-239, 245]","[-89, 245]","[61, 245]","[211, 245]","[-239, 95]","[-89, 95]","[61, 95]","[211, 95]","[-239, -55]","[-89, -55]","[61, -55]","[211, -55]","[-239, -205]","[-89, -205]","[61, -205]","[211, -205]","[100, 100]","[100, 100]","[100, 100]","[100, 100]","[100, 100]","[100, 100]","[100, 100]","[100, 100]","[100, 100]","[100, 100]","[100, 100]","[100, 100]","[100, 100]","[100, 100]","[100, 100]","[100, 100]",ok.png,"[0, -375]","[150, 100]",82,dots,8,2,m,1,1,1,1,0,0,0,0,0,0,0,0.865678191185,0.8656781911849976,0,-105,-105,-98,-98,1,1,0,0,0,0,0,0,0,0.51581299305,0.5158129930496216,0,-18,-18,-440,-440,430
00.png,00.png,00.png,00.png,31.png,30.png,17.png,00.png,dots2.png,27.png,00.png,00.png,07.png,33.png,05.png,00.png,"[-216, 221]","[-66, 221]","[84, 221]","[234, 221]","[-216, 71]","[-66, 71]","[84, 71]","[234, 71]","[-216, -79]","[-66, -79]","[84, -79]","[234, -79]","[-216, -229]","[-66, -229]","[84, -229]","[234, -229]","[100, 100]","[100, 100]","[100, 100]","[100, 100]","[100, 100]","[100, 100]","[100, 100]","[100, 100]","[100, 100]","[100, 100]","[100, 100]","[100, 100]","[100, 100]","[100, 100]","[100, 100]","[100, 100]",ok.png,"[0, -375]","[150, 100]",83,dots,8,2,m,1,1,1,1,0,0,0,0,0,0,0,0.682390213013,0.6823902130126953,0,-172,-172,-65,-65,1,1,0,0,0,0,0,0,0,0.432967692614,0.4329676926136017,0,-17,-17,-307,-307,300
33.png,31.png,25.png,21.png,27.png,23.png,29.png,dots2.png,00.png,00.png,00.png,00.png,00.png,00.png,00.png,00.png,"[-235, 204]","[-85, 204]","[65, 204]","[215, 204]","[-235, 54]","[-85, 54]","[65, 54]","[215, 54]","[-235, -96]","[-85, -96]","[65, -96]","[215, -96]","[-235, -246]","[-85, -246]","[65, -246]","[215, -246]","[100, 100]","[100, 100]","[100, 100]","[100, 100]","[100, 100]","[100, 100]","[100, 100]","[100, 100]","[100, 100]","[100, 100]","[100, 100]","[100, 100]","[100, 100]","[100, 100]","[100, 100]","[100, 100]",ok.png,"[0, -375]","[150, 100]",84,dots,8,2,m,1,1,1,1,0,0,0,0,0,0,0,1.7989180088,1.798918008804321,0,230,230,73,73,1,1,0,0,0,0,0,0,0,0.58270919323,0.5827091932296753,0,-2,-2,-378,-378,263
00.png,00.png,00.png,00.png,26.png,24.png,dots2.png,22.png,20.png,18.png,16.png,14.png,00.png,00.png,00.png,00.png,"[-226, 244]","[-76, 244]","[74, 244]","[224, 244]","[-226, 94]","[-76, 94]","[74, 94]","[224, 94]","[-226, -56]","[-76, -56]","[74, -56]","[224, -56]","[-226, -206]","[-76, -206]","[74, -206]","[224, -206]","[100, 100]","[100, 100]","[100, 100]","[100, 100]","[100, 100]","[100, 100]","[100, 100]","[100, 100]","[100, 100]","[100, 100]","[100, 100]","[100, 100]","[100, 100]","[100, 100]","[100, 100]","[100, 100]",ok.png,"[0, -375]","[150, 100]",85,dots,8,2,m,1,1,1,1,0,0,0,0,0,0,0,1.04946255684,1.049462556838989,0,73,73,74,74,1,1,0,0,0,0,0,0,0,0.632574558258,0.6325745582580566,0,-1,-1,-381,-381,190
00.png,00.png,27.png,24.png,21.png,dots2.png,19.png,16.png,00.png,00.png,10.png,13.png,00.png,00.png,00.png,00.png,"[-227, 228]","[-77, 228]","[73, 228]","[223, 228]","[-227, 78]","[-77, 78]","[73, 78]","[223, 78]","[-227, -72]","[-77, -72]","[73, -72]","[223, -72]","[-227, -222]","[-77, -222]","[73, -222]","[223, -222]","[100, 100]","[100, 100]","[100, 100]","[100, 100]","[100, 100]","[100, 100]","[100, 100]","[100, 100]","[100, 100]","[100, 100]","[100, 100]","[100, 100]","[100, 100]","[100, 100]","[100, 100]","[100, 100]",ok.png,"[0, -375]","[150, 100]",86,dots,8,2,m,1,1,1,1,0,0,0,0,0,0,0,0.765363454819,0.7653634548187256,0,-44,-44,90,90,1,1,0,0,0,0,0,0,0,1.06620073318,1.066200733184814,0,11,11,-387,-387,231
00.png,00.png,00.png,00.png,dots2.png,11.png,16.png,21.png,00.png,00.png,00.png,00.png,25.png,20.png,15.png,10.png,"[-216, 216]","[-66, 216]","[84, 216]","[234, 216]","[-216, 66]","[-66, 66]","[84, 66]","[234, 66]","[-216, -84]","[-66, -84]","[84, -84]","[234, -84]","[-216, -234]","[-66, -234]","[84, -234]","[234, -234]","[100, 100]","[100, 100]","[100, 100]","[100, 100]","[100, 100]","[100, 100]","[100, 100]","[100, 100]","[100, 100]","[100, 100]","[100, 100]","[100, 100]","[100, 100]","[100, 100]","[100, 100]","[100, 100]",ok.png,"[0, -375]","[150, 100]",87,dots,8,2,m,1,1,1,1,0,0,0,0,0,0,0,0.832519650459,0.8325196504592896,0,-219,-219,79,79,1,1,0,0,0,0,0,0,0,0.69918692112,0.6991869211196899,0,-12,-12,-360,-360,376
04.png,02.png,05.png,dots2.png,08.png,07.png,01.png,03.png,00.png,00.png,00.png,00.png,00.png,00.png,00.png,00.png,"[-220, 242]","[-70, 242]","[80, 242]","[230, 242]","[-220, 92]","[-70, 92]","[80, 92]","[230, 92]","[-220, -58]","[-70, -58]","[80, -58]","[230, -58]","[-220, -208]","[-70, -208]","[80, -208]","[230, -208]","[100, 100]","[100, 100]","[100, 100]","[100, 100]","[100, 100]","[100, 100]","[100, 100]","[100, 100]","[100, 100]","[100, 100]","[100, 100]","[100, 100]","[100, 100]","[100, 100]","[100, 100]","[100, 100]",ok.png,"[0, -375]","[150, 100]",88,dots,8,2,m,1,1,1,1,0,0,0,0,0,0,0,1.46571207047,1.465712070465088,0,209,209,202,202,1,1,0,0,0,0,0,0,0,0.949371993542,0.9493719935417176,0,18,18,-396,-396,56
00.png,12.png,dots2.png,23.png,00.png,00.png,00.png,13.png,08.png,33.png,00.png,00.png,16.png,00.png,00.png,29.png,"[-242, 241]","[-92, 241]","[58, 241]","[208, 241]","[-242, 91]","[-92, 91]","[58, 91]","[208, 91]","[-242, -59]","[-92, -59]","[58, -59]","[208, -59]","[-242, -209]","[-92, -209]","[58, -209]","[208, -209]","[100, 100]","[100, 100]","[100, 100]","[100, 100]","[100, 100]","[100, 100]","[100, 100]","[100, 100]","[100, 100]","[100, 100]","[100, 100]","[100, 100]","[100, 100]","[100, 100]","[100, 100]","[100, 100]",ok.png,"[0, -375]","[150, 100]",89,dots,8,2,m,1,1,1,1,0,0,0,0,0,0,0,0.915285885334,0.9152858853340148,0,49,49,231,231,1,1,0,0,0,0,0,0,0,1.11627972126,1.116279721260071,0,-6,-6,-388,-388,76
00.png,dots2.png,03.png,07.png,13.png,17.png,23.png,27.png,33.png,00.png,00.png,00.png,00.png,00.png,00.png,00.png,"[-239, 232]","[-89, 232]","[61, 232]","[211, 232]","[-239, 82]","[-89, 82]","[61, 82]","[211, 82]","[-239, -68]","[-89, -68]","[61, -68]","[211, -68]","[-239, -218]","[-89, -218]","[61, -218]","[211, -218]","[100, 100]","[100, 100]","[100, 100]","[100, 100]","[100, 100]","[100, 100]","[100, 100]","[100, 100]","[100, 100]","[100, 100]","[100, 100]","[100, 100]","[100, 100]","[100, 100]","[100, 100]","[100, 100]",ok.png,"[0, -375]","[150, 100]",90,dots,8,2,m,1,1,1,1,0,0,0,0,0,0,0,1.14907169342,1.14907169342041,0,-86,-86,232,232,1,1,0,0,0,0,0,0,0,0.616137087345,0.6161370873451233,0,-18,-18,-349,-349,175
dots2.png,17.png,07.png,14.png,00.png,00.png,00.png,00.png,00.png,00.png,00.png,00.png,02.png,30.png,20.png,04.png,"[-238, 203]","[-88, 203]","[62, 203]","[212, 203]","[-238, 53]","[-88, 53]","[62, 53]","[212, 53]","[-238, -97]","[-88, -97]","[62, -97]","[212, -97]","[-238, -247]","[-88, -247]","[62, -247]","[212, -247]","[100, 100]","[100, 100]","[100, 100]","[100, 100]","[100, 100]","[100, 100]","[100, 100]","[100, 100]","[100, 100]","[100, 100]","[100, 100]","[100, 100]","[100, 100]","[100, 100]","[100, 100]","[100, 100]",ok.png,"[0, -375]","[150, 100]",91,dots,8,2,m,1,1,1,1,0,0,0,0,0,0,0,0.882594108582,0.882594108581543,0,-225,-225,207,207,1,1,0,0,0,0,0,0,0,0.632665336132,0.6326653361320496,0,-1,-1,-375,-375,253
00.png,dots2.png,04.png,00.png,00.png,16.png,22.png,00.png,00.png,32.png,02.png,00.png,00.png,29.png,19.png,00.png,"[-244, 249]","[-94, 249]","[56, 249]","[206, 249]","[-244, 99]","[-94, 99]","[56, 99]","[206, 99]","[-244, -51]","[-94, -51]","[56, -51]","[206, -51]","[-244, -201]","[-94, -201]","[56, -201]","[206, -201]","[100, 100]","[100, 100]","[100, 100]","[100, 100]","[100, 100]","[100, 100]","[100, 100]","[100, 100]","[100, 100]","[100, 100]","[100, 100]","[100, 100]","[100, 100]","[100, 100]","[100, 100]","[100, 100]",ok.png,"[0, -375]","[150, 100]",92,dots,8,2,m,1,1,1,1,0,0,0,0,0,0,0,2.6490111351,2.649011135101318,0,-52,-52,249,249,1,1,0,0,0,0,0,0,0,0.682798087597,0.6827980875968933,0,-85,-85,-361,-361,366
00.png,08.png,dots2.png,03.png,25.png,28.png,27.png,00.png,00.png,00.png,00.png,21.png,05.png,00.png,00.png,00.png,"[-223, 218]","[-73, 218]","[77, 218]","[227, 218]","[-223, 68]","[-73, 68]","[77, 68]","[227, 68]","[-223, -82]","[-73, -82]","[77, -82]","[227, -82]","[-223, -232]","[-73, -232]","[77, -232]","[227, -232]","[100, 100]","[100, 100]","[100, 100]","[100, 100]","[100, 100]","[100, 100]","[100, 100]","[100, 100]","[100, 100]","[100, 100]","[100, 100]","[100, 100]","[100, 100]","[100, 100]","[100, 100]","[100, 100]",ok.png,"[0, -375]","[150, 100]",93,dots,8,2,m,1,1,1,1,0,0,0,0,0,0,0,1.04904425144,1.049044251441956,0,78,78,218,218,1,1,0,0,0,0,0,0,0,0.566244125366,0.5662441253662109,0,10,10,-375,-375,189
00.png,07.png,00.png,dots2.png,23.png,00.png,09.png,00.png,00.png,16.png,00.png,00.png,17.png,15.png,00.png,06.png,"[-224, 213]","[-74, 213]","[76, 213]","[226, 213]","[-224, 63]","[-74, 63]","[76, 63]","[226, 63]","[-224, -87]","[-74, -87]","[76, -87]","[226, -87]","[-224, -237]","[-74, -237]","[76, -237]","[226, -237]","[100, 100]","[100, 100]","[100, 100]","[100, 100]","[100, 100]","[100, 100]","[100, 100]","[100, 100]","[100, 100]","[100, 100]","[100, 100]","[100, 100]","[100, 100]","[100, 100]","[100, 100]","[100, 100]",ok.png,"[0, -375]","[150, 100]",94,dots,8,2,m,1,1,1,1,0,0,0,0,0,0,0,2.5491168499,2.549116849899292,0,208,208,212,212,1,1,0,0,0,0,0,0,0,0.649482548237,0.6494825482368469,0,-32,-32,-424,-424,82
00.png,32.png,00.png,31.png,dots2.png,08.png,30.png,00.png,34.png,00.png,00.png,12.png,00.png,00.png,11.png,00.png,"[-204, 235]","[-54, 235]","[96, 235]","[246, 235]","[-204, 85]","[-54, 85]","[96, 85]","[246, 85]","[-204, -65]","[-54, -65]","[96, -65]","[246, -65]","[-204, -215]","[-54, -215]","[96, -215]","[246, -215]","[100, 100]","[100, 100]","[100, 100]","[100, 100]","[100, 100]","[100, 100]","[100, 100]","[100, 100]","[100, 100]","[100, 100]","[100, 100]","[100, 100]","[100, 100]","[100, 100]","[100, 100]","[100, 100]",ok.png,"[0, -375]","[150, 100]",95,dots,8,2,m,1,1,1,1,0,0,0,0,0,0,0,0.849033117294,0.8490331172943115,0,-172,-172,133,133,1,1,0,0,0,0,0,0,0,0.566156804562,0.566156804561615,0,13,13,-402,-402,131
00.png,00.png,16.png,13.png,10.png,dots2.png,09.png,07.png,27.png,24.png,00.png,00.png,00.png,00.png,00.png,00.png,"[-214, 226]","[-64, 226]","[86, 226]","[236, 226]","[-214, 76]","[-64, 76]","[86, 76]","[236, 76]","[-214, -74]","[-64, -74]","[86, -74]","[236, -74]","[-214, -224]","[-64, -224]","[86, -224]","[236, -224]","[100, 100]","[100, 100]","[100, 100]","[100, 100]","[100, 100]","[100, 100]","[100, 100]","[100, 100]","[100, 100]","[100, 100]","[100, 100]","[100, 100]","[100, 100]","[100, 100]","[100, 100]","[100, 100]",ok.png,"[0, -375]","[150, 100]",96,dots,8,2,m,1,1,1,1,0,0,0,0,0,0,0,0.647786974907,0.6477869749069214,0,-84,-84,67,67,1,1,0,0,0,0,0,0,0,0.499353319407,0.4993533194065094,0,17,17,-374,-374,429
30.png,00.png,20.png,00.png,10.png,00.png,dots2.png,01.png,00.png,05.png,00.png,33.png,00.png,25.png,00.png,00.png,"[-249, 219]","[-99, 219]","[51, 219]","[201, 219]","[-249, 69]","[-99, 69]","[51, 69]","[201, 69]","[-249, -81]","[-99, -81]","[51, -81]","[201, -81]","[-249, -231]","[-99, -231]","[51, -231]","[201, -231]","[100, 100]","[100, 100]","[100, 100]","[100, 100]","[100, 100]","[100, 100]","[100, 100]","[100, 100]","[100, 100]","[100, 100]","[100, 100]","[100, 100]","[100, 100]","[100, 100]","[100, 100]","[100, 100]",ok.png,"[0, -375]","[150, 100]",97,dots,8,2,m,1,1,1,1,0,0,0,0,0,0,0,0.715684711933,0.715684711933136,0,28,28,38,38,1,1,0,0,0,0,0,0,0,0.683298408985,0.6832984089851379,0,-9,-9,-357,-357,420
00.png,00.png,24.png,26.png,00.png,04.png,02.png,dots2.png,09.png,00.png,14.png,00.png,18.png,00.png,00.png,00.png,"[-200, 247]","[-50, 247]","[100, 247]","[250, 247]","[-200, 97]","[-50, 97]","[100, 97]","[250, 97]","[-200, -53]","[-50, -53]","[100, -53]","[250, -53]","[-200, -203]","[-50, -203]","[100, -203]","[250, -203]","[100, 100]","[100, 100]","[100, 100]","[100, 100]","[100, 100]","[100, 100]","[100, 100]","[100, 100]","[100, 100]","[100, 100]","[100, 100]","[100, 100]","[100, 100]","[100, 100]","[100, 100]","[100, 100]",ok.png,"[0, -375]","[150, 100]",98,dots,8,2,m,1,1,1,1,0,0,0,0,0,0,0,1.48247718811,1.482477188110352,0,226,226,122,122,1,1,0,0,0,0,0,0,0,0.932487368584,0.9324873685836792,0,-39,-39,-348,-348,83
19.png,00.png,00.png,09.png,30.png,00.png,00.png,18.png,dots2.png,00.png,07.png,11.png,00.png,00.png,14.png,00.png,"[-239, 245]","[-89, 245]","[61, 245]","[211, 245]","[-239, 95]","[-89, 95]","[61, 95]","[211, 95]","[-239, -55]","[-89, -55]","[61, -55]","[211, -55]","[-239, -205]","[-89, -205]","[61, -205]","[211, -205]","[100, 100]","[100, 100]","[100, 100]","[100, 100]","[100, 100]","[100, 100]","[100, 100]","[100, 100]","[100, 100]","[100, 100]","[100, 100]","[100, 100]","[100, 100]","[100, 100]","[100, 100]","[100, 100]",ok.png,"[0, -375]","[150, 100]",99,dots,8,2,m,1,1,1,1,0,0,0,0,0,0,0,1.1489572525,1.148957252502441,0,-227,-227,-50,-50,1,1,0,0,0,0,0,0,0,0.349619209766,0.3496192097663879,0,-32,-32,-396,-396,356
00.png,29.png,00.png,19.png,00.png,14.png,00.png,33.png,00.png,dots2.png,00.png,23.png,00.png,13.png,00.png,31.png,"[-223, 208]","[-73, 208]","[77, 208]","[227, 208]","[-223, 58]","[-73, 58]","[77, 58]","[227, 58]","[-223, -92]","[-73, -92]","[77, -92]","[227, -92]","[-223, -242]","[-73, -242]","[77, -242]","[227, -242]","[100, 100]","[100, 100]","[100, 100]","[100, 100]","[100, 100]","[100, 100]","[100, 100]","[100, 100]","[100, 100]","[100, 100]","[100, 100]","[100, 100]","[100, 100]","[100, 100]","[100, 100]","[100, 100]",ok.png,"[0, -375]","[150, 100]",100,dots,8,2,m,1,1,1,1,0,0,0,0,0,0,0,0.748938262463,0.748938262462616,0,-87,-87,-71,-71,1,1,0,0,0,0,0,0,0,0.549559473991,0.549559473991394,0,-49,-49,-368,-368,256
dots1.png,01.png,02.png,03.png,04.png,05.png,06.png,tray1.png,00.png,00.png,00.png,00.png,00.png,00.png,00.png,00.png,"[-229, 210]","[-79, 210]","[71, 210]","[221, 210]","[-229, 60]","[-79, 60]","[71, 60]","[221, 60]","[-229, -90]","[-79, -90]","[71, -90]","[221, -90]","[-229, -240]","[-79, -240]","[71, -240]","[221, -240]","[100, 100]","[100, 100]","[100, 100]","[100, 100]","[100, 100]","[100, 100]","[100, 100]","[100, 100]","[100, 100]","[100, 100]","[100, 100]","[100, 100]","[100, 100]","[100, 100]","[100, 100]","[100, 100]",ok.png,"[0, -375]","[150, 100]",101,both,8,3,m,1,1,1,1,0,0,0,0,0,0,0,0.915789961815,0.9157899618148804,0,178,178,70,70,1,1,0,0,0,0,0,0,0,1.14936316013,1.149363160133362,0,-225,-225,231,231,276
08.png,dots1.png,09.png,00.png,10.png,11.png,tray1.png,13.png,00.png,14.png,00.png,00.png,00.png,00.png,00.png,00.png,"[-226, 211]","[-76, 211]","[74, 211]","[224, 211]","[-226, 61]","[-76, 61]","[74, 61]","[224, 61]","[-226, -89]","[-76, -89]","[74, -89]","[224, -89]","[-226, -239]","[-76, -239]","[74, -239]","[224, -239]","[100, 100]","[100, 100]","[100, 100]","[100, 100]","[100, 100]","[100, 100]","[100, 100]","[100, 100]","[100, 100]","[100, 100]","[100, 100]","[100, 100]","[100, 100]","[100, 100]","[100, 100]","[100, 100]",ok.png,"[0, -375]","[150, 100]",102,both,8,3,m,1,1,1,1,0,0,0,0,0,0,0,0.932435035706,0.9324350357055664,0,80,80,57,57,1,1,0,0,0,0,0,0,0,0.382817268372,0.382817268371582,0,-88,-88,198,198,233
00.png,00.png,dots1.png,15.png,16.png,tray1.png,18.png,19.png,20.png,21.png,00.png,00.png,00.png,00.png,00.png,00.png,"[-202, 241]","[-52, 241]","[98, 241]","[248, 241]","[-202, 91]","[-52, 91]","[98, 91]","[248, 91]","[-202, -59]","[-52, -59]","[98, -59]","[248, -59]","[-202, -209]","[-52, -209]","[98, -209]","[248, -209]","[100, 100]","[100, 100]","[100, 100]","[100, 100]","[100, 100]","[100, 100]","[100, 100]","[100, 100]","[100, 100]","[100, 100]","[100, 100]","[100, 100]","[100, 100]","[100, 100]","[100, 100]","[100, 100]",ok.png,"[0, -375]","[150, 100]",103,both,8,3,m,1,1,1,1,0,0,0,0,0,0,0,0.982157111168,0.9821571111679076,0,115,115,232,232,1,1,0,0,0,0,0,0,0,0.616374909878,0.6163749098777771,0,-63,-63,86,86,314
22.png,23.png,24.png,dots1.png,00.png,00.png,25.png,26.png,00.png,00.png,tray1.png,28.png,00.png,00.png,00.png,00.png,"[-203, 227]","[-53, 227]","[97, 227]","[247, 227]","[-203, 77]","[-53, 77]","[97, 77]","[247, 77]","[-203, -73]","[-53, -73]","[97, -73]","[247, -73]","[-203, -223]","[-53, -223]","[97, -223]","[247, -223]","[100, 100]","[100, 100]","[100, 100]","[100, 100]","[100, 100]","[100, 100]","[100, 100]","[100, 100]","[100, 100]","[100, 100]","[100, 100]","[100, 100]","[100, 100]","[100, 100]","[100, 100]","[100, 100]",ok.png,"[0, -375]","[150, 100]",104,both,8,3,m,1,1,1,1,0,0,0,0,0,0,0,0.982495844364,0.9824958443641664,0,104,104,-84,-84,1,1,0,0,0,0,0,0,0,0.916324675083,0.9163246750831604,0,233,233,255,255,40
00.png,00.png,00.png,00.png,dots1.png,29.png,30.png,31.png,32.png,33.png,34.png,tray1.png,00.png,00.png,00.png,00.png,"[-210, 245]","[-60, 245]","[90, 245]","[240, 245]","[-210, 95]","[-60, 95]","[90, 95]","[240, 95]","[-210, -55]","[-60, -55]","[90, -55]","[240, -55]","[-210, -205]","[-60, -205]","[90, -205]","[240, -205]","[100, 100]","[100, 100]","[100, 100]","[100, 100]","[100, 100]","[100, 100]","[100, 100]","[100, 100]","[100, 100]","[100, 100]","[100, 100]","[100, 100]","[100, 100]","[100, 100]","[100, 100]","[100, 100]",ok.png,"[0, -375]","[150, 100]",105,both,8,3,m,1,1,1,1,0,0,0,0,0,0,0,0.948982357979,0.9489823579788208,0,-232,-232,99,99,1,1,0,0,0,0,0,0,0,0.582904577255,0.582904577255249,0,297,297,-45,-45,114
01.png,tray1.png,00.png,00.png,04.png,dots1.png,00.png,00.png,06.png,15.png,00.png,00.png,17.png,23.png,00.png,00.png,"[-227, 237]","[-77, 237]","[73, 237]","[223, 237]","[-227, 87]","[-77, 87]","[73, 87]","[223, 87]","[-227, -63]","[-77, -63]","[73, -63]","[223, -63]","[-227, -213]","[-77, -213]","[73, -213]","[223, -213]","[100, 100]","[100, 100]","[100, 100]","[100, 100]","[100, 100]","[100, 100]","[100, 100]","[100, 100]","[100, 100]","[100, 100]","[100, 100]","[100, 100]","[100, 100]","[100, 100]","[100, 100]","[100, 100]",ok.png,"[0, -375]","[150, 100]",106,both,8,3,m,1,1,1,1,0,0,0,0,0,0,0,0.86559432745,0.8655943274497986,0,-82,-82,76,76,1,1,0,0,0,0,0,0,0,1.51593589783,1.515935897827148,0,-108,-108,237,237,27
00.png,00.png,00.png,00.png,07.png,03.png,dots1.png,25.png,00.png,00.png,00.png,00.png,06.png,tray1.png,09.png,14.png,"[-227, 227]","[-77, 227]","[73, 227]","[223, 227]","[-227, 77]","[-77, 77]","[73, 77]","[223, 77]","[-227, -73]","[-77, -73]","[73, -73]","[223, -73]","[-227, -223]","[-77, -223]","[73, -223]","[223, -223]","[100, 100]","[100, 100]","[100, 100]","[100, 100]","[100, 100]","[100, 100]","[100, 100]","[100, 100]","[100, 100]","[100, 100]","[100, 100]","[100, 100]","[100, 100]","[100, 100]","[100, 100]","[100, 100]",ok.png,"[0, -375]","[150, 100]",107,both,8,3,m,1,1,1,1,0,0,0,0,0,0,0,1.01568853855,1.015688538551331,0,80,80,69,69,1,1,0,0,0,0,0,0,0,0.699691832066,0.6996918320655823,0,-99,-99,-236,-236,74
00.png,05.png,33.png,07.png,00.png,00.png,27.png,dots1.png,00.png,tray1.png,30.png,31.png,00.png,00.png,00.png,00.png,"[-228, 231]","[-78, 231]","[72, 231]","[222, 231]","[-228, 81]","[-78, 81]","[72, 81]","[222, 81]","[-228, -69]","[-78, -69]","[72, -69]","[222, -69]","[-228, -219]","[-78, -219]","[72, -219]","[222, -219]","[100, 100]","[100, 100]","[100, 100]","[100, 100]","[100, 100]","[100, 100]","[100, 100]","[100, 100]","[100, 100]","[100, 100]","[100, 100]","[100, 100]","[100, 100]","[100, 100]","[100, 100]","[100, 100]",ok.png,"[0, -375]","[150, 100]",108,both,8,3,m,1,1,1,1,0,0,0,0,0,0,0,1.16559553146,1.165595531463623,0,-78,-78,-92,-92,1,1,0,0,0,0,0,0,0,0.466237723827,0.4662377238273621,0,236,236,80,80,13
00.png,00.png,00.png,00.png,00.png,00.png,00.png,00.png,dots1.png,29.png,23.png,tray1.png,21.png,25.png,31.png,33.png,"[-235, 206]","[-85, 206]","[65, 206]","[215, 206]","[-235, 56]","[-85, 56]","[65, 56]","[215, 56]","[-235, -94]","[-85, -94]","[65, -94]","[215, -94]","[-235, -244]","[-85, -244]","[65, -244]","[215, -244]","[100, 100]","[100, 100]","[100, 100]","[100, 100]","[100, 100]","[100, 100]","[100, 100]","[100, 100]","[100, 100]","[100, 100]","[100, 100]","[100, 100]","[100, 100]","[100, 100]","[100, 100]","[100, 100]",ok.png,"[0, -375]","[150, 100]",109,both,8,3,m,1,1,1,1,0,0,0,0,0,0,0,1.06595098972,1.065950989723206,0,29,29,-130,-130,1,1,0,0,0,0,0,0,0,1.61599206924,1.615992069244385,0,221,221,-108,-108,30
00.png,00.png,00.png,00.png,14.png,tray1.png,18.png,20.png,22.png,dots1.png,24.png,26.png,00.png,00.png,00.png,00.png,"[-208, 230]","[-58, 230]","[92, 230]","[242, 230]","[-208, 80]","[-58, 80]","[92, 80]","[242, 80]","[-208, -70]","[-58, -70]","[92, -70]","[242, -70]","[-208, -220]","[-58, -220]","[92, -220]","[242, -220]","[100, 100]","[100, 100]","[100, 100]","[100, 100]","[100, 100]","[100, 100]","[100, 100]","[100, 100]","[100, 100]","[100, 100]","[100, 100]","[100, 100]","[100, 100]","[100, 100]","[100, 100]","[100, 100]",ok.png,"[0, -375]","[150, 100]",110,both,8,3,m,1,1,1,1,0,0,0,0,0,0,0,1.0823546648,1.082354664802551,0,-37,-37,66,66,1,1,0,0,0,0,0,0,0,0.316182464361,0.3161824643611908,0,-46,-46,-66,-66,239
00.png,00.png,00.png,00.png,13.png,10.png,00.png,00.png,16.png,19.png,dots1.png,21.png,tray1.png,27.png,00.png,00.png,"[-235, 212]","[-85, 212]","[65, 212]","[215, 212]","[-235, 62]","[-85, 62]","[65, 62]","[215, 62]","[-235, -88]","[-85, -88]","[65, -88]","[215, -88]","[-235, -238]","[-85, -238]","[65, -238]","[215, -238]","[100, 100]","[100, 100]","[100, 100]","[100, 100]","[100, 100]","[100, 100]","[100, 100]","[100, 100]","[100, 100]","[100, 100]","[100, 100]","[100, 100]","[100, 100]","[100, 100]","[100, 100]","[100, 100]",ok.png,"[0, -375]","[150, 100]",111,both,8,3,m,1,1,1,1,0,0,0,0,0,0,0,0.965709388256,0.965709388256073,0,62,62,-82,-82,1,1,0,0,0,0,0,0,0,0.732738554478,0.7327385544776917,0,-259,-259,-215,-215,17
10.png,15.png,20.png,25.png,00.png,00.png,00.png,00.png,21.png,16.png,tray1.png,dots1.png,00.png,00.png,00.png,00.png,"[-210, 222]","[-60, 222]","[90, 222]","[240, 222]","[-210, 72]","[-60, 72]","[90, 72]","[240, 72]","[-210, -78]","[-60, -78]","[90, -78]","[240, -78]","[-210, -228]","[-60, -228]","[90, -228]","[240, -228]","[100, 100]","[100, 100]","[100, 100]","[100, 100]","[100, 100]","[100, 100]","[100, 100]","[100, 100]","[100, 100]","[100, 100]","[100, 100]","[100, 100]","[100, 100]","[100, 100]","[100, 100]","[100, 100]",ok.png,"[0, -375]","[150, 100]",112,both,8,3,m,1,1,1,1,0,0,0,0,0,0,0,0.899401366711,0.8994013667106628,0,80,80,-63,-63,1,1,0,0,0,0,0,0,0,0.582580626011,0.5825806260108948,0,2,2,-346,-346,135
00.png,00.png,00.png,00.png,00.png,00.png,00.png,00.png,tray1.png,01.png,07.png,08.png,dots1.png,05.png,02.png,04.png,"[-200, 235]","[-50, 235]","[100, 235]","[250, 235]","[-200, 85]","[-50, 85]","[100, 85]","[250, 85]","[-200, -65]","[-50, -65]","[100, -65]","[250, -65]","[-200, -215]","[-50, -215]","[100, -215]","[250, -215]","[100, 100]","[100, 100]","[100, 100]","[100, 100]","[100, 100]","[100, 100]","[100, 100]","[100, 100]","[100, 100]","[100, 100]","[100, 100]","[100, 100]","[100, 100]","[100, 100]","[100, 100]","[100, 100]",ok.png,"[0, -375]","[150, 100]",113,both,8,3,m,1,1,1,1,0,0,0,0,0,0,0,0.982597947121,0.9825979471206664,0,-209,-209,-53,-53,1,1,0,0,0,0,0,0,0,0.282664954662,0.282664954662323,0,-194,-194,-178,-178,289
29.png,00.png,00.png,16.png,00.png,00.png,33.png,tray1.png,13.png,00.png,00.png,00.png,23.png,dots1.png,12.png,00.png,"[-214, 201]","[-64, 201]","[86, 201]","[236, 201]","[-214, 51]","[-64, 51]","[86, 51]","[236, 51]","[-214, -99]","[-64, -99]","[86, -99]","[236, -99]","[-214, -249]","[-64, -249]","[86, -249]","[236, -249]","[100, 100]","[100, 100]","[100, 100]","[100, 100]","[100, 100]","[100, 100]","[100, 100]","[100, 100]","[100, 100]","[100, 100]","[100, 100]","[100, 100]","[100, 100]","[100, 100]","[100, 100]","[100, 100]",ok.png,"[0, -375]","[150, 100]",114,both,8,3,m,1,1,1,1,0,0,0,0,0,0,0,1.59892392159,1.598923921585083,0,-40,-40,-236,-236,1,1,0,0,0,0,0,0,0,0.982830345631,0.9828303456306458,0,272,272,51,51,67
00.png,00.png,00.png,00.png,00.png,00.png,00.png,33.png,27.png,23.png,17.png,tray1.png,07.png,03.png,dots1.png,00.png,"[-250, 203]","[-100, 203]","[50, 203]","[200, 203]","[-250, 53]","[-100, 53]","[50, 53]","[200, 53]","[-250, -97]","[-100, -97]","[50, -97]","[200, -97]","[-250, -247]","[-100, -247]","[50, -247]","[200, -247]","[100, 100]","[100, 100]","[100, 100]","[100, 100]","[100, 100]","[100, 100]","[100, 100]","[100, 100]","[100, 100]","[100, 100]","[100, 100]","[100, 100]","[100, 100]","[100, 100]","[100, 100]","[100, 100]",ok.png,"[0, -375]","[150, 100]",115,both,8,3,m,1,1,1,1,0,0,0,0,0,0,0,0.965644240379,0.9656442403793336,0,204,204,-99,-99,1,1,0,0,0,0,0,0,0,0.399511605501,0.3995116055011749,0,-94,-94,-398,-398,216
04.png,20.png,30.png,tray1.png,00.png,00.png,00.png,00.png,00.png,00.png,00.png,00.png,14.png,07.png,17.png,dots1.png,"[-200, 211]","[-50, 211]","[100, 211]","[250, 211]","[-200, 61]","[-50, 61]","[100, 61]","[250, 61]","[-200, -89]","[-50, -89]","[100, -89]","[250, -89]","[-200, -239]","[-50, -239]","[100, -239]","[250, -239]","[100, 100]","[100, 100]","[100, 100]","[100, 100]","[100, 100]","[100, 100]","[100, 100]","[100, 100]","[100, 100]","[100, 100]","[100, 100]","[100, 100]","[100, 100]","[100, 100]","[100, 100]","[100, 100]",ok.png,"[0, -375]","[150, 100]",116,both,8,3,m,1,1,1,1,0,0,0,0,0,0,0,1.03231799603,1.032317996025085,0,263,263,194,194,1,1,0,0,0,0,0,0,0,0.716043949127,0.7160439491271973,0,23,23,-389,-389,307
00.png,19.png,29.png,00.png,00.png,tray1.png,32.png,00.png,00.png,22.png,16.png,00.png,00.png,04.png,dots1.png,00.png,"[-207, 233]","[-57, 233]","[93, 233]","[243, 233]","[-207, 83]","[-57, 83]","[93, 83]","[243, 83]","[-207, -67]","[-57, -67]","[93, -67]","[243, -67]","[-207, -217]","[-57, -217]","[93, -217]","[243, -217]","[100, 100]","[100, 100]","[100, 100]","[100, 100]","[100, 100]","[100, 100]","[100, 100]","[100, 100]","[100, 100]","[100, 100]","[100, 100]","[100, 100]","[100, 100]","[100, 100]","[100, 100]","[100, 100]",ok.png,"[0, -375]","[150, 100]",117,both,8,3,m,1,1,1,1,0,0,0,0,0,0,0,0.815620839596,0.8156208395957947,0,-60,-60,79,79,1,1,0,0,0,0,0,0,0,0.432593077421,0.4325930774211884,0,-53,-53,-388,-388,212
00.png,00.png,00.png,05.png,21.png,00.png,00.png,00.png,00.png,tray1.png,28.png,25.png,03.png,dots1.png,08.png,00.png,"[-233, 228]","[-83, 228]","[67, 228]","[217, 228]","[-233, 78]","[-83, 78]","[67, 78]","[217, 78]","[-233, -72]","[-83, -72]","[67, -72]","[217, -72]","[-233, -222]","[-83, -222]","[67, -222]","[217, -222]","[100, 100]","[100, 100]","[100, 100]","[100, 100]","[100, 100]","[100, 100]","[100, 100]","[100, 100]","[100, 100]","[100, 100]","[100, 100]","[100, 100]","[100, 100]","[100, 100]","[100, 100]","[100, 100]",ok.png,"[0, -375]","[150, 100]",118,both,8,3,m,1,1,1,1,0,0,0,0,0,0,0,0.849019706249,0.8490197062492371,0,-51,-51,-81,-81,1,1,0,0,0,0,0,0,0,0.316239088774,0.3162390887737274,0,-65,-65,-239,-239,291
06.png,00.png,15.png,17.png,00.png,00.png,16.png,00.png,00.png,tray1.png,00.png,23.png,dots1.png,00.png,07.png,00.png,"[-221, 244]","[-71, 244]","[79, 244]","[229, 244]","[-221, 94]","[-71, 94]","[79, 94]","[229, 94]","[-221, -56]","[-71, -56]","[79, -56]","[229, -56]","[-221, -206]","[-71, -206]","[79, -206]","[229, -206]","[100, 100]","[100, 100]","[100, 100]","[100, 100]","[100, 100]","[100, 100]","[100, 100]","[100, 100]","[100, 100]","[100, 100]","[100, 100]","[100, 100]","[100, 100]","[100, 100]","[100, 100]","[100, 100]",ok.png,"[0, -375]","[150, 100]",119,both,8,3,m,1,1,1,1,0,0,0,0,0,0,0,1.38234996796,1.382349967956543,0,-78,-78,-50,-50,1,1,0,0,0,0,0,0,0,1.06610631943,1.06610631942749,0,-236,-236,-225,-225,124
00.png,11.png,00.png,00.png,12.png,00.png,00.png,tray1.png,00.png,30.png,08.png,dots1.png,31.png,00.png,32.png,00.png,"[-226, 226]","[-76, 226]","[74, 226]","[224, 226]","[-226, 76]","[-76, 76]","[74, 76]","[224, 76]","[-226, -74]","[-76, -74]","[74, -74]","[224, -74]","[-226, -224]","[-76, -224]","[74, -224]","[224, -224]","[100, 100]","[100, 100]","[100, 100]","[100, 100]","[100, 100]","[100, 100]","[100, 100]","[100, 100]","[100, 100]","[100, 100]","[100, 100]","[100, 100]","[100, 100]","[100, 100]","[100, 100]","[100, 100]",ok.png,"[0, -375]","[150, 100]",120,both,8,3,m,1,1,1,1,0,0,0,0,0,0,0,1.01576304436,1.0157630443573,0,244,244,-81,-81,1,1,0,0,0,0,0,0,0,0.416161835194,0.416161835193634,0,243,243,68,68,240
00.png,00.png,00.png,00.png,00.png,00.png,24.png,27.png,07.png,09.png,dots1.png,10.png,13.png,16.png,00.png,00.png,"[-226, 211]","[-76, 211]","[74, 211]","[224, 211]","[-226, 61]","[-76, 61]","[74, 61]","[224, 61]","[-226, -89]","[-76, -89]","[74, -89]","[224, -89]","[-226, -239]","[-76, -239]","[74, -239]","[224, -239]","[100, 100]","[100, 100]","[100, 100]","[100, 100]","[100, 100]","[100, 100]","[100, 100]","[100, 100]","[100, 100]","[100, 100]","[100, 100]","[100, 100]","[100, 100]","[100, 100]","[100, 100]","[100, 100]",ok.png,"[0, -375]","[150, 100]",121,both,8,3,m,1,1,1,1,0,0,0,0,0,0,0,0.682227492332,0.6822274923324585,0,34,34,-102,-102,1,1,0,0,0,0,0,0,0,0.599622249603,0.5996222496032715,0,-52,-52,-339,-339,383
00.png,00.png,25.png,00.png,tray1.png,00.png,05.png,00.png,01.png,dots1.png,00.png,10.png,00.png,20.png,00.png,30.png,"[-206, 206]","[-56, 206]","[94, 206]","[244, 206]","[-206, 56]","[-56, 56]","[94, 56]","[244, 56]","[-206, -94]","[-56, -94]","[94, -94]","[244, -94]","[-206, -244]","[-56, -244]","[94, -244]","[244, -244]","[100, 100]","[100, 100]","[100, 100]","[100, 100]","[100, 100]","[100, 100]","[100, 100]","[100, 100]","[100, 100]","[100, 100]","[100, 100]","[100, 100]","[100, 100]","[100, 100]","[100, 100]","[100, 100]",ok.png,"[0, -375]","[150, 100]",122,both,8,3,m,1,1,1,1,0,0,0,0,0,0,0,0.815691947937,0.8156919479370117,0,-196,-196,43,43,1,1,0,0,0,0,0,0,0,1.04923558235,1.049235582351685,0,-48,-48,-104,-104,396
00.png,00.png,00.png,18.png,00.png,14.png,00.png,09.png,dots1.png,02.png,04.png,00.png,26.png,tray1.png,00.png,00.png,"[-219, 221]","[-69, 221]","[81, 221]","[231, 221]","[-219, 71]","[-69, 71]","[81, 71]","[231, 71]","[-219, -79]","[-69, -79]","[81, -79]","[231, -79]","[-219, -229]","[-69, -229]","[81, -229]","[231, -229]","[100, 100]","[100, 100]","[100, 100]","[100, 100]","[100, 100]","[100, 100]","[100, 100]","[100, 100]","[100, 100]","[100, 100]","[100, 100]","[100, 100]","[100, 100]","[100, 100]","[100, 100]","[100, 100]",ok.png,"[0, -375]","[150, 100]",123,both,8,3,m,1,1,1,1,0,0,0,0,0,0,0,0.948650121689,0.9486501216888428,0,-178,-178,-95,-95,1,1,0,0,0,0,0,0,0,0.382996767759,0.3829967677593231,0,-96,-96,-215,-215,243
00.png,tray1.png,00.png,00.png,11.png,07.png,00.png,dots1.png,18.png,00.png,00.png,30.png,09.png,00.png,00.png,19.png,"[-237, 225]","[-87, 225]","[63, 225]","[213, 225]","[-237, 75]","[-87, 75]","[63, 75]","[213, 75]","[-237, -75]","[-87, -75]","[63, -75]","[213, -75]","[-237, -225]","[-87, -225]","[63, -225]","[213, -225]","[100, 100]","[100, 100]","[100, 100]","[100, 100]","[100, 100]","[100, 100]","[100, 100]","[100, 100]","[100, 100]","[100, 100]","[100, 100]","[100, 100]","[100, 100]","[100, 100]","[100, 100]","[100, 100]",ok.png,"[0, -375]","[150, 100]",124,both,8,3,m,1,1,1,1,0,0,0,0,0,0,0,0.915779411793,0.9157794117927552,0,225,225,78,78,1,1,0,0,0,0,0,0,0,0.532597184181,0.5325971841812134,0,-96,-96,237,237,415
tray1.png,00.png,13.png,00.png,23.png,00.png,dots1.png,00.png,33.png,00.png,14.png,00.png,19.png,00.png,29.png,00.png,"[-225, 241]","[-75, 241]","[75, 241]","[225, 241]","[-225, 91]","[-75, 91]","[75, 91]","[225, 91]","[-225, -59]","[-75, -59]","[75, -59]","[225, -59]","[-225, -209]","[-75, -209]","[75, -209]","[225, -209]","[100, 100]","[100, 100]","[100, 100]","[100, 100]","[100, 100]","[100, 100]","[100, 100]","[100, 100]","[100, 100]","[100, 100]","[100, 100]","[100, 100]","[100, 100]","[100, 100]","[100, 100]","[100, 100]",ok.png,"[0, -375]","[150, 100]",125,both,8,3,m,1,1,1,1,0,0,0,0,0,0,0,0.915676414967,0.9156764149665833,0,93,93,113,113,1,1,0,0,0,0,0,0,0,0.516126155853,0.5161261558532715,0,-186,-186,239,239,432
00.png,00.png,00.png,00.png,00.png,00.png,00.png,00.png,07.png,06.png,tray2.png,04.png,03.png,02.png,01.png,dots2.png,"[-200, 202]","[-50, 202]","[100, 202]","[250, 202]","[-200, 52]","[-50, 52]","[100, 52]","[250, 52]","[-200, -98]","[-50, -98]","[100, -98]","[250, -98]","[-200, -248]","[-50, -248]","[100, -248]","[250, -248]","[100, 100]","[100, 100]","[100, 100]","[100, 100]","[100, 100]","[100, 100]","[100, 100]","[100, 100]","[100, 100]","[100, 100]","[100, 100]","[100, 100]","[100, 100]","[100, 100]","[100, 100]","[100, 100]",ok.png,"[0, -375]","[150, 100]",126,both,8,3,m,1,1,1,1,0,0,0,0,0,0,0,1.27641510963,1.276415109634399,0,82,82,-103,-103,1,1,0,0,0,0,0,0,0,0.598710894585,0.5987108945846558,0,277,277,-229,-229,0
00.png,00.png,00.png,00.png,00.png,00.png,14.png,00.png,13.png,tray2.png,11.png,10.png,00.png,09.png,dots2.png,08.png,"[-245, 240]","[-95, 240]","[55, 240]","[205, 240]","[-245, 90]","[-95, 90]","[55, 90]","[205, 90]","[-245, -60]","[-95, -60]","[55, -60]","[205, -60]","[-245, -210]","[-95, -210]","[55, -210]","[205, -210]","[100, 100]","[100, 100]","[100, 100]","[100, 100]","[100, 100]","[100, 100]","[100, 100]","[100, 100]","[100, 100]","[100, 100]","[100, 100]","[100, 100]","[100, 100]","[100, 100]","[100, 100]","[100, 100]",ok.png,"[0, -375]","[150, 100]",127,both,8,3,m,1,1,1,1,0,0,0,0,0,0,0,0.815425157547,0.8154251575469971,0,-83,-83,-51,-51,1,1,0,0,0,0,0,0,0,0.399669766426,0.3996697664260864,0,1,1,-343,-343,166
00.png,00.png,00.png,00.png,00.png,00.png,21.png,tray2.png,19.png,18.png,17.png,16.png,15.png,dots2.png,00.png,00.png,"[-202, 225]","[-52, 225]","[98, 225]","[248, 225]","[-202, 75]","[-52, 75]","[98, 75]","[248, 75]","[-202, -75]","[-52, -75]","[98, -75]","[248, -75]","[-202, -225]","[-52, -225]","[98, -225]","[248, -225]","[100, 100]","[100, 100]","[100, 100]","[100, 100]","[100, 100]","[100, 100]","[100, 100]","[100, 100]","[100, 100]","[100, 100]","[100, 100]","[100, 100]","[100, 100]","[100, 100]","[100, 100]","[100, 100]",ok.png,"[0, -375]","[150, 100]",128,both,8,3,m,1,1,1,1,0,0,0,0,0,0,0,1.61577951908,1.615779519081116,0,-49,-49,-216,-216,1,1,0,0,0,0,0,0,0,0.983035743237,0.9830357432365416,0,276,276,57,57,203
00.png,00.png,00.png,00.png,00.png,00.png,31.png,27.png,26.png,28.png,00.png,00.png,dots2.png,24.png,23.png,tray2.png,"[-211, 220]","[-61, 220]","[89, 220]","[239, 220]","[-211, 70]","[-61, 70]","[89, 70]","[239, 70]","[-211, -80]","[-61, -80]","[89, -80]","[239, -80]","[-211, -230]","[-61, -230]","[89, -230]","[239, -230]","[100, 100]","[100, 100]","[100, 100]","[100, 100]","[100, 100]","[100, 100]","[100, 100]","[100, 100]","[100, 100]","[100, 100]","[100, 100]","[100, 100]","[100, 100]","[100, 100]","[100, 100]","[100, 100]",ok.png,"[0, -375]","[150, 100]",129,both,8,3,m,1,1,1,1,0,0,0,0,0,0,0,1.94867229462,1.948672294616699,0,-221,-221,-224,-224,1,1,0,0,0,0,0,0,0,0.69940507412,0.6994050741195679,0,249,249,-232,-232,205
00.png,00.png,00.png,00.png,01.png,34.png,33.png,32.png,tray2.png,30.png,29.png,dots2.png,00.png,00.png,00.png,00.png,"[-216, 210]","[-66, 210]","[84, 210]","[234, 210]","[-216, 60]","[-66, 60]","[84, 60]","[234, 60]","[-216, -90]","[-66, -90]","[84, -90]","[234, -90]","[-216, -240]","[-66, -240]","[84, -240]","[234, -240]","[100, 100]","[100, 100]","[100, 100]","[100, 100]","[100, 100]","[100, 100]","[100, 100]","[100, 100]","[100, 100]","[100, 100]","[100, 100]","[100, 100]","[100, 100]","[100, 100]","[100, 100]","[100, 100]",ok.png,"[0, -375]","[150, 100]",130,both,8,3,m,1,1,1,1,0,0,0,0,0,0,0,0.999323010445,0.9993230104446412,0,-218,-218,-108,-108,1,1,0,0,0,0,0,0,0,0.649037659168,0.6490376591682434,0,231,231,-85,-85,245
00.png,00.png,23.png,17.png,00.png,00.png,15.png,06.png,00.png,00.png,dots2.png,04.png,00.png,00.png,tray2.png,01.png,"[-250, 204]","[-100, 204]","[50, 204]","[200, 204]","[-250, 54]","[-100, 54]","[50, 54]","[200, 54]","[-250, -96]","[-100, -96]","[50, -96]","[200, -96]","[-250, -246]","[-100, -246]","[50, -246]","[200, -246]","[100, 100]","[100, 100]","[100, 100]","[100, 100]","[100, 100]","[100, 100]","[100, 100]","[100, 100]","[100, 100]","[100, 100]","[100, 100]","[100, 100]","[100, 100]","[100, 100]","[100, 100]","[100, 100]",ok.png,"[0, -375]","[150, 100]",131,both,8,3,m,1,1,1,1,0,0,0,0,0,0,0,1.43252193928,1.432521939277649,0,30,30,-233,-233,1,1,0,0,0,0,0,0,0,0.432527065277,0.4325270652770996,0,-21,-21,-385,-385,215
14.png,09.png,22.png,tray2.png,00.png,00.png,00.png,00.png,25.png,dots2.png,03.png,07.png,00.png,00.png,00.png,00.png,"[-231, 246]","[-81, 246]","[69, 246]","[219, 246]","[-231, 96]","[-81, 96]","[69, 96]","[219, 96]","[-231, -54]","[-81, -54]","[69, -54]","[219, -54]","[-231, -204]","[-81, -204]","[69, -204]","[219, -204]","[100, 100]","[100, 100]","[100, 100]","[100, 100]","[100, 100]","[100, 100]","[100, 100]","[100, 100]","[100, 100]","[100, 100]","[100, 100]","[100, 100]","[100, 100]","[100, 100]","[100, 100]","[100, 100]",ok.png,"[0, -375]","[150, 100]",132,both,8,3,m,1,1,1,1,0,0,0,0,0,0,0,0.932444989681,0.932444989681244,0,215,215,234,234,1,1,0,0,0,0,0,0,0,0.482790112495,0.4827901124954224,0,-75,-75,-72,-72,226
00.png,00.png,00.png,00.png,31.png,30.png,17.png,00.png,dots2.png,tray2.png,00.png,00.png,07.png,33.png,05.png,00.png,"[-241, 208]","[-91, 208]","[59, 208]","[209, 208]","[-241, 58]","[-91, 58]","[59, 58]","[209, 58]","[-241, -92]","[-91, -92]","[59, -92]","[209, -92]","[-241, -242]","[-91, -242]","[59, -242]","[209, -242]","[100, 100]","[100, 100]","[100, 100]","[100, 100]","[100, 100]","[100, 100]","[100, 100]","[100, 100]","[100, 100]","[100, 100]","[100, 100]","[100, 100]","[100, 100]","[100, 100]","[100, 100]","[100, 100]",ok.png,"[0, -375]","[150, 100]",133,both,8,3,m,1,1,1,1,0,0,0,0,0,0,0,1.01578354836,1.015783548355103,0,-95,-95,-95,-95,1,1,0,0,0,0,0,0,0,0.332799702883,0.3327997028827667,0,-231,-231,-95,-95,86
33.png,31.png,tray2.png,21.png,27.png,23.png,29.png,dots2.png,00.png,00.png,00.png,00.png,00.png,00.png,00.png,00.png,"[-211, 200]","[-61, 200]","[89, 200]","[239, 200]","[-211, 50]","[-61, 50]","[89, 50]","[239, 50]","[-211, -100]","[-61, -100]","[89, -100]","[239, -100]","[-211, -250]","[-61, -250]","[89, -250]","[239, -250]","[100, 100]","[100, 100]","[100, 100]","[100, 100]","[100, 100]","[100, 100]","[100, 100]","[100, 100]","[100, 100]","[100, 100]","[100, 100]","[100, 100]","[100, 100]","[100, 100]","[100, 100]","[100, 100]",ok.png,"[0, -375]","[150, 100]",134,both,8,3,m,1,1,1,1,0,0,0,0,0,0,0,1.58231210709,1.582312107086182,0,101,101,203,203,1,1,0,0,0,0,0,0,0,0.916202366352,0.9162023663520812,0,224,224,-3,-3,206
00.png,00.png,00.png,00.png,26.png,24.png,dots2.png,22.png,20.png,18.png,16.png,tray2.png,00.png,00.png,00.png,00.png,"[-218, 226]","[-68, 226]","[82, 226]","[232, 226]","[-218, 76]","[-68, 76]","[82, 76]","[232, 76]","[-218, -74]","[-68, -74]","[82, -74]","[232, -74]","[-218, -224]","[-68, -224]","[82, -224]","[232, -224]","[100, 100]","[100, 100]","[100, 100]","[100, 100]","[100, 100]","[100, 100]","[100, 100]","[100, 100]","[100, 100]","[100, 100]","[100, 100]","[100, 100]","[100, 100]","[100, 100]","[100, 100]","[100, 100]",ok.png,"[0, -375]","[150, 100]",135,both,8,3,m,1,1,1,1,0,0,0,0,0,0,0,0.598884999752,0.5988849997520447,0,75,75,81,81,1,1,0,0,0,0,0,0,0,1.19958901405,1.199589014053345,0,247,247,-67,-67,281
00.png,00.png,27.png,24.png,21.png,dots2.png,19.png,16.png,00.png,00.png,tray2.png,13.png,00.png,00.png,00.png,00.png,"[-248, 213]","[-98, 213]","[52, 213]","[202, 213]","[-248, 63]","[-98, 63]","[52, 63]","[202, 63]","[-248, -87]","[-98, -87]","[52, -87]","[202, -87]","[-248, -237]","[-98, -237]","[52, -237]","[202, -237]","[100, 100]","[100, 100]","[100, 100]","[100, 100]","[100, 100]","[100, 100]","[100, 100]","[100, 100]","[100, 100]","[100, 100]","[100, 100]","[100, 100]","[100, 100]","[100, 100]","[100, 100]","[100, 100]",ok.png,"[0, -375]","[150, 100]",136,both,8,3,m,1,1,1,1,0,0,0,0,0,0,0,1.33237421513,1.332374215126038,0,-92,-92,68,68,1,1,0,0,0,0,0,0,0,0.41611123085,0.4161112308502197,0,22,22,-59,-59,14
00.png,00.png,00.png,00.png,dots2.png,11.png,16.png,21.png,00.png,00.png,00.png,00.png,tray2.png,20.png,15.png,10.png,"[-226, 250]","[-76, 250]","[74, 250]","[224, 250]","[-226, 100]","[-76, 100]","[74, 100]","[224, 100]","[-226, -50]","[-76, -50]","[74, -50]","[224, -50]","[-226, -200]","[-76, -200]","[74, -200]","[224, -200]","[100, 100]","[100, 100]","[100, 100]","[100, 100]","[100, 100]","[100, 100]","[100, 100]","[100, 100]","[100, 100]","[100, 100]","[100, 100]","[100, 100]","[100, 100]","[100, 100]","[100, 100]","[100, 100]",ok.png,"[0, -375]","[150, 100]",137,both,8,3,m,1,1,1,1,0,0,0,0,0,0,0,1.01548719406,1.015487194061279,0,-194,-194,94,94,1,1,0,0,0,0,0,0,0,0.382856547832,0.382856547832489,0,-277,-277,-174,-174,367
tray2.png,02.png,05.png,dots2.png,08.png,07.png,01.png,03.png,00.png,00.png,00.png,00.png,00.png,00.png,00.png,00.png,"[-203, 247]","[-53, 247]","[97, 247]","[247, 247]","[-203, 97]","[-53, 97]","[97, 97]","[247, 97]","[-203, -53]","[-53, -53]","[97, -53]","[247, -53]","[-203, -203]","[-53, -203]","[97, -203]","[247, -203]","[100, 100]","[100, 100]","[100, 100]","[100, 100]","[100, 100]","[100, 100]","[100, 100]","[100, 100]","[100, 100]","[100, 100]","[100, 100]","[100, 100]","[100, 100]","[100, 100]","[100, 100]","[100, 100]",ok.png,"[0, -375]","[150, 100]",138,both,8,3,m,1,1,1,1,0,0,0,0,0,0,0,1.18219864368,1.182198643684387,0,-201,-201,243,243,1,1,0,0,0,0,0,0,0,0.432992994785,0.4329929947853088,0,262,262,243,243,129
00.png,12.png,dots2.png,23.png,00.png,00.png,00.png,tray2.png,08.png,33.png,00.png,00.png,16.png,00.png,00.png,29.png,"[-232, 204]","[-82, 204]","[68, 204]","[218, 204]","[-232, 54]","[-82, 54]","[68, 54]","[218, 54]","[-232, -96]","[-82, -96]","[68, -96]","[218, -96]","[-232, -246]","[-82, -246]","[68, -246]","[218, -246]","[100, 100]","[100, 100]","[100, 100]","[100, 100]","[100, 100]","[100, 100]","[100, 100]","[100, 100]","[100, 100]","[100, 100]","[100, 100]","[100, 100]","[100, 100]","[100, 100]","[100, 100]","[100, 100]",ok.png,"[0, -375]","[150, 100]",139,both,8,3,m,1,1,1,1,0,0,0,0,0,0,0,0.815874814987,0.8158748149871826,0,75,75,189,189,1,1,0,0,0,0,0,0,0,0.316084325314,0.3160843253135681,0,177,177,107,107,246
00.png,dots2.png,03.png,07.png,13.png,17.png,tray2.png,27.png,33.png,00.png,00.png,00.png,00.png,00.png,00.png,00.png,"[-244, 240]","[-94, 240]","[56, 240]","[206, 240]","[-244, 90]","[-94, 90]","[56, 90]","[206, 90]","[-244, -60]","[-94, -60]","[56, -60]","[206, -60]","[-244, -210]","[-94, -210]","[56, -210]","[206, -210]","[100, 100]","[100, 100]","[100, 100]","[100, 100]","[100, 100]","[100, 100]","[100, 100]","[100, 100]","[100, 100]","[100, 100]","[100, 100]","[100, 100]","[100, 100]","[100, 100]","[100, 100]","[100, 100]",ok.png,"[0, -375]","[150, 100]",140,both,8,3,m,1,1,1,1,0,0,0,0,0,0,0,0.848763465881,0.8487634658813477,0,55,55,92,92,1,1,0,0,0,0,0,0,0,0.616179764271,0.6161797642707825,0,-99,-99,245,245,288
dots2.png,17.png,07.png,14.png,00.png,00.png,00.png,00.png,00.png,00.png,00.png,00.png,02.png,tray2.png,20.png,04.png,"[-231, 211]","[-81, 211]","[69, 211]","[219, 211]","[-231, 61]","[-81, 61]","[69, 61]","[219, 61]","[-231, -89]","[-81, -89]","[69, -89]","[219, -89]","[-231, -239]","[-81, -239]","[69, -239]","[219, -239]","[100, 100]","[100, 100]","[100, 100]","[100, 100]","[100, 100]","[100, 100]","[100, 100]","[100, 100]","[100, 100]","[100, 100]","[100, 100]","[100, 100]","[100, 100]","[100, 100]","[100, 100]","[100, 100]",ok.png,"[0, -375]","[150, 100]",141,both,8,3,m,1,1,1,1,0,0,0,0,0,0,0,1.41550076008,1.41550076007843,0,-67,-67,-227,-227,1,1,0,0,0,0,0,0,0,0.482941448689,0.4829414486885071,0,4,4,-376,-376,181
00.png,dots2.png,04.png,00.png,00.png,16.png,22.png,00.png,00.png,32.png,tray2.png,00.png,00.png,29.png,19.png,00.png,"[-218, 211]","[-68, 211]","[82, 211]","[232, 211]","[-218, 61]","[-68, 61]","[82, 61]","[232, 61]","[-218, -89]","[-68, -89]","[82, -89]","[232, -89]","[-218, -239]","[-68, -239]","[82, -239]","[232, -239]","[100, 100]","[100, 100]","[100, 100]","[100, 100]","[100, 100]","[100, 100]","[100, 100]","[100, 100]","[100, 100]","[100, 100]","[100, 100]","[100, 100]","[100, 100]","[100, 100]","[100, 100]","[100, 100]",ok.png,"[0, -375]","[150, 100]",142,both,8,3,m,1,1,1,1,0,0,0,0,0,0,0,0.96537142992,0.9653714299201964,0,90,90,-97,-97,1,1,0,0,0,0,0,0,0,0.549577414989,0.5495774149894714,0,-53,-53,203,203,103
00.png,08.png,dots2.png,03.png,25.png,tray2.png,27.png,00.png,00.png,00.png,00.png,21.png,05.png,00.png,00.png,00.png,"[-205, 200]","[-55, 200]","[95, 200]","[245, 200]","[-205, 50]","[-55, 50]","[95, 50]","[245, 50]","[-205, -100]","[-55, -100]","[95, -100]","[245, -100]","[-205, -250]","[-55, -250]","[95, -250]","[245, -250]","[100, 100]","[100, 100]","[100, 100]","[100, 100]","[100, 100]","[100, 100]","[100, 100]","[100, 100]","[100, 100]","[100, 100]","[100, 100]","[100, 100]","[100, 100]","[100, 100]","[100, 100]","[100, 100]",ok.png,"[0, -375]","[150, 100]",143,both,8,3,m,1,1,1,1,0,0,0,0,0,0,0,1.18232691288,1.182326912879944,0,-50,-50,55,55,1,1,0,0,0,0,0,0,0,0.71636736393,0.7163673639297485,0,80,80,198,198,71
00.png,07.png,00.png,dots2.png,23.png,00.png,09.png,00.png,00.png,16.png,00.png,00.png,tray2.png,15.png,00.png,06.png,"[-215, 235]","[-65, 235]","[85, 235]","[235, 235]","[-215, 85]","[-65, 85]","[85, 85]","[235, 85]","[-215, -65]","[-65, -65]","[85, -65]","[235, -65]","[-215, -215]","[-65, -215]","[85, -215]","[235, -215]","[100, 100]","[100, 100]","[100, 100]","[100, 100]","[100, 100]","[100, 100]","[100, 100]","[100, 100]","[100, 100]","[100, 100]","[100, 100]","[100, 100]","[100, 100]","[100, 100]","[100, 100]","[100, 100]",ok.png,"[0, -375]","[150, 100]",144,both,8,3,m,1,1,1,1,0,0,0,0,0,0,0,2.23273158073,2.232731580734253,0,228,228,259,259,1,1,0,0,0,0,0,0,0,0.965813219547,0.9658132195472716,0,-196,-196,-210,-210,77
00.png,tray2.png,00.png,31.png,dots2.png,08.png,30.png,00.png,34.png,00.png,00.png,12.png,00.png,00.png,11.png,00.png,"[-217, 217]","[-67, 217]","[83, 217]","[233, 217]","[-217, 67]","[-67, 67]","[83, 67]","[233, 67]","[-217, -83]","[-67, -83]","[83, -83]","[233, -83]","[-217, -233]","[-67, -233]","[83, -233]","[233, -233]","[100, 100]","[100, 100]","[100, 100]","[100, 100]","[100, 100]","[100, 100]","[100, 100]","[100, 100]","[100, 100]","[100, 100]","[100, 100]","[100, 100]","[100, 100]","[100, 100]","[100, 100]","[100, 100]",ok.png,"[0, -375]","[150, 100]",145,both,8,3,m,1,1,1,1,0,0,0,0,0,0,0,0.982459723949,0.9824597239494324,0,-200,-200,60,60,1,1,0,0,0,0,0,0,0,0.432820051908,0.432820051908493,0,-99,-99,208,208,98
00.png,00.png,16.png,tray2.png,10.png,dots2.png,09.png,07.png,27.png,24.png,00.png,00.png,00.png,00.png,00.png,00.png,"[-215, 229]","[-65, 229]","[85, 229]","[235, 229]","[-215, 79]","[-65, 79]","[85, 79]","[235, 79]","[-215, -71]","[-65, -71]","[85, -71]","[235, -71]","[-215, -221]","[-65, -221]","[85, -221]","[235, -221]","[100, 100]","[100, 100]","[100, 100]","[100, 100]","[100, 100]","[100, 100]","[100, 100]","[100, 100]","[100, 100]","[100, 100]","[100, 100]","[100, 100]","[100, 100]","[100, 100]","[100, 100]","[100, 100]",ok.png,"[0, -375]","[150, 100]",146,both,8,3,m,1,1,1,1,0,0,0,0,0,0,0,0.715715110302,0.7157151103019714,0,-64,-64,86,86,1,1,0,0,0,0,0,0,0,0.432620376348,0.4326203763484955,0,210,210,193,193,315
30.png,00.png,20.png,00.png,10.png,00.png,dots2.png,01.png,00.png,tray2.png,00.png,33.png,00.png,25.png,00.png,00.png,"[-205, 240]","[-55, 240]","[95, 240]","[245, 240]","[-205, 90]","[-55, 90]","[95, 90]","[245, 90]","[-205, -60]","[-55, -60]","[95, -60]","[245, -60]","[-205, -210]","[-55, -210]","[95, -210]","[245, -210]","[100, 100]","[100, 100]","[100, 100]","[100, 100]","[100, 100]","[100, 100]","[100, 100]","[100, 100]","[100, 100]","[100, 100]","[100, 100]","[100, 100]","[100, 100]","[100, 100]","[100, 100]","[100, 100]",ok.png,"[0, -375]","[150, 100]",147,both,8,3,m,1,1,1,1,0,0,0,0,0,0,0,0.949170351028,0.9491703510284424,0,-51,-51,-75,-75,1,1,0,0,0,0,0,0,0,0.815981209278,0.8159812092781067,0,20,20,-388,-388,63
00.png,00.png,24.png,26.png,00.png,04.png,02.png,dots2.png,09.png,00.png,tray2.png,00.png,18.png,00.png,00.png,00.png,"[-229, 220]","[-79, 220]","[71, 220]","[221, 220]","[-229, 70]","[-79, 70]","[71, 70]","[221, 70]","[-229, -80]","[-79, -80]","[71, -80]","[221, -80]","[-229, -230]","[-79, -230]","[71, -230]","[221, -230]","[100, 100]","[100, 100]","[100, 100]","[100, 100]","[100, 100]","[100, 100]","[100, 100]","[100, 100]","[100, 100]","[100, 100]","[100, 100]","[100, 100]","[100, 100]","[100, 100]","[100, 100]","[100, 100]",ok.png,"[0, -375]","[150, 100]",148,both,8,3,m,1,1,1,1,0,0,0,0,0,0,0,0.832296967506,0.8322969675064087,0,70,70,-47,-47,1,1,0,0,0,0,0,0,0,0.432535618544,0.4325356185436249,0,-32,-32,-439,-439,102
tray2.png,00.png,00.png,09.png,30.png,00.png,00.png,18.png,dots2.png,00.png,07.png,11.png,00.png,00.png,14.png,00.png,"[-250, 211]","[-100, 211]","[50, 211]","[200, 211]","[-250, 61]","[-100, 61]","[50, 61]","[200, 61]","[-250, -89]","[-100, -89]","[50, -89]","[200, -89]","[-250, -239]","[-100, -239]","[50, -239]","[200, -239]","[100, 100]","[100, 100]","[100, 100]","[100, 100]","[100, 100]","[100, 100]","[100, 100]","[100, 100]","[100, 100]","[100, 100]","[100, 100]","[100, 100]","[100, 100]","[100, 100]","[100, 100]","[100, 100]",ok.png,"[0, -375]","[150, 100]",149,both,8,3,m,1,1,1,1,0,0,0,0,0,0,0,1.11559307575,1.115593075752258,0,-230,-230,214,214,1,1,0,0,0,0,0,0,0,0.549683749676,0.5496837496757507,0,1,1,-379,-379,153
00.png,29.png,00.png,19.png,00.png,14.png,00.png,33.png,00.png,dots2.png,00.png,23.png,00.png,tray2.png,00.png,31.png,"[-235, 237]","[-85, 237]","[65, 237]","[215, 237]","[-235, 87]","[-85, 87]","[65, 87]","[215, 87]","[-235, -63]","[-85, -63]","[65, -63]","[215, -63]","[-235, -213]","[-85, -213]","[65, -213]","[215, -213]","[100, 100]","[100, 100]","[100, 100]","[100, 100]","[100, 100]","[100, 100]","[100, 100]","[100, 100]","[100, 100]","[100, 100]","[100, 100]","[100, 100]","[100, 100]","[100, 100]","[100, 100]","[100, 100]",ok.png,"[0, -375]","[150, 100]",150,both,8,3,m,1,1,1,1,0,0,0,0,0,0,0,0.865584611893,0.8655846118927002,0,-73,-73,-64,-64,1,1,0,0,0,0,0,0,0,0.332911491394,0.332911491394043,0,-55,-55,-208,-208,285
tray1.png,01.png,02.png,03.png,04.png,05.png,06.png,07.png,08.png,09.png,10.png,11.png,00.png,00.png,00.png,00.png,"[-202, 221]","[-52, 221]","[98, 221]","[248, 221]","[-202, 71]","[-52, 71]","[98, 71]","[248, 71]","[-202, -79]","[-52, -79]","[98, -79]","[248, -79]","[-202, -229]","[-52, -229]","[98, -229]","[248, -229]","[100, 100]","[100, 100]","[100, 100]","[100, 100]","[100, 100]","[100, 100]","[100, 100]","[100, 100]","[100, 100]","[100, 100]","[100, 100]","[100, 100]","[100, 100]","[100, 100]","[100, 100]","[100, 100]",ok.png,"[0, -375]","[150, 100]",151,tray,12,1,m,1,1,1,1,0,0,0,0,0,0,0,1.01570022106,1.015700221061707,0,-190,-190,222,222,1,1,0,0,0,0,0,0,0,0.782817006111,0.782817006111145,0,4,4,-400,-400,283
08.png,tray1.png,09.png,00.png,10.png,11.png,12.png,13.png,00.png,14.png,34.png,33.png,32.png,31.png,00.png,00.png,"[-250, 222]","[-100, 222]","[50, 222]","[200, 222]","[-250, 72]","[-100, 72]","[50, 72]","[200, 72]","[-250, -78]","[-100, -78]","[50, -78]","[200, -78]","[-250, -228]","[-100, -228]","[50, -228]","[200, -228]","[100, 100]","[100, 100]","[100, 100]","[100, 100]","[100, 100]","[100, 100]","[100, 100]","[100, 100]","[100, 100]","[100, 100]","[100, 100]","[100, 100]","[100, 100]","[100, 100]","[100, 100]","[100, 100]",ok.png,"[0, -375]","[150, 100]",152,tray,12,1,m,1,1,1,1,0,0,0,0,0,0,0,1.54894936085,1.548949360847473,0,-71,-71,218,218,1,1,0,0,0,0,0,0,0,0.599515855312,0.5995158553123474,0,52,52,-353,-353,188
00.png,00.png,tray1.png,15.png,16.png,17.png,18.png,19.png,20.png,21.png,22.png,23.png,24.png,25.png,00.png,00.png,"[-234, 216]","[-84, 216]","[66, 216]","[216, 216]","[-234, 66]","[-84, 66]","[66, 66]","[216, 66]","[-234, -84]","[-84, -84]","[66, -84]","[216, -84]","[-234, -234]","[-84, -234]","[66, -234]","[216, -234]","[100, 100]","[100, 100]","[100, 100]","[100, 100]","[100, 100]","[100, 100]","[100, 100]","[100, 100]","[100, 100]","[100, 100]","[100, 100]","[100, 100]","[100, 100]","[100, 100]","[100, 100]","[100, 100]",ok.png,"[0, -375]","[150, 100]",153,tray,12,1,m,1,1,1,1,0,0,0,0,0,0,0,2.7655248642,2.765524864196777,0,77,77,200,200,1,1,0,0,0,0,0,0,0,0.866057932377,0.8660579323768616,0,-13,-13,-369,-369,275
22.png,23.png,24.png,tray1.png,00.png,00.png,25.png,26.png,00.png,00.png,27.png,28.png,29.png,30.png,31.png,32.png,"[-207, 205]","[-57, 205]","[93, 205]","[243, 205]","[-207, 55]","[-57, 55]","[93, 55]","[243, 55]","[-207, -95]","[-57, -95]","[93, -95]","[243, -95]","[-207, -245]","[-57, -245]","[93, -245]","[243, -245]","[100, 100]","[100, 100]","[100, 100]","[100, 100]","[100, 100]","[100, 100]","[100, 100]","[100, 100]","[100, 100]","[100, 100]","[100, 100]","[100, 100]","[100, 100]","[100, 100]","[100, 100]","[100, 100]",ok.png,"[0, -375]","[150, 100]",154,tray,12,1,m,1,1,1,1,0,0,0,0,0,0,0,1.6991177797300001,1.69911777973175,0,30,30,-368,-368,1,1,0,0,0,0,0,0,0,3.5493555069,3.549355506896973,0,228,228,221,221,158
02.png,04.png,06.png,08.png,tray1.png,29.png,30.png,31.png,32.png,33.png,34.png,01.png,00.png,00.png,00.png,00.png,"[-203, 229]","[-53, 229]","[97, 229]","[247, 229]","[-203, 79]","[-53, 79]","[97, 79]","[247, 79]","[-203, -71]","[-53, -71]","[97, -71]","[247, -71]","[-203, -221]","[-53, -221]","[97, -221]","[247, -221]","[100, 100]","[100, 100]","[100, 100]","[100, 100]","[100, 100]","[100, 100]","[100, 100]","[100, 100]","[100, 100]","[100, 100]","[100, 100]","[100, 100]","[100, 100]","[100, 100]","[100, 100]","[100, 100]",ok.png,"[0, -375]","[150, 100]",155,tray,12,1,m,1,1,1,1,0,0,0,0,0,0,0,0.932099699974,0.93209969997406,0,-192,-192,105,105,1,1,0,0,0,0,0,0,0,1.39990246296,1.39990246295929,0,-7,-7,-353,-353,7
01.png,34.png,07.png,27.png,04.png,tray1.png,00.png,00.png,06.png,15.png,09.png,29.png,17.png,23.png,00.png,00.png,"[-240, 216]","[-90, 216]","[60, 216]","[210, 216]","[-240, 66]","[-90, 66]","[60, 66]","[210, 66]","[-240, -84]","[-90, -84]","[60, -84]","[210, -84]","[-240, -234]","[-90, -234]","[60, -234]","[210, -234]","[100, 100]","[100, 100]","[100, 100]","[100, 100]","[100, 100]","[100, 100]","[100, 100]","[100, 100]","[100, 100]","[100, 100]","[100, 100]","[100, 100]","[100, 100]","[100, 100]","[100, 100]","[100, 100]",ok.png,"[0, -375]","[150, 100]",156,tray,12,1,m,1,1,1,1,0,0,0,0,0,0,0,0.79903203249,0.7990320324897766,0,-62,-62,60,60,1,1,0,0,0,0,0,0,0,1.44965207577,1.449652075767517,0,-39,-39,-332,-332,38
00.png,00.png,02.png,05.png,07.png,03.png,tray1.png,25.png,18.png,14.png,00.png,00.png,06.png,22.png,09.png,17.png,"[-210, 205]","[-60, 205]","[90, 205]","[240, 205]","[-210, 55]","[-60, 55]","[90, 55]","[240, 55]","[-210, -95]","[-60, -95]","[90, -95]","[240, -95]","[-210, -245]","[-60, -245]","[90, -245]","[240, -245]","[100, 100]","[100, 100]","[100, 100]","[100, 100]","[100, 100]","[100, 100]","[100, 100]","[100, 100]","[100, 100]","[100, 100]","[100, 100]","[100, 100]","[100, 100]","[100, 100]","[100, 100]","[100, 100]",ok.png,"[0, -375]","[150, 100]",157,tray,12,1,m,1,1,1,1,0,0,0,0,0,0,0,0.882384777069,0.8823847770690918,0,88,88,79,79,1,1,0,0,0,0,0,0,0,0.515640616417,0.5156406164169312,0,3,3,-373,-373,167
00.png,05.png,33.png,07.png,20.png,15.png,27.png,tray1.png,30.png,17.png,25.png,31.png,00.png,00.png,33.png,00.png,"[-250, 236]","[-100, 236]","[50, 236]","[200, 236]","[-250, 86]","[-100, 86]","[50, 86]","[200, 86]","[-250, -64]","[-100, -64]","[50, -64]","[200, -64]","[-250, -214]","[-100, -214]","[50, -214]","[200, -214]","[100, 100]","[100, 100]","[100, 100]","[100, 100]","[100, 100]","[100, 100]","[100, 100]","[100, 100]","[100, 100]","[100, 100]","[100, 100]","[100, 100]","[100, 100]","[100, 100]","[100, 100]","[100, 100]",ok.png,"[0, -375]","[150, 100]",158,tray,12,1,m,1,1,1,1,0,0,0,0,0,0,0,0.965493500233,0.9654935002326964,0,233,233,109,109,1,1,0,0,0,0,0,0,0,0.566338002682,0.5663380026817322,0,-38,-38,-538,-538,321
07.png,10.png,13.png,16.png,00.png,00.png,00.png,00.png,tray1.png,29.png,23.png,27.png,21.png,25.png,31.png,33.png,"[-214, 202]","[-64, 202]","[86, 202]","[236, 202]","[-214, 52]","[-64, 52]","[86, 52]","[236, 52]","[-214, -98]","[-64, -98]","[86, -98]","[236, -98]","[-214, -248]","[-64, -248]","[86, -248]","[236, -248]","[100, 100]","[100, 100]","[100, 100]","[100, 100]","[100, 100]","[100, 100]","[100, 100]","[100, 100]","[100, 100]","[100, 100]","[100, 100]","[100, 100]","[100, 100]","[100, 100]","[100, 100]","[100, 100]",ok.png,"[0, -375]","[150, 100]",159,tray,12,1,m,1,1,1,1,0,0,0,0,0,0,0,0.932266652584,0.932266652584076,0,-230,-230,-95,-95,1,1,0,0,0,0,0,0,0,0.865961551666,0.8659615516662598,0,-26,-26,-369,-369,162
09.png,07.png,05.png,03.png,14.png,16.png,18.png,20.png,22.png,tray1.png,24.png,26.png,00.png,00.png,00.png,00.png,"[-225, 223]","[-75, 223]","[75, 223]","[225, 223]","[-225, 73]","[-75, 73]","[75, 73]","[225, 73]","[-225, -77]","[-75, -77]","[75, -77]","[225, -77]","[-225, -227]","[-75, -227]","[75, -227]","[225, -227]","[100, 100]","[100, 100]","[100, 100]","[100, 100]","[100, 100]","[100, 100]","[100, 100]","[100, 100]","[100, 100]","[100, 100]","[100, 100]","[100, 100]","[100, 100]","[100, 100]","[100, 100]","[100, 100]",ok.png,"[0, -375]","[150, 100]",160,tray,12,1,m,1,1,1,1,0,0,0,0,0,0,0,2.01576709747,2.015767097473145,0,-95,-95,-65,-65,1,1,0,0,0,0,0,0,0,0.44961848855,0.4496184885501862,0,-27,-27,-310,-310,266
00.png,00.png,33.png,31.png,13.png,10.png,34.png,32.png,16.png,19.png,tray1.png,21.png,24.png,27.png,00.png,00.png,"[-227, 234]","[-77, 234]","[73, 234]","[223, 234]","[-227, 84]","[-77, 84]","[73, 84]","[223, 84]","[-227, -66]","[-77, -66]","[73, -66]","[223, -66]","[-227, -216]","[-77, -216]","[73, -216]","[223, -216]","[100, 100]","[100, 100]","[100, 100]","[100, 100]","[100, 100]","[100, 100]","[100, 100]","[100, 100]","[100, 100]","[100, 100]","[100, 100]","[100, 100]","[100, 100]","[100, 100]","[100, 100]","[100, 100]",ok.png,"[0, -375]","[150, 100]",161,tray,12,1,m,1,1,1,1,0,0,0,0,0,0,0,1.36541414261,1.365414142608643,0,109,109,-58,-58,1,1,0,0,0,0,0,0,0,0.583010971546,0.5830109715461731,0,36,36,-394,-394,182
10.png,15.png,20.png,25.png,00.png,00.png,04.png,17.png,21.png,16.png,11.png,tray1.png,00.png,00.png,27.png,34.png,"[-200, 219]","[-50, 219]","[100, 219]","[250, 219]","[-200, 69]","[-50, 69]","[100, 69]","[250, 69]","[-200, -81]","[-50, -81]","[100, -81]","[250, -81]","[-200, -231]","[-50, -231]","[100, -231]","[250, -231]","[100, 100]","[100, 100]","[100, 100]","[100, 100]","[100, 100]","[100, 100]","[100, 100]","[100, 100]","[100, 100]","[100, 100]","[100, 100]","[100, 100]","[100, 100]","[100, 100]","[100, 100]","[100, 100]",ok.png,"[0, -375]","[150, 100]",162,tray,12,1,m,1,1,1,1,0,0,0,0,0,0,0,0.849299609661,0.8492996096611023,0,229,229,-71,-71,1,1,0,0,0,0,0,0,0,0.515888333321,0.5158883333206177,0,6,6,-394,-394,353
00.png,00.png,20.png,24.png,28.png,32.png,00.png,00.png,03.png,01.png,07.png,08.png,tray1.png,05.png,02.png,04.png,"[-214, 226]","[-64, 226]","[86, 226]","[236, 226]","[-214, 76]","[-64, 76]","[86, 76]","[236, 76]","[-214, -74]","[-64, -74]","[86, -74]","[236, -74]","[-214, -224]","[-64, -224]","[86, -224]","[236, -224]","[100, 100]","[100, 100]","[100, 100]","[100, 100]","[100, 100]","[100, 100]","[100, 100]","[100, 100]","[100, 100]","[100, 100]","[100, 100]","[100, 100]","[100, 100]","[100, 100]","[100, 100]","[100, 100]",ok.png,"[0, -375]","[150, 100]",163,tray,12,1,m,1,1,1,1,0,0,0,0,0,0,0,1.49875593185,1.498755931854248,0,-196,-196,-198,-198,1,1,0,0,0,0,0,0,0,0.582833230495,0.5828332304954529,0,23,23,-362,-362,390
29.png,00.png,06.png,16.png,00.png,03.png,33.png,08.png,13.png,28.png,00.png,00.png,23.png,tray1.png,12.png,01.png,"[-224, 246]","[-74, 246]","[76, 246]","[226, 246]","[-224, 96]","[-74, 96]","[76, 96]","[226, 96]","[-224, -54]","[-74, -54]","[76, -54]","[226, -54]","[-224, -204]","[-74, -204]","[76, -204]","[226, -204]","[100, 100]","[100, 100]","[100, 100]","[100, 100]","[100, 100]","[100, 100]","[100, 100]","[100, 100]","[100, 100]","[100, 100]","[100, 100]","[100, 100]","[100, 100]","[100, 100]","[100, 100]","[100, 100]",ok.png,"[0, -375]","[150, 100]",164,tray,12,1,m,1,1,1,1,0,0,0,0,0,0,0,1.61558187008,1.615581870079041,0,-80,-80,-212,-212,1,1,0,0,0,0,0,0,0,1.76598191261,1.765981912612915,0,-2,-2,-356,-356,32
00.png,00.png,00.png,16.png,14.png,06.png,04.png,33.png,27.png,23.png,17.png,13.png,07.png,03.png,tray1.png,00.png,"[-214, 206]","[-64, 206]","[86, 206]","[236, 206]","[-214, 56]","[-64, 56]","[86, 56]","[236, 56]","[-214, -94]","[-64, -94]","[86, -94]","[236, -94]","[-214, -244]","[-64, -244]","[86, -244]","[236, -244]","[100, 100]","[100, 100]","[100, 100]","[100, 100]","[100, 100]","[100, 100]","[100, 100]","[100, 100]","[100, 100]","[100, 100]","[100, 100]","[100, 100]","[100, 100]","[100, 100]","[100, 100]","[100, 100]",ok.png,"[0, -375]","[150, 100]",165,tray,12,1,m,1,1,1,1,0,0,0,0,0,0,0,2.09840583801,2.098405838012695,0,89,89,-258,-258,1,1,0,0,0,0,0,0,0,1.94974780083,1.949747800827026,0,-22,-22,-362,-362,364
04.png,20.png,30.png,02.png,00.png,00.png,03.png,04.png,24.png,23.png,00.png,00.png,14.png,07.png,17.png,tray1.png,"[-242, 232]","[-92, 232]","[58, 232]","[208, 232]","[-242, 82]","[-92, 82]","[58, 82]","[208, 82]","[-242, -68]","[-92, -68]","[58, -68]","[208, -68]","[-242, -218]","[-92, -218]","[58, -218]","[208, -218]","[100, 100]","[100, 100]","[100, 100]","[100, 100]","[100, 100]","[100, 100]","[100, 100]","[100, 100]","[100, 100]","[100, 100]","[100, 100]","[100, 100]","[100, 100]","[100, 100]","[100, 100]","[100, 100]",ok.png,"[0, -375]","[150, 100]",166,tray,12,1,m,1,1,1,1,0,0,0,0,0,0,0,1.68228375912,1.682283759117126,0,204,204,-228,-228,1,1,0,0,0,0,0,0,0,0.382964342833,0.3829643428325653,0,8,8,-349,-349,146
03.png,19.png,29.png,00.png,00.png,02.png,32.png,11.png,12.png,22.png,16.png,00.png,00.png,04.png,tray1.png,18.png,"[-232, 233]","[-82, 233]","[68, 233]","[218, 233]","[-232, 83]","[-82, 83]","[68, 83]","[218, 83]","[-232, -67]","[-82, -67]","[68, -67]","[218, -67]","[-232, -217]","[-82, -217]","[68, -217]","[218, -217]","[100, 100]","[100, 100]","[100, 100]","[100, 100]","[100, 100]","[100, 100]","[100, 100]","[100, 100]","[100, 100]","[100, 100]","[100, 100]","[100, 100]","[100, 100]","[100, 100]","[100, 100]","[100, 100]",ok.png,"[0, -375]","[150, 100]",167,tray,12,1,m,1,1,1,1,0,0,0,0,0,0,0,1.93211388588,1.932113885879517,0,97,97,-221,-221,1,1,0,0,0,0,0,0,0,0.416244059801,0.4162440598011017,0,11,11,-403,-403,214
16.png,13.png,11.png,05.png,21.png,00.png,00.png,00.png,00.png,27.png,28.png,25.png,03.png,tray1.png,08.png,15.png,"[-249, 207]","[-99, 207]","[51, 207]","[201, 207]","[-249, 57]","[-99, 57]","[51, 57]","[201, 57]","[-249, -93]","[-99, -93]","[51, -93]","[201, -93]","[-249, -243]","[-99, -243]","[51, -243]","[201, -243]","[100, 100]","[100, 100]","[100, 100]","[100, 100]","[100, 100]","[100, 100]","[100, 100]","[100, 100]","[100, 100]","[100, 100]","[100, 100]","[100, 100]","[100, 100]","[100, 100]","[100, 100]","[100, 100]",ok.png,"[0, -375]","[150, 100]",168,tray,12,1,m,1,1,1,1,0,0,0,0,0,0,0,1.38232183456,1.382321834564209,0,-75,-75,-231,-231,1,1,0,0,0,0,0,0,0,0.432593643665,0.4325936436653137,0,-27,-27,-381,-381,331
06.png,21.png,15.png,17.png,00.png,00.png,16.png,28.png,29.png,09.png,00.png,23.png,tray1.png,14.png,07.png,00.png,"[-206, 229]","[-56, 229]","[94, 229]","[244, 229]","[-206, 79]","[-56, 79]","[94, 79]","[244, 79]","[-206, -71]","[-56, -71]","[94, -71]","[244, -71]","[-206, -221]","[-56, -221]","[94, -221]","[244, -221]","[100, 100]","[100, 100]","[100, 100]","[100, 100]","[100, 100]","[100, 100]","[100, 100]","[100, 100]","[100, 100]","[100, 100]","[100, 100]","[100, 100]","[100, 100]","[100, 100]","[100, 100]","[100, 100]",ok.png,"[0, -375]","[150, 100]",169,tray,12,1,m,1,1,1,1,0,0,0,0,0,0,0,1.21569502354,1.215695023536682,0,-216,-216,-226,-226,1,1,0,0,0,0,0,0,0,0.449606835842,0.4496068358421326,0,-67,-67,-380,-380,258
00.png,11.png,01.png,28.png,12.png,00.png,00.png,34.png,15.png,30.png,08.png,tray1.png,31.png,21.png,32.png,00.png,"[-248, 240]","[-98, 240]","[52, 240]","[202, 240]","[-248, 90]","[-98, 90]","[52, 90]","[202, 90]","[-248, -60]","[-98, -60]","[52, -60]","[202, -60]","[-248, -210]","[-98, -210]","[52, -210]","[202, -210]","[100, 100]","[100, 100]","[100, 100]","[100, 100]","[100, 100]","[100, 100]","[100, 100]","[100, 100]","[100, 100]","[100, 100]","[100, 100]","[100, 100]","[100, 100]","[100, 100]","[100, 100]","[100, 100]",ok.png,"[0, -375]","[150, 100]",170,tray,12,1,m,1,1,1,1,0,0,0,0,0,0,0,1.5484893322,1.548489332199097,0,177,177,-67,-67,1,1,0,0,0,0,0,0,0,0.749754905701,0.7497549057006836,0,-44,-44,-344,-344,198
00.png,00.png,12.png,04.png,32.png,31.png,24.png,27.png,07.png,09.png,tray1.png,10.png,13.png,16.png,00.png,00.png,"[-225, 210]","[-75, 210]","[75, 210]","[225, 210]","[-225, 60]","[-75, 60]","[75, 60]","[225, 60]","[-225, -90]","[-75, -90]","[75, -90]","[225, -90]","[-225, -240]","[-75, -240]","[75, -240]","[225, -240]","[100, 100]","[100, 100]","[100, 100]","[100, 100]","[100, 100]","[100, 100]","[100, 100]","[100, 100]","[100, 100]","[100, 100]","[100, 100]","[100, 100]","[100, 100]","[100, 100]","[100, 100]","[100, 100]",ok.png,"[0, -375]","[150, 100]",171,tray,12,1,m,1,1,1,1,0,0,0,0,0,0,0,2.69886040688,2.69886040687561,0,101,101,-89,-89,1,1,0,0,0,0,0,0,0,0.432856172323,0.4328561723232269,0,16,16,-374,-374,132
00.png,00.png,25.png,12.png,33.png,19.png,05.png,00.png,01.png,tray1.png,07.png,10.png,34.png,20.png,00.png,30.png,"[-213, 200]","[-63, 200]","[87, 200]","[237, 200]","[-213, 50]","[-63, 50]","[87, 50]","[237, 50]","[-213, -100]","[-63, -100]","[87, -100]","[237, -100]","[-213, -250]","[-63, -250]","[87, -250]","[237, -250]","[100, 100]","[100, 100]","[100, 100]","[100, 100]","[100, 100]","[100, 100]","[100, 100]","[100, 100]","[100, 100]","[100, 100]","[100, 100]","[100, 100]","[100, 100]","[100, 100]","[100, 100]","[100, 100]",ok.png,"[0, -375]","[150, 100]",172,tray,12,1,m,1,1,1,1,0,0,0,0,0,0,0,0.88243740797,0.8824374079704285,0,-76,-76,-135,-135,1,1,0,0,0,0,0,0,0,1.28267776966,1.28267776966095,0,3,3,-387,-387,305
11.png,13.png,17.png,18.png,00.png,14.png,00.png,09.png,tray1.png,02.png,04.png,30.png,26.png,24.png,00.png,00.png,"[-222, 212]","[-72, 212]","[78, 212]","[228, 212]","[-222, 62]","[-72, 62]","[78, 62]","[228, 62]","[-222, -88]","[-72, -88]","[78, -88]","[228, -88]","[-222, -238]","[-72, -238]","[78, -238]","[228, -238]","[100, 100]","[100, 100]","[100, 100]","[100, 100]","[100, 100]","[100, 100]","[100, 100]","[100, 100]","[100, 100]","[100, 100]","[100, 100]","[100, 100]","[100, 100]","[100, 100]","[100, 100]","[100, 100]",ok.png,"[0, -375]","[150, 100]",173,tray,12,1,m,1,1,1,1,0,0,0,0,0,0,0,1.11517179012,1.115171790122986,0,-225,-225,-106,-106,1,1,0,0,0,0,0,0,0,0.616689801216,0.6166898012161255,0,-32,-32,-340,-340,194
00.png,14.png,10.png,20.png,11.png,07.png,00.png,tray1.png,18.png,31.png,00.png,30.png,09.png,00.png,03.png,19.png,"[-217, 203]","[-67, 203]","[83, 203]","[233, 203]","[-217, 53]","[-67, 53]","[83, 53]","[233, 53]","[-217, -97]","[-67, -97]","[83, -97]","[233, -97]","[-217, -247]","[-67, -247]","[83, -247]","[233, -247]","[100, 100]","[100, 100]","[100, 100]","[100, 100]","[100, 100]","[100, 100]","[100, 100]","[100, 100]","[100, 100]","[100, 100]","[100, 100]","[100, 100]","[100, 100]","[100, 100]","[100, 100]","[100, 100]",ok.png,"[0, -375]","[150, 100]",174,tray,12,1,m,1,1,1,1,0,0,0,0,0,0,0,1.04875636101,1.04875636100769,0,227,227,63,63,1,1,0,0,0,0,0,0,0,0.782584309578,0.7825843095779419,0,-27,-27,-342,-342,221
31.png,03.png,13.png,00.png,23.png,21.png,tray1.png,00.png,33.png,00.png,14.png,00.png,19.png,32.png,29.png,26.png,"[-242, 237]","[-92, 237]","[58, 237]","[208, 237]","[-242, 87]","[-92, 87]","[58, 87]","[208, 87]","[-242, -63]","[-92, -63]","[58, -63]","[208, -63]","[-242, -213]","[-92, -213]","[58, -213]","[208, -213]","[100, 100]","[100, 100]","[100, 100]","[100, 100]","[100, 100]","[100, 100]","[100, 100]","[100, 100]","[100, 100]","[100, 100]","[100, 100]","[100, 100]","[100, 100]","[100, 100]","[100, 100]","[100, 100]",ok.png,"[0, -375]","[150, 100]",175,tray,12,1,m,1,1,1,1,0,0,0,0,0,0,0,0.94917345047,0.9491734504699708,0,48,48,87,87,1,1,0,0,0,0,0,0,0,0.715828061104,0.7158280611038208,0,5,5,-437,-437,53
00.png,00.png,00.png,00.png,11.png,10.png,09.png,08.png,07.png,06.png,05.png,04.png,03.png,02.png,01.png,tray2.png,"[-209, 250]","[-59, 250]","[91, 250]","[241, 250]","[-209, 100]","[-59, 100]","[91, 100]","[241, 100]","[-209, -50]","[-59, -50]","[91, -50]","[241, -50]","[-209, -200]","[-59, -200]","[91, -200]","[241, -200]","[100, 100]","[100, 100]","[100, 100]","[100, 100]","[100, 100]","[100, 100]","[100, 100]","[100, 100]","[100, 100]","[100, 100]","[100, 100]","[100, 100]","[100, 100]","[100, 100]","[100, 100]","[100, 100]",ok.png,"[0, -375]","[150, 100]",176,tray,12,1,m,1,1,1,1,0,0,0,0,0,0,0,1.1990044117,1.199004411697388,0,221,221,-159,-159,1,1,0,0,0,0,0,0,0,0.682563960552,0.6825639605522156,0,-10,-10,-414,-414,392
00.png,00.png,31.png,32.png,33.png,34.png,14.png,00.png,13.png,12.png,11.png,10.png,00.png,09.png,tray2.png,08.png,"[-247, 205]","[-97, 205]","[53, 205]","[203, 205]","[-247, 55]","[-97, 55]","[53, 55]","[203, 55]","[-247, -95]","[-97, -95]","[53, -95]","[203, -95]","[-247, -245]","[-97, -245]","[53, -245]","[203, -245]","[100, 100]","[100, 100]","[100, 100]","[100, 100]","[100, 100]","[100, 100]","[100, 100]","[100, 100]","[100, 100]","[100, 100]","[100, 100]","[100, 100]","[100, 100]","[100, 100]","[100, 100]","[100, 100]",ok.png,"[0, -375]","[150, 100]",177,tray,12,1,m,1,1,1,1,0,0,0,0,0,0,0,1.43237006664,1.432370066642761,0,44,44,-230,-230,1,1,0,0,0,0,0,0,0,0.349609255791,0.3496092557907104,0,17,17,-362,-362,444
00.png,00.png,25.png,24.png,23.png,22.png,21.png,20.png,19.png,18.png,17.png,16.png,15.png,tray2.png,00.png,00.png,"[-228, 246]","[-78, 246]","[72, 246]","[222, 246]","[-228, 96]","[-78, 96]","[72, 96]","[222, 96]","[-228, -54]","[-78, -54]","[72, -54]","[222, -54]","[-228, -204]","[-78, -204]","[72, -204]","[222, -204]","[100, 100]","[100, 100]","[100, 100]","[100, 100]","[100, 100]","[100, 100]","[100, 100]","[100, 100]","[100, 100]","[100, 100]","[100, 100]","[100, 100]","[100, 100]","[100, 100]","[100, 100]","[100, 100]",ok.png,"[0, -375]","[150, 100]",178,tray,12,1,m,1,1,1,1,0,0,0,0,0,0,0,1.83221244812,1.832212448120117,0,-87,-87,-209,-209,1,1,0,0,0,0,0,0,0,0.382597982883,0.3825979828834534,0,-17,-17,-378,-378,48
33.png,32.png,30.png,29.png,00.png,00.png,31.png,27.png,26.png,28.png,00.png,00.png,tray2.png,24.png,23.png,22.png,"[-244, 210]","[-94, 210]","[56, 210]","[206, 210]","[-244, 60]","[-94, 60]","[56, 60]","[206, 60]","[-244, -90]","[-94, -90]","[56, -90]","[206, -90]","[-244, -240]","[-94, -240]","[56, -240]","[206, -240]","[100, 100]","[100, 100]","[100, 100]","[100, 100]","[100, 100]","[100, 100]","[100, 100]","[100, 100]","[100, 100]","[100, 100]","[100, 100]","[100, 100]","[100, 100]","[100, 100]","[100, 100]","[100, 100]",ok.png,"[0, -375]","[150, 100]",179,tray,12,1,m,1,1,1,1,0,0,0,0,0,0,0,1.11554133892,1.115541338920593,0,-234,-234,-232,-232,1,1,0,0,0,0,0,0,0,1.81615447998,1.816154479980469,0,-39,-39,-392,-392,21
00.png,00.png,00.png,00.png,01.png,34.png,33.png,32.png,31.png,30.png,29.png,tray2.png,08.png,06.png,04.png,02.png,"[-235, 230]","[-85, 230]","[65, 230]","[215, 230]","[-235, 80]","[-85, 80]","[65, 80]","[215, 80]","[-235, -70]","[-85, -70]","[65, -70]","[215, -70]","[-235, -220]","[-85, -220]","[65, -220]","[215, -220]","[100, 100]","[100, 100]","[100, 100]","[100, 100]","[100, 100]","[100, 100]","[100, 100]","[100, 100]","[100, 100]","[100, 100]","[100, 100]","[100, 100]","[100, 100]","[100, 100]","[100, 100]","[100, 100]",ok.png,"[0, -375]","[150, 100]",180,tray,12,1,m,1,1,1,1,0,0,0,0,0,0,0,1.09915053844,1.099150538444519,0,235,235,-78,-78,1,1,0,0,0,0,0,0,0,0.582260608673,0.5822606086730957,0,17,17,-368,-368,165
00.png,00.png,23.png,17.png,29.png,09.png,15.png,06.png,00.png,00.png,tray2.png,04.png,27.png,07.png,34.png,01.png,"[-250, 249]","[-100, 249]","[50, 249]","[200, 249]","[-250, 99]","[-100, 99]","[50, 99]","[200, 99]","[-250, -51]","[-100, -51]","[50, -51]","[200, -51]","[-250, -201]","[-100, -201]","[50, -201]","[200, -201]","[100, 100]","[100, 100]","[100, 100]","[100, 100]","[100, 100]","[100, 100]","[100, 100]","[100, 100]","[100, 100]","[100, 100]","[100, 100]","[100, 100]","[100, 100]","[100, 100]","[100, 100]","[100, 100]",ok.png,"[0, -375]","[150, 100]",181,tray,12,1,m,1,1,1,1,0,0,0,0,0,0,0,1.94903409481,1.949034094810486,0,97,97,-33,-33,1,1,0,0,0,0,0,0,0,0.749310553074,0.7493105530738831,0,-9,-9,-358,-358,23
17.png,09.png,22.png,06.png,00.png,00.png,14.png,18.png,25.png,tray2.png,03.png,07.png,05.png,02.png,00.png,00.png,"[-227, 201]","[-77, 201]","[73, 201]","[223, 201]","[-227, 51]","[-77, 51]","[73, 51]","[223, 51]","[-227, -99]","[-77, -99]","[73, -99]","[223, -99]","[-227, -249]","[-77, -249]","[73, -249]","[223, -249]","[100, 100]","[100, 100]","[100, 100]","[100, 100]","[100, 100]","[100, 100]","[100, 100]","[100, 100]","[100, 100]","[100, 100]","[100, 100]","[100, 100]","[100, 100]","[100, 100]","[100, 100]","[100, 100]",ok.png,"[0, -375]","[150, 100]",182,tray,12,1,m,1,1,1,1,0,0,0,0,0,0,0,0.998767197132,0.9987671971321106,0,-96,-96,-98,-98,1,1,0,0,0,0,0,0,0,0.549478411674,0.5494784116744995,0,-43,-43,-365,-365,410
00.png,33.png,00.png,00.png,31.png,25.png,17.png,30.png,tray2.png,27.png,15.png,20.png,07.png,33.png,05.png,00.png,"[-240, 212]","[-90, 212]","[60, 212]","[210, 212]","[-240, 62]","[-90, 62]","[60, 62]","[210, 62]","[-240, -88]","[-90, -88]","[60, -88]","[210, -88]","[-240, -238]","[-90, -238]","[60, -238]","[210, -238]","[100, 100]","[100, 100]","[100, 100]","[100, 100]","[100, 100]","[100, 100]","[100, 100]","[100, 100]","[100, 100]","[100, 100]","[100, 100]","[100, 100]","[100, 100]","[100, 100]","[100, 100]","[100, 100]",ok.png,"[0, -375]","[150, 100]",183,tray,12,1,m,1,1,1,1,0,0,0,0,0,0,0,1.7325758934,1.7325758934021,0,-230,-230,-85,-85,1,1,0,0,0,0,0,0,0,0.599429965019,0.5994299650192261,0,-42,-42,-378,-378,224
33.png,31.png,25.png,21.png,27.png,23.png,29.png,tray2.png,00.png,00.png,00.png,00.png,16.png,13.png,10.png,07.png,"[-239, 213]","[-89, 213]","[61, 213]","[211, 213]","[-239, 63]","[-89, 63]","[61, 63]","[211, 63]","[-239, -87]","[-89, -87]","[61, -87]","[211, -87]","[-239, -237]","[-89, -237]","[61, -237]","[211, -237]","[100, 100]","[100, 100]","[100, 100]","[100, 100]","[100, 100]","[100, 100]","[100, 100]","[100, 100]","[100, 100]","[100, 100]","[100, 100]","[100, 100]","[100, 100]","[100, 100]","[100, 100]","[100, 100]",ok.png,"[0, -375]","[150, 100]",184,tray,12,1,m,1,1,1,1,0,0,0,0,0,0,0,1.03239989281,1.032399892807007,0,215,215,48,48,1,1,0,0,0,0,0,0,0,2.23281097412,2.232810974121094,0,-45,-45,-344,-344,81
00.png,00.png,00.png,00.png,26.png,24.png,tray2.png,22.png,20.png,18.png,16.png,14.png,03.png,05.png,07.png,09.png,"[-230, 206]","[-80, 206]","[70, 206]","[220, 206]","[-230, 56]","[-80, 56]","[70, 56]","[220, 56]","[-230, -94]","[-80, -94]","[70, -94]","[220, -94]","[-230, -244]","[-80, -244]","[70, -244]","[220, -244]","[100, 100]","[100, 100]","[100, 100]","[100, 100]","[100, 100]","[100, 100]","[100, 100]","[100, 100]","[100, 100]","[100, 100]","[100, 100]","[100, 100]","[100, 100]","[100, 100]","[100, 100]","[100, 100]",ok.png,"[0, -375]","[150, 100]",185,tray,12,1,m,1,1,1,1,0,0,0,0,0,0,0,0.848908543587,0.848908543586731,0,96,96,67,67,1,1,0,0,0,0,0,0,0,0.982767760754,0.9827677607536316,0,4,4,-386,-386,113
00.png,00.png,27.png,24.png,21.png,tray2.png,19.png,16.png,32.png,34.png,10.png,13.png,31.png,33.png,00.png,00.png,"[-207, 250]","[-57, 250]","[93, 250]","[243, 250]","[-207, 100]","[-57, 100]","[93, 100]","[243, 100]","[-207, -50]","[-57, -50]","[93, -50]","[243, -50]","[-207, -200]","[-57, -200]","[93, -200]","[243, -200]","[100, 100]","[100, 100]","[100, 100]","[100, 100]","[100, 100]","[100, 100]","[100, 100]","[100, 100]","[100, 100]","[100, 100]","[100, 100]","[100, 100]","[100, 100]","[100, 100]","[100, 100]","[100, 100]",ok.png,"[0, -375]","[150, 100]",186,tray,12,1,m,1,1,1,1,0,0,0,0,0,0,0,0.865586638451,0.8655866384506226,0,-42,-42,86,86,1,1,0,0,0,0,0,0,0,0.632975935936,0.6329759359359741,0,19,19,-370,-370,184
34.png,27.png,00.png,00.png,tray2.png,11.png,16.png,21.png,17.png,04.png,00.png,00.png,25.png,20.png,15.png,10.png,"[-210, 218]","[-60, 218]","[90, 218]","[240, 218]","[-210, 68]","[-60, 68]","[90, 68]","[240, 68]","[-210, -82]","[-60, -82]","[90, -82]","[240, -82]","[-210, -232]","[-60, -232]","[90, -232]","[240, -232]","[100, 100]","[100, 100]","[100, 100]","[100, 100]","[100, 100]","[100, 100]","[100, 100]","[100, 100]","[100, 100]","[100, 100]","[100, 100]","[100, 100]","[100, 100]","[100, 100]","[100, 100]","[100, 100]",ok.png,"[0, -375]","[150, 100]",187,tray,12,1,m,1,1,1,1,0,0,0,0,0,0,0,0.882347822189,0.882347822189331,0,-204,-204,56,56,1,1,0,0,0,0,0,0,0,0.549463629723,0.5494636297225952,0,35,35,-420,-420,127
04.png,02.png,05.png,tray2.png,08.png,07.png,01.png,03.png,00.png,00.png,32.png,28.png,24.png,20.png,00.png,00.png,"[-248, 239]","[-98, 239]","[52, 239]","[202, 239]","[-248, 89]","[-98, 89]","[52, 89]","[202, 89]","[-248, -61]","[-98, -61]","[52, -61]","[202, -61]","[-248, -211]","[-98, -211]","[52, -211]","[202, -211]","[100, 100]","[100, 100]","[100, 100]","[100, 100]","[100, 100]","[100, 100]","[100, 100]","[100, 100]","[100, 100]","[100, 100]","[100, 100]","[100, 100]","[100, 100]","[100, 100]","[100, 100]","[100, 100]",ok.png,"[0, -375]","[150, 100]",188,tray,12,1,m,1,1,1,1,0,0,0,0,0,0,0,1.44921255112,1.449212551116943,0,213,213,283,283,1,1,0,0,0,0,0,0,0,0.499246925116,0.4992469251155853,0,-15,-15,-387,-387,160
01.png,12.png,tray2.png,23.png,00.png,00.png,28.png,13.png,08.png,33.png,03.png,00.png,16.png,06.png,00.png,29.png,"[-207, 233]","[-57, 233]","[93, 233]","[243, 233]","[-207, 83]","[-57, 83]","[93, 83]","[243, 83]","[-207, -67]","[-57, -67]","[93, -67]","[243, -67]","[-207, -217]","[-57, -217]","[93, -217]","[243, -217]","[100, 100]","[100, 100]","[100, 100]","[100, 100]","[100, 100]","[100, 100]","[100, 100]","[100, 100]","[100, 100]","[100, 100]","[100, 100]","[100, 100]","[100, 100]","[100, 100]","[100, 100]","[100, 100]",ok.png,"[0, -375]","[150, 100]",189,tray,12,1,m,1,1,1,1,0,0,0,0,0,0,0,1.41580033302,1.415800333023071,0,93,93,243,243,1,1,0,0,0,0,0,0,0,0.549285829067,0.5492858290672302,0,53,53,-378,-378,170
00.png,tray2.png,03.png,07.png,13.png,17.png,23.png,27.png,33.png,04.png,06.png,14.png,16.png,00.png,00.png,00.png,"[-248, 202]","[-98, 202]","[52, 202]","[202, 202]","[-248, 52]","[-98, 52]","[52, 52]","[202, 52]","[-248, -98]","[-98, -98]","[52, -98]","[202, -98]","[-248, -248]","[-98, -248]","[52, -248]","[202, -248]","[100, 100]","[100, 100]","[100, 100]","[100, 100]","[100, 100]","[100, 100]","[100, 100]","[100, 100]","[100, 100]","[100, 100]","[100, 100]","[100, 100]","[100, 100]","[100, 100]","[100, 100]","[100, 100]",ok.png,"[0, -375]","[150, 100]",190,tray,12,1,m,1,1,1,1,0,0,0,0,0,0,0,1.23242843151,1.232428431510925,0,-90,-90,223,223,1,1,0,0,0,0,0,0,0,0.516230523586,0.5162305235862732,0,-15,-15,-372,-372,398
tray2.png,17.png,07.png,14.png,00.png,00.png,23.png,24.png,04.png,03.png,00.png,00.png,02.png,30.png,20.png,04.png,"[-213, 217]","[-63, 217]","[87, 217]","[237, 217]","[-213, 67]","[-63, 67]","[87, 67]","[237, 67]","[-213, -83]","[-63, -83]","[87, -83]","[237, -83]","[-213, -233]","[-63, -233]","[87, -233]","[237, -233]","[100, 100]","[100, 100]","[100, 100]","[100, 100]","[100, 100]","[100, 100]","[100, 100]","[100, 100]","[100, 100]","[100, 100]","[100, 100]","[100, 100]","[100, 100]","[100, 100]","[100, 100]","[100, 100]",ok.png,"[0, -375]","[150, 100]",191,tray,12,1,m,1,1,1,1,0,0,0,0,0,0,0,1.46565711498,1.465657114982605,0,-210,-210,229,229,1,1,0,0,0,0,0,0,0,0.482870042324,0.4828700423240662,0,29,29,-406,-406,394
18.png,tray2.png,04.png,00.png,00.png,16.png,22.png,12.png,11.png,32.png,02.png,00.png,00.png,29.png,19.png,03.png,"[-217, 200]","[-67, 200]","[83, 200]","[233, 200]","[-217, 50]","[-67, 50]","[83, 50]","[233, 50]","[-217, -100]","[-67, -100]","[83, -100]","[233, -100]","[-217, -250]","[-67, -250]","[83, -250]","[233, -250]","[100, 100]","[100, 100]","[100, 100]","[100, 100]","[100, 100]","[100, 100]","[100, 100]","[100, 100]","[100, 100]","[100, 100]","[100, 100]","[100, 100]","[100, 100]","[100, 100]","[100, 100]","[100, 100]",ok.png,"[0, -375]","[150, 100]",192,tray,12,1,m,1,1,1,1,0,0,0,0,0,0,0,0.782270312309,0.7822703123092651,0,-73,-73,205,205,1,1,0,0,0,0,0,0,0,1.3657759428,1.365775942802429,0,62,62,-371,-371,284
15.png,08.png,tray2.png,03.png,25.png,28.png,27.png,00.png,00.png,00.png,00.png,21.png,05.png,11.png,13.png,16.png,"[-210, 201]","[-60, 201]","[90, 201]","[240, 201]","[-210, 51]","[-60, 51]","[90, 51]","[240, 51]","[-210, -99]","[-60, -99]","[90, -99]","[240, -99]","[-210, -249]","[-60, -249]","[90, -249]","[240, -249]","[100, 100]","[100, 100]","[100, 100]","[100, 100]","[100, 100]","[100, 100]","[100, 100]","[100, 100]","[100, 100]","[100, 100]","[100, 100]","[100, 100]","[100, 100]","[100, 100]","[100, 100]","[100, 100]",ok.png,"[0, -375]","[150, 100]",193,tray,12,1,m,1,1,1,1,0,0,0,0,0,0,0,1.14903521538,1.149035215377808,0,103,103,206,206,1,1,0,0,0,0,0,0,0,0.649511814117,0.6495118141174316,0,6,6,-366,-366,139
00.png,07.png,14.png,tray2.png,23.png,00.png,09.png,29.png,28.png,16.png,00.png,00.png,17.png,15.png,21.png,06.png,"[-227, 250]","[-77, 250]","[73, 250]","[223, 250]","[-227, 100]","[-77, 100]","[73, 100]","[223, 100]","[-227, -50]","[-77, -50]","[73, -50]","[223, -50]","[-227, -200]","[-77, -200]","[73, -200]","[223, -200]","[100, 100]","[100, 100]","[100, 100]","[100, 100]","[100, 100]","[100, 100]","[100, 100]","[100, 100]","[100, 100]","[100, 100]","[100, 100]","[100, 100]","[100, 100]","[100, 100]","[100, 100]","[100, 100]",ok.png,"[0, -375]","[150, 100]",194,tray,12,1,m,1,1,1,1,0,0,0,0,0,0,0,1.26561188698,1.265611886978149,0,220,220,286,286,1,1,0,0,0,0,0,0,0,1.11611759663,1.116117596626282,0,10,10,-365,-365,64
00.png,32.png,21.png,31.png,tray2.png,08.png,30.png,15.png,34.png,00.png,00.png,12.png,28.png,01.png,11.png,00.png,"[-238, 238]","[-88, 238]","[62, 238]","[212, 238]","[-238, 88]","[-88, 88]","[62, 88]","[212, 88]","[-238, -62]","[-88, -62]","[62, -62]","[212, -62]","[-238, -212]","[-88, -212]","[62, -212]","[212, -212]","[100, 100]","[100, 100]","[100, 100]","[100, 100]","[100, 100]","[100, 100]","[100, 100]","[100, 100]","[100, 100]","[100, 100]","[100, 100]","[100, 100]","[100, 100]","[100, 100]","[100, 100]","[100, 100]",ok.png,"[0, -375]","[150, 100]",195,tray,12,1,m,1,1,1,1,0,0,0,0,0,0,0,0.815462112427,0.8154621124267578,0,-275,-275,118,118,1,1,0,0,0,0,0,0,0,0.582814991474,0.5828149914741516,0,12,12,-436,-436,295
00.png,00.png,16.png,13.png,10.png,tray2.png,09.png,07.png,27.png,24.png,31.png,32.png,04.png,12.png,00.png,00.png,"[-249, 201]","[-99, 201]","[51, 201]","[201, 201]","[-249, 51]","[-99, 51]","[51, 51]","[201, 51]","[-249, -99]","[-99, -99]","[51, -99]","[201, -99]","[-249, -249]","[-99, -249]","[51, -249]","[201, -249]","[100, 100]","[100, 100]","[100, 100]","[100, 100]","[100, 100]","[100, 100]","[100, 100]","[100, 100]","[100, 100]","[100, 100]","[100, 100]","[100, 100]","[100, 100]","[100, 100]","[100, 100]","[100, 100]",ok.png,"[0, -375]","[150, 100]",196,tray,12,1,m,1,1,1,1,0,0,0,0,0,0,0,1.03260552883,1.032605528831482,0,-88,-88,53,53,1,1,0,0,0,0,0,0,0,0.432559490204,0.4325594902038574,0,5,5,-405,-405,147
30.png,00.png,20.png,34.png,10.png,07.png,tray2.png,01.png,00.png,05.png,19.png,33.png,12.png,25.png,00.png,00.png,"[-228, 241]","[-78, 241]","[72, 241]","[222, 241]","[-228, 91]","[-78, 91]","[72, 91]","[222, 91]","[-228, -59]","[-78, -59]","[72, -59]","[222, -59]","[-228, -209]","[-78, -209]","[72, -209]","[222, -209]","[100, 100]","[100, 100]","[100, 100]","[100, 100]","[100, 100]","[100, 100]","[100, 100]","[100, 100]","[100, 100]","[100, 100]","[100, 100]","[100, 100]","[100, 100]","[100, 100]","[100, 100]","[100, 100]",ok.png,"[0, -375]","[150, 100]",197,tray,12,1,m,1,1,1,1,0,0,0,0,0,0,0,0.815558254719,0.8155582547187805,0,102,102,88,88,1,1,0,0,0,0,0,0,0,1.81622076035,1.816220760345459,0,-25,-25,-382,-382,78
00.png,00.png,24.png,26.png,30.png,04.png,02.png,tray2.png,09.png,00.png,14.png,00.png,18.png,17.png,13.png,11.png,"[-246, 226]","[-96, 226]","[54, 226]","[204, 226]","[-246, 76]","[-96, 76]","[54, 76]","[204, 76]","[-246, -74]","[-96, -74]","[54, -74]","[204, -74]","[-246, -224]","[-96, -224]","[54, -224]","[204, -224]","[100, 100]","[100, 100]","[100, 100]","[100, 100]","[100, 100]","[100, 100]","[100, 100]","[100, 100]","[100, 100]","[100, 100]","[100, 100]","[100, 100]","[100, 100]","[100, 100]","[100, 100]","[100, 100]",ok.png,"[0, -375]","[150, 100]",198,tray,12,1,m,1,1,1,1,0,0,0,0,0,0,0,2.11564922333,2.115649223327637,0,218,218,87,87,1,1,0,0,0,0,0,0,0,0.582679867744,0.5826798677444458,0,-26,-26,-373,-373,92
19.png,03.png,00.png,09.png,30.png,00.png,31.png,18.png,tray2.png,00.png,07.png,11.png,20.png,10.png,14.png,00.png,"[-227, 215]","[-77, 215]","[73, 215]","[223, 215]","[-227, 65]","[-77, 65]","[73, 65]","[223, 65]","[-227, -85]","[-77, -85]","[73, -85]","[223, -85]","[-227, -235]","[-77, -235]","[73, -235]","[223, -235]","[100, 100]","[100, 100]","[100, 100]","[100, 100]","[100, 100]","[100, 100]","[100, 100]","[100, 100]","[100, 100]","[100, 100]","[100, 100]","[100, 100]","[100, 100]","[100, 100]","[100, 100]","[100, 100]",ok.png,"[0, -375]","[150, 100]",199,tray,12,1,m,1,1,1,1,0,0,0,0,0,0,0,0.882481217384,0.8824812173843384,0,-193,-193,-74,-74,1,1,0,0,0,0,0,0,0,1.28276276588,1.282762765884399,0,25,25,-377,-377,346
26.png,29.png,32.png,19.png,00.png,14.png,00.png,33.png,00.png,tray2.png,21.png,23.png,00.png,13.png,03.png,31.png,"[-216, 208]","[-66, 208]","[84, 208]","[234, 208]","[-216, 58]","[-66, 58]","[84, 58]","[234, 58]","[-216, -92]","[-66, -92]","[84, -92]","[234, -92]","[-216, -242]","[-66, -242]","[84, -242]","[234, -242]","[100, 100]","[100, 100]","[100, 100]","[100, 100]","[100, 100]","[100, 100]","[100, 100]","[100, 100]","[100, 100]","[100, 100]","[100, 100]","[100, 100]","[100, 100]","[100, 100]","[100, 100]","[100, 100]",ok.png,"[0, -375]","[150, 100]",200,tray,12,1,m,1,1,1,1,0,0,0,0,0,0,0,1.23265278339,1.23265278339386,0,-67,-67,-112,-112,1,1,0,0,0,0,0,0,0,1.26575875282,1.265758752822876,0,-11,-11,-384,-384,185
dots1.png,01.png,02.png,03.png,04.png,05.png,06.png,07.png,08.png,09.png,10.png,11.png,00.png,00.png,00.png,00.png,"[-249, 225]","[-99, 225]","[51, 225]","[201, 225]","[-249, 75]","[-99, 75]","[51, 75]","[201, 75]","[-249, -75]","[-99, -75]","[51, -75]","[201, -75]","[-249, -225]","[-99, -225]","[51, -225]","[201, -225]","[100, 100]","[100, 100]","[100, 100]","[100, 100]","[100, 100]","[100, 100]","[100, 100]","[100, 100]","[100, 100]","[100, 100]","[100, 100]","[100, 100]","[100, 100]","[100, 100]","[100, 100]","[100, 100]",ok.png,"[0, -375]","[150, 100]",201,dots,12,2,m,1,1,1,1,0,0,0,0,0,0,0,1.13246572018,1.132465720176697,0,-240,-240,233,233,1,1,0,0,0,0,0,0,0,0.516227722168,0.51622772216796875,0,-32,-32,-383,-383,400
08.png,dots1.png,09.png,00.png,10.png,11.png,12.png,13.png,00.png,14.png,34.png,33.png,32.png,31.png,00.png,00.png,"[-230, 249]","[-80, 249]","[70, 249]","[220, 249]","[-230, 99]","[-80, 99]","[70, 99]","[220, 99]","[-230, -51]","[-80, -51]","[70, -51]","[220, -51]","[-230, -201]","[-80, -201]","[70, -201]","[220, -201]","[100, 100]","[100, 100]","[100, 100]","[100, 100]","[100, 100]","[100, 100]","[100, 100]","[100, 100]","[100, 100]","[100, 100]","[100, 100]","[100, 100]","[100, 100]","[100, 100]","[100, 100]","[100, 100]",ok.png,"[0, -375]","[150, 100]",202,dots,12,2,m,1,1,1,1,0,0,0,0,0,0,0,0.798898637295,0.7988986372947693,0,-63,-63,229,229,1,1,0,0,0,0,0,0,0,0.833054721355,0.8330547213554382,0,-37,-37,-385,-385,94
00.png,00.png,dots1.png,15.png,16.png,17.png,18.png,19.png,20.png,21.png,22.png,23.png,24.png,25.png,00.png,00.png,"[-213, 244]","[-63, 244]","[87, 244]","[237, 244]","[-213, 94]","[-63, 94]","[87, 94]","[237, 94]","[-213, -56]","[-63, -56]","[87, -56]","[237, -56]","[-213, -206]","[-63, -206]","[87, -206]","[237, -206]","[100, 100]","[100, 100]","[100, 100]","[100, 100]","[100, 100]","[100, 100]","[100, 100]","[100, 100]","[100, 100]","[100, 100]","[100, 100]","[100, 100]","[100, 100]","[100, 100]","[100, 100]","[100, 100]",ok.png,"[0, -375]","[150, 100]",203,dots,12,2,m,1,1,1,1,0,0,0,0,0,0,0,1.4658370018,1.465837001800537,0,98,98,235,235,1,1,0,0,0,0,0,0,0,0.749927520752,0.7499275207519531,0,-13,-13,-344,-344,217
22.png,23.png,24.png,dots1.png,00.png,00.png,25.png,26.png,00.png,00.png,27.png,28.png,29.png,30.png,31.png,32.png,"[-209, 224]","[-59, 224]","[91, 224]","[241, 224]","[-209, 74]","[-59, 74]","[91, 74]","[241, 74]","[-209, -76]","[-59, -76]","[91, -76]","[241, -76]","[-209, -226]","[-59, -226]","[91, -226]","[241, -226]","[100, 100]","[100, 100]","[100, 100]","[100, 100]","[100, 100]","[100, 100]","[100, 100]","[100, 100]","[100, 100]","[100, 100]","[100, 100]","[100, 100]","[100, 100]","[100, 100]","[100, 100]","[100, 100]",ok.png,"[0, -375]","[150, 100]",204,dots,12,2,m,1,1,1,1,0,0,0,0,0,0,0,1.89874517918,1.898745179176331,0,259,259,223,223,1,1,0,0,0,0,0,0,0,1.0829886198,1.082988619804382,0,32,32,-352,-352,270
02.png,04.png,06.png,08.png,dots1.png,29.png,30.png,31.png,32.png,33.png,34.png,01.png,00.png,00.png,00.png,00.png,"[-244, 228]","[-94, 228]","[56, 228]","[206, 228]","[-244, 78]","[-94, 78]","[56, 78]","[206, 78]","[-244, -72]","[-94, -72]","[56, -72]","[206, -72]","[-244, -222]","[-94, -222]","[56, -222]","[206, -222]","[100, 100]","[100, 100]","[100, 100]","[100, 100]","[100, 100]","[100, 100]","[100, 100]","[100, 100]","[100, 100]","[100, 100]","[100, 100]","[100, 100]","[100, 100]","[100, 100]","[100, 100]","[100, 100]",ok.png,"[0, -375]","[150, 100]",205,dots,12,2,m,1,1,1,1,0,0,0,0,0,0,0,1.43223261833,1.432232618331909,0,-209,-209,92,92,1,1,0,0,0,0,0,0,0,0.482743471861,0.4827434718608856,0,-29,-29,-364,-364,234
01.png,34.png,07.png,27.png,04.png,dots1.png,00.png,00.png,06.png,15.png,09.png,29.png,17.png,23.png,00.png,00.png,"[-227, 209]","[-77, 209]","[73, 209]","[223, 209]","[-227, 59]","[-77, 59]","[73, 59]","[223, 59]","[-227, -91]","[-77, -91]","[73, -91]","[223, -91]","[-227, -241]","[-77, -241]","[73, -241]","[223, -241]","[100, 100]","[100, 100]","[100, 100]","[100, 100]","[100, 100]","[100, 100]","[100, 100]","[100, 100]","[100, 100]","[100, 100]","[100, 100]","[100, 100]","[100, 100]","[100, 100]","[100, 100]","[100, 100]",ok.png,"[0, -375]","[150, 100]",206,dots,12,2,m,1,1,1,1,0,0,0,0,0,0,0,0.882466971874,0.8824669718742371,0,-108,-108,72,72,1,1,0,0,0,0,0,0,0,0.866101205349,0.8661012053489685,0,-6,-6,-370,-370,179
00.png,00.png,02.png,05.png,07.png,03.png,dots1.png,25.png,18.png,14.png,00.png,00.png,06.png,22.png,09.png,17.png,"[-215, 232]","[-65, 232]","[85, 232]","[235, 232]","[-215, 82]","[-65, 82]","[85, 82]","[235, 82]","[-215, -68]","[-65, -68]","[85, -68]","[235, -68]","[-215, -218]","[-65, -218]","[85, -218]","[235, -218]","[100, 100]","[100, 100]","[100, 100]","[100, 100]","[100, 100]","[100, 100]","[100, 100]","[100, 100]","[100, 100]","[100, 100]","[100, 100]","[100, 100]","[100, 100]","[100, 100]","[100, 100]","[100, 100]",ok.png,"[0, -375]","[150, 100]",207,dots,12,2,m,1,1,1,1,0,0,0,0,0,0,0,0.849181294441,0.8491812944412231,0,50,50,131,131,1,1,0,0,0,0,0,0,0,0.882624566555,0.8826245665550232,0,19,19,-391,-391,328
00.png,05.png,33.png,07.png,20.png,15.png,27.png,dots1.png,30.png,17.png,25.png,31.png,00.png,00.png,33.png,00.png,"[-216, 220]","[-66, 220]","[84, 220]","[234, 220]","[-216, 70]","[-66, 70]","[84, 70]","[234, 70]","[-216, -80]","[-66, -80]","[84, -80]","[234, -80]","[-216, -230]","[-66, -230]","[84, -230]","[234, -230]","[100, 100]","[100, 100]","[100, 100]","[100, 100]","[100, 100]","[100, 100]","[100, 100]","[100, 100]","[100, 100]","[100, 100]","[100, 100]","[100, 100]","[100, 100]","[100, 100]","[100, 100]","[100, 100]",ok.png,"[0, -375]","[150, 100]",208,dots,12,2,m,1,1,1,1,0,0,0,0,0,0,0,1.04913663864,1.049136638641357,0,229,229,63,63,1,1,0,0,0,0,0,0,0,0.66627240181,0.6662724018096924,0,25,25,-385,-385,448
07.png,10.png,13.png,16.png,00.png,00.png,00.png,00.png,dots1.png,29.png,23.png,27.png,21.png,25.png,31.png,33.png,"[-241, 227]","[-91, 227]","[59, 227]","[209, 227]","[-241, 77]","[-91, 77]","[59, 77]","[209, 77]","[-241, -73]","[-91, -73]","[59, -73]","[209, -73]","[-241, -223]","[-91, -223]","[59, -223]","[209, -223]","[100, 100]","[100, 100]","[100, 100]","[100, 100]","[100, 100]","[100, 100]","[100, 100]","[100, 100]","[100, 100]","[100, 100]","[100, 100]","[100, 100]","[100, 100]","[100, 100]","[100, 100]","[100, 100]",ok.png,"[0, -375]","[150, 100]",209,dots,12,2,m,1,1,1,1,0,0,0,0,0,0,0,1.61567401886,1.615674018859863,0,-221,-221,-71,-71,1,1,0,0,0,0,0,0,0,0.466160655022,0.4661606550216675,0,-12,-12,-344,-344,271
09.png,07.png,05.png,03.png,14.png,16.png,18.png,20.png,22.png,dots1.png,24.png,26.png,00.png,00.png,00.png,00.png,"[-200, 236]","[-50, 236]","[100, 236]","[250, 236]","[-200, 86]","[-50, 86]","[100, 86]","[250, 86]","[-200, -64]","[-50, -64]","[100, -64]","[250, -64]","[-200, -214]","[-50, -214]","[100, -214]","[250, -214]","[100, 100]","[100, 100]","[100, 100]","[100, 100]","[100, 100]","[100, 100]","[100, 100]","[100, 100]","[100, 100]","[100, 100]","[100, 100]","[100, 100]","[100, 100]","[100, 100]","[100, 100]","[100, 100]",ok.png,"[0, -375]","[150, 100]",210,dots,12,2,m,1,1,1,1,0,0,0,0,0,0,0,1.58240282536,1.58240282535553,0,-12,-12,-54,-54,1,1,0,0,0,0,0,0,0,0.599115073681,0.5991150736808777,0,21,21,-362,-362,319
00.png,00.png,33.png,31.png,13.png,10.png,34.png,32.png,16.png,19.png,dots1.png,21.png,24.png,27.png,00.png,00.png,"[-221, 241]","[-71, 241]","[79, 241]","[229, 241]","[-221, 91]","[-71, 91]","[79, 91]","[229, 91]","[-221, -59]","[-71, -59]","[79, -59]","[229, -59]","[-221, -209]","[-71, -209]","[79, -209]","[229, -209]","[100, 100]","[100, 100]","[100, 100]","[100, 100]","[100, 100]","[100, 100]","[100, 100]","[100, 100]","[100, 100]","[100, 100]","[100, 100]","[100, 100]","[100, 100]","[100, 100]","[100, 100]","[100, 100]",ok.png,"[0, -375]","[150, 100]",211,dots,12,2,m,1,1,1,1,0,0,0,0,0,0,0,0.682602107525,0.6826021075248718,0,61,61,-30,-30,1,1,0,0,0,0,0,0,0,1.94959187508,1.949591875076294,0,1,1,-367,-367,278
10.png,15.png,20.png,25.png,00.png,00.png,04.png,17.png,21.png,16.png,11.png,dots1.png,00.png,00.png,27.png,34.png,"[-248, 244]","[-98, 244]","[52, 244]","[202, 244]","[-248, 94]","[-98, 94]","[52, 94]","[202, 94]","[-248, -56]","[-98, -56]","[52, -56]","[202, -56]","[-248, -206]","[-98, -206]","[52, -206]","[202, -206]","[100, 100]","[100, 100]","[100, 100]","[100, 100]","[100, 100]","[100, 100]","[100, 100]","[100, 100]","[100, 100]","[100, 100]","[100, 100]","[100, 100]","[100, 100]","[100, 100]","[100, 100]","[100, 100]",ok.png,"[0, -375]","[150, 100]",212,dots,12,2,m,1,1,1,1,0,0,0,0,0,0,0,0.849146604538,0.8491466045379639,0,172,172,-24,-24,1,1,0,0,0,0,0,0,0,0.7494186759,0.7494186758995056,0,-24,-24,-359,-359,259
00.png,00.png,20.png,24.png,28.png,32.png,00.png,00.png,03.png,01.png,07.png,08.png,dots1.png,05.png,02.png,04.png,"[-241, 244]","[-91, 244]","[59, 244]","[209, 244]","[-241, 94]","[-91, 94]","[59, 94]","[209, 94]","[-241, -56]","[-91, -56]","[59, -56]","[209, -56]","[-241, -206]","[-91, -206]","[59, -206]","[209, -206]","[100, 100]","[100, 100]","[100, 100]","[100, 100]","[100, 100]","[100, 100]","[100, 100]","[100, 100]","[100, 100]","[100, 100]","[100, 100]","[100, 100]","[100, 100]","[100, 100]","[100, 100]","[100, 100]",ok.png,"[0, -375]","[150, 100]",213,dots,12,2,m,1,1,1,1,0,0,0,0,0,0,0,1.34913563728,1.349135637283325,0,-270,-270,-198,-198,1,1,0,0,0,0,0,0,0,0.516119897366,0.5161198973655701,0,11,11,-372,-372,251
29.png,00.png,06.png,16.png,00.png,03.png,33.png,08.png,13.png,28.png,00.png,00.png,23.png,dots1.png,12.png,01.png,"[-225, 242]","[-75, 242]","[75, 242]","[225, 242]","[-225, 92]","[-75, 92]","[75, 92]","[225, 92]","[-225, -58]","[-75, -58]","[75, -58]","[225, -58]","[-225, -208]","[-75, -208]","[75, -208]","[225, -208]","[100, 100]","[100, 100]","[100, 100]","[100, 100]","[100, 100]","[100, 100]","[100, 100]","[100, 100]","[100, 100]","[100, 100]","[100, 100]","[100, 100]","[100, 100]","[100, 100]","[100, 100]","[100, 100]",ok.png,"[0, -375]","[150, 100]",214,dots,12,2,m,1,1,1,1,0,0,0,0,0,0,0,1.7321472168,1.732147216796875,0,-59,-59,-210,-210,1,1,0,0,0,0,0,0,0,0.699650287628,0.6996502876281738,0,19,19,-381,-381,385
00.png,00.png,00.png,16.png,14.png,06.png,04.png,33.png,27.png,23.png,17.png,13.png,07.png,03.png,dots1.png,00.png,"[-220, 201]","[-70, 201]","[80, 201]","[230, 201]","[-220, 51]","[-70, 51]","[80, 51]","[230, 51]","[-220, -99]","[-70, -99]","[80, -99]","[230, -99]","[-220, -249]","[-70, -249]","[80, -249]","[230, -249]","[100, 100]","[100, 100]","[100, 100]","[100, 100]","[100, 100]","[100, 100]","[100, 100]","[100, 100]","[100, 100]","[100, 100]","[100, 100]","[100, 100]","[100, 100]","[100, 100]","[100, 100]","[100, 100]",ok.png,"[0, -375]","[150, 100]",215,dots,12,2,m,1,1,1,1,0,0,0,0,0,0,0,1.68241977692,1.682419776916504,0,69,69,-241,-241,1,1,0,0,0,0,0,0,0,0.816057443619,0.8160574436187744,0,53,53,-371,-371,220
04.png,20.png,30.png,02.png,00.png,00.png,03.png,04.png,24.png,23.png,00.png,00.png,14.png,07.png,17.png,dots1.png,"[-244, 249]","[-94, 249]","[56, 249]","[206, 249]","[-244, 99]","[-94, 99]","[56, 99]","[206, 99]","[-244, -51]","[-94, -51]","[56, -51]","[206, -51]","[-244, -201]","[-94, -201]","[56, -201]","[206, -201]","[100, 100]","[100, 100]","[100, 100]","[100, 100]","[100, 100]","[100, 100]","[100, 100]","[100, 100]","[100, 100]","[100, 100]","[100, 100]","[100, 100]","[100, 100]","[100, 100]","[100, 100]","[100, 100]",ok.png,"[0, -375]","[150, 100]",216,dots,12,2,m,1,1,1,1,0,0,0,0,0,0,0,2.58226799965,2.582267999649048,0,205,205,-191,-191,1,1,0,0,0,0,0,0,0,0.516232252121,0.5162322521209717,0,59,59,-348,-348,110
03.png,19.png,29.png,00.png,00.png,02.png,32.png,11.png,12.png,22.png,16.png,00.png,00.png,04.png,dots1.png,18.png,"[-204, 212]","[-54, 212]","[96, 212]","[246, 212]","[-204, 62]","[-54, 62]","[96, 62]","[246, 62]","[-204, -88]","[-54, -88]","[96, -88]","[246, -88]","[-204, -238]","[-54, -238]","[96, -238]","[246, -238]","[100, 100]","[100, 100]","[100, 100]","[100, 100]","[100, 100]","[100, 100]","[100, 100]","[100, 100]","[100, 100]","[100, 100]","[100, 100]","[100, 100]","[100, 100]","[100, 100]","[100, 100]","[100, 100]",ok.png,"[0, -375]","[150, 100]",217,dots,12,2,m,1,1,1,1,0,0,0,0,0,0,0,1.33226585388,1.332265853881836,0,104,104,-230,-230,1,1,0,0,0,0,0,0,0,0.516056776047,0.5160567760467529,0,15,15,-392,-392,120
16.png,13.png,11.png,05.png,21.png,00.png,00.png,00.png,00.png,27.png,28.png,25.png,03.png,dots1.png,08.png,15.png,"[-202, 210]","[-52, 210]","[98, 210]","[248, 210]","[-202, 60]","[-52, 60]","[98, 60]","[248, 60]","[-202, -90]","[-52, -90]","[98, -90]","[248, -90]","[-202, -240]","[-52, -240]","[98, -240]","[248, -240]","[100, 100]","[100, 100]","[100, 100]","[100, 100]","[100, 100]","[100, 100]","[100, 100]","[100, 100]","[100, 100]","[100, 100]","[100, 100]","[100, 100]","[100, 100]","[100, 100]","[100, 100]","[100, 100]",ok.png,"[0, -375]","[150, 100]",218,dots,12,2,m,1,1,1,1,0,0,0,0,0,0,0,3.08226084709,3.082260847091675,0,-36,-36,-236,-236,1,1,0,0,0,0,0,0,0,0.315964579582,0.3159645795822144,0,4,4,-381,-381,358
06.png,21.png,15.png,17.png,00.png,00.png,16.png,28.png,29.png,09.png,00.png,23.png,dots1.png,14.png,07.png,00.png,"[-234, 243]","[-84, 243]","[66, 243]","[216, 243]","[-234, 93]","[-84, 93]","[66, 93]","[216, 93]","[-234, -57]","[-84, -57]","[66, -57]","[216, -57]","[-234, -207]","[-84, -207]","[66, -207]","[216, -207]","[100, 100]","[100, 100]","[100, 100]","[100, 100]","[100, 100]","[100, 100]","[100, 100]","[100, 100]","[100, 100]","[100, 100]","[100, 100]","[100, 100]","[100, 100]","[100, 100]","[100, 100]","[100, 100]",ok.png,"[0, -375]","[150, 100]",219,dots,12,2,m,1,1,1,1,0,0,0,0,0,0,0,1.39925956726,1.399259567260742,0,-236,-236,-181,-181,1,1,0,0,0,0,0,0,0,1.13267230988,1.132672309875488,0,9,9,-410,-410,241
00.png,11.png,01.png,28.png,12.png,00.png,00.png,34.png,15.png,30.png,08.png,dots1.png,31.png,21.png,32.png,00.png,"[-211, 220]","[-61, 220]","[89, 220]","[239, 220]","[-211, 70]","[-61, 70]","[89, 70]","[239, 70]","[-211, -80]","[-61, -80]","[89, -80]","[239, -80]","[-211, -230]","[-61, -230]","[89, -230]","[239, -230]","[100, 100]","[100, 100]","[100, 100]","[100, 100]","[100, 100]","[100, 100]","[100, 100]","[100, 100]","[100, 100]","[100, 100]","[100, 100]","[100, 100]","[100, 100]","[100, 100]","[100, 100]","[100, 100]",ok.png,"[0, -375]","[150, 100]",220,dots,12,2,m,1,1,1,1,0,0,0,0,0,0,0,3.41567134857,3.415671348571777,0,249,249,-107,-107,1,1,0,0,0,0,0,0,0,0.749449074268,0.7494490742683411,0,-5,-5,-369,-369,29
00.png,00.png,12.png,04.png,32.png,31.png,24.png,27.png,07.png,09.png,dots1.png,10.png,13.png,16.png,00.png,00.png,"[-248, 225]","[-98, 225]","[52, 225]","[202, 225]","[-248, 75]","[-98, 75]","[52, 75]","[202, 75]","[-248, -75]","[-98, -75]","[52, -75]","[202, -75]","[-248, -225]","[-98, -225]","[52, -225]","[202, -225]","[100, 100]","[100, 100]","[100, 100]","[100, 100]","[100, 100]","[100, 100]","[100, 100]","[100, 100]","[100, 100]","[100, 100]","[100, 100]","[100, 100]","[100, 100]","[100, 100]","[100, 100]","[100, 100]",ok.png,"[0, -375]","[150, 100]",221,dots,12,2,m,1,1,1,1,0,0,0,0,0,0,0,1.81582248211,1.81582248210907,0,17,17,-102,-102,1,1,0,0,0,0,0,0,0,0.399402946234,0.3994029462337494,0,-7,-7,-319,-319,199
00.png,00.png,25.png,12.png,33.png,19.png,05.png,00.png,01.png,dots1.png,07.png,10.png,34.png,20.png,00.png,30.png,"[-236, 224]","[-86, 224]","[64, 224]","[214, 224]","[-236, 74]","[-86, 74]","[64, 74]","[214, 74]","[-236, -76]","[-86, -76]","[64, -76]","[214, -76]","[-236, -226]","[-86, -226]","[64, -226]","[214, -226]","[100, 100]","[100, 100]","[100, 100]","[100, 100]","[100, 100]","[100, 100]","[100, 100]","[100, 100]","[100, 100]","[100, 100]","[100, 100]","[100, 100]","[100, 100]","[100, 100]","[100, 100]","[100, 100]",ok.png,"[0, -375]","[150, 100]",222,dots,12,2,m,1,1,1,1,0,0,0,0,0,0,0,0.815604925156,0.8156049251556396,0,-78,-78,-121,-121,1,1,0,0,0,0,0,0,0,0.482928067446,0.482928067445755,0,-69,-69,-48,-48,163
11.png,13.png,17.png,18.png,00.png,14.png,00.png,09.png,dots1.png,02.png,04.png,30.png,26.png,24.png,00.png,00.png,"[-209, 226]","[-59, 226]","[91, 226]","[241, 226]","[-209, 76]","[-59, 76]","[91, 76]","[241, 76]","[-209, -74]","[-59, -74]","[91, -74]","[241, -74]","[-209, -224]","[-59, -224]","[91, -224]","[241, -224]","[100, 100]","[100, 100]","[100, 100]","[100, 100]","[100, 100]","[100, 100]","[100, 100]","[100, 100]","[100, 100]","[100, 100]","[100, 100]","[100, 100]","[100, 100]","[100, 100]","[100, 100]","[100, 100]",ok.png,"[0, -375]","[150, 100]",223,dots,12,2,m,1,1,1,1,0,0,0,0,0,0,0,0.965291798115,0.9652917981147766,0,-197,-197,-61,-61,1,1,0,0,0,0,0,0,0,1.23304760456,1.233047604560852,0,-31,-31,-347,-347,195
00.png,14.png,10.png,20.png,11.png,07.png,00.png,dots1.png,18.png,31.png,00.png,30.png,09.png,00.png,03.png,19.png,"[-218, 222]","[-68, 222]","[82, 222]","[232, 222]","[-218, 72]","[-68, 72]","[82, 72]","[232, 72]","[-218, -78]","[-68, -78]","[82, -78]","[232, -78]","[-218, -228]","[-68, -228]","[82, -228]","[232, -228]","[100, 100]","[100, 100]","[100, 100]","[100, 100]","[100, 100]","[100, 100]","[100, 100]","[100, 100]","[100, 100]","[100, 100]","[100, 100]","[100, 100]","[100, 100]","[100, 100]","[100, 100]","[100, 100]",ok.png,"[0, -375]","[150, 100]",224,dots,12,2,m,1,1,1,1,0,0,0,0,0,0,0,1.38235509396,1.382355093955994,0,226,226,69,69,1,1,0,0,0,0,0,0,0,0.516192436218,0.5161924362182617,0,28,28,-390,-390,316
31.png,03.png,13.png,00.png,23.png,21.png,dots1.png,00.png,33.png,00.png,14.png,00.png,19.png,32.png,29.png,26.png,"[-210, 219]","[-60, 219]","[90, 219]","[240, 219]","[-210, 69]","[-60, 69]","[90, 69]","[240, 69]","[-210, -81]","[-60, -81]","[90, -81]","[240, -81]","[-210, -231]","[-60, -231]","[90, -231]","[240, -231]","[100, 100]","[100, 100]","[100, 100]","[100, 100]","[100, 100]","[100, 100]","[100, 100]","[100, 100]","[100, 100]","[100, 100]","[100, 100]","[100, 100]","[100, 100]","[100, 100]","[100, 100]","[100, 100]",ok.png,"[0, -375]","[150, 100]",225,dots,12,2,m,1,1,1,1,0,0,0,0,0,0,0,1.09904360771,1.099043607711792,0,82,82,70,70,1,1,0,0,0,0,0,0,0,0.41605091095,0.416050910949707,0,-44,-44,-353,-353,323
00.png,00.png,00.png,00.png,11.png,10.png,09.png,08.png,07.png,06.png,05.png,04.png,03.png,02.png,01.png,dots2.png,"[-221, 231]","[-71, 231]","[79, 231]","[229, 231]","[-221, 81]","[-71, 81]","[79, 81]","[229, 81]","[-221, -69]","[-71, -69]","[79, -69]","[229, -69]","[-221, -219]","[-71, -219]","[79, -219]","[229, -219]","[100, 100]","[100, 100]","[100, 100]","[100, 100]","[100, 100]","[100, 100]","[100, 100]","[100, 100]","[100, 100]","[100, 100]","[100, 100]","[100, 100]","[100, 100]","[100, 100]","[100, 100]","[100, 100]",ok.png,"[0, -375]","[150, 100]",226,dots,12,2,m,1,1,1,1,0,0,0,0,0,0,0,1.81589102745,1.815891027450562,0,225,225,-205,-205,1,1,0,0,0,0,0,0,0,0.549489796162,0.5494897961616516,0,67,67,-361,-361,439
00.png,00.png,31.png,32.png,33.png,34.png,14.png,00.png,13.png,12.png,11.png,10.png,00.png,09.png,dots2.png,08.png,"[-233, 201]","[-83, 201]","[67, 201]","[217, 201]","[-233, 51]","[-83, 51]","[67, 51]","[217, 51]","[-233, -99]","[-83, -99]","[67, -99]","[217, -99]","[-233, -249]","[-83, -249]","[67, -249]","[217, -249]","[100, 100]","[100, 100]","[100, 100]","[100, 100]","[100, 100]","[100, 100]","[100, 100]","[100, 100]","[100, 100]","[100, 100]","[100, 100]","[100, 100]","[100, 100]","[100, 100]","[100, 100]","[100, 100]",ok.png,"[0, -375]","[150, 100]",227,dots,12,2,m,1,1,1,1,0,0,0,0,0,0,0,1.11564064026,1.115640640258789,0,33,33,-229,-229,1,1,0,0,0,0,0,0,0,0.499027639627,0.4990276396274567,0,-17,-17,-370,-370,134
00.png,00.png,25.png,24.png,23.png,22.png,21.png,20.png,19.png,18.png,17.png,16.png,15.png,dots2.png,00.png,00.png,"[-207, 227]","[-57, 227]","[93, 227]","[243, 227]","[-207, 77]","[-57, 77]","[93, 77]","[243, 77]","[-207, -73]","[-57, -73]","[93, -73]","[243, -73]","[-207, -223]","[-57, -223]","[93, -223]","[243, -223]","[100, 100]","[100, 100]","[100, 100]","[100, 100]","[100, 100]","[100, 100]","[100, 100]","[100, 100]","[100, 100]","[100, 100]","[100, 100]","[100, 100]","[100, 100]","[100, 100]","[100, 100]","[100, 100]",ok.png,"[0, -375]","[150, 100]",228,dots,12,2,m,1,1,1,1,0,0,0,0,0,0,0,1.21582341194,1.215823411941528,0,-68,-68,-242,-242,1,1,0,0,0,0,0,0,0,1.31597220898,1.315972208976746,0,22,22,-381,-381,293
33.png,32.png,30.png,29.png,00.png,00.png,31.png,27.png,26.png,28.png,00.png,00.png,dots2.png,24.png,23.png,22.png,"[-206, 241]","[-56, 241]","[94, 241]","[244, 241]","[-206, 91]","[-56, 91]","[94, 91]","[244, 91]","[-206, -59]","[-56, -59]","[94, -59]","[244, -59]","[-206, -209]","[-56, -209]","[94, -209]","[244, -209]","[100, 100]","[100, 100]","[100, 100]","[100, 100]","[100, 100]","[100, 100]","[100, 100]","[100, 100]","[100, 100]","[100, 100]","[100, 100]","[100, 100]","[100, 100]","[100, 100]","[100, 100]","[100, 100]",ok.png,"[0, -375]","[150, 100]",229,dots,12,2,m,1,1,1,1,0,0,0,0,0,0,0,2.6827442646,2.682744264602661,0,-236,-236,-221,-221,1,1,0,0,0,0,0,0,0,0.499143689871,0.4991436898708344,0,-41,-41,-365,-365,140
00.png,00.png,00.png,00.png,01.png,34.png,33.png,32.png,31.png,30.png,29.png,dots2.png,08.png,06.png,04.png,02.png,"[-249, 229]","[-99, 229]","[51, 229]","[201, 229]","[-249, 79]","[-99, 79]","[51, 79]","[201, 79]","[-249, -71]","[-99, -71]","[51, -71]","[201, -71]","[-249, -221]","[-99, -221]","[51, -221]","[201, -221]","[100, 100]","[100, 100]","[100, 100]","[100, 100]","[100, 100]","[100, 100]","[100, 100]","[100, 100]","[100, 100]","[100, 100]","[100, 100]","[100, 100]","[100, 100]","[100, 100]","[100, 100]","[100, 100]",ok.png,"[0, -375]","[150, 100]",230,dots,12,2,m,1,1,1,1,0,0,0,0,0,0,0,1.39861476421,1.398614764213562,0,213,213,-67,-67,1,1,0,0,0,0,0,0,0,0.566382646561,0.566382646560669,0,-21,-21,-356,-356,294
00.png,00.png,23.png,17.png,29.png,09.png,15.png,06.png,00.png,00.png,dots2.png,04.png,27.png,07.png,34.png,01.png,"[-207, 241]","[-57, 241]","[93, 241]","[243, 241]","[-207, 91]","[-57, 91]","[93, 91]","[243, 91]","[-207, -59]","[-57, -59]","[93, -59]","[243, -59]","[-207, -209]","[-57, -209]","[93, -209]","[243, -209]","[100, 100]","[100, 100]","[100, 100]","[100, 100]","[100, 100]","[100, 100]","[100, 100]","[100, 100]","[100, 100]","[100, 100]","[100, 100]","[100, 100]","[100, 100]","[100, 100]","[100, 100]","[100, 100]",ok.png,"[0, -375]","[150, 100]",231,dots,12,2,m,1,1,1,1,0,0,0,0,0,0,0,7.46562433243,7.465624332427979,0,111,111,-44,-44,1,1,0,0,0,0,0,0,0,0.882856369019,0.8828563690185547,0,5,5,-360,-360,54
17.png,09.png,22.png,06.png,00.png,00.png,14.png,18.png,25.png,dots2.png,03.png,07.png,05.png,02.png,00.png,00.png,"[-243, 235]","[-93, 235]","[57, 235]","[207, 235]","[-243, 85]","[-93, 85]","[57, 85]","[207, 85]","[-243, -65]","[-93, -65]","[57, -65]","[207, -65]","[-243, -215]","[-93, -215]","[57, -215]","[207, -215]","[100, 100]","[100, 100]","[100, 100]","[100, 100]","[100, 100]","[100, 100]","[100, 100]","[100, 100]","[100, 100]","[100, 100]","[100, 100]","[100, 100]","[100, 100]","[100, 100]","[100, 100]","[100, 100]",ok.png,"[0, -375]","[150, 100]",232,dots,12,2,m,1,1,1,1,0,0,0,0,0,0,0,0.782769799232,0.7827697992324829,0,-117,-117,-74,-74,1,1,0,0,0,0,0,0,0,0.68278414011,0.6827841401100159,0,-59,-59,-357,-357,141
00.png,33.png,00.png,00.png,31.png,25.png,17.png,30.png,dots2.png,27.png,15.png,20.png,07.png,33.png,05.png,00.png,"[-242, 229]","[-92, 229]","[58, 229]","[208, 229]","[-242, 79]","[-92, 79]","[58, 79]","[208, 79]","[-242, -71]","[-92, -71]","[58, -71]","[208, -71]","[-242, -221]","[-92, -221]","[58, -221]","[208, -221]","[100, 100]","[100, 100]","[100, 100]","[100, 100]","[100, 100]","[100, 100]","[100, 100]","[100, 100]","[100, 100]","[100, 100]","[100, 100]","[100, 100]","[100, 100]","[100, 100]","[100, 100]","[100, 100]",ok.png,"[0, -375]","[150, 100]",233,dots,12,2,m,1,1,1,1,0,0,0,0,0,0,0,0.949018716812,0.9490187168121338,0,-234,-234,-61,-61,1,1,0,0,0,0,0,0,0,0.81604462862,0.8160446286201477,0,5,5,-387,-387,260
33.png,31.png,25.png,21.png,27.png,23.png,29.png,dots2.png,00.png,00.png,00.png,00.png,16.png,13.png,10.png,07.png,"[-243, 208]","[-93, 208]","[57, 208]","[207, 208]","[-243, 58]","[-93, 58]","[57, 58]","[207, 58]","[-243, -92]","[-93, -92]","[57, -92]","[207, -92]","[-243, -242]","[-93, -242]","[57, -242]","[207, -242]","[100, 100]","[100, 100]","[100, 100]","[100, 100]","[100, 100]","[100, 100]","[100, 100]","[100, 100]","[100, 100]","[100, 100]","[100, 100]","[100, 100]","[100, 100]","[100, 100]","[100, 100]","[100, 100]",ok.png,"[0, -375]","[150, 100]",234,dots,12,2,m,1,1,1,1,0,0,0,0,0,0,0,1.49855291843,1.498552918434143,0,223,223,72,72,1,1,0,0,0,0,0,0,0,0.716192722321,0.7161927223205566,0,45,45,-364,-364,431
00.png,00.png,00.png,00.png,26.png,24.png,dots2.png,22.png,20.png,18.png,16.png,14.png,03.png,05.png,07.png,09.png,"[-246, 231]","[-96, 231]","[54, 231]","[204, 231]","[-246, 81]","[-96, 81]","[54, 81]","[204, 81]","[-246, -69]","[-96, -69]","[54, -69]","[204, -69]","[-246, -219]","[-96, -219]","[54, -219]","[204, -219]","[100, 100]","[100, 100]","[100, 100]","[100, 100]","[100, 100]","[100, 100]","[100, 100]","[100, 100]","[100, 100]","[100, 100]","[100, 100]","[100, 100]","[100, 100]","[100, 100]","[100, 100]","[100, 100]",ok.png,"[0, -375]","[150, 100]",235,dots,12,2,m,1,1,1,1,0,0,0,0,0,0,0,0.649205446243,0.6492054462432861,0,64,64,87,87,1,1,0,0,0,0,0,0,0,0.599389016628,0.5993890166282654,0,-27,-27,-372,-372,257
00.png,00.png,27.png,24.png,21.png,dots2.png,19.png,16.png,32.png,34.png,10.png,13.png,31.png,33.png,00.png,00.png,"[-222, 245]","[-72, 245]","[78, 245]","[228, 245]","[-222, 95]","[-72, 95]","[78, 95]","[228, 95]","[-222, -55]","[-72, -55]","[78, -55]","[228, -55]","[-222, -205]","[-72, -205]","[78, -205]","[228, -205]","[100, 100]","[100, 100]","[100, 100]","[100, 100]","[100, 100]","[100, 100]","[100, 100]","[100, 100]","[100, 100]","[100, 100]","[100, 100]","[100, 100]","[100, 100]","[100, 100]","[100, 100]","[100, 100]",ok.png,"[0, -375]","[150, 100]",236,dots,12,2,m,1,1,1,1,0,0,0,0,0,0,0,0.932565331459,0.9325653314590454,0,-81,-81,79,79,1,1,0,0,0,0,0,0,0,1.19946122169,1.199461221694946,0,-13,-13,-388,-388,265
34.png,27.png,00.png,00.png,dots2.png,11.png,16.png,21.png,17.png,04.png,00.png,00.png,25.png,20.png,15.png,10.png,"[-224, 216]","[-74, 216]","[76, 216]","[226, 216]","[-224, 66]","[-74, 66]","[76, 66]","[226, 66]","[-224, -84]","[-74, -84]","[76, -84]","[226, -84]","[-224, -234]","[-74, -234]","[76, -234]","[226, -234]","[100, 100]","[100, 100]","[100, 100]","[100, 100]","[100, 100]","[100, 100]","[100, 100]","[100, 100]","[100, 100]","[100, 100]","[100, 100]","[100, 100]","[100, 100]","[100, 100]","[100, 100]","[100, 100]",ok.png,"[0, -375]","[150, 100]",237,dots,12,2,m,1,1,1,1,0,0,0,0,0,0,0,0.982576906681,0.9825769066810608,0,-179,-179,67,67,1,1,0,0,0,0,0,0,0,1.01586008072,1.015860080718994,0,-1,-1,-354,-354,382
04.png,02.png,05.png,dots2.png,08.png,07.png,01.png,03.png,00.png,00.png,32.png,28.png,24.png,20.png,00.png,00.png,"[-233, 217]","[-83, 217]","[67, 217]","[217, 217]","[-233, 67]","[-83, 67]","[67, 67]","[217, 67]","[-233, -83]","[-83, -83]","[67, -83]","[217, -83]","[-233, -233]","[-83, -233]","[67, -233]","[217, -233]","[100, 100]","[100, 100]","[100, 100]","[100, 100]","[100, 100]","[100, 100]","[100, 100]","[100, 100]","[100, 100]","[100, 100]","[100, 100]","[100, 100]","[100, 100]","[100, 100]","[100, 100]","[100, 100]",ok.png,"[0, -375]","[150, 100]",238,dots,12,2,m,1,1,1,1,0,0,0,0,0,0,0,1.61541712284,1.615417122840881,0,235,235,237,237,1,1,0,0,0,0,0,0,0,0.832849085331,0.8328490853309631,0,49,49,-349,-349,303
01.png,12.png,dots2.png,23.png,00.png,00.png,28.png,13.png,08.png,33.png,03.png,00.png,16.png,06.png,00.png,29.png,"[-206, 222]","[-56, 222]","[94, 222]","[244, 222]","[-206, 72]","[-56, 72]","[94, 72]","[244, 72]","[-206, -78]","[-56, -78]","[94, -78]","[244, -78]","[-206, -228]","[-56, -228]","[94, -228]","[244, -228]","[100, 100]","[100, 100]","[100, 100]","[100, 100]","[100, 100]","[100, 100]","[100, 100]","[100, 100]","[100, 100]","[100, 100]","[100, 100]","[100, 100]","[100, 100]","[100, 100]","[100, 100]","[100, 100]",ok.png,"[0, -375]","[150, 100]",239,dots,12,2,m,1,1,1,1,0,0,0,0,0,0,0,1.832062006,1.832062005996704,0,116,116,207,207,1,1,0,0,0,0,0,0,0,0.832758307457,0.8327583074569702,0,14,14,-374,-374,341
00.png,dots2.png,03.png,07.png,13.png,17.png,23.png,27.png,33.png,04.png,06.png,14.png,16.png,00.png,00.png,00.png,"[-215, 232]","[-65, 232]","[85, 232]","[235, 232]","[-215, 82]","[-65, 82]","[85, 82]","[235, 82]","[-215, -68]","[-65, -68]","[85, -68]","[235, -68]","[-215, -218]","[-65, -218]","[85, -218]","[235, -218]","[100, 100]","[100, 100]","[100, 100]","[100, 100]","[100, 100]","[100, 100]","[100, 100]","[100, 100]","[100, 100]","[100, 100]","[100, 100]","[100, 100]","[100, 100]","[100, 100]","[100, 100]","[100, 100]",ok.png,"[0, -375]","[150, 100]",240,dots,12,2,m,1,1,1,1,0,0,0,0,0,0,0,1.44876229763,1.44876229763031,0,-53,-53,227,227,1,1,0,0,0,0,0,0,0,0.632876396179,0.6328763961791992,0,20,20,-344,-344,108
dots2.png,17.png,07.png,14.png,00.png,00.png,23.png,24.png,04.png,03.png,00.png,00.png,02.png,30.png,20.png,04.png,"[-206, 206]","[-56, 206]","[94, 206]","[244, 206]","[-206, 56]","[-56, 56]","[94, 56]","[244, 56]","[-206, -94]","[-56, -94]","[94, -94]","[244, -94]","[-206, -244]","[-56, -244]","[94, -244]","[244, -244]","[100, 100]","[100, 100]","[100, 100]","[100, 100]","[100, 100]","[100, 100]","[100, 100]","[100, 100]","[100, 100]","[100, 100]","[100, 100]","[100, 100]","[100, 100]","[100, 100]","[100, 100]","[100, 100]",ok.png,"[0, -375]","[150, 100]",241,dots,12,2,m,1,1,1,1,0,0,0,0,0,0,0,1.39887046814,1.398870468139648,0,-215,-215,219,219,1,1,0,0,0,0,0,0,0,0.549546957016,0.5495469570159912,0,-40,-40,-385,-385,441
18.png,dots2.png,04.png,00.png,00.png,16.png,22.png,12.png,11.png,32.png,02.png,00.png,00.png,29.png,19.png,03.png,"[-237, 247]","[-87, 247]","[63, 247]","[213, 247]","[-237, 97]","[-87, 97]","[63, 97]","[213, 97]","[-237, -53]","[-87, -53]","[63, -53]","[213, -53]","[-237, -203]","[-87, -203]","[63, -203]","[213, -203]","[100, 100]","[100, 100]","[100, 100]","[100, 100]","[100, 100]","[100, 100]","[100, 100]","[100, 100]","[100, 100]","[100, 100]","[100, 100]","[100, 100]","[100, 100]","[100, 100]","[100, 100]","[100, 100]",ok.png,"[0, -375]","[150, 100]",242,dots,12,2,m,1,1,1,1,0,0,0,0,0,0,0,2.51569485664,2.515694856643677,0,-25,-25,-394,-394,1,1,0,0,0,0,0,0,0,0.866162359715,0.8661623597145081,0,-97,-97,206,206,325
15.png,08.png,dots2.png,03.png,25.png,28.png,27.png,00.png,00.png,00.png,00.png,21.png,05.png,11.png,13.png,16.png,"[-203, 215]","[-53, 215]","[97, 215]","[247, 215]","[-203, 65]","[-53, 65]","[97, 65]","[247, 65]","[-203, -85]","[-53, -85]","[97, -85]","[247, -85]","[-203, -235]","[-53, -235]","[97, -235]","[247, -235]","[100, 100]","[100, 100]","[100, 100]","[100, 100]","[100, 100]","[100, 100]","[100, 100]","[100, 100]","[100, 100]","[100, 100]","[100, 100]","[100, 100]","[100, 100]","[100, 100]","[100, 100]","[100, 100]",ok.png,"[0, -375]","[150, 100]",243,dots,12,2,m,1,1,1,1,0,0,0,0,0,0,0,1.0823571682,1.082357168197632,0,118,118,214,214,1,1,0,0,0,0,0,0,0,0.549317717552,0.5493177175521851,0,-52,-52,-326,-326,369
00.png,07.png,14.png,dots2.png,23.png,00.png,09.png,29.png,28.png,16.png,00.png,00.png,17.png,15.png,21.png,06.png,"[-203, 213]","[-53, 213]","[97, 213]","[247, 213]","[-203, 63]","[-53, 63]","[97, 63]","[247, 63]","[-203, -87]","[-53, -87]","[97, -87]","[247, -87]","[-203, -237]","[-53, -237]","[97, -237]","[247, -237]","[100, 100]","[100, 100]","[100, 100]","[100, 100]","[100, 100]","[100, 100]","[100, 100]","[100, 100]","[100, 100]","[100, 100]","[100, 100]","[100, 100]","[100, 100]","[100, 100]","[100, 100]","[100, 100]",ok.png,"[0, -375]","[150, 100]",244,dots,12,2,m,1,1,1,1,0,0,0,0,0,0,0,2.36573505402,2.365735054016113,0,243,243,222,222,1,1,0,0,0,0,0,0,0,0.64940148592,0.6494014859199524,0,-27,-27,-356,-356,121
00.png,32.png,21.png,31.png,dots2.png,08.png,30.png,15.png,34.png,00.png,00.png,12.png,28.png,01.png,11.png,00.png,"[-220, 217]","[-70, 217]","[80, 217]","[230, 217]","[-220, 67]","[-70, 67]","[80, 67]","[230, 67]","[-220, -83]","[-70, -83]","[80, -83]","[230, -83]","[-220, -233]","[-70, -233]","[80, -233]","[230, -233]","[100, 100]","[100, 100]","[100, 100]","[100, 100]","[100, 100]","[100, 100]","[100, 100]","[100, 100]","[100, 100]","[100, 100]","[100, 100]","[100, 100]","[100, 100]","[100, 100]","[100, 100]","[100, 100]",ok.png,"[0, -375]","[150, 100]",245,dots,12,2,m,1,1,1,1,0,0,0,0,0,0,0,0.915705740452,0.9157057404518129,0,-200,-200,78,78,1,1,0,0,0,0,0,0,0,1.01607191563,1.016071915626526,0,43,43,-383,-383,173
00.png,00.png,16.png,13.png,10.png,dots2.png,09.png,07.png,27.png,24.png,31.png,32.png,04.png,12.png,00.png,00.png,"[-207, 240]","[-57, 240]","[93, 240]","[243, 240]","[-207, 90]","[-57, 90]","[93, 90]","[243, 90]","[-207, -60]","[-57, -60]","[93, -60]","[243, -60]","[-207, -210]","[-57, -210]","[93, -210]","[243, -210]","[100, 100]","[100, 100]","[100, 100]","[100, 100]","[100, 100]","[100, 100]","[100, 100]","[100, 100]","[100, 100]","[100, 100]","[100, 100]","[100, 100]","[100, 100]","[100, 100]","[100, 100]","[100, 100]",ok.png,"[0, -375]","[150, 100]",246,dots,12,2,m,1,1,1,1,0,0,0,0,0,0,0,1.36556994915,1.365569949150085,0,-45,-45,93,93,1,1,0,0,0,0,0,0,0,0.516170501709,0.5161705017089844,0,-16,-16,-355,-355,149
30.png,00.png,20.png,34.png,10.png,07.png,dots2.png,01.png,00.png,05.png,19.png,33.png,12.png,25.png,00.png,00.png,"[-206, 237]","[-56, 237]","[94, 237]","[244, 237]","[-206, 87]","[-56, 87]","[94, 87]","[244, 87]","[-206, -63]","[-56, -63]","[94, -63]","[244, -63]","[-206, -213]","[-56, -213]","[94, -213]","[244, -213]","[100, 100]","[100, 100]","[100, 100]","[100, 100]","[100, 100]","[100, 100]","[100, 100]","[100, 100]","[100, 100]","[100, 100]","[100, 100]","[100, 100]","[100, 100]","[100, 100]","[100, 100]","[100, 100]",ok.png,"[0, -375]","[150, 100]",247,dots,12,2,m,1,1,1,1,0,0,0,0,0,0,0,0.865729987621,0.8657299876213074,0,72,72,97,97,1,1,0,0,0,0,0,0,0,0.54937005043,0.5493700504302979,0,1,1,-332,-332,335
00.png,00.png,24.png,26.png,30.png,04.png,02.png,dots2.png,09.png,00.png,14.png,00.png,18.png,17.png,13.png,11.png,"[-233, 231]","[-83, 231]","[67, 231]","[217, 231]","[-233, 81]","[-83, 81]","[67, 81]","[217, 81]","[-233, -69]","[-83, -69]","[67, -69]","[217, -69]","[-233, -219]","[-83, -219]","[67, -219]","[217, -219]","[100, 100]","[100, 100]","[100, 100]","[100, 100]","[100, 100]","[100, 100]","[100, 100]","[100, 100]","[100, 100]","[100, 100]","[100, 100]","[100, 100]","[100, 100]","[100, 100]","[100, 100]","[100, 100]",ok.png,"[0, -375]","[150, 100]",248,dots,12,2,m,1,1,1,1,0,0,0,0,0,0,0,2.19925236702,2.199252367019653,0,228,228,99,99,1,1,0,0,0,0,0,0,0,0.515885233879,0.5158852338790894,0,8,8,-438,-438,359
19.png,03.png,00.png,09.png,30.png,00.png,31.png,18.png,dots2.png,00.png,07.png,11.png,20.png,10.png,14.png,00.png,"[-203, 219]","[-53, 219]","[97, 219]","[247, 219]","[-203, 69]","[-53, 69]","[97, 69]","[247, 69]","[-203, -81]","[-53, -81]","[97, -81]","[247, -81]","[-203, -231]","[-53, -231]","[97, -231]","[247, -231]","[100, 100]","[100, 100]","[100, 100]","[100, 100]","[100, 100]","[100, 100]","[100, 100]","[100, 100]","[100, 100]","[100, 100]","[100, 100]","[100, 100]","[100, 100]","[100, 100]","[100, 100]","[100, 100]",ok.png,"[0, -375]","[150, 100]",249,dots,12,2,m,1,1,1,1,0,0,0,0,0,0,0,1.66583585739,1.665835857391357,0,-185,-185,-60,-60,1,1,0,0,0,0,0,0,0,0.68282109499,0.6828210949897766,0,-52,-52,-401,-401,28
26.png,29.png,32.png,19.png,00.png,14.png,00.png,33.png,00.png,dots2.png,21.png,23.png,00.png,13.png,03.png,31.png,"[-220, 204]","[-70, 204]","[80, 204]","[230, 204]","[-220, 54]","[-70, 54]","[80, 54]","[230, 54]","[-220, -96]","[-70, -96]","[80, -96]","[230, -96]","[-220, -246]","[-70, -246]","[80, -246]","[230, -246]","[100, 100]","[100, 100]","[100, 100]","[100, 100]","[100, 100]","[100, 100]","[100, 100]","[100, 100]","[100, 100]","[100, 100]","[100, 100]","[100, 100]","[100, 100]","[100, 100]","[100, 100]","[100, 100]",ok.png,"[0, -375]","[150, 100]",250,dots,12,2,m,1,1,1,1,0,0,0,0,0,0,0,1.2322787046400001,1.23227870464325,0,-37,-37,-116,-116,1,1,0,0,0,0,0,0,0,0.849019169807,0.8490191698074341,0,-27,-27,-389,-389,112
tray1.png,01.png,02.png,03.png,04.png,05.png,06.png,07.png,08.png,09.png,10.png,dots1.png,00.png,00.png,00.png,00.png,"[-238, 232]","[-88, 232]","[62, 232]","[212, 232]","[-238, 82]","[-88, 82]","[62, 82]","[212, 82]","[-238, -68]","[-88, -68]","[62, -68]","[212, -68]","[-238, -218]","[-88, -218]","[62, -218]","[212, -218]","[100, 100]","[100, 100]","[100, 100]","[100, 100]","[100, 100]","[100, 100]","[100, 100]","[100, 100]","[100, 100]","[100, 100]","[100, 100]","[100, 100]","[100, 100]","[100, 100]","[100, 100]","[100, 100]",ok.png,"[0, -375]","[150, 100]",251,both,12,3,m,1,1,1,1,0,0,0,0,0,0,0,1.04918324947,1.049183249473572,0,172,172,-42,-42,1,1,0,0,0,0,0,0,0,0.782846570015,0.7828465700149536,0,-188,-188,209,209,440
08.png,tray1.png,09.png,00.png,10.png,11.png,12.png,13.png,00.png,14.png,dots1.png,33.png,32.png,31.png,00.png,00.png,"[-201, 238]","[-51, 238]","[99, 238]","[249, 238]","[-201, 88]","[-51, 88]","[99, 88]","[249, 88]","[-201, -62]","[-51, -62]","[99, -62]","[249, -62]","[-201, -212]","[-51, -212]","[99, -212]","[249, -212]","[100, 100]","[100, 100]","[100, 100]","[100, 100]","[100, 100]","[100, 100]","[100, 100]","[100, 100]","[100, 100]","[100, 100]","[100, 100]","[100, 100]","[100, 100]","[100, 100]","[100, 100]","[100, 100]",ok.png,"[0, -375]","[150, 100]",252,both,12,3,m,1,1,1,1,0,0,0,0,0,0,0,1.03202557564,1.032025575637817,0,-52,-52,245,245,1,1,0,0,0,0,0,0,0,0.882881999016,0.8828819990158081,0,117,117,-76,-76,24
00.png,00.png,tray1.png,15.png,16.png,17.png,18.png,19.png,20.png,dots1.png,22.png,23.png,24.png,25.png,00.png,00.png,"[-216, 248]","[-66, 248]","[84, 248]","[234, 248]","[-216, 98]","[-66, 98]","[84, 98]","[234, 98]","[-216, -52]","[-66, -52]","[84, -52]","[234, -52]","[-216, -202]","[-66, -202]","[84, -202]","[234, -202]","[100, 100]","[100, 100]","[100, 100]","[100, 100]","[100, 100]","[100, 100]","[100, 100]","[100, 100]","[100, 100]","[100, 100]","[100, 100]","[100, 100]","[100, 100]","[100, 100]","[100, 100]","[100, 100]",ok.png,"[0, -375]","[150, 100]",253,both,12,3,m,1,1,1,1,0,0,0,0,0,0,0,0.915460824966,0.9154608249664308,0,-60,-60,-42,-42,1,1,0,0,0,0,0,0,0,0.682682573795,0.6826825737953186,0,100,100,219,219,345
22.png,23.png,24.png,tray1.png,00.png,00.png,25.png,dots1.png,00.png,00.png,27.png,28.png,29.png,30.png,31.png,32.png,"[-235, 249]","[-85, 249]","[65, 249]","[215, 249]","[-235, 99]","[-85, 99]","[65, 99]","[215, 99]","[-235, -51]","[-85, -51]","[65, -51]","[215, -51]","[-235, -201]","[-85, -201]","[65, -201]","[215, -201]","[100, 100]","[100, 100]","[100, 100]","[100, 100]","[100, 100]","[100, 100]","[100, 100]","[100, 100]","[100, 100]","[100, 100]","[100, 100]","[100, 100]","[100, 100]","[100, 100]","[100, 100]","[100, 100]",ok.png,"[0, -375]","[150, 100]",254,both,12,3,m,1,1,1,1,0,0,0,0,0,0,0,2.53223133087,2.532231330871582,0,195,195,105,105,1,1,0,0,0,0,0,0,0,0.332813084126,0.3328130841255188,0,204,204,216,216,164
02.png,04.png,06.png,08.png,tray1.png,29.png,dots1.png,31.png,32.png,33.png,34.png,01.png,00.png,00.png,00.png,00.png,"[-202, 229]","[-52, 229]","[98, 229]","[248, 229]","[-202, 79]","[-52, 79]","[98, 79]","[248, 79]","[-202, -71]","[-52, -71]","[98, -71]","[248, -71]","[-202, -221]","[-52, -221]","[98, -221]","[248, -221]","[100, 100]","[100, 100]","[100, 100]","[100, 100]","[100, 100]","[100, 100]","[100, 100]","[100, 100]","[100, 100]","[100, 100]","[100, 100]","[100, 100]","[100, 100]","[100, 100]","[100, 100]","[100, 100]",ok.png,"[0, -375]","[150, 100]",255,both,12,3,m,1,1,1,1,0,0,0,0,0,0,0,1.14877665043,1.148776650428772,0,90,90,108,108,1,1,0,0,0,0,0,0,0,0.499545037746,0.4995450377464294,0,-202,-202,94,94,155
01.png,34.png,07.png,27.png,dots1.png,tray1.png,00.png,00.png,06.png,15.png,09.png,29.png,17.png,23.png,00.png,00.png,"[-248, 221]","[-98, 221]","[52, 221]","[202, 221]","[-248, 71]","[-98, 71]","[52, 71]","[202, 71]","[-248, -79]","[-98, -79]","[52, -79]","[202, -79]","[-248, -229]","[-98, -229]","[52, -229]","[202, -229]","[100, 100]","[100, 100]","[100, 100]","[100, 100]","[100, 100]","[100, 100]","[100, 100]","[100, 100]","[100, 100]","[100, 100]","[100, 100]","[100, 100]","[100, 100]","[100, 100]","[100, 100]","[100, 100]",ok.png,"[0, -375]","[150, 100]",256,both,12,3,m,1,1,1,1,0,0,0,0,0,0,0,0.715985655785,0.7159856557846069,0,-100,-100,72,72,1,1,0,0,0,0,0,0,0,0.532674849033,0.5326748490333557,0,7,7,-381,-381,228
00.png,00.png,02.png,dots1.png,07.png,03.png,tray1.png,25.png,18.png,14.png,00.png,00.png,06.png,22.png,09.png,17.png,"[-209, 239]","[-59, 239]","[91, 239]","[241, 239]","[-209, 89]","[-59, 89]","[91, 89]","[241, 89]","[-209, -61]","[-59, -61]","[91, -61]","[241, -61]","[-209, -211]","[-59, -211]","[91, -211]","[241, -211]","[100, 100]","[100, 100]","[100, 100]","[100, 100]","[100, 100]","[100, 100]","[100, 100]","[100, 100]","[100, 100]","[100, 100]","[100, 100]","[100, 100]","[100, 100]","[100, 100]","[100, 100]","[100, 100]",ok.png,"[0, -375]","[150, 100]",257,both,12,3,m,1,1,1,1,0,0,0,0,0,0,0,1.9658010006,1.965801000595093,0,91,91,94,94,1,1,0,0,0,0,0,0,0,0.316194981337,0.3161949813365936,0,187,187,203,203,52
00.png,05.png,dots1.png,07.png,20.png,15.png,27.png,tray1.png,30.png,17.png,25.png,31.png,00.png,00.png,33.png,00.png,"[-225, 214]","[-75, 214]","[75, 214]","[225, 214]","[-225, 64]","[-75, 64]","[75, 64]","[225, 64]","[-225, -86]","[-75, -86]","[75, -86]","[225, -86]","[-225, -236]","[-75, -236]","[75, -236]","[225, -236]","[100, 100]","[100, 100]","[100, 100]","[100, 100]","[100, 100]","[100, 100]","[100, 100]","[100, 100]","[100, 100]","[100, 100]","[100, 100]","[100, 100]","[100, 100]","[100, 100]","[100, 100]","[100, 100]",ok.png,"[0, -375]","[150, 100]",258,both,12,3,m,1,1,1,1,0,0,0,0,0,0,0,0.849083721638,0.8490837216377258,0,79,79,258,258,1,1,0,0,0,0,0,0,0,0.699488162994,0.6994881629943848,0,173,173,87,87,417
07.png,dots1.png,13.png,16.png,00.png,00.png,00.png,00.png,tray1.png,29.png,23.png,27.png,21.png,25.png,31.png,33.png,"[-248, 246]","[-98, 246]","[52, 246]","[202, 246]","[-248, 96]","[-98, 96]","[52, 96]","[202, 96]","[-248, -54]","[-98, -54]","[52, -54]","[202, -54]","[-248, -204]","[-98, -204]","[52, -204]","[202, -204]","[100, 100]","[100, 100]","[100, 100]","[100, 100]","[100, 100]","[100, 100]","[100, 100]","[100, 100]","[100, 100]","[100, 100]","[100, 100]","[100, 100]","[100, 100]","[100, 100]","[100, 100]","[100, 100]",ok.png,"[0, -375]","[150, 100]",259,both,12,3,m,1,1,1,1,0,0,0,0,0,0,0,0.881968080997,0.881968080997467,0,-89,-89,248,248,1,1,0,0,0,0,0,0,0,0.699679851532,0.6996798515319824,0,-241,-241,-39,-39,423
dots1.png,07.png,05.png,03.png,14.png,16.png,18.png,20.png,22.png,tray1.png,24.png,26.png,00.png,00.png,00.png,00.png,"[-243, 230]","[-93, 230]","[57, 230]","[207, 230]","[-243, 80]","[-93, 80]","[57, 80]","[207, 80]","[-243, -70]","[-93, -70]","[57, -70]","[207, -70]","[-243, -220]","[-93, -220]","[57, -220]","[207, -220]","[100, 100]","[100, 100]","[100, 100]","[100, 100]","[100, 100]","[100, 100]","[100, 100]","[100, 100]","[100, 100]","[100, 100]","[100, 100]","[100, 100]","[100, 100]","[100, 100]","[100, 100]","[100, 100]",ok.png,"[0, -375]","[150, 100]",260,both,12,3,m,1,1,1,1,0,0,0,0,0,0,0,0.898690581322,0.8986905813217163,0,-72,-72,-85,-85,1,1,0,0,0,0,0,0,0,1.09969747066,1.099697470664978,0,-201,-201,215,215,405
00.png,00.png,dots1.png,31.png,13.png,10.png,34.png,32.png,16.png,19.png,tray1.png,21.png,24.png,27.png,00.png,00.png,"[-220, 247]","[-70, 247]","[80, 247]","[230, 247]","[-220, 97]","[-70, 97]","[80, 97]","[230, 97]","[-220, -53]","[-70, -53]","[80, -53]","[230, -53]","[-220, -203]","[-70, -203]","[80, -203]","[230, -203]","[100, 100]","[100, 100]","[100, 100]","[100, 100]","[100, 100]","[100, 100]","[100, 100]","[100, 100]","[100, 100]","[100, 100]","[100, 100]","[100, 100]","[100, 100]","[100, 100]","[100, 100]","[100, 100]",ok.png,"[0, -375]","[150, 100]",261,both,12,3,m,1,1,1,1,0,0,0,0,0,0,0,0.982263743877,0.9822637438774108,0,84,84,-48,-48,1,1,0,0,0,0,0,0,0,0.732852637768,0.7328526377677917,0,-12,-12,-406,-406,191
10.png,15.png,20.png,dots1.png,00.png,00.png,04.png,17.png,21.png,16.png,11.png,tray1.png,00.png,00.png,27.png,34.png,"[-218, 235]","[-68, 235]","[82, 235]","[232, 235]","[-218, 85]","[-68, 85]","[82, 85]","[232, 85]","[-218, -65]","[-68, -65]","[82, -65]","[232, -65]","[-218, -215]","[-68, -215]","[82, -215]","[232, -215]","[100, 100]","[100, 100]","[100, 100]","[100, 100]","[100, 100]","[100, 100]","[100, 100]","[100, 100]","[100, 100]","[100, 100]","[100, 100]","[100, 100]","[100, 100]","[100, 100]","[100, 100]","[100, 100]",ok.png,"[0, -375]","[150, 100]",262,both,12,3,m,1,1,1,1,0,0,0,0,0,0,0,1.66606247425,1.666062474250793,0,231,231,241,241,1,1,0,0,0,0,0,0,0,0.49929729104,0.4992972910404205,0,250,250,-44,-44,85
00.png,00.png,20.png,24.png,dots1.png,32.png,00.png,00.png,03.png,01.png,07.png,08.png,tray1.png,05.png,02.png,04.png,"[-232, 202]","[-82, 202]","[68, 202]","[218, 202]","[-232, 52]","[-82, 52]","[68, 52]","[218, 52]","[-232, -98]","[-82, -98]","[68, -98]","[218, -98]","[-232, -248]","[-82, -248]","[68, -248]","[218, -248]","[100, 100]","[100, 100]","[100, 100]","[100, 100]","[100, 100]","[100, 100]","[100, 100]","[100, 100]","[100, 100]","[100, 100]","[100, 100]","[100, 100]","[100, 100]","[100, 100]","[100, 100]","[100, 100]",ok.png,"[0, -375]","[150, 100]",263,both,12,3,m,1,1,1,1,0,0,0,0,0,0,0,1.0988612175,1.098861217498779,0,-227,-227,57,57,1,1,0,0,0,0,0,0,0,0.649831831455,0.6498318314552307,0,-155,-155,-283,-283,236
29.png,00.png,06.png,16.png,00.png,dots1.png,33.png,08.png,13.png,28.png,00.png,00.png,23.png,tray1.png,12.png,01.png,"[-209, 218]","[-59, 218]","[91, 218]","[241, 218]","[-209, 68]","[-59, 68]","[91, 68]","[241, 68]","[-209, -82]","[-59, -82]","[91, -82]","[241, -82]","[-209, -232]","[-59, -232]","[91, -232]","[241, -232]","[100, 100]","[100, 100]","[100, 100]","[100, 100]","[100, 100]","[100, 100]","[100, 100]","[100, 100]","[100, 100]","[100, 100]","[100, 100]","[100, 100]","[100, 100]","[100, 100]","[100, 100]","[100, 100]",ok.png,"[0, -375]","[150, 100]",264,both,12,3,m,1,1,1,1,0,0,0,0,0,0,0,1.01590359211,1.01590359210968,0,-66,-66,76,76,1,1,0,0,0,0,0,0,0,0.582876443863,0.582876443862915,0,-58,-58,-211,-211,25
00.png,00.png,00.png,16.png,14.png,06.png,dots1.png,33.png,27.png,23.png,17.png,13.png,07.png,03.png,tray1.png,00.png,"[-209, 217]","[-59, 217]","[91, 217]","[241, 217]","[-209, 67]","[-59, 67]","[91, 67]","[241, 67]","[-209, -83]","[-59, -83]","[91, -83]","[241, -83]","[-209, -233]","[-59, -233]","[91, -233]","[241, -233]","[100, 100]","[100, 100]","[100, 100]","[100, 100]","[100, 100]","[100, 100]","[100, 100]","[100, 100]","[100, 100]","[100, 100]","[100, 100]","[100, 100]","[100, 100]","[100, 100]","[100, 100]","[100, 100]",ok.png,"[0, -375]","[150, 100]",265,both,12,3,m,1,1,1,1,0,0,0,0,0,0,0,0.815831899643,0.8158318996429443,0,118,118,54,54,1,1,0,0,0,0,0,0,0,0.582788527012,0.5827885270118713,0,103,103,-211,-211,445
04.png,20.png,30.png,02.png,00.png,00.png,03.png,dots1.png,24.png,23.png,00.png,00.png,14.png,07.png,17.png,tray1.png,"[-208, 219]","[-58, 219]","[92, 219]","[242, 219]","[-208, 69]","[-58, 69]","[92, 69]","[242, 69]","[-208, -81]","[-58, -81]","[92, -81]","[242, -81]","[-208, -231]","[-58, -231]","[92, -231]","[242, -231]","[100, 100]","[100, 100]","[100, 100]","[100, 100]","[100, 100]","[100, 100]","[100, 100]","[100, 100]","[100, 100]","[100, 100]","[100, 100]","[100, 100]","[100, 100]","[100, 100]","[100, 100]","[100, 100]",ok.png,"[0, -375]","[150, 100]",266,both,12,3,m,1,1,1,1,0,0,0,0,0,0,0,1.44916880131,1.449168801307678,0,241,241,93,93,1,1,0,0,0,0,0,0,0,0.416133403778,0.4161334037780762,0,258,258,-265,-265,409
03.png,19.png,29.png,00.png,00.png,02.png,32.png,11.png,dots1.png,22.png,16.png,00.png,00.png,04.png,tray1.png,18.png,"[-226, 235]","[-76, 235]","[74, 235]","[224, 235]","[-226, 85]","[-76, 85]","[74, 85]","[224, 85]","[-226, -65]","[-76, -65]","[74, -65]","[224, -65]","[-226, -215]","[-76, -215]","[74, -215]","[224, -215]","[100, 100]","[100, 100]","[100, 100]","[100, 100]","[100, 100]","[100, 100]","[100, 100]","[100, 100]","[100, 100]","[100, 100]","[100, 100]","[100, 100]","[100, 100]","[100, 100]","[100, 100]","[100, 100]",ok.png,"[0, -375]","[150, 100]",267,both,12,3,m,1,1,1,1,0,0,0,0,0,0,0,0.849053025246,0.8490530252456665,0,-205,-205,-66,-66,1,1,0,0,0,0,0,0,0,0.782967448235,0.7829674482345581,0,81,81,-169,-169,311
16.png,13.png,11.png,05.png,21.png,00.png,00.png,00.png,00.png,dots1.png,28.png,25.png,03.png,tray1.png,08.png,15.png,"[-237, 224]","[-87, 224]","[63, 224]","[213, 224]","[-237, 74]","[-87, 74]","[63, 74]","[213, 74]","[-237, -76]","[-87, -76]","[63, -76]","[213, -76]","[-237, -226]","[-87, -226]","[63, -226]","[213, -226]","[100, 100]","[100, 100]","[100, 100]","[100, 100]","[100, 100]","[100, 100]","[100, 100]","[100, 100]","[100, 100]","[100, 100]","[100, 100]","[100, 100]","[100, 100]","[100, 100]","[100, 100]","[100, 100]",ok.png,"[0, -375]","[150, 100]",268,both,12,3,m,1,1,1,1,0,0,0,0,0,0,0,1.13173651695,1.131736516952515,0,-98,-98,-80,-80,1,1,0,0,0,0,0,0,0,0.24944640696,0.2494464069604874,0,-82,-82,-218,-218,447
06.png,21.png,15.png,17.png,00.png,00.png,16.png,28.png,29.png,09.png,00.png,dots1.png,tray1.png,14.png,07.png,00.png,"[-213, 210]","[-63, 210]","[87, 210]","[237, 210]","[-213, 60]","[-63, 60]","[87, 60]","[237, 60]","[-213, -90]","[-63, -90]","[87, -90]","[237, -90]","[-213, -240]","[-63, -240]","[87, -240]","[237, -240]","[100, 100]","[100, 100]","[100, 100]","[100, 100]","[100, 100]","[100, 100]","[100, 100]","[100, 100]","[100, 100]","[100, 100]","[100, 100]","[100, 100]","[100, 100]","[100, 100]","[100, 100]","[100, 100]",ok.png,"[0, -375]","[150, 100]",269,both,12,3,m,1,1,1,1,0,0,0,0,0,0,0,3.24906730652,3.249067306518555,0,-208,-208,-227,-227,1,1,0,0,0,0,0,0,0,0.899380922318,0.8993809223175049,0,246,246,-101,-101,91
00.png,11.png,01.png,28.png,12.png,00.png,00.png,34.png,15.png,30.png,08.png,tray1.png,31.png,21.png,dots1.png,00.png,"[-248, 217]","[-98, 217]","[52, 217]","[202, 217]","[-248, 67]","[-98, 67]","[52, 67]","[202, 67]","[-248, -83]","[-98, -83]","[52, -83]","[202, -83]","[-248, -233]","[-98, -233]","[52, -233]","[202, -233]","[100, 100]","[100, 100]","[100, 100]","[100, 100]","[100, 100]","[100, 100]","[100, 100]","[100, 100]","[100, 100]","[100, 100]","[100, 100]","[100, 100]","[100, 100]","[100, 100]","[100, 100]","[100, 100]",ok.png,"[0, -375]","[150, 100]",270,both,12,3,m,1,1,1,1,0,0,0,0,0,0,0,1.01579487324,1.01579487323761,0,51,51,-236,-236,1,1,0,0,0,0,0,0,0,1.31582212448,1.315822124481201,0,198,198,-79,-79,33
00.png,00.png,12.png,dots1.png,32.png,31.png,24.png,27.png,07.png,09.png,tray1.png,10.png,13.png,16.png,00.png,00.png,"[-230, 240]","[-80, 240]","[70, 240]","[220, 240]","[-230, 90]","[-80, 90]","[70, 90]","[220, 90]","[-230, -60]","[-80, -60]","[70, -60]","[220, -60]","[-230, -210]","[-80, -210]","[70, -210]","[220, -210]","[100, 100]","[100, 100]","[100, 100]","[100, 100]","[100, 100]","[100, 100]","[100, 100]","[100, 100]","[100, 100]","[100, 100]","[100, 100]","[100, 100]","[100, 100]","[100, 100]","[100, 100]","[100, 100]",ok.png,"[0, -375]","[150, 100]",271,both,12,3,m,1,1,1,1,0,0,0,0,0,0,0,0.932668030262,0.9326680302619934,0,68,68,-77,-77,1,1,0,0,0,0,0,0,0,0.515768289566,0.51576828956604,0,-8,-8,-379,-379,304
00.png,00.png,25.png,12.png,dots1.png,19.png,05.png,00.png,01.png,tray1.png,07.png,10.png,34.png,20.png,00.png,30.png,"[-218, 229]","[-68, 229]","[82, 229]","[232, 229]","[-218, 79]","[-68, 79]","[82, 79]","[232, 79]","[-218, -71]","[-68, -71]","[82, -71]","[232, -71]","[-218, -221]","[-68, -221]","[82, -221]","[232, -221]","[100, 100]","[100, 100]","[100, 100]","[100, 100]","[100, 100]","[100, 100]","[100, 100]","[100, 100]","[100, 100]","[100, 100]","[100, 100]","[100, 100]","[100, 100]","[100, 100]","[100, 100]","[100, 100]",ok.png,"[0, -375]","[150, 100]",272,both,12,3,m,1,1,1,1,0,0,0,0,0,0,0,1.01571846008,1.015718460083008,0,-229,-229,66,66,1,1,0,0,0,0,0,0,0,0.332953035831,0.3329530358314514,0,-50,-50,-51,-51,299
11.png,13.png,17.png,18.png,00.png,dots1.png,00.png,09.png,tray1.png,02.png,04.png,30.png,26.png,24.png,00.png,00.png,"[-223, 236]","[-73, 236]","[77, 236]","[227, 236]","[-223, 86]","[-73, 86]","[77, 86]","[227, 86]","[-223, -64]","[-73, -64]","[77, -64]","[227, -64]","[-223, -214]","[-73, -214]","[77, -214]","[227, -214]","[100, 100]","[100, 100]","[100, 100]","[100, 100]","[100, 100]","[100, 100]","[100, 100]","[100, 100]","[100, 100]","[100, 100]","[100, 100]","[100, 100]","[100, 100]","[100, 100]","[100, 100]","[100, 100]",ok.png,"[0, -375]","[150, 100]",273,both,12,3,m,1,1,1,1,0,0,0,0,0,0,0,0.599044263363,0.5990442633628845,0,-87,-87,100,100,1,1,0,0,0,0,0,0,0,0.466508507729,0.4665085077285767,0,-208,-208,-79,-79,333
00.png,14.png,10.png,20.png,11.png,07.png,00.png,tray1.png,18.png,31.png,00.png,30.png,09.png,00.png,03.png,dots1.png,"[-213, 208]","[-63, 208]","[87, 208]","[237, 208]","[-213, 58]","[-63, 58]","[87, 58]","[237, 58]","[-213, -92]","[-63, -92]","[87, -92]","[237, -92]","[-213, -242]","[-63, -242]","[87, -242]","[237, -242]","[100, 100]","[100, 100]","[100, 100]","[100, 100]","[100, 100]","[100, 100]","[100, 100]","[100, 100]","[100, 100]","[100, 100]","[100, 100]","[100, 100]","[100, 100]","[100, 100]","[100, 100]","[100, 100]",ok.png,"[0, -375]","[150, 100]",274,both,12,3,m,1,1,1,1,0,0,0,0,0,0,0,1.03232741356,1.03232741355896,0,248,248,62,62,1,1,0,0,0,0,0,0,0,0.649375557899,0.6493755578994751,0,8,8,-348,-348,242
31.png,03.png,13.png,00.png,23.png,21.png,tray1.png,00.png,33.png,00.png,14.png,00.png,19.png,32.png,dots1.png,26.png,"[-239, 222]","[-89, 222]","[61, 222]","[211, 222]","[-239, 72]","[-89, 72]","[61, 72]","[211, 72]","[-239, -78]","[-89, -78]","[61, -78]","[211, -78]","[-239, -228]","[-89, -228]","[61, -228]","[211, -228]","[100, 100]","[100, 100]","[100, 100]","[100, 100]","[100, 100]","[100, 100]","[100, 100]","[100, 100]","[100, 100]","[100, 100]","[100, 100]","[100, 100]","[100, 100]","[100, 100]","[100, 100]","[100, 100]",ok.png,"[0, -375]","[150, 100]",275,both,12,3,m,1,1,1,1,0,0,0,0,0,0,0,1.13257157803,1.132571578025818,0,36,36,73,73,1,1,0,0,0,0,0,0,0,0.466077297926,0.4660772979259491,0,2,2,-338,-338,349
00.png,00.png,00.png,00.png,dots2.png,10.png,09.png,08.png,07.png,06.png,05.png,04.png,03.png,02.png,01.png,tray2.png,"[-244, 234]","[-94, 234]","[56, 234]","[206, 234]","[-244, 84]","[-94, 84]","[56, 84]","[206, 84]","[-244, -66]","[-94, -66]","[56, -66]","[206, -66]","[-244, -216]","[-94, -216]","[56, -216]","[206, -216]","[100, 100]","[100, 100]","[100, 100]","[100, 100]","[100, 100]","[100, 100]","[100, 100]","[100, 100]","[100, 100]","[100, 100]","[100, 100]","[100, 100]","[100, 100]","[100, 100]","[100, 100]","[100, 100]",ok.png,"[0, -375]","[150, 100]",276,both,12,3,m,1,1,1,1,0,0,0,0,0,0,0,0.965721011162,0.9657210111618042,0,192,192,-211,-211,1,1,0,0,0,0,0,0,0,0.666478097439,0.6664780974388123,0,-263,-263,109,109,47
00.png,00.png,31.png,32.png,33.png,dots2.png,14.png,00.png,13.png,12.png,11.png,10.png,00.png,09.png,tray2.png,08.png,"[-224, 246]","[-74, 246]","[76, 246]","[226, 246]","[-224, 96]","[-74, 96]","[76, 96]","[226, 96]","[-224, -54]","[-74, -54]","[76, -54]","[226, -54]","[-224, -204]","[-74, -204]","[76, -204]","[226, -204]","[100, 100]","[100, 100]","[100, 100]","[100, 100]","[100, 100]","[100, 100]","[100, 100]","[100, 100]","[100, 100]","[100, 100]","[100, 100]","[100, 100]","[100, 100]","[100, 100]","[100, 100]","[100, 100]",ok.png,"[0, -375]","[150, 100]",277,both,12,3,m,1,1,1,1,0,0,0,0,0,0,0,0.899129450321,0.8991294503211975,0,-106,-106,132,132,1,1,0,0,0,0,0,0,0,0.532339215279,0.5323392152786255,0,72,72,-145,-145,408
00.png,00.png,25.png,24.png,23.png,22.png,dots2.png,20.png,19.png,18.png,17.png,16.png,15.png,tray2.png,00.png,00.png,"[-238, 239]","[-88, 239]","[62, 239]","[212, 239]","[-238, 89]","[-88, 89]","[62, 89]","[212, 89]","[-238, -61]","[-88, -61]","[62, -61]","[212, -61]","[-238, -211]","[-88, -211]","[62, -211]","[212, -211]","[100, 100]","[100, 100]","[100, 100]","[100, 100]","[100, 100]","[100, 100]","[100, 100]","[100, 100]","[100, 100]","[100, 100]","[100, 100]","[100, 100]","[100, 100]","[100, 100]","[100, 100]","[100, 100]",ok.png,"[0, -375]","[150, 100]",278,both,12,3,m,1,1,1,1,0,0,0,0,0,0,0,1.16575407982,1.165754079818726,0,83,83,84,84,1,1,0,0,0,0,0,0,0,0.449607670307,0.4496076703071594,0,-63,-63,-247,-247,187
33.png,32.png,30.png,29.png,00.png,00.png,31.png,dots2.png,26.png,28.png,00.png,00.png,tray2.png,24.png,23.png,22.png,"[-218, 209]","[-68, 209]","[82, 209]","[232, 209]","[-218, 59]","[-68, 59]","[82, 59]","[232, 59]","[-218, -91]","[-68, -91]","[82, -91]","[232, -91]","[-218, -241]","[-68, -241]","[82, -241]","[232, -241]","[100, 100]","[100, 100]","[100, 100]","[100, 100]","[100, 100]","[100, 100]","[100, 100]","[100, 100]","[100, 100]","[100, 100]","[100, 100]","[100, 100]","[100, 100]","[100, 100]","[100, 100]","[100, 100]",ok.png,"[0, -375]","[150, 100]",279,both,12,3,m,1,1,1,1,0,0,0,0,0,0,0,1.79909741879,1.799097418785095,0,-194,-194,-217,-217,1,1,0,0,0,0,0,0,0,0.882818818092,0.8828188180923462,0,196,196,83,83,348
00.png,00.png,00.png,00.png,01.png,34.png,33.png,32.png,dots2.png,30.png,29.png,tray2.png,08.png,06.png,04.png,02.png,"[-234, 224]","[-84, 224]","[66, 224]","[216, 224]","[-234, 74]","[-84, 74]","[66, 74]","[216, 74]","[-234, -76]","[-84, -76]","[66, -76]","[216, -76]","[-234, -226]","[-84, -226]","[66, -226]","[216, -226]","[100, 100]","[100, 100]","[100, 100]","[100, 100]","[100, 100]","[100, 100]","[100, 100]","[100, 100]","[100, 100]","[100, 100]","[100, 100]","[100, 100]","[100, 100]","[100, 100]","[100, 100]","[100, 100]",ok.png,"[0, -375]","[150, 100]",280,both,12,3,m,1,1,1,1,0,0,0,0,0,0,0,0.982612192631,0.9826121926307678,0,200,200,-102,-102,1,1,0,0,0,0,0,0,0,0.449150294065,0.4491502940654755,0,-218,-218,-109,-109,381
00.png,00.png,23.png,17.png,29.png,09.png,15.png,06.png,00.png,00.png,tray2.png,04.png,27.png,dots2.png,34.png,01.png,"[-211, 205]","[-61, 205]","[89, 205]","[239, 205]","[-211, 55]","[-61, 55]","[89, 55]","[239, 55]","[-211, -95]","[-61, -95]","[89, -95]","[239, -95]","[-211, -245]","[-61, -245]","[89, -245]","[239, -245]","[100, 100]","[100, 100]","[100, 100]","[100, 100]","[100, 100]","[100, 100]","[100, 100]","[100, 100]","[100, 100]","[100, 100]","[100, 100]","[100, 100]","[100, 100]","[100, 100]","[100, 100]","[100, 100]",ok.png,"[0, -375]","[150, 100]",281,both,12,3,m,1,1,1,1,0,0,0,0,0,0,0,0.732257544994,0.7322575449943542,0,97,97,-81,-81,1,1,0,0,0,0,0,0,0,0.566023945808,0.5660239458084106,0,-97,-97,-220,-220,421
17.png,09.png,22.png,06.png,00.png,00.png,14.png,18.png,25.png,tray2.png,03.png,07.png,dots2.png,02.png,00.png,00.png,"[-232, 239]","[-82, 239]","[68, 239]","[218, 239]","[-232, 89]","[-82, 89]","[68, 89]","[218, 89]","[-232, -61]","[-82, -61]","[68, -61]","[218, -61]","[-232, -211]","[-82, -211]","[68, -211]","[218, -211]","[100, 100]","[100, 100]","[100, 100]","[100, 100]","[100, 100]","[100, 100]","[100, 100]","[100, 100]","[100, 100]","[100, 100]","[100, 100]","[100, 100]","[100, 100]","[100, 100]","[100, 100]","[100, 100]",ok.png,"[0, -375]","[150, 100]",282,both,12,3,m,1,1,1,1,0,0,0,0,0,0,0,1.06542813778,1.065428137779236,0,-76,-76,-67,-67,1,1,0,0,0,0,0,0,0,0.449427336454,0.4494273364543915,0,-194,-194,-198,-198,26
00.png,dots2.png,00.png,00.png,31.png,25.png,17.png,30.png,tray2.png,27.png,15.png,20.png,07.png,33.png,05.png,00.png,"[-218, 216]","[-68, 216]","[82, 216]","[232, 216]","[-218, 66]","[-68, 66]","[82, 66]","[232, 66]","[-218, -84]","[-68, -84]","[82, -84]","[232, -84]","[-218, -234]","[-68, -234]","[82, -234]","[232, -234]","[100, 100]","[100, 100]","[100, 100]","[100, 100]","[100, 100]","[100, 100]","[100, 100]","[100, 100]","[100, 100]","[100, 100]","[100, 100]","[100, 100]","[100, 100]","[100, 100]","[100, 100]","[100, 100]",ok.png,"[0, -375]","[150, 100]",283,both,12,3,m,1,1,1,1,0,0,0,0,0,0,0,1.18241417408,1.182414174079895,0,-223,-223,-80,-80,1,1,0,0,0,0,0,0,0,0.849425077438,0.8494250774383545,0,-46,-46,209,209,73
33.png,31.png,dots2.png,21.png,27.png,23.png,29.png,tray2.png,00.png,00.png,00.png,00.png,16.png,13.png,10.png,07.png,"[-236, 231]","[-86, 231]","[64, 231]","[214, 231]","[-236, 81]","[-86, 81]","[64, 81]","[214, 81]","[-236, -69]","[-86, -69]","[64, -69]","[214, -69]","[-236, -219]","[-86, -219]","[64, -219]","[214, -219]","[100, 100]","[100, 100]","[100, 100]","[100, 100]","[100, 100]","[100, 100]","[100, 100]","[100, 100]","[100, 100]","[100, 100]","[100, 100]","[100, 100]","[100, 100]","[100, 100]","[100, 100]","[100, 100]",ok.png,"[0, -375]","[150, 100]",284,both,12,3,m,1,1,1,1,0,0,0,0,0,0,0,1.03225624561,1.032256245613098,0,175,175,91,91,1,1,0,0,0,0,0,0,0,1.69951570034,1.699515700340271,0,20,20,-357,-357,79
00.png,00.png,00.png,00.png,26.png,24.png,tray2.png,22.png,20.png,18.png,16.png,14.png,03.png,dots2.png,07.png,09.png,"[-203, 220]","[-53, 220]","[97, 220]","[247, 220]","[-203, 70]","[-53, 70]","[97, 70]","[247, 70]","[-203, -80]","[-53, -80]","[97, -80]","[247, -80]","[-203, -230]","[-53, -230]","[97, -230]","[247, -230]","[100, 100]","[100, 100]","[100, 100]","[100, 100]","[100, 100]","[100, 100]","[100, 100]","[100, 100]","[100, 100]","[100, 100]","[100, 100]","[100, 100]","[100, 100]","[100, 100]","[100, 100]","[100, 100]",ok.png,"[0, -375]","[150, 100]",285,both,12,3,m,1,1,1,1,0,0,0,0,0,0,0,1.21587824821,1.215878248214722,0,114,114,59,59,1,1,0,0,0,0,0,0,0,0.916076958179,0.916076958179474,0,-42,-42,-223,-223,3
00.png,00.png,27.png,24.png,21.png,tray2.png,19.png,16.png,32.png,34.png,10.png,dots2.png,31.png,33.png,00.png,00.png,"[-200, 246]","[-50, 246]","[100, 246]","[250, 246]","[-200, 96]","[-50, 96]","[100, 96]","[250, 96]","[-200, -54]","[-50, -54]","[100, -54]","[250, -54]","[-200, -204]","[-50, -204]","[100, -204]","[250, -204]","[100, 100]","[100, 100]","[100, 100]","[100, 100]","[100, 100]","[100, 100]","[100, 100]","[100, 100]","[100, 100]","[100, 100]","[100, 100]","[100, 100]","[100, 100]","[100, 100]","[100, 100]","[100, 100]",ok.png,"[0, -375]","[150, 100]",286,both,12,3,m,1,1,1,1,0,0,0,0,0,0,0,0.932456672192,0.93245667219162,0,-48,-48,111,111,1,1,0,0,0,0,0,0,0,1.64942872524,1.649428725242615,0,257,257,-46,-46,186
34.png,27.png,00.png,00.png,tray2.png,11.png,16.png,21.png,17.png,04.png,00.png,00.png,dots2.png,20.png,15.png,10.png,"[-210, 223]","[-60, 223]","[90, 223]","[240, 223]","[-210, 73]","[-60, 73]","[90, 73]","[240, 73]","[-210, -77]","[-60, -77]","[90, -77]","[240, -77]","[-210, -227]","[-60, -227]","[90, -227]","[240, -227]","[100, 100]","[100, 100]","[100, 100]","[100, 100]","[100, 100]","[100, 100]","[100, 100]","[100, 100]","[100, 100]","[100, 100]","[100, 100]","[100, 100]","[100, 100]","[100, 100]","[100, 100]","[100, 100]",ok.png,"[0, -375]","[150, 100]",287,both,12,3,m,1,1,1,1,0,0,0,0,0,0,0,1.09918522835,1.099185228347778,0,-209,-209,61,61,1,1,0,0,0,0,0,0,0,0.816353857517,0.8163538575172424,0,-210,-210,-213,-213,39
04.png,02.png,05.png,tray2.png,08.png,07.png,01.png,03.png,00.png,00.png,32.png,28.png,24.png,dots2.png,00.png,00.png,"[-207, 213]","[-57, 213]","[93, 213]","[243, 213]","[-207, 63]","[-57, 63]","[93, 63]","[243, 63]","[-207, -87]","[-57, -87]","[93, -87]","[243, -87]","[-207, -237]","[-57, -237]","[93, -237]","[243, -237]","[100, 100]","[100, 100]","[100, 100]","[100, 100]","[100, 100]","[100, 100]","[100, 100]","[100, 100]","[100, 100]","[100, 100]","[100, 100]","[100, 100]","[100, 100]","[100, 100]","[100, 100]","[100, 100]",ok.png,"[0, -375]","[150, 100]",288,both,12,3,m,1,1,1,1,0,0,0,0,0,0,0,1.33176887035,1.331768870353699,0,-58,-58,-229,-229,1,1,0,0,0,0,0,0,0,0.466245681047,0.4662456810474396,0,226,226,222,222,368
01.png,12.png,tray2.png,23.png,00.png,00.png,28.png,13.png,08.png,dots2.png,03.png,00.png,16.png,06.png,00.png,29.png,"[-248, 217]","[-98, 217]","[52, 217]","[202, 217]","[-248, 67]","[-98, 67]","[52, 67]","[202, 67]","[-248, -83]","[-98, -83]","[52, -83]","[202, -83]","[-248, -233]","[-98, -233]","[52, -233]","[202, -233]","[100, 100]","[100, 100]","[100, 100]","[100, 100]","[100, 100]","[100, 100]","[100, 100]","[100, 100]","[100, 100]","[100, 100]","[100, 100]","[100, 100]","[100, 100]","[100, 100]","[100, 100]","[100, 100]",ok.png,"[0, -375]","[150, 100]",289,both,12,3,m,1,1,1,1,0,0,0,0,0,0,0,0.965515673161,0.965515673160553,0,45,45,230,230,1,1,0,0,0,0,0,0,0,0.449587196112,0.4495871961116791,0,-99,-99,-78,-78,229
00.png,tray2.png,03.png,07.png,13.png,17.png,23.png,27.png,dots2.png,04.png,06.png,14.png,16.png,00.png,00.png,00.png,"[-238, 231]","[-88, 231]","[62, 231]","[212, 231]","[-238, 81]","[-88, 81]","[62, 81]","[212, 81]","[-238, -69]","[-88, -69]","[62, -69]","[212, -69]","[-238, -219]","[-88, -219]","[62, -219]","[212, -219]","[100, 100]","[100, 100]","[100, 100]","[100, 100]","[100, 100]","[100, 100]","[100, 100]","[100, 100]","[100, 100]","[100, 100]","[100, 100]","[100, 100]","[100, 100]","[100, 100]","[100, 100]","[100, 100]",ok.png,"[0, -375]","[150, 100]",290,both,12,3,m,1,1,1,1,0,0,0,0,0,0,0,1.09909760952,1.099097609519958,0,-257,-257,-56,-56,1,1,0,0,0,0,0,0,0,0.48279979825,0.4827997982501984,0,-112,-112,199,199,282
tray2.png,17.png,07.png,14.png,00.png,00.png,23.png,dots2.png,04.png,03.png,00.png,00.png,02.png,30.png,20.png,04.png,"[-218, 215]","[-68, 215]","[82, 215]","[232, 215]","[-218, 65]","[-68, 65]","[82, 65]","[232, 65]","[-218, -85]","[-68, -85]","[82, -85]","[232, -85]","[-218, -235]","[-68, -235]","[82, -235]","[232, -235]","[100, 100]","[100, 100]","[100, 100]","[100, 100]","[100, 100]","[100, 100]","[100, 100]","[100, 100]","[100, 100]","[100, 100]","[100, 100]","[100, 100]","[100, 100]","[100, 100]","[100, 100]","[100, 100]",ok.png,"[0, -375]","[150, 100]",291,both,12,3,m,1,1,1,1,0,0,0,0,0,0,0,1.29913115501,1.299131155014038,0,-219,-219,229,229,1,1,0,0,0,0,0,0,0,0.582884132862,0.5828841328620911,0,37,37,-368,-368,301
18.png,tray2.png,04.png,00.png,00.png,16.png,dots2.png,12.png,11.png,32.png,02.png,00.png,00.png,29.png,19.png,03.png,"[-209, 208]","[-59, 208]","[91, 208]","[241, 208]","[-209, 58]","[-59, 58]","[91, 58]","[241, 58]","[-209, -92]","[-59, -92]","[91, -92]","[241, -92]","[-209, -242]","[-59, -242]","[91, -242]","[241, -242]","[100, 100]","[100, 100]","[100, 100]","[100, 100]","[100, 100]","[100, 100]","[100, 100]","[100, 100]","[100, 100]","[100, 100]","[100, 100]","[100, 100]","[100, 100]","[100, 100]","[100, 100]","[100, 100]",ok.png,"[0, -375]","[150, 100]",292,both,12,3,m,1,1,1,1,0,0,0,0,0,0,0,0.799090623856,0.7990906238555908,0,96,96,82,82,1,1,0,0,0,0,0,0,0,1.49962353706,1.499623537063599,0,-47,-47,188,188,225
15.png,08.png,tray2.png,03.png,25.png,dots2.png,27.png,00.png,00.png,00.png,00.png,21.png,05.png,11.png,13.png,16.png,"[-232, 240]","[-82, 240]","[68, 240]","[218, 240]","[-232, 90]","[-82, 90]","[68, 90]","[218, 90]","[-232, -60]","[-82, -60]","[68, -60]","[218, -60]","[-232, -210]","[-82, -210]","[68, -210]","[218, -210]","[100, 100]","[100, 100]","[100, 100]","[100, 100]","[100, 100]","[100, 100]","[100, 100]","[100, 100]","[100, 100]","[100, 100]","[100, 100]","[100, 100]","[100, 100]","[100, 100]","[100, 100]","[100, 100]",ok.png,"[0, -375]","[150, 100]",293,both,12,3,m,1,1,1,1,0,0,0,0,0,0,0,0.982438981533,0.9824389815330504,0,-112,-112,83,83,1,1,0,0,0,0,0,0,0,0.349678069353,0.3496780693531036,0,29,29,205,205,329
00.png,07.png,14.png,tray2.png,23.png,00.png,09.png,29.png,28.png,16.png,00.png,00.png,17.png,15.png,21.png,dots2.png,"[-243, 203]","[-93, 203]","[57, 203]","[207, 203]","[-243, 53]","[-93, 53]","[57, 53]","[207, 53]","[-243, -97]","[-93, -97]","[57, -97]","[207, -97]","[-243, -247]","[-93, -247]","[57, -247]","[207, -247]","[100, 100]","[100, 100]","[100, 100]","[100, 100]","[100, 100]","[100, 100]","[100, 100]","[100, 100]","[100, 100]","[100, 100]","[100, 100]","[100, 100]","[100, 100]","[100, 100]","[100, 100]","[100, 100]",ok.png,"[0, -375]","[150, 100]",294,both,12,3,m,1,1,1,1,0,0,0,0,0,0,0,0.915681302547,0.9156813025474548,0,210,210,211,211,1,1,0,0,0,0,0,0,0,0.832749783993,0.8327497839927673,0,-39,-39,-366,-366,177
00.png,32.png,21.png,31.png,tray2.png,08.png,30.png,15.png,34.png,00.png,00.png,12.png,28.png,01.png,dots2.png,00.png,"[-247, 243]","[-97, 243]","[53, 243]","[203, 243]","[-247, 93]","[-97, 93]","[53, 93]","[203, 93]","[-247, -57]","[-97, -57]","[53, -57]","[203, -57]","[-247, -207]","[-97, -207]","[53, -207]","[203, -207]","[100, 100]","[100, 100]","[100, 100]","[100, 100]","[100, 100]","[100, 100]","[100, 100]","[100, 100]","[100, 100]","[100, 100]","[100, 100]","[100, 100]","[100, 100]","[100, 100]","[100, 100]","[100, 100]",ok.png,"[0, -375]","[150, 100]",295,both,12,3,m,1,1,1,1,0,0,0,0,0,0,0,1.13256537914,1.132565379142761,0,-219,-219,101,101,1,1,0,0,0,0,0,0,0,0.515873551369,0.5158735513687134,0,32,32,-185,-185,404
00.png,00.png,16.png,13.png,10.png,tray2.png,09.png,07.png,27.png,24.png,31.png,32.png,04.png,dots2.png,00.png,00.png,"[-236, 249]","[-86, 249]","[64, 249]","[214, 249]","[-236, 99]","[-86, 99]","[64, 99]","[214, 99]","[-236, -51]","[-86, -51]","[64, -51]","[214, -51]","[-236, -201]","[-86, -201]","[64, -201]","[214, -201]","[100, 100]","[100, 100]","[100, 100]","[100, 100]","[100, 100]","[100, 100]","[100, 100]","[100, 100]","[100, 100]","[100, 100]","[100, 100]","[100, 100]","[100, 100]","[100, 100]","[100, 100]","[100, 100]",ok.png,"[0, -375]","[150, 100]",296,both,12,3,m,1,1,1,1,0,0,0,0,0,0,0,1.46607816219,1.466078162193298,0,-84,-84,-205,-205,1,1,0,0,0,0,0,0,0,0.415422856808,0.4154228568077087,0,-42,-42,86,86,183
30.png,00.png,20.png,34.png,10.png,07.png,tray2.png,01.png,00.png,05.png,19.png,33.png,dots2.png,25.png,00.png,00.png,"[-221, 250]","[-71, 250]","[79, 250]","[229, 250]","[-221, 100]","[-71, 100]","[79, 100]","[229, 100]","[-221, -50]","[-71, -50]","[79, -50]","[229, -50]","[-221, -200]","[-71, -200]","[79, -200]","[229, -200]","[100, 100]","[100, 100]","[100, 100]","[100, 100]","[100, 100]","[100, 100]","[100, 100]","[100, 100]","[100, 100]","[100, 100]","[100, 100]","[100, 100]","[100, 100]","[100, 100]","[100, 100]","[100, 100]",ok.png,"[0, -375]","[150, 100]",297,both,12,3,m,1,1,1,1,0,0,0,0,0,0,0,0.865555047989,0.8655550479888916,0,63,63,112,112,1,1,0,0,0,0,0,0,0,0.733040332794,0.7330403327941895,0,10,10,-368,-368,171
00.png,00.png,24.png,26.png,30.png,04.png,02.png,tray2.png,09.png,00.png,dots2.png,00.png,18.png,17.png,13.png,11.png,"[-221, 249]","[-71, 249]","[79, 249]","[229, 249]","[-221, 99]","[-71, 99]","[79, 99]","[229, 99]","[-221, -51]","[-71, -51]","[79, -51]","[229, -51]","[-221, -201]","[-71, -201]","[79, -201]","[229, -201]","[100, 100]","[100, 100]","[100, 100]","[100, 100]","[100, 100]","[100, 100]","[100, 100]","[100, 100]","[100, 100]","[100, 100]","[100, 100]","[100, 100]","[100, 100]","[100, 100]","[100, 100]","[100, 100]",ok.png,"[0, -375]","[150, 100]",298,both,12,3,m,1,1,1,1,0,0,0,0,0,0,0,0.865839242935,0.8658392429351807,0,244,244,76,76,1,1,0,0,0,0,0,0,0,0.666104912758,0.6661049127578735,0,101,101,-86,-86,309
19.png,dots2.png,00.png,09.png,30.png,00.png,31.png,18.png,tray2.png,00.png,07.png,11.png,20.png,10.png,14.png,00.png,"[-218, 250]","[-68, 250]","[82, 250]","[232, 250]","[-218, 100]","[-68, 100]","[82, 100]","[232, 100]","[-218, -50]","[-68, -50]","[82, -50]","[232, -50]","[-218, -200]","[-68, -200]","[82, -200]","[232, -200]","[100, 100]","[100, 100]","[100, 100]","[100, 100]","[100, 100]","[100, 100]","[100, 100]","[100, 100]","[100, 100]","[100, 100]","[100, 100]","[100, 100]","[100, 100]","[100, 100]","[100, 100]","[100, 100]",ok.png,"[0, -375]","[150, 100]",299,both,12,3,m,1,1,1,1,0,0,0,0,0,0,0,0.815753400326,0.8157534003257751,0,-205,-205,-24,-24,1,1,0,0,0,0,0,0,0,0.482804059982,0.4828040599822998,0,-55,-55,238,238,402
26.png,29.png,32.png,dots2.png,00.png,14.png,00.png,33.png,00.png,tray2.png,21.png,23.png,00.png,13.png,03.png,31.png,"[-204, 246]","[-54, 246]","[96, 246]","[246, 246]","[-204, 96]","[-54, 96]","[96, 96]","[246, 96]","[-204, -54]","[-54, -54]","[96, -54]","[246, -54]","[-204, -204]","[-54, -204]","[96, -204]","[246, -204]","[100, 100]","[100, 100]","[100, 100]","[100, 100]","[100, 100]","[100, 100]","[100, 100]","[100, 100]","[100, 100]","[100, 100]","[100, 100]","[100, 100]","[100, 100]","[100, 100]","[100, 100]","[100, 100]",ok.png,"[0, -375]","[150, 100]",300,both,12,3,m,1,1,1,1,0,0,0,0,0,0,0,0.965812623501,0.965812623500824,0,252,252,249,249,1,1,0,0,0,0,0,0,0,0.599285185337,0.5992851853370667,0,-47,-47,-59,-59,250
tray1.png,01.png,02.png,03.png,04.png,05.png,06.png,07.png,08.png,09.png,10.png,11.png,12.png,13.png,14.png,15.png,"[-217, 211]","[-67, 211]","[83, 211]","[233, 211]","[-217, 61]","[-67, 61]","[83, 61]","[233, 61]","[-217, -89]","[-67, -89]","[83, -89]","[233, -89]","[-217, -239]","[-67, -239]","[83, -239]","[233, -239]","[100, 100]","[100, 100]","[100, 100]","[100, 100]","[100, 100]","[100, 100]","[100, 100]","[100, 100]","[100, 100]","[100, 100]","[100, 100]","[100, 100]","[100, 100]","[100, 100]","[100, 100]","[100, 100]",ok.png,"[0, -375]","[150, 100]",301,tray,16,1,m,1,1,1,1,0,0,0,0,0,0,0,2.349183321,2.349183320999146,0,-216,-216,186,186,1,1,0,0,0,0,0,0,0,2.03266406059,2.032664060592651,0,-21,-21,-361,-361,55
08.png,tray1.png,09.png,01.png,10.png,11.png,12.png,13.png,15.png,14.png,34.png,33.png,32.png,31.png,22.png,23.png,"[-231, 217]","[-81, 217]","[69, 217]","[219, 217]","[-231, 67]","[-81, 67]","[69, 67]","[219, 67]","[-231, -83]","[-81, -83]","[69, -83]","[219, -83]","[-231, -233]","[-81, -233]","[69, -233]","[219, -233]","[100, 100]","[100, 100]","[100, 100]","[100, 100]","[100, 100]","[100, 100]","[100, 100]","[100, 100]","[100, 100]","[100, 100]","[100, 100]","[100, 100]","[100, 100]","[100, 100]","[100, 100]","[100, 100]",ok.png,"[0, -375]","[150, 100]",302,tray,16,1,m,1,1,1,1,0,0,0,0,0,0,0,2.3990957737,2.399095773696899,0,-40,-40,188,188,1,1,0,0,0,0,0,0,0,0.665948152542,0.6659481525421143,0,72,72,-397,-397,365
05.png,06.png,tray1.png,15.png,16.png,17.png,18.png,19.png,20.png,21.png,22.png,23.png,24.png,25.png,30.png,27.png,"[-222, 212]","[-72, 212]","[78, 212]","[228, 212]","[-222, 62]","[-72, 62]","[78, 62]","[228, 62]","[-222, -88]","[-72, -88]","[78, -88]","[228, -88]","[-222, -238]","[-72, -238]","[78, -238]","[228, -238]","[100, 100]","[100, 100]","[100, 100]","[100, 100]","[100, 100]","[100, 100]","[100, 100]","[100, 100]","[100, 100]","[100, 100]","[100, 100]","[100, 100]","[100, 100]","[100, 100]","[100, 100]","[100, 100]",ok.png,"[0, -375]","[150, 100]",303,tray,16,1,m,1,1,1,1,0,0,0,0,0,0,0,1.38257038593,1.382570385932922,0,95,95,211,211,1,1,0,0,0,0,0,0,0,1.73291349411,1.732913494110107,0,-22,-22,-384,-384,122
22.png,23.png,24.png,tray1.png,03.png,12.png,25.png,26.png,02.png,08.png,27.png,28.png,29.png,30.png,31.png,32.png,"[-239, 215]","[-89, 215]","[61, 215]","[211, 215]","[-239, 65]","[-89, 65]","[61, 65]","[211, 65]","[-239, -85]","[-89, -85]","[61, -85]","[211, -85]","[-239, -235]","[-89, -235]","[61, -235]","[211, -235]","[100, 100]","[100, 100]","[100, 100]","[100, 100]","[100, 100]","[100, 100]","[100, 100]","[100, 100]","[100, 100]","[100, 100]","[100, 100]","[100, 100]","[100, 100]","[100, 100]","[100, 100]","[100, 100]",ok.png,"[0, -375]","[150, 100]",304,tray,16,1,m,1,1,1,1,0,0,0,0,0,0,0,1.68208777905,1.682087779045105,0,188,188,199,199,1,1,0,0,0,0,0,0,0,1.58303654194,1.583036541938782,0,6,6,-402,-402,100
02.png,04.png,06.png,08.png,tray1.png,29.png,30.png,31.png,32.png,33.png,34.png,01.png,22.png,24.png,26.png,28.png,"[-215, 201]","[-65, 201]","[85, 201]","[235, 201]","[-215, 51]","[-65, 51]","[85, 51]","[235, 51]","[-215, -99]","[-65, -99]","[85, -99]","[235, -99]","[-215, -249]","[-65, -249]","[85, -249]","[235, -249]","[100, 100]","[100, 100]","[100, 100]","[100, 100]","[100, 100]","[100, 100]","[100, 100]","[100, 100]","[100, 100]","[100, 100]","[100, 100]","[100, 100]","[100, 100]","[100, 100]","[100, 100]","[100, 100]",ok.png,"[0, -375]","[150, 100]",305,tray,16,1,m,1,1,1,1,0,0,0,0,0,0,0,1.01569569111,1.015695691108704,0,-189,-189,53,53,1,1,0,0,0,0,0,0,0,1.34920442104,1.349204421043396,0,-2,-2,-367,-367,105
01.png,34.png,07.png,27.png,04.png,tray1.png,11.png,26.png,06.png,15.png,09.png,29.png,17.png,23.png,30.png,32.png,"[-228, 216]","[-78, 216]","[72, 216]","[222, 216]","[-228, 66]","[-78, 66]","[72, 66]","[222, 66]","[-228, -84]","[-78, -84]","[72, -84]","[222, -84]","[-228, -234]","[-78, -234]","[72, -234]","[222, -234]","[100, 100]","[100, 100]","[100, 100]","[100, 100]","[100, 100]","[100, 100]","[100, 100]","[100, 100]","[100, 100]","[100, 100]","[100, 100]","[100, 100]","[100, 100]","[100, 100]","[100, 100]","[100, 100]",ok.png,"[0, -375]","[150, 100]",306,tray,16,1,m,1,1,1,1,0,0,0,0,0,0,0,1.04895973206,1.048959732055664,0,-76,-76,77,77,1,1,0,0,0,0,0,0,0,0.849454343319,0.8494543433189392,0,-43,-43,-395,-395,123
12.png,24.png,02.png,05.png,07.png,03.png,tray1.png,25.png,18.png,14.png,13.png,27.png,06.png,22.png,09.png,17.png,"[-218, 241]","[-68, 241]","[82, 241]","[232, 241]","[-218, 91]","[-68, 91]","[82, 91]","[232, 91]","[-218, -59]","[-68, -59]","[82, -59]","[232, -59]","[-218, -209]","[-68, -209]","[82, -209]","[232, -209]","[100, 100]","[100, 100]","[100, 100]","[100, 100]","[100, 100]","[100, 100]","[100, 100]","[100, 100]","[100, 100]","[100, 100]","[100, 100]","[100, 100]","[100, 100]","[100, 100]","[100, 100]","[100, 100]",ok.png,"[0, -375]","[150, 100]",307,tray,16,1,m,1,1,1,1,0,0,0,0,0,0,0,1.58239853382,1.582398533821106,0,77,77,92,92,1,1,0,0,0,0,0,0,0,0.482908725739,0.4829087257385254,0,-34,-34,-337,-337,237
13.png,05.png,33.png,07.png,20.png,15.png,27.png,tray1.png,30.png,17.png,25.png,31.png,09.png,01.png,33.png,22.png,"[-223, 205]","[-73, 205]","[77, 205]","[227, 205]","[-223, 55]","[-73, 55]","[77, 55]","[227, 55]","[-223, -95]","[-73, -95]","[77, -95]","[227, -95]","[-223, -245]","[-73, -245]","[77, -245]","[227, -245]","[100, 100]","[100, 100]","[100, 100]","[100, 100]","[100, 100]","[100, 100]","[100, 100]","[100, 100]","[100, 100]","[100, 100]","[100, 100]","[100, 100]","[100, 100]","[100, 100]","[100, 100]","[100, 100]",ok.png,"[0, -375]","[150, 100]",308,tray,16,1,m,1,1,1,1,0,0,0,0,0,0,0,1.43246817589,1.432468175888062,0,259,259,53,53,1,1,0,0,0,0,0,0,0,0.498979568481,0.4989795684814453,0,34,34,-412,-412,318
07.png,10.png,13.png,16.png,02.png,08.png,04.png,06.png,tray1.png,29.png,23.png,27.png,21.png,25.png,31.png,33.png,"[-218, 240]","[-68, 240]","[82, 240]","[232, 240]","[-218, 90]","[-68, 90]","[82, 90]","[232, 90]","[-218, -60]","[-68, -60]","[82, -60]","[232, -60]","[-218, -210]","[-68, -210]","[82, -210]","[232, -210]","[100, 100]","[100, 100]","[100, 100]","[100, 100]","[100, 100]","[100, 100]","[100, 100]","[100, 100]","[100, 100]","[100, 100]","[100, 100]","[100, 100]","[100, 100]","[100, 100]","[100, 100]","[100, 100]",ok.png,"[0, -375]","[150, 100]",309,tray,16,1,m,1,1,1,1,0,0,0,0,0,0,0,1.91544806957,1.915448069572449,0,-215,-215,-45,-45,1,1,0,0,0,0,0,0,0,0.966128349304,0.9661283493041992,0,-22,-22,-368,-368,280
09.png,07.png,05.png,03.png,14.png,16.png,18.png,20.png,22.png,tray1.png,24.png,26.png,21.png,27.png,32.png,30.png,"[-246, 232]","[-96, 232]","[54, 232]","[204, 232]","[-246, 82]","[-96, 82]","[54, 82]","[204, 82]","[-246, -68]","[-96, -68]","[54, -68]","[204, -68]","[-246, -218]","[-96, -218]","[54, -218]","[204, -218]","[100, 100]","[100, 100]","[100, 100]","[100, 100]","[100, 100]","[100, 100]","[100, 100]","[100, 100]","[100, 100]","[100, 100]","[100, 100]","[100, 100]","[100, 100]","[100, 100]","[100, 100]","[100, 100]",ok.png,"[0, -375]","[150, 100]",310,tray,16,1,m,1,1,1,1,0,0,0,0,0,0,0,2.19896459579,2.198964595794678,0,-84,-84,-80,-80,1,1,0,0,0,0,0,0,0,0.599536061287,0.5995360612869263,0,-28,-28,-352,-352,384
05.png,14.png,33.png,31.png,13.png,10.png,34.png,32.png,16.png,19.png,tray1.png,21.png,24.png,27.png,18.png,01.png,"[-223, 232]","[-73, 232]","[77, 232]","[227, 232]","[-223, 82]","[-73, 82]","[77, 82]","[227, 82]","[-223, -68]","[-73, -68]","[77, -68]","[227, -68]","[-223, -218]","[-73, -218]","[77, -218]","[227, -218]","[100, 100]","[100, 100]","[100, 100]","[100, 100]","[100, 100]","[100, 100]","[100, 100]","[100, 100]","[100, 100]","[100, 100]","[100, 100]","[100, 100]","[100, 100]","[100, 100]","[100, 100]","[100, 100]",ok.png,"[0, -375]","[150, 100]",311,tray,16,1,m,1,1,1,1,0,0,0,0,0,0,0,0.832158446312,0.8321584463119507,0,72,72,-45,-45,1,1,0,0,0,0,0,0,0,0.482819139957,0.482819139957428,0,46,46,-424,-424,438
10.png,15.png,20.png,25.png,09.png,24.png,04.png,17.png,21.png,16.png,11.png,tray1.png,18.png,08.png,27.png,34.png,"[-212, 205]","[-62, 205]","[88, 205]","[238, 205]","[-212, 55]","[-62, 55]","[88, 55]","[238, 55]","[-212, -95]","[-62, -95]","[88, -95]","[238, -95]","[-212, -245]","[-62, -245]","[88, -245]","[238, -245]","[100, 100]","[100, 100]","[100, 100]","[100, 100]","[100, 100]","[100, 100]","[100, 100]","[100, 100]","[100, 100]","[100, 100]","[100, 100]","[100, 100]","[100, 100]","[100, 100]","[100, 100]","[100, 100]",ok.png,"[0, -375]","[150, 100]",312,tray,16,1,m,1,1,1,1,0,0,0,0,0,0,0,1.76588857174,1.765888571739197,0,267,267,-78,-78,1,1,0,0,0,0,0,0,0,1.14944791794,1.149447917938232,0,27,27,-348,-348,269
16.png,10.png,20.png,24.png,28.png,32.png,29.png,26.png,03.png,01.png,07.png,08.png,tray1.png,05.png,02.png,04.png,"[-225, 240]","[-75, 240]","[75, 240]","[225, 240]","[-225, 90]","[-75, 90]","[75, 90]","[225, 90]","[-225, -60]","[-75, -60]","[75, -60]","[225, -60]","[-225, -210]","[-75, -210]","[75, -210]","[225, -210]","[100, 100]","[100, 100]","[100, 100]","[100, 100]","[100, 100]","[100, 100]","[100, 100]","[100, 100]","[100, 100]","[100, 100]","[100, 100]","[100, 100]","[100, 100]","[100, 100]","[100, 100]","[100, 100]",ok.png,"[0, -375]","[150, 100]",313,tray,16,1,m,1,1,1,1,0,0,0,0,0,0,0,2.71551203728,2.715512037277222,0,-217,-217,-192,-192,1,1,0,0,0,0,0,0,0,0.649636983871,0.64963698387146,0,9,9,-367,-367,176
29.png,17.png,06.png,16.png,15.png,03.png,33.png,08.png,13.png,28.png,02.png,10.png,23.png,tray1.png,12.png,01.png,"[-221, 213]","[-71, 213]","[79, 213]","[229, 213]","[-221, 63]","[-71, 63]","[79, 63]","[229, 63]","[-221, -87]","[-71, -87]","[79, -87]","[229, -87]","[-221, -237]","[-71, -237]","[79, -237]","[229, -237]","[100, 100]","[100, 100]","[100, 100]","[100, 100]","[100, 100]","[100, 100]","[100, 100]","[100, 100]","[100, 100]","[100, 100]","[100, 100]","[100, 100]","[100, 100]","[100, 100]","[100, 100]","[100, 100]",ok.png,"[0, -375]","[150, 100]",314,tray,16,1,m,1,1,1,1,0,0,0,0,0,0,0,2.06552386284,2.065523862838745,0,-68,-68,-213,-213,1,1,0,0,0,0,0,0,0,0.382876724005,0.3828767240047455,0,-25,-25,-329,-329,227
32.png,30.png,08.png,16.png,14.png,06.png,04.png,33.png,27.png,23.png,17.png,13.png,07.png,03.png,tray1.png,24.png,"[-227, 225]","[-77, 225]","[73, 225]","[223, 225]","[-227, 75]","[-77, 75]","[73, 75]","[223, 75]","[-227, -75]","[-77, -75]","[73, -75]","[223, -75]","[-227, -225]","[-77, -225]","[73, -225]","[223, -225]","[100, 100]","[100, 100]","[100, 100]","[100, 100]","[100, 100]","[100, 100]","[100, 100]","[100, 100]","[100, 100]","[100, 100]","[100, 100]","[100, 100]","[100, 100]","[100, 100]","[100, 100]","[100, 100]",ok.png,"[0, -375]","[150, 100]",315,tray,16,1,m,1,1,1,1,0,0,0,0,0,0,0,2.33233976364,2.332339763641357,0,40,40,-213,-213,1,1,0,0,0,0,0,0,0,0.599516451359,0.5995164513587952,0,11,11,-350,-350,424
04.png,20.png,30.png,02.png,12.png,16.png,03.png,04.png,24.png,23.png,33.png,27.png,14.png,07.png,17.png,tray1.png,"[-230, 248]","[-80, 248]","[70, 248]","[220, 248]","[-230, 98]","[-80, 98]","[70, 98]","[220, 98]","[-230, -52]","[-80, -52]","[70, -52]","[220, -52]","[-230, -202]","[-80, -202]","[70, -202]","[220, -202]","[100, 100]","[100, 100]","[100, 100]","[100, 100]","[100, 100]","[100, 100]","[100, 100]","[100, 100]","[100, 100]","[100, 100]","[100, 100]","[100, 100]","[100, 100]","[100, 100]","[100, 100]","[100, 100]",ok.png,"[0, -375]","[150, 100]",316,tray,16,1,m,1,1,1,1,0,0,0,0,0,0,0,2.33202624321,2.332026243209839,0,188,188,-177,-177,1,1,0,0,0,0,0,0,0,0.932960689068,0.9329606890678406,0,1,1,-370,-370,119
03.png,19.png,29.png,09.png,25.png,02.png,32.png,11.png,12.png,22.png,16.png,31.png,13.png,04.png,tray1.png,18.png,"[-250, 245]","[-100, 245]","[50, 245]","[200, 245]","[-250, 95]","[-100, 95]","[50, 95]","[200, 95]","[-250, -55]","[-100, -55]","[50, -55]","[200, -55]","[-250, -205]","[-100, -205]","[50, -205]","[200, -205]","[100, 100]","[100, 100]","[100, 100]","[100, 100]","[100, 100]","[100, 100]","[100, 100]","[100, 100]","[100, 100]","[100, 100]","[100, 100]","[100, 100]","[100, 100]","[100, 100]","[100, 100]","[100, 100]",ok.png,"[0, -375]","[150, 100]",317,tray,16,1,m,1,1,1,1,0,0,0,0,0,0,0,1.71531236172,1.715312361717224,0,46,46,-192,-192,1,1,0,0,0,0,0,0,0,0.699695527554,0.6996955275535583,0,25,25,-379,-379,437
16.png,13.png,11.png,05.png,21.png,30.png,07.png,23.png,01.png,27.png,28.png,25.png,03.png,tray1.png,08.png,15.png,"[-246, 214]","[-96, 214]","[54, 214]","[204, 214]","[-246, 64]","[-96, 64]","[54, 64]","[204, 64]","[-246, -86]","[-96, -86]","[54, -86]","[204, -86]","[-246, -236]","[-96, -236]","[54, -236]","[204, -236]","[100, 100]","[100, 100]","[100, 100]","[100, 100]","[100, 100]","[100, 100]","[100, 100]","[100, 100]","[100, 100]","[100, 100]","[100, 100]","[100, 100]","[100, 100]","[100, 100]","[100, 100]","[100, 100]",ok.png,"[0, -375]","[150, 100]",318,tray,16,1,m,1,1,1,1,0,0,0,0,0,0,0,2.68252682686,2.682526826858521,0,-109,-109,-225,-225,1,1,0,0,0,0,0,0,0,0.365950018167,0.3659500181674957,0,-6,-6,-340,-340,143
06.png,21.png,15.png,17.png,20.png,05.png,16.png,28.png,29.png,09.png,02.png,23.png,tray1.png,14.png,07.png,32.png,"[-206, 229]","[-56, 229]","[94, 229]","[244, 229]","[-206, 79]","[-56, 79]","[94, 79]","[244, 79]","[-206, -71]","[-56, -71]","[94, -71]","[244, -71]","[-206, -221]","[-56, -221]","[94, -221]","[244, -221]","[100, 100]","[100, 100]","[100, 100]","[100, 100]","[100, 100]","[100, 100]","[100, 100]","[100, 100]","[100, 100]","[100, 100]","[100, 100]","[100, 100]","[100, 100]","[100, 100]","[100, 100]","[100, 100]",ok.png,"[0, -375]","[150, 100]",319,tray,16,1,m,1,1,1,1,0,0,0,0,0,0,0,3.64874005318,3.64874005317688,0,-184,-184,-219,-219,1,1,0,0,0,0,0,0,0,0.699409365654,0.6994093656539917,0,-12,-12,-360,-360,51
06.png,11.png,01.png,28.png,12.png,17.png,19.png,34.png,15.png,30.png,08.png,tray1.png,31.png,21.png,32.png,03.png,"[-240, 244]","[-90, 244]","[60, 244]","[210, 244]","[-240, 94]","[-90, 94]","[60, 94]","[210, 94]","[-240, -56]","[-90, -56]","[60, -56]","[210, -56]","[-240, -206]","[-90, -206]","[60, -206]","[210, -206]","[100, 100]","[100, 100]","[100, 100]","[100, 100]","[100, 100]","[100, 100]","[100, 100]","[100, 100]","[100, 100]","[100, 100]","[100, 100]","[100, 100]","[100, 100]","[100, 100]","[100, 100]","[100, 100]",ok.png,"[0, -375]","[150, 100]",320,tray,16,1,m,1,1,1,1,0,0,0,0,0,0,0,1.18238317966,1.182383179664612,0,228,228,-42,-42,1,1,0,0,0,0,0,0,0,1.69920825958,1.69920825958252,0,-6,-6,-358,-358,68
09.png,03.png,12.png,04.png,32.png,31.png,24.png,27.png,07.png,09.png,tray1.png,10.png,13.png,16.png,22.png,28.png,"[-249, 209]","[-99, 209]","[51, 209]","[201, 209]","[-249, 59]","[-99, 59]","[51, 59]","[201, 59]","[-249, -91]","[-99, -91]","[51, -91]","[201, -91]","[-249, -241]","[-99, -241]","[51, -241]","[201, -241]","[100, 100]","[100, 100]","[100, 100]","[100, 100]","[100, 100]","[100, 100]","[100, 100]","[100, 100]","[100, 100]","[100, 100]","[100, 100]","[100, 100]","[100, 100]","[100, 100]","[100, 100]","[100, 100]",ok.png,"[0, -375]","[150, 100]",321,tray,16,1,m,1,1,1,1,0,0,0,0,0,0,0,1.19912850857,1.19912850856781,0,72,72,-86,-86,1,1,0,0,0,0,0,0,0,0.682730674744,0.6827306747436523,0,18,18,-341,-341,327
18.png,14.png,25.png,12.png,33.png,19.png,05.png,08.png,01.png,tray1.png,07.png,10.png,34.png,20.png,26.png,30.png,"[-220, 203]","[-70, 203]","[80, 203]","[230, 203]","[-220, 53]","[-70, 53]","[80, 53]","[230, 53]","[-220, -97]","[-70, -97]","[80, -97]","[230, -97]","[-220, -247]","[-70, -247]","[80, -247]","[230, -247]","[100, 100]","[100, 100]","[100, 100]","[100, 100]","[100, 100]","[100, 100]","[100, 100]","[100, 100]","[100, 100]","[100, 100]","[100, 100]","[100, 100]","[100, 100]","[100, 100]","[100, 100]","[100, 100]",ok.png,"[0, -375]","[150, 100]",322,tray,16,1,m,1,1,1,1,0,0,0,0,0,0,0,3.54898142815,3.548981428146362,0,-42,-42,-106,-106,1,1,0,0,0,0,0,0,0,0.566080868244,0.5660808682441711,0,18,18,-352,-352,20
11.png,13.png,17.png,18.png,21.png,14.png,25.png,09.png,tray1.png,02.png,04.png,30.png,26.png,24.png,33.png,01.png,"[-225, 248]","[-75, 248]","[75, 248]","[225, 248]","[-225, 98]","[-75, 98]","[75, 98]","[225, 98]","[-225, -52]","[-75, -52]","[75, -52]","[225, -52]","[-225, -202]","[-75, -202]","[75, -202]","[225, -202]","[100, 100]","[100, 100]","[100, 100]","[100, 100]","[100, 100]","[100, 100]","[100, 100]","[100, 100]","[100, 100]","[100, 100]","[100, 100]","[100, 100]","[100, 100]","[100, 100]","[100, 100]","[100, 100]",ok.png,"[0, -375]","[150, 100]",323,tray,16,1,m,1,1,1,1,0,0,0,0,0,0,0,1.14907443523,1.14907443523407,0,-203,-203,-38,-38,1,1,0,0,0,0,0,0,0,1.04939258099,1.049392580986023,0,1,1,-366,-366,292
08.png,14.png,10.png,20.png,11.png,07.png,22.png,tray1.png,18.png,31.png,26.png,30.png,09.png,29.png,03.png,19.png,"[-229, 218]","[-79, 218]","[71, 218]","[221, 218]","[-229, 68]","[-79, 68]","[71, 68]","[221, 68]","[-229, -82]","[-79, -82]","[71, -82]","[221, -82]","[-229, -232]","[-79, -232]","[71, -232]","[221, -232]","[100, 100]","[100, 100]","[100, 100]","[100, 100]","[100, 100]","[100, 100]","[100, 100]","[100, 100]","[100, 100]","[100, 100]","[100, 100]","[100, 100]","[100, 100]","[100, 100]","[100, 100]","[100, 100]",ok.png,"[0, -375]","[150, 100]",324,tray,16,1,m,1,1,1,1,0,0,0,0,0,0,0,1.09946882725,1.09946882724762,0,233,233,61,61,1,1,0,0,0,0,0,0,0,0.516087472439,0.5160874724388123,0,-12,-12,-413,-413,136
31.png,03.png,13.png,11.png,23.png,21.png,tray1.png,30.png,33.png,15.png,14.png,05.png,19.png,32.png,29.png,26.png,"[-234, 222]","[-84, 222]","[66, 222]","[216, 222]","[-234, 72]","[-84, 72]","[66, 72]","[216, 72]","[-234, -78]","[-84, -78]","[66, -78]","[216, -78]","[-234, -228]","[-84, -228]","[66, -228]","[216, -228]","[100, 100]","[100, 100]","[100, 100]","[100, 100]","[100, 100]","[100, 100]","[100, 100]","[100, 100]","[100, 100]","[100, 100]","[100, 100]","[100, 100]","[100, 100]","[100, 100]","[100, 100]","[100, 100]",ok.png,"[0, -375]","[150, 100]",325,tray,16,1,m,1,1,1,1,0,0,0,0,0,0,0,1.19902098179,1.199020981788635,0,69,69,74,74,1,1,0,0,0,0,0,0,0,2.48272633553,2.482726335525513,0,-12,-12,-388,-388,19
15.png,14.png,13.png,12.png,11.png,10.png,09.png,08.png,07.png,06.png,05.png,04.png,03.png,02.png,01.png,tray2.png,"[-209, 239]","[-59, 239]","[91, 239]","[241, 239]","[-209, 89]","[-59, 89]","[91, 89]","[241, 89]","[-209, -61]","[-59, -61]","[91, -61]","[241, -61]","[-209, -211]","[-59, -211]","[91, -211]","[241, -211]","[100, 100]","[100, 100]","[100, 100]","[100, 100]","[100, 100]","[100, 100]","[100, 100]","[100, 100]","[100, 100]","[100, 100]","[100, 100]","[100, 100]","[100, 100]","[100, 100]","[100, 100]","[100, 100]",ok.png,"[0, -375]","[150, 100]",326,tray,16,1,m,1,1,1,1,0,0,0,0,0,0,0,1.74904239178,1.749042391777039,0,299,299,-239,-239,1,1,0,0,0,0,0,0,0,0.966067194939,0.9660671949386596,0,-29,-29,-340,-340,223
23.png,22.png,31.png,32.png,33.png,34.png,14.png,15.png,13.png,12.png,11.png,10.png,01.png,09.png,tray2.png,08.png,"[-206, 226]","[-56, 226]","[94, 226]","[244, 226]","[-206, 76]","[-56, 76]","[94, 76]","[244, 76]","[-206, -74]","[-56, -74]","[94, -74]","[244, -74]","[-206, -224]","[-56, -224]","[94, -224]","[244, -224]","[100, 100]","[100, 100]","[100, 100]","[100, 100]","[100, 100]","[100, 100]","[100, 100]","[100, 100]","[100, 100]","[100, 100]","[100, 100]","[100, 100]","[100, 100]","[100, 100]","[100, 100]","[100, 100]",ok.png,"[0, -375]","[150, 100]",327,tray,16,1,m,1,1,1,1,0,0,0,0,0,0,0,1.91541874409,1.915418744087219,0,115,115,-229,-229,1,1,0,0,0,0,0,0,0,0.399471789598,0.399471789598465,0,10,10,-386,-386,442
27.png,30.png,25.png,24.png,23.png,22.png,21.png,20.png,19.png,18.png,17.png,16.png,15.png,tray2.png,06.png,05.png,"[-232, 226]","[-82, 226]","[68, 226]","[218, 226]","[-232, 76]","[-82, 76]","[68, 76]","[218, 76]","[-232, -74]","[-82, -74]","[68, -74]","[218, -74]","[-232, -224]","[-82, -224]","[68, -224]","[218, -224]","[100, 100]","[100, 100]","[100, 100]","[100, 100]","[100, 100]","[100, 100]","[100, 100]","[100, 100]","[100, 100]","[100, 100]","[100, 100]","[100, 100]","[100, 100]","[100, 100]","[100, 100]","[100, 100]",ok.png,"[0, -375]","[150, 100]",328,tray,16,1,m,1,1,1,1,0,0,0,0,0,0,0,1.7490375042,1.749037504196167,0,-74,-74,-206,-206,1,1,0,0,0,0,0,0,0,0.466126799583,0.4661267995834351,0,-8,-8,-432,-432,235
33.png,32.png,30.png,29.png,08.png,02.png,31.png,27.png,26.png,28.png,12.png,03.png,tray2.png,24.png,23.png,22.png,"[-237, 217]","[-87, 217]","[63, 217]","[213, 217]","[-237, 67]","[-87, 67]","[63, 67]","[213, 67]","[-237, -83]","[-87, -83]","[63, -83]","[213, -83]","[-237, -233]","[-87, -233]","[63, -233]","[213, -233]","[100, 100]","[100, 100]","[100, 100]","[100, 100]","[100, 100]","[100, 100]","[100, 100]","[100, 100]","[100, 100]","[100, 100]","[100, 100]","[100, 100]","[100, 100]","[100, 100]","[100, 100]","[100, 100]",ok.png,"[0, -375]","[150, 100]",329,tray,16,1,m,1,1,1,1,0,0,0,0,0,0,0,1.98240745068,1.982407450675964,0,-234,-234,-230,-230,1,1,0,0,0,0,0,0,0,0.599349737167,0.5993497371673584,0,-40,-40,-386,-386,49
28.png,26.png,24.png,22.png,01.png,34.png,33.png,32.png,31.png,30.png,29.png,tray2.png,08.png,06.png,04.png,02.png,"[-216, 234]","[-66, 234]","[84, 234]","[234, 234]","[-216, 84]","[-66, 84]","[84, 84]","[234, 84]","[-216, -66]","[-66, -66]","[84, -66]","[234, -66]","[-216, -216]","[-66, -216]","[84, -216]","[234, -216]","[100, 100]","[100, 100]","[100, 100]","[100, 100]","[100, 100]","[100, 100]","[100, 100]","[100, 100]","[100, 100]","[100, 100]","[100, 100]","[100, 100]","[100, 100]","[100, 100]","[100, 100]","[100, 100]",ok.png,"[0, -375]","[150, 100]",330,tray,16,1,m,1,1,1,1,0,0,0,0,0,0,0,1.29906380177,1.299063801765442,0,219,219,-52,-52,1,1,0,0,0,0,0,0,0,0.74965274334,0.7496527433395386,0,-32,-32,-346,-346,116
32.png,30.png,23.png,17.png,29.png,09.png,15.png,06.png,26.png,11.png,tray2.png,04.png,27.png,07.png,34.png,01.png,"[-211, 250]","[-61, 250]","[89, 250]","[239, 250]","[-211, 100]","[-61, 100]","[89, 100]","[239, 100]","[-211, -50]","[-61, -50]","[89, -50]","[239, -50]","[-211, -200]","[-61, -200]","[89, -200]","[239, -200]","[100, 100]","[100, 100]","[100, 100]","[100, 100]","[100, 100]","[100, 100]","[100, 100]","[100, 100]","[100, 100]","[100, 100]","[100, 100]","[100, 100]","[100, 100]","[100, 100]","[100, 100]","[100, 100]",ok.png,"[0, -375]","[150, 100]",331,tray,16,1,m,1,1,1,1,0,0,0,0,0,0,0,1.54930210114,1.549302101135254,0,100,100,-60,-60,1,1,0,0,0,0,0,0,0,0.815923213959,0.8159232139587402,0,0,0,-358,-358,427
17.png,09.png,22.png,06.png,27.png,13.png,14.png,18.png,25.png,tray2.png,03.png,07.png,05.png,02.png,24.png,12.png,"[-237, 200]","[-87, 200]","[63, 200]","[213, 200]","[-237, 50]","[-87, 50]","[63, 50]","[213, 50]","[-237, -100]","[-87, -100]","[63, -100]","[213, -100]","[-237, -250]","[-87, -250]","[63, -250]","[213, -250]","[100, 100]","[100, 100]","[100, 100]","[100, 100]","[100, 100]","[100, 100]","[100, 100]","[100, 100]","[100, 100]","[100, 100]","[100, 100]","[100, 100]","[100, 100]","[100, 100]","[100, 100]","[100, 100]",ok.png,"[0, -375]","[150, 100]",332,tray,16,1,m,1,1,1,1,0,0,0,0,0,0,0,1.43236494064,1.432364940643311,0,-69,-69,-74,-74,1,1,0,0,0,0,0,0,0,2.14946508408,2.149465084075928,0,-34,-34,-392,-392,46
22.png,33.png,01.png,09.png,31.png,25.png,17.png,30.png,tray2.png,27.png,15.png,20.png,07.png,33.png,05.png,13.png,"[-206, 206]","[-56, 206]","[94, 206]","[244, 206]","[-206, 56]","[-56, 56]","[94, 56]","[244, 56]","[-206, -94]","[-56, -94]","[94, -94]","[244, -94]","[-206, -244]","[-56, -244]","[94, -244]","[244, -244]","[100, 100]","[100, 100]","[100, 100]","[100, 100]","[100, 100]","[100, 100]","[100, 100]","[100, 100]","[100, 100]","[100, 100]","[100, 100]","[100, 100]","[100, 100]","[100, 100]","[100, 100]","[100, 100]",ok.png,"[0, -375]","[150, 100]",333,tray,16,1,m,1,1,1,1,0,0,0,0,0,0,0,0.832205057144,0.832205057144165,0,-165,-165,-76,-76,1,1,0,0,0,0,0,0,0,0.549507439137,0.5495074391365051,0,-7,-7,-368,-368,395
33.png,31.png,25.png,21.png,27.png,23.png,29.png,tray2.png,06.png,04.png,08.png,02.png,16.png,13.png,10.png,07.png,"[-240, 221]","[-90, 221]","[60, 221]","[210, 221]","[-240, 71]","[-90, 71]","[60, 71]","[210, 71]","[-240, -79]","[-90, -79]","[60, -79]","[210, -79]","[-240, -229]","[-90, -229]","[60, -229]","[210, -229]","[100, 100]","[100, 100]","[100, 100]","[100, 100]","[100, 100]","[100, 100]","[100, 100]","[100, 100]","[100, 100]","[100, 100]","[100, 100]","[100, 100]","[100, 100]","[100, 100]","[100, 100]","[100, 100]",ok.png,"[0, -375]","[150, 100]",334,tray,16,1,m,1,1,1,1,0,0,0,0,0,0,0,1.26598680019,1.265986800193787,0,196,196,84,84,1,1,0,0,0,0,0,0,0,0.515992462635,0.5159924626350403,0,54,54,-417,-417,412
30.png,32.png,27.png,21.png,26.png,24.png,tray2.png,22.png,20.png,18.png,16.png,14.png,03.png,05.png,07.png,09.png,"[-223, 243]","[-73, 243]","[77, 243]","[227, 243]","[-223, 93]","[-73, 93]","[77, 93]","[227, 93]","[-223, -57]","[-73, -57]","[77, -57]","[227, -57]","[-223, -207]","[-73, -207]","[77, -207]","[227, -207]","[100, 100]","[100, 100]","[100, 100]","[100, 100]","[100, 100]","[100, 100]","[100, 100]","[100, 100]","[100, 100]","[100, 100]","[100, 100]","[100, 100]","[100, 100]","[100, 100]","[100, 100]","[100, 100]",ok.png,"[0, -375]","[150, 100]",335,tray,16,1,m,1,1,1,1,0,0,0,0,0,0,0,1.66548168659,1.665481686592102,0,64,64,99,99,1,1,0,0,0,0,0,0,0,4.0339846611,4.033984661102295,0,-27,-27,-356,-356,1
01.png,18.png,27.png,24.png,21.png,tray2.png,19.png,16.png,32.png,34.png,10.png,13.png,31.png,33.png,14.png,05.png,"[-241, 240]","[-91, 240]","[59, 240]","[209, 240]","[-241, 90]","[-91, 90]","[59, 90]","[209, 90]","[-241, -60]","[-91, -60]","[59, -60]","[209, -60]","[-241, -210]","[-91, -210]","[59, -210]","[209, -210]","[100, 100]","[100, 100]","[100, 100]","[100, 100]","[100, 100]","[100, 100]","[100, 100]","[100, 100]","[100, 100]","[100, 100]","[100, 100]","[100, 100]","[100, 100]","[100, 100]","[100, 100]","[100, 100]",ok.png,"[0, -375]","[150, 100]",336,tray,16,1,m,1,1,1,1,0,0,0,0,0,0,0,0.665647208691,0.6656472086906433,0,-63,-63,84,84,1,1,0,0,0,0,0,0,0,0.632628917694,0.6326289176940918,0,12,12,-373,-373,422
34.png,27.png,08.png,18.png,tray2.png,11.png,16.png,21.png,17.png,04.png,24.png,09.png,25.png,20.png,15.png,10.png,"[-238, 200]","[-88, 200]","[62, 200]","[212, 200]","[-238, 50]","[-88, 50]","[62, 50]","[212, 50]","[-238, -100]","[-88, -100]","[62, -100]","[212, -100]","[-238, -250]","[-88, -250]","[62, -250]","[212, -250]","[100, 100]","[100, 100]","[100, 100]","[100, 100]","[100, 100]","[100, 100]","[100, 100]","[100, 100]","[100, 100]","[100, 100]","[100, 100]","[100, 100]","[100, 100]","[100, 100]","[100, 100]","[100, 100]",ok.png,"[0, -375]","[150, 100]",337,tray,16,1,m,1,1,1,1,0,0,0,0,0,0,0,1.89893805981,1.898938059806824,0,-231,-231,55,55,1,1,0,0,0,0,0,0,0,0.982760131359,0.9827601313591005,0,-47,-47,-404,-404,15
04.png,02.png,05.png,tray2.png,08.png,07.png,01.png,03.png,26.png,29.png,32.png,28.png,24.png,20.png,10.png,16.png,"[-243, 223]","[-93, 223]","[57, 223]","[207, 223]","[-243, 73]","[-93, 73]","[57, 73]","[207, 73]","[-243, -77]","[-93, -77]","[57, -77]","[207, -77]","[-243, -227]","[-93, -227]","[57, -227]","[207, -227]","[100, 100]","[100, 100]","[100, 100]","[100, 100]","[100, 100]","[100, 100]","[100, 100]","[100, 100]","[100, 100]","[100, 100]","[100, 100]","[100, 100]","[100, 100]","[100, 100]","[100, 100]","[100, 100]",ok.png,"[0, -375]","[150, 100]",338,tray,16,1,m,1,1,1,1,0,0,0,0,0,0,0,0.882353782654,0.8823537826538086,0,207,207,212,212,1,1,0,0,0,0,0,0,0,2.43319129944,2.433191299438477,0,1,1,-365,-365,347
01.png,12.png,tray2.png,23.png,10.png,02.png,28.png,13.png,08.png,33.png,03.png,15.png,16.png,06.png,17.png,29.png,"[-241, 208]","[-91, 208]","[59, 208]","[209, 208]","[-241, 58]","[-91, 58]","[59, 58]","[209, 58]","[-241, -92]","[-91, -92]","[59, -92]","[209, -92]","[-241, -242]","[-91, -242]","[59, -242]","[209, -242]","[100, 100]","[100, 100]","[100, 100]","[100, 100]","[100, 100]","[100, 100]","[100, 100]","[100, 100]","[100, 100]","[100, 100]","[100, 100]","[100, 100]","[100, 100]","[100, 100]","[100, 100]","[100, 100]",ok.png,"[0, -375]","[150, 100]",339,tray,16,1,m,1,1,1,1,0,0,0,0,0,0,0,1.13240432739,1.132404327392578,0,44,44,200,200,1,1,0,0,0,0,0,0,0,1.0161857605,1.016185760498047,0,-3,-3,-375,-375,142
24.png,tray2.png,03.png,07.png,13.png,17.png,23.png,27.png,33.png,04.png,06.png,14.png,16.png,08.png,30.png,32.png,"[-217, 236]","[-67, 236]","[83, 236]","[233, 236]","[-217, 86]","[-67, 86]","[83, 86]","[233, 86]","[-217, -64]","[-67, -64]","[83, -64]","[233, -64]","[-217, -214]","[-67, -214]","[83, -214]","[233, -214]","[100, 100]","[100, 100]","[100, 100]","[100, 100]","[100, 100]","[100, 100]","[100, 100]","[100, 100]","[100, 100]","[100, 100]","[100, 100]","[100, 100]","[100, 100]","[100, 100]","[100, 100]","[100, 100]",ok.png,"[0, -375]","[150, 100]",340,tray,16,1,m,1,1,1,1,0,0,0,0,0,0,0,1.16587460041,1.165874600410461,0,-57,-57,225,225,1,1,0,0,0,0,0,0,0,0.565913915634,0.5659139156341553,0,-57,-57,-320,-320,130
tray2.png,17.png,07.png,14.png,27.png,33.png,23.png,24.png,04.png,03.png,16.png,12.png,02.png,30.png,20.png,04.png,"[-204, 247]","[-54, 247]","[96, 247]","[246, 247]","[-204, 97]","[-54, 97]","[96, 97]","[246, 97]","[-204, -53]","[-54, -53]","[96, -53]","[246, -53]","[-204, -203]","[-54, -203]","[96, -203]","[246, -203]","[100, 100]","[100, 100]","[100, 100]","[100, 100]","[100, 100]","[100, 100]","[100, 100]","[100, 100]","[100, 100]","[100, 100]","[100, 100]","[100, 100]","[100, 100]","[100, 100]","[100, 100]","[100, 100]",ok.png,"[0, -375]","[150, 100]",341,tray,16,1,m,1,1,1,1,0,0,0,0,0,0,0,1.44923055172,1.449230551719666,0,-211,-211,233,233,1,1,0,0,0,0,0,0,0,2.8326985836,2.832698583602905,0,-6,-6,-379,-379,90
18.png,tray2.png,04.png,13.png,31.png,16.png,22.png,12.png,11.png,32.png,02.png,25.png,09.png,29.png,19.png,03.png,"[-235, 205]","[-85, 205]","[65, 205]","[215, 205]","[-235, 55]","[-85, 55]","[65, 55]","[215, 55]","[-235, -95]","[-85, -95]","[65, -95]","[215, -95]","[-235, -245]","[-85, -245]","[65, -245]","[215, -245]","[100, 100]","[100, 100]","[100, 100]","[100, 100]","[100, 100]","[100, 100]","[100, 100]","[100, 100]","[100, 100]","[100, 100]","[100, 100]","[100, 100]","[100, 100]","[100, 100]","[100, 100]","[100, 100]",ok.png,"[0, -375]","[150, 100]",342,tray,16,1,m,1,1,1,1,0,0,0,0,0,0,0,1.18204700947,1.182047009468079,0,-92,-92,213,213,1,1,0,0,0,0,0,0,0,1.81632852554,1.816328525543213,0,-20,-20,-367,-367,45
15.png,08.png,tray2.png,03.png,25.png,28.png,27.png,01.png,23.png,07.png,30.png,21.png,05.png,11.png,13.png,16.png,"[-247, 231]","[-97, 231]","[53, 231]","[203, 231]","[-247, 81]","[-97, 81]","[53, 81]","[203, 81]","[-247, -69]","[-97, -69]","[53, -69]","[203, -69]","[-247, -219]","[-97, -219]","[53, -219]","[203, -219]","[100, 100]","[100, 100]","[100, 100]","[100, 100]","[100, 100]","[100, 100]","[100, 100]","[100, 100]","[100, 100]","[100, 100]","[100, 100]","[100, 100]","[100, 100]","[100, 100]","[100, 100]","[100, 100]",ok.png,"[0, -375]","[150, 100]",343,tray,16,1,m,1,1,1,1,0,0,0,0,0,0,0,1.21554601192,1.215546011924744,0,65,65,257,257,1,1,0,0,0,0,0,0,0,1.99924683571,1.999246835708618,0,18,18,-375,-375,36
32.png,07.png,14.png,tray2.png,23.png,02.png,09.png,29.png,28.png,16.png,05.png,20.png,17.png,15.png,21.png,06.png,"[-249, 209]","[-99, 209]","[51, 209]","[201, 209]","[-249, 59]","[-99, 59]","[51, 59]","[201, 59]","[-249, -91]","[-99, -91]","[51, -91]","[201, -91]","[-249, -241]","[-99, -241]","[51, -241]","[201, -241]","[100, 100]","[100, 100]","[100, 100]","[100, 100]","[100, 100]","[100, 100]","[100, 100]","[100, 100]","[100, 100]","[100, 100]","[100, 100]","[100, 100]","[100, 100]","[100, 100]","[100, 100]","[100, 100]",ok.png,"[0, -375]","[150, 100]",344,tray,16,1,m,1,1,1,1,0,0,0,0,0,0,0,1.24907553196,1.249075531959534,0,221,221,197,197,1,1,0,0,0,0,0,0,0,1.13275074959,1.132750749588013,0,-12,-12,-368,-368,58
03.png,32.png,21.png,31.png,tray2.png,08.png,30.png,15.png,34.png,19.png,17.png,12.png,28.png,01.png,11.png,06.png,"[-248, 231]","[-98, 231]","[52, 231]","[202, 231]","[-248, 81]","[-98, 81]","[52, 81]","[202, 81]","[-248, -69]","[-98, -69]","[52, -69]","[202, -69]","[-248, -219]","[-98, -219]","[52, -219]","[202, -219]","[100, 100]","[100, 100]","[100, 100]","[100, 100]","[100, 100]","[100, 100]","[100, 100]","[100, 100]","[100, 100]","[100, 100]","[100, 100]","[100, 100]","[100, 100]","[100, 100]","[100, 100]","[100, 100]",ok.png,"[0, -375]","[150, 100]",345,tray,16,1,m,1,1,1,1,0,0,0,0,0,0,0,1.24922454357,1.249224543571472,0,-216,-216,70,70,1,1,0,0,0,0,0,0,0,0.616245448589,0.616245448589325,0,6,6,-376,-376,354
28.png,22.png,16.png,13.png,10.png,tray2.png,09.png,07.png,27.png,24.png,31.png,32.png,04.png,12.png,03.png,09.png,"[-249, 240]","[-99, 240]","[51, 240]","[201, 240]","[-249, 90]","[-99, 90]","[51, 90]","[201, 90]","[-249, -60]","[-99, -60]","[51, -60]","[201, -60]","[-249, -210]","[-99, -210]","[51, -210]","[201, -210]","[100, 100]","[100, 100]","[100, 100]","[100, 100]","[100, 100]","[100, 100]","[100, 100]","[100, 100]","[100, 100]","[100, 100]","[100, 100]","[100, 100]","[100, 100]","[100, 100]","[100, 100]","[100, 100]",ok.png,"[0, -375]","[150, 100]",346,tray,16,1,m,1,1,1,1,0,0,0,0,0,0,0,0.749011337757,0.7490113377571106,0,-73,-73,81,81,1,1,0,0,0,0,0,0,0,0.599587857723,0.5995878577232361,0,45,45,-367,-367,355
30.png,26.png,20.png,34.png,10.png,07.png,tray2.png,01.png,08.png,05.png,19.png,33.png,12.png,25.png,14.png,18.png,"[-235, 214]","[-85, 214]","[65, 214]","[215, 214]","[-235, 64]","[-85, 64]","[65, 64]","[215, 64]","[-235, -86]","[-85, -86]","[65, -86]","[215, -86]","[-235, -236]","[-85, -236]","[65, -236]","[215, -236]","[100, 100]","[100, 100]","[100, 100]","[100, 100]","[100, 100]","[100, 100]","[100, 100]","[100, 100]","[100, 100]","[100, 100]","[100, 100]","[100, 100]","[100, 100]","[100, 100]","[100, 100]","[100, 100]",ok.png,"[0, -375]","[150, 100]",347,tray,16,1,m,1,1,1,1,0,0,0,0,0,0,0,0.899503529072,0.8995035290718079,0,65,65,67,67,1,1,0,0,0,0,0,0,0,0.949339330196,0.9493393301963806,0,39,39,-397,-397,59
01.png,33.png,24.png,26.png,30.png,04.png,02.png,tray2.png,09.png,25.png,14.png,21.png,18.png,17.png,13.png,11.png,"[-242, 213]","[-92, 213]","[58, 213]","[208, 213]","[-242, 63]","[-92, 63]","[58, 63]","[208, 63]","[-242, -87]","[-92, -87]","[58, -87]","[208, -87]","[-242, -237]","[-92, -237]","[58, -237]","[208, -237]","[100, 100]","[100, 100]","[100, 100]","[100, 100]","[100, 100]","[100, 100]","[100, 100]","[100, 100]","[100, 100]","[100, 100]","[100, 100]","[100, 100]","[100, 100]","[100, 100]","[100, 100]","[100, 100]",ok.png,"[0, -375]","[150, 100]",348,tray,16,1,m,1,1,1,1,0,0,0,0,0,0,0,0.998803317547,0.9988033175468444,0,212,212,56,56,1,1,0,0,0,0,0,0,0,1.83260583878,1.832605838775635,0,-11,-11,-369,-369,35
19.png,03.png,29.png,09.png,30.png,26.png,31.png,18.png,tray2.png,22.png,07.png,11.png,20.png,10.png,14.png,08.png,"[-225, 213]","[-75, 213]","[75, 213]","[225, 213]","[-225, 63]","[-75, 63]","[75, 63]","[225, 63]","[-225, -87]","[-75, -87]","[75, -87]","[225, -87]","[-225, -237]","[-75, -237]","[75, -237]","[225, -237]","[100, 100]","[100, 100]","[100, 100]","[100, 100]","[100, 100]","[100, 100]","[100, 100]","[100, 100]","[100, 100]","[100, 100]","[100, 100]","[100, 100]","[100, 100]","[100, 100]","[100, 100]","[100, 100]",ok.png,"[0, -375]","[150, 100]",349,tray,16,1,m,1,1,1,1,0,0,0,0,0,0,0,2.48202228546,2.482022285461426,0,-211,-211,-106,-106,1,1,0,0,0,0,0,0,0,0.866518497467,0.866518497467041,0,-12,-12,-366,-366,219
26.png,29.png,32.png,19.png,05.png,14.png,15.png,33.png,30.png,tray2.png,21.png,23.png,11.png,13.png,03.png,31.png,"[-250, 249]","[-100, 249]","[50, 249]","[200, 249]","[-250, 99]","[-100, 99]","[50, 99]","[200, 99]","[-250, -51]","[-100, -51]","[50, -51]","[200, -51]","[-250, -201]","[-100, -201]","[50, -201]","[200, -201]","[100, 100]","[100, 100]","[100, 100]","[100, 100]","[100, 100]","[100, 100]","[100, 100]","[100, 100]","[100, 100]","[100, 100]","[100, 100]","[100, 100]","[100, 100]","[100, 100]","[100, 100]","[100, 100]",ok.png,"[0, -375]","[150, 100]",350,tray,16,1,m,1,1,1,1,0,0,0,0,0,0,0,2.23226165771,2.232261657714844,0,-112,-112,-48,-48,1,1,0,0,0,0,0,0,0,0.432884901762,0.4328849017620087,0,21,21,-432,-432,286
dots1.png,01.png,02.png,03.png,04.png,05.png,06.png,07.png,08.png,09.png,10.png,11.png,12.png,13.png,14.png,15.png,"[-235, 246]","[-85, 246]","[65, 246]","[215, 246]","[-235, 96]","[-85, 96]","[65, 96]","[215, 96]","[-235, -54]","[-85, -54]","[65, -54]","[215, -54]","[-235, -204]","[-85, -204]","[65, -204]","[215, -204]","[100, 100]","[100, 100]","[100, 100]","[100, 100]","[100, 100]","[100, 100]","[100, 100]","[100, 100]","[100, 100]","[100, 100]","[100, 100]","[100, 100]","[100, 100]","[100, 100]","[100, 100]","[100, 100]",ok.png,"[0, -375]","[150, 100]",351,dots,16,2,m,1,1,1,1,0,0,0,0,0,0,0,0.832291245461,0.8322912454605103,0,-242,-242,240,240,1,1,0,0,0,0,0,0,0,1.54942071438,1.549420714378357,0,9,9,-378,-378,290
08.png,dots1.png,09.png,01.png,10.png,11.png,12.png,13.png,15.png,14.png,34.png,33.png,32.png,31.png,22.png,23.png,"[-225, 223]","[-75, 223]","[75, 223]","[225, 223]","[-225, 73]","[-75, 73]","[75, 73]","[225, 73]","[-225, -77]","[-75, -77]","[75, -77]","[225, -77]","[-225, -227]","[-75, -227]","[75, -227]","[225, -227]","[100, 100]","[100, 100]","[100, 100]","[100, 100]","[100, 100]","[100, 100]","[100, 100]","[100, 100]","[100, 100]","[100, 100]","[100, 100]","[100, 100]","[100, 100]","[100, 100]","[100, 100]","[100, 100]",ok.png,"[0, -375]","[150, 100]",352,dots,16,2,m,1,1,1,1,0,0,0,0,0,0,0,0.599250793457,0.59925079345703125,0,-97,-97,206,206,1,1,0,0,0,0,0,0,0,2.34945034981,2.349450349807739,0,-22,-22,-360,-360,326
05.png,06.png,dots1.png,15.png,16.png,17.png,18.png,19.png,20.png,21.png,22.png,23.png,24.png,25.png,30.png,27.png,"[-226, 234]","[-76, 234]","[74, 234]","[224, 234]","[-226, 84]","[-76, 84]","[74, 84]","[224, 84]","[-226, -66]","[-76, -66]","[74, -66]","[224, -66]","[-226, -216]","[-76, -216]","[74, -216]","[224, -216]","[100, 100]","[100, 100]","[100, 100]","[100, 100]","[100, 100]","[100, 100]","[100, 100]","[100, 100]","[100, 100]","[100, 100]","[100, 100]","[100, 100]","[100, 100]","[100, 100]","[100, 100]","[100, 100]",ok.png,"[0, -375]","[150, 100]",353,dots,16,2,m,1,1,1,1,0,0,0,0,0,0,0,3.36578607559,3.365786075592041,0,48,48,225,225,1,1,0,0,0,0,0,0,0,1.93293762207,1.932937622070312,0,11,11,-359,-359,2
22.png,23.png,24.png,dots1.png,03.png,12.png,25.png,26.png,02.png,08.png,27.png,28.png,29.png,30.png,31.png,32.png,"[-241, 225]","[-91, 225]","[59, 225]","[209, 225]","[-241, 75]","[-91, 75]","[59, 75]","[209, 75]","[-241, -75]","[-91, -75]","[59, -75]","[209, -75]","[-241, -225]","[-91, -225]","[59, -225]","[209, -225]","[100, 100]","[100, 100]","[100, 100]","[100, 100]","[100, 100]","[100, 100]","[100, 100]","[100, 100]","[100, 100]","[100, 100]","[100, 100]","[100, 100]","[100, 100]","[100, 100]","[100, 100]","[100, 100]",ok.png,"[0, -375]","[150, 100]",354,dots,16,2,m,1,1,1,1,0,0,0,0,0,0,0,2.99891853333,2.998918533325195,0,204,204,230,230,1,1,0,0,0,0,0,0,0,1.26622998714,1.26622998714447,0,7,7,-360,-360,4
02.png,04.png,06.png,08.png,dots1.png,29.png,30.png,31.png,32.png,33.png,34.png,01.png,22.png,24.png,26.png,28.png,"[-247, 209]","[-97, 209]","[53, 209]","[203, 209]","[-247, 59]","[-97, 59]","[53, 59]","[203, 59]","[-247, -91]","[-97, -91]","[53, -91]","[203, -91]","[-247, -241]","[-97, -241]","[53, -241]","[203, -241]","[100, 100]","[100, 100]","[100, 100]","[100, 100]","[100, 100]","[100, 100]","[100, 100]","[100, 100]","[100, 100]","[100, 100]","[100, 100]","[100, 100]","[100, 100]","[100, 100]","[100, 100]","[100, 100]",ok.png,"[0, -375]","[150, 100]",355,dots,16,2,m,1,1,1,1,0,0,0,0,0,0,0,1.29981923103,1.299819231033325,0,-219,-219,54,54,1,1,0,0,0,0,0,0,0,0.998321473598,0.9983214735984802,0,-22,-22,-363,-363,232
01.png,34.png,07.png,27.png,04.png,dots1.png,11.png,26.png,06.png,15.png,09.png,29.png,17.png,23.png,30.png,32.png,"[-204, 231]","[-54, 231]","[96, 231]","[246, 231]","[-204, 81]","[-54, 81]","[96, 81]","[246, 81]","[-204, -69]","[-54, -69]","[96, -69]","[246, -69]","[-204, -219]","[-54, -219]","[96, -219]","[246, -219]","[100, 100]","[100, 100]","[100, 100]","[100, 100]","[100, 100]","[100, 100]","[100, 100]","[100, 100]","[100, 100]","[100, 100]","[100, 100]","[100, 100]","[100, 100]","[100, 100]","[100, 100]","[100, 100]",ok.png,"[0, -375]","[150, 100]",356,dots,16,2,m,1,1,1,1,0,0,0,0,0,0,0,5.31588602066,5.3158860206604,0,-59,-59,78,78,1,1,0,0,0,0,0,0,0,0.51589345932,0.5158934593200684,0,-54,-54,-394,-394,169
12.png,24.png,02.png,05.png,07.png,03.png,dots1.png,25.png,18.png,14.png,13.png,27.png,06.png,22.png,09.png,17.png,"[-201, 237]","[-51, 237]","[99, 237]","[249, 237]","[-201, 87]","[-51, 87]","[99, 87]","[249, 87]","[-201, -63]","[-51, -63]","[99, -63]","[249, -63]","[-201, -213]","[-51, -213]","[99, -213]","[249, -213]","[100, 100]","[100, 100]","[100, 100]","[100, 100]","[100, 100]","[100, 100]","[100, 100]","[100, 100]","[100, 100]","[100, 100]","[100, 100]","[100, 100]","[100, 100]","[100, 100]","[100, 100]","[100, 100]",ok.png,"[0, -375]","[150, 100]",357,dots,16,2,m,1,1,1,1,0,0,0,0,0,0,0,1.18228876591,1.182288765907288,0,115,115,98,98,1,1,0,0,0,0,0,0,0,1.48267459869,1.482674598693848,0,4,4,-383,-383,377
13.png,05.png,33.png,07.png,20.png,15.png,27.png,dots1.png,30.png,17.png,25.png,31.png,09.png,01.png,33.png,22.png,"[-215, 206]","[-65, 206]","[85, 206]","[235, 206]","[-215, 56]","[-65, 56]","[85, 56]","[235, 56]","[-215, -94]","[-65, -94]","[85, -94]","[235, -94]","[-215, -244]","[-65, -244]","[85, -244]","[235, -244]","[100, 100]","[100, 100]","[100, 100]","[100, 100]","[100, 100]","[100, 100]","[100, 100]","[100, 100]","[100, 100]","[100, 100]","[100, 100]","[100, 100]","[100, 100]","[100, 100]","[100, 100]","[100, 100]",ok.png,"[0, -375]","[150, 100]",358,dots,16,2,m,1,1,1,1,0,0,0,0,0,0,0,1.8656847477,1.865684747695923,0,237,237,46,46,1,1,0,0,0,0,0,0,0,0.74949914217,0.7494991421699524,0,8,8,-380,-380,334
07.png,10.png,13.png,16.png,02.png,08.png,04.png,06.png,dots1.png,29.png,23.png,27.png,21.png,25.png,31.png,33.png,"[-205, 232]","[-55, 232]","[95, 232]","[245, 232]","[-205, 82]","[-55, 82]","[95, 82]","[245, 82]","[-205, -68]","[-55, -68]","[95, -68]","[245, -68]","[-205, -218]","[-55, -218]","[95, -218]","[245, -218]","[100, 100]","[100, 100]","[100, 100]","[100, 100]","[100, 100]","[100, 100]","[100, 100]","[100, 100]","[100, 100]","[100, 100]","[100, 100]","[100, 100]","[100, 100]","[100, 100]","[100, 100]","[100, 100]",ok.png,"[0, -375]","[150, 100]",359,dots,16,2,m,1,1,1,1,0,0,0,0,0,0,0,0.748778402805,0.7487784028053284,0,-242,-242,-68,-68,1,1,0,0,0,0,0,0,0,1.48302984238,1.483029842376709,0,56,56,-370,-370,403
09.png,07.png,05.png,03.png,14.png,16.png,18.png,20.png,22.png,dots1.png,24.png,26.png,21.png,27.png,32.png,30.png,"[-218, 218]","[-68, 218]","[82, 218]","[232, 218]","[-218, 68]","[-68, 68]","[82, 68]","[232, 68]","[-218, -82]","[-68, -82]","[82, -82]","[232, -82]","[-218, -232]","[-68, -232]","[82, -232]","[232, -232]","[100, 100]","[100, 100]","[100, 100]","[100, 100]","[100, 100]","[100, 100]","[100, 100]","[100, 100]","[100, 100]","[100, 100]","[100, 100]","[100, 100]","[100, 100]","[100, 100]","[100, 100]","[100, 100]",ok.png,"[0, -375]","[150, 100]",360,dots,16,2,m,1,1,1,1,0,0,0,0,0,0,0,1.1826004982,1.182600498199463,0,-87,-87,-118,-118,1,1,0,0,0,0,0,0,0,1.03252053261,1.032520532608032,0,-1,-1,-396,-396,308
05.png,14.png,33.png,31.png,13.png,10.png,34.png,32.png,16.png,19.png,dots1.png,21.png,24.png,27.png,18.png,01.png,"[-222, 206]","[-72, 206]","[78, 206]","[228, 206]","[-222, 56]","[-72, 56]","[78, 56]","[228, 56]","[-222, -94]","[-72, -94]","[78, -94]","[228, -94]","[-222, -244]","[-72, -244]","[78, -244]","[228, -244]","[100, 100]","[100, 100]","[100, 100]","[100, 100]","[100, 100]","[100, 100]","[100, 100]","[100, 100]","[100, 100]","[100, 100]","[100, 100]","[100, 100]","[100, 100]","[100, 100]","[100, 100]","[100, 100]",ok.png,"[0, -375]","[150, 100]",361,dots,16,2,m,1,1,1,1,0,0,0,0,0,0,0,1.13239717484,1.132397174835205,0,70,70,-124,-124,1,1,0,0,0,0,0,0,0,1.24942445755,1.249424457550049,0,18,18,-400,-400,379
10.png,15.png,20.png,25.png,09.png,24.png,04.png,17.png,21.png,16.png,11.png,dots1.png,18.png,08.png,27.png,34.png,"[-247, 224]","[-97, 224]","[53, 224]","[203, 224]","[-247, 74]","[-97, 74]","[53, 74]","[203, 74]","[-247, -76]","[-97, -76]","[53, -76]","[203, -76]","[-247, -226]","[-97, -226]","[53, -226]","[203, -226]","[100, 100]","[100, 100]","[100, 100]","[100, 100]","[100, 100]","[100, 100]","[100, 100]","[100, 100]","[100, 100]","[100, 100]","[100, 100]","[100, 100]","[100, 100]","[100, 100]","[100, 100]","[100, 100]",ok.png,"[0, -375]","[150, 100]",362,dots,16,2,m,1,1,1,1,0,0,0,0,0,0,0,1.04889285564,1.048892855644226,0,193,193,-61,-61,1,1,0,0,0,0,0,0,0,2.28260374069,2.282603740692139,0,-35,-35,-379,-379,397
16.png,10.png,20.png,24.png,28.png,32.png,29.png,26.png,03.png,01.png,07.png,08.png,dots1.png,05.png,02.png,04.png,"[-214, 208]","[-64, 208]","[86, 208]","[236, 208]","[-214, 58]","[-64, 58]","[86, 58]","[236, 58]","[-214, -92]","[-64, -92]","[86, -92]","[236, -92]","[-214, -242]","[-64, -242]","[86, -242]","[236, -242]","[100, 100]","[100, 100]","[100, 100]","[100, 100]","[100, 100]","[100, 100]","[100, 100]","[100, 100]","[100, 100]","[100, 100]","[100, 100]","[100, 100]","[100, 100]","[100, 100]","[100, 100]","[100, 100]",ok.png,"[0, -375]","[150, 100]",363,dots,16,2,m,1,1,1,1,0,0,0,0,0,0,0,1.78230333328,1.782303333282471,0,-168,-168,-246,-246,1,1,0,0,0,0,0,0,0,0.599453270435,0.5994532704353333,0,14,14,-414,-414,428
29.png,17.png,06.png,16.png,15.png,03.png,33.png,08.png,13.png,28.png,02.png,10.png,23.png,dots1.png,12.png,01.png,"[-200, 201]","[-50, 201]","[100, 201]","[250, 201]","[-200, 51]","[-50, 51]","[100, 51]","[250, 51]","[-200, -99]","[-50, -99]","[100, -99]","[250, -99]","[-200, -249]","[-50, -249]","[100, -249]","[250, -249]","[100, 100]","[100, 100]","[100, 100]","[100, 100]","[100, 100]","[100, 100]","[100, 100]","[100, 100]","[100, 100]","[100, 100]","[100, 100]","[100, 100]","[100, 100]","[100, 100]","[100, 100]","[100, 100]",ok.png,"[0, -375]","[150, 100]",364,dots,16,2,m,1,1,1,1,0,0,0,0,0,0,0,2.81576371193,2.815763711929321,0,-87,-87,-267,-267,1,1,0,0,0,0,0,0,0,0.449605107307,0.4496051073074341,0,-40,-40,-372,-372,344
32.png,30.png,08.png,16.png,14.png,06.png,04.png,33.png,27.png,23.png,17.png,13.png,07.png,03.png,dots1.png,24.png,"[-233, 208]","[-83, 208]","[67, 208]","[217, 208]","[-233, 58]","[-83, 58]","[67, 58]","[217, 58]","[-233, -92]","[-83, -92]","[67, -92]","[217, -92]","[-233, -242]","[-83, -242]","[67, -242]","[217, -242]","[100, 100]","[100, 100]","[100, 100]","[100, 100]","[100, 100]","[100, 100]","[100, 100]","[100, 100]","[100, 100]","[100, 100]","[100, 100]","[100, 100]","[100, 100]","[100, 100]","[100, 100]","[100, 100]",ok.png,"[0, -375]","[150, 100]",365,dots,16,2,m,1,1,1,1,0,0,0,0,0,0,0,2.53241181374,2.532411813735962,0,87,87,-235,-235,1,1,0,0,0,0,0,0,0,0.915817260742,0.9158172607421876,0,50,50,-388,-388,9
04.png,20.png,30.png,02.png,12.png,16.png,03.png,04.png,24.png,23.png,33.png,27.png,14.png,07.png,17.png,dots1.png,"[-210, 203]","[-60, 203]","[90, 203]","[240, 203]","[-210, 53]","[-60, 53]","[90, 53]","[240, 53]","[-210, -97]","[-60, -97]","[90, -97]","[240, -97]","[-210, -247]","[-60, -247]","[90, -247]","[240, -247]","[100, 100]","[100, 100]","[100, 100]","[100, 100]","[100, 100]","[100, 100]","[100, 100]","[100, 100]","[100, 100]","[100, 100]","[100, 100]","[100, 100]","[100, 100]","[100, 100]","[100, 100]","[100, 100]",ok.png,"[0, -375]","[150, 100]",366,dots,16,2,m,1,1,1,1,0,0,0,0,0,0,0,7.66580581665,7.665805816650391,0,236,236,-259,-259,1,1,0,0,0,0,0,0,0,0.399371951818,0.3993719518184662,0,55,55,-321,-321,312
03.png,19.png,29.png,09.png,25.png,02.png,32.png,11.png,12.png,22.png,16.png,31.png,13.png,04.png,dots1.png,18.png,"[-201, 236]","[-51, 236]","[99, 236]","[249, 236]","[-201, 86]","[-51, 86]","[99, 86]","[249, 86]","[-201, -64]","[-51, -64]","[99, -64]","[249, -64]","[-201, -214]","[-51, -214]","[99, -214]","[249, -214]","[100, 100]","[100, 100]","[100, 100]","[100, 100]","[100, 100]","[100, 100]","[100, 100]","[100, 100]","[100, 100]","[100, 100]","[100, 100]","[100, 100]","[100, 100]","[100, 100]","[100, 100]","[100, 100]",ok.png,"[0, -375]","[150, 100]",367,dots,16,2,m,1,1,1,1,0,0,0,0,0,0,0,1.93239784241,1.932397842407227,0,107,107,-220,-220,1,1,0,0,0,0,0,0,0,0.899129152298,0.8991291522979736,0,-9,-9,-411,-411,202
16.png,13.png,11.png,05.png,21.png,30.png,07.png,23.png,01.png,27.png,28.png,25.png,03.png,dots1.png,08.png,15.png,"[-206, 250]","[-56, 250]","[94, 250]","[244, 250]","[-206, 100]","[-56, 100]","[94, 100]","[244, 100]","[-206, -50]","[-56, -50]","[94, -50]","[244, -50]","[-206, -200]","[-56, -200]","[94, -200]","[244, -200]","[100, 100]","[100, 100]","[100, 100]","[100, 100]","[100, 100]","[100, 100]","[100, 100]","[100, 100]","[100, 100]","[100, 100]","[100, 100]","[100, 100]","[100, 100]","[100, 100]","[100, 100]","[100, 100]",ok.png,"[0, -375]","[150, 100]",368,dots,16,2,m,1,1,1,1,0,0,0,0,0,0,0,2.3323559761,2.332355976104736,0,-85,-85,-186,-186,1,1,0,0,0,0,0,0,0,0.499538481236,0.4995384812355042,0,-17,-17,-353,-353,264
06.png,21.png,15.png,17.png,20.png,05.png,16.png,28.png,29.png,09.png,02.png,23.png,dots1.png,14.png,07.png,32.png,"[-203, 202]","[-53, 202]","[97, 202]","[247, 202]","[-203, 52]","[-53, 52]","[97, 52]","[247, 52]","[-203, -98]","[-53, -98]","[97, -98]","[247, -98]","[-203, -248]","[-53, -248]","[97, -248]","[247, -248]","[100, 100]","[100, 100]","[100, 100]","[100, 100]","[100, 100]","[100, 100]","[100, 100]","[100, 100]","[100, 100]","[100, 100]","[100, 100]","[100, 100]","[100, 100]","[100, 100]","[100, 100]","[100, 100]",ok.png,"[0, -375]","[150, 100]",369,dots,16,2,m,1,1,1,1,0,0,0,0,0,0,0,2.63221955299,2.632219552993774,0,-195,-195,-245,-245,1,1,0,0,0,0,0,0,0,0.499327719212,0.4993277192115784,0,-30,-30,-414,-414,370
06.png,11.png,01.png,28.png,12.png,17.png,19.png,34.png,15.png,30.png,08.png,dots1.png,31.png,21.png,32.png,03.png,"[-232, 207]","[-82, 207]","[68, 207]","[218, 207]","[-232, 57]","[-82, 57]","[68, 57]","[218, 57]","[-232, -93]","[-82, -93]","[68, -93]","[218, -93]","[-232, -243]","[-82, -243]","[68, -243]","[218, -243]","[100, 100]","[100, 100]","[100, 100]","[100, 100]","[100, 100]","[100, 100]","[100, 100]","[100, 100]","[100, 100]","[100, 100]","[100, 100]","[100, 100]","[100, 100]","[100, 100]","[100, 100]","[100, 100]",ok.png,"[0, -375]","[150, 100]",370,dots,16,2,m,1,1,1,1,0,0,0,0,0,0,0,0.93260717392,0.9326071739196776,0,203,203,-93,-93,1,1,0,0,0,0,0,0,0,0.515763759613,0.5157637596130371,0,11,11,-358,-358,111
09.png,03.png,12.png,04.png,32.png,31.png,24.png,27.png,07.png,09.png,dots1.png,10.png,13.png,16.png,22.png,28.png,"[-216, 210]","[-66, 210]","[84, 210]","[234, 210]","[-216, 60]","[-66, 60]","[84, 60]","[234, 60]","[-216, -90]","[-66, -90]","[84, -90]","[234, -90]","[-216, -240]","[-66, -240]","[84, -240]","[234, -240]","[100, 100]","[100, 100]","[100, 100]","[100, 100]","[100, 100]","[100, 100]","[100, 100]","[100, 100]","[100, 100]","[100, 100]","[100, 100]","[100, 100]","[100, 100]","[100, 100]","[100, 100]","[100, 100]",ok.png,"[0, -375]","[150, 100]",371,dots,16,2,m,1,1,1,1,0,0,0,0,0,0,0,0.898950278759,0.8989502787590027,0,82,82,-114,-114,1,1,0,0,0,0,0,0,0,1.21613705158,1.216137051582336,0,54,54,-302,-302,361
18.png,14.png,25.png,12.png,33.png,19.png,05.png,08.png,01.png,dots1.png,07.png,10.png,34.png,20.png,26.png,30.png,"[-241, 225]","[-91, 225]","[59, 225]","[209, 225]","[-241, 75]","[-91, 75]","[59, 75]","[209, 75]","[-241, -75]","[-91, -75]","[59, -75]","[209, -75]","[-241, -225]","[-91, -225]","[59, -225]","[209, -225]","[100, 100]","[100, 100]","[100, 100]","[100, 100]","[100, 100]","[100, 100]","[100, 100]","[100, 100]","[100, 100]","[100, 100]","[100, 100]","[100, 100]","[100, 100]","[100, 100]","[100, 100]","[100, 100]",ok.png,"[0, -375]","[150, 100]",372,dots,16,2,m,1,1,1,1,0,0,0,0,0,0,0,1.14905488491,1.149054884910583,0,-63,-63,-50,-50,1,1,0,0,0,0,0,0,0,0.615954220295,0.6159542202949524,0,22,22,-350,-350,426
11.png,13.png,17.png,18.png,21.png,14.png,25.png,09.png,dots1.png,02.png,04.png,30.png,26.png,24.png,33.png,01.png,"[-241, 250]","[-91, 250]","[59, 250]","[209, 250]","[-241, 100]","[-91, 100]","[59, 100]","[209, 100]","[-241, -50]","[-91, -50]","[59, -50]","[209, -50]","[-241, -200]","[-91, -200]","[59, -200]","[209, -200]","[100, 100]","[100, 100]","[100, 100]","[100, 100]","[100, 100]","[100, 100]","[100, 100]","[100, 100]","[100, 100]","[100, 100]","[100, 100]","[100, 100]","[100, 100]","[100, 100]","[100, 100]","[100, 100]",ok.png,"[0, -375]","[150, 100]",373,dots,16,2,m,1,1,1,1,0,0,0,0,0,0,0,1.79883122444,1.798831224441528,0,-227,-227,-40,-40,1,1,0,0,0,0,0,0,0,0.69946283102,0.6994628310203552,0,-7,-7,-351,-351,8
08.png,14.png,10.png,20.png,11.png,07.png,22.png,dots1.png,18.png,31.png,26.png,30.png,09.png,29.png,03.png,19.png,"[-236, 202]","[-86, 202]","[64, 202]","[214, 202]","[-236, 52]","[-86, 52]","[64, 52]","[214, 52]","[-236, -98]","[-86, -98]","[64, -98]","[214, -98]","[-236, -248]","[-86, -248]","[64, -248]","[214, -248]","[100, 100]","[100, 100]","[100, 100]","[100, 100]","[100, 100]","[100, 100]","[100, 100]","[100, 100]","[100, 100]","[100, 100]","[100, 100]","[100, 100]","[100, 100]","[100, 100]","[100, 100]","[100, 100]",ok.png,"[0, -375]","[150, 100]",374,dots,16,2,m,1,1,1,1,0,0,0,0,0,0,0,1.2993209362,1.299320936203003,0,187,187,56,56,1,1,0,0,0,0,0,0,0,1.1158195734,1.115819573402405,0,-4,-4,-378,-378,230
31.png,03.png,13.png,11.png,23.png,21.png,dots1.png,30.png,33.png,15.png,14.png,05.png,19.png,32.png,29.png,26.png,"[-207, 229]","[-57, 229]","[93, 229]","[243, 229]","[-207, 79]","[-57, 79]","[93, 79]","[243, 79]","[-207, -71]","[-57, -71]","[93, -71]","[243, -71]","[-207, -221]","[-57, -221]","[93, -221]","[243, -221]","[100, 100]","[100, 100]","[100, 100]","[100, 100]","[100, 100]","[100, 100]","[100, 100]","[100, 100]","[100, 100]","[100, 100]","[100, 100]","[100, 100]","[100, 100]","[100, 100]","[100, 100]","[100, 100]",ok.png,"[0, -375]","[150, 100]",375,dots,16,2,m,1,1,1,1,0,0,0,0,0,0,0,0.699033617973,0.6990336179733276,0,91,91,90,90,1,1,0,0,0,0,0,0,0,2.01585578918,2.01585578918457,0,38,38,-351,-351,386
15.png,14.png,13.png,12.png,11.png,10.png,09.png,08.png,07.png,06.png,05.png,04.png,03.png,02.png,01.png,dots2.png,"[-215, 230]","[-65, 230]","[85, 230]","[235, 230]","[-215, 80]","[-65, 80]","[85, 80]","[235, 80]","[-215, -70]","[-65, -70]","[85, -70]","[235, -70]","[-215, -220]","[-65, -220]","[85, -220]","[235, -220]","[100, 100]","[100, 100]","[100, 100]","[100, 100]","[100, 100]","[100, 100]","[100, 100]","[100, 100]","[100, 100]","[100, 100]","[100, 100]","[100, 100]","[100, 100]","[100, 100]","[100, 100]","[100, 100]",ok.png,"[0, -375]","[150, 100]",376,dots,16,2,m,1,1,1,1,0,0,0,0,0,0,0,4.08176231384,4.081762313842773,0,247,247,-201,-201,1,1,0,0,0,0,0,0,0,0.399533510208,0.3995335102081299,0,5,5,-338,-338,434
23.png,22.png,31.png,32.png,33.png,34.png,14.png,15.png,13.png,12.png,11.png,10.png,01.png,09.png,dots2.png,08.png,"[-244, 246]","[-94, 246]","[56, 246]","[206, 246]","[-244, 96]","[-94, 96]","[56, 96]","[206, 96]","[-244, -54]","[-94, -54]","[56, -54]","[206, -54]","[-244, -204]","[-94, -204]","[56, -204]","[206, -204]","[100, 100]","[100, 100]","[100, 100]","[100, 100]","[100, 100]","[100, 100]","[100, 100]","[100, 100]","[100, 100]","[100, 100]","[100, 100]","[100, 100]","[100, 100]","[100, 100]","[100, 100]","[100, 100]",ok.png,"[0, -375]","[150, 100]",377,dots,16,2,m,1,1,1,1,0,0,0,0,0,0,0,2.86583995819,2.865839958190918,0,53,53,-221,-221,1,1,0,0,0,0,0,0,0,0.433038234711,0.4330382347106934,0,-7,-7,-357,-357,435
27.png,30.png,25.png,24.png,23.png,22.png,21.png,20.png,19.png,18.png,17.png,16.png,15.png,dots2.png,06.png,05.png,"[-225, 244]","[-75, 244]","[75, 244]","[225, 244]","[-225, 94]","[-75, 94]","[75, 94]","[225, 94]","[-225, -56]","[-75, -56]","[75, -56]","[225, -56]","[-225, -206]","[-75, -206]","[75, -206]","[225, -206]","[100, 100]","[100, 100]","[100, 100]","[100, 100]","[100, 100]","[100, 100]","[100, 100]","[100, 100]","[100, 100]","[100, 100]","[100, 100]","[100, 100]","[100, 100]","[100, 100]","[100, 100]","[100, 100]",ok.png,"[0, -375]","[150, 100]",378,dots,16,2,m,1,1,1,1,0,0,0,0,0,0,0,2.03219151497,2.032191514968872,0,-43,-43,-209,-209,1,1,0,0,0,0,0,0,0,2.19952917099,2.19952917098999,0,-15,-15,-385,-385,43
33.png,32.png,30.png,29.png,08.png,02.png,31.png,27.png,26.png,28.png,12.png,03.png,dots2.png,24.png,23.png,22.png,"[-211, 203]","[-61, 203]","[89, 203]","[239, 203]","[-211, 53]","[-61, 53]","[89, 53]","[239, 53]","[-211, -97]","[-61, -97]","[89, -97]","[239, -97]","[-211, -247]","[-61, -247]","[89, -247]","[239, -247]","[100, 100]","[100, 100]","[100, 100]","[100, 100]","[100, 100]","[100, 100]","[100, 100]","[100, 100]","[100, 100]","[100, 100]","[100, 100]","[100, 100]","[100, 100]","[100, 100]","[100, 100]","[100, 100]",ok.png,"[0, -375]","[150, 100]",379,dots,16,2,m,1,1,1,1,0,0,0,0,0,0,0,2.94889140129,2.948891401290894,0,-244,-244,-212,-212,1,1,0,0,0,0,0,0,0,0.932841837406,0.9328418374061584,0,-33,-33,-341,-341,95
28.png,26.png,24.png,22.png,01.png,34.png,33.png,32.png,31.png,30.png,29.png,dots2.png,08.png,06.png,04.png,02.png,"[-214, 210]","[-64, 210]","[86, 210]","[236, 210]","[-214, 60]","[-64, 60]","[86, 60]","[236, 60]","[-214, -90]","[-64, -90]","[86, -90]","[236, -90]","[-214, -240]","[-64, -240]","[86, -240]","[236, -240]","[100, 100]","[100, 100]","[100, 100]","[100, 100]","[100, 100]","[100, 100]","[100, 100]","[100, 100]","[100, 100]","[100, 100]","[100, 100]","[100, 100]","[100, 100]","[100, 100]","[100, 100]","[100, 100]",ok.png,"[0, -375]","[150, 100]",380,dots,16,2,m,1,1,1,1,0,0,0,0,0,0,0,1.43207991123,1.432079911231995,0,258,258,-91,-91,1,1,0,0,0,0,0,0,0,0.716392695904,0.7163926959037781,0,32,32,-379,-379,272
32.png,30.png,23.png,17.png,29.png,09.png,15.png,06.png,26.png,11.png,dots2.png,04.png,27.png,07.png,34.png,01.png,"[-231, 206]","[-81, 206]","[69, 206]","[219, 206]","[-231, 56]","[-81, 56]","[69, 56]","[219, 56]","[-231, -94]","[-81, -94]","[69, -94]","[219, -94]","[-231, -244]","[-81, -244]","[69, -244]","[219, -244]","[100, 100]","[100, 100]","[100, 100]","[100, 100]","[100, 100]","[100, 100]","[100, 100]","[100, 100]","[100, 100]","[100, 100]","[100, 100]","[100, 100]","[100, 100]","[100, 100]","[100, 100]","[100, 100]",ok.png,"[0, -375]","[150, 100]",381,dots,16,2,m,1,1,1,1,0,0,0,0,0,0,0,0.698869764805,0.6988697648048401,0,51,51,-91,-91,1,1,0,0,0,0,0,0,0,1.34957480431,1.34957480430603,0,-41,-41,-387,-387,449
17.png,09.png,22.png,06.png,27.png,13.png,14.png,18.png,25.png,dots2.png,03.png,07.png,05.png,02.png,24.png,12.png,"[-207, 248]","[-57, 248]","[93, 248]","[243, 248]","[-207, 98]","[-57, 98]","[93, 98]","[243, 98]","[-207, -52]","[-57, -52]","[93, -52]","[243, -52]","[-207, -202]","[-57, -202]","[93, -202]","[243, -202]","[100, 100]","[100, 100]","[100, 100]","[100, 100]","[100, 100]","[100, 100]","[100, 100]","[100, 100]","[100, 100]","[100, 100]","[100, 100]","[100, 100]","[100, 100]","[100, 100]","[100, 100]","[100, 100]",ok.png,"[0, -375]","[150, 100]",382,dots,16,2,m,1,1,1,1,0,0,0,0,0,0,0,1.79912424088,1.799124240875244,0,-105,-105,-49,-49,1,1,0,0,0,0,0,0,0,3.33266973495,3.332669734954834,0,-6,-6,-405,-405,18
22.png,33.png,01.png,09.png,31.png,25.png,17.png,30.png,dots2.png,27.png,15.png,20.png,07.png,33.png,05.png,13.png,"[-227, 211]","[-77, 211]","[73, 211]","[223, 211]","[-227, 61]","[-77, 61]","[73, 61]","[223, 61]","[-227, -89]","[-77, -89]","[73, -89]","[223, -89]","[-227, -239]","[-77, -239]","[73, -239]","[223, -239]","[100, 100]","[100, 100]","[100, 100]","[100, 100]","[100, 100]","[100, 100]","[100, 100]","[100, 100]","[100, 100]","[100, 100]","[100, 100]","[100, 100]","[100, 100]","[100, 100]","[100, 100]","[100, 100]",ok.png,"[0, -375]","[150, 100]",383,dots,16,2,m,1,1,1,1,0,0,0,0,0,0,0,1.0322483778,1.032248377799988,0,-233,-233,-77,-77,1,1,0,0,0,0,0,0,0,0.649679362774,0.6496793627738953,0,-57,-57,-340,-340,161
33.png,31.png,25.png,21.png,27.png,23.png,29.png,dots2.png,06.png,04.png,08.png,02.png,16.png,13.png,10.png,07.png,"[-225, 233]","[-75, 233]","[75, 233]","[225, 233]","[-225, 83]","[-75, 83]","[75, 83]","[225, 83]","[-225, -67]","[-75, -67]","[75, -67]","[225, -67]","[-225, -217]","[-75, -217]","[75, -217]","[225, -217]","[100, 100]","[100, 100]","[100, 100]","[100, 100]","[100, 100]","[100, 100]","[100, 100]","[100, 100]","[100, 100]","[100, 100]","[100, 100]","[100, 100]","[100, 100]","[100, 100]","[100, 100]","[100, 100]",ok.png,"[0, -375]","[150, 100]",384,dots,16,2,m,1,1,1,1,0,0,0,0,0,0,0,1.76575577259,1.765755772590637,0,220,220,84,84,1,1,0,0,0,0,0,0,0,0.882604658604,0.8826046586036682,0,7,7,-403,-403,117
30.png,32.png,27.png,21.png,26.png,24.png,dots2.png,22.png,20.png,18.png,16.png,14.png,03.png,05.png,07.png,09.png,"[-241, 211]","[-91, 211]","[59, 211]","[209, 211]","[-241, 61]","[-91, 61]","[59, 61]","[209, 61]","[-241, -89]","[-91, -89]","[59, -89]","[209, -89]","[-241, -239]","[-91, -239]","[59, -239]","[209, -239]","[100, 100]","[100, 100]","[100, 100]","[100, 100]","[100, 100]","[100, 100]","[100, 100]","[100, 100]","[100, 100]","[100, 100]","[100, 100]","[100, 100]","[100, 100]","[100, 100]","[100, 100]","[100, 100]",ok.png,"[0, -375]","[150, 100]",385,dots,16,2,m,1,1,1,1,0,0,0,0,0,0,0,0.832275629044,0.8322756290435791,0,60,60,68,68,1,1,0,0,0,0,0,0,0,1.46602916718,1.466029167175293,0,-72,-72,-326,-326,419
01.png,18.png,27.png,24.png,21.png,dots2.png,19.png,16.png,32.png,34.png,10.png,13.png,31.png,33.png,14.png,05.png,"[-200, 239]","[-50, 239]","[100, 239]","[250, 239]","[-200, 89]","[-50, 89]","[100, 89]","[250, 89]","[-200, -61]","[-50, -61]","[100, -61]","[250, -61]","[-200, -211]","[-50, -211]","[100, -211]","[250, -211]","[100, 100]","[100, 100]","[100, 100]","[100, 100]","[100, 100]","[100, 100]","[100, 100]","[100, 100]","[100, 100]","[100, 100]","[100, 100]","[100, 100]","[100, 100]","[100, 100]","[100, 100]","[100, 100]",ok.png,"[0, -375]","[150, 100]",386,dots,16,2,m,1,1,1,1,0,0,0,0,0,0,0,0.915790200233,0.9157902002334596,0,-38,-38,111,111,1,1,0,0,0,0,0,0,0,0.682743489742,0.682743489742279,0,9,9,-369,-369,320
34.png,27.png,08.png,18.png,dots2.png,11.png,16.png,21.png,17.png,04.png,24.png,09.png,25.png,20.png,15.png,10.png,"[-213, 234]","[-63, 234]","[87, 234]","[237, 234]","[-213, 84]","[-63, 84]","[87, 84]","[237, 84]","[-213, -66]","[-63, -66]","[87, -66]","[237, -66]","[-213, -216]","[-63, -216]","[87, -216]","[237, -216]","[100, 100]","[100, 100]","[100, 100]","[100, 100]","[100, 100]","[100, 100]","[100, 100]","[100, 100]","[100, 100]","[100, 100]","[100, 100]","[100, 100]","[100, 100]","[100, 100]","[100, 100]","[100, 100]",ok.png,"[0, -375]","[150, 100]",387,dots,16,2,m,1,1,1,1,0,0,0,0,0,0,0,1.4824026823,1.482402682304382,0,-234,-234,90,90,1,1,0,0,0,0,0,0,0,0.74953186512,0.7495318651199341,0,-32,-32,-391,-391,268
04.png,02.png,05.png,dots2.png,08.png,07.png,01.png,03.png,26.png,29.png,32.png,28.png,24.png,20.png,10.png,16.png,"[-231, 228]","[-81, 228]","[69, 228]","[219, 228]","[-231, 78]","[-81, 78]","[69, 78]","[219, 78]","[-231, -72]","[-81, -72]","[69, -72]","[219, -72]","[-231, -222]","[-81, -222]","[69, -222]","[219, -222]","[100, 100]","[100, 100]","[100, 100]","[100, 100]","[100, 100]","[100, 100]","[100, 100]","[100, 100]","[100, 100]","[100, 100]","[100, 100]","[100, 100]","[100, 100]","[100, 100]","[100, 100]","[100, 100]",ok.png,"[0, -375]","[150, 100]",388,dots,16,2,m,1,1,1,1,0,0,0,0,0,0,0,1.94922840595,1.949228405952454,0,222,222,241,241,1,1,0,0,0,0,0,0,0,0.482775330544,0.4827753305435181,0,82,82,-356,-356,297
01.png,12.png,dots2.png,23.png,10.png,02.png,28.png,13.png,08.png,33.png,03.png,15.png,16.png,06.png,17.png,29.png,"[-200, 237]","[-50, 237]","[100, 237]","[250, 237]","[-200, 87]","[-50, 87]","[100, 87]","[250, 87]","[-200, -63]","[-50, -63]","[100, -63]","[250, -63]","[-200, -213]","[-50, -213]","[100, -213]","[250, -213]","[100, 100]","[100, 100]","[100, 100]","[100, 100]","[100, 100]","[100, 100]","[100, 100]","[100, 100]","[100, 100]","[100, 100]","[100, 100]","[100, 100]","[100, 100]","[100, 100]","[100, 100]","[100, 100]",ok.png,"[0, -375]","[150, 100]",389,dots,16,2,m,1,1,1,1,0,0,0,0,0,0,0,0.949050009251,0.9490500092506408,0,111,111,251,251,1,1,0,0,0,0,0,0,0,2.96621274948,2.966212749481201,0,-3,-3,-357,-357,65
24.png,dots2.png,03.png,07.png,13.png,17.png,23.png,27.png,33.png,04.png,06.png,14.png,16.png,08.png,30.png,32.png,"[-220, 228]","[-70, 228]","[80, 228]","[230, 228]","[-220, 78]","[-70, 78]","[80, 78]","[230, 78]","[-220, -72]","[-70, -72]","[80, -72]","[230, -72]","[-220, -222]","[-70, -222]","[80, -222]","[230, -222]","[100, 100]","[100, 100]","[100, 100]","[100, 100]","[100, 100]","[100, 100]","[100, 100]","[100, 100]","[100, 100]","[100, 100]","[100, 100]","[100, 100]","[100, 100]","[100, 100]","[100, 100]","[100, 100]",ok.png,"[0, -375]","[150, 100]",390,dots,16,2,m,1,1,1,1,0,0,0,0,0,0,0,2.98217129707,2.982171297073364,0,-42,-42,221,221,1,1,0,0,0,0,0,0,0,0.799429416656,0.7994294166564941,0,3,3,-381,-381,34
dots2.png,17.png,07.png,14.png,27.png,33.png,23.png,24.png,04.png,03.png,16.png,12.png,02.png,30.png,20.png,04.png,"[-225, 212]","[-75, 212]","[75, 212]","[225, 212]","[-225, 62]","[-75, 62]","[75, 62]","[225, 62]","[-225, -88]","[-75, -88]","[75, -88]","[225, -88]","[-225, -238]","[-75, -238]","[75, -238]","[225, -238]","[100, 100]","[100, 100]","[100, 100]","[100, 100]","[100, 100]","[100, 100]","[100, 100]","[100, 100]","[100, 100]","[100, 100]","[100, 100]","[100, 100]","[100, 100]","[100, 100]","[100, 100]","[100, 100]",ok.png,"[0, -375]","[150, 100]",391,dots,16,2,m,1,1,1,1,0,0,0,0,0,0,0,2.66608214378,2.666082143783569,0,-192,-192,151,151,1,1,0,0,0,0,0,0,0,0.532643556595,0.5326435565948486,0,-184,-184,202,202,218
18.png,dots2.png,04.png,13.png,31.png,16.png,22.png,12.png,11.png,32.png,02.png,25.png,09.png,29.png,19.png,03.png,"[-225, 216]","[-75, 216]","[75, 216]","[225, 216]","[-225, 66]","[-75, 66]","[75, 66]","[225, 66]","[-225, -84]","[-75, -84]","[75, -84]","[225, -84]","[-225, -234]","[-75, -234]","[75, -234]","[225, -234]","[100, 100]","[100, 100]","[100, 100]","[100, 100]","[100, 100]","[100, 100]","[100, 100]","[100, 100]","[100, 100]","[100, 100]","[100, 100]","[100, 100]","[100, 100]","[100, 100]","[100, 100]","[100, 100]",ok.png,"[0, -375]","[150, 100]",392,dots,16,2,m,1,1,1,1,0,0,0,0,0,0,0,1.33207774162,1.332077741622925,0,-46,-46,213,213,1,1,0,0,0,0,0,0,0,0.849420487881,0.8494204878807068,0,-13,-13,-376,-376,296
15.png,08.png,dots2.png,03.png,25.png,28.png,27.png,01.png,23.png,07.png,30.png,21.png,05.png,11.png,13.png,16.png,"[-243, 226]","[-93, 226]","[57, 226]","[207, 226]","[-243, 76]","[-93, 76]","[57, 76]","[207, 76]","[-243, -74]","[-93, -74]","[57, -74]","[207, -74]","[-243, -224]","[-93, -224]","[57, -224]","[207, -224]","[100, 100]","[100, 100]","[100, 100]","[100, 100]","[100, 100]","[100, 100]","[100, 100]","[100, 100]","[100, 100]","[100, 100]","[100, 100]","[100, 100]","[100, 100]","[100, 100]","[100, 100]","[100, 100]",ok.png,"[0, -375]","[150, 100]",393,dots,16,2,m,1,1,1,1,0,0,0,0,0,0,0,1.74933588505,1.749335885047913,0,60,60,255,255,1,1,0,0,0,0,0,0,0,1.44931638241,1.449316382408142,0,21,21,-393,-393,436
32.png,07.png,14.png,dots2.png,23.png,02.png,09.png,29.png,28.png,16.png,05.png,20.png,17.png,15.png,21.png,06.png,"[-212, 242]","[-62, 242]","[88, 242]","[238, 242]","[-212, 92]","[-62, 92]","[88, 92]","[238, 92]","[-212, -58]","[-62, -58]","[88, -58]","[238, -58]","[-212, -208]","[-62, -208]","[88, -208]","[238, -208]","[100, 100]","[100, 100]","[100, 100]","[100, 100]","[100, 100]","[100, 100]","[100, 100]","[100, 100]","[100, 100]","[100, 100]","[100, 100]","[100, 100]","[100, 100]","[100, 100]","[100, 100]","[100, 100]",ok.png,"[0, -375]","[150, 100]",394,dots,16,2,m,1,1,1,1,0,0,0,0,0,0,0,4.36578845978,4.365788459777832,0,262,262,274,274,1,1,0,0,0,0,0,0,0,0.766068637371,0.7660686373710632,0,-3,-3,-354,-354,109
03.png,32.png,21.png,31.png,dots2.png,08.png,30.png,15.png,34.png,19.png,17.png,12.png,28.png,01.png,11.png,06.png,"[-206, 233]","[-56, 233]","[94, 233]","[244, 233]","[-206, 83]","[-56, 83]","[94, 83]","[244, 83]","[-206, -67]","[-56, -67]","[94, -67]","[244, -67]","[-206, -217]","[-56, -217]","[94, -217]","[244, -217]","[100, 100]","[100, 100]","[100, 100]","[100, 100]","[100, 100]","[100, 100]","[100, 100]","[100, 100]","[100, 100]","[100, 100]","[100, 100]","[100, 100]","[100, 100]","[100, 100]","[100, 100]","[100, 100]",ok.png,"[0, -375]","[150, 100]",395,dots,16,2,m,1,1,1,1,0,0,0,0,0,0,0,0.982086539268,0.9820865392684937,0,-196,-196,101,101,1,1,0,0,0,0,0,0,0,1.61597895622,1.615978956222534,0,28,28,-390,-390,338
28.png,22.png,16.png,13.png,10.png,dots2.png,09.png,07.png,27.png,24.png,31.png,32.png,04.png,12.png,03.png,09.png,"[-202, 210]","[-52, 210]","[98, 210]","[248, 210]","[-202, 60]","[-52, 60]","[98, 60]","[248, 60]","[-202, -90]","[-52, -90]","[98, -90]","[248, -90]","[-202, -240]","[-52, -240]","[98, -240]","[248, -240]","[100, 100]","[100, 100]","[100, 100]","[100, 100]","[100, 100]","[100, 100]","[100, 100]","[100, 100]","[100, 100]","[100, 100]","[100, 100]","[100, 100]","[100, 100]","[100, 100]","[100, 100]","[100, 100]",ok.png,"[0, -375]","[150, 100]",396,dots,16,2,m,1,1,1,1,0,0,0,0,0,0,0,0.965826869011,0.9658268690109252,0,-89,-89,75,75,1,1,0,0,0,0,0,0,0,1.0493670702,1.049367070198059,0,-29,-29,-346,-346,388
30.png,26.png,20.png,34.png,10.png,07.png,dots2.png,01.png,08.png,05.png,19.png,33.png,12.png,25.png,14.png,18.png,"[-228, 240]","[-78, 240]","[72, 240]","[222, 240]","[-228, 90]","[-78, 90]","[72, 90]","[222, 90]","[-228, -60]","[-78, -60]","[72, -60]","[222, -60]","[-228, -210]","[-78, -210]","[72, -210]","[222, -210]","[100, 100]","[100, 100]","[100, 100]","[100, 100]","[100, 100]","[100, 100]","[100, 100]","[100, 100]","[100, 100]","[100, 100]","[100, 100]","[100, 100]","[100, 100]","[100, 100]","[100, 100]","[100, 100]",ok.png,"[0, -375]","[150, 100]",397,dots,16,2,m,1,1,1,1,0,0,0,0,0,0,0,1.03198719025,1.031987190246582,0,71,71,80,80,1,1,0,0,0,0,0,0,0,1.29972958565,1.299729585647583,0,22,22,-360,-360,360
01.png,33.png,24.png,26.png,30.png,04.png,02.png,dots2.png,09.png,25.png,14.png,21.png,18.png,17.png,13.png,11.png,"[-247, 231]","[-97, 231]","[53, 231]","[203, 231]","[-247, 81]","[-97, 81]","[53, 81]","[203, 81]","[-247, -69]","[-97, -69]","[53, -69]","[203, -69]","[-247, -219]","[-97, -219]","[53, -219]","[203, -219]","[100, 100]","[100, 100]","[100, 100]","[100, 100]","[100, 100]","[100, 100]","[100, 100]","[100, 100]","[100, 100]","[100, 100]","[100, 100]","[100, 100]","[100, 100]","[100, 100]","[100, 100]","[100, 100]",ok.png,"[0, -375]","[150, 100]",398,dots,16,2,m,1,1,1,1,0,0,0,0,0,0,0,0.965539813042,0.965539813041687,0,165,165,61,61,1,1,0,0,0,0,0,0,0,0.866289198399,0.8662891983985901,0,20,20,-387,-387,172
19.png,03.png,29.png,09.png,30.png,26.png,31.png,18.png,dots2.png,22.png,07.png,11.png,20.png,10.png,14.png,08.png,"[-217, 242]","[-67, 242]","[83, 242]","[233, 242]","[-217, 92]","[-67, 92]","[83, 92]","[233, 92]","[-217, -58]","[-67, -58]","[83, -58]","[233, -58]","[-217, -208]","[-67, -208]","[83, -208]","[233, -208]","[100, 100]","[100, 100]","[100, 100]","[100, 100]","[100, 100]","[100, 100]","[100, 100]","[100, 100]","[100, 100]","[100, 100]","[100, 100]","[100, 100]","[100, 100]","[100, 100]","[100, 100]","[100, 100]",ok.png,"[0, -375]","[150, 100]",399,dots,16,2,m,1,1,1,1,0,0,0,0,0,0,0,1.26570379734,1.265703797340393,0,-212,-212,-73,-73,1,1,0,0,0,0,0,0,0,2.29953432083,2.299534320831299,0,-32,-32,-393,-393,115
26.png,29.png,32.png,19.png,05.png,14.png,15.png,33.png,30.png,dots2.png,21.png,23.png,11.png,13.png,03.png,31.png,"[-223, 204]","[-73, 204]","[77, 204]","[227, 204]","[-223, 54]","[-73, 54]","[77, 54]","[227, 54]","[-223, -96]","[-73, -96]","[77, -96]","[227, -96]","[-223, -246]","[-73, -246]","[77, -246]","[227, -246]","[100, 100]","[100, 100]","[100, 100]","[100, 100]","[100, 100]","[100, 100]","[100, 100]","[100, 100]","[100, 100]","[100, 100]","[100, 100]","[100, 100]","[100, 100]","[100, 100]","[100, 100]","[100, 100]",ok.png,"[0, -375]","[150, 100]",400,dots,16,2,m,1,1,1,1,0,0,0,0,0,0,0,2.49896931648,2.498969316482544,0,-39,-39,-95,-95,1,1,0,0,0,0,0,0,0,0.549573123455,0.5495731234550476,0,40,40,-370,-370,151
tray1.png,01.png,02.png,03.png,04.png,05.png,06.png,07.png,08.png,09.png,10.png,11.png,12.png,13.png,14.png,dots1.png,"[-200, 239]","[-50, 239]","[100, 239]","[250, 239]","[-200, 89]","[-50, 89]","[100, 89]","[250, 89]","[-200, -61]","[-50, -61]","[100, -61]","[250, -61]","[-200, -211]","[-50, -211]","[100, -211]","[250, -211]","[100, 100]","[100, 100]","[100, 100]","[100, 100]","[100, 100]","[100, 100]","[100, 100]","[100, 100]","[100, 100]","[100, 100]","[100, 100]","[100, 100]","[100, 100]","[100, 100]","[100, 100]","[100, 100]",ok.png,"[0, -375]","[150, 100]",401,both,16,3,m,1,1,1,1,0,0,0,0,0,0,0,1.46563184261,1.46563184261322,0,-227,-227,238,238,1,1,0,0,0,0,0,0,0,0.982686161995,0.982686161994934,0,-52,-52,-358,-358,298
08.png,tray1.png,09.png,01.png,10.png,11.png,12.png,13.png,15.png,14.png,34.png,33.png,32.png,31.png,dots1.png,23.png,"[-221, 209]","[-71, 209]","[79, 209]","[229, 209]","[-221, 59]","[-71, 59]","[79, 59]","[229, 59]","[-221, -91]","[-71, -91]","[79, -91]","[229, -91]","[-221, -241]","[-71, -241]","[79, -241]","[229, -241]","[100, 100]","[100, 100]","[100, 100]","[100, 100]","[100, 100]","[100, 100]","[100, 100]","[100, 100]","[100, 100]","[100, 100]","[100, 100]","[100, 100]","[100, 100]","[100, 100]","[100, 100]","[100, 100]",ok.png,"[0, -375]","[150, 100]",402,both,16,3,m,1,1,1,1,0,0,0,0,0,0,0,1.28224933147,1.282249331474304,0,68,68,-218,-218,1,1,0,0,0,0,0,0,0,0.699552714825,0.6995527148246765,0,-56,-56,160,160,157
05.png,06.png,tray1.png,15.png,16.png,17.png,18.png,19.png,20.png,21.png,22.png,23.png,24.png,dots1.png,30.png,27.png,"[-244, 211]","[-94, 211]","[56, 211]","[206, 211]","[-244, 61]","[-94, 61]","[56, 61]","[206, 61]","[-244, -89]","[-94, -89]","[56, -89]","[206, -89]","[-244, -239]","[-94, -239]","[56, -239]","[206, -239]","[100, 100]","[100, 100]","[100, 100]","[100, 100]","[100, 100]","[100, 100]","[100, 100]","[100, 100]","[100, 100]","[100, 100]","[100, 100]","[100, 100]","[100, 100]","[100, 100]","[100, 100]","[100, 100]",ok.png,"[0, -375]","[150, 100]",403,both,16,3,m,1,1,1,1,0,0,0,0,0,0,0,1.56573462486,1.565734624862671,0,34,34,177,177,1,1,0,0,0,0,0,0,0,1.13303005695,1.13303005695343,0,-90,-90,-231,-231,144
22.png,23.png,24.png,tray1.png,03.png,12.png,25.png,26.png,02.png,08.png,27.png,28.png,dots1.png,30.png,31.png,32.png,"[-203, 220]","[-53, 220]","[97, 220]","[247, 220]","[-203, 70]","[-53, 70]","[97, 70]","[247, 70]","[-203, -80]","[-53, -80]","[97, -80]","[247, -80]","[-203, -230]","[-53, -230]","[97, -230]","[247, -230]","[100, 100]","[100, 100]","[100, 100]","[100, 100]","[100, 100]","[100, 100]","[100, 100]","[100, 100]","[100, 100]","[100, 100]","[100, 100]","[100, 100]","[100, 100]","[100, 100]","[100, 100]","[100, 100]",ok.png,"[0, -375]","[150, 100]",404,both,16,3,m,1,1,1,1,0,0,0,0,0,0,0,1.69878327847,1.698783278465271,0,-199,-199,-237,-237,1,1,0,0,0,0,0,0,0,0.899729609489,0.8997296094894409,0,223,223,196,196,247
02.png,04.png,06.png,08.png,tray1.png,29.png,30.png,31.png,32.png,33.png,34.png,dots1.png,22.png,24.png,26.png,28.png,"[-213, 243]","[-63, 243]","[87, 243]","[237, 243]","[-213, 93]","[-63, 93]","[87, 93]","[237, 93]","[-213, -57]","[-63, -57]","[87, -57]","[237, -57]","[-213, -207]","[-63, -207]","[87, -207]","[237, -207]","[100, 100]","[100, 100]","[100, 100]","[100, 100]","[100, 100]","[100, 100]","[100, 100]","[100, 100]","[100, 100]","[100, 100]","[100, 100]","[100, 100]","[100, 100]","[100, 100]","[100, 100]","[100, 100]",ok.png,"[0, -375]","[150, 100]",405,both,16,3,m,1,1,1,1,0,0,0,0,0,0,0,0.949144721031,0.949144721031189,0,-226,-226,112,112,1,1,0,0,0,0,0,0,0,1.04953765869,1.049537658691406,0,218,218,-110,-110,200
01.png,34.png,07.png,27.png,04.png,tray1.png,11.png,26.png,06.png,15.png,dots1.png,29.png,17.png,23.png,30.png,32.png,"[-202, 222]","[-52, 222]","[98, 222]","[248, 222]","[-202, 72]","[-52, 72]","[98, 72]","[248, 72]","[-202, -78]","[-52, -78]","[98, -78]","[248, -78]","[-202, -228]","[-52, -228]","[98, -228]","[248, -228]","[100, 100]","[100, 100]","[100, 100]","[100, 100]","[100, 100]","[100, 100]","[100, 100]","[100, 100]","[100, 100]","[100, 100]","[100, 100]","[100, 100]","[100, 100]","[100, 100]","[100, 100]","[100, 100]",ok.png,"[0, -375]","[150, 100]",406,both,16,3,m,1,1,1,1,0,0,0,0,0,0,0,1.13231241703,1.132312417030334,0,-38,-38,75,75,1,1,0,0,0,0,0,0,0,0.549849629402,0.5498496294021606,0,90,90,-112,-112,193
12.png,24.png,02.png,05.png,07.png,03.png,tray1.png,25.png,18.png,dots1.png,13.png,27.png,06.png,22.png,09.png,17.png,"[-211, 207]","[-61, 207]","[89, 207]","[239, 207]","[-211, 57]","[-61, 57]","[89, 57]","[239, 57]","[-211, -93]","[-61, -93]","[89, -93]","[239, -93]","[-211, -243]","[-61, -243]","[89, -243]","[239, -243]","[100, 100]","[100, 100]","[100, 100]","[100, 100]","[100, 100]","[100, 100]","[100, 100]","[100, 100]","[100, 100]","[100, 100]","[100, 100]","[100, 100]","[100, 100]","[100, 100]","[100, 100]","[100, 100]",ok.png,"[0, -375]","[150, 100]",407,both,16,3,m,1,1,1,1,0,0,0,0,0,0,0,0.915548145771,0.9155481457710266,0,111,111,49,49,1,1,0,0,0,0,0,0,0,0.432992994785,0.4329929947853088,0,-37,-37,-101,-101,336
13.png,05.png,33.png,07.png,20.png,15.png,27.png,tray1.png,dots1.png,17.png,25.png,31.png,09.png,01.png,33.png,22.png,"[-216, 204]","[-66, 204]","[84, 204]","[234, 204]","[-216, 54]","[-66, 54]","[84, 54]","[234, 54]","[-216, -96]","[-66, -96]","[84, -96]","[234, -96]","[-216, -246]","[-66, -246]","[84, -246]","[234, -246]","[100, 100]","[100, 100]","[100, 100]","[100, 100]","[100, 100]","[100, 100]","[100, 100]","[100, 100]","[100, 100]","[100, 100]","[100, 100]","[100, 100]","[100, 100]","[100, 100]","[100, 100]","[100, 100]",ok.png,"[0, -375]","[150, 100]",408,both,16,3,m,1,1,1,1,0,0,0,0,0,0,0,1.21566581726,1.215665817260742,0,216,216,43,43,1,1,0,0,0,0,0,0,0,0.73237901926,0.7323790192604065,0,-225,-225,-114,-114,154
07.png,10.png,13.png,16.png,02.png,08.png,04.png,dots1.png,tray1.png,29.png,23.png,27.png,21.png,25.png,31.png,33.png,"[-235, 214]","[-85, 214]","[65, 214]","[215, 214]","[-235, 64]","[-85, 64]","[65, 64]","[215, 64]","[-235, -86]","[-85, -86]","[65, -86]","[215, -86]","[-235, -236]","[-85, -236]","[65, -236]","[215, -236]","[100, 100]","[100, 100]","[100, 100]","[100, 100]","[100, 100]","[100, 100]","[100, 100]","[100, 100]","[100, 100]","[100, 100]","[100, 100]","[100, 100]","[100, 100]","[100, 100]","[100, 100]","[100, 100]",ok.png,"[0, -375]","[150, 100]",409,both,16,3,m,1,1,1,1,0,0,0,0,0,0,0,0.999069571495,0.9990695714950562,0,229,229,55,55,1,1,0,0,0,0,0,0,0,0.999154627323,0.9991546273231506,0,-185,-185,-84,-84,324
09.png,07.png,05.png,03.png,14.png,16.png,dots1.png,20.png,22.png,tray1.png,24.png,26.png,21.png,27.png,32.png,30.png,"[-227, 227]","[-77, 227]","[73, 227]","[223, 227]","[-227, 77]","[-77, 77]","[73, 77]","[223, 77]","[-227, -73]","[-77, -73]","[73, -73]","[223, -73]","[-227, -223]","[-77, -223]","[73, -223]","[223, -223]","[100, 100]","[100, 100]","[100, 100]","[100, 100]","[100, 100]","[100, 100]","[100, 100]","[100, 100]","[100, 100]","[100, 100]","[100, 100]","[100, 100]","[100, 100]","[100, 100]","[100, 100]","[100, 100]",ok.png,"[0, -375]","[150, 100]",410,both,16,3,m,1,1,1,1,0,0,0,0,0,0,0,0.732094585896,0.7320945858955383,0,98,98,106,106,1,1,0,0,0,0,0,0,0,0.8663443923,0.8663443922996521,0,-103,-103,-64,-64,80
05.png,14.png,33.png,31.png,13.png,dots1.png,34.png,32.png,16.png,19.png,tray1.png,21.png,24.png,27.png,18.png,01.png,"[-211, 228]","[-61, 228]","[89, 228]","[239, 228]","[-211, 78]","[-61, 78]","[89, 78]","[239, 78]","[-211, -72]","[-61, -72]","[89, -72]","[239, -72]","[-211, -222]","[-61, -222]","[89, -222]","[239, -222]","[100, 100]","[100, 100]","[100, 100]","[100, 100]","[100, 100]","[100, 100]","[100, 100]","[100, 100]","[100, 100]","[100, 100]","[100, 100]","[100, 100]","[100, 100]","[100, 100]","[100, 100]","[100, 100]",ok.png,"[0, -375]","[150, 100]",411,both,16,3,m,1,1,1,1,0,0,0,0,0,0,0,0.965559720993,0.965559720993042,0,77,77,-69,-69,1,1,0,0,0,0,0,0,0,0.616249203682,0.6162492036819458,0,-63,-63,67,67,399
10.png,15.png,20.png,25.png,dots1.png,24.png,04.png,17.png,21.png,16.png,11.png,tray1.png,18.png,08.png,27.png,34.png,"[-218, 232]","[-68, 232]","[82, 232]","[232, 232]","[-218, 82]","[-68, 82]","[82, 82]","[232, 82]","[-218, -68]","[-68, -68]","[82, -68]","[232, -68]","[-218, -218]","[-68, -218]","[82, -218]","[232, -218]","[100, 100]","[100, 100]","[100, 100]","[100, 100]","[100, 100]","[100, 100]","[100, 100]","[100, 100]","[100, 100]","[100, 100]","[100, 100]","[100, 100]","[100, 100]","[100, 100]","[100, 100]","[100, 100]",ok.png,"[0, -375]","[150, 100]",412,both,16,3,m,1,1,1,1,0,0,0,0,0,0,0,1.91579246521,1.915792465209961,0,-175,-175,54,54,1,1,0,0,0,0,0,0,0,0.582658529282,0.5826585292816162,0,267,267,-53,-53,337
16.png,10.png,20.png,dots1.png,28.png,32.png,29.png,26.png,03.png,01.png,07.png,08.png,tray1.png,05.png,02.png,04.png,"[-224, 234]","[-74, 234]","[76, 234]","[226, 234]","[-224, 84]","[-74, 84]","[76, 84]","[226, 84]","[-224, -66]","[-74, -66]","[76, -66]","[226, -66]","[-224, -216]","[-74, -216]","[76, -216]","[226, -216]","[100, 100]","[100, 100]","[100, 100]","[100, 100]","[100, 100]","[100, 100]","[100, 100]","[100, 100]","[100, 100]","[100, 100]","[100, 100]","[100, 100]","[100, 100]","[100, 100]","[100, 100]","[100, 100]",ok.png,"[0, -375]","[150, 100]",413,both,16,3,m,1,1,1,1,0,0,0,0,0,0,0,0.89861035347,0.8986103534698486,0,205,205,231,231,1,1,0,0,0,0,0,0,0,1.26609432697,1.266094326972961,0,-203,-203,-208,-208,416
29.png,17.png,dots1.png,16.png,15.png,03.png,33.png,08.png,13.png,28.png,02.png,10.png,23.png,tray1.png,12.png,01.png,"[-214, 201]","[-64, 201]","[86, 201]","[236, 201]","[-214, 51]","[-64, 51]","[86, 51]","[236, 51]","[-214, -99]","[-64, -99]","[86, -99]","[236, -99]","[-214, -249]","[-64, -249]","[86, -249]","[236, -249]","[100, 100]","[100, 100]","[100, 100]","[100, 100]","[100, 100]","[100, 100]","[100, 100]","[100, 100]","[100, 100]","[100, 100]","[100, 100]","[100, 100]","[100, 100]","[100, 100]","[100, 100]","[100, 100]",ok.png,"[0, -375]","[150, 100]",414,both,16,3,m,1,1,1,1,0,0,0,0,0,0,0,0.982434153557,0.9824341535568236,0,57,57,186,186,1,1,0,0,0,0,0,0,0,0.866391599178,0.8663915991783142,0,-73,-73,-243,-243,204
32.png,dots1.png,08.png,16.png,14.png,06.png,04.png,33.png,27.png,23.png,17.png,13.png,07.png,03.png,tray1.png,24.png,"[-246, 223]","[-96, 223]","[54, 223]","[204, 223]","[-246, 73]","[-96, 73]","[54, 73]","[204, 73]","[-246, -77]","[-96, -77]","[54, -77]","[204, -77]","[-246, -227]","[-96, -227]","[54, -227]","[204, -227]","[100, 100]","[100, 100]","[100, 100]","[100, 100]","[100, 100]","[100, 100]","[100, 100]","[100, 100]","[100, 100]","[100, 100]","[100, 100]","[100, 100]","[100, 100]","[100, 100]","[100, 100]","[100, 100]",ok.png,"[0, -375]","[150, 100]",415,both,16,3,m,1,1,1,1,0,0,0,0,0,0,0,1.74877274036,1.748772740364075,0,-96,-96,217,217,1,1,0,0,0,0,0,0,0,0.949644207954,0.9496442079544068,0,27,27,-258,-258,6
dots1.png,20.png,30.png,02.png,12.png,16.png,03.png,04.png,24.png,23.png,33.png,27.png,14.png,07.png,17.png,tray1.png,"[-226, 212]","[-76, 212]","[74, 212]","[224, 212]","[-226, 62]","[-76, 62]","[74, 62]","[224, 62]","[-226, -88]","[-76, -88]","[74, -88]","[224, -88]","[-226, -238]","[-76, -238]","[74, -238]","[224, -238]","[100, 100]","[100, 100]","[100, 100]","[100, 100]","[100, 100]","[100, 100]","[100, 100]","[100, 100]","[100, 100]","[100, 100]","[100, 100]","[100, 100]","[100, 100]","[100, 100]","[100, 100]","[100, 100]",ok.png,"[0, -375]","[150, 100]",416,both,16,3,m,1,1,1,1,0,0,0,0,0,0,0,2.18264698982,2.182646989822388,0,232,232,-233,-233,1,1,0,0,0,0,0,0,0,0.565789878368,0.5657898783683777,0,-218,-218,202,202,107
03.png,dots1.png,29.png,09.png,25.png,02.png,32.png,11.png,12.png,22.png,16.png,31.png,13.png,04.png,tray1.png,18.png,"[-220, 249]","[-70, 249]","[80, 249]","[230, 249]","[-220, 99]","[-70, 99]","[80, 99]","[230, 99]","[-220, -51]","[-70, -51]","[80, -51]","[230, -51]","[-220, -201]","[-70, -201]","[80, -201]","[230, -201]","[100, 100]","[100, 100]","[100, 100]","[100, 100]","[100, 100]","[100, 100]","[100, 100]","[100, 100]","[100, 100]","[100, 100]","[100, 100]","[100, 100]","[100, 100]","[100, 100]","[100, 100]","[100, 100]",ok.png,"[0, -375]","[150, 100]",417,both,16,3,m,1,1,1,1,0,0,0,0,0,0,0,0.8323751688,0.832375168800354,0,-51,-51,270,270,1,1,0,0,0,0,0,0,0,0.649271190166,0.6492711901664734,0,105,105,-182,-182,332
16.png,13.png,dots1.png,05.png,21.png,30.png,07.png,23.png,01.png,27.png,28.png,25.png,03.png,tray1.png,08.png,15.png,"[-202, 203]","[-52, 203]","[98, 203]","[248, 203]","[-202, 53]","[-52, 53]","[98, 53]","[248, 53]","[-202, -97]","[-52, -97]","[98, -97]","[248, -97]","[-202, -247]","[-52, -247]","[98, -247]","[248, -247]","[100, 100]","[100, 100]","[100, 100]","[100, 100]","[100, 100]","[100, 100]","[100, 100]","[100, 100]","[100, 100]","[100, 100]","[100, 100]","[100, 100]","[100, 100]","[100, 100]","[100, 100]","[100, 100]",ok.png,"[0, -375]","[150, 100]",418,both,16,3,m,1,1,1,1,0,0,0,0,0,0,0,1.18256294727,1.182562947273254,0,113,113,215,215,1,1,0,0,0,0,0,0,0,0.949329912663,0.949329912662506,0,-30,-30,-239,-239,255
06.png,21.png,15.png,dots1.png,20.png,05.png,16.png,28.png,29.png,09.png,02.png,23.png,tray1.png,14.png,07.png,32.png,"[-205, 246]","[-55, 246]","[95, 246]","[245, 246]","[-205, 96]","[-55, 96]","[95, 96]","[245, 96]","[-205, -54]","[-55, -54]","[95, -54]","[245, -54]","[-205, -204]","[-55, -204]","[95, -204]","[245, -204]","[100, 100]","[100, 100]","[100, 100]","[100, 100]","[100, 100]","[100, 100]","[100, 100]","[100, 100]","[100, 100]","[100, 100]","[100, 100]","[100, 100]","[100, 100]","[100, 100]","[100, 100]","[100, 100]",ok.png,"[0, -375]","[150, 100]",419,both,16,3,m,1,1,1,1,0,0,0,0,0,0,0,1.8824518919,1.882451891899109,0,-202,-202,-201,-201,1,1,0,0,0,0,0,0,0,0.41609698534,0.4160969853401184,0,-33,-33,-393,-393,148
06.png,11.png,01.png,28.png,dots1.png,17.png,19.png,34.png,15.png,30.png,08.png,tray1.png,31.png,21.png,32.png,03.png,"[-203, 231]","[-53, 231]","[97, 231]","[247, 231]","[-203, 81]","[-53, 81]","[97, 81]","[247, 81]","[-203, -69]","[-53, -69]","[97, -69]","[247, -69]","[-203, -219]","[-53, -219]","[97, -219]","[247, -219]","[100, 100]","[100, 100]","[100, 100]","[100, 100]","[100, 100]","[100, 100]","[100, 100]","[100, 100]","[100, 100]","[100, 100]","[100, 100]","[100, 100]","[100, 100]","[100, 100]","[100, 100]","[100, 100]",ok.png,"[0, -375]","[150, 100]",420,both,16,3,m,1,1,1,1,0,0,0,0,0,0,0,0.91565144062,0.9156514406204224,0,-179,-179,72,72,1,1,0,0,0,0,0,0,0,0.466094374657,0.4660943746566772,0,219,219,-64,-64,313
09.png,03.png,12.png,04.png,32.png,dots1.png,24.png,27.png,07.png,09.png,tray1.png,10.png,13.png,16.png,22.png,28.png,"[-234, 228]","[-84, 228]","[66, 228]","[216, 228]","[-234, 78]","[-84, 78]","[66, 78]","[216, 78]","[-234, -72]","[-84, -72]","[66, -72]","[216, -72]","[-234, -222]","[-84, -222]","[66, -222]","[216, -222]","[100, 100]","[100, 100]","[100, 100]","[100, 100]","[100, 100]","[100, 100]","[100, 100]","[100, 100]","[100, 100]","[100, 100]","[100, 100]","[100, 100]","[100, 100]","[100, 100]","[100, 100]","[100, 100]",ok.png,"[0, -375]","[150, 100]",421,both,16,3,m,1,1,1,1,0,0,0,0,0,0,0,0.832447171211,0.8324471712112427,0,-45,-45,88,88,1,1,0,0,0,0,0,0,0,0.482812315226,0.4828123152256012,0,59,59,-97,-97,310
18.png,14.png,25.png,12.png,33.png,19.png,dots1.png,08.png,01.png,tray1.png,07.png,10.png,34.png,20.png,26.png,30.png,"[-230, 242]","[-80, 242]","[70, 242]","[220, 242]","[-230, 92]","[-80, 92]","[70, 92]","[220, 92]","[-230, -58]","[-80, -58]","[70, -58]","[220, -58]","[-230, -208]","[-80, -208]","[70, -208]","[220, -208]","[100, 100]","[100, 100]","[100, 100]","[100, 100]","[100, 100]","[100, 100]","[100, 100]","[100, 100]","[100, 100]","[100, 100]","[100, 100]","[100, 100]","[100, 100]","[100, 100]","[100, 100]","[100, 100]",ok.png,"[0, -375]","[150, 100]",422,both,16,3,m,1,1,1,1,0,0,0,0,0,0,0,0.899181783199,0.8991817831993103,0,84,84,111,111,1,1,0,0,0,0,0,0,0,0.499432951212,0.4994329512119293,0,-34,-34,-53,-53,207
11.png,13.png,17.png,18.png,21.png,14.png,25.png,dots1.png,tray1.png,02.png,04.png,30.png,26.png,24.png,33.png,01.png,"[-245, 208]","[-95, 208]","[55, 208]","[205, 208]","[-245, 58]","[-95, 58]","[55, 58]","[205, 58]","[-245, -92]","[-95, -92]","[55, -92]","[205, -92]","[-245, -242]","[-95, -242]","[55, -242]","[205, -242]","[100, 100]","[100, 100]","[100, 100]","[100, 100]","[100, 100]","[100, 100]","[100, 100]","[100, 100]","[100, 100]","[100, 100]","[100, 100]","[100, 100]","[100, 100]","[100, 100]","[100, 100]","[100, 100]",ok.png,"[0, -375]","[150, 100]",423,both,16,3,m,1,1,1,1,0,0,0,0,0,0,0,1.76573324203,1.765733242034912,0,-243,-243,-72,-72,1,1,0,0,0,0,0,0,0,0.849553048611,0.8495530486106873,0,193,193,31,31,125
08.png,14.png,10.png,20.png,11.png,07.png,22.png,tray1.png,dots1.png,31.png,26.png,30.png,09.png,29.png,03.png,19.png,"[-241, 231]","[-91, 231]","[59, 231]","[209, 231]","[-241, 81]","[-91, 81]","[59, 81]","[209, 81]","[-241, -69]","[-91, -69]","[59, -69]","[209, -69]","[-241, -219]","[-91, -219]","[59, -219]","[209, -219]","[100, 100]","[100, 100]","[100, 100]","[100, 100]","[100, 100]","[100, 100]","[100, 100]","[100, 100]","[100, 100]","[100, 100]","[100, 100]","[100, 100]","[100, 100]","[100, 100]","[100, 100]","[100, 100]",ok.png,"[0, -375]","[150, 100]",424,both,16,3,m,1,1,1,1,0,0,0,0,0,0,0,1.34918451309,1.349184513092041,0,201,201,88,88,1,1,0,0,0,0,0,0,0,0.46603322029100003,0.4660332202911377,0,-230,-230,-74,-74,93
31.png,03.png,13.png,11.png,23.png,21.png,tray1.png,30.png,33.png,dots1.png,14.png,05.png,19.png,32.png,29.png,26.png,"[-217, 240]","[-67, 240]","[83, 240]","[233, 240]","[-217, 90]","[-67, 90]","[83, 90]","[233, 90]","[-217, -60]","[-67, -60]","[83, -60]","[233, -60]","[-217, -210]","[-67, -210]","[83, -210]","[233, -210]","[100, 100]","[100, 100]","[100, 100]","[100, 100]","[100, 100]","[100, 100]","[100, 100]","[100, 100]","[100, 100]","[100, 100]","[100, 100]","[100, 100]","[100, 100]","[100, 100]","[100, 100]","[100, 100]",ok.png,"[0, -375]","[150, 100]",425,both,16,3,m,1,1,1,1,0,0,0,0,0,0,0,0.815695643425,0.8156956434249878,0,118,118,92,92,1,1,0,0,0,0,0,0,0,0.799430251122,0.799430251121521,0,-46,-46,-50,-50,267
dots2.png,14.png,13.png,12.png,11.png,10.png,09.png,08.png,07.png,06.png,05.png,04.png,03.png,02.png,01.png,tray2.png,"[-229, 218]","[-79, 218]","[71, 218]","[221, 218]","[-229, 68]","[-79, 68]","[71, 68]","[221, 68]","[-229, -82]","[-79, -82]","[71, -82]","[221, -82]","[-229, -232]","[-79, -232]","[71, -232]","[221, -232]","[100, 100]","[100, 100]","[100, 100]","[100, 100]","[100, 100]","[100, 100]","[100, 100]","[100, 100]","[100, 100]","[100, 100]","[100, 100]","[100, 100]","[100, 100]","[100, 100]","[100, 100]","[100, 100]",ok.png,"[0, -375]","[150, 100]",426,both,16,3,m,1,1,1,1,0,0,0,0,0,0,0,1.2159320116,1.215932011604309,0,-213,-213,223,223,1,1,0,0,0,0,0,0,0,0.599186182022,0.5991861820220947,0,298,298,-268,-268,407
23.png,dots2.png,31.png,32.png,33.png,34.png,14.png,15.png,13.png,12.png,11.png,10.png,01.png,09.png,tray2.png,08.png,"[-236, 223]","[-86, 223]","[64, 223]","[214, 223]","[-236, 73]","[-86, 73]","[64, 73]","[214, 73]","[-236, -77]","[-86, -77]","[64, -77]","[214, -77]","[-236, -227]","[-86, -227]","[64, -227]","[214, -227]","[100, 100]","[100, 100]","[100, 100]","[100, 100]","[100, 100]","[100, 100]","[100, 100]","[100, 100]","[100, 100]","[100, 100]","[100, 100]","[100, 100]","[100, 100]","[100, 100]","[100, 100]","[100, 100]",ok.png,"[0, -375]","[150, 100]",427,both,16,3,m,1,1,1,1,0,0,0,0,0,0,0,1.21568489075,1.21568489074707,0,-71,-71,234,234,1,1,0,0,0,0,0,0,0,1.1997679472,1.19976794719696,0,44,44,-215,-215,208
27.png,30.png,dots2.png,24.png,23.png,22.png,21.png,20.png,19.png,18.png,17.png,16.png,15.png,tray2.png,06.png,05.png,"[-202, 223]","[-52, 223]","[98, 223]","[248, 223]","[-202, 73]","[-52, 73]","[98, 73]","[248, 73]","[-202, -77]","[-52, -77]","[98, -77]","[248, -77]","[-202, -227]","[-52, -227]","[98, -227]","[248, -227]","[100, 100]","[100, 100]","[100, 100]","[100, 100]","[100, 100]","[100, 100]","[100, 100]","[100, 100]","[100, 100]","[100, 100]","[100, 100]","[100, 100]","[100, 100]","[100, 100]","[100, 100]","[100, 100]",ok.png,"[0, -375]","[150, 100]",428,both,16,3,m,1,1,1,1,0,0,0,0,0,0,0,1.04909312725,1.049093127250671,0,59,59,239,239,1,1,0,0,0,0,0,0,0,1.08261346817,1.082613468170166,0,-48,-48,-213,-213,41
33.png,32.png,30.png,dots2.png,08.png,02.png,31.png,27.png,26.png,28.png,12.png,03.png,tray2.png,24.png,23.png,22.png,"[-217, 204]","[-67, 204]","[83, 204]","[233, 204]","[-217, 54]","[-67, 54]","[83, 54]","[233, 54]","[-217, -96]","[-67, -96]","[83, -96]","[233, -96]","[-217, -246]","[-67, -246]","[83, -246]","[233, -246]","[100, 100]","[100, 100]","[100, 100]","[100, 100]","[100, 100]","[100, 100]","[100, 100]","[100, 100]","[100, 100]","[100, 100]","[100, 100]","[100, 100]","[100, 100]","[100, 100]","[100, 100]","[100, 100]",ok.png,"[0, -375]","[150, 100]",429,both,16,3,m,1,1,1,1,0,0,0,0,0,0,0,1.18222045898,1.182220458984375,0,-220,-220,-220,-220,1,1,0,0,0,0,0,0,0,1.18292737007,1.182927370071411,0,261,261,151,151,373
28.png,26.png,24.png,22.png,dots2.png,34.png,33.png,32.png,31.png,30.png,29.png,tray2.png,08.png,06.png,04.png,02.png,"[-245, 202]","[-95, 202]","[55, 202]","[205, 202]","[-245, 52]","[-95, 52]","[55, 52]","[205, 52]","[-245, -98]","[-95, -98]","[55, -98]","[205, -98]","[-245, -248]","[-95, -248]","[55, -248]","[205, -248]","[100, 100]","[100, 100]","[100, 100]","[100, 100]","[100, 100]","[100, 100]","[100, 100]","[100, 100]","[100, 100]","[100, 100]","[100, 100]","[100, 100]","[100, 100]","[100, 100]","[100, 100]","[100, 100]",ok.png,"[0, -375]","[150, 100]",430,both,16,3,m,1,1,1,1,0,0,0,0,0,0,0,1.63227415085,1.632274150848389,0,172,172,-81,-81,1,1,0,0,0,0,0,0,0,0.932703018188,0.9327030181884766,0,-270,-270,74,74,84
32.png,30.png,23.png,17.png,29.png,dots2.png,15.png,06.png,26.png,11.png,tray2.png,04.png,27.png,07.png,34.png,01.png,"[-248, 208]","[-98, 208]","[52, 208]","[202, 208]","[-248, 58]","[-98, 58]","[52, 58]","[202, 58]","[-248, -92]","[-98, -92]","[52, -92]","[202, -92]","[-248, -242]","[-98, -242]","[52, -242]","[202, -242]","[100, 100]","[100, 100]","[100, 100]","[100, 100]","[100, 100]","[100, 100]","[100, 100]","[100, 100]","[100, 100]","[100, 100]","[100, 100]","[100, 100]","[100, 100]","[100, 100]","[100, 100]","[100, 100]",ok.png,"[0, -375]","[150, 100]",431,both,16,3,m,1,1,1,1,0,0,0,0,0,0,0,0.666084110737,0.6660841107368469,0,26,26,-53,-53,1,1,0,0,0,0,0,0,0,0.832447171211,0.8324471712112427,0,-130,-130,97,97,197
17.png,09.png,22.png,06.png,27.png,13.png,dots2.png,18.png,25.png,tray2.png,03.png,07.png,05.png,02.png,24.png,12.png,"[-229, 224]","[-79, 224]","[71, 224]","[221, 224]","[-229, 74]","[-79, 74]","[71, 74]","[221, 74]","[-229, -76]","[-79, -76]","[71, -76]","[221, -76]","[-229, -226]","[-79, -226]","[71, -226]","[221, -226]","[100, 100]","[100, 100]","[100, 100]","[100, 100]","[100, 100]","[100, 100]","[100, 100]","[100, 100]","[100, 100]","[100, 100]","[100, 100]","[100, 100]","[100, 100]","[100, 100]","[100, 100]","[100, 100]",ok.png,"[0, -375]","[150, 100]",432,both,16,3,m,1,1,1,1,0,0,0,0,0,0,0,0.89902532100699994,0.8990253210067749,0,45,45,54,54,1,1,0,0,0,0,0,0,0,0.382801651955,0.3828016519546509,0,-31,-31,-46,-46,213
22.png,33.png,01.png,09.png,31.png,25.png,17.png,dots2.png,tray2.png,27.png,15.png,20.png,07.png,33.png,05.png,13.png,"[-226, 214]","[-76, 214]","[74, 214]","[224, 214]","[-226, 64]","[-76, 64]","[74, 64]","[224, 64]","[-226, -86]","[-76, -86]","[74, -86]","[224, -86]","[-226, -236]","[-76, -236]","[74, -236]","[224, -236]","[100, 100]","[100, 100]","[100, 100]","[100, 100]","[100, 100]","[100, 100]","[100, 100]","[100, 100]","[100, 100]","[100, 100]","[100, 100]","[100, 100]","[100, 100]","[100, 100]","[100, 100]","[100, 100]",ok.png,"[0, -375]","[150, 100]",433,both,16,3,m,1,1,1,1,0,0,0,0,0,0,0,2.06554150581,2.065541505813599,0,-224,-224,-85,-85,1,1,0,0,0,0,0,0,0,1.09945881367,1.099458813667297,0,218,218,67,67,61
33.png,31.png,25.png,21.png,27.png,23.png,29.png,tray2.png,dots2.png,04.png,08.png,02.png,16.png,13.png,10.png,07.png,"[-215, 208]","[-65, 208]","[85, 208]","[235, 208]","[-215, 58]","[-65, 58]","[85, 58]","[235, 58]","[-215, -92]","[-65, -92]","[85, -92]","[235, -92]","[-215, -242]","[-65, -242]","[85, -242]","[235, -242]","[100, 100]","[100, 100]","[100, 100]","[100, 100]","[100, 100]","[100, 100]","[100, 100]","[100, 100]","[100, 100]","[100, 100]","[100, 100]","[100, 100]","[100, 100]","[100, 100]","[100, 100]","[100, 100]",ok.png,"[0, -375]","[150, 100]",434,both,16,3,m,1,1,1,1,0,0,0,0,0,0,0,2.04904985428,2.049049854278564,0,210,210,53,53,1,1,0,0,0,0,0,0,0,1.2329505682,1.232950568199158,0,-2,-2,-386,-386,192
30.png,32.png,27.png,21.png,26.png,24.png,tray2.png,22.png,20.png,dots2.png,16.png,14.png,03.png,05.png,07.png,09.png,"[-212, 228]","[-62, 228]","[88, 228]","[238, 228]","[-212, 78]","[-62, 78]","[88, 78]","[238, 78]","[-212, -72]","[-62, -72]","[88, -72]","[238, -72]","[-212, -222]","[-62, -222]","[88, -222]","[238, -222]","[100, 100]","[100, 100]","[100, 100]","[100, 100]","[100, 100]","[100, 100]","[100, 100]","[100, 100]","[100, 100]","[100, 100]","[100, 100]","[100, 100]","[100, 100]","[100, 100]","[100, 100]","[100, 100]",ok.png,"[0, -375]","[150, 100]",435,both,16,3,m,1,1,1,1,0,0,0,0,0,0,0,0.882182836533,0.8821828365325928,0,115,115,48,48,1,1,0,0,0,0,0,0,0,0.482942014933,0.4829420149326324,0,-38,-38,-80,-80,150
01.png,18.png,27.png,24.png,21.png,tray2.png,19.png,16.png,32.png,34.png,dots2.png,13.png,31.png,33.png,14.png,05.png,"[-218, 204]","[-68, 204]","[82, 204]","[232, 204]","[-218, 54]","[-68, 54]","[82, 54]","[232, 54]","[-218, -96]","[-68, -96]","[82, -96]","[232, -96]","[-218, -246]","[-68, -246]","[82, -246]","[232, -246]","[100, 100]","[100, 100]","[100, 100]","[100, 100]","[100, 100]","[100, 100]","[100, 100]","[100, 100]","[100, 100]","[100, 100]","[100, 100]","[100, 100]","[100, 100]","[100, 100]","[100, 100]","[100, 100]",ok.png,"[0, -375]","[150, 100]",436,both,16,3,m,1,1,1,1,0,0,0,0,0,0,0,1.5325024128,1.532502412796021,0,-78,-78,64,64,1,1,0,0,0,0,0,0,0,0.465784043074,0.4657840430736542,0,55,55,-72,-72,12
34.png,27.png,08.png,18.png,tray2.png,11.png,16.png,21.png,17.png,04.png,24.png,dots2.png,25.png,20.png,15.png,10.png,"[-204, 216]","[-54, 216]","[96, 216]","[246, 216]","[-204, 66]","[-54, 66]","[96, 66]","[246, 66]","[-204, -84]","[-54, -84]","[96, -84]","[246, -84]","[-204, -234]","[-54, -234]","[96, -234]","[246, -234]","[100, 100]","[100, 100]","[100, 100]","[100, 100]","[100, 100]","[100, 100]","[100, 100]","[100, 100]","[100, 100]","[100, 100]","[100, 100]","[100, 100]","[100, 100]","[100, 100]","[100, 100]","[100, 100]",ok.png,"[0, -375]","[150, 100]",437,both,16,3,m,1,1,1,1,0,0,0,0,0,0,0,2.19888877869,2.198888778686523,0,244,244,-89,-89,1,1,0,0,0,0,0,0,0,1.33290064335,1.332900643348694,0,-204,-204,56,56,248
04.png,02.png,05.png,tray2.png,08.png,07.png,01.png,03.png,26.png,29.png,32.png,28.png,dots2.png,20.png,10.png,16.png,"[-207, 235]","[-57, 235]","[93, 235]","[243, 235]","[-207, 85]","[-57, 85]","[93, 85]","[243, 85]","[-207, -65]","[-57, -65]","[93, -65]","[243, -65]","[-207, -215]","[-57, -215]","[93, -215]","[243, -215]","[100, 100]","[100, 100]","[100, 100]","[100, 100]","[100, 100]","[100, 100]","[100, 100]","[100, 100]","[100, 100]","[100, 100]","[100, 100]","[100, 100]","[100, 100]","[100, 100]","[100, 100]","[100, 100]",ok.png,"[0, -375]","[150, 100]",438,both,16,3,m,1,1,1,1,0,0,0,0,0,0,0,0.998928487301,0.9989284873008728,0,232,232,231,231,1,1,0,0,0,0,0,0,0,0.63259190321,0.6325919032096863,0,-192,-192,-208,-208,174
01.png,12.png,tray2.png,23.png,10.png,02.png,28.png,13.png,08.png,33.png,03.png,15.png,16.png,dots2.png,17.png,29.png,"[-208, 232]","[-58, 232]","[92, 232]","[242, 232]","[-208, 82]","[-58, 82]","[92, 82]","[242, 82]","[-208, -68]","[-58, -68]","[92, -68]","[242, -68]","[-208, -218]","[-58, -218]","[92, -218]","[242, -218]","[100, 100]","[100, 100]","[100, 100]","[100, 100]","[100, 100]","[100, 100]","[100, 100]","[100, 100]","[100, 100]","[100, 100]","[100, 100]","[100, 100]","[100, 100]","[100, 100]","[100, 100]","[100, 100]",ok.png,"[0, -375]","[150, 100]",439,both,16,3,m,1,1,1,1,0,0,0,0,0,0,0,0.865683615208,0.8656836152076721,0,94,94,219,219,1,1,0,0,0,0,0,0,0,0.89952737093,0.899527370929718,0,-61,-61,-208,-208,16
24.png,tray2.png,03.png,07.png,13.png,17.png,23.png,27.png,33.png,04.png,06.png,14.png,16.png,08.png,dots2.png,32.png,"[-206, 239]","[-56, 239]","[94, 239]","[244, 239]","[-206, 89]","[-56, 89]","[94, 89]","[244, 89]","[-206, -61]","[-56, -61]","[94, -61]","[244, -61]","[-206, -211]","[-56, -211]","[94, -211]","[244, -211]","[100, 100]","[100, 100]","[100, 100]","[100, 100]","[100, 100]","[100, 100]","[100, 100]","[100, 100]","[100, 100]","[100, 100]","[100, 100]","[100, 100]","[100, 100]","[100, 100]","[100, 100]","[100, 100]",ok.png,"[0, -375]","[150, 100]",440,both,16,3,m,1,1,1,1,0,0,0,0,0,0,0,1.08222150803,1.082221508026123,0,-75,-75,221,221,1,1,0,0,0,0,0,0,0,1.13292968273,1.132929682731628,0,-31,-31,-366,-366,261
tray2.png,17.png,07.png,14.png,27.png,33.png,23.png,24.png,04.png,03.png,16.png,12.png,02.png,30.png,20.png,dots2.png,"[-220, 216]","[-70, 216]","[80, 216]","[230, 216]","[-220, 66]","[-70, 66]","[80, 66]","[230, 66]","[-220, -84]","[-70, -84]","[80, -84]","[230, -84]","[-220, -234]","[-70, -234]","[80, -234]","[230, -234]","[100, 100]","[100, 100]","[100, 100]","[100, 100]","[100, 100]","[100, 100]","[100, 100]","[100, 100]","[100, 100]","[100, 100]","[100, 100]","[100, 100]","[100, 100]","[100, 100]","[100, 100]","[100, 100]",ok.png,"[0, -375]","[150, 100]",441,both,16,3,m,1,1,1,1,0,0,0,0,0,0,0,1.88224709034,1.882247090339661,0,-224,-224,230,230,1,1,0,0,0,0,0,0,0,0.716178178787,0.7161781787872314,0,-52,-52,-367,-367,152
18.png,tray2.png,04.png,13.png,31.png,16.png,22.png,12.png,11.png,32.png,02.png,25.png,09.png,29.png,dots2.png,03.png,"[-201, 247]","[-51, 247]","[99, 247]","[249, 247]","[-201, 97]","[-51, 97]","[99, 97]","[249, 97]","[-201, -53]","[-51, -53]","[99, -53]","[249, -53]","[-201, -203]","[-51, -203]","[99, -203]","[249, -203]","[100, 100]","[100, 100]","[100, 100]","[100, 100]","[100, 100]","[100, 100]","[100, 100]","[100, 100]","[100, 100]","[100, 100]","[100, 100]","[100, 100]","[100, 100]","[100, 100]","[100, 100]","[100, 100]",ok.png,"[0, -375]","[150, 100]",442,both,16,3,m,1,1,1,1,0,0,0,0,0,0,0,1.24896740913,1.248967409133911,0,-47,-47,253,253,1,1,0,0,0,0,0,0,0,0.682935476303,0.6829354763031006,0,99,99,-211,-211,10
15.png,08.png,tray2.png,03.png,25.png,28.png,27.png,01.png,23.png,07.png,30.png,21.png,05.png,dots2.png,13.png,16.png,"[-204, 224]","[-54, 224]","[96, 224]","[246, 224]","[-204, 74]","[-54, 74]","[96, 74]","[246, 74]","[-204, -76]","[-54, -76]","[96, -76]","[246, -76]","[-204, -226]","[-54, -226]","[96, -226]","[246, -226]","[100, 100]","[100, 100]","[100, 100]","[100, 100]","[100, 100]","[100, 100]","[100, 100]","[100, 100]","[100, 100]","[100, 100]","[100, 100]","[100, 100]","[100, 100]","[100, 100]","[100, 100]","[100, 100]",ok.png,"[0, -375]","[150, 100]",443,both,16,3,m,1,1,1,1,0,0,0,0,0,0,0,1.3321378231,1.332137823104858,0,127,127,231,231,1,1,0,0,0,0,0,0,0,0.866053104401,0.8660531044006348,0,-45,-45,-310,-310,62
32.png,07.png,14.png,tray2.png,23.png,02.png,09.png,29.png,28.png,16.png,05.png,20.png,dots2.png,15.png,21.png,06.png,"[-228, 236]","[-78, 236]","[72, 236]","[222, 236]","[-228, 86]","[-78, 86]","[72, 86]","[222, 86]","[-228, -64]","[-78, -64]","[72, -64]","[222, -64]","[-228, -214]","[-78, -214]","[72, -214]","[222, -214]","[100, 100]","[100, 100]","[100, 100]","[100, 100]","[100, 100]","[100, 100]","[100, 100]","[100, 100]","[100, 100]","[100, 100]","[100, 100]","[100, 100]","[100, 100]","[100, 100]","[100, 100]","[100, 100]",ok.png,"[0, -375]","[150, 100]",444,both,16,3,m,1,1,1,1,0,0,0,0,0,0,0,1.21558523178,1.215585231781006,0,177,177,239,239,1,1,0,0,0,0,0,0,0,1.81652510166,1.816525101661682,0,-189,-189,-232,-232,378
03.png,32.png,21.png,31.png,tray2.png,08.png,30.png,15.png,34.png,19.png,17.png,dots2.png,28.png,01.png,11.png,06.png,"[-245, 208]","[-95, 208]","[55, 208]","[205, 208]","[-245, 58]","[-95, 58]","[55, 58]","[205, 58]","[-245, -92]","[-95, -92]","[55, -92]","[205, -92]","[-245, -242]","[-95, -242]","[55, -242]","[205, -242]","[100, 100]","[100, 100]","[100, 100]","[100, 100]","[100, 100]","[100, 100]","[100, 100]","[100, 100]","[100, 100]","[100, 100]","[100, 100]","[100, 100]","[100, 100]","[100, 100]","[100, 100]","[100, 100]",ok.png,"[0, -375]","[150, 100]",445,both,16,3,m,1,1,1,1,0,0,0,0,0,0,0,1.53263533115,1.53263533115387,0,-241,-241,70,70,1,1,0,0,0,0,0,0,0,0.416085332632,0.4160853326320648,0,204,204,-95,-95,42
28.png,22.png,16.png,13.png,10.png,tray2.png,09.png,07.png,27.png,24.png,dots2.png,32.png,04.png,12.png,03.png,09.png,"[-230, 233]","[-80, 233]","[70, 233]","[220, 233]","[-230, 83]","[-80, 83]","[70, 83]","[220, 83]","[-230, -67]","[-80, -67]","[70, -67]","[220, -67]","[-230, -217]","[-80, -217]","[70, -217]","[220, -217]","[100, 100]","[100, 100]","[100, 100]","[100, 100]","[100, 100]","[100, 100]","[100, 100]","[100, 100]","[100, 100]","[100, 100]","[100, 100]","[100, 100]","[100, 100]","[100, 100]","[100, 100]","[100, 100]",ok.png,"[0, -375]","[150, 100]",446,both,16,3,m,1,1,1,1,0,0,0,0,0,0,0,0.999040544033,0.9990405440330504,0,-73,-73,102,102,1,1,0,0,0,0,0,0,0,2.06605434418,2.066054344177246,0,79,79,-72,-72,238
30.png,26.png,20.png,34.png,10.png,07.png,tray2.png,01.png,08.png,dots2.png,19.png,33.png,12.png,25.png,14.png,18.png,"[-234, 211]","[-84, 211]","[66, 211]","[216, 211]","[-234, 61]","[-84, 61]","[66, 61]","[216, 61]","[-234, -89]","[-84, -89]","[66, -89]","[216, -89]","[-234, -239]","[-84, -239]","[66, -239]","[216, -239]","[100, 100]","[100, 100]","[100, 100]","[100, 100]","[100, 100]","[100, 100]","[100, 100]","[100, 100]","[100, 100]","[100, 100]","[100, 100]","[100, 100]","[100, 100]","[100, 100]","[100, 100]","[100, 100]",ok.png,"[0, -375]","[150, 100]",447,both,16,3,m,1,1,1,1,0,0,0,0,0,0,0,1.11582231522,1.115822315216064,0,71,71,84,84,1,1,0,0,0,0,0,0,0,0.482722699642,0.4827226996421814,0,-65,-65,-77,-77,75
01.png,33.png,24.png,26.png,30.png,04.png,02.png,tray2.png,dots2.png,25.png,14.png,21.png,18.png,17.png,13.png,11.png,"[-234, 211]","[-84, 211]","[66, 211]","[216, 211]","[-234, 61]","[-84, 61]","[66, 61]","[216, 61]","[-234, -89]","[-84, -89]","[66, -89]","[216, -89]","[-234, -239]","[-84, -239]","[66, -239]","[216, -239]","[100, 100]","[100, 100]","[100, 100]","[100, 100]","[100, 100]","[100, 100]","[100, 100]","[100, 100]","[100, 100]","[100, 100]","[100, 100]","[100, 100]","[100, 100]","[100, 100]","[100, 100]","[100, 100]",ok.png,"[0, -375]","[150, 100]",448,both,16,3,m,1,1,1,1,0,0,0,0,0,0,0,1.11543750763,1.115437507629395,0,236,236,53,53,1,1,0,0,0,0,0,0,0,0.566281974316,0.5662819743156433,0,-220,-220,-106,-106,254
19.png,03.png,29.png,09.png,30.png,26.png,31.png,dots2.png,tray2.png,22.png,07.png,11.png,20.png,10.png,14.png,08.png,"[-250, 247]","[-100, 247]","[50, 247]","[200, 247]","[-250, 97]","[-100, 97]","[50, 97]","[200, 97]","[-250, -53]","[-100, -53]","[50, -53]","[200, -53]","[-250, -203]","[-100, -203]","[50, -203]","[200, -203]","[100, 100]","[100, 100]","[100, 100]","[100, 100]","[100, 100]","[100, 100]","[100, 100]","[100, 100]","[100, 100]","[100, 100]","[100, 100]","[100, 100]","[100, 100]","[100, 100]","[100, 100]","[100, 100]",ok.png,"[0, -375]","[150, 100]",449,both,16,3,m,1,1,1,1,0,0,0,0,0,0,0,0.898953378201,0.898953378200531,0,193,193,55,55,1,1,0,0,0,0,0,0,0,0.782985389233,0.7829853892326355,0,-308,-308,-54,-54,374
26.png,29.png,32.png,19.png,05.png,14.png,dots2.png,33.png,30.png,tray2.png,21.png,23.png,11.png,13.png,03.png,31.png,"[-222, 214]","[-72, 214]","[78, 214]","[228, 214]","[-222, 64]","[-72, 64]","[78, 64]","[228, 64]","[-222, -86]","[-72, -86]","[78, -86]","[228, -86]","[-222, -236]","[-72, -236]","[78, -236]","[228, -236]","[100, 100]","[100, 100]","[100, 100]","[100, 100]","[100, 100]","[100, 100]","[100, 100]","[100, 100]","[100, 100]","[100, 100]","[100, 100]","[100, 100]","[100, 100]","[100, 100]","[100, 100]","[100, 100]",ok.png,"[0, -375]","[150, 100]",450,both,16,3,m,1,1,1,1,0,0,0,0,0,0,0,1.09982633591,1.099826335906982,0,-58,-58,-65,-65,1,1,0,0,0,0,0,0,0,0.449061840773,0.4490618407726288,0,33,33,30,30,97
NA,NA,NA,NA,NA,NA,NA,NA,NA,NA,NA,NA,NA,NA,NA,NA,NA,NA,NA,NA,NA,NA,NA,NA,NA,NA,NA,NA,NA,NA,NA,NA,NA,NA,NA,NA,NA,NA,NA,NA,NA,NA,NA,NA,NA,NA,NA,NA,NA,NA,NA,NA,NA,NA,NA,NA,NA,NA,NA,NA,NA,NA,NA,NA,NA,NA,NA,NA,NA,NA,NA,NA,NA,NA,NA,NA,NA,NA,NA,NA,NA,NA,NA,NA,NA,NA,NA,NA,NA,NA,NA
extraInfo,NA,NA,NA,NA,NA,NA,NA,NA,NA,NA,NA,NA,NA,NA,NA,NA,NA,NA,NA,NA,NA,NA,NA,NA,NA,NA,NA,NA,NA,NA,NA,NA,NA,NA,NA,NA,NA,NA,NA,NA,NA,NA,NA,NA,NA,NA,NA,NA,NA,NA,NA,NA,NA,NA,NA,NA,NA,NA,NA,NA,NA,NA,NA,NA,NA,NA,NA,NA,NA,NA,NA,NA,NA,NA,NA,NA,NA,NA,NA,NA,NA,NA,NA,NA,NA,NA,NA,NA,NA,NA
expName,sharexp,NA,NA,NA,NA,NA,NA,NA,NA,NA,NA,NA,NA,NA,NA,NA,NA,NA,NA,NA,NA,NA,NA,NA,NA,NA,NA,NA,NA,NA,NA,NA,NA,NA,NA,NA,NA,NA,NA,NA,NA,NA,NA,NA,NA,NA,NA,NA,NA,NA,NA,NA,NA,NA,NA,NA,NA,NA,NA,NA,NA,NA,NA,NA,NA,NA,NA,NA,NA,NA,NA,NA,NA,NA,NA,NA,NA,NA,NA,NA,NA,NA,NA,NA,NA,NA,NA,NA,NA,NA
age,NA,NA,NA,NA,NA,NA,NA,NA,NA,NA,NA,NA,NA,NA,NA,NA,NA,NA,NA,NA,NA,NA,NA,NA,NA,NA,NA,NA,NA,NA,NA,NA,NA,NA,NA,NA,NA,NA,NA,NA,NA,NA,NA,NA,NA,NA,NA,NA,NA,NA,NA,NA,NA,NA,NA,NA,NA,NA,NA,NA,NA,NA,NA,NA,NA,NA,NA,NA,NA,NA,NA,NA,NA,NA,NA,NA,NA,NA,NA,NA,NA,NA,NA,NA,NA,NA,NA,NA,NA,NA
frameRate,60.05898897580966,NA,NA,NA,NA,NA,NA,NA,NA,NA,NA,NA,NA,NA,NA,NA,NA,NA,NA,NA,NA,NA,NA,NA,NA,NA,NA,NA,NA,NA,NA,NA,NA,NA,NA,NA,NA,NA,NA,NA,NA,NA,NA,NA,NA,NA,NA,NA,NA,NA,NA,NA,NA,NA,NA,NA,NA,NA,NA,NA,NA,NA,NA,NA,NA,NA,NA,NA,NA,NA,NA,NA,NA,NA,NA,NA,NA,NA,NA,NA,NA,NA,NA,NA,NA,NA,NA,NA,NA,NA
session,1,NA,NA,NA,NA,NA,NA,NA,NA,NA,NA,NA,NA,NA,NA,NA,NA,NA,NA,NA,NA,NA,NA,NA,NA,NA,NA,NA,NA,NA,NA,NA,NA,NA,NA,NA,NA,NA,NA,NA,NA,NA,NA,NA,NA,NA,NA,NA,NA,NA,NA,NA,NA,NA,NA,NA,NA,NA,NA,NA,NA,NA,NA,NA,NA,NA,NA,NA,NA,NA,NA,NA,NA,NA,NA,NA,NA,NA,NA,NA,NA,NA,NA,NA,NA,NA,NA,NA,NA,NA
date,2019_May_13_1251,NA,NA,NA,NA,NA,NA,NA,NA,NA,NA,NA,NA,NA,NA,NA,NA,NA,NA,NA,NA,NA,NA,NA,NA,NA,NA,NA,NA,NA,NA,NA,NA,NA,NA,NA,NA,NA,NA,NA,NA,NA,NA,NA,NA,NA,NA,NA,NA,NA,NA,NA,NA,NA,NA,NA,NA,NA,NA,NA,NA,NA,NA,NA,NA,NA,NA,NA,NA,NA,NA,NA,NA,NA,NA,NA,NA,NA,NA,NA,NA,NA,NA,NA,NA,NA,NA,NA,NA,NA
participant,16,NA,NA,NA,NA,NA,NA,NA,NA,NA,NA,NA,NA,NA,NA,NA,NA,NA,NA,NA,NA,NA,NA,NA,NA,NA,NA,NA,NA,NA,NA,NA,NA,NA,NA,NA,NA,NA,NA,NA,NA,NA,NA,NA,NA,NA,NA,NA,NA,NA,NA,NA,NA,NA,NA,NA,NA,NA,NA,NA,NA,NA,NA,NA,NA,NA,NA,NA,NA,NA,NA,NA,NA,NA,NA,NA,NA,NA,NA,NA,NA,NA,NA,NA,NA,NA,NA,NA,NA,NA
