stim1,stim2,stim3,stim4,stim5,stim6,stim7,stim8,stim9,stim10,stim11,stim12,stim13,stim14,stim15,stim16,pos1,pos2,pos3,pos4,pos5,pos6,pos7,pos8,pos9,pos10,pos11,pos12,pos13,pos14,pos15,pos16,size1,size2,size3,size4,size5,size6,size7,size8,size9,size10,size11,size12,size13,size14,size15,size16,ok,posok,sizeok,numtrial,trialtype,setsize,trialtypenum,ser,sernum,n,mouse_main1.leftButton_mean,mouse_main1.leftButton_raw,mouse_main1.leftButton_std,mouse_main1.midButton_mean,mouse_main1.midButton_raw,mouse_main1.midButton_std,mouse_main1.rightButton_mean,mouse_main1.rightButton_raw,mouse_main1.rightButton_std,mouse_main1.time_mean,mouse_main1.time_raw,mouse_main1.time_std,mouse_main1.x_mean,mouse_main1.x_raw,mouse_main1.y_mean,mouse_main1.y_raw,mouse_main2.leftButton_mean,mouse_main2.leftButton_raw,mouse_main2.leftButton_std,mouse_main2.midButton_mean,mouse_main2.midButton_raw,mouse_main2.midButton_std,mouse_main2.rightButton_mean,mouse_main2.rightButton_raw,mouse_main2.rightButton_std,mouse_main2.time_mean,mouse_main2.time_raw,mouse_main2.time_std,mouse_main2.x_mean,mouse_main2.x_raw,mouse_main2.y_mean,mouse_main2.y_raw,order
tray1.png,01.png,02.png,03.png,04.png,05.png,06.png,07.png,00.png,00.png,00.png,00.png,00.png,00.png,00.png,00.png,"[-238, 202]","[-88, 202]","[62, 202]","[212, 202]","[-238, 52]","[-88, 52]","[62, 52]","[212, 52]","[-238, -98]","[-88, -98]","[62, -98]","[212, -98]","[-238, -248]","[-88, -248]","[62, -248]","[212, -248]","[100, 100]","[100, 100]","[100, 100]","[100, 100]","[100, 100]","[100, 100]","[100, 100]","[100, 100]","[100, 100]","[100, 100]","[100, 100]","[100, 100]","[100, 100]","[100, 100]","[100, 100]","[100, 100]",ok.png,"[0, -375]","[150, 100]",1,tray,8,1,m,1,1,1,1,0,0,0,0,0,0,0,1.22619557381,1.226195573806763,0,-254,-254,196,196,1,1,0,0,0,0,0,0,0,0.979614019394,0.9796140193939208,0,30,30,-407,-407,65
08.png,tray1.png,09.png,00.png,10.png,11.png,12.png,13.png,00.png,14.png,00.png,00.png,00.png,00.png,00.png,00.png,"[-213, 226]","[-63, 226]","[87, 226]","[237, 226]","[-213, 76]","[-63, 76]","[87, 76]","[237, 76]","[-213, -74]","[-63, -74]","[87, -74]","[237, -74]","[-213, -224]","[-63, -224]","[87, -224]","[237, -224]","[100, 100]","[100, 100]","[100, 100]","[100, 100]","[100, 100]","[100, 100]","[100, 100]","[100, 100]","[100, 100]","[100, 100]","[100, 100]","[100, 100]","[100, 100]","[100, 100]","[100, 100]","[100, 100]",ok.png,"[0, -375]","[150, 100]",2,tray,8,1,m,1,1,1,1,0,0,0,0,0,0,0,0.900128245354,0.9001282453536987,0,-48,-48,190,190,1,1,0,0,0,0,0,0,0,0.745134413242,0.7451344132423401,0,-4,-4,-383,-383,161
00.png,00.png,tray1.png,15.png,16.png,17.png,18.png,19.png,20.png,21.png,00.png,00.png,00.png,00.png,00.png,00.png,"[-234, 217]","[-84, 217]","[66, 217]","[216, 217]","[-234, 67]","[-84, 67]","[66, 67]","[216, 67]","[-234, -83]","[-84, -83]","[66, -83]","[216, -83]","[-234, -233]","[-84, -233]","[66, -233]","[216, -233]","[100, 100]","[100, 100]","[100, 100]","[100, 100]","[100, 100]","[100, 100]","[100, 100]","[100, 100]","[100, 100]","[100, 100]","[100, 100]","[100, 100]","[100, 100]","[100, 100]","[100, 100]","[100, 100]",ok.png,"[0, -375]","[150, 100]",3,tray,8,1,m,1,1,1,1,0,0,0,0,0,0,0,0.853503346443,0.8535033464431763,0,88,88,205,205,1,1,0,0,0,0,0,0,0,0.808375179768,0.8083751797676086,0,16,16,-350,-350,379
22.png,23.png,24.png,tray1.png,00.png,00.png,25.png,26.png,00.png,00.png,27.png,28.png,00.png,00.png,00.png,00.png,"[-247, 218]","[-97, 218]","[53, 218]","[203, 218]","[-247, 68]","[-97, 68]","[53, 68]","[203, 68]","[-247, -82]","[-97, -82]","[53, -82]","[203, -82]","[-247, -232]","[-97, -232]","[53, -232]","[203, -232]","[100, 100]","[100, 100]","[100, 100]","[100, 100]","[100, 100]","[100, 100]","[100, 100]","[100, 100]","[100, 100]","[100, 100]","[100, 100]","[100, 100]","[100, 100]","[100, 100]","[100, 100]","[100, 100]",ok.png,"[0, -375]","[150, 100]",4,tray,8,1,m,1,1,1,1,0,0,0,0,0,0,0,1.32442891598,1.324428915977478,0,204,204,209,209,1,1,0,0,0,0,0,0,0,0.914937376976,0.9149373769760132,0,-32,-32,-405,-405,160
00.png,00.png,00.png,00.png,tray1.png,29.png,30.png,31.png,32.png,33.png,34.png,01.png,00.png,00.png,00.png,00.png,"[-243, 209]","[-93, 209]","[57, 209]","[207, 209]","[-243, 59]","[-93, 59]","[57, 59]","[207, 59]","[-243, -91]","[-93, -91]","[57, -91]","[207, -91]","[-243, -241]","[-93, -241]","[57, -241]","[207, -241]","[100, 100]","[100, 100]","[100, 100]","[100, 100]","[100, 100]","[100, 100]","[100, 100]","[100, 100]","[100, 100]","[100, 100]","[100, 100]","[100, 100]","[100, 100]","[100, 100]","[100, 100]","[100, 100]",ok.png,"[0, -375]","[150, 100]",5,tray,8,1,m,1,1,1,1,0,0,0,0,0,0,0,0.993026673794,0.9930266737937928,0,-224,-224,59,59,1,1,0,0,0,0,0,0,0,0.623063445091,0.6230634450912476,0,7,7,-406,-406,322
01.png,34.png,00.png,00.png,04.png,tray1.png,00.png,00.png,06.png,15.png,00.png,00.png,17.png,23.png,00.png,00.png,"[-210, 240]","[-60, 240]","[90, 240]","[240, 240]","[-210, 90]","[-60, 90]","[90, 90]","[240, 90]","[-210, -60]","[-60, -60]","[90, -60]","[240, -60]","[-210, -210]","[-60, -210]","[90, -210]","[240, -210]","[100, 100]","[100, 100]","[100, 100]","[100, 100]","[100, 100]","[100, 100]","[100, 100]","[100, 100]","[100, 100]","[100, 100]","[100, 100]","[100, 100]","[100, 100]","[100, 100]","[100, 100]","[100, 100]",ok.png,"[0, -375]","[150, 100]",6,tray,8,1,m,1,1,1,1,0,0,0,0,0,0,0,0.759468376637,0.7594683766365051,0,-56,-56,72,72,1,1,0,0,0,0,0,0,0,1.26121151447,1.261211514472961,0,-16,-16,-357,-357,26
00.png,00.png,00.png,00.png,07.png,03.png,tray1.png,25.png,00.png,00.png,00.png,00.png,06.png,22.png,09.png,14.png,"[-227, 216]","[-77, 216]","[73, 216]","[223, 216]","[-227, 66]","[-77, 66]","[73, 66]","[223, 66]","[-227, -84]","[-77, -84]","[73, -84]","[223, -84]","[-227, -234]","[-77, -234]","[73, -234]","[223, -234]","[100, 100]","[100, 100]","[100, 100]","[100, 100]","[100, 100]","[100, 100]","[100, 100]","[100, 100]","[100, 100]","[100, 100]","[100, 100]","[100, 100]","[100, 100]","[100, 100]","[100, 100]","[100, 100]",ok.png,"[0, -375]","[150, 100]",7,tray,8,1,m,1,1,1,1,0,0,0,0,0,0,0,0.667114973068,0.6671149730682373,0,77,77,43,43,1,1,0,0,0,0,0,0,0,0.62259542942,0.6225954294204712,0,18,18,-409,-409,198
00.png,05.png,33.png,07.png,00.png,00.png,27.png,tray1.png,00.png,17.png,30.png,31.png,00.png,00.png,00.png,00.png,"[-237, 202]","[-87, 202]","[63, 202]","[213, 202]","[-237, 52]","[-87, 52]","[63, 52]","[213, 52]","[-237, -98]","[-87, -98]","[63, -98]","[213, -98]","[-237, -248]","[-87, -248]","[63, -248]","[213, -248]","[100, 100]","[100, 100]","[100, 100]","[100, 100]","[100, 100]","[100, 100]","[100, 100]","[100, 100]","[100, 100]","[100, 100]","[100, 100]","[100, 100]","[100, 100]","[100, 100]","[100, 100]","[100, 100]",ok.png,"[0, -375]","[150, 100]",8,tray,8,1,m,1,1,1,1,0,0,0,0,0,0,0,0.993823111057,0.9938231110572816,0,204,204,58,58,1,1,0,0,0,0,0,0,0,0.66802740097,0.668027400970459,0,19,19,-387,-387,57
00.png,00.png,00.png,00.png,00.png,00.png,00.png,00.png,tray1.png,29.png,23.png,27.png,21.png,25.png,31.png,33.png,"[-229, 207]","[-79, 207]","[71, 207]","[221, 207]","[-229, 57]","[-79, 57]","[71, 57]","[221, 57]","[-229, -93]","[-79, -93]","[71, -93]","[221, -93]","[-229, -243]","[-79, -243]","[71, -243]","[221, -243]","[100, 100]","[100, 100]","[100, 100]","[100, 100]","[100, 100]","[100, 100]","[100, 100]","[100, 100]","[100, 100]","[100, 100]","[100, 100]","[100, 100]","[100, 100]","[100, 100]","[100, 100]","[100, 100]",ok.png,"[0, -375]","[150, 100]",9,tray,8,1,m,1,1,1,1,0,0,0,0,0,0,0,1.86437165737,1.864371657371521,0,-251,-251,-89,-89,1,1,0,0,0,0,0,0,0,0.684105455875,0.6841054558753967,0,-24,-24,-397,-397,59
00.png,00.png,00.png,00.png,14.png,16.png,18.png,20.png,22.png,tray1.png,24.png,26.png,00.png,00.png,00.png,00.png,"[-234, 221]","[-84, 221]","[66, 221]","[216, 221]","[-234, 71]","[-84, 71]","[66, 71]","[216, 71]","[-234, -79]","[-84, -79]","[66, -79]","[216, -79]","[-234, -229]","[-84, -229]","[66, -229]","[216, -229]","[100, 100]","[100, 100]","[100, 100]","[100, 100]","[100, 100]","[100, 100]","[100, 100]","[100, 100]","[100, 100]","[100, 100]","[100, 100]","[100, 100]","[100, 100]","[100, 100]","[100, 100]","[100, 100]",ok.png,"[0, -375]","[150, 100]",10,tray,8,1,m,1,1,1,1,0,0,0,0,0,0,0,1.50885093212,1.508850932121277,0,-81,-81,-75,-75,1,1,0,0,0,0,0,0,0,0.542777478695,0.5427774786949158,0,14,14,-405,-405,274
00.png,00.png,00.png,00.png,13.png,10.png,00.png,00.png,16.png,19.png,tray1.png,21.png,24.png,27.png,00.png,00.png,"[-207, 247]","[-57, 247]","[93, 247]","[243, 247]","[-207, 97]","[-57, 97]","[93, 97]","[243, 97]","[-207, -53]","[-57, -53]","[93, -53]","[243, -53]","[-207, -203]","[-57, -203]","[93, -203]","[243, -203]","[100, 100]","[100, 100]","[100, 100]","[100, 100]","[100, 100]","[100, 100]","[100, 100]","[100, 100]","[100, 100]","[100, 100]","[100, 100]","[100, 100]","[100, 100]","[100, 100]","[100, 100]","[100, 100]",ok.png,"[0, -375]","[150, 100]",11,tray,8,1,m,1,1,1,1,0,0,0,0,0,0,0,1.45816707611,1.45816707611084,0,77,77,-61,-61,1,1,0,0,0,0,0,0,0,0.91733187437099994,0.917331874370575,0,3,3,-365,-365,18
10.png,15.png,20.png,25.png,00.png,00.png,00.png,00.png,21.png,16.png,11.png,tray1.png,00.png,00.png,00.png,00.png,"[-230, 233]","[-80, 233]","[70, 233]","[220, 233]","[-230, 83]","[-80, 83]","[70, 83]","[220, 83]","[-230, -67]","[-80, -67]","[70, -67]","[220, -67]","[-230, -217]","[-80, -217]","[70, -217]","[220, -217]","[100, 100]","[100, 100]","[100, 100]","[100, 100]","[100, 100]","[100, 100]","[100, 100]","[100, 100]","[100, 100]","[100, 100]","[100, 100]","[100, 100]","[100, 100]","[100, 100]","[100, 100]","[100, 100]",ok.png,"[0, -375]","[150, 100]",12,tray,8,1,m,1,1,1,1,0,0,0,0,0,0,0,1.32266330719,1.322663307189941,0,215,215,-58,-58,1,1,0,0,0,0,0,0,0,0.620662808418,0.6206628084182739,0,-28,-28,-390,-390,96
00.png,00.png,00.png,00.png,00.png,00.png,00.png,00.png,03.png,01.png,07.png,08.png,tray1.png,05.png,02.png,04.png,"[-201, 216]","[-51, 216]","[99, 216]","[249, 216]","[-201, 66]","[-51, 66]","[99, 66]","[249, 66]","[-201, -84]","[-51, -84]","[99, -84]","[249, -84]","[-201, -234]","[-51, -234]","[99, -234]","[249, -234]","[100, 100]","[100, 100]","[100, 100]","[100, 100]","[100, 100]","[100, 100]","[100, 100]","[100, 100]","[100, 100]","[100, 100]","[100, 100]","[100, 100]","[100, 100]","[100, 100]","[100, 100]","[100, 100]",ok.png,"[0, -375]","[150, 100]",13,tray,8,1,m,1,1,1,1,0,0,0,0,0,0,0,1.18327820301,1.183278203010559,0,-189,-189,-247,-247,1,1,0,0,0,0,0,0,0,0.714270472527,0.7142704725265503,0,-16,-16,-405,-405,12
29.png,00.png,00.png,16.png,00.png,00.png,33.png,08.png,13.png,00.png,00.png,00.png,23.png,tray1.png,12.png,00.png,"[-246, 224]","[-96, 224]","[54, 224]","[204, 224]","[-246, 74]","[-96, 74]","[54, 74]","[204, 74]","[-246, -76]","[-96, -76]","[54, -76]","[204, -76]","[-246, -226]","[-96, -226]","[54, -226]","[204, -226]","[100, 100]","[100, 100]","[100, 100]","[100, 100]","[100, 100]","[100, 100]","[100, 100]","[100, 100]","[100, 100]","[100, 100]","[100, 100]","[100, 100]","[100, 100]","[100, 100]","[100, 100]","[100, 100]",ok.png,"[0, -375]","[150, 100]",14,tray,8,1,m,1,1,1,1,0,0,0,0,0,0,0,0.900829553604,0.900829553604126,0,-93,-93,-232,-232,1,1,0,0,0,0,0,0,0,1.38484287262,1.384842872619629,0,-31,-31,-427,-427,374
00.png,00.png,00.png,00.png,00.png,00.png,00.png,33.png,27.png,23.png,17.png,13.png,07.png,03.png,tray1.png,00.png,"[-212, 232]","[-62, 232]","[88, 232]","[238, 232]","[-212, 82]","[-62, 82]","[88, 82]","[238, 82]","[-212, -68]","[-62, -68]","[88, -68]","[238, -68]","[-212, -218]","[-62, -218]","[88, -218]","[238, -218]","[100, 100]","[100, 100]","[100, 100]","[100, 100]","[100, 100]","[100, 100]","[100, 100]","[100, 100]","[100, 100]","[100, 100]","[100, 100]","[100, 100]","[100, 100]","[100, 100]","[100, 100]","[100, 100]",ok.png,"[0, -375]","[150, 100]",15,tray,8,1,m,1,1,1,1,0,0,0,0,0,0,0,1.33348822594,1.33348822593689,0,112,112,-254,-254,1,1,0,0,0,0,0,0,0,0.687040090561,0.6870400905609131,0,6,6,-407,-407,192
04.png,20.png,30.png,02.png,00.png,00.png,00.png,00.png,00.png,00.png,00.png,00.png,14.png,07.png,17.png,tray1.png,"[-203, 230]","[-53, 230]","[97, 230]","[247, 230]","[-203, 80]","[-53, 80]","[97, 80]","[247, 80]","[-203, -70]","[-53, -70]","[97, -70]","[247, -70]","[-203, -220]","[-53, -220]","[97, -220]","[247, -220]","[100, 100]","[100, 100]","[100, 100]","[100, 100]","[100, 100]","[100, 100]","[100, 100]","[100, 100]","[100, 100]","[100, 100]","[100, 100]","[100, 100]","[100, 100]","[100, 100]","[100, 100]","[100, 100]",ok.png,"[0, -375]","[150, 100]",16,tray,8,1,m,1,1,1,1,0,0,0,0,0,0,0,1.14843308926,1.148433089256287,0,259,259,-206,-206,1,1,0,0,0,0,0,0,0,1.29360711575,1.293607115745544,0,-4,-4,-386,-386,359
00.png,19.png,29.png,00.png,00.png,02.png,32.png,00.png,00.png,22.png,16.png,00.png,00.png,04.png,tray1.png,00.png,"[-211, 217]","[-61, 217]","[89, 217]","[239, 217]","[-211, 67]","[-61, 67]","[89, 67]","[239, 67]","[-211, -83]","[-61, -83]","[89, -83]","[239, -83]","[-211, -233]","[-61, -233]","[89, -233]","[239, -233]","[100, 100]","[100, 100]","[100, 100]","[100, 100]","[100, 100]","[100, 100]","[100, 100]","[100, 100]","[100, 100]","[100, 100]","[100, 100]","[100, 100]","[100, 100]","[100, 100]","[100, 100]","[100, 100]",ok.png,"[0, -375]","[150, 100]",17,tray,8,1,m,1,1,1,1,0,0,0,0,0,0,0,1.21174633503,1.211746335029602,0,73,73,-249,-249,1,1,0,0,0,0,0,0,0,0.697914242744,0.6979142427444458,0,15,15,-348,-348,120
00.png,00.png,00.png,05.png,21.png,00.png,00.png,00.png,00.png,27.png,28.png,25.png,03.png,tray1.png,08.png,00.png,"[-223, 227]","[-73, 227]","[77, 227]","[227, 227]","[-223, 77]","[-73, 77]","[77, 77]","[227, 77]","[-223, -73]","[-73, -73]","[77, -73]","[227, -73]","[-223, -223]","[-73, -223]","[77, -223]","[227, -223]","[100, 100]","[100, 100]","[100, 100]","[100, 100]","[100, 100]","[100, 100]","[100, 100]","[100, 100]","[100, 100]","[100, 100]","[100, 100]","[100, 100]","[100, 100]","[100, 100]","[100, 100]","[100, 100]",ok.png,"[0, -375]","[150, 100]",18,tray,8,1,m,1,1,1,1,0,0,0,0,0,0,0,1.29159581661,1.291595816612244,0,-79,-79,-221,-221,1,1,0,0,0,0,0,0,0,1.13550758362,1.135507583618164,0,-4,-4,-410,-410,14
06.png,00.png,15.png,17.png,00.png,00.png,16.png,00.png,00.png,09.png,00.png,23.png,tray1.png,00.png,07.png,00.png,"[-247, 249]","[-97, 249]","[53, 249]","[203, 249]","[-247, 99]","[-97, 99]","[53, 99]","[203, 99]","[-247, -51]","[-97, -51]","[53, -51]","[203, -51]","[-247, -201]","[-97, -201]","[53, -201]","[203, -201]","[100, 100]","[100, 100]","[100, 100]","[100, 100]","[100, 100]","[100, 100]","[100, 100]","[100, 100]","[100, 100]","[100, 100]","[100, 100]","[100, 100]","[100, 100]","[100, 100]","[100, 100]","[100, 100]",ok.png,"[0, -375]","[150, 100]",19,tray,8,1,m,1,1,1,1,0,0,0,0,0,0,0,2.19768595695,2.197685956954956,0,-251,-251,-205,-205,1,1,0,0,0,0,0,0,0,0.50988817215,0.5098881721496582,0,9,9,-404,-404,191
00.png,11.png,00.png,00.png,12.png,00.png,00.png,34.png,00.png,30.png,08.png,tray1.png,31.png,00.png,32.png,00.png,"[-208, 210]","[-58, 210]","[92, 210]","[242, 210]","[-208, 60]","[-58, 60]","[92, 60]","[242, 60]","[-208, -90]","[-58, -90]","[92, -90]","[242, -90]","[-208, -240]","[-58, -240]","[92, -240]","[242, -240]","[100, 100]","[100, 100]","[100, 100]","[100, 100]","[100, 100]","[100, 100]","[100, 100]","[100, 100]","[100, 100]","[100, 100]","[100, 100]","[100, 100]","[100, 100]","[100, 100]","[100, 100]","[100, 100]",ok.png,"[0, -375]","[150, 100]",20,tray,8,1,m,1,1,1,1,0,0,0,0,0,0,0,1.14974403381,1.149744033813477,0,244,244,-82,-82,1,1,0,0,0,0,0,0,0,0.87122631073,0.8712263107299805,0,-29,-29,-386,-386,122
00.png,00.png,00.png,00.png,00.png,00.png,24.png,27.png,07.png,09.png,tray1.png,10.png,13.png,16.png,00.png,00.png,"[-216, 205]","[-66, 205]","[84, 205]","[234, 205]","[-216, 55]","[-66, 55]","[84, 55]","[234, 55]","[-216, -95]","[-66, -95]","[84, -95]","[234, -95]","[-216, -245]","[-66, -245]","[84, -245]","[234, -245]","[100, 100]","[100, 100]","[100, 100]","[100, 100]","[100, 100]","[100, 100]","[100, 100]","[100, 100]","[100, 100]","[100, 100]","[100, 100]","[100, 100]","[100, 100]","[100, 100]","[100, 100]","[100, 100]",ok.png,"[0, -375]","[150, 100]",21,tray,8,1,m,1,1,1,1,0,0,0,0,0,0,0,1.88128042221,1.881280422210693,0,83,83,-113,-113,1,1,0,0,0,0,0,0,0,0.702223539352,0.702223539352417,0,-17,-17,-401,-401,81
00.png,00.png,25.png,00.png,33.png,00.png,05.png,00.png,01.png,tray1.png,00.png,10.png,00.png,20.png,00.png,30.png,"[-204, 208]","[-54, 208]","[96, 208]","[246, 208]","[-204, 58]","[-54, 58]","[96, 58]","[246, 58]","[-204, -92]","[-54, -92]","[96, -92]","[246, -92]","[-204, -242]","[-54, -242]","[96, -242]","[246, -242]","[100, 100]","[100, 100]","[100, 100]","[100, 100]","[100, 100]","[100, 100]","[100, 100]","[100, 100]","[100, 100]","[100, 100]","[100, 100]","[100, 100]","[100, 100]","[100, 100]","[100, 100]","[100, 100]",ok.png,"[0, -375]","[150, 100]",22,tray,8,1,m,1,1,1,1,0,0,0,0,0,0,0,1.08453369141,1.08453369140625,0,-74,-74,-91,-91,1,1,0,0,0,0,0,0,0,0.996203541756,0.9962035417556764,0,5,5,-396,-396,13
00.png,00.png,00.png,18.png,00.png,14.png,00.png,09.png,tray1.png,02.png,04.png,00.png,26.png,24.png,00.png,00.png,"[-214, 219]","[-64, 219]","[86, 219]","[236, 219]","[-214, 69]","[-64, 69]","[86, 69]","[236, 69]","[-214, -81]","[-64, -81]","[86, -81]","[236, -81]","[-214, -231]","[-64, -231]","[86, -231]","[236, -231]","[100, 100]","[100, 100]","[100, 100]","[100, 100]","[100, 100]","[100, 100]","[100, 100]","[100, 100]","[100, 100]","[100, 100]","[100, 100]","[100, 100]","[100, 100]","[100, 100]","[100, 100]","[100, 100]",ok.png,"[0, -375]","[150, 100]",23,tray,8,1,m,1,1,1,1,0,0,0,0,0,0,0,0.820905506611,0.8209055066108704,0,-224,-224,-92,-92,1,1,0,0,0,0,0,0,0,0.856221795082,0.8562217950820923,0,17,17,-392,-392,144
00.png,14.png,00.png,00.png,11.png,07.png,00.png,tray1.png,18.png,00.png,00.png,30.png,09.png,00.png,00.png,19.png,"[-216, 234]","[-66, 234]","[84, 234]","[234, 234]","[-216, 84]","[-66, 84]","[84, 84]","[234, 84]","[-216, -66]","[-66, -66]","[84, -66]","[234, -66]","[-216, -216]","[-66, -216]","[84, -216]","[234, -216]","[100, 100]","[100, 100]","[100, 100]","[100, 100]","[100, 100]","[100, 100]","[100, 100]","[100, 100]","[100, 100]","[100, 100]","[100, 100]","[100, 100]","[100, 100]","[100, 100]","[100, 100]","[100, 100]",ok.png,"[0, -375]","[150, 100]",24,tray,8,1,m,1,1,1,1,0,0,0,0,0,0,0,1.02139592171,1.021395921707153,0,220,220,67,67,1,1,0,0,0,0,0,0,0,0.761264503002,0.7612645030021667,0,6,6,-362,-362,186
31.png,00.png,13.png,00.png,23.png,00.png,tray1.png,00.png,33.png,00.png,14.png,00.png,19.png,00.png,29.png,00.png,"[-212, 241]","[-62, 241]","[88, 241]","[238, 241]","[-212, 91]","[-62, 91]","[88, 91]","[238, 91]","[-212, -59]","[-62, -59]","[88, -59]","[238, -59]","[-212, -209]","[-62, -209]","[88, -209]","[238, -209]","[100, 100]","[100, 100]","[100, 100]","[100, 100]","[100, 100]","[100, 100]","[100, 100]","[100, 100]","[100, 100]","[100, 100]","[100, 100]","[100, 100]","[100, 100]","[100, 100]","[100, 100]","[100, 100]",ok.png,"[0, -375]","[150, 100]",25,tray,8,1,m,1,1,1,1,0,0,0,0,0,0,0,0.757085204124,0.7570852041244507,0,79,79,112,112,1,1,0,0,0,0,0,0,0,1.46202480793,1.462024807929993,0,15,15,-368,-368,63
00.png,00.png,00.png,00.png,00.png,00.png,00.png,00.png,07.png,06.png,05.png,04.png,03.png,02.png,01.png,tray2.png,"[-238, 249]","[-88, 249]","[62, 249]","[212, 249]","[-238, 99]","[-88, 99]","[62, 99]","[212, 99]","[-238, -51]","[-88, -51]","[62, -51]","[212, -51]","[-238, -201]","[-88, -201]","[62, -201]","[212, -201]","[100, 100]","[100, 100]","[100, 100]","[100, 100]","[100, 100]","[100, 100]","[100, 100]","[100, 100]","[100, 100]","[100, 100]","[100, 100]","[100, 100]","[100, 100]","[100, 100]","[100, 100]","[100, 100]",ok.png,"[0, -375]","[150, 100]",26,tray,8,1,m,1,1,1,1,0,0,0,0,0,0,0,1.04109251499,1.04109251499176,0,221,221,-213,-213,1,1,0,0,0,0,0,0,0,0.589460492134,0.5894604921340942,0,1,1,-396,-396,275
00.png,00.png,00.png,00.png,00.png,00.png,14.png,00.png,13.png,12.png,11.png,10.png,00.png,09.png,tray2.png,08.png,"[-241, 213]","[-91, 213]","[59, 213]","[209, 213]","[-241, 63]","[-91, 63]","[59, 63]","[209, 63]","[-241, -87]","[-91, -87]","[59, -87]","[209, -87]","[-241, -237]","[-91, -237]","[59, -237]","[209, -237]","[100, 100]","[100, 100]","[100, 100]","[100, 100]","[100, 100]","[100, 100]","[100, 100]","[100, 100]","[100, 100]","[100, 100]","[100, 100]","[100, 100]","[100, 100]","[100, 100]","[100, 100]","[100, 100]",ok.png,"[0, -375]","[150, 100]",27,tray,8,1,m,1,1,1,1,0,0,0,0,0,0,0,0.962170898914,0.9621708989143372,0,40,40,-236,-236,1,1,0,0,0,0,0,0,0,0.592804014683,0.5928040146827698,0,-3,-3,-372,-372,129
00.png,00.png,00.png,00.png,00.png,00.png,21.png,20.png,19.png,18.png,17.png,16.png,15.png,tray2.png,00.png,00.png,"[-240, 216]","[-90, 216]","[60, 216]","[210, 216]","[-240, 66]","[-90, 66]","[60, 66]","[210, 66]","[-240, -84]","[-90, -84]","[60, -84]","[210, -84]","[-240, -234]","[-90, -234]","[60, -234]","[210, -234]","[100, 100]","[100, 100]","[100, 100]","[100, 100]","[100, 100]","[100, 100]","[100, 100]","[100, 100]","[100, 100]","[100, 100]","[100, 100]","[100, 100]","[100, 100]","[100, 100]","[100, 100]","[100, 100]",ok.png,"[0, -375]","[150, 100]",28,tray,8,1,m,1,1,1,1,0,0,0,0,0,0,0,1.20939767361,1.209397673606873,0,-113,-113,-238,-238,1,1,0,0,0,0,0,0,0,0.514142394066,0.5141423940658569,0,39,39,-427,-427,332
00.png,00.png,00.png,00.png,00.png,00.png,31.png,27.png,26.png,28.png,00.png,00.png,tray2.png,24.png,23.png,22.png,"[-226, 218]","[-76, 218]","[74, 218]","[224, 218]","[-226, 68]","[-76, 68]","[74, 68]","[224, 68]","[-226, -82]","[-76, -82]","[74, -82]","[224, -82]","[-226, -232]","[-76, -232]","[74, -232]","[224, -232]","[100, 100]","[100, 100]","[100, 100]","[100, 100]","[100, 100]","[100, 100]","[100, 100]","[100, 100]","[100, 100]","[100, 100]","[100, 100]","[100, 100]","[100, 100]","[100, 100]","[100, 100]","[100, 100]",ok.png,"[0, -375]","[150, 100]",29,tray,8,1,m,1,1,1,1,0,0,0,0,0,0,0,1.55198144913,1.551981449127197,0,-254,-254,-265,-265,1,1,0,0,0,0,0,0,0,0.919272661209,0.9192726612091064,0,32,32,-381,-381,15
00.png,00.png,00.png,00.png,01.png,34.png,33.png,32.png,31.png,30.png,29.png,tray2.png,00.png,00.png,00.png,00.png,"[-236, 236]","[-86, 236]","[64, 236]","[214, 236]","[-236, 86]","[-86, 86]","[64, 86]","[214, 86]","[-236, -64]","[-86, -64]","[64, -64]","[214, -64]","[-236, -214]","[-86, -214]","[64, -214]","[214, -214]","[100, 100]","[100, 100]","[100, 100]","[100, 100]","[100, 100]","[100, 100]","[100, 100]","[100, 100]","[100, 100]","[100, 100]","[100, 100]","[100, 100]","[100, 100]","[100, 100]","[100, 100]","[100, 100]",ok.png,"[0, -375]","[150, 100]",30,tray,8,1,m,1,1,1,1,0,0,0,0,0,0,0,0.884117901325,0.8841179013252258,0,217,217,-47,-47,1,1,0,0,0,0,0,0,0,0.56115180254,0.5611518025398254,0,10,10,-407,-407,62
00.png,00.png,23.png,17.png,00.png,00.png,15.png,06.png,00.png,00.png,tray2.png,04.png,00.png,00.png,34.png,01.png,"[-218, 229]","[-68, 229]","[82, 229]","[232, 229]","[-218, 79]","[-68, 79]","[82, 79]","[232, 79]","[-218, -71]","[-68, -71]","[82, -71]","[232, -71]","[-218, -221]","[-68, -221]","[82, -221]","[232, -221]","[100, 100]","[100, 100]","[100, 100]","[100, 100]","[100, 100]","[100, 100]","[100, 100]","[100, 100]","[100, 100]","[100, 100]","[100, 100]","[100, 100]","[100, 100]","[100, 100]","[100, 100]","[100, 100]",ok.png,"[0, -375]","[150, 100]",31,tray,8,1,m,1,1,1,1,0,0,0,0,0,0,0,1.82305538654,1.823055386543274,0,88,88,-87,-87,1,1,0,0,0,0,0,0,0,0.667918562889,0.6679185628890991,0,16,16,-368,-368,139
14.png,09.png,22.png,06.png,00.png,00.png,00.png,00.png,25.png,tray2.png,03.png,07.png,00.png,00.png,00.png,00.png,"[-208, 218]","[-58, 218]","[92, 218]","[242, 218]","[-208, 68]","[-58, 68]","[92, 68]","[242, 68]","[-208, -82]","[-58, -82]","[92, -82]","[242, -82]","[-208, -232]","[-58, -232]","[92, -232]","[242, -232]","[100, 100]","[100, 100]","[100, 100]","[100, 100]","[100, 100]","[100, 100]","[100, 100]","[100, 100]","[100, 100]","[100, 100]","[100, 100]","[100, 100]","[100, 100]","[100, 100]","[100, 100]","[100, 100]",ok.png,"[0, -375]","[150, 100]",32,tray,8,1,m,1,1,1,1,0,0,0,0,0,0,0,1.25891137123,1.258911371231079,0,-53,-53,-70,-70,1,1,0,0,0,0,0,0,0,0.650814175606,0.6508141756057739,0,-35,-35,-357,-357,299
00.png,00.png,00.png,00.png,31.png,30.png,17.png,00.png,tray2.png,27.png,00.png,00.png,07.png,33.png,05.png,00.png,"[-205, 250]","[-55, 250]","[95, 250]","[245, 250]","[-205, 100]","[-55, 100]","[95, 100]","[245, 100]","[-205, -50]","[-55, -50]","[95, -50]","[245, -50]","[-205, -200]","[-55, -200]","[95, -200]","[245, -200]","[100, 100]","[100, 100]","[100, 100]","[100, 100]","[100, 100]","[100, 100]","[100, 100]","[100, 100]","[100, 100]","[100, 100]","[100, 100]","[100, 100]","[100, 100]","[100, 100]","[100, 100]","[100, 100]",ok.png,"[0, -375]","[150, 100]",33,tray,8,1,m,1,1,1,1,0,0,0,0,0,0,0,1.08524429798,1.085244297981262,0,-195,-195,-56,-56,1,1,0,0,0,0,0,0,0,0.87345379591,0.8734537959098816,0,-30,-30,-385,-385,128
33.png,31.png,25.png,21.png,27.png,23.png,29.png,tray2.png,00.png,00.png,00.png,00.png,00.png,00.png,00.png,00.png,"[-202, 207]","[-52, 207]","[98, 207]","[248, 207]","[-202, 57]","[-52, 57]","[98, 57]","[248, 57]","[-202, -93]","[-52, -93]","[98, -93]","[248, -93]","[-202, -243]","[-52, -243]","[98, -243]","[248, -243]","[100, 100]","[100, 100]","[100, 100]","[100, 100]","[100, 100]","[100, 100]","[100, 100]","[100, 100]","[100, 100]","[100, 100]","[100, 100]","[100, 100]","[100, 100]","[100, 100]","[100, 100]","[100, 100]",ok.png,"[0, -375]","[150, 100]",34,tray,8,1,m,1,1,1,1,0,0,0,0,0,0,0,1.35451698303,1.354516983032227,0,256,256,34,34,1,1,0,0,0,0,0,0,0,1.43044519424,1.430445194244385,0,-15,-15,-397,-397,11
00.png,00.png,00.png,00.png,26.png,24.png,tray2.png,22.png,20.png,18.png,16.png,14.png,00.png,00.png,00.png,00.png,"[-219, 241]","[-69, 241]","[81, 241]","[231, 241]","[-219, 91]","[-69, 91]","[81, 91]","[231, 91]","[-219, -59]","[-69, -59]","[81, -59]","[231, -59]","[-219, -209]","[-69, -209]","[81, -209]","[231, -209]","[100, 100]","[100, 100]","[100, 100]","[100, 100]","[100, 100]","[100, 100]","[100, 100]","[100, 100]","[100, 100]","[100, 100]","[100, 100]","[100, 100]","[100, 100]","[100, 100]","[100, 100]","[100, 100]",ok.png,"[0, -375]","[150, 100]",35,tray,8,1,m,1,1,1,1,0,0,0,0,0,0,0,1.06961023808,1.069610238075256,0,60,60,85,85,1,1,0,0,0,0,0,0,0,0.730839133263,0.7308391332626343,0,2,2,-430,-430,439
00.png,00.png,27.png,24.png,21.png,tray2.png,19.png,16.png,00.png,00.png,10.png,13.png,00.png,00.png,00.png,00.png,"[-208, 205]","[-58, 205]","[92, 205]","[242, 205]","[-208, 55]","[-58, 55]","[92, 55]","[242, 55]","[-208, -95]","[-58, -95]","[92, -95]","[242, -95]","[-208, -245]","[-58, -245]","[92, -245]","[242, -245]","[100, 100]","[100, 100]","[100, 100]","[100, 100]","[100, 100]","[100, 100]","[100, 100]","[100, 100]","[100, 100]","[100, 100]","[100, 100]","[100, 100]","[100, 100]","[100, 100]","[100, 100]","[100, 100]",ok.png,"[0, -375]","[150, 100]",36,tray,8,1,m,1,1,1,1,0,0,0,0,0,0,0,0.805325210094,0.8053252100944519,0,-33,-33,52,52,1,1,0,0,0,0,0,0,0,1.46527254581,1.465272545814514,0,6,6,-350,-350,43
00.png,00.png,00.png,00.png,tray2.png,11.png,16.png,21.png,00.png,00.png,00.png,00.png,25.png,20.png,15.png,10.png,"[-231, 247]","[-81, 247]","[69, 247]","[219, 247]","[-231, 97]","[-81, 97]","[69, 97]","[219, 97]","[-231, -53]","[-81, -53]","[69, -53]","[219, -53]","[-231, -203]","[-81, -203]","[69, -203]","[219, -203]","[100, 100]","[100, 100]","[100, 100]","[100, 100]","[100, 100]","[100, 100]","[100, 100]","[100, 100]","[100, 100]","[100, 100]","[100, 100]","[100, 100]","[100, 100]","[100, 100]","[100, 100]","[100, 100]",ok.png,"[0, -375]","[150, 100]",37,tray,8,1,m,1,1,1,1,0,0,0,0,0,0,0,1.52163982391,1.521639823913574,0,-240,-240,110,110,1,1,0,0,0,0,0,0,0,1.02585947514,1.025859475135803,0,18,18,-374,-374,140
04.png,02.png,05.png,tray2.png,08.png,07.png,01.png,03.png,00.png,00.png,00.png,00.png,00.png,00.png,00.png,00.png,"[-245, 248]","[-95, 248]","[55, 248]","[205, 248]","[-245, 98]","[-95, 98]","[55, 98]","[205, 98]","[-245, -52]","[-95, -52]","[55, -52]","[205, -52]","[-245, -202]","[-95, -202]","[55, -202]","[205, -202]","[100, 100]","[100, 100]","[100, 100]","[100, 100]","[100, 100]","[100, 100]","[100, 100]","[100, 100]","[100, 100]","[100, 100]","[100, 100]","[100, 100]","[100, 100]","[100, 100]","[100, 100]","[100, 100]",ok.png,"[0, -375]","[150, 100]",38,tray,8,1,m,1,1,1,1,0,0,0,0,0,0,0,1.57054972649,1.570549726486206,0,228,228,233,233,1,1,0,0,0,0,0,0,0,1.0932238102,1.093223810195923,0,6,6,-368,-368,394
00.png,12.png,tray2.png,23.png,00.png,00.png,00.png,13.png,08.png,33.png,00.png,00.png,16.png,00.png,00.png,29.png,"[-231, 209]","[-81, 209]","[69, 209]","[219, 209]","[-231, 59]","[-81, 59]","[69, 59]","[219, 59]","[-231, -91]","[-81, -91]","[69, -91]","[219, -91]","[-231, -241]","[-81, -241]","[69, -241]","[219, -241]","[100, 100]","[100, 100]","[100, 100]","[100, 100]","[100, 100]","[100, 100]","[100, 100]","[100, 100]","[100, 100]","[100, 100]","[100, 100]","[100, 100]","[100, 100]","[100, 100]","[100, 100]","[100, 100]",ok.png,"[0, -375]","[150, 100]",39,tray,8,1,m,1,1,1,1,0,0,0,0,0,0,0,0.899197995663,0.8991979956626892,0,68,68,202,202,1,1,0,0,0,0,0,0,0,0.994847714901,0.9948477149009703,0,10,10,-392,-392,364
00.png,tray2.png,03.png,07.png,13.png,17.png,23.png,27.png,33.png,00.png,00.png,00.png,00.png,00.png,00.png,00.png,"[-213, 218]","[-63, 218]","[87, 218]","[237, 218]","[-213, 68]","[-63, 68]","[87, 68]","[237, 68]","[-213, -82]","[-63, -82]","[87, -82]","[237, -82]","[-213, -232]","[-63, -232]","[87, -232]","[237, -232]","[100, 100]","[100, 100]","[100, 100]","[100, 100]","[100, 100]","[100, 100]","[100, 100]","[100, 100]","[100, 100]","[100, 100]","[100, 100]","[100, 100]","[100, 100]","[100, 100]","[100, 100]","[100, 100]",ok.png,"[0, -375]","[150, 100]",40,tray,8,1,m,1,1,1,1,0,0,0,0,0,0,0,1.06973612309,1.069736123085022,0,-7,-7,229,229,1,1,0,0,0,0,0,0,0,0.886713862419,0.8867138624191284,0,-10,-10,-427,-427,19
tray2.png,17.png,07.png,14.png,00.png,00.png,00.png,00.png,00.png,00.png,00.png,00.png,02.png,30.png,20.png,04.png,"[-201, 218]","[-51, 218]","[99, 218]","[249, 218]","[-201, 68]","[-51, 68]","[99, 68]","[249, 68]","[-201, -82]","[-51, -82]","[99, -82]","[249, -82]","[-201, -232]","[-51, -232]","[99, -232]","[249, -232]","[100, 100]","[100, 100]","[100, 100]","[100, 100]","[100, 100]","[100, 100]","[100, 100]","[100, 100]","[100, 100]","[100, 100]","[100, 100]","[100, 100]","[100, 100]","[100, 100]","[100, 100]","[100, 100]",ok.png,"[0, -375]","[150, 100]",41,tray,8,1,m,1,1,1,1,0,0,0,0,0,0,0,1.64722847939,1.647228479385376,0,-168,-168,221,221,1,1,0,0,0,0,0,0,0,1.46515858173,1.465158581733704,0,-14,-14,-382,-382,4
00.png,tray2.png,04.png,00.png,00.png,16.png,22.png,00.png,00.png,32.png,02.png,00.png,00.png,29.png,19.png,00.png,"[-207, 250]","[-57, 250]","[93, 250]","[243, 250]","[-207, 100]","[-57, 100]","[93, 100]","[243, 100]","[-207, -50]","[-57, -50]","[93, -50]","[243, -50]","[-207, -200]","[-57, -200]","[93, -200]","[243, -200]","[100, 100]","[100, 100]","[100, 100]","[100, 100]","[100, 100]","[100, 100]","[100, 100]","[100, 100]","[100, 100]","[100, 100]","[100, 100]","[100, 100]","[100, 100]","[100, 100]","[100, 100]","[100, 100]",ok.png,"[0, -375]","[150, 100]",42,tray,8,1,m,1,1,1,1,0,0,0,0,0,0,0,0.809523999691,0.8095239996910095,0,-33,-33,247,247,1,1,0,0,0,0,0,0,0,0.977470636368,0.977470636367798,0,40,40,-363,-363,167
00.png,08.png,tray2.png,03.png,25.png,28.png,27.png,00.png,00.png,00.png,00.png,21.png,05.png,00.png,00.png,00.png,"[-227, 247]","[-77, 247]","[73, 247]","[223, 247]","[-227, 97]","[-77, 97]","[73, 97]","[223, 97]","[-227, -53]","[-77, -53]","[73, -53]","[223, -53]","[-227, -203]","[-77, -203]","[73, -203]","[223, -203]","[100, 100]","[100, 100]","[100, 100]","[100, 100]","[100, 100]","[100, 100]","[100, 100]","[100, 100]","[100, 100]","[100, 100]","[100, 100]","[100, 100]","[100, 100]","[100, 100]","[100, 100]","[100, 100]",ok.png,"[0, -375]","[150, 100]",43,tray,8,1,m,1,1,1,1,0,0,0,0,0,0,0,1.00966334343,1.009663343429565,0,66,66,224,224,1,1,0,0,0,0,0,0,0,0.761777698994,0.7617776989936829,0,41,41,-373,-373,427
00.png,07.png,00.png,tray2.png,23.png,00.png,09.png,00.png,00.png,16.png,00.png,00.png,17.png,15.png,00.png,06.png,"[-243, 224]","[-93, 224]","[57, 224]","[207, 224]","[-243, 74]","[-93, 74]","[57, 74]","[207, 74]","[-243, -76]","[-93, -76]","[57, -76]","[207, -76]","[-243, -226]","[-93, -226]","[57, -226]","[207, -226]","[100, 100]","[100, 100]","[100, 100]","[100, 100]","[100, 100]","[100, 100]","[100, 100]","[100, 100]","[100, 100]","[100, 100]","[100, 100]","[100, 100]","[100, 100]","[100, 100]","[100, 100]","[100, 100]",ok.png,"[0, -375]","[150, 100]",44,tray,8,1,m,1,1,1,1,0,0,0,0,0,0,0,0.930672287941,0.930672287940979,0,218,218,202,202,1,1,0,0,0,0,0,0,0,0.91640436649300006,0.9164043664932252,0,70,70,-335,-335,320
00.png,32.png,00.png,31.png,tray2.png,08.png,30.png,00.png,34.png,00.png,00.png,12.png,00.png,00.png,11.png,00.png,"[-243, 248]","[-93, 248]","[57, 248]","[207, 248]","[-243, 98]","[-93, 98]","[57, 98]","[207, 98]","[-243, -52]","[-93, -52]","[57, -52]","[207, -52]","[-243, -202]","[-93, -202]","[57, -202]","[207, -202]","[100, 100]","[100, 100]","[100, 100]","[100, 100]","[100, 100]","[100, 100]","[100, 100]","[100, 100]","[100, 100]","[100, 100]","[100, 100]","[100, 100]","[100, 100]","[100, 100]","[100, 100]","[100, 100]",ok.png,"[0, -375]","[150, 100]",45,tray,8,1,m,1,1,1,1,0,0,0,0,0,0,0,1.02158129215,1.021581292152405,0,-221,-221,113,113,1,1,0,0,0,0,0,0,0,0.951443850994,0.95144385099411,0,7,7,-356,-356,246
00.png,00.png,16.png,13.png,10.png,tray2.png,09.png,07.png,27.png,24.png,00.png,00.png,00.png,00.png,00.png,00.png,"[-241, 244]","[-91, 244]","[59, 244]","[209, 244]","[-241, 94]","[-91, 94]","[59, 94]","[209, 94]","[-241, -56]","[-91, -56]","[59, -56]","[209, -56]","[-241, -206]","[-91, -206]","[59, -206]","[209, -206]","[100, 100]","[100, 100]","[100, 100]","[100, 100]","[100, 100]","[100, 100]","[100, 100]","[100, 100]","[100, 100]","[100, 100]","[100, 100]","[100, 100]","[100, 100]","[100, 100]","[100, 100]","[100, 100]",ok.png,"[0, -375]","[150, 100]",46,tray,8,1,m,1,1,1,1,0,0,0,0,0,0,0,1.21246576309,1.212465763092041,0,-96,-96,82,82,1,1,0,0,0,0,0,0,0,1.10656249523,1.106562495231628,0,-13,-13,-373,-373,17
30.png,00.png,20.png,00.png,10.png,00.png,tray2.png,01.png,00.png,05.png,00.png,33.png,00.png,25.png,00.png,00.png,"[-232, 242]","[-82, 242]","[68, 242]","[218, 242]","[-232, 92]","[-82, 92]","[68, 92]","[218, 92]","[-232, -58]","[-82, -58]","[68, -58]","[218, -58]","[-232, -208]","[-82, -208]","[68, -208]","[218, -208]","[100, 100]","[100, 100]","[100, 100]","[100, 100]","[100, 100]","[100, 100]","[100, 100]","[100, 100]","[100, 100]","[100, 100]","[100, 100]","[100, 100]","[100, 100]","[100, 100]","[100, 100]","[100, 100]",ok.png,"[0, -375]","[150, 100]",47,tray,8,1,m,1,1,1,1,0,0,0,0,0,0,0,0.805465817451,0.805465817451477,0,66,66,98,98,1,1,0,0,0,0,0,0,0,0.621535897255,0.6215358972549438,0,13,13,-366,-366,142
00.png,00.png,24.png,26.png,00.png,04.png,02.png,tray2.png,09.png,00.png,14.png,00.png,18.png,00.png,00.png,00.png,"[-234, 240]","[-84, 240]","[66, 240]","[216, 240]","[-234, 90]","[-84, 90]","[66, 90]","[216, 90]","[-234, -60]","[-84, -60]","[66, -60]","[216, -60]","[-234, -210]","[-84, -210]","[66, -210]","[216, -210]","[100, 100]","[100, 100]","[100, 100]","[100, 100]","[100, 100]","[100, 100]","[100, 100]","[100, 100]","[100, 100]","[100, 100]","[100, 100]","[100, 100]","[100, 100]","[100, 100]","[100, 100]","[100, 100]",ok.png,"[0, -375]","[150, 100]",48,tray,8,1,m,1,1,1,1,0,0,0,0,0,0,0,0.91352647543,0.9135264754295348,0,234,234,95,95,1,1,0,0,0,0,0,0,0,0.934562146664,0.9345621466636658,0,8,8,-374,-374,268
19.png,00.png,00.png,09.png,30.png,00.png,00.png,18.png,tray2.png,00.png,07.png,11.png,00.png,00.png,14.png,00.png,"[-227, 214]","[-77, 214]","[73, 214]","[223, 214]","[-227, 64]","[-77, 64]","[73, 64]","[223, 64]","[-227, -86]","[-77, -86]","[73, -86]","[223, -86]","[-227, -236]","[-77, -236]","[73, -236]","[223, -236]","[100, 100]","[100, 100]","[100, 100]","[100, 100]","[100, 100]","[100, 100]","[100, 100]","[100, 100]","[100, 100]","[100, 100]","[100, 100]","[100, 100]","[100, 100]","[100, 100]","[100, 100]","[100, 100]",ok.png,"[0, -375]","[150, 100]",49,tray,8,1,m,1,1,1,1,0,0,0,0,0,0,0,0.947734296322,0.9477342963218688,0,-208,-208,-96,-96,1,1,0,0,0,0,0,0,0,0.759215593338,0.7592155933380127,0,-15,-15,-403,-403,84
00.png,29.png,00.png,19.png,00.png,14.png,00.png,33.png,00.png,tray2.png,00.png,23.png,00.png,13.png,00.png,31.png,"[-200, 225]","[-50, 225]","[100, 225]","[250, 225]","[-200, 75]","[-50, 75]","[100, 75]","[250, 75]","[-200, -75]","[-50, -75]","[100, -75]","[250, -75]","[-200, -225]","[-50, -225]","[100, -225]","[250, -225]","[100, 100]","[100, 100]","[100, 100]","[100, 100]","[100, 100]","[100, 100]","[100, 100]","[100, 100]","[100, 100]","[100, 100]","[100, 100]","[100, 100]","[100, 100]","[100, 100]","[100, 100]","[100, 100]",ok.png,"[0, -375]","[150, 100]",50,tray,8,1,m,1,1,1,1,0,0,0,0,0,0,0,0.820577800274,0.8205778002738953,0,-26,-26,-74,-74,1,1,0,0,0,0,0,0,0,1.04363167286,1.043631672859192,0,-18,-18,-377,-377,271
dots1.png,01.png,02.png,03.png,04.png,05.png,06.png,07.png,00.png,00.png,00.png,00.png,00.png,00.png,00.png,00.png,"[-213, 213]","[-63, 213]","[87, 213]","[237, 213]","[-213, 63]","[-63, 63]","[87, 63]","[237, 63]","[-213, -87]","[-63, -87]","[87, -87]","[237, -87]","[-213, -237]","[-63, -237]","[87, -237]","[237, -237]","[100, 100]","[100, 100]","[100, 100]","[100, 100]","[100, 100]","[100, 100]","[100, 100]","[100, 100]","[100, 100]","[100, 100]","[100, 100]","[100, 100]","[100, 100]","[100, 100]","[100, 100]","[100, 100]",ok.png,"[0, -375]","[150, 100]",51,dots,8,2,m,1,1,1,1,0,0,0,0,0,0,0,1.05240762234,1.052407622337341,0,-221,-221,199,199,1,1,0,0,0,0,0,0,0,0.746053338051,0.7460533380508423,0,30,30,-401,-401,145
08.png,dots1.png,09.png,00.png,10.png,11.png,12.png,13.png,00.png,14.png,00.png,00.png,00.png,00.png,00.png,00.png,"[-227, 205]","[-77, 205]","[73, 205]","[223, 205]","[-227, 55]","[-77, 55]","[73, 55]","[223, 55]","[-227, -95]","[-77, -95]","[73, -95]","[223, -95]","[-227, -245]","[-77, -245]","[73, -245]","[223, -245]","[100, 100]","[100, 100]","[100, 100]","[100, 100]","[100, 100]","[100, 100]","[100, 100]","[100, 100]","[100, 100]","[100, 100]","[100, 100]","[100, 100]","[100, 100]","[100, 100]","[100, 100]","[100, 100]",ok.png,"[0, -375]","[150, 100]",52,dots,8,2,m,1,1,1,1,0,0,0,0,0,0,0,0.880487382412,0.8804873824119568,0,-85,-85,193,193,1,1,0,0,0,0,0,0,0,0.85561144352,0.8556114435195923,0,18,18,-387,-387,31
00.png,00.png,dots1.png,15.png,16.png,17.png,18.png,19.png,20.png,21.png,00.png,00.png,00.png,00.png,00.png,00.png,"[-209, 224]","[-59, 224]","[91, 224]","[241, 224]","[-209, 74]","[-59, 74]","[91, 74]","[241, 74]","[-209, -76]","[-59, -76]","[91, -76]","[241, -76]","[-209, -226]","[-59, -226]","[91, -226]","[241, -226]","[100, 100]","[100, 100]","[100, 100]","[100, 100]","[100, 100]","[100, 100]","[100, 100]","[100, 100]","[100, 100]","[100, 100]","[100, 100]","[100, 100]","[100, 100]","[100, 100]","[100, 100]","[100, 100]",ok.png,"[0, -375]","[150, 100]",53,dots,8,2,m,1,1,1,1,0,0,0,0,0,0,0,0.724729955196,0.7247299551963806,0,111,111,219,219,1,1,0,0,0,0,0,0,0,1.23111963272,1.231119632720947,0,12,12,-359,-359,298
22.png,23.png,24.png,dots1.png,00.png,00.png,25.png,26.png,00.png,00.png,27.png,28.png,00.png,00.png,00.png,00.png,"[-226, 221]","[-76, 221]","[74, 221]","[224, 221]","[-226, 71]","[-76, 71]","[74, 71]","[224, 71]","[-226, -79]","[-76, -79]","[74, -79]","[224, -79]","[-226, -229]","[-76, -229]","[74, -229]","[224, -229]","[100, 100]","[100, 100]","[100, 100]","[100, 100]","[100, 100]","[100, 100]","[100, 100]","[100, 100]","[100, 100]","[100, 100]","[100, 100]","[100, 100]","[100, 100]","[100, 100]","[100, 100]","[100, 100]",ok.png,"[0, -375]","[150, 100]",54,dots,8,2,m,1,1,1,1,0,0,0,0,0,0,0,2.02376031876,2.023760318756104,0,240,240,200,200,1,1,0,0,0,0,0,0,0,0.604742109776,0.6047421097755432,0,-17,-17,-371,-371,165
00.png,00.png,00.png,00.png,dots1.png,29.png,30.png,31.png,32.png,33.png,34.png,01.png,00.png,00.png,00.png,00.png,"[-250, 206]","[-100, 206]","[50, 206]","[200, 206]","[-250, 56]","[-100, 56]","[50, 56]","[200, 56]","[-250, -94]","[-100, -94]","[50, -94]","[200, -94]","[-250, -244]","[-100, -244]","[50, -244]","[200, -244]","[100, 100]","[100, 100]","[100, 100]","[100, 100]","[100, 100]","[100, 100]","[100, 100]","[100, 100]","[100, 100]","[100, 100]","[100, 100]","[100, 100]","[100, 100]","[100, 100]","[100, 100]","[100, 100]",ok.png,"[0, -375]","[150, 100]",55,dots,8,2,m,1,1,1,1,0,0,0,0,0,0,0,0.88005250692400006,0.8800525069236755,0,-234,-234,82,82,1,1,0,0,0,0,0,0,0,0.794518828392,0.7945188283920288,0,-13,-13,-363,-363,301
01.png,34.png,00.png,00.png,04.png,dots1.png,00.png,00.png,06.png,15.png,00.png,00.png,17.png,23.png,00.png,00.png,"[-224, 235]","[-74, 235]","[76, 235]","[226, 235]","[-224, 85]","[-74, 85]","[76, 85]","[226, 85]","[-224, -65]","[-74, -65]","[76, -65]","[226, -65]","[-224, -215]","[-74, -215]","[76, -215]","[226, -215]","[100, 100]","[100, 100]","[100, 100]","[100, 100]","[100, 100]","[100, 100]","[100, 100]","[100, 100]","[100, 100]","[100, 100]","[100, 100]","[100, 100]","[100, 100]","[100, 100]","[100, 100]","[100, 100]",ok.png,"[0, -375]","[150, 100]",56,dots,8,2,m,1,1,1,1,0,0,0,0,0,0,0,0.945948123932,0.9459481239318848,0,-73,-73,81,81,1,1,0,0,0,0,0,0,0,0.777198195457,0.7771981954574585,0,-2,-2,-370,-370,201
00.png,00.png,00.png,00.png,07.png,03.png,dots1.png,25.png,00.png,00.png,00.png,00.png,06.png,22.png,09.png,14.png,"[-210, 201]","[-60, 201]","[90, 201]","[240, 201]","[-210, 51]","[-60, 51]","[90, 51]","[240, 51]","[-210, -99]","[-60, -99]","[90, -99]","[240, -99]","[-210, -249]","[-60, -249]","[90, -249]","[240, -249]","[100, 100]","[100, 100]","[100, 100]","[100, 100]","[100, 100]","[100, 100]","[100, 100]","[100, 100]","[100, 100]","[100, 100]","[100, 100]","[100, 100]","[100, 100]","[100, 100]","[100, 100]","[100, 100]",ok.png,"[0, -375]","[150, 100]",57,dots,8,2,m,1,1,1,1,0,0,0,0,0,0,0,1.46246302128,1.462463021278381,0,67,67,63,63,1,1,0,0,0,0,0,0,0,1.0891752243,1.089175224304199,0,6,6,-391,-391,358
00.png,05.png,33.png,07.png,00.png,00.png,27.png,dots1.png,00.png,17.png,30.png,31.png,00.png,00.png,00.png,00.png,"[-245, 228]","[-95, 228]","[55, 228]","[205, 228]","[-245, 78]","[-95, 78]","[55, 78]","[205, 78]","[-245, -72]","[-95, -72]","[55, -72]","[205, -72]","[-245, -222]","[-95, -222]","[55, -222]","[205, -222]","[100, 100]","[100, 100]","[100, 100]","[100, 100]","[100, 100]","[100, 100]","[100, 100]","[100, 100]","[100, 100]","[100, 100]","[100, 100]","[100, 100]","[100, 100]","[100, 100]","[100, 100]","[100, 100]",ok.png,"[0, -375]","[150, 100]",58,dots,8,2,m,1,1,1,1,0,0,0,0,0,0,0,0.791615962982,0.7916159629821777,0,197,197,62,62,1,1,0,0,0,0,0,0,0,0.668762564659,0.6687625646591187,0,19,19,-392,-392,409
00.png,00.png,00.png,00.png,00.png,00.png,00.png,00.png,dots1.png,29.png,23.png,27.png,21.png,25.png,31.png,33.png,"[-230, 225]","[-80, 225]","[70, 225]","[220, 225]","[-230, 75]","[-80, 75]","[70, 75]","[220, 75]","[-230, -75]","[-80, -75]","[70, -75]","[220, -75]","[-230, -225]","[-80, -225]","[70, -225]","[220, -225]","[100, 100]","[100, 100]","[100, 100]","[100, 100]","[100, 100]","[100, 100]","[100, 100]","[100, 100]","[100, 100]","[100, 100]","[100, 100]","[100, 100]","[100, 100]","[100, 100]","[100, 100]","[100, 100]",ok.png,"[0, -375]","[150, 100]",59,dots,8,2,m,1,1,1,1,0,0,0,0,0,0,0,1.08644926548,1.086449265480042,0,-253,-253,-75,-75,1,1,0,0,0,0,0,0,0,1.11655569077,1.116555690765381,0,-4,-4,-355,-355,35
00.png,00.png,00.png,00.png,14.png,16.png,18.png,20.png,22.png,dots1.png,24.png,26.png,00.png,00.png,00.png,00.png,"[-245, 208]","[-95, 208]","[55, 208]","[205, 208]","[-245, 58]","[-95, 58]","[55, 58]","[205, 58]","[-245, -92]","[-95, -92]","[55, -92]","[205, -92]","[-245, -242]","[-95, -242]","[55, -242]","[205, -242]","[100, 100]","[100, 100]","[100, 100]","[100, 100]","[100, 100]","[100, 100]","[100, 100]","[100, 100]","[100, 100]","[100, 100]","[100, 100]","[100, 100]","[100, 100]","[100, 100]","[100, 100]","[100, 100]",ok.png,"[0, -375]","[150, 100]",60,dots,8,2,m,1,1,1,1,0,0,0,0,0,0,0,0.791654646397,0.791654646396637,0,-83,-83,-111,-111,1,1,0,0,0,0,0,0,0,1.2935103178,1.293510317802429,0,29,29,-376,-376,47
00.png,00.png,00.png,00.png,13.png,10.png,00.png,00.png,16.png,19.png,dots1.png,21.png,24.png,27.png,00.png,00.png,"[-227, 226]","[-77, 226]","[73, 226]","[223, 226]","[-227, 76]","[-77, 76]","[73, 76]","[223, 76]","[-227, -74]","[-77, -74]","[73, -74]","[223, -74]","[-227, -224]","[-77, -224]","[73, -224]","[223, -224]","[100, 100]","[100, 100]","[100, 100]","[100, 100]","[100, 100]","[100, 100]","[100, 100]","[100, 100]","[100, 100]","[100, 100]","[100, 100]","[100, 100]","[100, 100]","[100, 100]","[100, 100]","[100, 100]",ok.png,"[0, -375]","[150, 100]",61,dots,8,2,m,1,1,1,1,0,0,0,0,0,0,0,0.756524145603,0.7565241456031799,0,106,106,-70,-70,1,1,0,0,0,0,0,0,0,0.748581945896,0.7485819458961487,0,2,2,-344,-344,158
10.png,15.png,20.png,25.png,00.png,00.png,00.png,00.png,21.png,16.png,11.png,dots1.png,00.png,00.png,00.png,00.png,"[-211, 209]","[-61, 209]","[89, 209]","[239, 209]","[-211, 59]","[-61, 59]","[89, 59]","[239, 59]","[-211, -91]","[-61, -91]","[89, -91]","[239, -91]","[-211, -241]","[-61, -241]","[89, -241]","[239, -241]","[100, 100]","[100, 100]","[100, 100]","[100, 100]","[100, 100]","[100, 100]","[100, 100]","[100, 100]","[100, 100]","[100, 100]","[100, 100]","[100, 100]","[100, 100]","[100, 100]","[100, 100]","[100, 100]",ok.png,"[0, -375]","[150, 100]",62,dots,8,2,m,1,1,1,1,0,0,0,0,0,0,0,1.3820155859,1.382015585899353,0,240,240,-94,-94,1,1,0,0,0,0,0,0,0,0.884812712669,0.8848127126693726,0,15,15,-385,-385,378
00.png,00.png,00.png,00.png,00.png,00.png,00.png,00.png,03.png,01.png,07.png,08.png,dots1.png,05.png,02.png,04.png,"[-239, 213]","[-89, 213]","[61, 213]","[211, 213]","[-239, 63]","[-89, 63]","[61, 63]","[211, 63]","[-239, -87]","[-89, -87]","[61, -87]","[211, -87]","[-239, -237]","[-89, -237]","[61, -237]","[211, -237]","[100, 100]","[100, 100]","[100, 100]","[100, 100]","[100, 100]","[100, 100]","[100, 100]","[100, 100]","[100, 100]","[100, 100]","[100, 100]","[100, 100]","[100, 100]","[100, 100]","[100, 100]","[100, 100]",ok.png,"[0, -375]","[150, 100]",63,dots,8,2,m,1,1,1,1,0,0,0,0,0,0,0,1.00953173637,1.009531736373901,0,-241,-241,-231,-231,1,1,0,0,0,0,0,0,0,0.746153950691,0.7461539506912231,0,11,11,-387,-387,42
29.png,00.png,00.png,16.png,00.png,00.png,33.png,08.png,13.png,00.png,00.png,00.png,23.png,dots1.png,12.png,00.png,"[-236, 203]","[-86, 203]","[64, 203]","[214, 203]","[-236, 53]","[-86, 53]","[64, 53]","[214, 53]","[-236, -97]","[-86, -97]","[64, -97]","[214, -97]","[-236, -247]","[-86, -247]","[64, -247]","[214, -247]","[100, 100]","[100, 100]","[100, 100]","[100, 100]","[100, 100]","[100, 100]","[100, 100]","[100, 100]","[100, 100]","[100, 100]","[100, 100]","[100, 100]","[100, 100]","[100, 100]","[100, 100]","[100, 100]",ok.png,"[0, -375]","[150, 100]",64,dots,8,2,m,1,1,1,1,0,0,0,0,0,0,0,1.36888825893,1.368888258934021,0,-85,-85,-250,-250,1,1,0,0,0,0,0,0,0,0.54219275713,0.5421927571296692,0,-15,-15,-378,-378,232
00.png,00.png,00.png,00.png,00.png,00.png,00.png,33.png,27.png,23.png,17.png,13.png,07.png,03.png,dots1.png,00.png,"[-226, 249]","[-76, 249]","[74, 249]","[224, 249]","[-226, 99]","[-76, 99]","[74, 99]","[224, 99]","[-226, -51]","[-76, -51]","[74, -51]","[224, -51]","[-226, -201]","[-76, -201]","[74, -201]","[224, -201]","[100, 100]","[100, 100]","[100, 100]","[100, 100]","[100, 100]","[100, 100]","[100, 100]","[100, 100]","[100, 100]","[100, 100]","[100, 100]","[100, 100]","[100, 100]","[100, 100]","[100, 100]","[100, 100]",ok.png,"[0, -375]","[150, 100]",65,dots,8,2,m,1,1,1,1,0,0,0,0,0,0,0,1.00501716137,1.005017161369324,0,49,49,-207,-207,1,1,0,0,0,0,0,0,0,1.13650488853,1.136504888534546,0,40,40,-361,-361,34
04.png,20.png,30.png,02.png,00.png,00.png,00.png,00.png,00.png,00.png,00.png,00.png,14.png,07.png,17.png,dots1.png,"[-204, 235]","[-54, 235]","[96, 235]","[246, 235]","[-204, 85]","[-54, 85]","[96, 85]","[246, 85]","[-204, -65]","[-54, -65]","[96, -65]","[246, -65]","[-204, -215]","[-54, -215]","[96, -215]","[246, -215]","[100, 100]","[100, 100]","[100, 100]","[100, 100]","[100, 100]","[100, 100]","[100, 100]","[100, 100]","[100, 100]","[100, 100]","[100, 100]","[100, 100]","[100, 100]","[100, 100]","[100, 100]","[100, 100]",ok.png,"[0, -375]","[150, 100]",66,dots,8,2,m,1,1,1,1,0,0,0,0,0,0,0,1.16675841808,1.166758418083191,0,244,244,-236,-236,1,1,0,0,0,0,0,0,0,0.86752218008,0.8675221800804138,0,-1,-1,-372,-372,169
00.png,19.png,29.png,00.png,00.png,02.png,32.png,00.png,00.png,22.png,16.png,00.png,00.png,04.png,dots1.png,00.png,"[-231, 240]","[-81, 240]","[69, 240]","[219, 240]","[-231, 90]","[-81, 90]","[69, 90]","[219, 90]","[-231, -60]","[-81, -60]","[69, -60]","[219, -60]","[-231, -210]","[-81, -210]","[69, -210]","[219, -210]","[100, 100]","[100, 100]","[100, 100]","[100, 100]","[100, 100]","[100, 100]","[100, 100]","[100, 100]","[100, 100]","[100, 100]","[100, 100]","[100, 100]","[100, 100]","[100, 100]","[100, 100]","[100, 100]",ok.png,"[0, -375]","[150, 100]",67,dots,8,2,m,1,1,1,1,0,0,0,0,0,0,0,0.961647093296,0.961647093296051,0,84,84,-213,-213,1,1,0,0,0,0,0,0,0,1.20102274418,1.201022744178772,0,13,13,-377,-377,323
00.png,00.png,00.png,05.png,21.png,00.png,00.png,00.png,00.png,27.png,28.png,25.png,03.png,dots1.png,08.png,00.png,"[-219, 217]","[-69, 217]","[81, 217]","[231, 217]","[-219, 67]","[-69, 67]","[81, 67]","[231, 67]","[-219, -83]","[-69, -83]","[81, -83]","[231, -83]","[-219, -233]","[-69, -233]","[81, -233]","[231, -233]","[100, 100]","[100, 100]","[100, 100]","[100, 100]","[100, 100]","[100, 100]","[100, 100]","[100, 100]","[100, 100]","[100, 100]","[100, 100]","[100, 100]","[100, 100]","[100, 100]","[100, 100]","[100, 100]",ok.png,"[0, -375]","[150, 100]",68,dots,8,2,m,1,1,1,1,0,0,0,0,0,0,0,2.06962394714,2.069623947143555,0,-58,-58,-228,-228,1,1,0,0,0,0,0,0,0,0.602688729763,0.602688729763031,0,28,28,-422,-422,83
06.png,00.png,15.png,17.png,00.png,00.png,16.png,00.png,00.png,09.png,00.png,23.png,dots1.png,00.png,07.png,00.png,"[-239, 240]","[-89, 240]","[61, 240]","[211, 240]","[-239, 90]","[-89, 90]","[61, 90]","[211, 90]","[-239, -60]","[-89, -60]","[61, -60]","[211, -60]","[-239, -210]","[-89, -210]","[61, -210]","[211, -210]","[100, 100]","[100, 100]","[100, 100]","[100, 100]","[100, 100]","[100, 100]","[100, 100]","[100, 100]","[100, 100]","[100, 100]","[100, 100]","[100, 100]","[100, 100]","[100, 100]","[100, 100]","[100, 100]",ok.png,"[0, -375]","[150, 100]",69,dots,8,2,m,1,1,1,1,0,0,0,0,0,0,0,1.33579301834,1.335793018341064,0,-234,-234,-207,-207,1,1,0,0,0,0,0,0,0,0.729731023312,0.729731023311615,0,-21,-21,-379,-379,28
00.png,11.png,00.png,00.png,12.png,00.png,00.png,34.png,00.png,30.png,08.png,dots1.png,31.png,00.png,32.png,00.png,"[-210, 247]","[-60, 247]","[90, 247]","[240, 247]","[-210, 97]","[-60, 97]","[90, 97]","[240, 97]","[-210, -53]","[-60, -53]","[90, -53]","[240, -53]","[-210, -203]","[-60, -203]","[90, -203]","[240, -203]","[100, 100]","[100, 100]","[100, 100]","[100, 100]","[100, 100]","[100, 100]","[100, 100]","[100, 100]","[100, 100]","[100, 100]","[100, 100]","[100, 100]","[100, 100]","[100, 100]","[100, 100]","[100, 100]",ok.png,"[0, -375]","[150, 100]",70,dots,8,2,m,1,1,1,1,0,0,0,0,0,0,0,0.930574476719,0.9305744767189026,0,267,267,-88,-88,1,1,0,0,0,0,0,0,0,0.822157680988,0.8221576809883118,0,17,17,-392,-392,199
00.png,00.png,00.png,00.png,00.png,00.png,24.png,27.png,07.png,09.png,dots1.png,10.png,13.png,16.png,00.png,00.png,"[-223, 232]","[-73, 232]","[77, 232]","[227, 232]","[-223, 82]","[-73, 82]","[77, 82]","[227, 82]","[-223, -68]","[-73, -68]","[77, -68]","[227, -68]","[-223, -218]","[-73, -218]","[77, -218]","[227, -218]","[100, 100]","[100, 100]","[100, 100]","[100, 100]","[100, 100]","[100, 100]","[100, 100]","[100, 100]","[100, 100]","[100, 100]","[100, 100]","[100, 100]","[100, 100]","[100, 100]","[100, 100]","[100, 100]",ok.png,"[0, -375]","[150, 100]",71,dots,8,2,m,1,1,1,1,0,0,0,0,0,0,0,0.915880262852,0.9158802628517152,0,61,61,-76,-76,1,1,0,0,0,0,0,0,0,0.745670497417,0.74567049741745,0,34,34,-358,-358,188
00.png,00.png,25.png,00.png,33.png,00.png,05.png,00.png,01.png,dots1.png,00.png,10.png,00.png,20.png,00.png,30.png,"[-230, 235]","[-80, 235]","[70, 235]","[220, 235]","[-230, 85]","[-80, 85]","[70, 85]","[220, 85]","[-230, -65]","[-80, -65]","[70, -65]","[220, -65]","[-230, -215]","[-80, -215]","[70, -215]","[220, -215]","[100, 100]","[100, 100]","[100, 100]","[100, 100]","[100, 100]","[100, 100]","[100, 100]","[100, 100]","[100, 100]","[100, 100]","[100, 100]","[100, 100]","[100, 100]","[100, 100]","[100, 100]","[100, 100]",ok.png,"[0, -375]","[150, 100]",72,dots,8,2,m,1,1,1,1,0,0,0,0,0,0,0,0.855053782463,0.8550537824630737,0,-87,-87,-73,-73,1,1,0,0,0,0,0,0,0,0.65396541357,0.653965413570404,0,-15,-15,-378,-378,88
00.png,00.png,00.png,18.png,00.png,14.png,00.png,09.png,dots1.png,02.png,04.png,00.png,26.png,24.png,00.png,00.png,"[-204, 234]","[-54, 234]","[96, 234]","[246, 234]","[-204, 84]","[-54, 84]","[96, 84]","[246, 84]","[-204, -66]","[-54, -66]","[96, -66]","[246, -66]","[-204, -216]","[-54, -216]","[96, -216]","[246, -216]","[100, 100]","[100, 100]","[100, 100]","[100, 100]","[100, 100]","[100, 100]","[100, 100]","[100, 100]","[100, 100]","[100, 100]","[100, 100]","[100, 100]","[100, 100]","[100, 100]","[100, 100]","[100, 100]",ok.png,"[0, -375]","[150, 100]",73,dots,8,2,m,1,1,1,1,0,0,0,0,0,0,0,0.760693848133,0.7606938481330872,0,-192,-192,-64,-64,1,1,0,0,0,0,0,0,0,2.25744104385,2.25744104385376,0,7,7,-360,-360,137
00.png,14.png,00.png,00.png,11.png,07.png,00.png,dots1.png,18.png,00.png,00.png,30.png,09.png,00.png,00.png,19.png,"[-205, 214]","[-55, 214]","[95, 214]","[245, 214]","[-205, 64]","[-55, 64]","[95, 64]","[245, 64]","[-205, -86]","[-55, -86]","[95, -86]","[245, -86]","[-205, -236]","[-55, -236]","[95, -236]","[245, -236]","[100, 100]","[100, 100]","[100, 100]","[100, 100]","[100, 100]","[100, 100]","[100, 100]","[100, 100]","[100, 100]","[100, 100]","[100, 100]","[100, 100]","[100, 100]","[100, 100]","[100, 100]","[100, 100]",ok.png,"[0, -375]","[150, 100]",74,dots,8,2,m,1,1,1,1,0,0,0,0,0,0,0,0.949491083622,0.9494910836219788,0,246,246,62,62,1,1,0,0,0,0,0,0,0,0.777501285076,0.7775012850761414,0,11,11,-363,-363,400
31.png,00.png,13.png,00.png,23.png,00.png,dots1.png,00.png,33.png,00.png,14.png,00.png,19.png,00.png,29.png,00.png,"[-247, 223]","[-97, 223]","[53, 223]","[203, 223]","[-247, 73]","[-97, 73]","[53, 73]","[203, 73]","[-247, -77]","[-97, -77]","[53, -77]","[203, -77]","[-247, -227]","[-97, -227]","[53, -227]","[203, -227]","[100, 100]","[100, 100]","[100, 100]","[100, 100]","[100, 100]","[100, 100]","[100, 100]","[100, 100]","[100, 100]","[100, 100]","[100, 100]","[100, 100]","[100, 100]","[100, 100]","[100, 100]","[100, 100]",ok.png,"[0, -375]","[150, 100]",75,dots,8,2,m,1,1,1,1,0,0,0,0,0,0,0,0.833972275257,0.8339722752571106,0,54,54,81,81,1,1,0,0,0,0,0,0,0,0.965045690536,0.965045690536499,0,-4,-4,-398,-398,49
00.png,00.png,00.png,00.png,00.png,00.png,00.png,00.png,07.png,06.png,05.png,04.png,03.png,02.png,01.png,dots2.png,"[-207, 209]","[-57, 209]","[93, 209]","[243, 209]","[-207, 59]","[-57, 59]","[93, 59]","[243, 59]","[-207, -91]","[-57, -91]","[93, -91]","[243, -91]","[-207, -241]","[-57, -241]","[93, -241]","[243, -241]","[100, 100]","[100, 100]","[100, 100]","[100, 100]","[100, 100]","[100, 100]","[100, 100]","[100, 100]","[100, 100]","[100, 100]","[100, 100]","[100, 100]","[100, 100]","[100, 100]","[100, 100]","[100, 100]",ok.png,"[0, -375]","[150, 100]",76,dots,8,2,m,1,1,1,1,0,0,0,0,0,0,0,1.09020531178,1.090205311775208,0,283,283,-258,-258,1,1,0,0,0,0,0,0,0,0.572060823441,0.5720608234405518,0,8,8,-331,-331,194
00.png,00.png,00.png,00.png,00.png,00.png,14.png,00.png,13.png,12.png,11.png,10.png,00.png,09.png,dots2.png,08.png,"[-237, 214]","[-87, 214]","[63, 214]","[213, 214]","[-237, 64]","[-87, 64]","[63, 64]","[213, 64]","[-237, -86]","[-87, -86]","[63, -86]","[213, -86]","[-237, -236]","[-87, -236]","[63, -236]","[213, -236]","[100, 100]","[100, 100]","[100, 100]","[100, 100]","[100, 100]","[100, 100]","[100, 100]","[100, 100]","[100, 100]","[100, 100]","[100, 100]","[100, 100]","[100, 100]","[100, 100]","[100, 100]","[100, 100]",ok.png,"[0, -375]","[150, 100]",77,dots,8,2,m,1,1,1,1,0,0,0,0,0,0,0,1.05466842651,1.054668426513672,0,82,82,-259,-259,1,1,0,0,0,0,0,0,0,0.527691543102,0.5276915431022644,0,26,26,-394,-394,267
00.png,00.png,00.png,00.png,00.png,00.png,21.png,20.png,19.png,18.png,17.png,16.png,15.png,dots2.png,00.png,00.png,"[-231, 207]","[-81, 207]","[69, 207]","[219, 207]","[-231, 57]","[-81, 57]","[69, 57]","[219, 57]","[-231, -93]","[-81, -93]","[69, -93]","[219, -93]","[-231, -243]","[-81, -243]","[69, -243]","[219, -243]","[100, 100]","[100, 100]","[100, 100]","[100, 100]","[100, 100]","[100, 100]","[100, 100]","[100, 100]","[100, 100]","[100, 100]","[100, 100]","[100, 100]","[100, 100]","[100, 100]","[100, 100]","[100, 100]",ok.png,"[0, -375]","[150, 100]",78,dots,8,2,m,1,1,1,1,0,0,0,0,0,0,0,0.992499470711,0.9924994707107544,0,-78,-78,-242,-242,1,1,0,0,0,0,0,0,0,0.462850004435,0.4628500044345856,0,30,30,-374,-374,432
00.png,00.png,00.png,00.png,00.png,00.png,31.png,27.png,26.png,28.png,00.png,00.png,dots2.png,24.png,23.png,22.png,"[-245, 222]","[-95, 222]","[55, 222]","[205, 222]","[-245, 72]","[-95, 72]","[55, 72]","[205, 72]","[-245, -78]","[-95, -78]","[55, -78]","[205, -78]","[-245, -228]","[-95, -228]","[55, -228]","[205, -228]","[100, 100]","[100, 100]","[100, 100]","[100, 100]","[100, 100]","[100, 100]","[100, 100]","[100, 100]","[100, 100]","[100, 100]","[100, 100]","[100, 100]","[100, 100]","[100, 100]","[100, 100]","[100, 100]",ok.png,"[0, -375]","[150, 100]",79,dots,8,2,m,1,1,1,1,0,0,0,0,0,0,0,1.31764519215,1.317645192146301,0,-257,-257,-230,-230,1,1,0,0,0,0,0,0,0,0.515036642551,0.5150366425514221,0,30,30,-356,-356,446
00.png,00.png,00.png,00.png,01.png,34.png,33.png,32.png,31.png,30.png,29.png,dots2.png,00.png,00.png,00.png,00.png,"[-210, 238]","[-60, 238]","[90, 238]","[240, 238]","[-210, 88]","[-60, 88]","[90, 88]","[240, 88]","[-210, -62]","[-60, -62]","[90, -62]","[240, -62]","[-210, -212]","[-60, -212]","[90, -212]","[240, -212]","[100, 100]","[100, 100]","[100, 100]","[100, 100]","[100, 100]","[100, 100]","[100, 100]","[100, 100]","[100, 100]","[100, 100]","[100, 100]","[100, 100]","[100, 100]","[100, 100]","[100, 100]","[100, 100]",ok.png,"[0, -375]","[150, 100]",80,dots,8,2,m,1,1,1,1,0,0,0,0,0,0,0,1.0737683773,1.073768377304077,0,257,257,-65,-65,1,1,0,0,0,0,0,0,0,0.713184952736,0.7131849527359009,0,0,0,-415,-415,214
00.png,00.png,23.png,17.png,00.png,00.png,15.png,06.png,00.png,00.png,dots2.png,04.png,00.png,00.png,34.png,01.png,"[-212, 248]","[-62, 248]","[88, 248]","[238, 248]","[-212, 98]","[-62, 98]","[88, 98]","[238, 98]","[-212, -52]","[-62, -52]","[88, -52]","[238, -52]","[-212, -202]","[-62, -202]","[88, -202]","[238, -202]","[100, 100]","[100, 100]","[100, 100]","[100, 100]","[100, 100]","[100, 100]","[100, 100]","[100, 100]","[100, 100]","[100, 100]","[100, 100]","[100, 100]","[100, 100]","[100, 100]","[100, 100]","[100, 100]",ok.png,"[0, -375]","[150, 100]",81,dots,8,2,m,1,1,1,1,0,0,0,0,0,0,0,1.39897191525,1.398971915245056,0,93,93,-47,-47,1,1,0,0,0,0,0,0,0,1.27591633797,1.275916337966919,0,20,20,-365,-365,396
14.png,09.png,22.png,06.png,00.png,00.png,00.png,00.png,25.png,dots2.png,03.png,07.png,00.png,00.png,00.png,00.png,"[-239, 245]","[-89, 245]","[61, 245]","[211, 245]","[-239, 95]","[-89, 95]","[61, 95]","[211, 95]","[-239, -55]","[-89, -55]","[61, -55]","[211, -55]","[-239, -205]","[-89, -205]","[61, -205]","[211, -205]","[100, 100]","[100, 100]","[100, 100]","[100, 100]","[100, 100]","[100, 100]","[100, 100]","[100, 100]","[100, 100]","[100, 100]","[100, 100]","[100, 100]","[100, 100]","[100, 100]","[100, 100]","[100, 100]",ok.png,"[0, -375]","[150, 100]",82,dots,8,2,m,1,1,1,1,0,0,0,0,0,0,0,1.85124981403,1.851249814033508,0,-94,-94,-66,-66,1,1,0,0,0,0,0,0,0,0.544490754604,0.5444907546043396,0,-20,-20,-395,-395,435
00.png,00.png,00.png,00.png,31.png,30.png,17.png,00.png,dots2.png,27.png,00.png,00.png,07.png,33.png,05.png,00.png,"[-216, 221]","[-66, 221]","[84, 221]","[234, 221]","[-216, 71]","[-66, 71]","[84, 71]","[234, 71]","[-216, -79]","[-66, -79]","[84, -79]","[234, -79]","[-216, -229]","[-66, -229]","[84, -229]","[234, -229]","[100, 100]","[100, 100]","[100, 100]","[100, 100]","[100, 100]","[100, 100]","[100, 100]","[100, 100]","[100, 100]","[100, 100]","[100, 100]","[100, 100]","[100, 100]","[100, 100]","[100, 100]","[100, 100]",ok.png,"[0, -375]","[150, 100]",83,dots,8,2,m,1,1,1,1,0,0,0,0,0,0,0,1.02324533463,1.023245334625244,0,-223,-223,-40,-40,1,1,0,0,0,0,0,0,0,0.790595471859,0.7905954718589783,0,9,9,-377,-377,216
33.png,31.png,25.png,21.png,27.png,23.png,29.png,dots2.png,00.png,00.png,00.png,00.png,00.png,00.png,00.png,00.png,"[-235, 204]","[-85, 204]","[65, 204]","[215, 204]","[-235, 54]","[-85, 54]","[65, 54]","[215, 54]","[-235, -96]","[-85, -96]","[65, -96]","[215, -96]","[-235, -246]","[-85, -246]","[65, -246]","[215, -246]","[100, 100]","[100, 100]","[100, 100]","[100, 100]","[100, 100]","[100, 100]","[100, 100]","[100, 100]","[100, 100]","[100, 100]","[100, 100]","[100, 100]","[100, 100]","[100, 100]","[100, 100]","[100, 100]",ok.png,"[0, -375]","[150, 100]",84,dots,8,2,m,1,1,1,1,0,0,0,0,0,0,0,0.854280292988,0.8542802929878235,0,213,213,46,46,1,1,0,0,0,0,0,0,0,0.98020619154,0.9802061915397644,0,29,29,-364,-364,286
00.png,00.png,00.png,00.png,26.png,24.png,dots2.png,22.png,20.png,18.png,16.png,14.png,00.png,00.png,00.png,00.png,"[-226, 244]","[-76, 244]","[74, 244]","[224, 244]","[-226, 94]","[-76, 94]","[74, 94]","[224, 94]","[-226, -56]","[-76, -56]","[74, -56]","[224, -56]","[-226, -206]","[-76, -206]","[74, -206]","[224, -206]","[100, 100]","[100, 100]","[100, 100]","[100, 100]","[100, 100]","[100, 100]","[100, 100]","[100, 100]","[100, 100]","[100, 100]","[100, 100]","[100, 100]","[100, 100]","[100, 100]","[100, 100]","[100, 100]",ok.png,"[0, -375]","[150, 100]",85,dots,8,2,m,1,1,1,1,0,0,0,0,0,0,0,0.865822255611,0.8658222556114197,0,98,98,81,81,1,1,0,0,0,0,0,0,0,1.26331174374,1.263311743736267,0,-14,-14,-391,-391,102
00.png,00.png,27.png,24.png,21.png,dots2.png,19.png,16.png,00.png,00.png,10.png,13.png,00.png,00.png,00.png,00.png,"[-227, 228]","[-77, 228]","[73, 228]","[223, 228]","[-227, 78]","[-77, 78]","[73, 78]","[223, 78]","[-227, -72]","[-77, -72]","[73, -72]","[223, -72]","[-227, -222]","[-77, -222]","[73, -222]","[223, -222]","[100, 100]","[100, 100]","[100, 100]","[100, 100]","[100, 100]","[100, 100]","[100, 100]","[100, 100]","[100, 100]","[100, 100]","[100, 100]","[100, 100]","[100, 100]","[100, 100]","[100, 100]","[100, 100]",ok.png,"[0, -375]","[150, 100]",86,dots,8,2,m,1,1,1,1,0,0,0,0,0,0,0,1.14858531952,1.148585319519043,0,-64,-64,78,78,1,1,0,0,0,0,0,0,0,1.37179732323,1.371797323226929,0,-13,-13,-394,-394,395
00.png,00.png,00.png,00.png,dots2.png,11.png,16.png,21.png,00.png,00.png,00.png,00.png,25.png,20.png,15.png,10.png,"[-216, 216]","[-66, 216]","[84, 216]","[234, 216]","[-216, 66]","[-66, 66]","[84, 66]","[234, 66]","[-216, -84]","[-66, -84]","[84, -84]","[234, -84]","[-216, -234]","[-66, -234]","[84, -234]","[234, -234]","[100, 100]","[100, 100]","[100, 100]","[100, 100]","[100, 100]","[100, 100]","[100, 100]","[100, 100]","[100, 100]","[100, 100]","[100, 100]","[100, 100]","[100, 100]","[100, 100]","[100, 100]","[100, 100]",ok.png,"[0, -375]","[150, 100]",87,dots,8,2,m,1,1,1,1,0,0,0,0,0,0,0,0.928208708763,0.9282087087631226,0,-189,-189,62,62,1,1,0,0,0,0,0,0,0,0.749251425266,0.7492514252662659,0,-46,-46,-384,-384,162
04.png,02.png,05.png,dots2.png,08.png,07.png,01.png,03.png,00.png,00.png,00.png,00.png,00.png,00.png,00.png,00.png,"[-220, 242]","[-70, 242]","[80, 242]","[230, 242]","[-220, 92]","[-70, 92]","[80, 92]","[230, 92]","[-220, -58]","[-70, -58]","[80, -58]","[230, -58]","[-220, -208]","[-70, -208]","[80, -208]","[230, -208]","[100, 100]","[100, 100]","[100, 100]","[100, 100]","[100, 100]","[100, 100]","[100, 100]","[100, 100]","[100, 100]","[100, 100]","[100, 100]","[100, 100]","[100, 100]","[100, 100]","[100, 100]","[100, 100]",ok.png,"[0, -375]","[150, 100]",88,dots,8,2,m,1,1,1,1,0,0,0,0,0,0,0,0.868847548962,0.8688475489616394,0,247,247,237,237,1,1,0,0,0,0,0,0,0,0.854432523251,0.8544325232505798,0,8,8,-385,-385,262
00.png,12.png,dots2.png,23.png,00.png,00.png,00.png,13.png,08.png,33.png,00.png,00.png,16.png,00.png,00.png,29.png,"[-242, 241]","[-92, 241]","[58, 241]","[208, 241]","[-242, 91]","[-92, 91]","[58, 91]","[208, 91]","[-242, -59]","[-92, -59]","[58, -59]","[208, -59]","[-242, -209]","[-92, -209]","[58, -209]","[208, -209]","[100, 100]","[100, 100]","[100, 100]","[100, 100]","[100, 100]","[100, 100]","[100, 100]","[100, 100]","[100, 100]","[100, 100]","[100, 100]","[100, 100]","[100, 100]","[100, 100]","[100, 100]","[100, 100]",ok.png,"[0, -375]","[150, 100]",89,dots,8,2,m,1,1,1,1,0,0,0,0,0,0,0,1.1626650095,1.162665009498596,0,57,57,240,240,1,1,0,0,0,0,0,0,0,1.10581016541,1.105810165405273,0,-15,-15,-389,-389,149
00.png,dots2.png,03.png,07.png,13.png,17.png,23.png,27.png,33.png,00.png,00.png,00.png,00.png,00.png,00.png,00.png,"[-239, 232]","[-89, 232]","[61, 232]","[211, 232]","[-239, 82]","[-89, 82]","[61, 82]","[211, 82]","[-239, -68]","[-89, -68]","[61, -68]","[211, -68]","[-239, -218]","[-89, -218]","[61, -218]","[211, -218]","[100, 100]","[100, 100]","[100, 100]","[100, 100]","[100, 100]","[100, 100]","[100, 100]","[100, 100]","[100, 100]","[100, 100]","[100, 100]","[100, 100]","[100, 100]","[100, 100]","[100, 100]","[100, 100]",ok.png,"[0, -375]","[150, 100]",90,dots,8,2,m,1,1,1,1,0,0,0,0,0,0,0,0.8824172616,0.8824172616004944,0,-100,-100,231,231,1,1,0,0,0,0,0,0,0,1.4801415205,1.480141520500183,0,5,5,-384,-384,70
dots2.png,17.png,07.png,14.png,00.png,00.png,00.png,00.png,00.png,00.png,00.png,00.png,02.png,30.png,20.png,04.png,"[-238, 203]","[-88, 203]","[62, 203]","[212, 203]","[-238, 53]","[-88, 53]","[62, 53]","[212, 53]","[-238, -97]","[-88, -97]","[62, -97]","[212, -97]","[-238, -247]","[-88, -247]","[62, -247]","[212, -247]","[100, 100]","[100, 100]","[100, 100]","[100, 100]","[100, 100]","[100, 100]","[100, 100]","[100, 100]","[100, 100]","[100, 100]","[100, 100]","[100, 100]","[100, 100]","[100, 100]","[100, 100]","[100, 100]",ok.png,"[0, -375]","[150, 100]",91,dots,8,2,m,1,1,1,1,0,0,0,0,0,0,0,1.03912055492,1.039120554924011,0,-224,-224,196,196,1,1,0,0,0,0,0,0,0,1.18190836906,1.181908369064331,0,-32,-32,-373,-373,351
00.png,dots2.png,04.png,00.png,00.png,16.png,22.png,00.png,00.png,32.png,02.png,00.png,00.png,29.png,19.png,00.png,"[-244, 249]","[-94, 249]","[56, 249]","[206, 249]","[-244, 99]","[-94, 99]","[56, 99]","[206, 99]","[-244, -51]","[-94, -51]","[56, -51]","[206, -51]","[-244, -201]","[-94, -201]","[56, -201]","[206, -201]","[100, 100]","[100, 100]","[100, 100]","[100, 100]","[100, 100]","[100, 100]","[100, 100]","[100, 100]","[100, 100]","[100, 100]","[100, 100]","[100, 100]","[100, 100]","[100, 100]","[100, 100]","[100, 100]",ok.png,"[0, -375]","[150, 100]",92,dots,8,2,m,1,1,1,1,0,0,0,0,0,0,0,0.85281431675,0.8528143167495728,0,-65,-65,241,241,1,1,0,0,0,0,0,0,0,1.24449706078,1.244497060775757,0,18,18,-396,-396,68
00.png,08.png,dots2.png,03.png,25.png,28.png,27.png,00.png,00.png,00.png,00.png,21.png,05.png,00.png,00.png,00.png,"[-223, 218]","[-73, 218]","[77, 218]","[227, 218]","[-223, 68]","[-73, 68]","[77, 68]","[227, 68]","[-223, -82]","[-73, -82]","[77, -82]","[227, -82]","[-223, -232]","[-73, -232]","[77, -232]","[227, -232]","[100, 100]","[100, 100]","[100, 100]","[100, 100]","[100, 100]","[100, 100]","[100, 100]","[100, 100]","[100, 100]","[100, 100]","[100, 100]","[100, 100]","[100, 100]","[100, 100]","[100, 100]","[100, 100]",ok.png,"[0, -375]","[150, 100]",93,dots,8,2,m,1,1,1,1,0,0,0,0,0,0,0,0.962550640106,0.9625506401062012,0,98,98,214,214,1,1,0,0,0,0,0,0,0,1.05700576305,1.057005763053894,0,14,14,-389,-389,422
00.png,07.png,00.png,dots2.png,23.png,00.png,09.png,00.png,00.png,16.png,00.png,00.png,17.png,15.png,00.png,06.png,"[-224, 213]","[-74, 213]","[76, 213]","[226, 213]","[-224, 63]","[-74, 63]","[76, 63]","[226, 63]","[-224, -87]","[-74, -87]","[76, -87]","[226, -87]","[-224, -237]","[-74, -237]","[76, -237]","[226, -237]","[100, 100]","[100, 100]","[100, 100]","[100, 100]","[100, 100]","[100, 100]","[100, 100]","[100, 100]","[100, 100]","[100, 100]","[100, 100]","[100, 100]","[100, 100]","[100, 100]","[100, 100]","[100, 100]",ok.png,"[0, -375]","[150, 100]",94,dots,8,2,m,1,1,1,1,0,0,0,0,0,0,0,1.07161819935,1.07161819934845,0,229,229,197,197,1,1,0,0,0,0,0,0,0,1.83844101429,1.838441014289856,0,5,5,-407,-407,283
00.png,32.png,00.png,31.png,dots2.png,08.png,30.png,00.png,34.png,00.png,00.png,12.png,00.png,00.png,11.png,00.png,"[-204, 235]","[-54, 235]","[96, 235]","[246, 235]","[-204, 85]","[-54, 85]","[96, 85]","[246, 85]","[-204, -65]","[-54, -65]","[96, -65]","[246, -65]","[-204, -215]","[-54, -215]","[96, -215]","[246, -215]","[100, 100]","[100, 100]","[100, 100]","[100, 100]","[100, 100]","[100, 100]","[100, 100]","[100, 100]","[100, 100]","[100, 100]","[100, 100]","[100, 100]","[100, 100]","[100, 100]","[100, 100]","[100, 100]",ok.png,"[0, -375]","[150, 100]",95,dots,8,2,m,1,1,1,1,0,0,0,0,0,0,0,0.824968516827,0.8249685168266296,0,-194,-194,95,95,1,1,0,0,0,0,0,0,0,1.13616371155,1.136163711547852,0,-12,-12,-389,-389,101
00.png,00.png,16.png,13.png,10.png,dots2.png,09.png,07.png,27.png,24.png,00.png,00.png,00.png,00.png,00.png,00.png,"[-214, 226]","[-64, 226]","[86, 226]","[236, 226]","[-214, 76]","[-64, 76]","[86, 76]","[236, 76]","[-214, -74]","[-64, -74]","[86, -74]","[236, -74]","[-214, -224]","[-64, -224]","[86, -224]","[236, -224]","[100, 100]","[100, 100]","[100, 100]","[100, 100]","[100, 100]","[100, 100]","[100, 100]","[100, 100]","[100, 100]","[100, 100]","[100, 100]","[100, 100]","[100, 100]","[100, 100]","[100, 100]","[100, 100]",ok.png,"[0, -375]","[150, 100]",96,dots,8,2,m,1,1,1,1,0,0,0,0,0,0,0,1.02646636963,1.026466369628906,0,-30,-30,85,85,1,1,0,0,0,0,0,0,0,0.680744171143,0.6807441711425781,0,42,42,-382,-382,438
30.png,00.png,20.png,00.png,10.png,00.png,dots2.png,01.png,00.png,05.png,00.png,33.png,00.png,25.png,00.png,00.png,"[-249, 219]","[-99, 219]","[51, 219]","[201, 219]","[-249, 69]","[-99, 69]","[51, 69]","[201, 69]","[-249, -81]","[-99, -81]","[51, -81]","[201, -81]","[-249, -231]","[-99, -231]","[51, -231]","[201, -231]","[100, 100]","[100, 100]","[100, 100]","[100, 100]","[100, 100]","[100, 100]","[100, 100]","[100, 100]","[100, 100]","[100, 100]","[100, 100]","[100, 100]","[100, 100]","[100, 100]","[100, 100]","[100, 100]",ok.png,"[0, -375]","[150, 100]",97,dots,8,2,m,1,1,1,1,0,0,0,0,0,0,0,0.761363387108,0.7613633871078491,0,69,69,90,90,1,1,0,0,0,0,0,0,0,0.759266555309,0.7592665553092957,0,-2,-2,-433,-433,371
00.png,00.png,24.png,26.png,00.png,04.png,02.png,dots2.png,09.png,00.png,14.png,00.png,18.png,00.png,00.png,00.png,"[-200, 247]","[-50, 247]","[100, 247]","[250, 247]","[-200, 97]","[-50, 97]","[100, 97]","[250, 97]","[-200, -53]","[-50, -53]","[100, -53]","[250, -53]","[-200, -203]","[-50, -203]","[100, -203]","[250, -203]","[100, 100]","[100, 100]","[100, 100]","[100, 100]","[100, 100]","[100, 100]","[100, 100]","[100, 100]","[100, 100]","[100, 100]","[100, 100]","[100, 100]","[100, 100]","[100, 100]","[100, 100]","[100, 100]",ok.png,"[0, -375]","[150, 100]",98,dots,8,2,m,1,1,1,1,0,0,0,0,0,0,0,0.959514379501,0.9595143795013428,0,263,263,94,94,1,1,0,0,0,0,0,0,0,1.02708017826,1.027080178260803,0,4,4,-400,-400,125
19.png,00.png,00.png,09.png,30.png,00.png,00.png,18.png,dots2.png,00.png,07.png,11.png,00.png,00.png,14.png,00.png,"[-239, 245]","[-89, 245]","[61, 245]","[211, 245]","[-239, 95]","[-89, 95]","[61, 95]","[211, 95]","[-239, -55]","[-89, -55]","[61, -55]","[211, -55]","[-239, -205]","[-89, -205]","[61, -205]","[211, -205]","[100, 100]","[100, 100]","[100, 100]","[100, 100]","[100, 100]","[100, 100]","[100, 100]","[100, 100]","[100, 100]","[100, 100]","[100, 100]","[100, 100]","[100, 100]","[100, 100]","[100, 100]","[100, 100]",ok.png,"[0, -375]","[150, 100]",99,dots,8,2,m,1,1,1,1,0,0,0,0,0,0,0,0.851259052753,0.8512590527534485,0,-268,-268,-64,-64,1,1,0,0,0,0,0,0,0,0.623354613781,0.6233546137809753,0,-5,-5,-346,-346,304
00.png,29.png,00.png,19.png,00.png,14.png,00.png,33.png,00.png,dots2.png,00.png,23.png,00.png,13.png,00.png,31.png,"[-223, 208]","[-73, 208]","[77, 208]","[227, 208]","[-223, 58]","[-73, 58]","[77, 58]","[227, 58]","[-223, -92]","[-73, -92]","[77, -92]","[227, -92]","[-223, -242]","[-73, -242]","[77, -242]","[227, -242]","[100, 100]","[100, 100]","[100, 100]","[100, 100]","[100, 100]","[100, 100]","[100, 100]","[100, 100]","[100, 100]","[100, 100]","[100, 100]","[100, 100]","[100, 100]","[100, 100]","[100, 100]","[100, 100]",ok.png,"[0, -375]","[150, 100]",100,dots,8,2,m,1,1,1,1,0,0,0,0,0,0,0,0.97731500864,0.9773150086402892,0,-68,-68,-91,-91,1,1,0,0,0,0,0,0,0,0.622063100338,0.6220631003379822,0,22,22,-426,-426,231
dots1.png,01.png,02.png,03.png,04.png,05.png,06.png,tray1.png,00.png,00.png,00.png,00.png,00.png,00.png,00.png,00.png,"[-229, 210]","[-79, 210]","[71, 210]","[221, 210]","[-229, 60]","[-79, 60]","[71, 60]","[221, 60]","[-229, -90]","[-79, -90]","[71, -90]","[221, -90]","[-229, -240]","[-79, -240]","[71, -240]","[221, -240]","[100, 100]","[100, 100]","[100, 100]","[100, 100]","[100, 100]","[100, 100]","[100, 100]","[100, 100]","[100, 100]","[100, 100]","[100, 100]","[100, 100]","[100, 100]","[100, 100]","[100, 100]","[100, 100]",ok.png,"[0, -375]","[150, 100]",101,both,8,3,m,1,1,1,1,0,0,0,0,0,0,0,1.55103373528,1.551033735275269,0,-215,-215,288,288,1,1,0,0,0,0,0,0,0,0.763310015202,0.7633100152015686,0,243,243,64,64,339
08.png,dots1.png,09.png,00.png,10.png,11.png,tray1.png,13.png,00.png,14.png,00.png,00.png,00.png,00.png,00.png,00.png,"[-226, 211]","[-76, 211]","[74, 211]","[224, 211]","[-226, 61]","[-76, 61]","[74, 61]","[224, 61]","[-226, -89]","[-76, -89]","[74, -89]","[224, -89]","[-226, -239]","[-76, -239]","[74, -239]","[224, -239]","[100, 100]","[100, 100]","[100, 100]","[100, 100]","[100, 100]","[100, 100]","[100, 100]","[100, 100]","[100, 100]","[100, 100]","[100, 100]","[100, 100]","[100, 100]","[100, 100]","[100, 100]","[100, 100]",ok.png,"[0, -375]","[150, 100]",102,both,8,3,m,1,1,1,1,0,0,0,0,0,0,0,1.04182195663,1.041821956634521,0,-51,-51,197,197,1,1,0,0,0,0,0,0,0,0.463244110346,0.4632441103458405,0,45,45,52,52,401
00.png,00.png,dots1.png,15.png,16.png,tray1.png,18.png,19.png,20.png,21.png,00.png,00.png,00.png,00.png,00.png,00.png,"[-202, 241]","[-52, 241]","[98, 241]","[248, 241]","[-202, 91]","[-52, 91]","[98, 91]","[248, 91]","[-202, -59]","[-52, -59]","[98, -59]","[248, -59]","[-202, -209]","[-52, -209]","[98, -209]","[248, -209]","[100, 100]","[100, 100]","[100, 100]","[100, 100]","[100, 100]","[100, 100]","[100, 100]","[100, 100]","[100, 100]","[100, 100]","[100, 100]","[100, 100]","[100, 100]","[100, 100]","[100, 100]","[100, 100]",ok.png,"[0, -375]","[150, 100]",103,both,8,3,m,1,1,1,1,0,0,0,0,0,0,0,0.806092917919,0.8060929179191589,0,-44,-44,71,71,1,1,0,0,0,0,0,0,0,0.527555048466,0.5275550484657288,0,89,89,208,208,116
22.png,23.png,24.png,dots1.png,00.png,00.png,25.png,26.png,00.png,00.png,tray1.png,28.png,00.png,00.png,00.png,00.png,"[-203, 227]","[-53, 227]","[97, 227]","[247, 227]","[-203, 77]","[-53, 77]","[97, 77]","[247, 77]","[-203, -73]","[-53, -73]","[97, -73]","[247, -73]","[-203, -223]","[-53, -223]","[97, -223]","[247, -223]","[100, 100]","[100, 100]","[100, 100]","[100, 100]","[100, 100]","[100, 100]","[100, 100]","[100, 100]","[100, 100]","[100, 100]","[100, 100]","[100, 100]","[100, 100]","[100, 100]","[100, 100]","[100, 100]",ok.png,"[0, -375]","[150, 100]",104,both,8,3,m,1,1,1,1,0,0,0,0,0,0,0,0.758789658546,0.7587896585464478,0,245,245,213,213,1,1,0,0,0,0,0,0,0,1.43293845654,1.432938456535339,0,129,129,-72,-72,170
00.png,00.png,00.png,00.png,dots1.png,29.png,30.png,31.png,32.png,33.png,34.png,tray1.png,00.png,00.png,00.png,00.png,"[-210, 245]","[-60, 245]","[90, 245]","[240, 245]","[-210, 95]","[-60, 95]","[90, 95]","[240, 95]","[-210, -55]","[-60, -55]","[90, -55]","[240, -55]","[-210, -205]","[-60, -205]","[90, -205]","[240, -205]","[100, 100]","[100, 100]","[100, 100]","[100, 100]","[100, 100]","[100, 100]","[100, 100]","[100, 100]","[100, 100]","[100, 100]","[100, 100]","[100, 100]","[100, 100]","[100, 100]","[100, 100]","[100, 100]",ok.png,"[0, -375]","[150, 100]",105,both,8,3,m,1,1,1,1,0,0,0,0,0,0,0,0.93230932951,0.9323093295097352,0,-189,-189,106,106,1,1,0,0,0,0,0,0,0,0.903074860573,0.9030748605728148,0,246,246,-50,-50,290
01.png,tray1.png,00.png,00.png,04.png,dots1.png,00.png,00.png,06.png,15.png,00.png,00.png,17.png,23.png,00.png,00.png,"[-227, 237]","[-77, 237]","[73, 237]","[223, 237]","[-227, 87]","[-77, 87]","[73, 87]","[223, 87]","[-227, -63]","[-77, -63]","[73, -63]","[223, -63]","[-227, -213]","[-77, -213]","[73, -213]","[223, -213]","[100, 100]","[100, 100]","[100, 100]","[100, 100]","[100, 100]","[100, 100]","[100, 100]","[100, 100]","[100, 100]","[100, 100]","[100, 100]","[100, 100]","[100, 100]","[100, 100]","[100, 100]","[100, 100]",ok.png,"[0, -375]","[150, 100]",106,both,8,3,m,1,1,1,1,0,0,0,0,0,0,0,0.930141687393,0.9301416873931884,0,-75,-75,105,105,1,1,0,0,0,0,0,0,0,0.481665343046,0.4816653430461884,0,-85,-85,227,227,78
00.png,00.png,00.png,00.png,07.png,03.png,dots1.png,25.png,00.png,00.png,00.png,00.png,06.png,tray1.png,09.png,14.png,"[-227, 227]","[-77, 227]","[73, 227]","[223, 227]","[-227, 77]","[-77, 77]","[73, 77]","[223, 77]","[-227, -73]","[-77, -73]","[73, -73]","[223, -73]","[-227, -223]","[-77, -223]","[73, -223]","[223, -223]","[100, 100]","[100, 100]","[100, 100]","[100, 100]","[100, 100]","[100, 100]","[100, 100]","[100, 100]","[100, 100]","[100, 100]","[100, 100]","[100, 100]","[100, 100]","[100, 100]","[100, 100]","[100, 100]",ok.png,"[0, -375]","[150, 100]",107,both,8,3,m,1,1,1,1,0,0,0,0,0,0,0,0.852897465229,0.8528974652290344,0,85,85,69,69,1,1,0,0,0,0,0,0,0,0.743926763535,0.7439267635345459,0,-56,-56,-200,-200,29
00.png,05.png,33.png,07.png,00.png,00.png,27.png,dots1.png,00.png,tray1.png,30.png,31.png,00.png,00.png,00.png,00.png,"[-228, 231]","[-78, 231]","[72, 231]","[222, 231]","[-228, 81]","[-78, 81]","[72, 81]","[222, 81]","[-228, -69]","[-78, -69]","[72, -69]","[222, -69]","[-228, -219]","[-78, -219]","[72, -219]","[222, -219]","[100, 100]","[100, 100]","[100, 100]","[100, 100]","[100, 100]","[100, 100]","[100, 100]","[100, 100]","[100, 100]","[100, 100]","[100, 100]","[100, 100]","[100, 100]","[100, 100]","[100, 100]","[100, 100]",ok.png,"[0, -375]","[150, 100]",108,both,8,3,m,1,1,1,1,0,0,0,0,0,0,0,0.901016712189,0.9010167121887208,0,229,229,46,46,1,1,0,0,0,0,0,0,0,0.435743480921,0.4357434809207916,0,-77,-77,-70,-70,173
00.png,00.png,00.png,00.png,00.png,00.png,00.png,00.png,dots1.png,29.png,23.png,tray1.png,21.png,25.png,31.png,33.png,"[-235, 206]","[-85, 206]","[65, 206]","[215, 206]","[-235, 56]","[-85, 56]","[65, 56]","[215, 56]","[-235, -94]","[-85, -94]","[65, -94]","[215, -94]","[-235, -244]","[-85, -244]","[65, -244]","[215, -244]","[100, 100]","[100, 100]","[100, 100]","[100, 100]","[100, 100]","[100, 100]","[100, 100]","[100, 100]","[100, 100]","[100, 100]","[100, 100]","[100, 100]","[100, 100]","[100, 100]","[100, 100]","[100, 100]",ok.png,"[0, -375]","[150, 100]",109,both,8,3,m,1,1,1,1,0,0,0,0,0,0,0,1.01317560673,1.0131756067276,0,221,221,-96,-96,1,1,0,0,0,0,0,0,0,1.35152757168,1.351527571678162,0,-202,-202,-115,-115,350
00.png,00.png,00.png,00.png,14.png,tray1.png,18.png,20.png,22.png,dots1.png,24.png,26.png,00.png,00.png,00.png,00.png,"[-208, 230]","[-58, 230]","[92, 230]","[242, 230]","[-208, 80]","[-58, 80]","[92, 80]","[242, 80]","[-208, -70]","[-58, -70]","[92, -70]","[242, -70]","[-208, -220]","[-58, -220]","[92, -220]","[242, -220]","[100, 100]","[100, 100]","[100, 100]","[100, 100]","[100, 100]","[100, 100]","[100, 100]","[100, 100]","[100, 100]","[100, 100]","[100, 100]","[100, 100]","[100, 100]","[100, 100]","[100, 100]","[100, 100]",ok.png,"[0, -375]","[150, 100]",110,both,8,3,m,1,1,1,1,0,0,0,0,0,0,0,0.946435987949,0.9464359879493712,0,-46,-46,-55,-55,1,1,0,0,0,0,0,0,0,0.418824851513,0.4188248515129089,0,-63,-63,131,131,418
00.png,00.png,00.png,00.png,13.png,10.png,00.png,00.png,16.png,19.png,dots1.png,21.png,tray1.png,27.png,00.png,00.png,"[-235, 212]","[-85, 212]","[65, 212]","[215, 212]","[-235, 62]","[-85, 62]","[65, 62]","[215, 62]","[-235, -88]","[-85, -88]","[65, -88]","[215, -88]","[-235, -238]","[-85, -238]","[65, -238]","[215, -238]","[100, 100]","[100, 100]","[100, 100]","[100, 100]","[100, 100]","[100, 100]","[100, 100]","[100, 100]","[100, 100]","[100, 100]","[100, 100]","[100, 100]","[100, 100]","[100, 100]","[100, 100]","[100, 100]",ok.png,"[0, -375]","[150, 100]",111,both,8,3,m,1,1,1,1,0,0,0,0,0,0,0,0.85083925724,0.8508392572402954,0,68,68,-103,-103,1,1,0,0,0,0,0,0,0,0.728468954563,0.7284689545631409,0,-248,-248,-255,-255,428
10.png,15.png,20.png,25.png,00.png,00.png,00.png,00.png,21.png,16.png,tray1.png,dots1.png,00.png,00.png,00.png,00.png,"[-210, 222]","[-60, 222]","[90, 222]","[240, 222]","[-210, 72]","[-60, 72]","[90, 72]","[240, 72]","[-210, -78]","[-60, -78]","[90, -78]","[240, -78]","[-210, -228]","[-60, -228]","[90, -228]","[240, -228]","[100, 100]","[100, 100]","[100, 100]","[100, 100]","[100, 100]","[100, 100]","[100, 100]","[100, 100]","[100, 100]","[100, 100]","[100, 100]","[100, 100]","[100, 100]","[100, 100]","[100, 100]","[100, 100]",ok.png,"[0, -375]","[150, 100]",112,both,8,3,m,1,1,1,1,0,0,0,0,0,0,0,2.02283620834,2.022836208343506,0,100,100,-79,-79,1,1,0,0,0,0,0,0,0,0.311986237764,0.3119862377643585,0,221,221,-94,-94,294
00.png,00.png,00.png,00.png,00.png,00.png,00.png,00.png,tray1.png,01.png,07.png,08.png,dots1.png,05.png,02.png,04.png,"[-200, 235]","[-50, 235]","[100, 235]","[250, 235]","[-200, 85]","[-50, 85]","[100, 85]","[250, 85]","[-200, -65]","[-50, -65]","[100, -65]","[250, -65]","[-200, -215]","[-50, -215]","[100, -215]","[250, -215]","[100, 100]","[100, 100]","[100, 100]","[100, 100]","[100, 100]","[100, 100]","[100, 100]","[100, 100]","[100, 100]","[100, 100]","[100, 100]","[100, 100]","[100, 100]","[100, 100]","[100, 100]","[100, 100]",ok.png,"[0, -375]","[150, 100]",113,both,8,3,m,1,1,1,1,0,0,0,0,0,0,0,0.979088544846,0.979088544845581,0,-204,-204,-55,-55,1,1,0,0,0,0,0,0,0,0.46511310339,0.46511310338974,0,-199,-199,-197,-197,208
29.png,00.png,00.png,16.png,00.png,00.png,33.png,tray1.png,13.png,00.png,00.png,00.png,23.png,dots1.png,12.png,00.png,"[-214, 201]","[-64, 201]","[86, 201]","[236, 201]","[-214, 51]","[-64, 51]","[86, 51]","[236, 51]","[-214, -99]","[-64, -99]","[86, -99]","[236, -99]","[-214, -249]","[-64, -249]","[86, -249]","[236, -249]","[100, 100]","[100, 100]","[100, 100]","[100, 100]","[100, 100]","[100, 100]","[100, 100]","[100, 100]","[100, 100]","[100, 100]","[100, 100]","[100, 100]","[100, 100]","[100, 100]","[100, 100]","[100, 100]",ok.png,"[0, -375]","[150, 100]",114,both,8,3,m,1,1,1,1,0,0,0,0,0,0,0,1.22890996933,1.228909969329834,0,-78,-78,-234,-234,1,1,0,0,0,0,0,0,0,0.932816028595,0.9328160285949708,0,219,219,64,64,424
00.png,00.png,00.png,00.png,00.png,00.png,00.png,33.png,27.png,23.png,17.png,tray1.png,07.png,03.png,dots1.png,00.png,"[-250, 203]","[-100, 203]","[50, 203]","[200, 203]","[-250, 53]","[-100, 53]","[50, 53]","[200, 53]","[-250, -97]","[-100, -97]","[50, -97]","[200, -97]","[-250, -247]","[-100, -247]","[50, -247]","[200, -247]","[100, 100]","[100, 100]","[100, 100]","[100, 100]","[100, 100]","[100, 100]","[100, 100]","[100, 100]","[100, 100]","[100, 100]","[100, 100]","[100, 100]","[100, 100]","[100, 100]","[100, 100]","[100, 100]",ok.png,"[0, -375]","[150, 100]",115,both,8,3,m,1,1,1,1,0,0,0,0,0,0,0,0.976048111916,0.9760481119155884,0,47,47,-208,-208,1,1,0,0,0,0,0,0,0,0.403542876244,0.4035428762435913,0,241,241,-85,-85,334
04.png,20.png,30.png,tray1.png,00.png,00.png,00.png,00.png,00.png,00.png,00.png,00.png,14.png,07.png,17.png,dots1.png,"[-200, 211]","[-50, 211]","[100, 211]","[250, 211]","[-200, 61]","[-50, 61]","[100, 61]","[250, 61]","[-200, -89]","[-50, -89]","[100, -89]","[250, -89]","[-200, -239]","[-50, -239]","[100, -239]","[250, -239]","[100, 100]","[100, 100]","[100, 100]","[100, 100]","[100, 100]","[100, 100]","[100, 100]","[100, 100]","[100, 100]","[100, 100]","[100, 100]","[100, 100]","[100, 100]","[100, 100]","[100, 100]","[100, 100]",ok.png,"[0, -375]","[150, 100]",116,both,8,3,m,1,1,1,1,0,0,0,0,0,0,0,1.27661049366,1.276610493659973,0,252,252,224,224,1,1,0,0,0,0,0,0,0,0.542990267277,0.5429902672767639,0,230,230,-259,-259,235
00.png,19.png,29.png,00.png,00.png,tray1.png,32.png,00.png,00.png,22.png,16.png,00.png,00.png,04.png,dots1.png,00.png,"[-207, 233]","[-57, 233]","[93, 233]","[243, 233]","[-207, 83]","[-57, 83]","[93, 83]","[243, 83]","[-207, -67]","[-57, -67]","[93, -67]","[243, -67]","[-207, -217]","[-57, -217]","[93, -217]","[243, -217]","[100, 100]","[100, 100]","[100, 100]","[100, 100]","[100, 100]","[100, 100]","[100, 100]","[100, 100]","[100, 100]","[100, 100]","[100, 100]","[100, 100]","[100, 100]","[100, 100]","[100, 100]","[100, 100]",ok.png,"[0, -375]","[150, 100]",117,both,8,3,m,1,1,1,1,0,0,0,0,0,0,0,0.850500583649,0.8505005836486816,0,-44,-44,81,81,1,1,0,0,0,0,0,0,0,0.560280442238,0.560280442237854,0,78,78,-198,-198,103
00.png,00.png,00.png,05.png,21.png,00.png,00.png,00.png,00.png,tray1.png,28.png,25.png,03.png,dots1.png,08.png,00.png,"[-233, 228]","[-83, 228]","[67, 228]","[217, 228]","[-233, 78]","[-83, 78]","[67, 78]","[217, 78]","[-233, -72]","[-83, -72]","[67, -72]","[217, -72]","[-233, -222]","[-83, -222]","[67, -222]","[217, -222]","[100, 100]","[100, 100]","[100, 100]","[100, 100]","[100, 100]","[100, 100]","[100, 100]","[100, 100]","[100, 100]","[100, 100]","[100, 100]","[100, 100]","[100, 100]","[100, 100]","[100, 100]","[100, 100]",ok.png,"[0, -375]","[150, 100]",118,both,8,3,m,1,1,1,1,0,0,0,0,0,0,0,0.900208592415,0.900208592414856,0,-97,-97,-72,-72,1,1,0,0,0,0,0,0,0,0.824705064297,0.8247050642967224,0,-90,-90,-258,-258,117
06.png,00.png,15.png,17.png,00.png,00.png,16.png,00.png,00.png,tray1.png,00.png,23.png,dots1.png,00.png,07.png,00.png,"[-221, 244]","[-71, 244]","[79, 244]","[229, 244]","[-221, 94]","[-71, 94]","[79, 94]","[229, 94]","[-221, -56]","[-71, -56]","[79, -56]","[229, -56]","[-221, -206]","[-71, -206]","[79, -206]","[229, -206]","[100, 100]","[100, 100]","[100, 100]","[100, 100]","[100, 100]","[100, 100]","[100, 100]","[100, 100]","[100, 100]","[100, 100]","[100, 100]","[100, 100]","[100, 100]","[100, 100]","[100, 100]","[100, 100]",ok.png,"[0, -375]","[150, 100]",119,both,8,3,m,1,1,1,1,0,0,0,0,0,0,0,1.64641690254,1.646416902542114,0,-59,-59,-60,-60,1,1,0,0,0,0,0,0,0,0.604814291,0.6048142910003662,0,-201,-201,-200,-200,413
00.png,11.png,00.png,00.png,12.png,00.png,00.png,tray1.png,00.png,30.png,08.png,dots1.png,31.png,00.png,32.png,00.png,"[-226, 226]","[-76, 226]","[74, 226]","[224, 226]","[-226, 76]","[-76, 76]","[74, 76]","[224, 76]","[-226, -74]","[-76, -74]","[74, -74]","[224, -74]","[-226, -224]","[-76, -224]","[74, -224]","[224, -224]","[100, 100]","[100, 100]","[100, 100]","[100, 100]","[100, 100]","[100, 100]","[100, 100]","[100, 100]","[100, 100]","[100, 100]","[100, 100]","[100, 100]","[100, 100]","[100, 100]","[100, 100]","[100, 100]",ok.png,"[0, -375]","[150, 100]",120,both,8,3,m,1,1,1,1,0,0,0,0,0,0,0,1.09898769855,1.098987698554993,0,260,260,-87,-87,1,1,0,0,0,0,0,0,0,0.607424676418,0.6074246764183044,0,214,214,34,34,67
00.png,00.png,00.png,00.png,00.png,00.png,24.png,27.png,07.png,09.png,dots1.png,10.png,13.png,16.png,00.png,00.png,"[-226, 211]","[-76, 211]","[74, 211]","[224, 211]","[-226, 61]","[-76, 61]","[74, 61]","[224, 61]","[-226, -89]","[-76, -89]","[74, -89]","[224, -89]","[-226, -239]","[-76, -239]","[74, -239]","[224, -239]","[100, 100]","[100, 100]","[100, 100]","[100, 100]","[100, 100]","[100, 100]","[100, 100]","[100, 100]","[100, 100]","[100, 100]","[100, 100]","[100, 100]","[100, 100]","[100, 100]","[100, 100]","[100, 100]",ok.png,"[0, -375]","[150, 100]",121,both,8,3,m,1,1,1,1,0,0,0,0,0,0,0,0.897286295891,0.8972862958908081,0,73,73,-121,-121,1,1,0,0,0,0,0,0,0,0.795268058777,0.7952680587768555,0,38,38,-371,-371,354
00.png,00.png,25.png,00.png,tray1.png,00.png,05.png,00.png,01.png,dots1.png,00.png,10.png,00.png,20.png,00.png,30.png,"[-206, 206]","[-56, 206]","[94, 206]","[244, 206]","[-206, 56]","[-56, 56]","[94, 56]","[244, 56]","[-206, -94]","[-56, -94]","[94, -94]","[244, -94]","[-206, -244]","[-56, -244]","[94, -244]","[244, -244]","[100, 100]","[100, 100]","[100, 100]","[100, 100]","[100, 100]","[100, 100]","[100, 100]","[100, 100]","[100, 100]","[100, 100]","[100, 100]","[100, 100]","[100, 100]","[100, 100]","[100, 100]","[100, 100]",ok.png,"[0, -375]","[150, 100]",122,both,8,3,m,1,1,1,1,0,0,0,0,0,0,0,0.85600143671,0.8560014367103577,0,-193,-193,59,59,1,1,0,0,0,0,0,0,0,0.509960353374,0.5099603533744812,0,-70,-70,-100,-100,241
00.png,00.png,00.png,18.png,00.png,14.png,00.png,09.png,dots1.png,02.png,04.png,00.png,26.png,tray1.png,00.png,00.png,"[-219, 221]","[-69, 221]","[81, 221]","[231, 221]","[-219, 71]","[-69, 71]","[81, 71]","[231, 71]","[-219, -79]","[-69, -79]","[81, -79]","[231, -79]","[-219, -229]","[-69, -229]","[81, -229]","[231, -229]","[100, 100]","[100, 100]","[100, 100]","[100, 100]","[100, 100]","[100, 100]","[100, 100]","[100, 100]","[100, 100]","[100, 100]","[100, 100]","[100, 100]","[100, 100]","[100, 100]","[100, 100]","[100, 100]",ok.png,"[0, -375]","[150, 100]",123,both,8,3,m,1,1,1,1,0,0,0,0,0,0,0,0.86458003521,0.8645800352096558,0,-227,-227,-104,-104,1,1,0,0,0,0,0,0,0,0.669311344624,0.6693113446235657,0,-65,-65,-263,-263,24
00.png,tray1.png,00.png,00.png,11.png,07.png,00.png,dots1.png,18.png,00.png,00.png,30.png,09.png,00.png,00.png,19.png,"[-237, 225]","[-87, 225]","[63, 225]","[213, 225]","[-237, 75]","[-87, 75]","[63, 75]","[213, 75]","[-237, -75]","[-87, -75]","[63, -75]","[213, -75]","[-237, -225]","[-87, -225]","[63, -225]","[213, -225]","[100, 100]","[100, 100]","[100, 100]","[100, 100]","[100, 100]","[100, 100]","[100, 100]","[100, 100]","[100, 100]","[100, 100]","[100, 100]","[100, 100]","[100, 100]","[100, 100]","[100, 100]","[100, 100]",ok.png,"[0, -375]","[150, 100]",124,both,8,3,m,1,1,1,1,0,0,0,0,0,0,0,1.00944137573,1.009441375732422,0,225,225,55,55,1,1,0,0,0,0,0,0,0,0.575313329697,0.5753133296966553,0,-139,-139,243,243,97
tray1.png,00.png,13.png,00.png,23.png,00.png,dots1.png,00.png,33.png,00.png,14.png,00.png,19.png,00.png,29.png,00.png,"[-225, 241]","[-75, 241]","[75, 241]","[225, 241]","[-225, 91]","[-75, 91]","[75, 91]","[225, 91]","[-225, -59]","[-75, -59]","[75, -59]","[225, -59]","[-225, -209]","[-75, -209]","[75, -209]","[225, -209]","[100, 100]","[100, 100]","[100, 100]","[100, 100]","[100, 100]","[100, 100]","[100, 100]","[100, 100]","[100, 100]","[100, 100]","[100, 100]","[100, 100]","[100, 100]","[100, 100]","[100, 100]","[100, 100]",ok.png,"[0, -375]","[150, 100]",125,both,8,3,m,1,1,1,1,0,0,0,0,0,0,0,0.990596592426,0.9905965924263,0,78,78,86,86,1,1,0,0,0,0,0,0,0,0.51578861475,0.5157886147499084,0,-220,-220,242,242,362
00.png,00.png,00.png,00.png,00.png,00.png,00.png,00.png,07.png,06.png,tray2.png,04.png,03.png,02.png,01.png,dots2.png,"[-200, 202]","[-50, 202]","[100, 202]","[250, 202]","[-200, 52]","[-50, 52]","[100, 52]","[250, 52]","[-200, -98]","[-50, -98]","[100, -98]","[250, -98]","[-200, -248]","[-50, -248]","[100, -248]","[250, -248]","[100, 100]","[100, 100]","[100, 100]","[100, 100]","[100, 100]","[100, 100]","[100, 100]","[100, 100]","[100, 100]","[100, 100]","[100, 100]","[100, 100]","[100, 100]","[100, 100]","[100, 100]","[100, 100]",ok.png,"[0, -375]","[150, 100]",126,both,8,3,m,1,1,1,1,0,0,0,0,0,0,0,0.7010846138,0.7010846138000488,0,100,100,-109,-109,1,1,0,0,0,0,0,0,0,0.524742841721,0.524742841720581,0,221,221,-258,-258,421
00.png,00.png,00.png,00.png,00.png,00.png,14.png,00.png,13.png,tray2.png,11.png,10.png,00.png,09.png,dots2.png,08.png,"[-245, 240]","[-95, 240]","[55, 240]","[205, 240]","[-245, 90]","[-95, 90]","[55, 90]","[205, 90]","[-245, -60]","[-95, -60]","[55, -60]","[205, -60]","[-245, -210]","[-95, -210]","[55, -210]","[205, -210]","[100, 100]","[100, 100]","[100, 100]","[100, 100]","[100, 100]","[100, 100]","[100, 100]","[100, 100]","[100, 100]","[100, 100]","[100, 100]","[100, 100]","[100, 100]","[100, 100]","[100, 100]","[100, 100]",ok.png,"[0, -375]","[150, 100]",127,both,8,3,m,1,1,1,1,0,0,0,0,0,0,0,0.930787622929,0.9307876229286194,0,-73,-73,-60,-60,1,1,0,0,0,0,0,0,0,0.372624874115,0.3726248741149902,0,42,42,-246,-246,403
00.png,00.png,00.png,00.png,00.png,00.png,21.png,tray2.png,19.png,18.png,17.png,16.png,15.png,dots2.png,00.png,00.png,"[-202, 225]","[-52, 225]","[98, 225]","[248, 225]","[-202, 75]","[-52, 75]","[98, 75]","[248, 75]","[-202, -75]","[-52, -75]","[98, -75]","[248, -75]","[-202, -225]","[-52, -225]","[98, -225]","[248, -225]","[100, 100]","[100, 100]","[100, 100]","[100, 100]","[100, 100]","[100, 100]","[100, 100]","[100, 100]","[100, 100]","[100, 100]","[100, 100]","[100, 100]","[100, 100]","[100, 100]","[100, 100]","[100, 100]",ok.png,"[0, -375]","[150, 100]",128,both,8,3,m,1,1,1,1,0,0,0,0,0,0,0,0.805115520954,0.8051155209541321,0,255,255,31,31,1,1,0,0,0,0,0,0,0,0.901876807213,0.9018768072128296,0,-18,-18,-221,-221,159
00.png,00.png,00.png,00.png,00.png,00.png,31.png,27.png,26.png,28.png,00.png,00.png,dots2.png,24.png,23.png,tray2.png,"[-211, 220]","[-61, 220]","[89, 220]","[239, 220]","[-211, 70]","[-61, 70]","[89, 70]","[239, 70]","[-211, -80]","[-61, -80]","[89, -80]","[239, -80]","[-211, -230]","[-61, -230]","[89, -230]","[239, -230]","[100, 100]","[100, 100]","[100, 100]","[100, 100]","[100, 100]","[100, 100]","[100, 100]","[100, 100]","[100, 100]","[100, 100]","[100, 100]","[100, 100]","[100, 100]","[100, 100]","[100, 100]","[100, 100]",ok.png,"[0, -375]","[150, 100]",129,both,8,3,m,1,1,1,1,0,0,0,0,0,0,0,1.41382718086,1.413827180862427,0,-210,-210,-233,-233,1,1,0,0,0,0,0,0,0,0.884773731232,0.8847737312316895,0,259,259,-230,-230,2
00.png,00.png,00.png,00.png,01.png,34.png,33.png,32.png,tray2.png,30.png,29.png,dots2.png,00.png,00.png,00.png,00.png,"[-216, 210]","[-66, 210]","[84, 210]","[234, 210]","[-216, 60]","[-66, 60]","[84, 60]","[234, 60]","[-216, -90]","[-66, -90]","[84, -90]","[234, -90]","[-216, -240]","[-66, -240]","[84, -240]","[234, -240]","[100, 100]","[100, 100]","[100, 100]","[100, 100]","[100, 100]","[100, 100]","[100, 100]","[100, 100]","[100, 100]","[100, 100]","[100, 100]","[100, 100]","[100, 100]","[100, 100]","[100, 100]","[100, 100]",ok.png,"[0, -375]","[150, 100]",130,both,8,3,m,1,1,1,1,0,0,0,0,0,0,0,0.912152886391,0.912152886390686,0,-188,-188,-75,-75,1,1,0,0,0,0,0,0,0,0.527714133263,0.5277141332626343,0,248,248,-95,-95,369
00.png,00.png,23.png,17.png,00.png,00.png,15.png,06.png,00.png,00.png,dots2.png,04.png,00.png,00.png,tray2.png,01.png,"[-250, 204]","[-100, 204]","[50, 204]","[200, 204]","[-250, 54]","[-100, 54]","[50, 54]","[200, 54]","[-250, -96]","[-100, -96]","[50, -96]","[200, -96]","[-250, -246]","[-100, -246]","[50, -246]","[200, -246]","[100, 100]","[100, 100]","[100, 100]","[100, 100]","[100, 100]","[100, 100]","[100, 100]","[100, 100]","[100, 100]","[100, 100]","[100, 100]","[100, 100]","[100, 100]","[100, 100]","[100, 100]","[100, 100]",ok.png,"[0, -375]","[150, 100]",131,both,8,3,m,1,1,1,1,0,0,0,0,0,0,0,1.22961401939,1.229614019393921,0,45,45,-108,-108,1,1,0,0,0,0,0,0,0,0.385395020247,0.3853950202465057,0,44,44,-262,-262,361
14.png,09.png,22.png,tray2.png,00.png,00.png,00.png,00.png,25.png,dots2.png,03.png,07.png,00.png,00.png,00.png,00.png,"[-231, 246]","[-81, 246]","[69, 246]","[219, 246]","[-231, 96]","[-81, 96]","[69, 96]","[219, 96]","[-231, -54]","[-81, -54]","[69, -54]","[219, -54]","[-231, -204]","[-81, -204]","[69, -204]","[219, -204]","[100, 100]","[100, 100]","[100, 100]","[100, 100]","[100, 100]","[100, 100]","[100, 100]","[100, 100]","[100, 100]","[100, 100]","[100, 100]","[100, 100]","[100, 100]","[100, 100]","[100, 100]","[100, 100]",ok.png,"[0, -375]","[150, 100]",132,both,8,3,m,1,1,1,1,0,0,0,0,0,0,0,0.854680538177,0.8546805381774902,0,210,210,233,233,1,1,0,0,0,0,0,0,0,0.603791713715,0.6037917137145996,0,-107,-107,-45,-45,27
00.png,00.png,00.png,00.png,31.png,30.png,17.png,00.png,dots2.png,tray2.png,00.png,00.png,07.png,33.png,05.png,00.png,"[-241, 208]","[-91, 208]","[59, 208]","[209, 208]","[-241, 58]","[-91, 58]","[59, 58]","[209, 58]","[-241, -92]","[-91, -92]","[59, -92]","[209, -92]","[-241, -242]","[-91, -242]","[59, -242]","[209, -242]","[100, 100]","[100, 100]","[100, 100]","[100, 100]","[100, 100]","[100, 100]","[100, 100]","[100, 100]","[100, 100]","[100, 100]","[100, 100]","[100, 100]","[100, 100]","[100, 100]","[100, 100]","[100, 100]",ok.png,"[0, -375]","[150, 100]",133,both,8,3,m,1,1,1,1,0,0,0,0,0,0,0,0.778523206711,0.7785232067108154,0,-115,-115,-78,-78,1,1,0,0,0,0,0,0,0,0.464961886406,0.4649618864059448,0,-210,-210,-88,-88,148
33.png,31.png,tray2.png,21.png,27.png,23.png,29.png,dots2.png,00.png,00.png,00.png,00.png,00.png,00.png,00.png,00.png,"[-211, 200]","[-61, 200]","[89, 200]","[239, 200]","[-211, 50]","[-61, 50]","[89, 50]","[239, 50]","[-211, -100]","[-61, -100]","[89, -100]","[239, -100]","[-211, -250]","[-61, -250]","[89, -250]","[239, -250]","[100, 100]","[100, 100]","[100, 100]","[100, 100]","[100, 100]","[100, 100]","[100, 100]","[100, 100]","[100, 100]","[100, 100]","[100, 100]","[100, 100]","[100, 100]","[100, 100]","[100, 100]","[100, 100]",ok.png,"[0, -375]","[150, 100]",134,both,8,3,m,1,1,1,1,0,0,0,0,0,0,0,1.52485704422,1.524857044219971,0,229,229,42,42,1,1,0,0,0,0,0,0,0,0.341701030731,0.3417010307312012,0,115,115,189,189,250
00.png,00.png,00.png,00.png,26.png,24.png,dots2.png,22.png,20.png,18.png,16.png,tray2.png,00.png,00.png,00.png,00.png,"[-218, 226]","[-68, 226]","[82, 226]","[232, 226]","[-218, 76]","[-68, 76]","[82, 76]","[232, 76]","[-218, -74]","[-68, -74]","[82, -74]","[232, -74]","[-218, -224]","[-68, -224]","[82, -224]","[232, -224]","[100, 100]","[100, 100]","[100, 100]","[100, 100]","[100, 100]","[100, 100]","[100, 100]","[100, 100]","[100, 100]","[100, 100]","[100, 100]","[100, 100]","[100, 100]","[100, 100]","[100, 100]","[100, 100]",ok.png,"[0, -375]","[150, 100]",135,both,8,3,m,1,1,1,1,0,0,0,0,0,0,0,0.775532066822,0.775532066822052,0,77,77,67,67,1,1,0,0,0,0,0,0,0,0.887026906013,0.8870269060134888,0,24,24,-385,-385,321
00.png,00.png,27.png,24.png,21.png,dots2.png,19.png,16.png,00.png,00.png,tray2.png,13.png,00.png,00.png,00.png,00.png,"[-248, 213]","[-98, 213]","[52, 213]","[202, 213]","[-248, 63]","[-98, 63]","[52, 63]","[202, 63]","[-248, -87]","[-98, -87]","[52, -87]","[202, -87]","[-248, -237]","[-98, -237]","[52, -237]","[202, -237]","[100, 100]","[100, 100]","[100, 100]","[100, 100]","[100, 100]","[100, 100]","[100, 100]","[100, 100]","[100, 100]","[100, 100]","[100, 100]","[100, 100]","[100, 100]","[100, 100]","[100, 100]","[100, 100]",ok.png,"[0, -375]","[150, 100]",136,both,8,3,m,1,1,1,1,0,0,0,0,0,0,0,0.788516402245,0.7885164022445679,0,-126,-126,54,54,1,1,0,0,0,0,0,0,0,0.437163621187,0.4371636211872101,0,36,36,-88,-88,387
00.png,00.png,00.png,00.png,dots2.png,11.png,16.png,21.png,00.png,00.png,00.png,00.png,tray2.png,20.png,15.png,10.png,"[-226, 250]","[-76, 250]","[74, 250]","[224, 250]","[-226, 100]","[-76, 100]","[74, 100]","[224, 100]","[-226, -50]","[-76, -50]","[74, -50]","[224, -50]","[-226, -200]","[-76, -200]","[74, -200]","[224, -200]","[100, 100]","[100, 100]","[100, 100]","[100, 100]","[100, 100]","[100, 100]","[100, 100]","[100, 100]","[100, 100]","[100, 100]","[100, 100]","[100, 100]","[100, 100]","[100, 100]","[100, 100]","[100, 100]",ok.png,"[0, -375]","[150, 100]",137,both,8,3,m,1,1,1,1,0,0,0,0,0,0,0,0.933654546738,0.9336545467376708,0,-214,-214,107,107,1,1,0,0,0,0,0,0,0,0.649842560291,0.6498425602912903,0,-190,-190,-175,-175,32
tray2.png,02.png,05.png,dots2.png,08.png,07.png,01.png,03.png,00.png,00.png,00.png,00.png,00.png,00.png,00.png,00.png,"[-203, 247]","[-53, 247]","[97, 247]","[247, 247]","[-203, 97]","[-53, 97]","[97, 97]","[247, 97]","[-203, -53]","[-53, -53]","[97, -53]","[247, -53]","[-203, -203]","[-53, -203]","[97, -203]","[247, -203]","[100, 100]","[100, 100]","[100, 100]","[100, 100]","[100, 100]","[100, 100]","[100, 100]","[100, 100]","[100, 100]","[100, 100]","[100, 100]","[100, 100]","[100, 100]","[100, 100]","[100, 100]","[100, 100]",ok.png,"[0, -375]","[150, 100]",138,both,8,3,m,1,1,1,1,0,0,0,0,0,0,0,0.713773012161,0.7137730121612549,0,228,228,244,244,1,1,0,0,0,0,0,0,0,0.604328513145,0.6043285131454468,0,-168,-168,260,260,377
00.png,12.png,dots2.png,23.png,00.png,00.png,00.png,tray2.png,08.png,33.png,00.png,00.png,16.png,00.png,00.png,29.png,"[-232, 204]","[-82, 204]","[68, 204]","[218, 204]","[-232, 54]","[-82, 54]","[68, 54]","[218, 54]","[-232, -96]","[-82, -96]","[68, -96]","[218, -96]","[-232, -246]","[-82, -246]","[68, -246]","[218, -246]","[100, 100]","[100, 100]","[100, 100]","[100, 100]","[100, 100]","[100, 100]","[100, 100]","[100, 100]","[100, 100]","[100, 100]","[100, 100]","[100, 100]","[100, 100]","[100, 100]","[100, 100]","[100, 100]",ok.png,"[0, -375]","[150, 100]",139,both,8,3,m,1,1,1,1,0,0,0,0,0,0,0,0.712782263756,0.7127822637557983,0,242,242,76,76,1,1,0,0,0,0,0,0,0,0.512879312038,0.5128793120384216,0,68,68,263,263,60
00.png,dots2.png,03.png,07.png,13.png,17.png,tray2.png,27.png,33.png,00.png,00.png,00.png,00.png,00.png,00.png,00.png,"[-244, 240]","[-94, 240]","[56, 240]","[206, 240]","[-244, 90]","[-94, 90]","[56, 90]","[206, 90]","[-244, -60]","[-94, -60]","[56, -60]","[206, -60]","[-244, -210]","[-94, -210]","[56, -210]","[206, -210]","[100, 100]","[100, 100]","[100, 100]","[100, 100]","[100, 100]","[100, 100]","[100, 100]","[100, 100]","[100, 100]","[100, 100]","[100, 100]","[100, 100]","[100, 100]","[100, 100]","[100, 100]","[100, 100]",ok.png,"[0, -375]","[150, 100]",140,both,8,3,m,1,1,1,1,0,0,0,0,0,0,0,0.915612399578,0.9156123995780944,0,82,82,81,81,1,1,0,0,0,0,0,0,0,0.66857612133,0.6685761213302612,0,-91,-91,243,243,272
dots2.png,17.png,07.png,14.png,00.png,00.png,00.png,00.png,00.png,00.png,00.png,00.png,02.png,tray2.png,20.png,04.png,"[-231, 211]","[-81, 211]","[69, 211]","[219, 211]","[-231, 61]","[-81, 61]","[69, 61]","[219, 61]","[-231, -89]","[-81, -89]","[69, -89]","[219, -89]","[-231, -239]","[-81, -239]","[69, -239]","[219, -239]","[100, 100]","[100, 100]","[100, 100]","[100, 100]","[100, 100]","[100, 100]","[100, 100]","[100, 100]","[100, 100]","[100, 100]","[100, 100]","[100, 100]","[100, 100]","[100, 100]","[100, 100]","[100, 100]",ok.png,"[0, -375]","[150, 100]",141,both,8,3,m,1,1,1,1,0,0,0,0,0,0,0,0.948135614395,0.9481356143951416,0,-199,-199,213,213,1,1,0,0,0,0,0,0,0,0.60570448637,0.6057044863700867,0,-72,-72,-236,-236,287
00.png,dots2.png,04.png,00.png,00.png,16.png,22.png,00.png,00.png,32.png,tray2.png,00.png,00.png,29.png,19.png,00.png,"[-218, 211]","[-68, 211]","[82, 211]","[232, 211]","[-218, 61]","[-68, 61]","[82, 61]","[232, 61]","[-218, -89]","[-68, -89]","[82, -89]","[232, -89]","[-218, -239]","[-68, -239]","[82, -239]","[232, -239]","[100, 100]","[100, 100]","[100, 100]","[100, 100]","[100, 100]","[100, 100]","[100, 100]","[100, 100]","[100, 100]","[100, 100]","[100, 100]","[100, 100]","[100, 100]","[100, 100]","[100, 100]","[100, 100]",ok.png,"[0, -375]","[150, 100]",142,both,8,3,m,1,1,1,1,0,0,0,0,0,0,0,0.68162715435,0.6816271543502808,0,-64,-64,201,201,1,1,0,0,0,0,0,0,0,0.730551064014,0.7305510640144348,0,68,68,-58,-58,389
00.png,08.png,dots2.png,03.png,25.png,tray2.png,27.png,00.png,00.png,00.png,00.png,21.png,05.png,00.png,00.png,00.png,"[-205, 200]","[-55, 200]","[95, 200]","[245, 200]","[-205, 50]","[-55, 50]","[95, 50]","[245, 50]","[-205, -100]","[-55, -100]","[95, -100]","[245, -100]","[-205, -250]","[-55, -250]","[95, -250]","[245, -250]","[100, 100]","[100, 100]","[100, 100]","[100, 100]","[100, 100]","[100, 100]","[100, 100]","[100, 100]","[100, 100]","[100, 100]","[100, 100]","[100, 100]","[100, 100]","[100, 100]","[100, 100]","[100, 100]",ok.png,"[0, -375]","[150, 100]",143,both,8,3,m,1,1,1,1,0,0,0,0,0,0,0,1.12265706062,1.122657060623169,0,-43,-43,-3,-3,1,1,0,0,0,0,0,0,0,0.480958521366,0.4809585213661194,0,140,140,179,179,16
00.png,07.png,00.png,dots2.png,23.png,00.png,09.png,00.png,00.png,16.png,00.png,00.png,tray2.png,15.png,00.png,06.png,"[-215, 235]","[-65, 235]","[85, 235]","[235, 235]","[-215, 85]","[-65, 85]","[85, 85]","[235, 85]","[-215, -65]","[-65, -65]","[85, -65]","[235, -65]","[-215, -215]","[-65, -215]","[85, -215]","[235, -215]","[100, 100]","[100, 100]","[100, 100]","[100, 100]","[100, 100]","[100, 100]","[100, 100]","[100, 100]","[100, 100]","[100, 100]","[100, 100]","[100, 100]","[100, 100]","[100, 100]","[100, 100]","[100, 100]",ok.png,"[0, -375]","[150, 100]",144,both,8,3,m,1,1,1,1,0,0,0,0,0,0,0,2.0248837471,2.02488374710083,0,-213,-213,-225,-225,1,1,0,0,0,0,0,0,0,0.618318974972,0.6183189749717712,0,252,252,216,216,79
00.png,tray2.png,00.png,31.png,dots2.png,08.png,30.png,00.png,34.png,00.png,00.png,12.png,00.png,00.png,11.png,00.png,"[-217, 217]","[-67, 217]","[83, 217]","[233, 217]","[-217, 67]","[-67, 67]","[83, 67]","[233, 67]","[-217, -83]","[-67, -83]","[83, -83]","[233, -83]","[-217, -233]","[-67, -233]","[83, -233]","[233, -233]","[100, 100]","[100, 100]","[100, 100]","[100, 100]","[100, 100]","[100, 100]","[100, 100]","[100, 100]","[100, 100]","[100, 100]","[100, 100]","[100, 100]","[100, 100]","[100, 100]","[100, 100]","[100, 100]",ok.png,"[0, -375]","[150, 100]",145,both,8,3,m,1,1,1,1,0,0,0,0,0,0,0,0.88190305233,0.8819030523300171,0,-215,-215,70,70,1,1,0,0,0,0,0,0,0,0.589788258076,0.5897882580757141,0,-74,-74,210,210,9
00.png,00.png,16.png,tray2.png,10.png,dots2.png,09.png,07.png,27.png,24.png,00.png,00.png,00.png,00.png,00.png,00.png,"[-215, 229]","[-65, 229]","[85, 229]","[235, 229]","[-215, 79]","[-65, 79]","[85, 79]","[235, 79]","[-215, -71]","[-65, -71]","[85, -71]","[235, -71]","[-215, -221]","[-65, -221]","[85, -221]","[235, -221]","[100, 100]","[100, 100]","[100, 100]","[100, 100]","[100, 100]","[100, 100]","[100, 100]","[100, 100]","[100, 100]","[100, 100]","[100, 100]","[100, 100]","[100, 100]","[100, 100]","[100, 100]","[100, 100]",ok.png,"[0, -375]","[150, 100]",146,both,8,3,m,1,1,1,1,0,0,0,0,0,0,0,1.00996553898,1.009965538978577,0,-56,-56,64,64,1,1,0,0,0,0,0,0,0,0.917953491211,0.9179534912109376,0,228,228,262,262,265
30.png,00.png,20.png,00.png,10.png,00.png,dots2.png,01.png,00.png,tray2.png,00.png,33.png,00.png,25.png,00.png,00.png,"[-205, 240]","[-55, 240]","[95, 240]","[245, 240]","[-205, 90]","[-55, 90]","[95, 90]","[245, 90]","[-205, -60]","[-55, -60]","[95, -60]","[245, -60]","[-205, -210]","[-55, -210]","[95, -210]","[245, -210]","[100, 100]","[100, 100]","[100, 100]","[100, 100]","[100, 100]","[100, 100]","[100, 100]","[100, 100]","[100, 100]","[100, 100]","[100, 100]","[100, 100]","[100, 100]","[100, 100]","[100, 100]","[100, 100]",ok.png,"[0, -375]","[150, 100]",147,both,8,3,m,1,1,1,1,0,0,0,0,0,0,0,0.884100079536,0.884100079536438,0,107,107,72,72,1,1,0,0,0,0,0,0,0,0.46317499876,0.4631749987602234,0,-45,-45,-61,-61,355
00.png,00.png,24.png,26.png,00.png,04.png,02.png,dots2.png,09.png,00.png,tray2.png,00.png,18.png,00.png,00.png,00.png,"[-229, 220]","[-79, 220]","[71, 220]","[221, 220]","[-229, 70]","[-79, 70]","[71, 70]","[221, 70]","[-229, -80]","[-79, -80]","[71, -80]","[221, -80]","[-229, -230]","[-79, -230]","[71, -230]","[221, -230]","[100, 100]","[100, 100]","[100, 100]","[100, 100]","[100, 100]","[100, 100]","[100, 100]","[100, 100]","[100, 100]","[100, 100]","[100, 100]","[100, 100]","[100, 100]","[100, 100]","[100, 100]","[100, 100]",ok.png,"[0, -375]","[150, 100]",148,both,8,3,m,1,1,1,1,0,0,0,0,0,0,0,0.711576640606,0.7115766406059265,0,228,228,80,80,1,1,0,0,0,0,0,0,0,0.590888857841,0.5908888578414917,0,76,76,-105,-105,349
tray2.png,00.png,00.png,09.png,30.png,00.png,00.png,18.png,dots2.png,00.png,07.png,11.png,00.png,00.png,14.png,00.png,"[-250, 211]","[-100, 211]","[50, 211]","[200, 211]","[-250, 61]","[-100, 61]","[50, 61]","[200, 61]","[-250, -89]","[-100, -89]","[50, -89]","[200, -89]","[-250, -239]","[-100, -239]","[50, -239]","[200, -239]","[100, 100]","[100, 100]","[100, 100]","[100, 100]","[100, 100]","[100, 100]","[100, 100]","[100, 100]","[100, 100]","[100, 100]","[100, 100]","[100, 100]","[100, 100]","[100, 100]","[100, 100]","[100, 100]",ok.png,"[0, -375]","[150, 100]",149,both,8,3,m,1,1,1,1,0,0,0,0,0,0,0,0.915704071522,0.915704071521759,0,-241,-241,211,211,1,1,0,0,0,0,0,0,0,0.405305802822,0.405305802822113,0,-247,-247,-72,-72,247
00.png,29.png,00.png,19.png,00.png,14.png,00.png,33.png,00.png,dots2.png,00.png,23.png,00.png,tray2.png,00.png,31.png,"[-235, 237]","[-85, 237]","[65, 237]","[215, 237]","[-235, 87]","[-85, 87]","[65, 87]","[215, 87]","[-235, -63]","[-85, -63]","[65, -63]","[215, -63]","[-235, -213]","[-85, -213]","[65, -213]","[215, -213]","[100, 100]","[100, 100]","[100, 100]","[100, 100]","[100, 100]","[100, 100]","[100, 100]","[100, 100]","[100, 100]","[100, 100]","[100, 100]","[100, 100]","[100, 100]","[100, 100]","[100, 100]","[100, 100]",ok.png,"[0, -375]","[150, 100]",150,both,8,3,m,1,1,1,1,0,0,0,0,0,0,0,0.899031400681,0.899031400680542,0,-74,-74,-62,-62,1,1,0,0,0,0,0,0,0,0.401031404734,0.4010314047336578,0,-77,-77,-223,-223,380
tray1.png,01.png,02.png,03.png,04.png,05.png,06.png,07.png,08.png,09.png,10.png,11.png,00.png,00.png,00.png,00.png,"[-202, 221]","[-52, 221]","[98, 221]","[248, 221]","[-202, 71]","[-52, 71]","[98, 71]","[248, 71]","[-202, -79]","[-52, -79]","[98, -79]","[248, -79]","[-202, -229]","[-52, -229]","[98, -229]","[248, -229]","[100, 100]","[100, 100]","[100, 100]","[100, 100]","[100, 100]","[100, 100]","[100, 100]","[100, 100]","[100, 100]","[100, 100]","[100, 100]","[100, 100]","[100, 100]","[100, 100]","[100, 100]","[100, 100]",ok.png,"[0, -375]","[150, 100]",151,tray,12,1,m,1,1,1,1,0,0,0,0,0,0,0,0.866455852985,0.8664558529853821,0,-202,-202,241,241,1,1,0,0,0,0,0,0,0,1.12081170082,1.120811700820923,0,2,2,-406,-406,134
08.png,tray1.png,09.png,00.png,10.png,11.png,12.png,13.png,00.png,14.png,34.png,33.png,32.png,31.png,00.png,00.png,"[-250, 222]","[-100, 222]","[50, 222]","[200, 222]","[-250, 72]","[-100, 72]","[50, 72]","[200, 72]","[-250, -78]","[-100, -78]","[50, -78]","[200, -78]","[-250, -228]","[-100, -228]","[50, -228]","[200, -228]","[100, 100]","[100, 100]","[100, 100]","[100, 100]","[100, 100]","[100, 100]","[100, 100]","[100, 100]","[100, 100]","[100, 100]","[100, 100]","[100, 100]","[100, 100]","[100, 100]","[100, 100]","[100, 100]",ok.png,"[0, -375]","[150, 100]",152,tray,12,1,m,1,1,1,1,0,0,0,0,0,0,0,1.07189083099,1.071890830993652,0,-124,-124,240,240,1,1,0,0,0,0,0,0,0,0.978366971016,0.9783669710159302,0,-30,-30,-358,-358,278
00.png,00.png,tray1.png,15.png,16.png,17.png,18.png,19.png,20.png,21.png,22.png,23.png,24.png,25.png,00.png,00.png,"[-234, 216]","[-84, 216]","[66, 216]","[216, 216]","[-234, 66]","[-84, 66]","[66, 66]","[216, 66]","[-234, -84]","[-84, -84]","[66, -84]","[216, -84]","[-234, -234]","[-84, -234]","[66, -234]","[216, -234]","[100, 100]","[100, 100]","[100, 100]","[100, 100]","[100, 100]","[100, 100]","[100, 100]","[100, 100]","[100, 100]","[100, 100]","[100, 100]","[100, 100]","[100, 100]","[100, 100]","[100, 100]","[100, 100]",ok.png,"[0, -375]","[150, 100]",153,tray,12,1,m,1,1,1,1,0,0,0,0,0,0,0,1.58266603947,1.582666039466858,0,58,58,214,214,1,1,0,0,0,0,0,0,0,0.996841907501,0.9968419075012208,0,8,8,-375,-375,414
22.png,23.png,24.png,tray1.png,00.png,00.png,25.png,26.png,00.png,00.png,27.png,28.png,29.png,30.png,31.png,32.png,"[-207, 205]","[-57, 205]","[93, 205]","[243, 205]","[-207, 55]","[-57, 55]","[93, 55]","[243, 55]","[-207, -95]","[-57, -95]","[93, -95]","[243, -95]","[-207, -245]","[-57, -245]","[93, -245]","[243, -245]","[100, 100]","[100, 100]","[100, 100]","[100, 100]","[100, 100]","[100, 100]","[100, 100]","[100, 100]","[100, 100]","[100, 100]","[100, 100]","[100, 100]","[100, 100]","[100, 100]","[100, 100]","[100, 100]",ok.png,"[0, -375]","[150, 100]",154,tray,12,1,m,1,1,1,1,0,0,0,0,0,0,0,1.55653262138,1.556532621383667,0,256,256,215,215,1,1,0,0,0,0,0,0,0,0.774571061134,0.7745710611343384,0,1,1,-398,-398,445
02.png,04.png,06.png,08.png,tray1.png,29.png,30.png,31.png,32.png,33.png,34.png,01.png,00.png,00.png,00.png,00.png,"[-203, 229]","[-53, 229]","[97, 229]","[247, 229]","[-203, 79]","[-53, 79]","[97, 79]","[247, 79]","[-203, -71]","[-53, -71]","[97, -71]","[247, -71]","[-203, -221]","[-53, -221]","[97, -221]","[247, -221]","[100, 100]","[100, 100]","[100, 100]","[100, 100]","[100, 100]","[100, 100]","[100, 100]","[100, 100]","[100, 100]","[100, 100]","[100, 100]","[100, 100]","[100, 100]","[100, 100]","[100, 100]","[100, 100]",ok.png,"[0, -375]","[150, 100]",155,tray,12,1,m,1,1,1,1,0,0,0,0,0,0,0,1.28866422176,1.288664221763611,0,-208,-208,69,69,1,1,0,0,0,0,0,0,0,0.980307459831,0.9803074598312378,0,-26,-26,-364,-364,105
01.png,34.png,07.png,27.png,04.png,tray1.png,00.png,00.png,06.png,15.png,09.png,29.png,17.png,23.png,00.png,00.png,"[-240, 216]","[-90, 216]","[60, 216]","[210, 216]","[-240, 66]","[-90, 66]","[60, 66]","[210, 66]","[-240, -84]","[-90, -84]","[60, -84]","[210, -84]","[-240, -234]","[-90, -234]","[60, -234]","[210, -234]","[100, 100]","[100, 100]","[100, 100]","[100, 100]","[100, 100]","[100, 100]","[100, 100]","[100, 100]","[100, 100]","[100, 100]","[100, 100]","[100, 100]","[100, 100]","[100, 100]","[100, 100]","[100, 100]",ok.png,"[0, -375]","[150, 100]",156,tray,12,1,m,1,1,1,1,0,0,0,0,0,0,0,0.900650978088,0.9006509780883789,0,-106,-106,76,76,1,1,0,0,0,0,0,0,0,1.16938793659,1.169387936592102,0,35,35,-348,-348,337
00.png,00.png,02.png,05.png,07.png,03.png,tray1.png,25.png,18.png,14.png,00.png,00.png,06.png,22.png,09.png,17.png,"[-210, 205]","[-60, 205]","[90, 205]","[240, 205]","[-210, 55]","[-60, 55]","[90, 55]","[240, 55]","[-210, -95]","[-60, -95]","[90, -95]","[240, -95]","[-210, -245]","[-60, -245]","[90, -245]","[240, -245]","[100, 100]","[100, 100]","[100, 100]","[100, 100]","[100, 100]","[100, 100]","[100, 100]","[100, 100]","[100, 100]","[100, 100]","[100, 100]","[100, 100]","[100, 100]","[100, 100]","[100, 100]","[100, 100]",ok.png,"[0, -375]","[150, 100]",157,tray,12,1,m,1,1,1,1,0,0,0,0,0,0,0,1.20905733109,1.209057331085205,0,102,102,81,81,1,1,0,0,0,0,0,0,0,1.32271051407,1.322710514068604,0,-25,-25,-358,-358,207
00.png,05.png,33.png,07.png,20.png,15.png,27.png,tray1.png,30.png,17.png,25.png,31.png,00.png,00.png,33.png,00.png,"[-250, 236]","[-100, 236]","[50, 236]","[200, 236]","[-250, 86]","[-100, 86]","[50, 86]","[200, 86]","[-250, -64]","[-100, -64]","[50, -64]","[200, -64]","[-250, -214]","[-100, -214]","[50, -214]","[200, -214]","[100, 100]","[100, 100]","[100, 100]","[100, 100]","[100, 100]","[100, 100]","[100, 100]","[100, 100]","[100, 100]","[100, 100]","[100, 100]","[100, 100]","[100, 100]","[100, 100]","[100, 100]","[100, 100]",ok.png,"[0, -375]","[150, 100]",158,tray,12,1,m,1,1,1,1,0,0,0,0,0,0,0,2.28420805931,2.284208059310913,0,195,195,86,86,1,1,0,0,0,0,0,0,0,0.777655959129,0.7776559591293335,0,-20,-20,-399,-399,423
07.png,10.png,13.png,16.png,00.png,00.png,00.png,00.png,tray1.png,29.png,23.png,27.png,21.png,25.png,31.png,33.png,"[-214, 202]","[-64, 202]","[86, 202]","[236, 202]","[-214, 52]","[-64, 52]","[86, 52]","[236, 52]","[-214, -98]","[-64, -98]","[86, -98]","[236, -98]","[-214, -248]","[-64, -248]","[86, -248]","[236, -248]","[100, 100]","[100, 100]","[100, 100]","[100, 100]","[100, 100]","[100, 100]","[100, 100]","[100, 100]","[100, 100]","[100, 100]","[100, 100]","[100, 100]","[100, 100]","[100, 100]","[100, 100]","[100, 100]",ok.png,"[0, -375]","[150, 100]",159,tray,12,1,m,1,1,1,1,0,0,0,0,0,0,0,1.07246422768,1.072464227676392,0,-214,-214,-90,-90,1,1,0,0,0,0,0,0,0,1.5252341032,1.52523410320282,0,29,29,-357,-357,197
09.png,07.png,05.png,03.png,14.png,16.png,18.png,20.png,22.png,tray1.png,24.png,26.png,00.png,00.png,00.png,00.png,"[-225, 223]","[-75, 223]","[75, 223]","[225, 223]","[-225, 73]","[-75, 73]","[75, 73]","[225, 73]","[-225, -77]","[-75, -77]","[75, -77]","[225, -77]","[-225, -227]","[-75, -227]","[75, -227]","[225, -227]","[100, 100]","[100, 100]","[100, 100]","[100, 100]","[100, 100]","[100, 100]","[100, 100]","[100, 100]","[100, 100]","[100, 100]","[100, 100]","[100, 100]","[100, 100]","[100, 100]","[100, 100]","[100, 100]",ok.png,"[0, -375]","[150, 100]",160,tray,12,1,m,1,1,1,1,0,0,0,0,0,0,0,0.88358348608,0.8835834860801697,0,-82,-82,-67,-67,1,1,0,0,0,0,0,0,0,1.33731305599,1.337313055992126,0,-14,-14,-384,-384,415
00.png,00.png,33.png,31.png,13.png,10.png,34.png,32.png,16.png,19.png,tray1.png,21.png,24.png,27.png,00.png,00.png,"[-227, 234]","[-77, 234]","[73, 234]","[223, 234]","[-227, 84]","[-77, 84]","[73, 84]","[223, 84]","[-227, -66]","[-77, -66]","[73, -66]","[223, -66]","[-227, -216]","[-77, -216]","[73, -216]","[223, -216]","[100, 100]","[100, 100]","[100, 100]","[100, 100]","[100, 100]","[100, 100]","[100, 100]","[100, 100]","[100, 100]","[100, 100]","[100, 100]","[100, 100]","[100, 100]","[100, 100]","[100, 100]","[100, 100]",ok.png,"[0, -375]","[150, 100]",161,tray,12,1,m,1,1,1,1,0,0,0,0,0,0,0,0.896920204163,0.8969202041625977,0,62,62,-51,-51,1,1,0,0,0,0,0,0,0,0.936450302601,0.9364503026008606,0,3,3,-351,-351,317
10.png,15.png,20.png,25.png,00.png,00.png,04.png,17.png,21.png,16.png,11.png,tray1.png,00.png,00.png,27.png,34.png,"[-200, 219]","[-50, 219]","[100, 219]","[250, 219]","[-200, 69]","[-50, 69]","[100, 69]","[250, 69]","[-200, -81]","[-50, -81]","[100, -81]","[250, -81]","[-200, -231]","[-50, -231]","[100, -231]","[250, -231]","[100, 100]","[100, 100]","[100, 100]","[100, 100]","[100, 100]","[100, 100]","[100, 100]","[100, 100]","[100, 100]","[100, 100]","[100, 100]","[100, 100]","[100, 100]","[100, 100]","[100, 100]","[100, 100]",ok.png,"[0, -375]","[150, 100]",162,tray,12,1,m,1,1,1,1,0,0,0,0,0,0,0,1.58651828766,1.586518287658691,0,259,259,-83,-83,1,1,0,0,0,0,0,0,0,0.901364266872,0.901364266872406,0,-27,-27,-400,-400,91
00.png,00.png,20.png,24.png,28.png,32.png,00.png,00.png,03.png,01.png,07.png,08.png,tray1.png,05.png,02.png,04.png,"[-214, 226]","[-64, 226]","[86, 226]","[236, 226]","[-214, 76]","[-64, 76]","[86, 76]","[236, 76]","[-214, -74]","[-64, -74]","[86, -74]","[236, -74]","[-214, -224]","[-64, -224]","[86, -224]","[236, -224]","[100, 100]","[100, 100]","[100, 100]","[100, 100]","[100, 100]","[100, 100]","[100, 100]","[100, 100]","[100, 100]","[100, 100]","[100, 100]","[100, 100]","[100, 100]","[100, 100]","[100, 100]","[100, 100]",ok.png,"[0, -375]","[150, 100]",163,tray,12,1,m,1,1,1,1,0,0,0,0,0,0,0,1.61780953407,1.617809534072876,0,-198,-198,-230,-230,1,1,0,0,0,0,0,0,0,0.981648564339,0.981648564338684,0,-22,-22,-387,-387,109
29.png,00.png,06.png,16.png,00.png,03.png,33.png,08.png,13.png,28.png,00.png,00.png,23.png,tray1.png,12.png,01.png,"[-224, 246]","[-74, 246]","[76, 246]","[226, 246]","[-224, 96]","[-74, 96]","[76, 96]","[226, 96]","[-224, -54]","[-74, -54]","[76, -54]","[226, -54]","[-224, -204]","[-74, -204]","[76, -204]","[226, -204]","[100, 100]","[100, 100]","[100, 100]","[100, 100]","[100, 100]","[100, 100]","[100, 100]","[100, 100]","[100, 100]","[100, 100]","[100, 100]","[100, 100]","[100, 100]","[100, 100]","[100, 100]","[100, 100]",ok.png,"[0, -375]","[150, 100]",164,tray,12,1,m,1,1,1,1,0,0,0,0,0,0,0,1.61767959595,1.617679595947266,0,-71,-71,-211,-211,1,1,0,0,0,0,0,0,0,0.903063893318,0.9030638933181764,0,30,30,-385,-385,181
00.png,00.png,00.png,16.png,14.png,06.png,04.png,33.png,27.png,23.png,17.png,13.png,07.png,03.png,tray1.png,00.png,"[-214, 206]","[-64, 206]","[86, 206]","[236, 206]","[-214, 56]","[-64, 56]","[86, 56]","[236, 56]","[-214, -94]","[-64, -94]","[86, -94]","[236, -94]","[-214, -244]","[-64, -244]","[86, -244]","[236, -244]","[100, 100]","[100, 100]","[100, 100]","[100, 100]","[100, 100]","[100, 100]","[100, 100]","[100, 100]","[100, 100]","[100, 100]","[100, 100]","[100, 100]","[100, 100]","[100, 100]","[100, 100]","[100, 100]",ok.png,"[0, -375]","[150, 100]",165,tray,12,1,m,1,1,1,1,0,0,0,0,0,0,0,0.964553415775,0.9645534157752992,0,81,81,-242,-242,1,1,0,0,0,0,0,0,0,1.25904619694,1.259046196937561,0,5,5,-363,-363,405
04.png,20.png,30.png,02.png,00.png,00.png,03.png,04.png,24.png,23.png,00.png,00.png,14.png,07.png,17.png,tray1.png,"[-242, 232]","[-92, 232]","[58, 232]","[208, 232]","[-242, 82]","[-92, 82]","[58, 82]","[208, 82]","[-242, -68]","[-92, -68]","[58, -68]","[208, -68]","[-242, -218]","[-92, -218]","[58, -218]","[208, -218]","[100, 100]","[100, 100]","[100, 100]","[100, 100]","[100, 100]","[100, 100]","[100, 100]","[100, 100]","[100, 100]","[100, 100]","[100, 100]","[100, 100]","[100, 100]","[100, 100]","[100, 100]","[100, 100]",ok.png,"[0, -375]","[150, 100]",166,tray,12,1,m,1,1,1,1,0,0,0,0,0,0,0,2.02032637596,2.020326375961304,0,185,185,-233,-233,1,1,0,0,0,0,0,0,0,0.623875975609,0.6238759756088257,0,-40,-40,-412,-412,305
03.png,19.png,29.png,00.png,00.png,02.png,32.png,11.png,12.png,22.png,16.png,00.png,00.png,04.png,tray1.png,18.png,"[-232, 233]","[-82, 233]","[68, 233]","[218, 233]","[-232, 83]","[-82, 83]","[68, 83]","[218, 83]","[-232, -67]","[-82, -67]","[68, -67]","[218, -67]","[-232, -217]","[-82, -217]","[68, -217]","[218, -217]","[100, 100]","[100, 100]","[100, 100]","[100, 100]","[100, 100]","[100, 100]","[100, 100]","[100, 100]","[100, 100]","[100, 100]","[100, 100]","[100, 100]","[100, 100]","[100, 100]","[100, 100]","[100, 100]",ok.png,"[0, -375]","[150, 100]",167,tray,12,1,m,1,1,1,1,0,0,0,0,0,0,0,1.28585374355,1.285853743553162,0,42,42,-234,-234,1,1,0,0,0,0,0,0,0,0.934905290604,0.9349052906036376,0,5,5,-416,-416,295
16.png,13.png,11.png,05.png,21.png,00.png,00.png,00.png,00.png,27.png,28.png,25.png,03.png,tray1.png,08.png,15.png,"[-249, 207]","[-99, 207]","[51, 207]","[201, 207]","[-249, 57]","[-99, 57]","[51, 57]","[201, 57]","[-249, -93]","[-99, -93]","[51, -93]","[201, -93]","[-249, -243]","[-99, -243]","[51, -243]","[201, -243]","[100, 100]","[100, 100]","[100, 100]","[100, 100]","[100, 100]","[100, 100]","[100, 100]","[100, 100]","[100, 100]","[100, 100]","[100, 100]","[100, 100]","[100, 100]","[100, 100]","[100, 100]","[100, 100]",ok.png,"[0, -375]","[150, 100]",168,tray,12,1,m,1,1,1,1,0,0,0,0,0,0,0,2.22254180908,2.222541809082031,0,-67,-67,-228,-228,1,1,0,0,0,0,0,0,0,0.811343729496,0.8113437294960022,0,6,6,-386,-386,383
06.png,21.png,15.png,17.png,00.png,00.png,16.png,28.png,29.png,09.png,00.png,23.png,tray1.png,14.png,07.png,00.png,"[-206, 229]","[-56, 229]","[94, 229]","[244, 229]","[-206, 79]","[-56, 79]","[94, 79]","[244, 79]","[-206, -71]","[-56, -71]","[94, -71]","[244, -71]","[-206, -221]","[-56, -221]","[94, -221]","[244, -221]","[100, 100]","[100, 100]","[100, 100]","[100, 100]","[100, 100]","[100, 100]","[100, 100]","[100, 100]","[100, 100]","[100, 100]","[100, 100]","[100, 100]","[100, 100]","[100, 100]","[100, 100]","[100, 100]",ok.png,"[0, -375]","[150, 100]",169,tray,12,1,m,1,1,1,1,0,0,0,0,0,0,0,2.67992448807,2.679924488067627,0,-280,-280,-194,-194,1,1,0,0,0,0,0,0,0,1.1810131073,1.181013107299805,0,19,19,-374,-374,72
00.png,11.png,01.png,28.png,12.png,00.png,00.png,34.png,15.png,30.png,08.png,tray1.png,31.png,21.png,32.png,00.png,"[-248, 240]","[-98, 240]","[52, 240]","[202, 240]","[-248, 90]","[-98, 90]","[52, 90]","[202, 90]","[-248, -60]","[-98, -60]","[52, -60]","[202, -60]","[-248, -210]","[-98, -210]","[52, -210]","[202, -210]","[100, 100]","[100, 100]","[100, 100]","[100, 100]","[100, 100]","[100, 100]","[100, 100]","[100, 100]","[100, 100]","[100, 100]","[100, 100]","[100, 100]","[100, 100]","[100, 100]","[100, 100]","[100, 100]",ok.png,"[0, -375]","[150, 100]",170,tray,12,1,m,1,1,1,1,0,0,0,0,0,0,0,0.97405564785,0.9740556478500366,0,204,204,-65,-65,1,1,0,0,0,0,0,0,0,1.06141114235,1.061411142349243,0,27,27,-370,-370,356
00.png,00.png,12.png,04.png,32.png,31.png,24.png,27.png,07.png,09.png,tray1.png,10.png,13.png,16.png,00.png,00.png,"[-225, 210]","[-75, 210]","[75, 210]","[225, 210]","[-225, 60]","[-75, 60]","[75, 60]","[225, 60]","[-225, -90]","[-75, -90]","[75, -90]","[225, -90]","[-225, -240]","[-75, -240]","[75, -240]","[225, -240]","[100, 100]","[100, 100]","[100, 100]","[100, 100]","[100, 100]","[100, 100]","[100, 100]","[100, 100]","[100, 100]","[100, 100]","[100, 100]","[100, 100]","[100, 100]","[100, 100]","[100, 100]","[100, 100]",ok.png,"[0, -375]","[150, 100]",171,tray,12,1,m,1,1,1,1,0,0,0,0,0,0,0,1.06984603405,1.069846034049988,0,77,77,-97,-97,1,1,0,0,0,0,0,0,0,0.933053433895,0.9330534338951112,0,15,15,-430,-430,344
00.png,00.png,25.png,12.png,33.png,19.png,05.png,00.png,01.png,tray1.png,07.png,10.png,34.png,20.png,00.png,30.png,"[-213, 200]","[-63, 200]","[87, 200]","[237, 200]","[-213, 50]","[-63, 50]","[87, 50]","[237, 50]","[-213, -100]","[-63, -100]","[87, -100]","[237, -100]","[-213, -250]","[-63, -250]","[87, -250]","[237, -250]","[100, 100]","[100, 100]","[100, 100]","[100, 100]","[100, 100]","[100, 100]","[100, 100]","[100, 100]","[100, 100]","[100, 100]","[100, 100]","[100, 100]","[100, 100]","[100, 100]","[100, 100]","[100, 100]",ok.png,"[0, -375]","[150, 100]",172,tray,12,1,m,1,1,1,1,0,0,0,0,0,0,0,1.65052676201,1.650526762008667,0,-52,-52,-109,-109,1,1,0,0,0,0,0,0,0,0.839509427547,0.8395094275474548,0,11,11,-389,-389,266
11.png,13.png,17.png,18.png,00.png,14.png,00.png,09.png,tray1.png,02.png,04.png,30.png,26.png,24.png,00.png,00.png,"[-222, 212]","[-72, 212]","[78, 212]","[228, 212]","[-222, 62]","[-72, 62]","[78, 62]","[228, 62]","[-222, -88]","[-72, -88]","[78, -88]","[228, -88]","[-222, -238]","[-72, -238]","[78, -238]","[228, -238]","[100, 100]","[100, 100]","[100, 100]","[100, 100]","[100, 100]","[100, 100]","[100, 100]","[100, 100]","[100, 100]","[100, 100]","[100, 100]","[100, 100]","[100, 100]","[100, 100]","[100, 100]","[100, 100]",ok.png,"[0, -375]","[150, 100]",173,tray,12,1,m,1,1,1,1,0,0,0,0,0,0,0,1.77513456345,1.775134563446045,0,-232,-232,-96,-96,1,1,0,0,0,0,0,0,0,1.46226775646,1.462267756462097,0,-36,-36,-347,-347,135
00.png,14.png,10.png,20.png,11.png,07.png,00.png,tray1.png,18.png,31.png,00.png,30.png,09.png,00.png,03.png,19.png,"[-217, 203]","[-67, 203]","[83, 203]","[233, 203]","[-217, 53]","[-67, 53]","[83, 53]","[233, 53]","[-217, -97]","[-67, -97]","[83, -97]","[233, -97]","[-217, -247]","[-67, -247]","[83, -247]","[233, -247]","[100, 100]","[100, 100]","[100, 100]","[100, 100]","[100, 100]","[100, 100]","[100, 100]","[100, 100]","[100, 100]","[100, 100]","[100, 100]","[100, 100]","[100, 100]","[100, 100]","[100, 100]","[100, 100]",ok.png,"[0, -375]","[150, 100]",174,tray,12,1,m,1,1,1,1,0,0,0,0,0,0,0,1.04122114182,1.041221141815186,0,241,241,70,70,1,1,0,0,0,0,0,0,0,1.04316091537,1.043160915374756,0,-24,-24,-362,-362,437
31.png,03.png,13.png,00.png,23.png,21.png,tray1.png,00.png,33.png,00.png,14.png,00.png,19.png,32.png,29.png,26.png,"[-242, 237]","[-92, 237]","[58, 237]","[208, 237]","[-242, 87]","[-92, 87]","[58, 87]","[208, 87]","[-242, -63]","[-92, -63]","[58, -63]","[208, -63]","[-242, -213]","[-92, -213]","[58, -213]","[208, -213]","[100, 100]","[100, 100]","[100, 100]","[100, 100]","[100, 100]","[100, 100]","[100, 100]","[100, 100]","[100, 100]","[100, 100]","[100, 100]","[100, 100]","[100, 100]","[100, 100]","[100, 100]","[100, 100]",ok.png,"[0, -375]","[150, 100]",175,tray,12,1,m,1,1,1,1,0,0,0,0,0,0,0,1.24141216278,1.241412162780762,0,50,50,75,75,1,1,0,0,0,0,0,0,0,1.24412107468,1.244121074676514,0,-22,-22,-353,-353,114
00.png,00.png,00.png,00.png,11.png,10.png,09.png,08.png,07.png,06.png,05.png,04.png,03.png,02.png,01.png,tray2.png,"[-209, 250]","[-59, 250]","[91, 250]","[241, 250]","[-209, 100]","[-59, 100]","[91, 100]","[241, 100]","[-209, -50]","[-59, -50]","[91, -50]","[241, -50]","[-209, -200]","[-59, -200]","[91, -200]","[241, -200]","[100, 100]","[100, 100]","[100, 100]","[100, 100]","[100, 100]","[100, 100]","[100, 100]","[100, 100]","[100, 100]","[100, 100]","[100, 100]","[100, 100]","[100, 100]","[100, 100]","[100, 100]","[100, 100]",ok.png,"[0, -375]","[150, 100]",176,tray,12,1,m,1,1,1,1,0,0,0,0,0,0,0,1.41303420067,1.413034200668335,0,241,241,-190,-190,1,1,0,0,0,0,0,0,0,0.887260913849,0.887260913848877,0,1,1,-362,-362,245
00.png,00.png,31.png,32.png,33.png,34.png,14.png,00.png,13.png,12.png,11.png,10.png,00.png,09.png,tray2.png,08.png,"[-247, 205]","[-97, 205]","[53, 205]","[203, 205]","[-247, 55]","[-97, 55]","[53, 55]","[203, 55]","[-247, -95]","[-97, -95]","[53, -95]","[203, -95]","[-247, -245]","[-97, -245]","[53, -245]","[203, -245]","[100, 100]","[100, 100]","[100, 100]","[100, 100]","[100, 100]","[100, 100]","[100, 100]","[100, 100]","[100, 100]","[100, 100]","[100, 100]","[100, 100]","[100, 100]","[100, 100]","[100, 100]","[100, 100]",ok.png,"[0, -375]","[150, 100]",177,tray,12,1,m,1,1,1,1,0,0,0,0,0,0,0,1.05652368069,1.056523680686951,0,35,35,-231,-231,1,1,0,0,0,0,0,0,0,1.2736055851,1.273605585098267,0,1,1,-340,-340,315
00.png,00.png,25.png,24.png,23.png,22.png,21.png,20.png,19.png,18.png,17.png,16.png,15.png,tray2.png,00.png,00.png,"[-228, 246]","[-78, 246]","[72, 246]","[222, 246]","[-228, 96]","[-78, 96]","[72, 96]","[222, 96]","[-228, -54]","[-78, -54]","[72, -54]","[222, -54]","[-228, -204]","[-78, -204]","[72, -204]","[222, -204]","[100, 100]","[100, 100]","[100, 100]","[100, 100]","[100, 100]","[100, 100]","[100, 100]","[100, 100]","[100, 100]","[100, 100]","[100, 100]","[100, 100]","[100, 100]","[100, 100]","[100, 100]","[100, 100]",ok.png,"[0, -375]","[150, 100]",178,tray,12,1,m,1,1,1,1,0,0,0,0,0,0,0,2.94284343719,2.942843437194824,0,-83,-83,-203,-203,1,1,0,0,0,0,0,0,0,0.497395128012,0.4973951280117035,0,40,40,-433,-433,200
33.png,32.png,30.png,29.png,00.png,00.png,31.png,27.png,26.png,28.png,00.png,00.png,tray2.png,24.png,23.png,22.png,"[-244, 210]","[-94, 210]","[56, 210]","[206, 210]","[-244, 60]","[-94, 60]","[56, 60]","[206, 60]","[-244, -90]","[-94, -90]","[56, -90]","[206, -90]","[-244, -240]","[-94, -240]","[56, -240]","[206, -240]","[100, 100]","[100, 100]","[100, 100]","[100, 100]","[100, 100]","[100, 100]","[100, 100]","[100, 100]","[100, 100]","[100, 100]","[100, 100]","[100, 100]","[100, 100]","[100, 100]","[100, 100]","[100, 100]",ok.png,"[0, -375]","[150, 100]",179,tray,12,1,m,1,1,1,1,0,0,0,0,0,0,0,1.5541459322,1.554145932197571,0,-254,-254,-229,-229,1,1,0,0,0,0,0,0,0,0.74658125639,0.7465812563896179,0,26,26,-381,-381,440
00.png,00.png,00.png,00.png,01.png,34.png,33.png,32.png,31.png,30.png,29.png,tray2.png,08.png,06.png,04.png,02.png,"[-235, 230]","[-85, 230]","[65, 230]","[215, 230]","[-235, 80]","[-85, 80]","[65, 80]","[215, 80]","[-235, -70]","[-85, -70]","[65, -70]","[215, -70]","[-235, -220]","[-85, -220]","[65, -220]","[215, -220]","[100, 100]","[100, 100]","[100, 100]","[100, 100]","[100, 100]","[100, 100]","[100, 100]","[100, 100]","[100, 100]","[100, 100]","[100, 100]","[100, 100]","[100, 100]","[100, 100]","[100, 100]","[100, 100]",ok.png,"[0, -375]","[150, 100]",180,tray,12,1,m,1,1,1,1,0,0,0,0,0,0,0,1.0102134943,1.010213494300842,0,235,235,-85,-85,1,1,0,0,0,0,0,0,0,0.93376159668,0.9337615966796876,0,-15,-15,-400,-400,69
00.png,00.png,23.png,17.png,29.png,09.png,15.png,06.png,00.png,00.png,tray2.png,04.png,27.png,07.png,34.png,01.png,"[-250, 249]","[-100, 249]","[50, 249]","[200, 249]","[-250, 99]","[-100, 99]","[50, 99]","[200, 99]","[-250, -51]","[-100, -51]","[50, -51]","[200, -51]","[-250, -201]","[-100, -201]","[50, -201]","[200, -201]","[100, 100]","[100, 100]","[100, 100]","[100, 100]","[100, 100]","[100, 100]","[100, 100]","[100, 100]","[100, 100]","[100, 100]","[100, 100]","[100, 100]","[100, 100]","[100, 100]","[100, 100]","[100, 100]",ok.png,"[0, -375]","[150, 100]",181,tray,12,1,m,1,1,1,1,0,0,0,0,0,0,0,0.740417659283,0.7404176592826843,0,70,70,-57,-57,1,1,0,0,0,0,0,0,0,1.27975106239,1.279751062393188,0,27,27,-386,-386,243
17.png,09.png,22.png,06.png,00.png,00.png,14.png,18.png,25.png,tray2.png,03.png,07.png,05.png,02.png,00.png,00.png,"[-227, 201]","[-77, 201]","[73, 201]","[223, 201]","[-227, 51]","[-77, 51]","[73, 51]","[223, 51]","[-227, -99]","[-77, -99]","[73, -99]","[223, -99]","[-227, -249]","[-77, -249]","[73, -249]","[223, -249]","[100, 100]","[100, 100]","[100, 100]","[100, 100]","[100, 100]","[100, 100]","[100, 100]","[100, 100]","[100, 100]","[100, 100]","[100, 100]","[100, 100]","[100, 100]","[100, 100]","[100, 100]","[100, 100]",ok.png,"[0, -375]","[150, 100]",182,tray,12,1,m,1,1,1,1,0,0,0,0,0,0,0,1.1814930439,1.181493043899536,0,-82,-82,-93,-93,1,1,0,0,0,0,0,0,0,1.24326062202,1.243260622024536,0,9,9,-351,-351,25
00.png,33.png,00.png,00.png,31.png,25.png,17.png,30.png,tray2.png,27.png,15.png,20.png,07.png,33.png,05.png,00.png,"[-240, 212]","[-90, 212]","[60, 212]","[210, 212]","[-240, 62]","[-90, 62]","[60, 62]","[210, 62]","[-240, -88]","[-90, -88]","[60, -88]","[210, -88]","[-240, -238]","[-90, -238]","[60, -238]","[210, -238]","[100, 100]","[100, 100]","[100, 100]","[100, 100]","[100, 100]","[100, 100]","[100, 100]","[100, 100]","[100, 100]","[100, 100]","[100, 100]","[100, 100]","[100, 100]","[100, 100]","[100, 100]","[100, 100]",ok.png,"[0, -375]","[150, 100]",183,tray,12,1,m,1,1,1,1,0,0,0,0,0,0,0,1.3032708168,1.303270816802979,0,-216,-216,-93,-93,1,1,0,0,0,0,0,0,0,0.73060375452,0.7306037545204163,0,0,0,-392,-392,249
33.png,31.png,25.png,21.png,27.png,23.png,29.png,tray2.png,00.png,00.png,00.png,00.png,16.png,13.png,10.png,07.png,"[-239, 213]","[-89, 213]","[61, 213]","[211, 213]","[-239, 63]","[-89, 63]","[61, 63]","[211, 63]","[-239, -87]","[-89, -87]","[61, -87]","[211, -87]","[-239, -237]","[-89, -237]","[61, -237]","[211, -237]","[100, 100]","[100, 100]","[100, 100]","[100, 100]","[100, 100]","[100, 100]","[100, 100]","[100, 100]","[100, 100]","[100, 100]","[100, 100]","[100, 100]","[100, 100]","[100, 100]","[100, 100]","[100, 100]",ok.png,"[0, -375]","[150, 100]",184,tray,12,1,m,1,1,1,1,0,0,0,0,0,0,0,1.14782333374,1.147823333740234,0,207,207,68,68,1,1,0,0,0,0,0,0,0,1.7437953949,1.743795394897461,0,34,34,-358,-358,276
00.png,00.png,00.png,00.png,26.png,24.png,tray2.png,22.png,20.png,18.png,16.png,14.png,03.png,05.png,07.png,09.png,"[-230, 206]","[-80, 206]","[70, 206]","[220, 206]","[-230, 56]","[-80, 56]","[70, 56]","[220, 56]","[-230, -94]","[-80, -94]","[70, -94]","[220, -94]","[-230, -244]","[-80, -244]","[70, -244]","[220, -244]","[100, 100]","[100, 100]","[100, 100]","[100, 100]","[100, 100]","[100, 100]","[100, 100]","[100, 100]","[100, 100]","[100, 100]","[100, 100]","[100, 100]","[100, 100]","[100, 100]","[100, 100]","[100, 100]",ok.png,"[0, -375]","[150, 100]",185,tray,12,1,m,1,1,1,1,0,0,0,0,0,0,0,0.820612311363,0.8206123113632202,0,97,97,73,73,1,1,0,0,0,0,0,0,0,0.937543690205,0.9375436902046204,0,24,24,-350,-350,279
00.png,00.png,27.png,24.png,21.png,tray2.png,19.png,16.png,32.png,34.png,10.png,13.png,31.png,33.png,00.png,00.png,"[-207, 250]","[-57, 250]","[93, 250]","[243, 250]","[-207, 100]","[-57, 100]","[93, 100]","[243, 100]","[-207, -50]","[-57, -50]","[93, -50]","[243, -50]","[-207, -200]","[-57, -200]","[93, -200]","[243, -200]","[100, 100]","[100, 100]","[100, 100]","[100, 100]","[100, 100]","[100, 100]","[100, 100]","[100, 100]","[100, 100]","[100, 100]","[100, 100]","[100, 100]","[100, 100]","[100, 100]","[100, 100]","[100, 100]",ok.png,"[0, -375]","[150, 100]",186,tray,12,1,m,1,1,1,1,0,0,0,0,0,0,0,1.00631201267,1.006312012672424,0,-62,-62,94,94,1,1,0,0,0,0,0,0,0,1.52945065498,1.529450654983521,0,19,19,-417,-417,367
34.png,27.png,00.png,00.png,tray2.png,11.png,16.png,21.png,17.png,04.png,00.png,00.png,25.png,20.png,15.png,10.png,"[-210, 218]","[-60, 218]","[90, 218]","[240, 218]","[-210, 68]","[-60, 68]","[90, 68]","[240, 68]","[-210, -82]","[-60, -82]","[90, -82]","[240, -82]","[-210, -232]","[-60, -232]","[90, -232]","[240, -232]","[100, 100]","[100, 100]","[100, 100]","[100, 100]","[100, 100]","[100, 100]","[100, 100]","[100, 100]","[100, 100]","[100, 100]","[100, 100]","[100, 100]","[100, 100]","[100, 100]","[100, 100]","[100, 100]",ok.png,"[0, -375]","[150, 100]",187,tray,12,1,m,1,1,1,1,0,0,0,0,0,0,0,1.97647440434,1.976474404335022,0,-175,-175,62,62,1,1,0,0,0,0,0,0,0,2.05559921265,2.055599212646484,0,20,20,-383,-383,6
04.png,02.png,05.png,tray2.png,08.png,07.png,01.png,03.png,00.png,00.png,32.png,28.png,24.png,20.png,00.png,00.png,"[-248, 239]","[-98, 239]","[52, 239]","[202, 239]","[-248, 89]","[-98, 89]","[52, 89]","[202, 89]","[-248, -61]","[-98, -61]","[52, -61]","[202, -61]","[-248, -211]","[-98, -211]","[52, -211]","[202, -211]","[100, 100]","[100, 100]","[100, 100]","[100, 100]","[100, 100]","[100, 100]","[100, 100]","[100, 100]","[100, 100]","[100, 100]","[100, 100]","[100, 100]","[100, 100]","[100, 100]","[100, 100]","[100, 100]",ok.png,"[0, -375]","[150, 100]",188,tray,12,1,m,1,1,1,1,0,0,0,0,0,0,0,1.43057203293,1.430572032928467,0,167,167,231,231,1,1,0,0,0,0,0,0,0,1.32360994816,1.323609948158264,0,49,49,-374,-374,36
01.png,12.png,tray2.png,23.png,00.png,00.png,28.png,13.png,08.png,33.png,03.png,00.png,16.png,06.png,00.png,29.png,"[-207, 233]","[-57, 233]","[93, 233]","[243, 233]","[-207, 83]","[-57, 83]","[93, 83]","[243, 83]","[-207, -67]","[-57, -67]","[93, -67]","[243, -67]","[-207, -217]","[-57, -217]","[93, -217]","[243, -217]","[100, 100]","[100, 100]","[100, 100]","[100, 100]","[100, 100]","[100, 100]","[100, 100]","[100, 100]","[100, 100]","[100, 100]","[100, 100]","[100, 100]","[100, 100]","[100, 100]","[100, 100]","[100, 100]",ok.png,"[0, -375]","[150, 100]",189,tray,12,1,m,1,1,1,1,0,0,0,0,0,0,0,0.774584114552,0.7745841145515442,0,86,86,233,233,1,1,0,0,0,0,0,0,0,1.55666637421,1.556666374206543,0,2,2,-384,-384,297
00.png,tray2.png,03.png,07.png,13.png,17.png,23.png,27.png,33.png,04.png,06.png,14.png,16.png,00.png,00.png,00.png,"[-248, 202]","[-98, 202]","[52, 202]","[202, 202]","[-248, 52]","[-98, 52]","[52, 52]","[202, 52]","[-248, -98]","[-98, -98]","[52, -98]","[202, -98]","[-248, -248]","[-98, -248]","[52, -248]","[202, -248]","[100, 100]","[100, 100]","[100, 100]","[100, 100]","[100, 100]","[100, 100]","[100, 100]","[100, 100]","[100, 100]","[100, 100]","[100, 100]","[100, 100]","[100, 100]","[100, 100]","[100, 100]","[100, 100]",ok.png,"[0, -375]","[150, 100]",190,tray,12,1,m,1,1,1,1,0,0,0,0,0,0,0,0.865766108036,0.8657661080360413,0,-70,-70,171,171,1,1,0,0,0,0,0,0,0,0.809705018997,0.8097050189971924,0,19,19,-407,-407,229
tray2.png,17.png,07.png,14.png,00.png,00.png,23.png,24.png,04.png,03.png,00.png,00.png,02.png,30.png,20.png,04.png,"[-213, 217]","[-63, 217]","[87, 217]","[237, 217]","[-213, 67]","[-63, 67]","[87, 67]","[237, 67]","[-213, -83]","[-63, -83]","[87, -83]","[237, -83]","[-213, -233]","[-63, -233]","[87, -233]","[237, -233]","[100, 100]","[100, 100]","[100, 100]","[100, 100]","[100, 100]","[100, 100]","[100, 100]","[100, 100]","[100, 100]","[100, 100]","[100, 100]","[100, 100]","[100, 100]","[100, 100]","[100, 100]","[100, 100]",ok.png,"[0, -375]","[150, 100]",191,tray,12,1,m,1,1,1,1,0,0,0,0,0,0,0,0.919783771038,0.9197837710380554,0,-202,-202,199,199,1,1,0,0,0,0,0,0,0,1.77204012871,1.772040128707886,0,23,23,-369,-369,312
18.png,tray2.png,04.png,00.png,00.png,16.png,22.png,12.png,11.png,32.png,02.png,00.png,00.png,29.png,19.png,03.png,"[-217, 200]","[-67, 200]","[83, 200]","[233, 200]","[-217, 50]","[-67, 50]","[83, 50]","[233, 50]","[-217, -100]","[-67, -100]","[83, -100]","[233, -100]","[-217, -250]","[-67, -250]","[83, -250]","[233, -250]","[100, 100]","[100, 100]","[100, 100]","[100, 100]","[100, 100]","[100, 100]","[100, 100]","[100, 100]","[100, 100]","[100, 100]","[100, 100]","[100, 100]","[100, 100]","[100, 100]","[100, 100]","[100, 100]",ok.png,"[0, -375]","[150, 100]",192,tray,12,1,m,1,1,1,1,0,0,0,0,0,0,0,1.11532509327,1.115325093269348,0,-60,-60,195,195,1,1,0,0,0,0,0,0,0,1.49522507191,1.495225071907043,0,17,17,-363,-363,108
15.png,08.png,tray2.png,03.png,25.png,28.png,27.png,00.png,00.png,00.png,00.png,21.png,05.png,11.png,13.png,16.png,"[-210, 201]","[-60, 201]","[90, 201]","[240, 201]","[-210, 51]","[-60, 51]","[90, 51]","[240, 51]","[-210, -99]","[-60, -99]","[90, -99]","[240, -99]","[-210, -249]","[-60, -249]","[90, -249]","[240, -249]","[100, 100]","[100, 100]","[100, 100]","[100, 100]","[100, 100]","[100, 100]","[100, 100]","[100, 100]","[100, 100]","[100, 100]","[100, 100]","[100, 100]","[100, 100]","[100, 100]","[100, 100]","[100, 100]",ok.png,"[0, -375]","[150, 100]",193,tray,12,1,m,1,1,1,1,0,0,0,0,0,0,0,0.66405916214,0.6640591621398926,0,83,83,199,199,1,1,0,0,0,0,0,0,0,1.21439778805,1.214397788047791,0,14,14,-364,-364,217
00.png,07.png,14.png,tray2.png,23.png,00.png,09.png,29.png,28.png,16.png,00.png,00.png,17.png,15.png,21.png,06.png,"[-227, 250]","[-77, 250]","[73, 250]","[223, 250]","[-227, 100]","[-77, 100]","[73, 100]","[223, 100]","[-227, -50]","[-77, -50]","[73, -50]","[223, -50]","[-227, -200]","[-77, -200]","[73, -200]","[223, -200]","[100, 100]","[100, 100]","[100, 100]","[100, 100]","[100, 100]","[100, 100]","[100, 100]","[100, 100]","[100, 100]","[100, 100]","[100, 100]","[100, 100]","[100, 100]","[100, 100]","[100, 100]","[100, 100]",ok.png,"[0, -375]","[150, 100]",194,tray,12,1,m,1,1,1,1,0,0,0,0,0,0,0,0.945209503174,0.945209503173828,0,235,235,236,236,1,1,0,0,0,0,0,0,0,1.0609215498,1.060921549797058,0,-3,-3,-384,-384,248
00.png,32.png,21.png,31.png,tray2.png,08.png,30.png,15.png,34.png,00.png,00.png,12.png,28.png,01.png,11.png,00.png,"[-238, 238]","[-88, 238]","[62, 238]","[212, 238]","[-238, 88]","[-88, 88]","[62, 88]","[212, 88]","[-238, -62]","[-88, -62]","[62, -62]","[212, -62]","[-238, -212]","[-88, -212]","[62, -212]","[212, -212]","[100, 100]","[100, 100]","[100, 100]","[100, 100]","[100, 100]","[100, 100]","[100, 100]","[100, 100]","[100, 100]","[100, 100]","[100, 100]","[100, 100]","[100, 100]","[100, 100]","[100, 100]","[100, 100]",ok.png,"[0, -375]","[150, 100]",195,tray,12,1,m,1,1,1,1,0,0,0,0,0,0,0,1.1790574789,1.179057478904724,0,-235,-235,94,94,1,1,0,0,0,0,0,0,0,1.04052460194,1.04052460193634,0,-8,-8,-373,-373,385
00.png,00.png,16.png,13.png,10.png,tray2.png,09.png,07.png,27.png,24.png,31.png,32.png,04.png,12.png,00.png,00.png,"[-249, 201]","[-99, 201]","[51, 201]","[201, 201]","[-249, 51]","[-99, 51]","[51, 51]","[201, 51]","[-249, -99]","[-99, -99]","[51, -99]","[201, -99]","[-249, -249]","[-99, -249]","[51, -249]","[201, -249]","[100, 100]","[100, 100]","[100, 100]","[100, 100]","[100, 100]","[100, 100]","[100, 100]","[100, 100]","[100, 100]","[100, 100]","[100, 100]","[100, 100]","[100, 100]","[100, 100]","[100, 100]","[100, 100]",ok.png,"[0, -375]","[150, 100]",196,tray,12,1,m,1,1,1,1,0,0,0,0,0,0,0,0.803662240505,0.8036622405052185,0,-120,-120,51,51,1,1,0,0,0,0,0,0,0,1.35515677929,1.355156779289246,0,12,12,-380,-380,410
30.png,00.png,20.png,34.png,10.png,07.png,tray2.png,01.png,00.png,05.png,19.png,33.png,12.png,25.png,00.png,00.png,"[-228, 241]","[-78, 241]","[72, 241]","[222, 241]","[-228, 91]","[-78, 91]","[72, 91]","[222, 91]","[-228, -59]","[-78, -59]","[72, -59]","[222, -59]","[-228, -209]","[-78, -209]","[72, -209]","[222, -209]","[100, 100]","[100, 100]","[100, 100]","[100, 100]","[100, 100]","[100, 100]","[100, 100]","[100, 100]","[100, 100]","[100, 100]","[100, 100]","[100, 100]","[100, 100]","[100, 100]","[100, 100]","[100, 100]",ok.png,"[0, -375]","[150, 100]",197,tray,12,1,m,1,1,1,1,0,0,0,0,0,0,0,0.744706094265,0.7447060942649841,0,66,66,95,95,1,1,0,0,0,0,0,0,0,1.3527109623,1.352710962295532,0,-1,-1,-401,-401,381
00.png,00.png,24.png,26.png,30.png,04.png,02.png,tray2.png,09.png,00.png,14.png,00.png,18.png,17.png,13.png,11.png,"[-246, 226]","[-96, 226]","[54, 226]","[204, 226]","[-246, 76]","[-96, 76]","[54, 76]","[204, 76]","[-246, -74]","[-96, -74]","[54, -74]","[204, -74]","[-246, -224]","[-96, -224]","[54, -224]","[204, -224]","[100, 100]","[100, 100]","[100, 100]","[100, 100]","[100, 100]","[100, 100]","[100, 100]","[100, 100]","[100, 100]","[100, 100]","[100, 100]","[100, 100]","[100, 100]","[100, 100]","[100, 100]","[100, 100]",ok.png,"[0, -375]","[150, 100]",198,tray,12,1,m,1,1,1,1,0,0,0,0,0,0,0,0.760348320007,0.7603483200073242,0,192,192,74,74,1,1,0,0,0,0,0,0,0,1.19862008095,1.198620080947876,0,31,31,-411,-411,330
19.png,03.png,00.png,09.png,30.png,00.png,31.png,18.png,tray2.png,00.png,07.png,11.png,20.png,10.png,14.png,00.png,"[-227, 215]","[-77, 215]","[73, 215]","[223, 215]","[-227, 65]","[-77, 65]","[73, 65]","[223, 65]","[-227, -85]","[-77, -85]","[73, -85]","[223, -85]","[-227, -235]","[-77, -235]","[73, -235]","[223, -235]","[100, 100]","[100, 100]","[100, 100]","[100, 100]","[100, 100]","[100, 100]","[100, 100]","[100, 100]","[100, 100]","[100, 100]","[100, 100]","[100, 100]","[100, 100]","[100, 100]","[100, 100]","[100, 100]",ok.png,"[0, -375]","[150, 100]",199,tray,12,1,m,1,1,1,1,0,0,0,0,0,0,0,1.27432441711,1.274324417114258,0,-189,-189,-69,-69,1,1,0,0,0,0,0,0,0,1.15193045139,1.151930451393127,0,18,18,-380,-380,89
26.png,29.png,32.png,19.png,00.png,14.png,00.png,33.png,00.png,tray2.png,21.png,23.png,00.png,13.png,03.png,31.png,"[-216, 208]","[-66, 208]","[84, 208]","[234, 208]","[-216, 58]","[-66, 58]","[84, 58]","[234, 58]","[-216, -92]","[-66, -92]","[84, -92]","[234, -92]","[-216, -242]","[-66, -242]","[84, -242]","[234, -242]","[100, 100]","[100, 100]","[100, 100]","[100, 100]","[100, 100]","[100, 100]","[100, 100]","[100, 100]","[100, 100]","[100, 100]","[100, 100]","[100, 100]","[100, 100]","[100, 100]","[100, 100]","[100, 100]",ok.png,"[0, -375]","[150, 100]",200,tray,12,1,m,1,1,1,1,0,0,0,0,0,0,0,1.15014088154,1.150140881538391,0,-67,-67,-98,-98,1,1,0,0,0,0,0,0,0,1.21552979946,1.215529799461365,0,-11,-11,-376,-376,310
dots1.png,01.png,02.png,03.png,04.png,05.png,06.png,07.png,08.png,09.png,10.png,11.png,00.png,00.png,00.png,00.png,"[-249, 225]","[-99, 225]","[51, 225]","[201, 225]","[-249, 75]","[-99, 75]","[51, 75]","[201, 75]","[-249, -75]","[-99, -75]","[51, -75]","[201, -75]","[-249, -225]","[-99, -225]","[51, -225]","[201, -225]","[100, 100]","[100, 100]","[100, 100]","[100, 100]","[100, 100]","[100, 100]","[100, 100]","[100, 100]","[100, 100]","[100, 100]","[100, 100]","[100, 100]","[100, 100]","[100, 100]","[100, 100]","[100, 100]",ok.png,"[0, -375]","[150, 100]",201,dots,12,2,m,1,1,1,1,0,0,0,0,0,0,0,0.693983018398,0.6939830183982849,0,-222,-222,223,223,1,1,0,0,0,0,0,0,0,0.980068027973,0.980068027973175,0,30,30,-410,-410,289
08.png,dots1.png,09.png,00.png,10.png,11.png,12.png,13.png,00.png,14.png,34.png,33.png,32.png,31.png,00.png,00.png,"[-230, 249]","[-80, 249]","[70, 249]","[220, 249]","[-230, 99]","[-80, 99]","[70, 99]","[220, 99]","[-230, -51]","[-80, -51]","[70, -51]","[220, -51]","[-230, -201]","[-80, -201]","[70, -201]","[220, -201]","[100, 100]","[100, 100]","[100, 100]","[100, 100]","[100, 100]","[100, 100]","[100, 100]","[100, 100]","[100, 100]","[100, 100]","[100, 100]","[100, 100]","[100, 100]","[100, 100]","[100, 100]","[100, 100]",ok.png,"[0, -375]","[150, 100]",202,dots,12,2,m,1,1,1,1,0,0,0,0,0,0,0,1.10074138641,1.100741386413574,0,-98,-98,275,275,1,1,0,0,0,0,0,0,0,1.12251055241,1.122510552406311,0,40,40,-406,-406,66
00.png,00.png,dots1.png,15.png,16.png,17.png,18.png,19.png,20.png,21.png,22.png,23.png,24.png,25.png,00.png,00.png,"[-213, 244]","[-63, 244]","[87, 244]","[237, 244]","[-213, 94]","[-63, 94]","[87, 94]","[237, 94]","[-213, -56]","[-63, -56]","[87, -56]","[237, -56]","[-213, -206]","[-63, -206]","[87, -206]","[237, -206]","[100, 100]","[100, 100]","[100, 100]","[100, 100]","[100, 100]","[100, 100]","[100, 100]","[100, 100]","[100, 100]","[100, 100]","[100, 100]","[100, 100]","[100, 100]","[100, 100]","[100, 100]","[100, 100]",ok.png,"[0, -375]","[150, 100]",203,dots,12,2,m,1,1,1,1,0,0,0,0,0,0,0,0.820992767811,0.8209927678108215,0,76,76,248,248,1,1,0,0,0,0,0,0,0,1.94973266125,1.949732661247253,0,20,20,-347,-347,86
22.png,23.png,24.png,dots1.png,00.png,00.png,25.png,26.png,00.png,00.png,27.png,28.png,29.png,30.png,31.png,32.png,"[-209, 224]","[-59, 224]","[91, 224]","[241, 224]","[-209, 74]","[-59, 74]","[91, 74]","[241, 74]","[-209, -76]","[-59, -76]","[91, -76]","[241, -76]","[-209, -226]","[-59, -226]","[91, -226]","[241, -226]","[100, 100]","[100, 100]","[100, 100]","[100, 100]","[100, 100]","[100, 100]","[100, 100]","[100, 100]","[100, 100]","[100, 100]","[100, 100]","[100, 100]","[100, 100]","[100, 100]","[100, 100]","[100, 100]",ok.png,"[0, -375]","[150, 100]",204,dots,12,2,m,1,1,1,1,0,0,0,0,0,0,0,1.03873193264,1.038731932640076,0,247,247,230,230,1,1,0,0,0,0,0,0,0,1.6048861742,1.604886174201965,0,33,33,-379,-379,419
02.png,04.png,06.png,08.png,dots1.png,29.png,30.png,31.png,32.png,33.png,34.png,01.png,00.png,00.png,00.png,00.png,"[-244, 228]","[-94, 228]","[56, 228]","[206, 228]","[-244, 78]","[-94, 78]","[56, 78]","[206, 78]","[-244, -72]","[-94, -72]","[56, -72]","[206, -72]","[-244, -222]","[-94, -222]","[56, -222]","[206, -222]","[100, 100]","[100, 100]","[100, 100]","[100, 100]","[100, 100]","[100, 100]","[100, 100]","[100, 100]","[100, 100]","[100, 100]","[100, 100]","[100, 100]","[100, 100]","[100, 100]","[100, 100]","[100, 100]",ok.png,"[0, -375]","[150, 100]",205,dots,12,2,m,1,1,1,1,0,0,0,0,0,0,0,1.24092745781,1.240927457809448,0,-253,-253,53,53,1,1,0,0,0,0,0,0,0,1.16753470898,1.167534708976746,0,3,3,-384,-384,45
01.png,34.png,07.png,27.png,04.png,dots1.png,00.png,00.png,06.png,15.png,09.png,29.png,17.png,23.png,00.png,00.png,"[-227, 209]","[-77, 209]","[73, 209]","[223, 209]","[-227, 59]","[-77, 59]","[73, 59]","[223, 59]","[-227, -91]","[-77, -91]","[73, -91]","[223, -91]","[-227, -241]","[-77, -241]","[73, -241]","[223, -241]","[100, 100]","[100, 100]","[100, 100]","[100, 100]","[100, 100]","[100, 100]","[100, 100]","[100, 100]","[100, 100]","[100, 100]","[100, 100]","[100, 100]","[100, 100]","[100, 100]","[100, 100]","[100, 100]",ok.png,"[0, -375]","[150, 100]",206,dots,12,2,m,1,1,1,1,0,0,0,0,0,0,0,0.756153643131,0.7561536431312561,0,-69,-69,59,59,1,1,0,0,0,0,0,0,0,0.996752619743,0.9967526197433472,0,-1,-1,-385,-385,273
00.png,00.png,02.png,05.png,07.png,03.png,dots1.png,25.png,18.png,14.png,00.png,00.png,06.png,22.png,09.png,17.png,"[-215, 232]","[-65, 232]","[85, 232]","[235, 232]","[-215, 82]","[-65, 82]","[85, 82]","[235, 82]","[-215, -68]","[-65, -68]","[85, -68]","[235, -68]","[-215, -218]","[-65, -218]","[85, -218]","[235, -218]","[100, 100]","[100, 100]","[100, 100]","[100, 100]","[100, 100]","[100, 100]","[100, 100]","[100, 100]","[100, 100]","[100, 100]","[100, 100]","[100, 100]","[100, 100]","[100, 100]","[100, 100]","[100, 100]",ok.png,"[0, -375]","[150, 100]",207,dots,12,2,m,1,1,1,1,0,0,0,0,0,0,0,0.743546307087,0.7435463070869446,0,72,72,71,71,1,1,0,0,0,0,0,0,0,1.21285927296,1.212859272956848,0,15,15,-353,-353,313
00.png,05.png,33.png,07.png,20.png,15.png,27.png,dots1.png,30.png,17.png,25.png,31.png,00.png,00.png,33.png,00.png,"[-216, 220]","[-66, 220]","[84, 220]","[234, 220]","[-216, 70]","[-66, 70]","[84, 70]","[234, 70]","[-216, -80]","[-66, -80]","[84, -80]","[234, -80]","[-216, -230]","[-66, -230]","[84, -230]","[234, -230]","[100, 100]","[100, 100]","[100, 100]","[100, 100]","[100, 100]","[100, 100]","[100, 100]","[100, 100]","[100, 100]","[100, 100]","[100, 100]","[100, 100]","[100, 100]","[100, 100]","[100, 100]","[100, 100]",ok.png,"[0, -375]","[150, 100]",208,dots,12,2,m,1,1,1,1,0,0,0,0,0,0,0,1.64905941486,1.649059414863586,0,252,252,59,59,1,1,0,0,0,0,0,0,0,0.571887731552,0.571887731552124,0,16,16,-367,-367,154
07.png,10.png,13.png,16.png,00.png,00.png,00.png,00.png,dots1.png,29.png,23.png,27.png,21.png,25.png,31.png,33.png,"[-241, 227]","[-91, 227]","[59, 227]","[209, 227]","[-241, 77]","[-91, 77]","[59, 77]","[209, 77]","[-241, -73]","[-91, -73]","[59, -73]","[209, -73]","[-241, -223]","[-91, -223]","[59, -223]","[209, -223]","[100, 100]","[100, 100]","[100, 100]","[100, 100]","[100, 100]","[100, 100]","[100, 100]","[100, 100]","[100, 100]","[100, 100]","[100, 100]","[100, 100]","[100, 100]","[100, 100]","[100, 100]","[100, 100]",ok.png,"[0, -375]","[150, 100]",209,dots,12,2,m,1,1,1,1,0,0,0,0,0,0,0,1.13404917717,1.1340491771698,0,-236,-236,-60,-60,1,1,0,0,0,0,0,0,0,1.38289546967,1.382895469665527,0,22,22,-346,-346,183
09.png,07.png,05.png,03.png,14.png,16.png,18.png,20.png,22.png,dots1.png,24.png,26.png,00.png,00.png,00.png,00.png,"[-200, 236]","[-50, 236]","[100, 236]","[250, 236]","[-200, 86]","[-50, 86]","[100, 86]","[250, 86]","[-200, -64]","[-50, -64]","[100, -64]","[250, -64]","[-200, -214]","[-50, -214]","[100, -214]","[250, -214]","[100, 100]","[100, 100]","[100, 100]","[100, 100]","[100, 100]","[100, 100]","[100, 100]","[100, 100]","[100, 100]","[100, 100]","[100, 100]","[100, 100]","[100, 100]","[100, 100]","[100, 100]","[100, 100]",ok.png,"[0, -375]","[150, 100]",210,dots,12,2,m,1,1,1,1,0,0,0,0,0,0,0,0.852135896683,0.8521358966827393,0,-40,-40,-52,-52,1,1,0,0,0,0,0,0,0,1.43189704418,1.431897044181824,0,0,0,-373,-373,234
00.png,00.png,33.png,31.png,13.png,10.png,34.png,32.png,16.png,19.png,dots1.png,21.png,24.png,27.png,00.png,00.png,"[-221, 241]","[-71, 241]","[79, 241]","[229, 241]","[-221, 91]","[-71, 91]","[79, 91]","[229, 91]","[-221, -59]","[-71, -59]","[79, -59]","[229, -59]","[-221, -209]","[-71, -209]","[79, -209]","[229, -209]","[100, 100]","[100, 100]","[100, 100]","[100, 100]","[100, 100]","[100, 100]","[100, 100]","[100, 100]","[100, 100]","[100, 100]","[100, 100]","[100, 100]","[100, 100]","[100, 100]","[100, 100]","[100, 100]",ok.png,"[0, -375]","[150, 100]",211,dots,12,2,m,1,1,1,1,0,0,0,0,0,0,0,0.709909498692,0.7099094986915588,0,91,91,-53,-53,1,1,0,0,0,0,0,0,0,1.44834709167,1.448347091674805,0,-6,-6,-374,-374,376
10.png,15.png,20.png,25.png,00.png,00.png,04.png,17.png,21.png,16.png,11.png,dots1.png,00.png,00.png,27.png,34.png,"[-248, 244]","[-98, 244]","[52, 244]","[202, 244]","[-248, 94]","[-98, 94]","[52, 94]","[202, 94]","[-248, -56]","[-98, -56]","[52, -56]","[202, -56]","[-248, -206]","[-98, -206]","[52, -206]","[202, -206]","[100, 100]","[100, 100]","[100, 100]","[100, 100]","[100, 100]","[100, 100]","[100, 100]","[100, 100]","[100, 100]","[100, 100]","[100, 100]","[100, 100]","[100, 100]","[100, 100]","[100, 100]","[100, 100]",ok.png,"[0, -375]","[150, 100]",212,dots,12,2,m,1,1,1,1,0,0,0,0,0,0,0,0.788659751415,0.7886597514152527,0,206,206,-67,-67,1,1,0,0,0,0,0,0,0,1.08958160877,1.089581608772278,0,37,37,-332,-332,348
00.png,00.png,20.png,24.png,28.png,32.png,00.png,00.png,03.png,01.png,07.png,08.png,dots1.png,05.png,02.png,04.png,"[-241, 244]","[-91, 244]","[59, 244]","[209, 244]","[-241, 94]","[-91, 94]","[59, 94]","[209, 94]","[-241, -56]","[-91, -56]","[59, -56]","[209, -56]","[-241, -206]","[-91, -206]","[59, -206]","[209, -206]","[100, 100]","[100, 100]","[100, 100]","[100, 100]","[100, 100]","[100, 100]","[100, 100]","[100, 100]","[100, 100]","[100, 100]","[100, 100]","[100, 100]","[100, 100]","[100, 100]","[100, 100]","[100, 100]",ok.png,"[0, -375]","[150, 100]",213,dots,12,2,m,1,1,1,1,0,0,0,0,0,0,0,1.10273528099,1.102735280990601,0,-219,-219,-204,-204,1,1,0,0,0,0,0,0,0,1.36953318119,1.369533181190491,0,-20,-20,-369,-369,357
29.png,00.png,06.png,16.png,00.png,03.png,33.png,08.png,13.png,28.png,00.png,00.png,23.png,dots1.png,12.png,01.png,"[-225, 242]","[-75, 242]","[75, 242]","[225, 242]","[-225, 92]","[-75, 92]","[75, 92]","[225, 92]","[-225, -58]","[-75, -58]","[75, -58]","[225, -58]","[-225, -208]","[-75, -208]","[75, -208]","[225, -208]","[100, 100]","[100, 100]","[100, 100]","[100, 100]","[100, 100]","[100, 100]","[100, 100]","[100, 100]","[100, 100]","[100, 100]","[100, 100]","[100, 100]","[100, 100]","[100, 100]","[100, 100]","[100, 100]",ok.png,"[0, -375]","[150, 100]",214,dots,12,2,m,1,1,1,1,0,0,0,0,0,0,0,1.17733049393,1.177330493927002,0,-62,-62,-215,-215,1,1,0,0,0,0,0,0,0,1.2937630415,1.293763041496277,0,25,25,-387,-387,175
00.png,00.png,00.png,16.png,14.png,06.png,04.png,33.png,27.png,23.png,17.png,13.png,07.png,03.png,dots1.png,00.png,"[-220, 201]","[-70, 201]","[80, 201]","[230, 201]","[-220, 51]","[-70, 51]","[80, 51]","[230, 51]","[-220, -99]","[-70, -99]","[80, -99]","[230, -99]","[-220, -249]","[-70, -249]","[80, -249]","[230, -249]","[100, 100]","[100, 100]","[100, 100]","[100, 100]","[100, 100]","[100, 100]","[100, 100]","[100, 100]","[100, 100]","[100, 100]","[100, 100]","[100, 100]","[100, 100]","[100, 100]","[100, 100]","[100, 100]",ok.png,"[0, -375]","[150, 100]",215,dots,12,2,m,1,1,1,1,0,0,0,0,0,0,0,0.897274971008,0.8972749710083008,0,76,76,-251,-251,1,1,0,0,0,0,0,0,0,1.66463911533,1.664639115333557,0,3,3,-419,-419,340
04.png,20.png,30.png,02.png,00.png,00.png,03.png,04.png,24.png,23.png,00.png,00.png,14.png,07.png,17.png,dots1.png,"[-244, 249]","[-94, 249]","[56, 249]","[206, 249]","[-244, 99]","[-94, 99]","[56, 99]","[206, 99]","[-244, -51]","[-94, -51]","[56, -51]","[206, -51]","[-244, -201]","[-94, -201]","[56, -201]","[206, -201]","[100, 100]","[100, 100]","[100, 100]","[100, 100]","[100, 100]","[100, 100]","[100, 100]","[100, 100]","[100, 100]","[100, 100]","[100, 100]","[100, 100]","[100, 100]","[100, 100]","[100, 100]","[100, 100]",ok.png,"[0, -375]","[150, 100]",216,dots,12,2,m,1,1,1,1,0,0,0,0,0,0,0,1.08370196819,1.083701968193054,0,211,211,-222,-222,1,1,0,0,0,0,0,0,0,0.887444972992,0.8874449729919434,0,29,29,-358,-358,292
03.png,19.png,29.png,00.png,00.png,02.png,32.png,11.png,12.png,22.png,16.png,00.png,00.png,04.png,dots1.png,18.png,"[-204, 212]","[-54, 212]","[96, 212]","[246, 212]","[-204, 62]","[-54, 62]","[96, 62]","[246, 62]","[-204, -88]","[-54, -88]","[96, -88]","[246, -88]","[-204, -238]","[-54, -238]","[96, -238]","[246, -238]","[100, 100]","[100, 100]","[100, 100]","[100, 100]","[100, 100]","[100, 100]","[100, 100]","[100, 100]","[100, 100]","[100, 100]","[100, 100]","[100, 100]","[100, 100]","[100, 100]","[100, 100]","[100, 100]",ok.png,"[0, -375]","[150, 100]",217,dots,12,2,m,1,1,1,1,0,0,0,0,0,0,0,1.07237970829,1.0723797082901,0,96,96,-230,-230,1,1,0,0,0,0,0,0,0,1.01069390774,1.010693907737732,0,8,8,-374,-374,411
16.png,13.png,11.png,05.png,21.png,00.png,00.png,00.png,00.png,27.png,28.png,25.png,03.png,dots1.png,08.png,15.png,"[-202, 210]","[-52, 210]","[98, 210]","[248, 210]","[-202, 60]","[-52, 60]","[98, 60]","[248, 60]","[-202, -90]","[-52, -90]","[98, -90]","[248, -90]","[-202, -240]","[-52, -240]","[98, -240]","[248, -240]","[100, 100]","[100, 100]","[100, 100]","[100, 100]","[100, 100]","[100, 100]","[100, 100]","[100, 100]","[100, 100]","[100, 100]","[100, 100]","[100, 100]","[100, 100]","[100, 100]","[100, 100]","[100, 100]",ok.png,"[0, -375]","[150, 100]",218,dots,12,2,m,1,1,1,1,0,0,0,0,0,0,0,1.61776340008,1.61776340007782,0,-38,-38,-244,-244,1,1,0,0,0,0,0,0,0,0.543089151382,0.5430891513824463,0,6,6,-347,-347,319
06.png,21.png,15.png,17.png,00.png,00.png,16.png,28.png,29.png,09.png,00.png,23.png,dots1.png,14.png,07.png,00.png,"[-234, 243]","[-84, 243]","[66, 243]","[216, 243]","[-234, 93]","[-84, 93]","[66, 93]","[216, 93]","[-234, -57]","[-84, -57]","[66, -57]","[216, -57]","[-234, -207]","[-84, -207]","[66, -207]","[216, -207]","[100, 100]","[100, 100]","[100, 100]","[100, 100]","[100, 100]","[100, 100]","[100, 100]","[100, 100]","[100, 100]","[100, 100]","[100, 100]","[100, 100]","[100, 100]","[100, 100]","[100, 100]","[100, 100]",ok.png,"[0, -375]","[150, 100]",219,dots,12,2,m,1,1,1,1,0,0,0,0,0,0,0,1.72349977493,1.723499774932861,0,-237,-237,-214,-214,1,1,0,0,0,0,0,0,0,0.591954171658,0.5919541716575623,0,-35,-35,-391,-391,447
00.png,11.png,01.png,28.png,12.png,00.png,00.png,34.png,15.png,30.png,08.png,dots1.png,31.png,21.png,32.png,00.png,"[-211, 220]","[-61, 220]","[89, 220]","[239, 220]","[-211, 70]","[-61, 70]","[89, 70]","[239, 70]","[-211, -80]","[-61, -80]","[89, -80]","[239, -80]","[-211, -230]","[-61, -230]","[89, -230]","[239, -230]","[100, 100]","[100, 100]","[100, 100]","[100, 100]","[100, 100]","[100, 100]","[100, 100]","[100, 100]","[100, 100]","[100, 100]","[100, 100]","[100, 100]","[100, 100]","[100, 100]","[100, 100]","[100, 100]",ok.png,"[0, -375]","[150, 100]",220,dots,12,2,m,1,1,1,1,0,0,0,0,0,0,0,1.77245032787,1.77245032787323,0,243,243,-79,-79,1,1,0,0,0,0,0,0,0,1.10256564617,1.10256564617157,0,28,28,-397,-397,44
00.png,00.png,12.png,04.png,32.png,31.png,24.png,27.png,07.png,09.png,dots1.png,10.png,13.png,16.png,00.png,00.png,"[-248, 225]","[-98, 225]","[52, 225]","[202, 225]","[-248, 75]","[-98, 75]","[52, 75]","[202, 75]","[-248, -75]","[-98, -75]","[52, -75]","[202, -75]","[-248, -225]","[-98, -225]","[52, -225]","[202, -225]","[100, 100]","[100, 100]","[100, 100]","[100, 100]","[100, 100]","[100, 100]","[100, 100]","[100, 100]","[100, 100]","[100, 100]","[100, 100]","[100, 100]","[100, 100]","[100, 100]","[100, 100]","[100, 100]",ok.png,"[0, -375]","[150, 100]",221,dots,12,2,m,1,1,1,1,0,0,0,0,0,0,0,1.95926976204,1.959269762039185,0,62,62,-73,-73,1,1,0,0,0,0,0,0,0,0.68305683136,0.6830568313598633,0,50,50,-409,-409,407
00.png,00.png,25.png,12.png,33.png,19.png,05.png,00.png,01.png,dots1.png,07.png,10.png,34.png,20.png,00.png,30.png,"[-236, 224]","[-86, 224]","[64, 224]","[214, 224]","[-236, 74]","[-86, 74]","[64, 74]","[214, 74]","[-236, -76]","[-86, -76]","[64, -76]","[214, -76]","[-236, -226]","[-86, -226]","[64, -226]","[214, -226]","[100, 100]","[100, 100]","[100, 100]","[100, 100]","[100, 100]","[100, 100]","[100, 100]","[100, 100]","[100, 100]","[100, 100]","[100, 100]","[100, 100]","[100, 100]","[100, 100]","[100, 100]","[100, 100]",ok.png,"[0, -375]","[150, 100]",222,dots,12,2,m,1,1,1,1,0,0,0,0,0,0,0,0.932829022408,0.9328290224075316,0,-76,-76,-86,-86,1,1,0,0,0,0,0,0,0,1.08970892429,1.089708924293518,0,-2,-2,-377,-377,365
11.png,13.png,17.png,18.png,00.png,14.png,00.png,09.png,dots1.png,02.png,04.png,30.png,26.png,24.png,00.png,00.png,"[-209, 226]","[-59, 226]","[91, 226]","[241, 226]","[-209, 76]","[-59, 76]","[91, 76]","[241, 76]","[-209, -74]","[-59, -74]","[91, -74]","[241, -74]","[-209, -224]","[-59, -224]","[91, -224]","[241, -224]","[100, 100]","[100, 100]","[100, 100]","[100, 100]","[100, 100]","[100, 100]","[100, 100]","[100, 100]","[100, 100]","[100, 100]","[100, 100]","[100, 100]","[100, 100]","[100, 100]","[100, 100]","[100, 100]",ok.png,"[0, -375]","[150, 100]",223,dots,12,2,m,1,1,1,1,0,0,0,0,0,0,0,1.19796836376,1.197968363761902,0,-219,-219,-68,-68,1,1,0,0,0,0,0,0,0,1.40222716331,1.402227163314819,0,-1,-1,-384,-384,434
00.png,14.png,10.png,20.png,11.png,07.png,00.png,dots1.png,18.png,31.png,00.png,30.png,09.png,00.png,03.png,19.png,"[-218, 222]","[-68, 222]","[82, 222]","[232, 222]","[-218, 72]","[-68, 72]","[82, 72]","[232, 72]","[-218, -78]","[-68, -78]","[82, -78]","[232, -78]","[-218, -228]","[-68, -228]","[82, -228]","[232, -228]","[100, 100]","[100, 100]","[100, 100]","[100, 100]","[100, 100]","[100, 100]","[100, 100]","[100, 100]","[100, 100]","[100, 100]","[100, 100]","[100, 100]","[100, 100]","[100, 100]","[100, 100]","[100, 100]",ok.png,"[0, -375]","[150, 100]",224,dots,12,2,m,1,1,1,1,0,0,0,0,0,0,0,1.07104992867,1.071049928665161,0,225,225,57,57,1,1,0,0,0,0,0,0,0,0.993847370148,0.9938473701477052,0,-3,-3,-353,-353,50
31.png,03.png,13.png,00.png,23.png,21.png,dots1.png,00.png,33.png,00.png,14.png,00.png,19.png,32.png,29.png,26.png,"[-210, 219]","[-60, 219]","[90, 219]","[240, 219]","[-210, 69]","[-60, 69]","[90, 69]","[240, 69]","[-210, -81]","[-60, -81]","[90, -81]","[240, -81]","[-210, -231]","[-60, -231]","[90, -231]","[240, -231]","[100, 100]","[100, 100]","[100, 100]","[100, 100]","[100, 100]","[100, 100]","[100, 100]","[100, 100]","[100, 100]","[100, 100]","[100, 100]","[100, 100]","[100, 100]","[100, 100]","[100, 100]","[100, 100]",ok.png,"[0, -375]","[150, 100]",225,dots,12,2,m,1,1,1,1,0,0,0,0,0,0,0,0.791973471642,0.7919734716415405,0,96,96,54,54,1,1,0,0,0,0,0,0,0,1.57249295712,1.572492957115173,0,18,18,-337,-337,240
00.png,00.png,00.png,00.png,11.png,10.png,09.png,08.png,07.png,06.png,05.png,04.png,03.png,02.png,01.png,dots2.png,"[-221, 231]","[-71, 231]","[79, 231]","[229, 231]","[-221, 81]","[-71, 81]","[79, 81]","[229, 81]","[-221, -69]","[-71, -69]","[79, -69]","[229, -69]","[-221, -219]","[-71, -219]","[79, -219]","[229, -219]","[100, 100]","[100, 100]","[100, 100]","[100, 100]","[100, 100]","[100, 100]","[100, 100]","[100, 100]","[100, 100]","[100, 100]","[100, 100]","[100, 100]","[100, 100]","[100, 100]","[100, 100]","[100, 100]",ok.png,"[0, -375]","[150, 100]",226,dots,12,2,m,1,1,1,1,0,0,0,0,0,0,0,1.21395540237,1.213955402374268,0,238,238,-235,-235,1,1,0,0,0,0,0,0,0,0.871313869953,0.8713138699531555,0,6,6,-384,-384,372
00.png,00.png,31.png,32.png,33.png,34.png,14.png,00.png,13.png,12.png,11.png,10.png,00.png,09.png,dots2.png,08.png,"[-233, 201]","[-83, 201]","[67, 201]","[217, 201]","[-233, 51]","[-83, 51]","[67, 51]","[217, 51]","[-233, -99]","[-83, -99]","[67, -99]","[217, -99]","[-233, -249]","[-83, -249]","[67, -249]","[217, -249]","[100, 100]","[100, 100]","[100, 100]","[100, 100]","[100, 100]","[100, 100]","[100, 100]","[100, 100]","[100, 100]","[100, 100]","[100, 100]","[100, 100]","[100, 100]","[100, 100]","[100, 100]","[100, 100]",ok.png,"[0, -375]","[150, 100]",227,dots,12,2,m,1,1,1,1,0,0,0,0,0,0,0,1.27687180042,1.276871800422668,0,90,90,-266,-266,1,1,0,0,0,0,0,0,0,0.730852127075,0.7308521270751953,0,8,8,-407,-407,95
00.png,00.png,25.png,24.png,23.png,22.png,21.png,20.png,19.png,18.png,17.png,16.png,15.png,dots2.png,00.png,00.png,"[-207, 227]","[-57, 227]","[93, 227]","[243, 227]","[-207, 77]","[-57, 77]","[93, 77]","[243, 77]","[-207, -73]","[-57, -73]","[93, -73]","[243, -73]","[-207, -223]","[-57, -223]","[93, -223]","[243, -223]","[100, 100]","[100, 100]","[100, 100]","[100, 100]","[100, 100]","[100, 100]","[100, 100]","[100, 100]","[100, 100]","[100, 100]","[100, 100]","[100, 100]","[100, 100]","[100, 100]","[100, 100]","[100, 100]",ok.png,"[0, -375]","[150, 100]",228,dots,12,2,m,1,1,1,1,0,0,0,0,0,0,0,1.19464635849,1.19464635848999,0,-32,-32,-218,-218,1,1,0,0,0,0,0,0,0,1.16605472565,1.166054725646973,0,0,0,-386,-386,131
33.png,32.png,30.png,29.png,00.png,00.png,31.png,27.png,26.png,28.png,00.png,00.png,dots2.png,24.png,23.png,22.png,"[-206, 241]","[-56, 241]","[94, 241]","[244, 241]","[-206, 91]","[-56, 91]","[94, 91]","[244, 91]","[-206, -59]","[-56, -59]","[94, -59]","[244, -59]","[-206, -209]","[-56, -209]","[94, -209]","[244, -209]","[100, 100]","[100, 100]","[100, 100]","[100, 100]","[100, 100]","[100, 100]","[100, 100]","[100, 100]","[100, 100]","[100, 100]","[100, 100]","[100, 100]","[100, 100]","[100, 100]","[100, 100]","[100, 100]",ok.png,"[0, -375]","[150, 100]",229,dots,12,2,m,1,1,1,1,0,0,0,0,0,0,0,2.00632882118,2.006328821182251,0,-178,-178,-215,-215,1,1,0,0,0,0,0,0,0,1.59120285511,1.591202855110168,0,26,26,-361,-361,30
00.png,00.png,00.png,00.png,01.png,34.png,33.png,32.png,31.png,30.png,29.png,dots2.png,08.png,06.png,04.png,02.png,"[-249, 229]","[-99, 229]","[51, 229]","[201, 229]","[-249, 79]","[-99, 79]","[51, 79]","[201, 79]","[-249, -71]","[-99, -71]","[51, -71]","[201, -71]","[-249, -221]","[-99, -221]","[51, -221]","[201, -221]","[100, 100]","[100, 100]","[100, 100]","[100, 100]","[100, 100]","[100, 100]","[100, 100]","[100, 100]","[100, 100]","[100, 100]","[100, 100]","[100, 100]","[100, 100]","[100, 100]","[100, 100]","[100, 100]",ok.png,"[0, -375]","[150, 100]",230,dots,12,2,m,1,1,1,1,0,0,0,0,0,0,0,0.817465543747,0.8174655437469482,0,175,175,-71,-71,1,1,0,0,0,0,0,0,0,0.652845978737,0.6528459787368774,0,-27,-27,-411,-411,258
00.png,00.png,23.png,17.png,29.png,09.png,15.png,06.png,00.png,00.png,dots2.png,04.png,27.png,07.png,34.png,01.png,"[-207, 241]","[-57, 241]","[93, 241]","[243, 241]","[-207, 91]","[-57, 91]","[93, 91]","[243, 91]","[-207, -59]","[-57, -59]","[93, -59]","[243, -59]","[-207, -209]","[-57, -209]","[93, -209]","[243, -209]","[100, 100]","[100, 100]","[100, 100]","[100, 100]","[100, 100]","[100, 100]","[100, 100]","[100, 100]","[100, 100]","[100, 100]","[100, 100]","[100, 100]","[100, 100]","[100, 100]","[100, 100]","[100, 100]",ok.png,"[0, -375]","[150, 100]",231,dots,12,2,m,1,1,1,1,0,0,0,0,0,0,0,0.932172834873,0.9321728348731996,0,109,109,-45,-45,1,1,0,0,0,0,0,0,0,1.63633167744,1.636331677436829,0,26,26,-380,-380,253
17.png,09.png,22.png,06.png,00.png,00.png,14.png,18.png,25.png,dots2.png,03.png,07.png,05.png,02.png,00.png,00.png,"[-243, 235]","[-93, 235]","[57, 235]","[207, 235]","[-243, 85]","[-93, 85]","[57, 85]","[207, 85]","[-243, -65]","[-93, -65]","[57, -65]","[207, -65]","[-243, -215]","[-93, -215]","[57, -215]","[207, -215]","[100, 100]","[100, 100]","[100, 100]","[100, 100]","[100, 100]","[100, 100]","[100, 100]","[100, 100]","[100, 100]","[100, 100]","[100, 100]","[100, 100]","[100, 100]","[100, 100]","[100, 100]","[100, 100]",ok.png,"[0, -375]","[150, 100]",232,dots,12,2,m,1,1,1,1,0,0,0,0,0,0,0,0.990608930588,0.9906089305877686,0,-81,-81,-69,-69,1,1,0,0,0,0,0,0,0,2.12050175667,2.120501756668091,0,25,25,-366,-366,326
00.png,33.png,00.png,00.png,31.png,25.png,17.png,30.png,dots2.png,27.png,15.png,20.png,07.png,33.png,05.png,00.png,"[-242, 229]","[-92, 229]","[58, 229]","[208, 229]","[-242, 79]","[-92, 79]","[58, 79]","[208, 79]","[-242, -71]","[-92, -71]","[58, -71]","[208, -71]","[-242, -221]","[-92, -221]","[58, -221]","[208, -221]","[100, 100]","[100, 100]","[100, 100]","[100, 100]","[100, 100]","[100, 100]","[100, 100]","[100, 100]","[100, 100]","[100, 100]","[100, 100]","[100, 100]","[100, 100]","[100, 100]","[100, 100]","[100, 100]",ok.png,"[0, -375]","[150, 100]",233,dots,12,2,m,1,1,1,1,0,0,0,0,0,0,0,1.03935492039,1.039354920387268,0,-234,-234,-70,-70,1,1,0,0,0,0,0,0,0,0.98088735342,0.9808873534202576,0,9,9,-369,-369,318
33.png,31.png,25.png,21.png,27.png,23.png,29.png,dots2.png,00.png,00.png,00.png,00.png,16.png,13.png,10.png,07.png,"[-243, 208]","[-93, 208]","[57, 208]","[207, 208]","[-243, 58]","[-93, 58]","[57, 58]","[207, 58]","[-243, -92]","[-93, -92]","[57, -92]","[207, -92]","[-243, -242]","[-93, -242]","[57, -242]","[207, -242]","[100, 100]","[100, 100]","[100, 100]","[100, 100]","[100, 100]","[100, 100]","[100, 100]","[100, 100]","[100, 100]","[100, 100]","[100, 100]","[100, 100]","[100, 100]","[100, 100]","[100, 100]","[100, 100]",ok.png,"[0, -375]","[150, 100]",234,dots,12,2,m,1,1,1,1,0,0,0,0,0,0,0,1.27523648739,1.275236487388611,0,164,164,44,44,1,1,0,0,0,0,0,0,0,1.52823650837,1.528236508369446,0,38,38,-397,-397,172
00.png,00.png,00.png,00.png,26.png,24.png,dots2.png,22.png,20.png,18.png,16.png,14.png,03.png,05.png,07.png,09.png,"[-246, 231]","[-96, 231]","[54, 231]","[204, 231]","[-246, 81]","[-96, 81]","[54, 81]","[204, 81]","[-246, -69]","[-96, -69]","[54, -69]","[204, -69]","[-246, -219]","[-96, -219]","[54, -219]","[204, -219]","[100, 100]","[100, 100]","[100, 100]","[100, 100]","[100, 100]","[100, 100]","[100, 100]","[100, 100]","[100, 100]","[100, 100]","[100, 100]","[100, 100]","[100, 100]","[100, 100]","[100, 100]","[100, 100]",ok.png,"[0, -375]","[150, 100]",235,dots,12,2,m,1,1,1,1,0,0,0,0,0,0,0,0.822517573833,0.8225175738334656,0,40,40,95,95,1,1,0,0,0,0,0,0,0,1.16658842564,1.166588425636292,0,32,32,-362,-362,196
00.png,00.png,27.png,24.png,21.png,dots2.png,19.png,16.png,32.png,34.png,10.png,13.png,31.png,33.png,00.png,00.png,"[-222, 245]","[-72, 245]","[78, 245]","[228, 245]","[-222, 95]","[-72, 95]","[78, 95]","[228, 95]","[-222, -55]","[-72, -55]","[78, -55]","[228, -55]","[-222, -205]","[-72, -205]","[78, -205]","[228, -205]","[100, 100]","[100, 100]","[100, 100]","[100, 100]","[100, 100]","[100, 100]","[100, 100]","[100, 100]","[100, 100]","[100, 100]","[100, 100]","[100, 100]","[100, 100]","[100, 100]","[100, 100]","[100, 100]",ok.png,"[0, -375]","[150, 100]",236,dots,12,2,m,1,1,1,1,0,0,0,0,0,0,0,1.23950839043,1.239508390426636,0,-61,-61,68,68,1,1,0,0,0,0,0,0,0,1.12265396118,1.122653961181641,0,-9,-9,-375,-375,141
34.png,27.png,00.png,00.png,dots2.png,11.png,16.png,21.png,17.png,04.png,00.png,00.png,25.png,20.png,15.png,10.png,"[-224, 216]","[-74, 216]","[76, 216]","[226, 216]","[-224, 66]","[-74, 66]","[76, 66]","[226, 66]","[-224, -84]","[-74, -84]","[76, -84]","[226, -84]","[-224, -234]","[-74, -234]","[76, -234]","[226, -234]","[100, 100]","[100, 100]","[100, 100]","[100, 100]","[100, 100]","[100, 100]","[100, 100]","[100, 100]","[100, 100]","[100, 100]","[100, 100]","[100, 100]","[100, 100]","[100, 100]","[100, 100]","[100, 100]",ok.png,"[0, -375]","[150, 100]",237,dots,12,2,m,1,1,1,1,0,0,0,0,0,0,0,1.11483728886,1.114837288856506,0,-225,-225,68,68,1,1,0,0,0,0,0,0,0,1.76319158077,1.7631915807724,0,29,29,-371,-371,211
04.png,02.png,05.png,dots2.png,08.png,07.png,01.png,03.png,00.png,00.png,32.png,28.png,24.png,20.png,00.png,00.png,"[-233, 217]","[-83, 217]","[67, 217]","[217, 217]","[-233, 67]","[-83, 67]","[67, 67]","[217, 67]","[-233, -83]","[-83, -83]","[67, -83]","[217, -83]","[-233, -233]","[-83, -233]","[67, -233]","[217, -233]","[100, 100]","[100, 100]","[100, 100]","[100, 100]","[100, 100]","[100, 100]","[100, 100]","[100, 100]","[100, 100]","[100, 100]","[100, 100]","[100, 100]","[100, 100]","[100, 100]","[100, 100]","[100, 100]",ok.png,"[0, -375]","[150, 100]",238,dots,12,2,m,1,1,1,1,0,0,0,0,0,0,0,0.83628565073,0.8362856507301331,0,205,205,230,230,1,1,0,0,0,0,0,0,0,1.18561112881,1.185611128807068,0,20,20,-384,-384,416
01.png,12.png,dots2.png,23.png,00.png,00.png,28.png,13.png,08.png,33.png,03.png,00.png,16.png,06.png,00.png,29.png,"[-206, 222]","[-56, 222]","[94, 222]","[244, 222]","[-206, 72]","[-56, 72]","[94, 72]","[244, 72]","[-206, -78]","[-56, -78]","[94, -78]","[244, -78]","[-206, -228]","[-56, -228]","[94, -228]","[244, -228]","[100, 100]","[100, 100]","[100, 100]","[100, 100]","[100, 100]","[100, 100]","[100, 100]","[100, 100]","[100, 100]","[100, 100]","[100, 100]","[100, 100]","[100, 100]","[100, 100]","[100, 100]","[100, 100]",ok.png,"[0, -375]","[150, 100]",239,dots,12,2,m,1,1,1,1,0,0,0,0,0,0,0,0.928946316242,0.928946316242218,0,116,116,204,204,1,1,0,0,0,0,0,0,0,1.51120913029,1.51120913028717,0,8,8,-391,-391,314
00.png,dots2.png,03.png,07.png,13.png,17.png,23.png,27.png,33.png,04.png,06.png,14.png,16.png,00.png,00.png,00.png,"[-215, 232]","[-65, 232]","[85, 232]","[235, 232]","[-215, 82]","[-65, 82]","[85, 82]","[235, 82]","[-215, -68]","[-65, -68]","[85, -68]","[235, -68]","[-215, -218]","[-65, -218]","[85, -218]","[235, -218]","[100, 100]","[100, 100]","[100, 100]","[100, 100]","[100, 100]","[100, 100]","[100, 100]","[100, 100]","[100, 100]","[100, 100]","[100, 100]","[100, 100]","[100, 100]","[100, 100]","[100, 100]","[100, 100]",ok.png,"[0, -375]","[150, 100]",240,dots,12,2,m,1,1,1,1,0,0,0,0,0,0,0,2.42837047577,2.428370475769043,0,-60,-60,233,233,1,1,0,0,0,0,0,0,0,0.728687226772,0.7286872267723083,0,11,11,-354,-354,261
dots2.png,17.png,07.png,14.png,00.png,00.png,23.png,24.png,04.png,03.png,00.png,00.png,02.png,30.png,20.png,04.png,"[-206, 206]","[-56, 206]","[94, 206]","[244, 206]","[-206, 56]","[-56, 56]","[94, 56]","[244, 56]","[-206, -94]","[-56, -94]","[94, -94]","[244, -94]","[-206, -244]","[-56, -244]","[94, -244]","[244, -244]","[100, 100]","[100, 100]","[100, 100]","[100, 100]","[100, 100]","[100, 100]","[100, 100]","[100, 100]","[100, 100]","[100, 100]","[100, 100]","[100, 100]","[100, 100]","[100, 100]","[100, 100]","[100, 100]",ok.png,"[0, -375]","[150, 100]",241,dots,12,2,m,1,1,1,1,0,0,0,0,0,0,0,1.9907335043,1.990733504295349,0,-183,-183,235,235,1,1,0,0,0,0,0,0,0,0.729345440865,0.729345440864563,0,-18,-18,-356,-356,94
18.png,dots2.png,04.png,00.png,00.png,16.png,22.png,12.png,11.png,32.png,02.png,00.png,00.png,29.png,19.png,03.png,"[-237, 247]","[-87, 247]","[63, 247]","[213, 247]","[-237, 97]","[-87, 97]","[63, 97]","[213, 97]","[-237, -53]","[-87, -53]","[63, -53]","[213, -53]","[-237, -203]","[-87, -203]","[63, -203]","[213, -203]","[100, 100]","[100, 100]","[100, 100]","[100, 100]","[100, 100]","[100, 100]","[100, 100]","[100, 100]","[100, 100]","[100, 100]","[100, 100]","[100, 100]","[100, 100]","[100, 100]","[100, 100]","[100, 100]",ok.png,"[0, -375]","[150, 100]",242,dots,12,2,m,1,1,1,1,0,0,0,0,0,0,0,1.05650758743,1.056507587432861,0,-103,-103,237,237,1,1,0,0,0,0,0,0,0,1.75915396214,1.759153962135315,0,39,39,-381,-381,303
15.png,08.png,dots2.png,03.png,25.png,28.png,27.png,00.png,00.png,00.png,00.png,21.png,05.png,11.png,13.png,16.png,"[-203, 215]","[-53, 215]","[97, 215]","[247, 215]","[-203, 65]","[-53, 65]","[97, 65]","[247, 65]","[-203, -85]","[-53, -85]","[97, -85]","[247, -85]","[-203, -235]","[-53, -235]","[97, -235]","[247, -235]","[100, 100]","[100, 100]","[100, 100]","[100, 100]","[100, 100]","[100, 100]","[100, 100]","[100, 100]","[100, 100]","[100, 100]","[100, 100]","[100, 100]","[100, 100]","[100, 100]","[100, 100]","[100, 100]",ok.png,"[0, -375]","[150, 100]",243,dots,12,2,m,1,1,1,1,0,0,0,0,0,0,0,1.10114920139,1.101149201393127,0,107,107,198,198,1,1,0,0,0,0,0,0,0,1.11756801605,1.117568016052246,0,9,9,-370,-370,412
00.png,07.png,14.png,dots2.png,23.png,00.png,09.png,29.png,28.png,16.png,00.png,00.png,17.png,15.png,21.png,06.png,"[-203, 213]","[-53, 213]","[97, 213]","[247, 213]","[-203, 63]","[-53, 63]","[97, 63]","[247, 63]","[-203, -87]","[-53, -87]","[97, -87]","[247, -87]","[-203, -237]","[-53, -237]","[97, -237]","[247, -237]","[100, 100]","[100, 100]","[100, 100]","[100, 100]","[100, 100]","[100, 100]","[100, 100]","[100, 100]","[100, 100]","[100, 100]","[100, 100]","[100, 100]","[100, 100]","[100, 100]","[100, 100]","[100, 100]",ok.png,"[0, -375]","[150, 100]",244,dots,12,2,m,1,1,1,1,0,0,0,0,0,0,0,1.08650910854,1.086509108543396,0,240,240,199,199,1,1,0,0,0,0,0,0,0,1.19792997837,1.197929978370667,0,-2,-2,-393,-393,93
00.png,32.png,21.png,31.png,dots2.png,08.png,30.png,15.png,34.png,00.png,00.png,12.png,28.png,01.png,11.png,00.png,"[-220, 217]","[-70, 217]","[80, 217]","[230, 217]","[-220, 67]","[-70, 67]","[80, 67]","[230, 67]","[-220, -83]","[-70, -83]","[80, -83]","[230, -83]","[-220, -233]","[-70, -233]","[80, -233]","[230, -233]","[100, 100]","[100, 100]","[100, 100]","[100, 100]","[100, 100]","[100, 100]","[100, 100]","[100, 100]","[100, 100]","[100, 100]","[100, 100]","[100, 100]","[100, 100]","[100, 100]","[100, 100]","[100, 100]",ok.png,"[0, -375]","[150, 100]",245,dots,12,2,m,1,1,1,1,0,0,0,0,0,0,0,0.959342956543,0.95934295654296875,0,-218,-218,59,59,1,1,0,0,0,0,0,0,0,1.26222550869,1.26222550868988,0,33,33,-361,-361,166
00.png,00.png,16.png,13.png,10.png,dots2.png,09.png,07.png,27.png,24.png,31.png,32.png,04.png,12.png,00.png,00.png,"[-207, 240]","[-57, 240]","[93, 240]","[243, 240]","[-207, 90]","[-57, 90]","[93, 90]","[243, 90]","[-207, -60]","[-57, -60]","[93, -60]","[243, -60]","[-207, -210]","[-57, -210]","[93, -210]","[243, -210]","[100, 100]","[100, 100]","[100, 100]","[100, 100]","[100, 100]","[100, 100]","[100, 100]","[100, 100]","[100, 100]","[100, 100]","[100, 100]","[100, 100]","[100, 100]","[100, 100]","[100, 100]","[100, 100]",ok.png,"[0, -375]","[150, 100]",246,dots,12,2,m,1,1,1,1,0,0,0,0,0,0,0,1.01067268848,1.010672688484192,0,-52,-52,59,59,1,1,0,0,0,0,0,0,0,1.38613295555,1.386132955551147,0,25,25,-378,-378,257
30.png,00.png,20.png,34.png,10.png,07.png,dots2.png,01.png,00.png,05.png,19.png,33.png,12.png,25.png,00.png,00.png,"[-206, 237]","[-56, 237]","[94, 237]","[244, 237]","[-206, 87]","[-56, 87]","[94, 87]","[244, 87]","[-206, -63]","[-56, -63]","[94, -63]","[244, -63]","[-206, -213]","[-56, -213]","[94, -213]","[244, -213]","[100, 100]","[100, 100]","[100, 100]","[100, 100]","[100, 100]","[100, 100]","[100, 100]","[100, 100]","[100, 100]","[100, 100]","[100, 100]","[100, 100]","[100, 100]","[100, 100]","[100, 100]","[100, 100]",ok.png,"[0, -375]","[150, 100]",247,dots,12,2,m,1,1,1,1,0,0,0,0,0,0,0,0.755721569061,0.7557215690612793,0,127,127,95,95,1,1,0,0,0,0,0,0,0,0.981761455536,0.9817614555358888,0,44,44,-396,-396,133
00.png,00.png,24.png,26.png,30.png,04.png,02.png,dots2.png,09.png,00.png,14.png,00.png,18.png,17.png,13.png,11.png,"[-233, 231]","[-83, 231]","[67, 231]","[217, 231]","[-233, 81]","[-83, 81]","[67, 81]","[217, 81]","[-233, -69]","[-83, -69]","[67, -69]","[217, -69]","[-233, -219]","[-83, -219]","[67, -219]","[217, -219]","[100, 100]","[100, 100]","[100, 100]","[100, 100]","[100, 100]","[100, 100]","[100, 100]","[100, 100]","[100, 100]","[100, 100]","[100, 100]","[100, 100]","[100, 100]","[100, 100]","[100, 100]","[100, 100]",ok.png,"[0, -375]","[150, 100]",248,dots,12,2,m,1,1,1,1,0,0,0,0,0,0,0,0.698739111423,0.6987391114234924,0,224,224,85,85,1,1,0,0,0,0,0,0,0,1.33936536312,1.339365363121033,0,7,7,-323,-323,308
19.png,03.png,00.png,09.png,30.png,00.png,31.png,18.png,dots2.png,00.png,07.png,11.png,20.png,10.png,14.png,00.png,"[-203, 219]","[-53, 219]","[97, 219]","[247, 219]","[-203, 69]","[-53, 69]","[97, 69]","[247, 69]","[-203, -81]","[-53, -81]","[97, -81]","[247, -81]","[-203, -231]","[-53, -231]","[97, -231]","[247, -231]","[100, 100]","[100, 100]","[100, 100]","[100, 100]","[100, 100]","[100, 100]","[100, 100]","[100, 100]","[100, 100]","[100, 100]","[100, 100]","[100, 100]","[100, 100]","[100, 100]","[100, 100]","[100, 100]",ok.png,"[0, -375]","[150, 100]",249,dots,12,2,m,1,1,1,1,0,0,0,0,0,0,0,1.49388504028,1.493885040283203,0,-202,-202,-86,-86,1,1,0,0,0,0,0,0,0,0.854495108128,0.854495108127594,0,-30,-30,-360,-360,221
26.png,29.png,32.png,19.png,00.png,14.png,00.png,33.png,00.png,dots2.png,21.png,23.png,00.png,13.png,03.png,31.png,"[-220, 204]","[-70, 204]","[80, 204]","[230, 204]","[-220, 54]","[-70, 54]","[80, 54]","[230, 54]","[-220, -96]","[-70, -96]","[80, -96]","[230, -96]","[-220, -246]","[-70, -246]","[80, -246]","[230, -246]","[100, 100]","[100, 100]","[100, 100]","[100, 100]","[100, 100]","[100, 100]","[100, 100]","[100, 100]","[100, 100]","[100, 100]","[100, 100]","[100, 100]","[100, 100]","[100, 100]","[100, 100]","[100, 100]",ok.png,"[0, -375]","[150, 100]",250,dots,12,2,m,1,1,1,1,0,0,0,0,0,0,0,0.962925612926,0.9629256129264832,0,-64,-64,-111,-111,1,1,0,0,0,0,0,0,0,1.60551941395,1.605519413948059,0,12,12,-385,-385,226
tray1.png,01.png,02.png,03.png,04.png,05.png,06.png,07.png,08.png,09.png,10.png,dots1.png,00.png,00.png,00.png,00.png,"[-238, 232]","[-88, 232]","[62, 232]","[212, 232]","[-238, 82]","[-88, 82]","[62, 82]","[212, 82]","[-238, -68]","[-88, -68]","[62, -68]","[212, -68]","[-238, -218]","[-88, -218]","[62, -218]","[212, -218]","[100, 100]","[100, 100]","[100, 100]","[100, 100]","[100, 100]","[100, 100]","[100, 100]","[100, 100]","[100, 100]","[100, 100]","[100, 100]","[100, 100]","[100, 100]","[100, 100]","[100, 100]","[100, 100]",ok.png,"[0, -375]","[150, 100]",251,both,12,3,m,1,1,1,1,0,0,0,0,0,0,0,0.853917956352,0.8539179563522339,0,228,228,-110,-110,1,1,0,0,0,0,0,0,0,0.868650496006,0.868650496006012,0,-244,-244,250,250,123
08.png,tray1.png,09.png,00.png,10.png,11.png,12.png,13.png,00.png,14.png,dots1.png,33.png,32.png,31.png,00.png,00.png,"[-201, 238]","[-51, 238]","[99, 238]","[249, 238]","[-201, 88]","[-51, 88]","[99, 88]","[249, 88]","[-201, -62]","[-51, -62]","[99, -62]","[249, -62]","[-201, -212]","[-51, -212]","[99, -212]","[249, -212]","[100, 100]","[100, 100]","[100, 100]","[100, 100]","[100, 100]","[100, 100]","[100, 100]","[100, 100]","[100, 100]","[100, 100]","[100, 100]","[100, 100]","[100, 100]","[100, 100]","[100, 100]","[100, 100]",ok.png,"[0, -375]","[150, 100]",252,both,12,3,m,1,1,1,1,0,0,0,0,0,0,0,0.86938470602,0.8693847060203552,0,-91,-91,228,228,1,1,0,0,0,0,0,0,0,0.698406219482,0.6984062194824219,0,107,107,-64,-64,80
00.png,00.png,tray1.png,15.png,16.png,17.png,18.png,19.png,20.png,dots1.png,22.png,23.png,24.png,25.png,00.png,00.png,"[-216, 248]","[-66, 248]","[84, 248]","[234, 248]","[-216, 98]","[-66, 98]","[84, 98]","[234, 98]","[-216, -52]","[-66, -52]","[84, -52]","[234, -52]","[-216, -202]","[-66, -202]","[84, -202]","[234, -202]","[100, 100]","[100, 100]","[100, 100]","[100, 100]","[100, 100]","[100, 100]","[100, 100]","[100, 100]","[100, 100]","[100, 100]","[100, 100]","[100, 100]","[100, 100]","[100, 100]","[100, 100]","[100, 100]",ok.png,"[0, -375]","[150, 100]",253,both,12,3,m,1,1,1,1,0,0,0,0,0,0,0,0.850618243217,0.8506182432174683,0,-61,-61,-57,-57,1,1,0,0,0,0,0,0,0,1.13526844978,1.135268449783325,0,90,90,266,266,85
22.png,23.png,24.png,tray1.png,00.png,00.png,25.png,dots1.png,00.png,00.png,27.png,28.png,29.png,30.png,31.png,32.png,"[-235, 249]","[-85, 249]","[65, 249]","[215, 249]","[-235, 99]","[-85, 99]","[65, 99]","[215, 99]","[-235, -51]","[-85, -51]","[65, -51]","[215, -51]","[-235, -201]","[-85, -201]","[65, -201]","[215, -201]","[100, 100]","[100, 100]","[100, 100]","[100, 100]","[100, 100]","[100, 100]","[100, 100]","[100, 100]","[100, 100]","[100, 100]","[100, 100]","[100, 100]","[100, 100]","[100, 100]","[100, 100]","[100, 100]",ok.png,"[0, -375]","[150, 100]",254,both,12,3,m,1,1,1,1,0,0,0,0,0,0,0,0.963512659073,0.963512659072876,0,214,214,103,103,1,1,0,0,0,0,0,0,0,1.58864700794,1.5886470079422,0,1,1,-392,-392,38
02.png,04.png,06.png,08.png,tray1.png,29.png,dots1.png,31.png,32.png,33.png,34.png,01.png,00.png,00.png,00.png,00.png,"[-202, 229]","[-52, 229]","[98, 229]","[248, 229]","[-202, 79]","[-52, 79]","[98, 79]","[248, 79]","[-202, -71]","[-52, -71]","[98, -71]","[248, -71]","[-202, -221]","[-52, -221]","[98, -221]","[248, -221]","[100, 100]","[100, 100]","[100, 100]","[100, 100]","[100, 100]","[100, 100]","[100, 100]","[100, 100]","[100, 100]","[100, 100]","[100, 100]","[100, 100]","[100, 100]","[100, 100]","[100, 100]","[100, 100]",ok.png,"[0, -375]","[150, 100]",255,both,12,3,m,1,1,1,1,0,0,0,0,0,0,0,0.866146564484,0.8661465644836426,0,80,80,76,76,1,1,0,0,0,0,0,0,0,0.604457855225,0.6044578552246094,0,-183,-183,74,74,118
01.png,34.png,07.png,27.png,dots1.png,tray1.png,00.png,00.png,06.png,15.png,09.png,29.png,17.png,23.png,00.png,00.png,"[-248, 221]","[-98, 221]","[52, 221]","[202, 221]","[-248, 71]","[-98, 71]","[52, 71]","[202, 71]","[-248, -79]","[-98, -79]","[52, -79]","[202, -79]","[-248, -229]","[-98, -229]","[52, -229]","[202, -229]","[100, 100]","[100, 100]","[100, 100]","[100, 100]","[100, 100]","[100, 100]","[100, 100]","[100, 100]","[100, 100]","[100, 100]","[100, 100]","[100, 100]","[100, 100]","[100, 100]","[100, 100]","[100, 100]",ok.png,"[0, -375]","[150, 100]",256,both,12,3,m,1,1,1,1,0,0,0,0,0,0,0,1.10208320618,1.102083206176758,0,-258,-258,56,56,1,1,0,0,0,0,0,0,0,0.356532752514,0.3565327525138855,0,-108,-108,59,59,363
00.png,00.png,02.png,dots1.png,07.png,03.png,tray1.png,25.png,18.png,14.png,00.png,00.png,06.png,22.png,09.png,17.png,"[-209, 239]","[-59, 239]","[91, 239]","[241, 239]","[-209, 89]","[-59, 89]","[91, 89]","[241, 89]","[-209, -61]","[-59, -61]","[91, -61]","[241, -61]","[-209, -211]","[-59, -211]","[91, -211]","[241, -211]","[100, 100]","[100, 100]","[100, 100]","[100, 100]","[100, 100]","[100, 100]","[100, 100]","[100, 100]","[100, 100]","[100, 100]","[100, 100]","[100, 100]","[100, 100]","[100, 100]","[100, 100]","[100, 100]",ok.png,"[0, -375]","[150, 100]",257,both,12,3,m,1,1,1,1,0,0,0,0,0,0,0,1.08813965321,1.088139653205872,0,240,240,236,236,1,1,0,0,0,0,0,0,0,0.57228153944,0.572281539440155,0,117,117,93,93,61
00.png,05.png,dots1.png,07.png,20.png,15.png,27.png,tray1.png,30.png,17.png,25.png,31.png,00.png,00.png,33.png,00.png,"[-225, 214]","[-75, 214]","[75, 214]","[225, 214]","[-225, 64]","[-75, 64]","[75, 64]","[225, 64]","[-225, -86]","[-75, -86]","[75, -86]","[225, -86]","[-225, -236]","[-75, -236]","[75, -236]","[225, -236]","[100, 100]","[100, 100]","[100, 100]","[100, 100]","[100, 100]","[100, 100]","[100, 100]","[100, 100]","[100, 100]","[100, 100]","[100, 100]","[100, 100]","[100, 100]","[100, 100]","[100, 100]","[100, 100]",ok.png,"[0, -375]","[150, 100]",258,both,12,3,m,1,1,1,1,0,0,0,0,0,0,0,0.745465278625,0.7454652786254883,0,84,84,198,198,1,1,0,0,0,0,0,0,0,0.56058627367,0.5605862736701965,0,239,239,69,69,205
07.png,dots1.png,13.png,16.png,00.png,00.png,00.png,00.png,tray1.png,29.png,23.png,27.png,21.png,25.png,31.png,33.png,"[-248, 246]","[-98, 246]","[52, 246]","[202, 246]","[-248, 96]","[-98, 96]","[52, 96]","[202, 96]","[-248, -54]","[-98, -54]","[52, -54]","[202, -54]","[-248, -204]","[-98, -204]","[52, -204]","[202, -204]","[100, 100]","[100, 100]","[100, 100]","[100, 100]","[100, 100]","[100, 100]","[100, 100]","[100, 100]","[100, 100]","[100, 100]","[100, 100]","[100, 100]","[100, 100]","[100, 100]","[100, 100]","[100, 100]",ok.png,"[0, -375]","[150, 100]",259,both,12,3,m,1,1,1,1,0,0,0,0,0,0,0,1.24264788628,1.242647886276245,0,-115,-115,247,247,1,1,0,0,0,0,0,0,0,2.39953064919,2.399530649185181,0,-226,-226,-71,-71,7
dots1.png,07.png,05.png,03.png,14.png,16.png,18.png,20.png,22.png,tray1.png,24.png,26.png,00.png,00.png,00.png,00.png,"[-243, 230]","[-93, 230]","[57, 230]","[207, 230]","[-243, 80]","[-93, 80]","[57, 80]","[207, 80]","[-243, -70]","[-93, -70]","[57, -70]","[207, -70]","[-243, -220]","[-93, -220]","[57, -220]","[207, -220]","[100, 100]","[100, 100]","[100, 100]","[100, 100]","[100, 100]","[100, 100]","[100, 100]","[100, 100]","[100, 100]","[100, 100]","[100, 100]","[100, 100]","[100, 100]","[100, 100]","[100, 100]","[100, 100]",ok.png,"[0, -375]","[150, 100]",260,both,12,3,m,1,1,1,1,0,0,0,0,0,0,0,1.1955704689,1.195570468902588,0,-88,-88,-69,-69,1,1,0,0,0,0,0,0,0,1.49508452415,1.495084524154663,0,-212,-212,227,227,325
00.png,00.png,dots1.png,31.png,13.png,10.png,34.png,32.png,16.png,19.png,tray1.png,21.png,24.png,27.png,00.png,00.png,"[-220, 247]","[-70, 247]","[80, 247]","[230, 247]","[-220, 97]","[-70, 97]","[80, 97]","[230, 97]","[-220, -53]","[-70, -53]","[80, -53]","[230, -53]","[-220, -203]","[-70, -203]","[80, -203]","[230, -203]","[100, 100]","[100, 100]","[100, 100]","[100, 100]","[100, 100]","[100, 100]","[100, 100]","[100, 100]","[100, 100]","[100, 100]","[100, 100]","[100, 100]","[100, 100]","[100, 100]","[100, 100]","[100, 100]",ok.png,"[0, -375]","[150, 100]",261,both,12,3,m,1,1,1,1,0,0,0,0,0,0,0,0.835756421089,0.8357564210891724,0,88,88,228,228,1,1,0,0,0,0,0,0,0,0.94725805521,0.9472580552101136,0,63,63,-72,-72,282
10.png,15.png,20.png,dots1.png,00.png,00.png,04.png,17.png,21.png,16.png,11.png,tray1.png,00.png,00.png,27.png,34.png,"[-218, 235]","[-68, 235]","[82, 235]","[232, 235]","[-218, 85]","[-68, 85]","[82, 85]","[232, 85]","[-218, -65]","[-68, -65]","[82, -65]","[232, -65]","[-218, -215]","[-68, -215]","[82, -215]","[232, -215]","[100, 100]","[100, 100]","[100, 100]","[100, 100]","[100, 100]","[100, 100]","[100, 100]","[100, 100]","[100, 100]","[100, 100]","[100, 100]","[100, 100]","[100, 100]","[100, 100]","[100, 100]","[100, 100]",ok.png,"[0, -375]","[150, 100]",262,both,12,3,m,1,1,1,1,0,0,0,0,0,0,0,0.708646774292,0.7086467742919922,0,245,245,233,233,1,1,0,0,0,0,0,0,0,1.23229241371,1.232292413711548,0,215,215,-68,-68,190
00.png,00.png,20.png,24.png,dots1.png,32.png,00.png,00.png,03.png,01.png,07.png,08.png,tray1.png,05.png,02.png,04.png,"[-232, 202]","[-82, 202]","[68, 202]","[218, 202]","[-232, 52]","[-82, 52]","[68, 52]","[218, 52]","[-232, -98]","[-82, -98]","[68, -98]","[218, -98]","[-232, -248]","[-82, -248]","[68, -248]","[218, -248]","[100, 100]","[100, 100]","[100, 100]","[100, 100]","[100, 100]","[100, 100]","[100, 100]","[100, 100]","[100, 100]","[100, 100]","[100, 100]","[100, 100]","[100, 100]","[100, 100]","[100, 100]","[100, 100]",ok.png,"[0, -375]","[150, 100]",263,both,12,3,m,1,1,1,1,0,0,0,0,0,0,0,2.06962323189,2.069623231887817,0,-218,-218,-235,-235,1,1,0,0,0,0,0,0,0,0.74669277668,0.7466927766799927,0,35,35,-371,-371,180
29.png,00.png,06.png,16.png,00.png,dots1.png,33.png,08.png,13.png,28.png,00.png,00.png,23.png,tray1.png,12.png,01.png,"[-209, 218]","[-59, 218]","[91, 218]","[241, 218]","[-209, 68]","[-59, 68]","[91, 68]","[241, 68]","[-209, -82]","[-59, -82]","[91, -82]","[241, -82]","[-209, -232]","[-59, -232]","[91, -232]","[241, -232]","[100, 100]","[100, 100]","[100, 100]","[100, 100]","[100, 100]","[100, 100]","[100, 100]","[100, 100]","[100, 100]","[100, 100]","[100, 100]","[100, 100]","[100, 100]","[100, 100]","[100, 100]","[100, 100]",ok.png,"[0, -375]","[150, 100]",264,both,12,3,m,1,1,1,1,0,0,0,0,0,0,0,0.712916374207,0.712916374206543,0,-32,-32,66,66,1,1,0,0,0,0,0,0,0,0.556849360466,0.5568493604660034,0,-47,-47,-216,-216,443
00.png,00.png,00.png,16.png,14.png,06.png,dots1.png,33.png,27.png,23.png,17.png,13.png,07.png,03.png,tray1.png,00.png,"[-209, 217]","[-59, 217]","[91, 217]","[241, 217]","[-209, 67]","[-59, 67]","[91, 67]","[241, 67]","[-209, -83]","[-59, -83]","[91, -83]","[241, -83]","[-209, -233]","[-59, -233]","[91, -233]","[241, -233]","[100, 100]","[100, 100]","[100, 100]","[100, 100]","[100, 100]","[100, 100]","[100, 100]","[100, 100]","[100, 100]","[100, 100]","[100, 100]","[100, 100]","[100, 100]","[100, 100]","[100, 100]","[100, 100]",ok.png,"[0, -375]","[150, 100]",265,both,12,3,m,1,1,1,1,0,0,0,0,0,0,0,0.839198768139,0.8391987681388855,0,94,94,51,51,1,1,0,0,0,0,0,0,0,0.744213461876,0.7442134618759155,0,79,79,-219,-219,87
04.png,20.png,30.png,02.png,00.png,00.png,03.png,dots1.png,24.png,23.png,00.png,00.png,14.png,07.png,17.png,tray1.png,"[-208, 219]","[-58, 219]","[92, 219]","[242, 219]","[-208, 69]","[-58, 69]","[92, 69]","[242, 69]","[-208, -81]","[-58, -81]","[92, -81]","[242, -81]","[-208, -231]","[-58, -231]","[92, -231]","[242, -231]","[100, 100]","[100, 100]","[100, 100]","[100, 100]","[100, 100]","[100, 100]","[100, 100]","[100, 100]","[100, 100]","[100, 100]","[100, 100]","[100, 100]","[100, 100]","[100, 100]","[100, 100]","[100, 100]",ok.png,"[0, -375]","[150, 100]",266,both,12,3,m,1,1,1,1,0,0,0,0,0,0,0,0.822428643703,0.8224286437034607,0,249,249,69,69,1,1,0,0,0,0,0,0,0,0.589396893978,0.5893968939781189,0,238,238,-241,-241,346
03.png,19.png,29.png,00.png,00.png,02.png,32.png,11.png,dots1.png,22.png,16.png,00.png,00.png,04.png,tray1.png,18.png,"[-226, 235]","[-76, 235]","[74, 235]","[224, 235]","[-226, 85]","[-76, 85]","[74, 85]","[224, 85]","[-226, -65]","[-76, -65]","[74, -65]","[224, -65]","[-226, -215]","[-76, -215]","[74, -215]","[224, -215]","[100, 100]","[100, 100]","[100, 100]","[100, 100]","[100, 100]","[100, 100]","[100, 100]","[100, 100]","[100, 100]","[100, 100]","[100, 100]","[100, 100]","[100, 100]","[100, 100]","[100, 100]","[100, 100]",ok.png,"[0, -375]","[150, 100]",267,both,12,3,m,1,1,1,1,0,0,0,0,0,0,0,0.976636946201,0.9766369462013244,0,-204,-204,-62,-62,1,1,0,0,0,0,0,0,0,0.638136744499,0.6381367444992065,0,62,62,-204,-204,156
16.png,13.png,11.png,05.png,21.png,00.png,00.png,00.png,00.png,dots1.png,28.png,25.png,03.png,tray1.png,08.png,15.png,"[-237, 224]","[-87, 224]","[63, 224]","[213, 224]","[-237, 74]","[-87, 74]","[63, 74]","[213, 74]","[-237, -76]","[-87, -76]","[63, -76]","[213, -76]","[-237, -226]","[-87, -226]","[63, -226]","[213, -226]","[100, 100]","[100, 100]","[100, 100]","[100, 100]","[100, 100]","[100, 100]","[100, 100]","[100, 100]","[100, 100]","[100, 100]","[100, 100]","[100, 100]","[100, 100]","[100, 100]","[100, 100]","[100, 100]",ok.png,"[0, -375]","[150, 100]",268,both,12,3,m,1,1,1,1,0,0,0,0,0,0,0,1.68189132214,1.681891322135925,0,-89,-89,-107,-107,1,1,0,0,0,0,0,0,0,0.448915302753,0.4489153027534485,0,-75,-75,-221,-221,309
06.png,21.png,15.png,17.png,00.png,00.png,16.png,28.png,29.png,09.png,00.png,dots1.png,tray1.png,14.png,07.png,00.png,"[-213, 210]","[-63, 210]","[87, 210]","[237, 210]","[-213, 60]","[-63, 60]","[87, 60]","[237, 60]","[-213, -90]","[-63, -90]","[87, -90]","[237, -90]","[-213, -240]","[-63, -240]","[87, -240]","[237, -240]","[100, 100]","[100, 100]","[100, 100]","[100, 100]","[100, 100]","[100, 100]","[100, 100]","[100, 100]","[100, 100]","[100, 100]","[100, 100]","[100, 100]","[100, 100]","[100, 100]","[100, 100]","[100, 100]",ok.png,"[0, -375]","[150, 100]",269,both,12,3,m,1,1,1,1,0,0,0,0,0,0,0,1.69408905506,1.69408905506134,0,241,241,-81,-81,1,1,0,0,0,0,0,0,0,0.701178014278,0.7011780142784119,0,-235,-235,-223,-223,239
00.png,11.png,01.png,28.png,12.png,00.png,00.png,34.png,15.png,30.png,08.png,tray1.png,31.png,21.png,dots1.png,00.png,"[-248, 217]","[-98, 217]","[52, 217]","[202, 217]","[-248, 67]","[-98, 67]","[52, 67]","[202, 67]","[-248, -83]","[-98, -83]","[52, -83]","[202, -83]","[-248, -233]","[-98, -233]","[52, -233]","[202, -233]","[100, 100]","[100, 100]","[100, 100]","[100, 100]","[100, 100]","[100, 100]","[100, 100]","[100, 100]","[100, 100]","[100, 100]","[100, 100]","[100, 100]","[100, 100]","[100, 100]","[100, 100]","[100, 100]",ok.png,"[0, -375]","[150, 100]",270,both,12,3,m,1,1,1,1,0,0,0,0,0,0,0,0.977331399918,0.9773313999176024,0,22,22,-241,-241,1,1,0,0,0,0,0,0,0,0.374110341072,0.3741103410720825,0,180,180,-86,-86,259
00.png,00.png,12.png,dots1.png,32.png,31.png,24.png,27.png,07.png,09.png,tray1.png,10.png,13.png,16.png,00.png,00.png,"[-230, 240]","[-80, 240]","[70, 240]","[220, 240]","[-230, 90]","[-80, 90]","[70, 90]","[220, 90]","[-230, -60]","[-80, -60]","[70, -60]","[220, -60]","[-230, -210]","[-80, -210]","[70, -210]","[220, -210]","[100, 100]","[100, 100]","[100, 100]","[100, 100]","[100, 100]","[100, 100]","[100, 100]","[100, 100]","[100, 100]","[100, 100]","[100, 100]","[100, 100]","[100, 100]","[100, 100]","[100, 100]","[100, 100]",ok.png,"[0, -375]","[150, 100]",271,both,12,3,m,1,1,1,1,0,0,0,0,0,0,0,0.879852712154,0.8798527121543884,0,207,207,219,219,1,1,0,0,0,0,0,0,0,0.714399814606,0.7143998146057129,0,65,65,-62,-62,444
00.png,00.png,25.png,12.png,dots1.png,19.png,05.png,00.png,01.png,tray1.png,07.png,10.png,34.png,20.png,00.png,30.png,"[-218, 229]","[-68, 229]","[82, 229]","[232, 229]","[-218, 79]","[-68, 79]","[82, 79]","[232, 79]","[-218, -71]","[-68, -71]","[82, -71]","[232, -71]","[-218, -221]","[-68, -221]","[82, -221]","[232, -221]","[100, 100]","[100, 100]","[100, 100]","[100, 100]","[100, 100]","[100, 100]","[100, 100]","[100, 100]","[100, 100]","[100, 100]","[100, 100]","[100, 100]","[100, 100]","[100, 100]","[100, 100]","[100, 100]",ok.png,"[0, -375]","[150, 100]",272,both,12,3,m,1,1,1,1,0,0,0,0,0,0,0,1.18302023411,1.183020234107971,0,-208,-208,83,83,1,1,0,0,0,0,0,0,0,0.463540405035,0.4635404050350189,0,-78,-78,-76,-76,270
11.png,13.png,17.png,18.png,00.png,dots1.png,00.png,09.png,tray1.png,02.png,04.png,30.png,26.png,24.png,00.png,00.png,"[-223, 236]","[-73, 236]","[77, 236]","[227, 236]","[-223, 86]","[-73, 86]","[77, 86]","[227, 86]","[-223, -64]","[-73, -64]","[77, -64]","[227, -64]","[-223, -214]","[-73, -214]","[77, -214]","[227, -214]","[100, 100]","[100, 100]","[100, 100]","[100, 100]","[100, 100]","[100, 100]","[100, 100]","[100, 100]","[100, 100]","[100, 100]","[100, 100]","[100, 100]","[100, 100]","[100, 100]","[100, 100]","[100, 100]",ok.png,"[0, -375]","[150, 100]",273,both,12,3,m,1,1,1,1,0,0,0,0,0,0,0,0.852221786976,0.8522217869758606,0,-69,-69,79,79,1,1,0,0,0,0,0,0,0,0.421108812094,0.4211088120937347,0,-200,-200,-76,-76,281
00.png,14.png,10.png,20.png,11.png,07.png,00.png,tray1.png,18.png,31.png,00.png,30.png,09.png,00.png,03.png,dots1.png,"[-213, 208]","[-63, 208]","[87, 208]","[237, 208]","[-213, 58]","[-63, 58]","[87, 58]","[237, 58]","[-213, -92]","[-63, -92]","[87, -92]","[237, -92]","[-213, -242]","[-63, -242]","[87, -242]","[237, -242]","[100, 100]","[100, 100]","[100, 100]","[100, 100]","[100, 100]","[100, 100]","[100, 100]","[100, 100]","[100, 100]","[100, 100]","[100, 100]","[100, 100]","[100, 100]","[100, 100]","[100, 100]","[100, 100]",ok.png,"[0, -375]","[150, 100]",274,both,12,3,m,1,1,1,1,0,0,0,0,0,0,0,1.16619944572,1.166199445724487,0,233,233,45,45,1,1,0,0,0,0,0,0,0,0.497533679008,0.4975336790084839,0,211,211,-214,-214,121
31.png,03.png,13.png,00.png,23.png,21.png,tray1.png,00.png,33.png,00.png,14.png,00.png,19.png,32.png,dots1.png,26.png,"[-239, 222]","[-89, 222]","[61, 222]","[211, 222]","[-239, 72]","[-89, 72]","[61, 72]","[211, 72]","[-239, -78]","[-89, -78]","[61, -78]","[211, -78]","[-239, -228]","[-89, -228]","[61, -228]","[211, -228]","[100, 100]","[100, 100]","[100, 100]","[100, 100]","[100, 100]","[100, 100]","[100, 100]","[100, 100]","[100, 100]","[100, 100]","[100, 100]","[100, 100]","[100, 100]","[100, 100]","[100, 100]","[100, 100]",ok.png,"[0, -375]","[150, 100]",275,both,12,3,m,1,1,1,1,0,0,0,0,0,0,0,0.756577193737,0.75657719373703,0,61,61,88,88,1,1,0,0,0,0,0,0,0,0.823058784008,0.8230587840080261,0,55,55,-215,-215,132
00.png,00.png,00.png,00.png,dots2.png,10.png,09.png,08.png,07.png,06.png,05.png,04.png,03.png,02.png,01.png,tray2.png,"[-244, 234]","[-94, 234]","[56, 234]","[206, 234]","[-244, 84]","[-94, 84]","[56, 84]","[206, 84]","[-244, -66]","[-94, -66]","[56, -66]","[206, -66]","[-244, -216]","[-94, -216]","[56, -216]","[206, -216]","[100, 100]","[100, 100]","[100, 100]","[100, 100]","[100, 100]","[100, 100]","[100, 100]","[100, 100]","[100, 100]","[100, 100]","[100, 100]","[100, 100]","[100, 100]","[100, 100]","[100, 100]","[100, 100]",ok.png,"[0, -375]","[150, 100]",276,both,12,3,m,1,1,1,1,0,0,0,0,0,0,0,0.948937177658,0.948937177658081,0,-241,-241,57,57,1,1,0,0,0,0,0,0,0,0.761898458004,0.7618984580039978,0,230,230,-203,-203,203
00.png,00.png,31.png,32.png,33.png,dots2.png,14.png,00.png,13.png,12.png,11.png,10.png,00.png,09.png,tray2.png,08.png,"[-224, 246]","[-74, 246]","[76, 246]","[226, 246]","[-224, 96]","[-74, 96]","[76, 96]","[226, 96]","[-224, -54]","[-74, -54]","[76, -54]","[226, -54]","[-224, -204]","[-74, -204]","[76, -204]","[226, -204]","[100, 100]","[100, 100]","[100, 100]","[100, 100]","[100, 100]","[100, 100]","[100, 100]","[100, 100]","[100, 100]","[100, 100]","[100, 100]","[100, 100]","[100, 100]","[100, 100]","[100, 100]","[100, 100]",ok.png,"[0, -375]","[150, 100]",277,both,12,3,m,1,1,1,1,0,0,0,0,0,0,0,0.709896147251,0.7098961472511292,0,-65,-65,85,85,1,1,0,0,0,0,0,0,0,0.733450174332,0.733450174331665,0,44,44,-189,-189,150
00.png,00.png,25.png,24.png,23.png,22.png,dots2.png,20.png,19.png,18.png,17.png,16.png,15.png,tray2.png,00.png,00.png,"[-238, 239]","[-88, 239]","[62, 239]","[212, 239]","[-238, 89]","[-88, 89]","[62, 89]","[212, 89]","[-238, -61]","[-88, -61]","[62, -61]","[212, -61]","[-238, -211]","[-88, -211]","[62, -211]","[212, -211]","[100, 100]","[100, 100]","[100, 100]","[100, 100]","[100, 100]","[100, 100]","[100, 100]","[100, 100]","[100, 100]","[100, 100]","[100, 100]","[100, 100]","[100, 100]","[100, 100]","[100, 100]","[100, 100]",ok.png,"[0, -375]","[150, 100]",278,both,12,3,m,1,1,1,1,0,0,0,0,0,0,0,0.854596734047,0.854596734046936,0,65,65,78,78,1,1,0,0,0,0,0,0,0,1.19659674168,1.196596741676331,0,-51,-51,-185,-185,341
33.png,32.png,30.png,29.png,00.png,00.png,31.png,dots2.png,26.png,28.png,00.png,00.png,tray2.png,24.png,23.png,22.png,"[-218, 209]","[-68, 209]","[82, 209]","[232, 209]","[-218, 59]","[-68, 59]","[82, 59]","[232, 59]","[-218, -91]","[-68, -91]","[82, -91]","[232, -91]","[-218, -241]","[-68, -241]","[82, -241]","[232, -241]","[100, 100]","[100, 100]","[100, 100]","[100, 100]","[100, 100]","[100, 100]","[100, 100]","[100, 100]","[100, 100]","[100, 100]","[100, 100]","[100, 100]","[100, 100]","[100, 100]","[100, 100]","[100, 100]",ok.png,"[0, -375]","[150, 100]",279,both,12,3,m,1,1,1,1,0,0,0,0,0,0,0,1.01069414616,1.010694146156311,0,217,217,48,48,1,1,0,0,0,0,0,0,0,1.04220747948,1.042207479476929,0,-192,-192,-214,-214,174
00.png,00.png,00.png,00.png,01.png,34.png,33.png,32.png,dots2.png,30.png,29.png,tray2.png,08.png,06.png,04.png,02.png,"[-234, 224]","[-84, 224]","[66, 224]","[216, 224]","[-234, 74]","[-84, 74]","[66, 74]","[216, 74]","[-234, -76]","[-84, -76]","[66, -76]","[216, -76]","[-234, -226]","[-84, -226]","[66, -226]","[216, -226]","[100, 100]","[100, 100]","[100, 100]","[100, 100]","[100, 100]","[100, 100]","[100, 100]","[100, 100]","[100, 100]","[100, 100]","[100, 100]","[100, 100]","[100, 100]","[100, 100]","[100, 100]","[100, 100]",ok.png,"[0, -375]","[150, 100]",280,both,12,3,m,1,1,1,1,0,0,0,0,0,0,0,1.13679087162,1.136790871620178,0,-225,-225,-73,-73,1,1,0,0,0,0,0,0,0,0.652985572815,0.6529855728149414,0,190,190,-69,-69,146
00.png,00.png,23.png,17.png,29.png,09.png,15.png,06.png,00.png,00.png,tray2.png,04.png,27.png,dots2.png,34.png,01.png,"[-211, 205]","[-61, 205]","[89, 205]","[239, 205]","[-211, 55]","[-61, 55]","[89, 55]","[239, 55]","[-211, -95]","[-61, -95]","[89, -95]","[239, -95]","[-211, -245]","[-61, -245]","[89, -245]","[239, -245]","[100, 100]","[100, 100]","[100, 100]","[100, 100]","[100, 100]","[100, 100]","[100, 100]","[100, 100]","[100, 100]","[100, 100]","[100, 100]","[100, 100]","[100, 100]","[100, 100]","[100, 100]","[100, 100]",ok.png,"[0, -375]","[150, 100]",281,both,12,3,m,1,1,1,1,0,0,0,0,0,0,0,1.72269785404,1.722697854042053,0,110,110,-100,-100,1,1,0,0,0,0,0,0,0,0.793090164661,0.7930901646614075,0,-30,-30,-207,-207,127
17.png,09.png,22.png,06.png,00.png,00.png,14.png,18.png,25.png,tray2.png,03.png,07.png,dots2.png,02.png,00.png,00.png,"[-232, 239]","[-82, 239]","[68, 239]","[218, 239]","[-232, 89]","[-82, 89]","[68, 89]","[218, 89]","[-232, -61]","[-82, -61]","[68, -61]","[218, -61]","[-232, -211]","[-82, -211]","[68, -211]","[218, -211]","[100, 100]","[100, 100]","[100, 100]","[100, 100]","[100, 100]","[100, 100]","[100, 100]","[100, 100]","[100, 100]","[100, 100]","[100, 100]","[100, 100]","[100, 100]","[100, 100]","[100, 100]","[100, 100]",ok.png,"[0, -375]","[150, 100]",282,both,12,3,m,1,1,1,1,0,0,0,0,0,0,0,0.839662373066,0.8396623730659485,0,-102,-102,-59,-59,1,1,0,0,0,0,0,0,0,0.653039634228,0.6530396342277527,0,-219,-219,-198,-198,179
00.png,dots2.png,00.png,00.png,31.png,25.png,17.png,30.png,tray2.png,27.png,15.png,20.png,07.png,33.png,05.png,00.png,"[-218, 216]","[-68, 216]","[82, 216]","[232, 216]","[-218, 66]","[-68, 66]","[82, 66]","[232, 66]","[-218, -84]","[-68, -84]","[82, -84]","[232, -84]","[-218, -234]","[-68, -234]","[82, -234]","[232, -234]","[100, 100]","[100, 100]","[100, 100]","[100, 100]","[100, 100]","[100, 100]","[100, 100]","[100, 100]","[100, 100]","[100, 100]","[100, 100]","[100, 100]","[100, 100]","[100, 100]","[100, 100]","[100, 100]",ok.png,"[0, -375]","[150, 100]",283,both,12,3,m,1,1,1,1,0,0,0,0,0,0,0,1.07202899456,1.072028994560242,0,-76,-76,202,202,1,1,0,0,0,0,0,0,0,0.449683666229,0.449683666229248,0,-202,-202,-77,-77,227
33.png,31.png,dots2.png,21.png,27.png,23.png,29.png,tray2.png,00.png,00.png,00.png,00.png,16.png,13.png,10.png,07.png,"[-236, 231]","[-86, 231]","[64, 231]","[214, 231]","[-236, 81]","[-86, 81]","[64, 81]","[214, 81]","[-236, -69]","[-86, -69]","[64, -69]","[214, -69]","[-236, -219]","[-86, -219]","[64, -219]","[214, -219]","[100, 100]","[100, 100]","[100, 100]","[100, 100]","[100, 100]","[100, 100]","[100, 100]","[100, 100]","[100, 100]","[100, 100]","[100, 100]","[100, 100]","[100, 100]","[100, 100]","[100, 100]","[100, 100]",ok.png,"[0, -375]","[150, 100]",284,both,12,3,m,1,1,1,1,0,0,0,0,0,0,0,0.97815489769,0.9781548976898192,0,67,67,221,221,1,1,0,0,0,0,0,0,0,0.669003069401,0.6690030694007874,0,196,196,82,82,429
00.png,00.png,00.png,00.png,26.png,24.png,tray2.png,22.png,20.png,18.png,16.png,14.png,03.png,dots2.png,07.png,09.png,"[-203, 220]","[-53, 220]","[97, 220]","[247, 220]","[-203, 70]","[-53, 70]","[97, 70]","[247, 70]","[-203, -80]","[-53, -80]","[97, -80]","[247, -80]","[-203, -230]","[-53, -230]","[97, -230]","[247, -230]","[100, 100]","[100, 100]","[100, 100]","[100, 100]","[100, 100]","[100, 100]","[100, 100]","[100, 100]","[100, 100]","[100, 100]","[100, 100]","[100, 100]","[100, 100]","[100, 100]","[100, 100]","[100, 100]",ok.png,"[0, -375]","[150, 100]",285,both,12,3,m,1,1,1,1,0,0,0,0,0,0,0,1.85106098652,1.85106098651886,0,-49,-49,-251,-251,1,1,0,0,0,0,0,0,0,0.588551521301,0.5885515213012695,0,33,33,-384,-384,98
00.png,00.png,27.png,24.png,21.png,tray2.png,19.png,16.png,32.png,34.png,10.png,dots2.png,31.png,33.png,00.png,00.png,"[-200, 246]","[-50, 246]","[100, 246]","[250, 246]","[-200, 96]","[-50, 96]","[100, 96]","[250, 96]","[-200, -54]","[-50, -54]","[100, -54]","[250, -54]","[-200, -204]","[-50, -204]","[100, -204]","[250, -204]","[100, 100]","[100, 100]","[100, 100]","[100, 100]","[100, 100]","[100, 100]","[100, 100]","[100, 100]","[100, 100]","[100, 100]","[100, 100]","[100, 100]","[100, 100]","[100, 100]","[100, 100]","[100, 100]",ok.png,"[0, -375]","[150, 100]",286,both,12,3,m,1,1,1,1,0,0,0,0,0,0,0,1.16399347782,1.16399347782135,0,-36,-36,104,104,1,1,0,0,0,0,0,0,0,0.46570700407,0.465707004070282,0,254,254,-41,-41,426
34.png,27.png,00.png,00.png,tray2.png,11.png,16.png,21.png,17.png,04.png,00.png,00.png,dots2.png,20.png,15.png,10.png,"[-210, 223]","[-60, 223]","[90, 223]","[240, 223]","[-210, 73]","[-60, 73]","[90, 73]","[240, 73]","[-210, -77]","[-60, -77]","[90, -77]","[240, -77]","[-210, -227]","[-60, -227]","[90, -227]","[240, -227]","[100, 100]","[100, 100]","[100, 100]","[100, 100]","[100, 100]","[100, 100]","[100, 100]","[100, 100]","[100, 100]","[100, 100]","[100, 100]","[100, 100]","[100, 100]","[100, 100]","[100, 100]","[100, 100]",ok.png,"[0, -375]","[150, 100]",287,both,12,3,m,1,1,1,1,0,0,0,0,0,0,0,0.900522708893,0.9005227088928223,0,-191,-191,50,50,1,1,0,0,0,0,0,0,0,0.916977405548,0.9169774055480956,0,-178,-178,-213,-213,327
04.png,02.png,05.png,tray2.png,08.png,07.png,01.png,03.png,00.png,00.png,32.png,28.png,24.png,dots2.png,00.png,00.png,"[-207, 213]","[-57, 213]","[93, 213]","[243, 213]","[-207, 63]","[-57, 63]","[93, 63]","[243, 63]","[-207, -87]","[-57, -87]","[93, -87]","[243, -87]","[-207, -237]","[-57, -237]","[93, -237]","[243, -237]","[100, 100]","[100, 100]","[100, 100]","[100, 100]","[100, 100]","[100, 100]","[100, 100]","[100, 100]","[100, 100]","[100, 100]","[100, 100]","[100, 100]","[100, 100]","[100, 100]","[100, 100]","[100, 100]",ok.png,"[0, -375]","[150, 100]",288,both,12,3,m,1,1,1,1,0,0,0,0,0,0,0,0.868651211262,0.8686512112617493,0,227,227,198,198,1,1,0,0,0,0,0,0,0,0.852750658989,0.8527506589889526,0,-43,-43,-219,-219,254
01.png,12.png,tray2.png,23.png,00.png,00.png,28.png,13.png,08.png,dots2.png,03.png,00.png,16.png,06.png,00.png,29.png,"[-248, 217]","[-98, 217]","[52, 217]","[202, 217]","[-248, 67]","[-98, 67]","[52, 67]","[202, 67]","[-248, -83]","[-98, -83]","[52, -83]","[202, -83]","[-248, -233]","[-98, -233]","[52, -233]","[202, -233]","[100, 100]","[100, 100]","[100, 100]","[100, 100]","[100, 100]","[100, 100]","[100, 100]","[100, 100]","[100, 100]","[100, 100]","[100, 100]","[100, 100]","[100, 100]","[100, 100]","[100, 100]","[100, 100]",ok.png,"[0, -375]","[150, 100]",289,both,12,3,m,1,1,1,1,0,0,0,0,0,0,0,0.929509818554,0.9295098185539246,0,76,76,224,224,1,1,0,0,0,0,0,0,0,0.573698580265,0.5736985802650452,0,-76,-76,-52,-52,22
00.png,tray2.png,03.png,07.png,13.png,17.png,23.png,27.png,dots2.png,04.png,06.png,14.png,16.png,00.png,00.png,00.png,"[-238, 231]","[-88, 231]","[62, 231]","[212, 231]","[-238, 81]","[-88, 81]","[62, 81]","[212, 81]","[-238, -69]","[-88, -69]","[62, -69]","[212, -69]","[-238, -219]","[-88, -219]","[62, -219]","[212, -219]","[100, 100]","[100, 100]","[100, 100]","[100, 100]","[100, 100]","[100, 100]","[100, 100]","[100, 100]","[100, 100]","[100, 100]","[100, 100]","[100, 100]","[100, 100]","[100, 100]","[100, 100]","[100, 100]",ok.png,"[0, -375]","[150, 100]",290,both,12,3,m,1,1,1,1,0,0,0,0,0,0,0,0.88428658247,0.8842865824699402,0,-68,-68,235,235,1,1,0,0,0,0,0,0,0,0.541358351707,0.5413583517074585,0,-232,-232,-84,-84,244
tray2.png,17.png,07.png,14.png,00.png,00.png,23.png,dots2.png,04.png,03.png,00.png,00.png,02.png,30.png,20.png,04.png,"[-218, 215]","[-68, 215]","[82, 215]","[232, 215]","[-218, 65]","[-68, 65]","[82, 65]","[232, 65]","[-218, -85]","[-68, -85]","[82, -85]","[232, -85]","[-218, -235]","[-68, -235]","[82, -235]","[232, -235]","[100, 100]","[100, 100]","[100, 100]","[100, 100]","[100, 100]","[100, 100]","[100, 100]","[100, 100]","[100, 100]","[100, 100]","[100, 100]","[100, 100]","[100, 100]","[100, 100]","[100, 100]","[100, 100]",ok.png,"[0, -375]","[150, 100]",291,both,12,3,m,1,1,1,1,0,0,0,0,0,0,0,0.788127779961,0.7881277799606323,0,252,252,69,69,1,1,0,0,0,0,0,0,0,1.13474941254,1.134749412536621,0,-177,-177,205,205,206
18.png,tray2.png,04.png,00.png,00.png,16.png,dots2.png,12.png,11.png,32.png,02.png,00.png,00.png,29.png,19.png,03.png,"[-209, 208]","[-59, 208]","[91, 208]","[241, 208]","[-209, 58]","[-59, 58]","[91, 58]","[241, 58]","[-209, -92]","[-59, -92]","[91, -92]","[241, -92]","[-209, -242]","[-59, -242]","[91, -242]","[241, -242]","[100, 100]","[100, 100]","[100, 100]","[100, 100]","[100, 100]","[100, 100]","[100, 100]","[100, 100]","[100, 100]","[100, 100]","[100, 100]","[100, 100]","[100, 100]","[100, 100]","[100, 100]","[100, 100]",ok.png,"[0, -375]","[150, 100]",292,both,12,3,m,1,1,1,1,0,0,0,0,0,0,0,0.883960187435,0.8839601874351501,0,104,104,58,58,1,1,0,0,0,0,0,0,0,0.557003676891,0.5570036768913269,0,-31,-31,191,191,347
15.png,08.png,tray2.png,03.png,25.png,dots2.png,27.png,00.png,00.png,00.png,00.png,21.png,05.png,11.png,13.png,16.png,"[-232, 240]","[-82, 240]","[68, 240]","[218, 240]","[-232, 90]","[-82, 90]","[68, 90]","[218, 90]","[-232, -60]","[-82, -60]","[68, -60]","[218, -60]","[-232, -210]","[-82, -210]","[68, -210]","[218, -210]","[100, 100]","[100, 100]","[100, 100]","[100, 100]","[100, 100]","[100, 100]","[100, 100]","[100, 100]","[100, 100]","[100, 100]","[100, 100]","[100, 100]","[100, 100]","[100, 100]","[100, 100]","[100, 100]",ok.png,"[0, -375]","[150, 100]",293,both,12,3,m,1,1,1,1,0,0,0,0,0,0,0,1.62320780754,1.623207807540894,0,75,75,251,251,1,1,0,0,0,0,0,0,0,0.866436004639,0.8664360046386719,0,-65,-65,93,93,0
00.png,07.png,14.png,tray2.png,23.png,00.png,09.png,29.png,28.png,16.png,00.png,00.png,17.png,15.png,21.png,dots2.png,"[-243, 203]","[-93, 203]","[57, 203]","[207, 203]","[-243, 53]","[-93, 53]","[57, 53]","[207, 53]","[-243, -97]","[-93, -97]","[57, -97]","[207, -97]","[-243, -247]","[-93, -247]","[57, -247]","[207, -247]","[100, 100]","[100, 100]","[100, 100]","[100, 100]","[100, 100]","[100, 100]","[100, 100]","[100, 100]","[100, 100]","[100, 100]","[100, 100]","[100, 100]","[100, 100]","[100, 100]","[100, 100]","[100, 100]",ok.png,"[0, -375]","[150, 100]",294,both,12,3,m,1,1,1,1,0,0,0,0,0,0,0,0.744026303291,0.7440263032913208,0,187,187,200,200,1,1,0,0,0,0,0,0,0,1.16529214382,1.165292143821716,0,195,195,-245,-245,228
00.png,32.png,21.png,31.png,tray2.png,08.png,30.png,15.png,34.png,00.png,00.png,12.png,28.png,01.png,dots2.png,00.png,"[-247, 243]","[-97, 243]","[53, 243]","[203, 243]","[-247, 93]","[-97, 93]","[53, 93]","[203, 93]","[-247, -57]","[-97, -57]","[53, -57]","[203, -57]","[-247, -207]","[-97, -207]","[53, -207]","[203, -207]","[100, 100]","[100, 100]","[100, 100]","[100, 100]","[100, 100]","[100, 100]","[100, 100]","[100, 100]","[100, 100]","[100, 100]","[100, 100]","[100, 100]","[100, 100]","[100, 100]","[100, 100]","[100, 100]",ok.png,"[0, -375]","[150, 100]",295,both,12,3,m,1,1,1,1,0,0,0,0,0,0,0,1.00650084019,1.006500840187073,0,-228,-228,111,111,1,1,0,0,0,0,0,0,0,0.918206274509,0.91820627450943,0,31,31,-257,-257,311
00.png,00.png,16.png,13.png,10.png,tray2.png,09.png,07.png,27.png,24.png,31.png,32.png,04.png,dots2.png,00.png,00.png,"[-236, 249]","[-86, 249]","[64, 249]","[214, 249]","[-236, 99]","[-86, 99]","[64, 99]","[214, 99]","[-236, -51]","[-86, -51]","[64, -51]","[214, -51]","[-236, -201]","[-86, -201]","[64, -201]","[214, -201]","[100, 100]","[100, 100]","[100, 100]","[100, 100]","[100, 100]","[100, 100]","[100, 100]","[100, 100]","[100, 100]","[100, 100]","[100, 100]","[100, 100]","[100, 100]","[100, 100]","[100, 100]","[100, 100]",ok.png,"[0, -375]","[150, 100]",296,both,12,3,m,1,1,1,1,0,0,0,0,0,0,0,0.711383342743,0.7113833427429199,0,-73,-73,99,99,1,1,0,0,0,0,0,0,0,0.794106245041,0.7941062450408936,0,-68,-68,-189,-189,368
30.png,00.png,20.png,34.png,10.png,07.png,tray2.png,01.png,00.png,05.png,19.png,33.png,dots2.png,25.png,00.png,00.png,"[-221, 250]","[-71, 250]","[79, 250]","[229, 250]","[-221, 100]","[-71, 100]","[79, 100]","[229, 100]","[-221, -50]","[-71, -50]","[79, -50]","[229, -50]","[-221, -200]","[-71, -200]","[79, -200]","[229, -200]","[100, 100]","[100, 100]","[100, 100]","[100, 100]","[100, 100]","[100, 100]","[100, 100]","[100, 100]","[100, 100]","[100, 100]","[100, 100]","[100, 100]","[100, 100]","[100, 100]","[100, 100]","[100, 100]",ok.png,"[0, -375]","[150, 100]",297,both,12,3,m,1,1,1,1,0,0,0,0,0,0,0,0.835986673832,0.8359866738319397,0,79,79,114,114,1,1,0,0,0,0,0,0,0,0.685246765614,0.6852467656135559,0,-233,-233,-181,-181,384
00.png,00.png,24.png,26.png,30.png,04.png,02.png,tray2.png,09.png,00.png,dots2.png,00.png,18.png,17.png,13.png,11.png,"[-221, 249]","[-71, 249]","[79, 249]","[229, 249]","[-221, 99]","[-71, 99]","[79, 99]","[229, 99]","[-221, -51]","[-71, -51]","[79, -51]","[229, -51]","[-221, -201]","[-71, -201]","[79, -201]","[229, -201]","[100, 100]","[100, 100]","[100, 100]","[100, 100]","[100, 100]","[100, 100]","[100, 100]","[100, 100]","[100, 100]","[100, 100]","[100, 100]","[100, 100]","[100, 100]","[100, 100]","[100, 100]","[100, 100]",ok.png,"[0, -375]","[150, 100]",298,both,12,3,m,1,1,1,1,0,0,0,0,0,0,0,0.964747369289,0.9647473692893982,0,225,225,77,77,1,1,0,0,0,0,0,0,0,0.681605935097,0.6816059350967407,0,98,98,-62,-62,39
19.png,dots2.png,00.png,09.png,30.png,00.png,31.png,18.png,tray2.png,00.png,07.png,11.png,20.png,10.png,14.png,00.png,"[-218, 250]","[-68, 250]","[82, 250]","[232, 250]","[-218, 100]","[-68, 100]","[82, 100]","[232, 100]","[-218, -50]","[-68, -50]","[82, -50]","[232, -50]","[-218, -200]","[-68, -200]","[82, -200]","[232, -200]","[100, 100]","[100, 100]","[100, 100]","[100, 100]","[100, 100]","[100, 100]","[100, 100]","[100, 100]","[100, 100]","[100, 100]","[100, 100]","[100, 100]","[100, 100]","[100, 100]","[100, 100]","[100, 100]",ok.png,"[0, -375]","[150, 100]",299,both,12,3,m,1,1,1,1,0,0,0,0,0,0,0,0.836986660957,0.8369866609573364,0,-66,-66,247,247,1,1,0,0,0,0,0,0,0,0.575646221638,0.5756462216377258,0,-206,-206,-30,-30,398
26.png,29.png,32.png,dots2.png,00.png,14.png,00.png,33.png,00.png,tray2.png,21.png,23.png,00.png,13.png,03.png,31.png,"[-204, 246]","[-54, 246]","[96, 246]","[246, 246]","[-204, 96]","[-54, 96]","[96, 96]","[246, 96]","[-204, -54]","[-54, -54]","[96, -54]","[246, -54]","[-204, -204]","[-54, -204]","[96, -204]","[246, -204]","[100, 100]","[100, 100]","[100, 100]","[100, 100]","[100, 100]","[100, 100]","[100, 100]","[100, 100]","[100, 100]","[100, 100]","[100, 100]","[100, 100]","[100, 100]","[100, 100]","[100, 100]","[100, 100]",ok.png,"[0, -375]","[150, 100]",300,both,12,3,m,1,1,1,1,0,0,0,0,0,0,0,0.897351264954,0.8973512649536133,0,-50,-50,-51,-51,1,1,0,0,0,0,0,0,0,0.968119263649,0.9681192636489868,0,244,244,252,252,195
tray1.png,01.png,02.png,03.png,04.png,05.png,06.png,07.png,08.png,09.png,10.png,11.png,12.png,13.png,14.png,15.png,"[-217, 211]","[-67, 211]","[83, 211]","[233, 211]","[-217, 61]","[-67, 61]","[83, 61]","[233, 61]","[-217, -89]","[-67, -89]","[83, -89]","[233, -89]","[-217, -239]","[-67, -239]","[83, -239]","[233, -239]","[100, 100]","[100, 100]","[100, 100]","[100, 100]","[100, 100]","[100, 100]","[100, 100]","[100, 100]","[100, 100]","[100, 100]","[100, 100]","[100, 100]","[100, 100]","[100, 100]","[100, 100]","[100, 100]",ok.png,"[0, -375]","[150, 100]",301,tray,16,1,m,1,1,1,1,0,0,0,0,0,0,0,0.928515255451,0.9285152554512024,0,-215,-215,227,227,1,1,0,0,0,0,0,0,0,1.62051296234,1.620512962341309,0,-11,-11,-384,-384,74
08.png,tray1.png,09.png,01.png,10.png,11.png,12.png,13.png,15.png,14.png,34.png,33.png,32.png,31.png,22.png,23.png,"[-231, 217]","[-81, 217]","[69, 217]","[219, 217]","[-231, 67]","[-81, 67]","[69, 67]","[219, 67]","[-231, -83]","[-81, -83]","[69, -83]","[219, -83]","[-231, -233]","[-81, -233]","[69, -233]","[219, -233]","[100, 100]","[100, 100]","[100, 100]","[100, 100]","[100, 100]","[100, 100]","[100, 100]","[100, 100]","[100, 100]","[100, 100]","[100, 100]","[100, 100]","[100, 100]","[100, 100]","[100, 100]","[100, 100]",ok.png,"[0, -375]","[150, 100]",302,tray,16,1,m,1,1,1,1,0,0,0,0,0,0,0,1.00772702694,1.007727026939392,0,-75,-75,256,256,1,1,0,0,0,0,0,0,0,1.58829283714,1.588292837142944,0,11,11,-379,-379,110
05.png,06.png,tray1.png,15.png,16.png,17.png,18.png,19.png,20.png,21.png,22.png,23.png,24.png,25.png,30.png,27.png,"[-222, 212]","[-72, 212]","[78, 212]","[228, 212]","[-222, 62]","[-72, 62]","[78, 62]","[228, 62]","[-222, -88]","[-72, -88]","[78, -88]","[228, -88]","[-222, -238]","[-72, -238]","[78, -238]","[228, -238]","[100, 100]","[100, 100]","[100, 100]","[100, 100]","[100, 100]","[100, 100]","[100, 100]","[100, 100]","[100, 100]","[100, 100]","[100, 100]","[100, 100]","[100, 100]","[100, 100]","[100, 100]","[100, 100]",ok.png,"[0, -375]","[150, 100]",303,tray,16,1,m,1,1,1,1,0,0,0,0,0,0,0,2.59601807594,2.596018075942993,0,99,99,210,210,1,1,0,0,0,0,0,0,0,0.842776298523,0.8427762985229492,0,-9,-9,-346,-346,130
22.png,23.png,24.png,tray1.png,03.png,12.png,25.png,26.png,02.png,08.png,27.png,28.png,29.png,30.png,31.png,32.png,"[-239, 215]","[-89, 215]","[61, 215]","[211, 215]","[-239, 65]","[-89, 65]","[61, 65]","[211, 65]","[-239, -85]","[-89, -85]","[61, -85]","[211, -85]","[-239, -235]","[-89, -235]","[61, -235]","[211, -235]","[100, 100]","[100, 100]","[100, 100]","[100, 100]","[100, 100]","[100, 100]","[100, 100]","[100, 100]","[100, 100]","[100, 100]","[100, 100]","[100, 100]","[100, 100]","[100, 100]","[100, 100]","[100, 100]",ok.png,"[0, -375]","[150, 100]",304,tray,16,1,m,1,1,1,1,0,0,0,0,0,0,0,2.11865019798,2.118650197982788,0,210,210,233,233,1,1,0,0,0,0,0,0,0,1.83735620975,1.837356209754944,0,24,24,-397,-397,104
02.png,04.png,06.png,08.png,tray1.png,29.png,30.png,31.png,32.png,33.png,34.png,01.png,22.png,24.png,26.png,28.png,"[-215, 201]","[-65, 201]","[85, 201]","[235, 201]","[-215, 51]","[-65, 51]","[85, 51]","[235, 51]","[-215, -99]","[-65, -99]","[85, -99]","[235, -99]","[-215, -249]","[-65, -249]","[85, -249]","[235, -249]","[100, 100]","[100, 100]","[100, 100]","[100, 100]","[100, 100]","[100, 100]","[100, 100]","[100, 100]","[100, 100]","[100, 100]","[100, 100]","[100, 100]","[100, 100]","[100, 100]","[100, 100]","[100, 100]",ok.png,"[0, -375]","[150, 100]",305,tray,16,1,m,1,1,1,1,0,0,0,0,0,0,0,0.897072076797,0.8970720767974854,0,-223,-223,47,47,1,1,0,0,0,0,0,0,0,1.71486580372,1.714865803718567,0,35,35,-396,-396,382
01.png,34.png,07.png,27.png,04.png,tray1.png,11.png,26.png,06.png,15.png,09.png,29.png,17.png,23.png,30.png,32.png,"[-228, 216]","[-78, 216]","[72, 216]","[222, 216]","[-228, 66]","[-78, 66]","[72, 66]","[222, 66]","[-228, -84]","[-78, -84]","[72, -84]","[222, -84]","[-228, -234]","[-78, -234]","[72, -234]","[222, -234]","[100, 100]","[100, 100]","[100, 100]","[100, 100]","[100, 100]","[100, 100]","[100, 100]","[100, 100]","[100, 100]","[100, 100]","[100, 100]","[100, 100]","[100, 100]","[100, 100]","[100, 100]","[100, 100]",ok.png,"[0, -375]","[150, 100]",306,tray,16,1,m,1,1,1,1,0,0,0,0,0,0,0,0.882423043251,0.8824230432510376,0,-64,-64,48,48,1,1,0,0,0,0,0,0,0,1.21538853645,1.215388536453247,0,-2,-2,-381,-381,155
12.png,24.png,02.png,05.png,07.png,03.png,tray1.png,25.png,18.png,14.png,13.png,27.png,06.png,22.png,09.png,17.png,"[-218, 241]","[-68, 241]","[82, 241]","[232, 241]","[-218, 91]","[-68, 91]","[82, 91]","[232, 91]","[-218, -59]","[-68, -59]","[82, -59]","[232, -59]","[-218, -209]","[-68, -209]","[82, -209]","[232, -209]","[100, 100]","[100, 100]","[100, 100]","[100, 100]","[100, 100]","[100, 100]","[100, 100]","[100, 100]","[100, 100]","[100, 100]","[100, 100]","[100, 100]","[100, 100]","[100, 100]","[100, 100]","[100, 100]",ok.png,"[0, -375]","[150, 100]",307,tray,16,1,m,1,1,1,1,0,0,0,0,0,0,0,0.714554429054,0.7145544290542603,0,88,88,96,96,1,1,0,0,0,0,0,0,0,1.63478028774,1.634780287742615,0,22,22,-373,-373,386
13.png,05.png,33.png,07.png,20.png,15.png,27.png,tray1.png,30.png,17.png,25.png,31.png,09.png,01.png,33.png,22.png,"[-223, 205]","[-73, 205]","[77, 205]","[227, 205]","[-223, 55]","[-73, 55]","[77, 55]","[227, 55]","[-223, -95]","[-73, -95]","[77, -95]","[227, -95]","[-223, -245]","[-73, -245]","[77, -245]","[227, -245]","[100, 100]","[100, 100]","[100, 100]","[100, 100]","[100, 100]","[100, 100]","[100, 100]","[100, 100]","[100, 100]","[100, 100]","[100, 100]","[100, 100]","[100, 100]","[100, 100]","[100, 100]","[100, 100]",ok.png,"[0, -375]","[150, 100]",308,tray,16,1,m,1,1,1,1,0,0,0,0,0,0,0,1.45767855644,1.457678556442261,0,228,228,46,46,1,1,0,0,0,0,0,0,0,1.63776993752,1.637769937515259,0,39,39,-381,-381,100
07.png,10.png,13.png,16.png,02.png,08.png,04.png,06.png,tray1.png,29.png,23.png,27.png,21.png,25.png,31.png,33.png,"[-218, 240]","[-68, 240]","[82, 240]","[232, 240]","[-218, 90]","[-68, 90]","[82, 90]","[232, 90]","[-218, -60]","[-68, -60]","[82, -60]","[232, -60]","[-218, -210]","[-68, -210]","[82, -210]","[232, -210]","[100, 100]","[100, 100]","[100, 100]","[100, 100]","[100, 100]","[100, 100]","[100, 100]","[100, 100]","[100, 100]","[100, 100]","[100, 100]","[100, 100]","[100, 100]","[100, 100]","[100, 100]","[100, 100]",ok.png,"[0, -375]","[150, 100]",309,tray,16,1,m,1,1,1,1,0,0,0,0,0,0,0,1.80332732201,1.803327322006226,0,-199,-199,-55,-55,1,1,0,0,0,0,0,0,0,1.35256659985,1.352566599845886,0,-8,-8,-372,-372,353
09.png,07.png,05.png,03.png,14.png,16.png,18.png,20.png,22.png,tray1.png,24.png,26.png,21.png,27.png,32.png,30.png,"[-246, 232]","[-96, 232]","[54, 232]","[204, 232]","[-246, 82]","[-96, 82]","[54, 82]","[204, 82]","[-246, -68]","[-96, -68]","[54, -68]","[204, -68]","[-246, -218]","[-96, -218]","[54, -218]","[204, -218]","[100, 100]","[100, 100]","[100, 100]","[100, 100]","[100, 100]","[100, 100]","[100, 100]","[100, 100]","[100, 100]","[100, 100]","[100, 100]","[100, 100]","[100, 100]","[100, 100]","[100, 100]","[100, 100]",ok.png,"[0, -375]","[150, 100]",310,tray,16,1,m,1,1,1,1,0,0,0,0,0,0,0,1.55508923531,1.555089235305786,0,-115,-115,-77,-77,1,1,0,0,0,0,0,0,0,1.44795906544,1.447959065437317,0,6,6,-355,-355,107
05.png,14.png,33.png,31.png,13.png,10.png,34.png,32.png,16.png,19.png,tray1.png,21.png,24.png,27.png,18.png,01.png,"[-223, 232]","[-73, 232]","[77, 232]","[227, 232]","[-223, 82]","[-73, 82]","[77, 82]","[227, 82]","[-223, -68]","[-73, -68]","[77, -68]","[227, -68]","[-223, -218]","[-73, -218]","[77, -218]","[227, -218]","[100, 100]","[100, 100]","[100, 100]","[100, 100]","[100, 100]","[100, 100]","[100, 100]","[100, 100]","[100, 100]","[100, 100]","[100, 100]","[100, 100]","[100, 100]","[100, 100]","[100, 100]","[100, 100]",ok.png,"[0, -375]","[150, 100]",311,tray,16,1,m,1,1,1,1,0,0,0,0,0,0,0,1.0221310854,1.022131085395813,0,64,64,-62,-62,1,1,0,0,0,0,0,0,0,1.93477869034,1.934778690338135,0,7,7,-385,-385,76
10.png,15.png,20.png,25.png,09.png,24.png,04.png,17.png,21.png,16.png,11.png,tray1.png,18.png,08.png,27.png,34.png,"[-212, 205]","[-62, 205]","[88, 205]","[238, 205]","[-212, 55]","[-62, 55]","[88, 55]","[238, 55]","[-212, -95]","[-62, -95]","[88, -95]","[238, -95]","[-212, -245]","[-62, -245]","[88, -245]","[238, -245]","[100, 100]","[100, 100]","[100, 100]","[100, 100]","[100, 100]","[100, 100]","[100, 100]","[100, 100]","[100, 100]","[100, 100]","[100, 100]","[100, 100]","[100, 100]","[100, 100]","[100, 100]","[100, 100]",ok.png,"[0, -375]","[150, 100]",312,tray,16,1,m,1,1,1,1,0,0,0,0,0,0,0,1.72856748104,1.728567481040955,0,234,234,-87,-87,1,1,0,0,0,0,0,0,0,1.19679415226,1.196794152259827,0,17,17,-341,-341,178
16.png,10.png,20.png,24.png,28.png,32.png,29.png,26.png,03.png,01.png,07.png,08.png,tray1.png,05.png,02.png,04.png,"[-225, 240]","[-75, 240]","[75, 240]","[225, 240]","[-225, 90]","[-75, 90]","[75, 90]","[225, 90]","[-225, -60]","[-75, -60]","[75, -60]","[225, -60]","[-225, -210]","[-75, -210]","[75, -210]","[225, -210]","[100, 100]","[100, 100]","[100, 100]","[100, 100]","[100, 100]","[100, 100]","[100, 100]","[100, 100]","[100, 100]","[100, 100]","[100, 100]","[100, 100]","[100, 100]","[100, 100]","[100, 100]","[100, 100]",ok.png,"[0, -375]","[150, 100]",313,tray,16,1,m,1,1,1,1,0,0,0,0,0,0,0,1.86350643635,1.863506436347961,0,-227,-227,-205,-205,1,1,0,0,0,0,0,0,0,1.82421886921,1.82421886920929,0,-27,-27,-361,-361,296
29.png,17.png,06.png,16.png,15.png,03.png,33.png,08.png,13.png,28.png,02.png,10.png,23.png,tray1.png,12.png,01.png,"[-221, 213]","[-71, 213]","[79, 213]","[229, 213]","[-221, 63]","[-71, 63]","[79, 63]","[229, 63]","[-221, -87]","[-71, -87]","[79, -87]","[229, -87]","[-221, -237]","[-71, -237]","[79, -237]","[229, -237]","[100, 100]","[100, 100]","[100, 100]","[100, 100]","[100, 100]","[100, 100]","[100, 100]","[100, 100]","[100, 100]","[100, 100]","[100, 100]","[100, 100]","[100, 100]","[100, 100]","[100, 100]","[100, 100]",ok.png,"[0, -375]","[150, 100]",314,tray,16,1,m,1,1,1,1,0,0,0,0,0,0,0,1.22784805298,1.227848052978516,0,-61,-61,-242,-242,1,1,0,0,0,0,0,0,0,1.09174346924,1.091743469238281,0,68,68,-373,-373,307
32.png,30.png,08.png,16.png,14.png,06.png,04.png,33.png,27.png,23.png,17.png,13.png,07.png,03.png,tray1.png,24.png,"[-227, 225]","[-77, 225]","[73, 225]","[223, 225]","[-227, 75]","[-77, 75]","[73, 75]","[223, 75]","[-227, -75]","[-77, -75]","[73, -75]","[223, -75]","[-227, -225]","[-77, -225]","[73, -225]","[223, -225]","[100, 100]","[100, 100]","[100, 100]","[100, 100]","[100, 100]","[100, 100]","[100, 100]","[100, 100]","[100, 100]","[100, 100]","[100, 100]","[100, 100]","[100, 100]","[100, 100]","[100, 100]","[100, 100]",ok.png,"[0, -375]","[150, 100]",315,tray,16,1,m,1,1,1,1,0,0,0,0,0,0,0,1.43038833141,1.430388331413269,0,92,92,-241,-241,1,1,0,0,0,0,0,0,0,0.776984393597,0.7769843935966492,0,5,5,-431,-431,448
04.png,20.png,30.png,02.png,12.png,16.png,03.png,04.png,24.png,23.png,33.png,27.png,14.png,07.png,17.png,tray1.png,"[-230, 248]","[-80, 248]","[70, 248]","[220, 248]","[-230, 98]","[-80, 98]","[70, 98]","[220, 98]","[-230, -52]","[-80, -52]","[70, -52]","[220, -52]","[-230, -202]","[-80, -202]","[70, -202]","[220, -202]","[100, 100]","[100, 100]","[100, 100]","[100, 100]","[100, 100]","[100, 100]","[100, 100]","[100, 100]","[100, 100]","[100, 100]","[100, 100]","[100, 100]","[100, 100]","[100, 100]","[100, 100]","[100, 100]",ok.png,"[0, -375]","[150, 100]",316,tray,16,1,m,1,1,1,1,0,0,0,0,0,0,0,3.30219292641,3.30219292640686,0,231,231,-208,-208,1,1,0,0,0,0,0,0,0,0.700552642345,0.7005526423454285,0,26,26,-415,-415,124
03.png,19.png,29.png,09.png,25.png,02.png,32.png,11.png,12.png,22.png,16.png,31.png,13.png,04.png,tray1.png,18.png,"[-250, 245]","[-100, 245]","[50, 245]","[200, 245]","[-250, 95]","[-100, 95]","[50, 95]","[200, 95]","[-250, -55]","[-100, -55]","[50, -55]","[200, -55]","[-250, -205]","[-100, -205]","[50, -205]","[200, -205]","[100, 100]","[100, 100]","[100, 100]","[100, 100]","[100, 100]","[100, 100]","[100, 100]","[100, 100]","[100, 100]","[100, 100]","[100, 100]","[100, 100]","[100, 100]","[100, 100]","[100, 100]","[100, 100]",ok.png,"[0, -375]","[150, 100]",317,tray,16,1,m,1,1,1,1,0,0,0,0,0,0,0,2.00471377373,2.004713773727417,0,49,49,-202,-202,1,1,0,0,0,0,0,0,0,1.01064050198,1.010640501976013,0,-13,-13,-401,-401,77
16.png,13.png,11.png,05.png,21.png,30.png,07.png,23.png,01.png,27.png,28.png,25.png,03.png,tray1.png,08.png,15.png,"[-246, 214]","[-96, 214]","[54, 214]","[204, 214]","[-246, 64]","[-96, 64]","[54, 64]","[204, 64]","[-246, -86]","[-96, -86]","[54, -86]","[204, -86]","[-246, -236]","[-96, -236]","[54, -236]","[204, -236]","[100, 100]","[100, 100]","[100, 100]","[100, 100]","[100, 100]","[100, 100]","[100, 100]","[100, 100]","[100, 100]","[100, 100]","[100, 100]","[100, 100]","[100, 100]","[100, 100]","[100, 100]","[100, 100]",ok.png,"[0, -375]","[150, 100]",318,tray,16,1,m,1,1,1,1,0,0,0,0,0,0,0,1.46326768398,1.463267683982849,0,-85,-85,-237,-237,1,1,0,0,0,0,0,0,0,1.33598291874,1.335982918739319,0,23,23,-406,-406,370
06.png,21.png,15.png,17.png,20.png,05.png,16.png,28.png,29.png,09.png,02.png,23.png,tray1.png,14.png,07.png,32.png,"[-206, 229]","[-56, 229]","[94, 229]","[244, 229]","[-206, 79]","[-56, 79]","[94, 79]","[244, 79]","[-206, -71]","[-56, -71]","[94, -71]","[244, -71]","[-206, -221]","[-56, -221]","[94, -221]","[244, -221]","[100, 100]","[100, 100]","[100, 100]","[100, 100]","[100, 100]","[100, 100]","[100, 100]","[100, 100]","[100, 100]","[100, 100]","[100, 100]","[100, 100]","[100, 100]","[100, 100]","[100, 100]","[100, 100]",ok.png,"[0, -375]","[150, 100]",319,tray,16,1,m,1,1,1,1,0,0,0,0,0,0,0,1.38245248795,1.382452487945557,0,-187,-187,-202,-202,1,1,0,0,0,0,0,0,0,1.31030130386,1.310301303863525,0,34,34,-388,-388,126
06.png,11.png,01.png,28.png,12.png,17.png,19.png,34.png,15.png,30.png,08.png,tray1.png,31.png,21.png,32.png,03.png,"[-240, 244]","[-90, 244]","[60, 244]","[210, 244]","[-240, 94]","[-90, 94]","[60, 94]","[210, 94]","[-240, -56]","[-90, -56]","[60, -56]","[210, -56]","[-240, -206]","[-90, -206]","[60, -206]","[210, -206]","[100, 100]","[100, 100]","[100, 100]","[100, 100]","[100, 100]","[100, 100]","[100, 100]","[100, 100]","[100, 100]","[100, 100]","[100, 100]","[100, 100]","[100, 100]","[100, 100]","[100, 100]","[100, 100]",ok.png,"[0, -375]","[150, 100]",320,tray,16,1,m,1,1,1,1,0,0,0,0,0,0,0,1.8047901392,1.804790139198303,0,213,213,-69,-69,1,1,0,0,0,0,0,0,0,1.33921730518,1.339217305183411,0,-2,-2,-370,-370,55
09.png,03.png,12.png,04.png,32.png,31.png,24.png,27.png,07.png,09.png,tray1.png,10.png,13.png,16.png,22.png,28.png,"[-249, 209]","[-99, 209]","[51, 209]","[201, 209]","[-249, 59]","[-99, 59]","[51, 59]","[201, 59]","[-249, -91]","[-99, -91]","[51, -91]","[201, -91]","[-249, -241]","[-99, -241]","[51, -241]","[201, -241]","[100, 100]","[100, 100]","[100, 100]","[100, 100]","[100, 100]","[100, 100]","[100, 100]","[100, 100]","[100, 100]","[100, 100]","[100, 100]","[100, 100]","[100, 100]","[100, 100]","[100, 100]","[100, 100]",ok.png,"[0, -375]","[150, 100]",321,tray,16,1,m,1,1,1,1,0,0,0,0,0,0,0,0.668898403645,0.6688984036445618,0,32,32,-83,-83,1,1,0,0,0,0,0,0,0,1.6969152689,1.69691526889801,0,30,30,-374,-374,388
18.png,14.png,25.png,12.png,33.png,19.png,05.png,08.png,01.png,tray1.png,07.png,10.png,34.png,20.png,26.png,30.png,"[-220, 203]","[-70, 203]","[80, 203]","[230, 203]","[-220, 53]","[-70, 53]","[80, 53]","[230, 53]","[-220, -97]","[-70, -97]","[80, -97]","[230, -97]","[-220, -247]","[-70, -247]","[80, -247]","[230, -247]","[100, 100]","[100, 100]","[100, 100]","[100, 100]","[100, 100]","[100, 100]","[100, 100]","[100, 100]","[100, 100]","[100, 100]","[100, 100]","[100, 100]","[100, 100]","[100, 100]","[100, 100]","[100, 100]",ok.png,"[0, -375]","[150, 100]",322,tray,16,1,m,1,1,1,1,0,0,0,0,0,0,0,1.05640387535,1.056403875350952,0,-78,-78,-92,-92,1,1,0,0,0,0,0,0,0,1.38544082642,1.385440826416016,0,-11,-11,-373,-373,408
11.png,13.png,17.png,18.png,21.png,14.png,25.png,09.png,tray1.png,02.png,04.png,30.png,26.png,24.png,33.png,01.png,"[-225, 248]","[-75, 248]","[75, 248]","[225, 248]","[-225, 98]","[-75, 98]","[75, 98]","[225, 98]","[-225, -52]","[-75, -52]","[75, -52]","[225, -52]","[-225, -202]","[-75, -202]","[75, -202]","[225, -202]","[100, 100]","[100, 100]","[100, 100]","[100, 100]","[100, 100]","[100, 100]","[100, 100]","[100, 100]","[100, 100]","[100, 100]","[100, 100]","[100, 100]","[100, 100]","[100, 100]","[100, 100]","[100, 100]",ok.png,"[0, -375]","[150, 100]",323,tray,16,1,m,1,1,1,1,0,0,0,0,0,0,0,1.00750672817,1.007506728172302,0,-219,-219,-51,-51,1,1,0,0,0,0,0,0,0,1.21433031559,1.214330315589905,0,-31,-31,-385,-385,366
08.png,14.png,10.png,20.png,11.png,07.png,22.png,tray1.png,18.png,31.png,26.png,30.png,09.png,29.png,03.png,19.png,"[-229, 218]","[-79, 218]","[71, 218]","[221, 218]","[-229, 68]","[-79, 68]","[71, 68]","[221, 68]","[-229, -82]","[-79, -82]","[71, -82]","[221, -82]","[-229, -232]","[-79, -232]","[71, -232]","[221, -232]","[100, 100]","[100, 100]","[100, 100]","[100, 100]","[100, 100]","[100, 100]","[100, 100]","[100, 100]","[100, 100]","[100, 100]","[100, 100]","[100, 100]","[100, 100]","[100, 100]","[100, 100]","[100, 100]",ok.png,"[0, -375]","[150, 100]",324,tray,16,1,m,1,1,1,1,0,0,0,0,0,0,0,1.94042944908,1.940429449081421,0,246,246,90,90,1,1,0,0,0,0,0,0,0,1.88525271416,1.885252714157104,0,-1,-1,-387,-387,52
31.png,03.png,13.png,11.png,23.png,21.png,tray1.png,30.png,33.png,15.png,14.png,05.png,19.png,32.png,29.png,26.png,"[-234, 222]","[-84, 222]","[66, 222]","[216, 222]","[-234, 72]","[-84, 72]","[66, 72]","[216, 72]","[-234, -78]","[-84, -78]","[66, -78]","[216, -78]","[-234, -228]","[-84, -228]","[66, -228]","[216, -228]","[100, 100]","[100, 100]","[100, 100]","[100, 100]","[100, 100]","[100, 100]","[100, 100]","[100, 100]","[100, 100]","[100, 100]","[100, 100]","[100, 100]","[100, 100]","[100, 100]","[100, 100]","[100, 100]",ok.png,"[0, -375]","[150, 100]",325,tray,16,1,m,1,1,1,1,0,0,0,0,0,0,0,0.884893119335,0.8848931193351746,0,65,65,85,85,1,1,0,0,0,0,0,0,0,1.35495936871,1.35495936870575,0,29,29,-352,-352,345
15.png,14.png,13.png,12.png,11.png,10.png,09.png,08.png,07.png,06.png,05.png,04.png,03.png,02.png,01.png,tray2.png,"[-209, 239]","[-59, 239]","[91, 239]","[241, 239]","[-209, 89]","[-59, 89]","[91, 89]","[241, 89]","[-209, -61]","[-59, -61]","[91, -61]","[241, -61]","[-209, -211]","[-59, -211]","[91, -211]","[241, -211]","[100, 100]","[100, 100]","[100, 100]","[100, 100]","[100, 100]","[100, 100]","[100, 100]","[100, 100]","[100, 100]","[100, 100]","[100, 100]","[100, 100]","[100, 100]","[100, 100]","[100, 100]","[100, 100]",ok.png,"[0, -375]","[150, 100]",326,tray,16,1,m,1,1,1,1,0,0,0,0,0,0,0,2.08396434784,2.083964347839355,0,258,258,-235,-235,1,1,0,0,0,0,0,0,0,0.681737661362,0.6817376613616943,0,22,22,-380,-380,151
23.png,22.png,31.png,32.png,33.png,34.png,14.png,15.png,13.png,12.png,11.png,10.png,01.png,09.png,tray2.png,08.png,"[-206, 226]","[-56, 226]","[94, 226]","[244, 226]","[-206, 76]","[-56, 76]","[94, 76]","[244, 76]","[-206, -74]","[-56, -74]","[94, -74]","[244, -74]","[-206, -224]","[-56, -224]","[94, -224]","[244, -224]","[100, 100]","[100, 100]","[100, 100]","[100, 100]","[100, 100]","[100, 100]","[100, 100]","[100, 100]","[100, 100]","[100, 100]","[100, 100]","[100, 100]","[100, 100]","[100, 100]","[100, 100]","[100, 100]",ok.png,"[0, -375]","[150, 100]",327,tray,16,1,m,1,1,1,1,0,0,0,0,0,0,0,2.11844587326,2.118445873260498,0,101,101,-187,-187,1,1,0,0,0,0,0,0,0,1.13463175297,1.134631752967834,0,-27,-27,-392,-392,264
27.png,30.png,25.png,24.png,23.png,22.png,21.png,20.png,19.png,18.png,17.png,16.png,15.png,tray2.png,06.png,05.png,"[-232, 226]","[-82, 226]","[68, 226]","[218, 226]","[-232, 76]","[-82, 76]","[68, 76]","[218, 76]","[-232, -74]","[-82, -74]","[68, -74]","[218, -74]","[-232, -224]","[-82, -224]","[68, -224]","[218, -224]","[100, 100]","[100, 100]","[100, 100]","[100, 100]","[100, 100]","[100, 100]","[100, 100]","[100, 100]","[100, 100]","[100, 100]","[100, 100]","[100, 100]","[100, 100]","[100, 100]","[100, 100]","[100, 100]",ok.png,"[0, -375]","[150, 100]",328,tray,16,1,m,1,1,1,1,0,0,0,0,0,0,0,1.58554399014,1.585543990135193,0,-74,-74,-219,-219,1,1,0,0,0,0,0,0,0,1.3715711832,1.371571183204651,0,27,27,-395,-395,406
33.png,32.png,30.png,29.png,08.png,02.png,31.png,27.png,26.png,28.png,12.png,03.png,tray2.png,24.png,23.png,22.png,"[-237, 217]","[-87, 217]","[63, 217]","[213, 217]","[-237, 67]","[-87, 67]","[63, 67]","[213, 67]","[-237, -83]","[-87, -83]","[63, -83]","[213, -83]","[-237, -233]","[-87, -233]","[63, -233]","[213, -233]","[100, 100]","[100, 100]","[100, 100]","[100, 100]","[100, 100]","[100, 100]","[100, 100]","[100, 100]","[100, 100]","[100, 100]","[100, 100]","[100, 100]","[100, 100]","[100, 100]","[100, 100]","[100, 100]",ok.png,"[0, -375]","[150, 100]",329,tray,16,1,m,1,1,1,1,0,0,0,0,0,0,0,1.94350230694,1.943502306938171,0,-224,-224,-234,-234,1,1,0,0,0,0,0,0,0,1.49587237835,1.495872378349304,0,-7,-7,-387,-387,64
28.png,26.png,24.png,22.png,01.png,34.png,33.png,32.png,31.png,30.png,29.png,tray2.png,08.png,06.png,04.png,02.png,"[-216, 234]","[-66, 234]","[84, 234]","[234, 234]","[-216, 84]","[-66, 84]","[84, 84]","[234, 84]","[-216, -66]","[-66, -66]","[84, -66]","[234, -66]","[-216, -216]","[-66, -216]","[84, -216]","[234, -216]","[100, 100]","[100, 100]","[100, 100]","[100, 100]","[100, 100]","[100, 100]","[100, 100]","[100, 100]","[100, 100]","[100, 100]","[100, 100]","[100, 100]","[100, 100]","[100, 100]","[100, 100]","[100, 100]",ok.png,"[0, -375]","[150, 100]",330,tray,16,1,m,1,1,1,1,0,0,0,0,0,0,0,1.06607317924,1.066073179244995,0,217,217,-63,-63,1,1,0,0,0,0,0,0,0,1.33931100368,1.339311003684998,0,36,36,-359,-359,293
32.png,30.png,23.png,17.png,29.png,09.png,15.png,06.png,26.png,11.png,tray2.png,04.png,27.png,07.png,34.png,01.png,"[-211, 250]","[-61, 250]","[89, 250]","[239, 250]","[-211, 100]","[-61, 100]","[89, 100]","[239, 100]","[-211, -50]","[-61, -50]","[89, -50]","[239, -50]","[-211, -200]","[-61, -200]","[89, -200]","[239, -200]","[100, 100]","[100, 100]","[100, 100]","[100, 100]","[100, 100]","[100, 100]","[100, 100]","[100, 100]","[100, 100]","[100, 100]","[100, 100]","[100, 100]","[100, 100]","[100, 100]","[100, 100]","[100, 100]",ok.png,"[0, -375]","[150, 100]",331,tray,16,1,m,1,1,1,1,0,0,0,0,0,0,0,0.975258171558,0.97525817155838,0,95,95,-41,-41,1,1,0,0,0,0,0,0,0,2.04125785828,2.041257858276367,0,20,20,-339,-339,213
17.png,09.png,22.png,06.png,27.png,13.png,14.png,18.png,25.png,tray2.png,03.png,07.png,05.png,02.png,24.png,12.png,"[-237, 200]","[-87, 200]","[63, 200]","[213, 200]","[-237, 50]","[-87, 50]","[63, 50]","[213, 50]","[-237, -100]","[-87, -100]","[63, -100]","[213, -100]","[-237, -250]","[-87, -250]","[63, -250]","[213, -250]","[100, 100]","[100, 100]","[100, 100]","[100, 100]","[100, 100]","[100, 100]","[100, 100]","[100, 100]","[100, 100]","[100, 100]","[100, 100]","[100, 100]","[100, 100]","[100, 100]","[100, 100]","[100, 100]",ok.png,"[0, -375]","[150, 100]",332,tray,16,1,m,1,1,1,1,0,0,0,0,0,0,0,1.39920520782,1.399205207824707,0,-109,-109,-104,-104,1,1,0,0,0,0,0,0,0,1.29374980927,1.293749809265137,0,-41,-41,-394,-394,430
22.png,33.png,01.png,09.png,31.png,25.png,17.png,30.png,tray2.png,27.png,15.png,20.png,07.png,33.png,05.png,13.png,"[-206, 206]","[-56, 206]","[94, 206]","[244, 206]","[-206, 56]","[-56, 56]","[94, 56]","[244, 56]","[-206, -94]","[-56, -94]","[94, -94]","[244, -94]","[-206, -244]","[-56, -244]","[94, -244]","[244, -244]","[100, 100]","[100, 100]","[100, 100]","[100, 100]","[100, 100]","[100, 100]","[100, 100]","[100, 100]","[100, 100]","[100, 100]","[100, 100]","[100, 100]","[100, 100]","[100, 100]","[100, 100]","[100, 100]",ok.png,"[0, -375]","[150, 100]",333,tray,16,1,m,1,1,1,1,0,0,0,0,0,0,0,1.0890007019,1.089000701904297,0,-196,-196,-78,-78,1,1,0,0,0,0,0,0,0,1.337272048,1.337272047996521,0,25,25,-360,-360,177
33.png,31.png,25.png,21.png,27.png,23.png,29.png,tray2.png,06.png,04.png,08.png,02.png,16.png,13.png,10.png,07.png,"[-240, 221]","[-90, 221]","[60, 221]","[210, 221]","[-240, 71]","[-90, 71]","[60, 71]","[210, 71]","[-240, -79]","[-90, -79]","[60, -79]","[210, -79]","[-240, -229]","[-90, -229]","[60, -229]","[210, -229]","[100, 100]","[100, 100]","[100, 100]","[100, 100]","[100, 100]","[100, 100]","[100, 100]","[100, 100]","[100, 100]","[100, 100]","[100, 100]","[100, 100]","[100, 100]","[100, 100]","[100, 100]","[100, 100]",ok.png,"[0, -375]","[150, 100]",334,tray,16,1,m,1,1,1,1,0,0,0,0,0,0,0,1.03838777542,1.038387775421143,0,218,218,54,54,1,1,0,0,0,0,0,0,0,1.13534367085,1.135343670845032,0,0,0,-363,-363,252
30.png,32.png,27.png,21.png,26.png,24.png,tray2.png,22.png,20.png,18.png,16.png,14.png,03.png,05.png,07.png,09.png,"[-223, 243]","[-73, 243]","[77, 243]","[227, 243]","[-223, 93]","[-73, 93]","[77, 93]","[227, 93]","[-223, -57]","[-73, -57]","[77, -57]","[227, -57]","[-223, -207]","[-73, -207]","[77, -207]","[227, -207]","[100, 100]","[100, 100]","[100, 100]","[100, 100]","[100, 100]","[100, 100]","[100, 100]","[100, 100]","[100, 100]","[100, 100]","[100, 100]","[100, 100]","[100, 100]","[100, 100]","[100, 100]","[100, 100]",ok.png,"[0, -375]","[150, 100]",335,tray,16,1,m,1,1,1,1,0,0,0,0,0,0,0,0.825037956238,0.825037956237793,0,86,86,68,68,1,1,0,0,0,0,0,0,0,1.0414917469,1.041491746902466,0,34,34,-386,-386,441
01.png,18.png,27.png,24.png,21.png,tray2.png,19.png,16.png,32.png,34.png,10.png,13.png,31.png,33.png,14.png,05.png,"[-241, 240]","[-91, 240]","[59, 240]","[209, 240]","[-241, 90]","[-91, 90]","[59, 90]","[209, 90]","[-241, -60]","[-91, -60]","[59, -60]","[209, -60]","[-241, -210]","[-91, -210]","[59, -210]","[209, -210]","[100, 100]","[100, 100]","[100, 100]","[100, 100]","[100, 100]","[100, 100]","[100, 100]","[100, 100]","[100, 100]","[100, 100]","[100, 100]","[100, 100]","[100, 100]","[100, 100]","[100, 100]","[100, 100]",ok.png,"[0, -375]","[150, 100]",336,tray,16,1,m,1,1,1,1,0,0,0,0,0,0,0,1.75955283642,1.759552836418152,0,-93,-93,90,90,1,1,0,0,0,0,0,0,0,1.32274746895,1.322747468948364,0,-8,-8,-375,-375,397
34.png,27.png,08.png,18.png,tray2.png,11.png,16.png,21.png,17.png,04.png,24.png,09.png,25.png,20.png,15.png,10.png,"[-238, 200]","[-88, 200]","[62, 200]","[212, 200]","[-238, 50]","[-88, 50]","[62, 50]","[212, 50]","[-238, -100]","[-88, -100]","[62, -100]","[212, -100]","[-238, -250]","[-88, -250]","[62, -250]","[212, -250]","[100, 100]","[100, 100]","[100, 100]","[100, 100]","[100, 100]","[100, 100]","[100, 100]","[100, 100]","[100, 100]","[100, 100]","[100, 100]","[100, 100]","[100, 100]","[100, 100]","[100, 100]","[100, 100]",ok.png,"[0, -375]","[150, 100]",337,tray,16,1,m,1,1,1,1,0,0,0,0,0,0,0,1.01044714451,1.010447144508362,0,-249,-249,47,47,1,1,0,0,0,0,0,0,0,1.40322673321,1.403226733207703,0,5,5,-366,-366,219
04.png,02.png,05.png,tray2.png,08.png,07.png,01.png,03.png,26.png,29.png,32.png,28.png,24.png,20.png,10.png,16.png,"[-243, 223]","[-93, 223]","[57, 223]","[207, 223]","[-243, 73]","[-93, 73]","[57, 73]","[207, 73]","[-243, -77]","[-93, -77]","[57, -77]","[207, -77]","[-243, -227]","[-93, -227]","[57, -227]","[207, -227]","[100, 100]","[100, 100]","[100, 100]","[100, 100]","[100, 100]","[100, 100]","[100, 100]","[100, 100]","[100, 100]","[100, 100]","[100, 100]","[100, 100]","[100, 100]","[100, 100]","[100, 100]","[100, 100]",ok.png,"[0, -375]","[150, 100]",338,tray,16,1,m,1,1,1,1,0,0,0,0,0,0,0,0.94869530201,0.9486953020095824,0,245,245,224,224,1,1,0,0,0,0,0,0,0,1.57309472561,1.573094725608826,0,27,27,-365,-365,417
01.png,12.png,tray2.png,23.png,10.png,02.png,28.png,13.png,08.png,33.png,03.png,15.png,16.png,06.png,17.png,29.png,"[-241, 208]","[-91, 208]","[59, 208]","[209, 208]","[-241, 58]","[-91, 58]","[59, 58]","[209, 58]","[-241, -92]","[-91, -92]","[59, -92]","[209, -92]","[-241, -242]","[-91, -242]","[59, -242]","[209, -242]","[100, 100]","[100, 100]","[100, 100]","[100, 100]","[100, 100]","[100, 100]","[100, 100]","[100, 100]","[100, 100]","[100, 100]","[100, 100]","[100, 100]","[100, 100]","[100, 100]","[100, 100]","[100, 100]",ok.png,"[0, -375]","[150, 100]",339,tray,16,1,m,1,1,1,1,0,0,0,0,0,0,0,0.759752333164,0.7597523331642151,0,75,75,213,213,1,1,0,0,0,0,0,0,0,1.82383203506,1.823832035064697,0,-19,-19,-374,-374,284
24.png,tray2.png,03.png,07.png,13.png,17.png,23.png,27.png,33.png,04.png,06.png,14.png,16.png,08.png,30.png,32.png,"[-217, 236]","[-67, 236]","[83, 236]","[233, 236]","[-217, 86]","[-67, 86]","[83, 86]","[233, 86]","[-217, -64]","[-67, -64]","[83, -64]","[233, -64]","[-217, -214]","[-67, -214]","[83, -214]","[233, -214]","[100, 100]","[100, 100]","[100, 100]","[100, 100]","[100, 100]","[100, 100]","[100, 100]","[100, 100]","[100, 100]","[100, 100]","[100, 100]","[100, 100]","[100, 100]","[100, 100]","[100, 100]","[100, 100]",ok.png,"[0, -375]","[150, 100]",340,tray,16,1,m,1,1,1,1,0,0,0,0,0,0,0,0.959965288639,0.9599652886390686,0,-52,-52,248,248,1,1,0,0,0,0,0,0,0,1.32554841042,1.325548410415649,0,-3,-3,-403,-403,90
tray2.png,17.png,07.png,14.png,27.png,33.png,23.png,24.png,04.png,03.png,16.png,12.png,02.png,30.png,20.png,04.png,"[-204, 247]","[-54, 247]","[96, 247]","[246, 247]","[-204, 97]","[-54, 97]","[96, 97]","[246, 97]","[-204, -53]","[-54, -53]","[96, -53]","[246, -53]","[-204, -203]","[-54, -203]","[96, -203]","[246, -203]","[100, 100]","[100, 100]","[100, 100]","[100, 100]","[100, 100]","[100, 100]","[100, 100]","[100, 100]","[100, 100]","[100, 100]","[100, 100]","[100, 100]","[100, 100]","[100, 100]","[100, 100]","[100, 100]",ok.png,"[0, -375]","[150, 100]",341,tray,16,1,m,1,1,1,1,0,0,0,0,0,0,0,1.2090460062,1.209046006202698,0,-234,-234,243,243,1,1,0,0,0,0,0,0,0,1.83752930164,1.837529301643372,0,-15,-15,-397,-397,71
18.png,tray2.png,04.png,13.png,31.png,16.png,22.png,12.png,11.png,32.png,02.png,25.png,09.png,29.png,19.png,03.png,"[-235, 205]","[-85, 205]","[65, 205]","[215, 205]","[-235, 55]","[-85, 55]","[65, 55]","[215, 55]","[-235, -95]","[-85, -95]","[65, -95]","[215, -95]","[-235, -245]","[-85, -245]","[65, -245]","[215, -245]","[100, 100]","[100, 100]","[100, 100]","[100, 100]","[100, 100]","[100, 100]","[100, 100]","[100, 100]","[100, 100]","[100, 100]","[100, 100]","[100, 100]","[100, 100]","[100, 100]","[100, 100]","[100, 100]",ok.png,"[0, -375]","[150, 100]",342,tray,16,1,m,1,1,1,1,0,0,0,0,0,0,0,1.05656778812,1.056567788124084,0,-73,-73,200,200,1,1,0,0,0,0,0,0,0,1.60450708866,1.604507088661194,0,-32,-32,-404,-404,23
15.png,08.png,tray2.png,03.png,25.png,28.png,27.png,01.png,23.png,07.png,30.png,21.png,05.png,11.png,13.png,16.png,"[-247, 231]","[-97, 231]","[53, 231]","[203, 231]","[-247, 81]","[-97, 81]","[53, 81]","[203, 81]","[-247, -69]","[-97, -69]","[53, -69]","[203, -69]","[-247, -219]","[-97, -219]","[53, -219]","[203, -219]","[100, 100]","[100, 100]","[100, 100]","[100, 100]","[100, 100]","[100, 100]","[100, 100]","[100, 100]","[100, 100]","[100, 100]","[100, 100]","[100, 100]","[100, 100]","[100, 100]","[100, 100]","[100, 100]",ok.png,"[0, -375]","[150, 100]",343,tray,16,1,m,1,1,1,1,0,0,0,0,0,0,0,1.00714850426,1.007148504257202,0,35,35,213,213,1,1,0,0,0,0,0,0,0,1.24635100365,1.246351003646851,0,11,11,-389,-389,329
32.png,07.png,14.png,tray2.png,23.png,02.png,09.png,29.png,28.png,16.png,05.png,20.png,17.png,15.png,21.png,06.png,"[-249, 209]","[-99, 209]","[51, 209]","[201, 209]","[-249, 59]","[-99, 59]","[51, 59]","[201, 59]","[-249, -91]","[-99, -91]","[51, -91]","[201, -91]","[-249, -241]","[-99, -241]","[51, -241]","[201, -241]","[100, 100]","[100, 100]","[100, 100]","[100, 100]","[100, 100]","[100, 100]","[100, 100]","[100, 100]","[100, 100]","[100, 100]","[100, 100]","[100, 100]","[100, 100]","[100, 100]","[100, 100]","[100, 100]",ok.png,"[0, -375]","[150, 100]",344,tray,16,1,m,1,1,1,1,0,0,0,0,0,0,0,2.20830607414,2.208306074142456,0,225,225,239,239,1,1,0,0,0,0,0,0,0,1.38692867756,1.386928677558899,0,9,9,-367,-367,335
03.png,32.png,21.png,31.png,tray2.png,08.png,30.png,15.png,34.png,19.png,17.png,12.png,28.png,01.png,11.png,06.png,"[-248, 231]","[-98, 231]","[52, 231]","[202, 231]","[-248, 81]","[-98, 81]","[52, 81]","[202, 81]","[-248, -69]","[-98, -69]","[52, -69]","[202, -69]","[-248, -219]","[-98, -219]","[52, -219]","[202, -219]","[100, 100]","[100, 100]","[100, 100]","[100, 100]","[100, 100]","[100, 100]","[100, 100]","[100, 100]","[100, 100]","[100, 100]","[100, 100]","[100, 100]","[100, 100]","[100, 100]","[100, 100]","[100, 100]",ok.png,"[0, -375]","[150, 100]",345,tray,16,1,m,1,1,1,1,0,0,0,0,0,0,0,0.917179942131,0.9171799421310424,0,-252,-252,104,104,1,1,0,0,0,0,0,0,0,1.43127954006,1.431279540061951,0,15,15,-383,-383,189
28.png,22.png,16.png,13.png,10.png,tray2.png,09.png,07.png,27.png,24.png,31.png,32.png,04.png,12.png,03.png,09.png,"[-249, 240]","[-99, 240]","[51, 240]","[201, 240]","[-249, 90]","[-99, 90]","[51, 90]","[201, 90]","[-249, -60]","[-99, -60]","[51, -60]","[201, -60]","[-249, -210]","[-99, -210]","[51, -210]","[201, -210]","[100, 100]","[100, 100]","[100, 100]","[100, 100]","[100, 100]","[100, 100]","[100, 100]","[100, 100]","[100, 100]","[100, 100]","[100, 100]","[100, 100]","[100, 100]","[100, 100]","[100, 100]","[100, 100]",ok.png,"[0, -375]","[150, 100]",346,tray,16,1,m,1,1,1,1,0,0,0,0,0,0,0,0.990534007549,0.990534007549286,0,-87,-87,74,74,1,1,0,0,0,0,0,0,0,2.5273463726,2.52734637260437,0,3,3,-384,-384,5
30.png,26.png,20.png,34.png,10.png,07.png,tray2.png,01.png,08.png,05.png,19.png,33.png,12.png,25.png,14.png,18.png,"[-235, 214]","[-85, 214]","[65, 214]","[215, 214]","[-235, 64]","[-85, 64]","[65, 64]","[215, 64]","[-235, -86]","[-85, -86]","[65, -86]","[215, -86]","[-235, -236]","[-85, -236]","[65, -236]","[215, -236]","[100, 100]","[100, 100]","[100, 100]","[100, 100]","[100, 100]","[100, 100]","[100, 100]","[100, 100]","[100, 100]","[100, 100]","[100, 100]","[100, 100]","[100, 100]","[100, 100]","[100, 100]","[100, 100]",ok.png,"[0, -375]","[150, 100]",347,tray,16,1,m,1,1,1,1,0,0,0,0,0,0,0,0.837353408337,0.8373534083366394,0,85,85,67,67,1,1,0,0,0,0,0,0,0,1.1691211462,1.169121146202087,0,10,10,-408,-408,152
01.png,33.png,24.png,26.png,30.png,04.png,02.png,tray2.png,09.png,25.png,14.png,21.png,18.png,17.png,13.png,11.png,"[-242, 213]","[-92, 213]","[58, 213]","[208, 213]","[-242, 63]","[-92, 63]","[58, 63]","[208, 63]","[-242, -87]","[-92, -87]","[58, -87]","[208, -87]","[-242, -237]","[-92, -237]","[58, -237]","[208, -237]","[100, 100]","[100, 100]","[100, 100]","[100, 100]","[100, 100]","[100, 100]","[100, 100]","[100, 100]","[100, 100]","[100, 100]","[100, 100]","[100, 100]","[100, 100]","[100, 100]","[100, 100]","[100, 100]",ok.png,"[0, -375]","[150, 100]",348,tray,16,1,m,1,1,1,1,0,0,0,0,0,0,0,1.47643852234,1.476438522338867,0,188,188,44,44,1,1,0,0,0,0,0,0,0,1.776922822,1.776922821998596,0,15,15,-376,-376,8
19.png,03.png,29.png,09.png,30.png,26.png,31.png,18.png,tray2.png,22.png,07.png,11.png,20.png,10.png,14.png,08.png,"[-225, 213]","[-75, 213]","[75, 213]","[225, 213]","[-225, 63]","[-75, 63]","[75, 63]","[225, 63]","[-225, -87]","[-75, -87]","[75, -87]","[225, -87]","[-225, -237]","[-75, -237]","[75, -237]","[225, -237]","[100, 100]","[100, 100]","[100, 100]","[100, 100]","[100, 100]","[100, 100]","[100, 100]","[100, 100]","[100, 100]","[100, 100]","[100, 100]","[100, 100]","[100, 100]","[100, 100]","[100, 100]","[100, 100]",ok.png,"[0, -375]","[150, 100]",349,tray,16,1,m,1,1,1,1,0,0,0,0,0,0,0,2.70955681801,2.709556818008423,0,-241,-241,-88,-88,1,1,0,0,0,0,0,0,0,1.09108281136,1.091082811355591,0,13,13,-439,-439,51
26.png,29.png,32.png,19.png,05.png,14.png,15.png,33.png,30.png,tray2.png,21.png,23.png,11.png,13.png,03.png,31.png,"[-250, 249]","[-100, 249]","[50, 249]","[200, 249]","[-250, 99]","[-100, 99]","[50, 99]","[200, 99]","[-250, -51]","[-100, -51]","[50, -51]","[200, -51]","[-250, -201]","[-100, -201]","[50, -201]","[200, -201]","[100, 100]","[100, 100]","[100, 100]","[100, 100]","[100, 100]","[100, 100]","[100, 100]","[100, 100]","[100, 100]","[100, 100]","[100, 100]","[100, 100]","[100, 100]","[100, 100]","[100, 100]","[100, 100]",ok.png,"[0, -375]","[150, 100]",350,tray,16,1,m,1,1,1,1,0,0,0,0,0,0,0,1.0857013464,1.0857013463974,0,-70,-70,-46,-46,1,1,0,0,0,0,0,0,0,1.63565540314,1.635655403137207,0,-7,-7,-370,-370,352
dots1.png,01.png,02.png,03.png,04.png,05.png,06.png,07.png,08.png,09.png,10.png,11.png,12.png,13.png,14.png,15.png,"[-235, 246]","[-85, 246]","[65, 246]","[215, 246]","[-235, 96]","[-85, 96]","[65, 96]","[215, 96]","[-235, -54]","[-85, -54]","[65, -54]","[215, -54]","[-235, -204]","[-85, -204]","[65, -204]","[215, -204]","[100, 100]","[100, 100]","[100, 100]","[100, 100]","[100, 100]","[100, 100]","[100, 100]","[100, 100]","[100, 100]","[100, 100]","[100, 100]","[100, 100]","[100, 100]","[100, 100]","[100, 100]","[100, 100]",ok.png,"[0, -375]","[150, 100]",351,dots,16,2,m,1,1,1,1,0,0,0,0,0,0,0,0.834102630615,0.8341026306152344,0,-231,-231,262,262,1,1,0,0,0,0,0,0,0,2.08811116219,2.088111162185669,0,4,4,-401,-401,402
08.png,dots1.png,09.png,01.png,10.png,11.png,12.png,13.png,15.png,14.png,34.png,33.png,32.png,31.png,22.png,23.png,"[-225, 223]","[-75, 223]","[75, 223]","[225, 223]","[-225, 73]","[-75, 73]","[75, 73]","[225, 73]","[-225, -77]","[-75, -77]","[75, -77]","[225, -77]","[-225, -227]","[-75, -227]","[75, -227]","[225, -227]","[100, 100]","[100, 100]","[100, 100]","[100, 100]","[100, 100]","[100, 100]","[100, 100]","[100, 100]","[100, 100]","[100, 100]","[100, 100]","[100, 100]","[100, 100]","[100, 100]","[100, 100]","[100, 100]",ok.png,"[0, -375]","[150, 100]",352,dots,16,2,m,1,1,1,1,0,0,0,0,0,0,0,0.944774985313,0.9447749853134156,0,-71,-71,195,195,1,1,0,0,0,0,0,0,0,1.1187568903,1.118756890296936,0,-11,-11,-376,-376,187
05.png,06.png,dots1.png,15.png,16.png,17.png,18.png,19.png,20.png,21.png,22.png,23.png,24.png,25.png,30.png,27.png,"[-226, 234]","[-76, 234]","[74, 234]","[224, 234]","[-226, 84]","[-76, 84]","[74, 84]","[224, 84]","[-226, -66]","[-76, -66]","[74, -66]","[224, -66]","[-226, -216]","[-76, -216]","[74, -216]","[224, -216]","[100, 100]","[100, 100]","[100, 100]","[100, 100]","[100, 100]","[100, 100]","[100, 100]","[100, 100]","[100, 100]","[100, 100]","[100, 100]","[100, 100]","[100, 100]","[100, 100]","[100, 100]","[100, 100]",ok.png,"[0, -375]","[150, 100]",353,dots,16,2,m,1,1,1,1,0,0,0,0,0,0,0,0.805020391941,0.8050203919410706,0,79,79,207,207,1,1,0,0,0,0,0,0,0,1.50990223885,1.509902238845825,0,-8,-8,-379,-379,106
22.png,23.png,24.png,dots1.png,03.png,12.png,25.png,26.png,02.png,08.png,27.png,28.png,29.png,30.png,31.png,32.png,"[-241, 225]","[-91, 225]","[59, 225]","[209, 225]","[-241, 75]","[-91, 75]","[59, 75]","[209, 75]","[-241, -75]","[-91, -75]","[59, -75]","[209, -75]","[-241, -225]","[-91, -225]","[59, -225]","[209, -225]","[100, 100]","[100, 100]","[100, 100]","[100, 100]","[100, 100]","[100, 100]","[100, 100]","[100, 100]","[100, 100]","[100, 100]","[100, 100]","[100, 100]","[100, 100]","[100, 100]","[100, 100]","[100, 100]",ok.png,"[0, -375]","[150, 100]",354,dots,16,2,m,1,1,1,1,0,0,0,0,0,0,0,0.724149048328,0.7241490483283997,0,208,208,218,218,1,1,0,0,0,0,0,0,0,2.30714607239,2.307146072387695,0,40,40,-360,-360,171
02.png,04.png,06.png,08.png,dots1.png,29.png,30.png,31.png,32.png,33.png,34.png,01.png,22.png,24.png,26.png,28.png,"[-247, 209]","[-97, 209]","[53, 209]","[203, 209]","[-247, 59]","[-97, 59]","[53, 59]","[203, 59]","[-247, -91]","[-97, -91]","[53, -91]","[203, -91]","[-247, -241]","[-97, -241]","[53, -241]","[203, -241]","[100, 100]","[100, 100]","[100, 100]","[100, 100]","[100, 100]","[100, 100]","[100, 100]","[100, 100]","[100, 100]","[100, 100]","[100, 100]","[100, 100]","[100, 100]","[100, 100]","[100, 100]","[100, 100]",ok.png,"[0, -375]","[150, 100]",355,dots,16,2,m,1,1,1,1,0,0,0,0,0,0,0,1.14932048321,1.149320483207703,0,-248,-248,42,42,1,1,0,0,0,0,0,0,0,1.44827651978,1.448276519775391,0,-17,-17,-383,-383,115
01.png,34.png,07.png,27.png,04.png,dots1.png,11.png,26.png,06.png,15.png,09.png,29.png,17.png,23.png,30.png,32.png,"[-204, 231]","[-54, 231]","[96, 231]","[246, 231]","[-204, 81]","[-54, 81]","[96, 81]","[246, 81]","[-204, -69]","[-54, -69]","[96, -69]","[246, -69]","[-204, -219]","[-54, -219]","[96, -219]","[246, -219]","[100, 100]","[100, 100]","[100, 100]","[100, 100]","[100, 100]","[100, 100]","[100, 100]","[100, 100]","[100, 100]","[100, 100]","[100, 100]","[100, 100]","[100, 100]","[100, 100]","[100, 100]","[100, 100]",ok.png,"[0, -375]","[150, 100]",356,dots,16,2,m,1,1,1,1,0,0,0,0,0,0,0,0.819956481457,0.8199564814567566,0,-48,-48,86,86,1,1,0,0,0,0,0,0,0,1.793156147,1.793156147003174,0,-7,-7,-329,-329,212
12.png,24.png,02.png,05.png,07.png,03.png,dots1.png,25.png,18.png,14.png,13.png,27.png,06.png,22.png,09.png,17.png,"[-201, 237]","[-51, 237]","[99, 237]","[249, 237]","[-201, 87]","[-51, 87]","[99, 87]","[249, 87]","[-201, -63]","[-51, -63]","[99, -63]","[249, -63]","[-201, -213]","[-51, -213]","[99, -213]","[249, -213]","[100, 100]","[100, 100]","[100, 100]","[100, 100]","[100, 100]","[100, 100]","[100, 100]","[100, 100]","[100, 100]","[100, 100]","[100, 100]","[100, 100]","[100, 100]","[100, 100]","[100, 100]","[100, 100]",ok.png,"[0, -375]","[150, 100]",357,dots,16,2,m,1,1,1,1,0,0,0,0,0,0,0,1.2141746282600001,1.214174628257751,0,129,129,101,101,1,1,0,0,0,0,0,0,0,1.3223054409,1.32230544090271,0,35,35,-344,-344,143
13.png,05.png,33.png,07.png,20.png,15.png,27.png,dots1.png,30.png,17.png,25.png,31.png,09.png,01.png,33.png,22.png,"[-215, 206]","[-65, 206]","[85, 206]","[235, 206]","[-215, 56]","[-65, 56]","[85, 56]","[235, 56]","[-215, -94]","[-65, -94]","[85, -94]","[235, -94]","[-215, -244]","[-65, -244]","[85, -244]","[235, -244]","[100, 100]","[100, 100]","[100, 100]","[100, 100]","[100, 100]","[100, 100]","[100, 100]","[100, 100]","[100, 100]","[100, 100]","[100, 100]","[100, 100]","[100, 100]","[100, 100]","[100, 100]","[100, 100]",ok.png,"[0, -375]","[150, 100]",358,dots,16,2,m,1,1,1,1,0,0,0,0,0,0,0,1.60131859779,1.601318597793579,0,223,223,56,56,1,1,0,0,0,0,0,0,0,0.885137081146,0.8851370811462402,0,18,18,-363,-363,21
07.png,10.png,13.png,16.png,02.png,08.png,04.png,06.png,dots1.png,29.png,23.png,27.png,21.png,25.png,31.png,33.png,"[-205, 232]","[-55, 232]","[95, 232]","[245, 232]","[-205, 82]","[-55, 82]","[95, 82]","[245, 82]","[-205, -68]","[-55, -68]","[95, -68]","[245, -68]","[-205, -218]","[-55, -218]","[95, -218]","[245, -218]","[100, 100]","[100, 100]","[100, 100]","[100, 100]","[100, 100]","[100, 100]","[100, 100]","[100, 100]","[100, 100]","[100, 100]","[100, 100]","[100, 100]","[100, 100]","[100, 100]","[100, 100]","[100, 100]",ok.png,"[0, -375]","[150, 100]",359,dots,16,2,m,1,1,1,1,0,0,0,0,0,0,0,1.64924490452,1.649244904518127,0,-186,-186,-68,-68,1,1,0,0,0,0,0,0,0,1.93313491344,1.933134913444519,0,9,9,-351,-351,111
09.png,07.png,05.png,03.png,14.png,16.png,18.png,20.png,22.png,dots1.png,24.png,26.png,21.png,27.png,32.png,30.png,"[-218, 218]","[-68, 218]","[82, 218]","[232, 218]","[-218, 68]","[-68, 68]","[82, 68]","[232, 68]","[-218, -82]","[-68, -82]","[82, -82]","[232, -82]","[-218, -232]","[-68, -232]","[82, -232]","[232, -232]","[100, 100]","[100, 100]","[100, 100]","[100, 100]","[100, 100]","[100, 100]","[100, 100]","[100, 100]","[100, 100]","[100, 100]","[100, 100]","[100, 100]","[100, 100]","[100, 100]","[100, 100]","[100, 100]",ok.png,"[0, -375]","[150, 100]",360,dots,16,2,m,1,1,1,1,0,0,0,0,0,0,0,1.72539782524,1.725397825241089,0,-82,-82,-92,-92,1,1,0,0,0,0,0,0,0,1.46281540394,1.462815403938293,0,16,16,-348,-348,41
05.png,14.png,33.png,31.png,13.png,10.png,34.png,32.png,16.png,19.png,dots1.png,21.png,24.png,27.png,18.png,01.png,"[-222, 206]","[-72, 206]","[78, 206]","[228, 206]","[-222, 56]","[-72, 56]","[78, 56]","[228, 56]","[-222, -94]","[-72, -94]","[78, -94]","[228, -94]","[-222, -244]","[-72, -244]","[78, -244]","[228, -244]","[100, 100]","[100, 100]","[100, 100]","[100, 100]","[100, 100]","[100, 100]","[100, 100]","[100, 100]","[100, 100]","[100, 100]","[100, 100]","[100, 100]","[100, 100]","[100, 100]","[100, 100]","[100, 100]",ok.png,"[0, -375]","[150, 100]",361,dots,16,2,m,1,1,1,1,0,0,0,0,0,0,0,1.18190944195,1.181909441947937,0,65,65,-109,-109,1,1,0,0,0,0,0,0,0,1.19667851925,1.196678519248962,0,8,8,-355,-355,56
10.png,15.png,20.png,25.png,09.png,24.png,04.png,17.png,21.png,16.png,11.png,dots1.png,18.png,08.png,27.png,34.png,"[-247, 224]","[-97, 224]","[53, 224]","[203, 224]","[-247, 74]","[-97, 74]","[53, 74]","[203, 74]","[-247, -76]","[-97, -76]","[53, -76]","[203, -76]","[-247, -226]","[-97, -226]","[53, -226]","[203, -226]","[100, 100]","[100, 100]","[100, 100]","[100, 100]","[100, 100]","[100, 100]","[100, 100]","[100, 100]","[100, 100]","[100, 100]","[100, 100]","[100, 100]","[100, 100]","[100, 100]","[100, 100]","[100, 100]",ok.png,"[0, -375]","[150, 100]",362,dots,16,2,m,1,1,1,1,0,0,0,0,0,0,0,0.835075974464,0.8350759744644165,0,193,193,-61,-61,1,1,0,0,0,0,0,0,0,1.61988413334,1.619884133338928,0,0,0,-390,-390,391
16.png,10.png,20.png,24.png,28.png,32.png,29.png,26.png,03.png,01.png,07.png,08.png,dots1.png,05.png,02.png,04.png,"[-214, 208]","[-64, 208]","[86, 208]","[236, 208]","[-214, 58]","[-64, 58]","[86, 58]","[236, 58]","[-214, -92]","[-64, -92]","[86, -92]","[236, -92]","[-214, -242]","[-64, -242]","[86, -242]","[236, -242]","[100, 100]","[100, 100]","[100, 100]","[100, 100]","[100, 100]","[100, 100]","[100, 100]","[100, 100]","[100, 100]","[100, 100]","[100, 100]","[100, 100]","[100, 100]","[100, 100]","[100, 100]","[100, 100]",ok.png,"[0, -375]","[150, 100]",363,dots,16,2,m,1,1,1,1,0,0,0,0,0,0,0,1.61353480816,1.613534808158875,0,-198,-198,-239,-239,1,1,0,0,0,0,0,0,0,2.99292683601,2.992926836013794,0,-10,-10,-363,-363,3
29.png,17.png,06.png,16.png,15.png,03.png,33.png,08.png,13.png,28.png,02.png,10.png,23.png,dots1.png,12.png,01.png,"[-200, 201]","[-50, 201]","[100, 201]","[250, 201]","[-200, 51]","[-50, 51]","[100, 51]","[250, 51]","[-200, -99]","[-50, -99]","[100, -99]","[250, -99]","[-200, -249]","[-50, -249]","[100, -249]","[250, -249]","[100, 100]","[100, 100]","[100, 100]","[100, 100]","[100, 100]","[100, 100]","[100, 100]","[100, 100]","[100, 100]","[100, 100]","[100, 100]","[100, 100]","[100, 100]","[100, 100]","[100, 100]","[100, 100]",ok.png,"[0, -375]","[150, 100]",364,dots,16,2,m,1,1,1,1,0,0,0,0,0,0,0,1.38541924953,1.385419249534607,0,-49,-49,-249,-249,1,1,0,0,0,0,0,0,0,1.36840724945,1.368407249450684,0,26,26,-401,-401,306
32.png,30.png,08.png,16.png,14.png,06.png,04.png,33.png,27.png,23.png,17.png,13.png,07.png,03.png,dots1.png,24.png,"[-233, 208]","[-83, 208]","[67, 208]","[217, 208]","[-233, 58]","[-83, 58]","[67, 58]","[217, 58]","[-233, -92]","[-83, -92]","[67, -92]","[217, -92]","[-233, -242]","[-83, -242]","[67, -242]","[217, -242]","[100, 100]","[100, 100]","[100, 100]","[100, 100]","[100, 100]","[100, 100]","[100, 100]","[100, 100]","[100, 100]","[100, 100]","[100, 100]","[100, 100]","[100, 100]","[100, 100]","[100, 100]","[100, 100]",ok.png,"[0, -375]","[150, 100]",365,dots,16,2,m,1,1,1,1,0,0,0,0,0,0,0,1.50839722157,1.508397221565247,0,81,81,-242,-242,1,1,0,0,0,0,0,0,0,2.41341161728,2.413411617279053,0,-26,-26,-373,-373,269
04.png,20.png,30.png,02.png,12.png,16.png,03.png,04.png,24.png,23.png,33.png,27.png,14.png,07.png,17.png,dots1.png,"[-210, 203]","[-60, 203]","[90, 203]","[240, 203]","[-210, 53]","[-60, 53]","[90, 53]","[240, 53]","[-210, -97]","[-60, -97]","[90, -97]","[240, -97]","[-210, -247]","[-60, -247]","[90, -247]","[240, -247]","[100, 100]","[100, 100]","[100, 100]","[100, 100]","[100, 100]","[100, 100]","[100, 100]","[100, 100]","[100, 100]","[100, 100]","[100, 100]","[100, 100]","[100, 100]","[100, 100]","[100, 100]","[100, 100]",ok.png,"[0, -375]","[150, 100]",366,dots,16,2,m,1,1,1,1,0,0,0,0,0,0,0,1.73930203915,1.739302039146423,0,240,240,-265,-265,1,1,0,0,0,0,0,0,0,1.57364857197,1.573648571968079,0,1,1,-375,-375,147
03.png,19.png,29.png,09.png,25.png,02.png,32.png,11.png,12.png,22.png,16.png,31.png,13.png,04.png,dots1.png,18.png,"[-201, 236]","[-51, 236]","[99, 236]","[249, 236]","[-201, 86]","[-51, 86]","[99, 86]","[249, 86]","[-201, -64]","[-51, -64]","[99, -64]","[249, -64]","[-201, -214]","[-51, -214]","[99, -214]","[249, -214]","[100, 100]","[100, 100]","[100, 100]","[100, 100]","[100, 100]","[100, 100]","[100, 100]","[100, 100]","[100, 100]","[100, 100]","[100, 100]","[100, 100]","[100, 100]","[100, 100]","[100, 100]","[100, 100]",ok.png,"[0, -375]","[150, 100]",367,dots,16,2,m,1,1,1,1,0,0,0,0,0,0,0,0.883696734905,0.8836967349052429,0,113,113,-229,-229,1,1,0,0,0,0,0,0,0,1.57569169998,1.575691699981689,0,18,18,-331,-331,215
16.png,13.png,11.png,05.png,21.png,30.png,07.png,23.png,01.png,27.png,28.png,25.png,03.png,dots1.png,08.png,15.png,"[-206, 250]","[-56, 250]","[94, 250]","[244, 250]","[-206, 100]","[-56, 100]","[94, 100]","[244, 100]","[-206, -50]","[-56, -50]","[94, -50]","[244, -50]","[-206, -200]","[-56, -200]","[94, -200]","[244, -200]","[100, 100]","[100, 100]","[100, 100]","[100, 100]","[100, 100]","[100, 100]","[100, 100]","[100, 100]","[100, 100]","[100, 100]","[100, 100]","[100, 100]","[100, 100]","[100, 100]","[100, 100]","[100, 100]",ok.png,"[0, -375]","[150, 100]",368,dots,16,2,m,1,1,1,1,0,0,0,0,0,0,0,1.30394005775,1.303940057754517,0,-47,-47,-204,-204,1,1,0,0,0,0,0,0,0,1.08823132515,1.088231325149536,0,9,9,-411,-411,291
06.png,21.png,15.png,17.png,20.png,05.png,16.png,28.png,29.png,09.png,02.png,23.png,dots1.png,14.png,07.png,32.png,"[-203, 202]","[-53, 202]","[97, 202]","[247, 202]","[-203, 52]","[-53, 52]","[97, 52]","[247, 52]","[-203, -98]","[-53, -98]","[97, -98]","[247, -98]","[-203, -248]","[-53, -248]","[97, -248]","[247, -248]","[100, 100]","[100, 100]","[100, 100]","[100, 100]","[100, 100]","[100, 100]","[100, 100]","[100, 100]","[100, 100]","[100, 100]","[100, 100]","[100, 100]","[100, 100]","[100, 100]","[100, 100]","[100, 100]",ok.png,"[0, -375]","[150, 100]",369,dots,16,2,m,1,1,1,1,0,0,0,0,0,0,0,1.43183624744,1.431836247444153,0,-208,-208,-244,-244,1,1,0,0,0,0,0,0,0,1.04162144661,1.041621446609497,0,43,43,-389,-389,113
06.png,11.png,01.png,28.png,12.png,17.png,19.png,34.png,15.png,30.png,08.png,dots1.png,31.png,21.png,32.png,03.png,"[-232, 207]","[-82, 207]","[68, 207]","[218, 207]","[-232, 57]","[-82, 57]","[68, 57]","[218, 57]","[-232, -93]","[-82, -93]","[68, -93]","[218, -93]","[-232, -243]","[-82, -243]","[68, -243]","[218, -243]","[100, 100]","[100, 100]","[100, 100]","[100, 100]","[100, 100]","[100, 100]","[100, 100]","[100, 100]","[100, 100]","[100, 100]","[100, 100]","[100, 100]","[100, 100]","[100, 100]","[100, 100]","[100, 100]",ok.png,"[0, -375]","[150, 100]",370,dots,16,2,m,1,1,1,1,0,0,0,0,0,0,0,0.866132557392,0.8661325573921204,0,229,229,-101,-101,1,1,0,0,0,0,0,0,0,1.07629585266,1.076295852661133,0,-13,-13,-366,-366,176
09.png,03.png,12.png,04.png,32.png,31.png,24.png,27.png,07.png,09.png,dots1.png,10.png,13.png,16.png,22.png,28.png,"[-216, 210]","[-66, 210]","[84, 210]","[234, 210]","[-216, 60]","[-66, 60]","[84, 60]","[234, 60]","[-216, -90]","[-66, -90]","[84, -90]","[234, -90]","[-216, -240]","[-66, -240]","[84, -240]","[234, -240]","[100, 100]","[100, 100]","[100, 100]","[100, 100]","[100, 100]","[100, 100]","[100, 100]","[100, 100]","[100, 100]","[100, 100]","[100, 100]","[100, 100]","[100, 100]","[100, 100]","[100, 100]","[100, 100]",ok.png,"[0, -375]","[150, 100]",371,dots,16,2,m,1,1,1,1,0,0,0,0,0,0,0,1.35338902473,1.353389024734497,0,89,89,-86,-86,1,1,0,0,0,0,0,0,0,1.275816679,1.275816679000854,0,19,19,-377,-377,168
18.png,14.png,25.png,12.png,33.png,19.png,05.png,08.png,01.png,dots1.png,07.png,10.png,34.png,20.png,26.png,30.png,"[-241, 225]","[-91, 225]","[59, 225]","[209, 225]","[-241, 75]","[-91, 75]","[59, 75]","[209, 75]","[-241, -75]","[-91, -75]","[59, -75]","[209, -75]","[-241, -225]","[-91, -225]","[59, -225]","[209, -225]","[100, 100]","[100, 100]","[100, 100]","[100, 100]","[100, 100]","[100, 100]","[100, 100]","[100, 100]","[100, 100]","[100, 100]","[100, 100]","[100, 100]","[100, 100]","[100, 100]","[100, 100]","[100, 100]",ok.png,"[0, -375]","[150, 100]",372,dots,16,2,m,1,1,1,1,0,0,0,0,0,0,0,1.55384016037,1.553840160369873,0,-90,-90,-86,-86,1,1,0,0,0,0,0,0,0,1.49552512169,1.495525121688843,0,-4,-4,-363,-363,99
11.png,13.png,17.png,18.png,21.png,14.png,25.png,09.png,dots1.png,02.png,04.png,30.png,26.png,24.png,33.png,01.png,"[-241, 250]","[-91, 250]","[59, 250]","[209, 250]","[-241, 100]","[-91, 100]","[59, 100]","[209, 100]","[-241, -50]","[-91, -50]","[59, -50]","[209, -50]","[-241, -200]","[-91, -200]","[59, -200]","[209, -200]","[100, 100]","[100, 100]","[100, 100]","[100, 100]","[100, 100]","[100, 100]","[100, 100]","[100, 100]","[100, 100]","[100, 100]","[100, 100]","[100, 100]","[100, 100]","[100, 100]","[100, 100]","[100, 100]",ok.png,"[0, -375]","[150, 100]",373,dots,16,2,m,1,1,1,1,0,0,0,0,0,0,0,0.915813207626,0.9158132076263428,0,-256,-256,-59,-59,1,1,0,0,0,0,0,0,0,1.44822049141,1.448220491409302,0,7,7,-391,-391,251
08.png,14.png,10.png,20.png,11.png,07.png,22.png,dots1.png,18.png,31.png,26.png,30.png,09.png,29.png,03.png,19.png,"[-236, 202]","[-86, 202]","[64, 202]","[214, 202]","[-236, 52]","[-86, 52]","[64, 52]","[214, 52]","[-236, -98]","[-86, -98]","[64, -98]","[214, -98]","[-236, -248]","[-86, -248]","[64, -248]","[214, -248]","[100, 100]","[100, 100]","[100, 100]","[100, 100]","[100, 100]","[100, 100]","[100, 100]","[100, 100]","[100, 100]","[100, 100]","[100, 100]","[100, 100]","[100, 100]","[100, 100]","[100, 100]","[100, 100]",ok.png,"[0, -375]","[150, 100]",374,dots,16,2,m,1,1,1,1,0,0,0,0,0,0,0,1.67982006073,1.67982006072998,0,220,220,38,38,1,1,0,0,0,0,0,0,0,1.74397742748,1.743977427482605,0,-9,-9,-358,-358,73
31.png,03.png,13.png,11.png,23.png,21.png,dots1.png,30.png,33.png,15.png,14.png,05.png,19.png,32.png,29.png,26.png,"[-207, 229]","[-57, 229]","[93, 229]","[243, 229]","[-207, 79]","[-57, 79]","[93, 79]","[243, 79]","[-207, -71]","[-57, -71]","[93, -71]","[243, -71]","[-207, -221]","[-57, -221]","[93, -221]","[243, -221]","[100, 100]","[100, 100]","[100, 100]","[100, 100]","[100, 100]","[100, 100]","[100, 100]","[100, 100]","[100, 100]","[100, 100]","[100, 100]","[100, 100]","[100, 100]","[100, 100]","[100, 100]","[100, 100]",ok.png,"[0, -375]","[150, 100]",375,dots,16,2,m,1,1,1,1,0,0,0,0,0,0,0,0.965718328953,0.9657183289527892,0,87,87,69,69,1,1,0,0,0,0,0,0,0,1.72715556622,1.727155566215515,0,-21,-21,-385,-385,58
15.png,14.png,13.png,12.png,11.png,10.png,09.png,08.png,07.png,06.png,05.png,04.png,03.png,02.png,01.png,dots2.png,"[-215, 230]","[-65, 230]","[85, 230]","[235, 230]","[-215, 80]","[-65, 80]","[85, 80]","[235, 80]","[-215, -70]","[-65, -70]","[85, -70]","[235, -70]","[-215, -220]","[-65, -220]","[85, -220]","[235, -220]","[100, 100]","[100, 100]","[100, 100]","[100, 100]","[100, 100]","[100, 100]","[100, 100]","[100, 100]","[100, 100]","[100, 100]","[100, 100]","[100, 100]","[100, 100]","[100, 100]","[100, 100]","[100, 100]",ok.png,"[0, -375]","[150, 100]",376,dots,16,2,m,1,1,1,1,0,0,0,0,0,0,0,1.44460320473,1.444603204727173,0,228,228,-247,-247,1,1,0,0,0,0,0,0,0,1.05617237091,1.056172370910645,0,10,10,-368,-368,218
23.png,22.png,31.png,32.png,33.png,34.png,14.png,15.png,13.png,12.png,11.png,10.png,01.png,09.png,dots2.png,08.png,"[-244, 246]","[-94, 246]","[56, 246]","[206, 246]","[-244, 96]","[-94, 96]","[56, 96]","[206, 96]","[-244, -54]","[-94, -54]","[56, -54]","[206, -54]","[-244, -204]","[-94, -204]","[56, -204]","[206, -204]","[100, 100]","[100, 100]","[100, 100]","[100, 100]","[100, 100]","[100, 100]","[100, 100]","[100, 100]","[100, 100]","[100, 100]","[100, 100]","[100, 100]","[100, 100]","[100, 100]","[100, 100]","[100, 100]",ok.png,"[0, -375]","[150, 100]",377,dots,16,2,m,1,1,1,1,0,0,0,0,0,0,0,1.33773040771,1.337730407714844,0,44,44,-187,-187,1,1,0,0,0,0,0,0,0,0.917680799961,0.91768079996109,0,-1,-1,-404,-404,209
27.png,30.png,25.png,24.png,23.png,22.png,21.png,20.png,19.png,18.png,17.png,16.png,15.png,dots2.png,06.png,05.png,"[-225, 244]","[-75, 244]","[75, 244]","[225, 244]","[-225, 94]","[-75, 94]","[75, 94]","[225, 94]","[-225, -56]","[-75, -56]","[75, -56]","[225, -56]","[-225, -206]","[-75, -206]","[75, -206]","[225, -206]","[100, 100]","[100, 100]","[100, 100]","[100, 100]","[100, 100]","[100, 100]","[100, 100]","[100, 100]","[100, 100]","[100, 100]","[100, 100]","[100, 100]","[100, 100]","[100, 100]","[100, 100]","[100, 100]",ok.png,"[0, -375]","[150, 100]",378,dots,16,2,m,1,1,1,1,0,0,0,0,0,0,0,1.930082798,1.93008279800415,0,-68,-68,-192,-192,1,1,0,0,0,0,0,0,0,0.919365048409,0.9193650484085084,0,-26,-26,-363,-363,193
33.png,32.png,30.png,29.png,08.png,02.png,31.png,27.png,26.png,28.png,12.png,03.png,dots2.png,24.png,23.png,22.png,"[-211, 203]","[-61, 203]","[89, 203]","[239, 203]","[-211, 53]","[-61, 53]","[89, 53]","[239, 53]","[-211, -97]","[-61, -97]","[89, -97]","[239, -97]","[-211, -247]","[-61, -247]","[89, -247]","[239, -247]","[100, 100]","[100, 100]","[100, 100]","[100, 100]","[100, 100]","[100, 100]","[100, 100]","[100, 100]","[100, 100]","[100, 100]","[100, 100]","[100, 100]","[100, 100]","[100, 100]","[100, 100]","[100, 100]",ok.png,"[0, -375]","[150, 100]",379,dots,16,2,m,1,1,1,1,0,0,0,0,0,0,0,3.95300078392,3.953000783920288,0,-212,-212,-266,-266,1,1,0,0,0,0,0,0,0,0.496243238449,0.4962432384490967,0,24,24,-354,-354,223
28.png,26.png,24.png,22.png,01.png,34.png,33.png,32.png,31.png,30.png,29.png,dots2.png,08.png,06.png,04.png,02.png,"[-214, 210]","[-64, 210]","[86, 210]","[236, 210]","[-214, 60]","[-64, 60]","[86, 60]","[236, 60]","[-214, -90]","[-64, -90]","[86, -90]","[236, -90]","[-214, -240]","[-64, -240]","[86, -240]","[236, -240]","[100, 100]","[100, 100]","[100, 100]","[100, 100]","[100, 100]","[100, 100]","[100, 100]","[100, 100]","[100, 100]","[100, 100]","[100, 100]","[100, 100]","[100, 100]","[100, 100]","[100, 100]","[100, 100]",ok.png,"[0, -375]","[150, 100]",380,dots,16,2,m,1,1,1,1,0,0,0,0,0,0,0,1.33647143841,1.336471438407898,0,227,227,-90,-90,1,1,0,0,0,0,0,0,0,1.29157149792,1.291571497917175,0,22,22,-370,-370,338
32.png,30.png,23.png,17.png,29.png,09.png,15.png,06.png,26.png,11.png,dots2.png,04.png,27.png,07.png,34.png,01.png,"[-231, 206]","[-81, 206]","[69, 206]","[219, 206]","[-231, 56]","[-81, 56]","[69, 56]","[219, 56]","[-231, -94]","[-81, -94]","[69, -94]","[219, -94]","[-231, -244]","[-81, -244]","[69, -244]","[219, -244]","[100, 100]","[100, 100]","[100, 100]","[100, 100]","[100, 100]","[100, 100]","[100, 100]","[100, 100]","[100, 100]","[100, 100]","[100, 100]","[100, 100]","[100, 100]","[100, 100]","[100, 100]","[100, 100]",ok.png,"[0, -375]","[150, 100]",381,dots,16,2,m,1,1,1,1,0,0,0,0,0,0,0,1.37942779064,1.379427790641785,0,63,63,-99,-99,1,1,0,0,0,0,0,0,0,2.00996232033,2.009962320327759,0,22,22,-368,-368,33
17.png,09.png,22.png,06.png,27.png,13.png,14.png,18.png,25.png,dots2.png,03.png,07.png,05.png,02.png,24.png,12.png,"[-207, 248]","[-57, 248]","[93, 248]","[243, 248]","[-207, 98]","[-57, 98]","[93, 98]","[243, 98]","[-207, -52]","[-57, -52]","[93, -52]","[243, -52]","[-207, -202]","[-57, -202]","[93, -202]","[243, -202]","[100, 100]","[100, 100]","[100, 100]","[100, 100]","[100, 100]","[100, 100]","[100, 100]","[100, 100]","[100, 100]","[100, 100]","[100, 100]","[100, 100]","[100, 100]","[100, 100]","[100, 100]","[100, 100]",ok.png,"[0, -375]","[150, 100]",382,dots,16,2,m,1,1,1,1,0,0,0,0,0,0,0,0.903548002243,0.903548002243042,0,-55,-55,-57,-57,1,1,0,0,0,0,0,0,0,1.63234436512,1.632344365119934,0,21,21,-360,-360,431
22.png,33.png,01.png,09.png,31.png,25.png,17.png,30.png,dots2.png,27.png,15.png,20.png,07.png,33.png,05.png,13.png,"[-227, 211]","[-77, 211]","[73, 211]","[223, 211]","[-227, 61]","[-77, 61]","[73, 61]","[223, 61]","[-227, -89]","[-77, -89]","[73, -89]","[223, -89]","[-227, -239]","[-77, -239]","[73, -239]","[223, -239]","[100, 100]","[100, 100]","[100, 100]","[100, 100]","[100, 100]","[100, 100]","[100, 100]","[100, 100]","[100, 100]","[100, 100]","[100, 100]","[100, 100]","[100, 100]","[100, 100]","[100, 100]","[100, 100]",ok.png,"[0, -375]","[150, 100]",383,dots,16,2,m,1,1,1,1,0,0,0,0,0,0,0,1.02215886116,1.022158861160278,0,-223,-223,-99,-99,1,1,0,0,0,0,0,0,0,1.2765430212,1.276543021202087,0,-13,-13,-370,-370,399
33.png,31.png,25.png,21.png,27.png,23.png,29.png,dots2.png,06.png,04.png,08.png,02.png,16.png,13.png,10.png,07.png,"[-225, 233]","[-75, 233]","[75, 233]","[225, 233]","[-225, 83]","[-75, 83]","[75, 83]","[225, 83]","[-225, -67]","[-75, -67]","[75, -67]","[225, -67]","[-225, -217]","[-75, -217]","[75, -217]","[225, -217]","[100, 100]","[100, 100]","[100, 100]","[100, 100]","[100, 100]","[100, 100]","[100, 100]","[100, 100]","[100, 100]","[100, 100]","[100, 100]","[100, 100]","[100, 100]","[100, 100]","[100, 100]","[100, 100]",ok.png,"[0, -375]","[150, 100]",384,dots,16,2,m,1,1,1,1,0,0,0,0,0,0,0,3.20789957047,3.207899570465088,0,242,242,46,46,1,1,0,0,0,0,0,0,0,1.25970518589,1.259705185890198,0,-8,-8,-385,-385,37
30.png,32.png,27.png,21.png,26.png,24.png,dots2.png,22.png,20.png,18.png,16.png,14.png,03.png,05.png,07.png,09.png,"[-241, 211]","[-91, 211]","[59, 211]","[209, 211]","[-241, 61]","[-91, 61]","[59, 61]","[209, 61]","[-241, -89]","[-91, -89]","[59, -89]","[209, -89]","[-241, -239]","[-91, -239]","[59, -239]","[209, -239]","[100, 100]","[100, 100]","[100, 100]","[100, 100]","[100, 100]","[100, 100]","[100, 100]","[100, 100]","[100, 100]","[100, 100]","[100, 100]","[100, 100]","[100, 100]","[100, 100]","[100, 100]","[100, 100]",ok.png,"[0, -375]","[150, 100]",385,dots,16,2,m,1,1,1,1,0,0,0,0,0,0,0,0.679290175438,0.6792901754379272,0,79,79,57,57,1,1,0,0,0,0,0,0,0,1.97753322124,1.977533221244812,0,32,32,-384,-384,233
01.png,18.png,27.png,24.png,21.png,dots2.png,19.png,16.png,32.png,34.png,10.png,13.png,31.png,33.png,14.png,05.png,"[-200, 239]","[-50, 239]","[100, 239]","[250, 239]","[-200, 89]","[-50, 89]","[100, 89]","[250, 89]","[-200, -61]","[-50, -61]","[100, -61]","[250, -61]","[-200, -211]","[-50, -211]","[100, -211]","[250, -211]","[100, 100]","[100, 100]","[100, 100]","[100, 100]","[100, 100]","[100, 100]","[100, 100]","[100, 100]","[100, 100]","[100, 100]","[100, 100]","[100, 100]","[100, 100]","[100, 100]","[100, 100]","[100, 100]",ok.png,"[0, -375]","[150, 100]",386,dots,16,2,m,1,1,1,1,0,0,0,0,0,0,0,0.7600684762,0.7600684762001038,0,-44,-44,89,89,1,1,0,0,0,0,0,0,0,1.24748373032,1.247483730316162,0,-22,-22,-397,-397,119
34.png,27.png,08.png,18.png,dots2.png,11.png,16.png,21.png,17.png,04.png,24.png,09.png,25.png,20.png,15.png,10.png,"[-213, 234]","[-63, 234]","[87, 234]","[237, 234]","[-213, 84]","[-63, 84]","[87, 84]","[237, 84]","[-213, -66]","[-63, -66]","[87, -66]","[237, -66]","[-213, -216]","[-63, -216]","[87, -216]","[237, -216]","[100, 100]","[100, 100]","[100, 100]","[100, 100]","[100, 100]","[100, 100]","[100, 100]","[100, 100]","[100, 100]","[100, 100]","[100, 100]","[100, 100]","[100, 100]","[100, 100]","[100, 100]","[100, 100]",ok.png,"[0, -375]","[150, 100]",387,dots,16,2,m,1,1,1,1,0,0,0,0,0,0,0,1.24696540833,1.246965408325195,0,-214,-214,84,84,1,1,0,0,0,0,0,0,0,1.22561502457,1.22561502456665,0,-11,-11,-363,-363,343
04.png,02.png,05.png,dots2.png,08.png,07.png,01.png,03.png,26.png,29.png,32.png,28.png,24.png,20.png,10.png,16.png,"[-231, 228]","[-81, 228]","[69, 228]","[219, 228]","[-231, 78]","[-81, 78]","[69, 78]","[219, 78]","[-231, -72]","[-81, -72]","[69, -72]","[219, -72]","[-231, -222]","[-81, -222]","[69, -222]","[219, -222]","[100, 100]","[100, 100]","[100, 100]","[100, 100]","[100, 100]","[100, 100]","[100, 100]","[100, 100]","[100, 100]","[100, 100]","[100, 100]","[100, 100]","[100, 100]","[100, 100]","[100, 100]","[100, 100]",ok.png,"[0, -375]","[150, 100]",388,dots,16,2,m,1,1,1,1,0,0,0,0,0,0,0,0.773093163967,0.7730931639671326,0,236,236,255,255,1,1,0,0,0,0,0,0,0,1.48046350479,1.48046350479126,0,-32,-32,-349,-349,230
01.png,12.png,dots2.png,23.png,10.png,02.png,28.png,13.png,08.png,33.png,03.png,15.png,16.png,06.png,17.png,29.png,"[-200, 237]","[-50, 237]","[100, 237]","[250, 237]","[-200, 87]","[-50, 87]","[100, 87]","[250, 87]","[-200, -63]","[-50, -63]","[100, -63]","[250, -63]","[-200, -213]","[-50, -213]","[100, -213]","[250, -213]","[100, 100]","[100, 100]","[100, 100]","[100, 100]","[100, 100]","[100, 100]","[100, 100]","[100, 100]","[100, 100]","[100, 100]","[100, 100]","[100, 100]","[100, 100]","[100, 100]","[100, 100]","[100, 100]",ok.png,"[0, -375]","[150, 100]",389,dots,16,2,m,1,1,1,1,0,0,0,0,0,0,0,1.02414858341,1.02414858341217,0,76,76,234,234,1,1,0,0,0,0,0,0,0,1.37213420868,1.372134208679199,0,35,35,-365,-365,342
24.png,dots2.png,03.png,07.png,13.png,17.png,23.png,27.png,33.png,04.png,06.png,14.png,16.png,08.png,30.png,32.png,"[-220, 228]","[-70, 228]","[80, 228]","[230, 228]","[-220, 78]","[-70, 78]","[80, 78]","[230, 78]","[-220, -72]","[-70, -72]","[80, -72]","[230, -72]","[-220, -222]","[-70, -222]","[80, -222]","[230, -222]","[100, 100]","[100, 100]","[100, 100]","[100, 100]","[100, 100]","[100, 100]","[100, 100]","[100, 100]","[100, 100]","[100, 100]","[100, 100]","[100, 100]","[100, 100]","[100, 100]","[100, 100]","[100, 100]",ok.png,"[0, -375]","[150, 100]",390,dots,16,2,m,1,1,1,1,0,0,0,0,0,0,0,1.21311545372,1.213115453720093,0,-82,-82,213,213,1,1,0,0,0,0,0,0,0,1.55732762814,1.557327628135681,0,18,18,-373,-373,328
dots2.png,17.png,07.png,14.png,27.png,33.png,23.png,24.png,04.png,03.png,16.png,12.png,02.png,30.png,20.png,04.png,"[-225, 212]","[-75, 212]","[75, 212]","[225, 212]","[-225, 62]","[-75, 62]","[75, 62]","[225, 62]","[-225, -88]","[-75, -88]","[75, -88]","[225, -88]","[-225, -238]","[-75, -238]","[75, -238]","[225, -238]","[100, 100]","[100, 100]","[100, 100]","[100, 100]","[100, 100]","[100, 100]","[100, 100]","[100, 100]","[100, 100]","[100, 100]","[100, 100]","[100, 100]","[100, 100]","[100, 100]","[100, 100]","[100, 100]",ok.png,"[0, -375]","[150, 100]",391,dots,16,2,m,1,1,1,1,0,0,0,0,0,0,0,1.28871035576,1.288710355758667,0,-239,-239,199,199,1,1,0,0,0,0,0,0,0,2.09030222893,2.090302228927612,0,19,19,-388,-388,236
18.png,dots2.png,04.png,13.png,31.png,16.png,22.png,12.png,11.png,32.png,02.png,25.png,09.png,29.png,19.png,03.png,"[-225, 216]","[-75, 216]","[75, 216]","[225, 216]","[-225, 66]","[-75, 66]","[75, 66]","[225, 66]","[-225, -84]","[-75, -84]","[75, -84]","[225, -84]","[-225, -234]","[-75, -234]","[75, -234]","[225, -234]","[100, 100]","[100, 100]","[100, 100]","[100, 100]","[100, 100]","[100, 100]","[100, 100]","[100, 100]","[100, 100]","[100, 100]","[100, 100]","[100, 100]","[100, 100]","[100, 100]","[100, 100]","[100, 100]",ok.png,"[0, -375]","[150, 100]",392,dots,16,2,m,1,1,1,1,0,0,0,0,0,0,0,1.09805309772,1.098053097724915,0,-78,-78,205,205,1,1,0,0,0,0,0,0,0,1.71377646923,1.713776469230652,0,20,20,-384,-384,237
15.png,08.png,dots2.png,03.png,25.png,28.png,27.png,01.png,23.png,07.png,30.png,21.png,05.png,11.png,13.png,16.png,"[-243, 226]","[-93, 226]","[57, 226]","[207, 226]","[-243, 76]","[-93, 76]","[57, 76]","[207, 76]","[-243, -74]","[-93, -74]","[57, -74]","[207, -74]","[-243, -224]","[-93, -224]","[57, -224]","[207, -224]","[100, 100]","[100, 100]","[100, 100]","[100, 100]","[100, 100]","[100, 100]","[100, 100]","[100, 100]","[100, 100]","[100, 100]","[100, 100]","[100, 100]","[100, 100]","[100, 100]","[100, 100]","[100, 100]",ok.png,"[0, -375]","[150, 100]",393,dots,16,2,m,1,1,1,1,0,0,0,0,0,0,0,1.44703018665,1.447030186653137,0,34,34,219,219,1,1,0,0,0,0,0,0,0,1.49410641193,1.494106411933899,0,-15,-15,-406,-406,75
32.png,07.png,14.png,dots2.png,23.png,02.png,09.png,29.png,28.png,16.png,05.png,20.png,17.png,15.png,21.png,06.png,"[-212, 242]","[-62, 242]","[88, 242]","[238, 242]","[-212, 92]","[-62, 92]","[88, 92]","[238, 92]","[-212, -58]","[-62, -58]","[88, -58]","[238, -58]","[-212, -208]","[-62, -208]","[88, -208]","[238, -208]","[100, 100]","[100, 100]","[100, 100]","[100, 100]","[100, 100]","[100, 100]","[100, 100]","[100, 100]","[100, 100]","[100, 100]","[100, 100]","[100, 100]","[100, 100]","[100, 100]","[100, 100]","[100, 100]",ok.png,"[0, -375]","[150, 100]",394,dots,16,2,m,1,1,1,1,0,0,0,0,0,0,0,1.10426831245,1.104268312454224,0,240,240,257,257,1,1,0,0,0,0,0,0,0,1.83839690685,1.838396906852722,0,15,15,-379,-379,185
03.png,32.png,21.png,31.png,dots2.png,08.png,30.png,15.png,34.png,19.png,17.png,12.png,28.png,01.png,11.png,06.png,"[-206, 233]","[-56, 233]","[94, 233]","[244, 233]","[-206, 83]","[-56, 83]","[94, 83]","[244, 83]","[-206, -67]","[-56, -67]","[94, -67]","[244, -67]","[-206, -217]","[-56, -217]","[94, -217]","[244, -217]","[100, 100]","[100, 100]","[100, 100]","[100, 100]","[100, 100]","[100, 100]","[100, 100]","[100, 100]","[100, 100]","[100, 100]","[100, 100]","[100, 100]","[100, 100]","[100, 100]","[100, 100]","[100, 100]",ok.png,"[0, -375]","[150, 100]",395,dots,16,2,m,1,1,1,1,0,0,0,0,0,0,0,1.51061785221,1.510617852210999,0,-193,-193,80,80,1,1,0,0,0,0,0,0,0,0.947910130024,0.9479101300239564,0,20,20,-356,-356,449
28.png,22.png,16.png,13.png,10.png,dots2.png,09.png,07.png,27.png,24.png,31.png,32.png,04.png,12.png,03.png,09.png,"[-202, 210]","[-52, 210]","[98, 210]","[248, 210]","[-202, 60]","[-52, 60]","[98, 60]","[248, 60]","[-202, -90]","[-52, -90]","[98, -90]","[248, -90]","[-202, -240]","[-52, -240]","[98, -240]","[248, -240]","[100, 100]","[100, 100]","[100, 100]","[100, 100]","[100, 100]","[100, 100]","[100, 100]","[100, 100]","[100, 100]","[100, 100]","[100, 100]","[100, 100]","[100, 100]","[100, 100]","[100, 100]","[100, 100]",ok.png,"[0, -375]","[150, 100]",396,dots,16,2,m,1,1,1,1,0,0,0,0,0,0,0,0.84913110733,0.8491311073303223,0,-51,-51,85,85,1,1,0,0,0,0,0,0,0,1.98141491413,1.981414914131165,0,0,0,-392,-392,225
30.png,26.png,20.png,34.png,10.png,07.png,dots2.png,01.png,08.png,05.png,19.png,33.png,12.png,25.png,14.png,18.png,"[-228, 240]","[-78, 240]","[72, 240]","[222, 240]","[-228, 90]","[-78, 90]","[72, 90]","[222, 90]","[-228, -60]","[-78, -60]","[72, -60]","[222, -60]","[-228, -210]","[-78, -210]","[72, -210]","[222, -210]","[100, 100]","[100, 100]","[100, 100]","[100, 100]","[100, 100]","[100, 100]","[100, 100]","[100, 100]","[100, 100]","[100, 100]","[100, 100]","[100, 100]","[100, 100]","[100, 100]","[100, 100]","[100, 100]",ok.png,"[0, -375]","[150, 100]",397,dots,16,2,m,1,1,1,1,0,0,0,0,0,0,0,0.725602388382,0.725602388381958,0,77,77,84,84,1,1,0,0,0,0,0,0,0,1.62007367611,1.620073676109314,0,13,13,-385,-385,256
01.png,33.png,24.png,26.png,30.png,04.png,02.png,dots2.png,09.png,25.png,14.png,21.png,18.png,17.png,13.png,11.png,"[-247, 231]","[-97, 231]","[53, 231]","[203, 231]","[-247, 81]","[-97, 81]","[53, 81]","[203, 81]","[-247, -69]","[-97, -69]","[53, -69]","[203, -69]","[-247, -219]","[-97, -219]","[53, -219]","[203, -219]","[100, 100]","[100, 100]","[100, 100]","[100, 100]","[100, 100]","[100, 100]","[100, 100]","[100, 100]","[100, 100]","[100, 100]","[100, 100]","[100, 100]","[100, 100]","[100, 100]","[100, 100]","[100, 100]",ok.png,"[0, -375]","[150, 100]",398,dots,16,2,m,1,1,1,1,0,0,0,0,0,0,0,2.84581828117,2.845818281173706,0,240,240,80,80,1,1,0,0,0,0,0,0,0,0.886636555195,0.8866365551948547,0,37,37,-389,-389,442
19.png,03.png,29.png,09.png,30.png,26.png,31.png,18.png,dots2.png,22.png,07.png,11.png,20.png,10.png,14.png,08.png,"[-217, 242]","[-67, 242]","[83, 242]","[233, 242]","[-217, 92]","[-67, 92]","[83, 92]","[233, 92]","[-217, -58]","[-67, -58]","[83, -58]","[233, -58]","[-217, -208]","[-67, -208]","[83, -208]","[233, -208]","[100, 100]","[100, 100]","[100, 100]","[100, 100]","[100, 100]","[100, 100]","[100, 100]","[100, 100]","[100, 100]","[100, 100]","[100, 100]","[100, 100]","[100, 100]","[100, 100]","[100, 100]","[100, 100]",ok.png,"[0, -375]","[150, 100]",399,dots,16,2,m,1,1,1,1,0,0,0,0,0,0,0,1.13298618793,1.132986187934875,0,-207,-207,-48,-48,1,1,0,0,0,0,0,0,0,2.01043629646,2.010436296463013,0,-26,-26,-347,-347,224
26.png,29.png,32.png,19.png,05.png,14.png,15.png,33.png,30.png,dots2.png,21.png,23.png,11.png,13.png,03.png,31.png,"[-223, 204]","[-73, 204]","[77, 204]","[227, 204]","[-223, 54]","[-73, 54]","[77, 54]","[227, 54]","[-223, -96]","[-73, -96]","[77, -96]","[227, -96]","[-223, -246]","[-73, -246]","[77, -246]","[227, -246]","[100, 100]","[100, 100]","[100, 100]","[100, 100]","[100, 100]","[100, 100]","[100, 100]","[100, 100]","[100, 100]","[100, 100]","[100, 100]","[100, 100]","[100, 100]","[100, 100]","[100, 100]","[100, 100]",ok.png,"[0, -375]","[150, 100]",400,dots,16,2,m,1,1,1,1,0,0,0,0,0,0,0,1.35148966312,1.351489663124084,0,-75,-75,-94,-94,1,1,0,0,0,0,0,0,0,1.57515561581,1.57515561580658,0,-5,-5,-372,-372,324
tray1.png,01.png,02.png,03.png,04.png,05.png,06.png,07.png,08.png,09.png,10.png,11.png,12.png,13.png,14.png,dots1.png,"[-200, 239]","[-50, 239]","[100, 239]","[250, 239]","[-200, 89]","[-50, 89]","[100, 89]","[250, 89]","[-200, -61]","[-50, -61]","[100, -61]","[250, -61]","[-200, -211]","[-50, -211]","[100, -211]","[250, -211]","[100, 100]","[100, 100]","[100, 100]","[100, 100]","[100, 100]","[100, 100]","[100, 100]","[100, 100]","[100, 100]","[100, 100]","[100, 100]","[100, 100]","[100, 100]","[100, 100]","[100, 100]","[100, 100]",ok.png,"[0, -375]","[150, 100]",401,both,16,3,m,1,1,1,1,0,0,0,0,0,0,0,0.931430101395,0.9314301013946532,0,-182,-182,232,232,1,1,0,0,0,0,0,0,0,0.792605698109,0.7926056981086731,0,256,256,-224,-224,163
08.png,tray1.png,09.png,01.png,10.png,11.png,12.png,13.png,15.png,14.png,34.png,33.png,32.png,31.png,dots1.png,23.png,"[-221, 209]","[-71, 209]","[79, 209]","[229, 209]","[-221, 59]","[-71, 59]","[79, 59]","[229, 59]","[-221, -91]","[-71, -91]","[79, -91]","[229, -91]","[-221, -241]","[-71, -241]","[79, -241]","[229, -241]","[100, 100]","[100, 100]","[100, 100]","[100, 100]","[100, 100]","[100, 100]","[100, 100]","[100, 100]","[100, 100]","[100, 100]","[100, 100]","[100, 100]","[100, 100]","[100, 100]","[100, 100]","[100, 100]",ok.png,"[0, -375]","[150, 100]",402,both,16,3,m,1,1,1,1,0,0,0,0,0,0,0,1.0085734129,1.008573412895203,0,70,70,-246,-246,1,1,0,0,0,0,0,0,0,0.715217769146,0.7152177691459656,0,-78,-78,229,229,210
05.png,06.png,tray1.png,15.png,16.png,17.png,18.png,19.png,20.png,21.png,22.png,23.png,24.png,dots1.png,30.png,27.png,"[-244, 211]","[-94, 211]","[56, 211]","[206, 211]","[-244, 61]","[-94, 61]","[56, 61]","[206, 61]","[-244, -89]","[-94, -89]","[56, -89]","[206, -89]","[-244, -239]","[-94, -239]","[56, -239]","[206, -239]","[100, 100]","[100, 100]","[100, 100]","[100, 100]","[100, 100]","[100, 100]","[100, 100]","[100, 100]","[100, 100]","[100, 100]","[100, 100]","[100, 100]","[100, 100]","[100, 100]","[100, 100]","[100, 100]",ok.png,"[0, -375]","[150, 100]",403,both,16,3,m,1,1,1,1,0,0,0,0,0,0,0,0.914795398712,0.9147953987121582,0,-75,-75,-243,-243,1,1,0,0,0,0,0,0,0,1.18537712097,1.18537712097168,0,35,35,216,216,182
22.png,23.png,24.png,tray1.png,03.png,12.png,25.png,26.png,02.png,08.png,27.png,28.png,dots1.png,30.png,31.png,32.png,"[-203, 220]","[-53, 220]","[97, 220]","[247, 220]","[-203, 70]","[-53, 70]","[97, 70]","[247, 70]","[-203, -80]","[-53, -80]","[97, -80]","[247, -80]","[-203, -230]","[-53, -230]","[97, -230]","[247, -230]","[100, 100]","[100, 100]","[100, 100]","[100, 100]","[100, 100]","[100, 100]","[100, 100]","[100, 100]","[100, 100]","[100, 100]","[100, 100]","[100, 100]","[100, 100]","[100, 100]","[100, 100]","[100, 100]",ok.png,"[0, -375]","[150, 100]",404,both,16,3,m,1,1,1,1,0,0,0,0,0,0,0,2.83382749557,2.833827495574951,0,-232,-232,-254,-254,1,1,0,0,0,0,0,0,0,1.10612630844,1.106126308441162,0,254,254,251,251,277
02.png,04.png,06.png,08.png,tray1.png,29.png,30.png,31.png,32.png,33.png,34.png,dots1.png,22.png,24.png,26.png,28.png,"[-213, 243]","[-63, 243]","[87, 243]","[237, 243]","[-213, 93]","[-63, 93]","[87, 93]","[237, 93]","[-213, -57]","[-63, -57]","[87, -57]","[237, -57]","[-213, -207]","[-63, -207]","[87, -207]","[237, -207]","[100, 100]","[100, 100]","[100, 100]","[100, 100]","[100, 100]","[100, 100]","[100, 100]","[100, 100]","[100, 100]","[100, 100]","[100, 100]","[100, 100]","[100, 100]","[100, 100]","[100, 100]","[100, 100]",ok.png,"[0, -375]","[150, 100]",405,both,16,3,m,1,1,1,1,0,0,0,0,0,0,0,1.25916385651,1.259163856506348,0,231,231,-68,-68,1,1,0,0,0,0,0,0,0,1.76186048985,1.761860489845276,0,-194,-194,109,109,300
01.png,34.png,07.png,27.png,04.png,tray1.png,11.png,26.png,06.png,15.png,dots1.png,29.png,17.png,23.png,30.png,32.png,"[-202, 222]","[-52, 222]","[98, 222]","[248, 222]","[-202, 72]","[-52, 72]","[98, 72]","[248, 72]","[-202, -78]","[-52, -78]","[98, -78]","[248, -78]","[-202, -228]","[-52, -228]","[98, -228]","[248, -228]","[100, 100]","[100, 100]","[100, 100]","[100, 100]","[100, 100]","[100, 100]","[100, 100]","[100, 100]","[100, 100]","[100, 100]","[100, 100]","[100, 100]","[100, 100]","[100, 100]","[100, 100]","[100, 100]",ok.png,"[0, -375]","[150, 100]",406,both,16,3,m,1,1,1,1,0,0,0,0,0,0,0,2.49035263062,2.490352630615234,0,112,112,-81,-81,1,1,0,0,0,0,0,0,0,0.872033715248,0.8720337152481079,0,-45,-45,58,58,40
12.png,24.png,02.png,05.png,07.png,03.png,tray1.png,25.png,18.png,dots1.png,13.png,27.png,06.png,22.png,09.png,17.png,"[-211, 207]","[-61, 207]","[89, 207]","[239, 207]","[-211, 57]","[-61, 57]","[89, 57]","[239, 57]","[-211, -93]","[-61, -93]","[89, -93]","[239, -93]","[-211, -243]","[-61, -243]","[89, -243]","[239, -243]","[100, 100]","[100, 100]","[100, 100]","[100, 100]","[100, 100]","[100, 100]","[100, 100]","[100, 100]","[100, 100]","[100, 100]","[100, 100]","[100, 100]","[100, 100]","[100, 100]","[100, 100]","[100, 100]",ok.png,"[0, -375]","[150, 100]",407,both,16,3,m,1,1,1,1,0,0,0,0,0,0,0,1.67648720741,1.67648720741272,0,109,109,44,44,1,1,0,0,0,0,0,0,0,0.791827082634,0.7918270826339722,0,-63,-63,-123,-123,82
13.png,05.png,33.png,07.png,20.png,15.png,27.png,tray1.png,dots1.png,17.png,25.png,31.png,09.png,01.png,33.png,22.png,"[-216, 204]","[-66, 204]","[84, 204]","[234, 204]","[-216, 54]","[-66, 54]","[84, 54]","[234, 54]","[-216, -96]","[-66, -96]","[84, -96]","[234, -96]","[-216, -246]","[-66, -246]","[84, -246]","[234, -246]","[100, 100]","[100, 100]","[100, 100]","[100, 100]","[100, 100]","[100, 100]","[100, 100]","[100, 100]","[100, 100]","[100, 100]","[100, 100]","[100, 100]","[100, 100]","[100, 100]","[100, 100]","[100, 100]",ok.png,"[0, -375]","[150, 100]",408,both,16,3,m,1,1,1,1,0,0,0,0,0,0,0,1.22625815868,1.226258158683777,0,228,228,40,40,1,1,0,0,0,0,0,0,0,0.841220676899,0.8412206768989563,0,-194,-194,-84,-84,222
07.png,10.png,13.png,16.png,02.png,08.png,04.png,dots1.png,tray1.png,29.png,23.png,27.png,21.png,25.png,31.png,33.png,"[-235, 214]","[-85, 214]","[65, 214]","[215, 214]","[-235, 64]","[-85, 64]","[65, 64]","[215, 64]","[-235, -86]","[-85, -86]","[65, -86]","[215, -86]","[-235, -236]","[-85, -236]","[65, -236]","[215, -236]","[100, 100]","[100, 100]","[100, 100]","[100, 100]","[100, 100]","[100, 100]","[100, 100]","[100, 100]","[100, 100]","[100, 100]","[100, 100]","[100, 100]","[100, 100]","[100, 100]","[100, 100]","[100, 100]",ok.png,"[0, -375]","[150, 100]",409,both,16,3,m,1,1,1,1,0,0,0,0,0,0,0,1.13456404209,1.13456404209137,0,197,197,58,58,1,1,0,0,0,0,0,0,0,0.748318850994,0.7483188509941101,0,-230,-230,-75,-75,390
09.png,07.png,05.png,03.png,14.png,16.png,dots1.png,20.png,22.png,tray1.png,24.png,26.png,21.png,27.png,32.png,30.png,"[-227, 227]","[-77, 227]","[73, 227]","[223, 227]","[-227, 77]","[-77, 77]","[73, 77]","[223, 77]","[-227, -73]","[-77, -73]","[73, -73]","[223, -73]","[-227, -223]","[-77, -223]","[73, -223]","[223, -223]","[100, 100]","[100, 100]","[100, 100]","[100, 100]","[100, 100]","[100, 100]","[100, 100]","[100, 100]","[100, 100]","[100, 100]","[100, 100]","[100, 100]","[100, 100]","[100, 100]","[100, 100]","[100, 100]",ok.png,"[0, -375]","[150, 100]",410,both,16,3,m,1,1,1,1,0,0,0,0,0,0,0,0.805329680443,0.8053296804428101,0,55,55,89,89,1,1,0,0,0,0,0,0,0,0.559578061104,0.5595780611038208,0,-58,-58,-65,-65,436
05.png,14.png,33.png,31.png,13.png,dots1.png,34.png,32.png,16.png,19.png,tray1.png,21.png,24.png,27.png,18.png,01.png,"[-211, 228]","[-61, 228]","[89, 228]","[239, 228]","[-211, 78]","[-61, 78]","[89, 78]","[239, 78]","[-211, -72]","[-61, -72]","[89, -72]","[239, -72]","[-211, -222]","[-61, -222]","[89, -222]","[239, -222]","[100, 100]","[100, 100]","[100, 100]","[100, 100]","[100, 100]","[100, 100]","[100, 100]","[100, 100]","[100, 100]","[100, 100]","[100, 100]","[100, 100]","[100, 100]","[100, 100]","[100, 100]","[100, 100]",ok.png,"[0, -375]","[150, 100]",411,both,16,3,m,1,1,1,1,0,0,0,0,0,0,0,0.803890049458,0.80389004945755,0,-57,-57,48,48,1,1,0,0,0,0,0,0,0,0.448421627283,0.4484216272830963,0,84,84,-58,-58,20
10.png,15.png,20.png,25.png,dots1.png,24.png,04.png,17.png,21.png,16.png,11.png,tray1.png,18.png,08.png,27.png,34.png,"[-218, 232]","[-68, 232]","[82, 232]","[232, 232]","[-218, 82]","[-68, 82]","[82, 82]","[232, 82]","[-218, -68]","[-68, -68]","[82, -68]","[232, -68]","[-218, -218]","[-68, -218]","[82, -218]","[232, -218]","[100, 100]","[100, 100]","[100, 100]","[100, 100]","[100, 100]","[100, 100]","[100, 100]","[100, 100]","[100, 100]","[100, 100]","[100, 100]","[100, 100]","[100, 100]","[100, 100]","[100, 100]","[100, 100]",ok.png,"[0, -375]","[150, 100]",412,both,16,3,m,1,1,1,1,0,0,0,0,0,0,0,1.03724336624,1.037243366241455,0,-188,-188,65,65,1,1,0,0,0,0,0,0,0,1.32375669479,1.323756694793701,0,235,235,-56,-56,336
16.png,10.png,20.png,dots1.png,28.png,32.png,29.png,26.png,03.png,01.png,07.png,08.png,tray1.png,05.png,02.png,04.png,"[-224, 234]","[-74, 234]","[76, 234]","[226, 234]","[-224, 84]","[-74, 84]","[76, 84]","[226, 84]","[-224, -66]","[-74, -66]","[76, -66]","[226, -66]","[-224, -216]","[-74, -216]","[76, -216]","[226, -216]","[100, 100]","[100, 100]","[100, 100]","[100, 100]","[100, 100]","[100, 100]","[100, 100]","[100, 100]","[100, 100]","[100, 100]","[100, 100]","[100, 100]","[100, 100]","[100, 100]","[100, 100]","[100, 100]",ok.png,"[0, -375]","[150, 100]",413,both,16,3,m,1,1,1,1,0,0,0,0,0,0,0,0.882903754711,0.8829037547111511,0,232,232,229,229,1,1,0,0,0,0,0,0,0,1.5277671814,1.527767181396484,0,-214,-214,-206,-206,280
29.png,17.png,dots1.png,16.png,15.png,03.png,33.png,08.png,13.png,28.png,02.png,10.png,23.png,tray1.png,12.png,01.png,"[-214, 201]","[-64, 201]","[86, 201]","[236, 201]","[-214, 51]","[-64, 51]","[86, 51]","[236, 51]","[-214, -99]","[-64, -99]","[86, -99]","[236, -99]","[-214, -249]","[-64, -249]","[86, -249]","[236, -249]","[100, 100]","[100, 100]","[100, 100]","[100, 100]","[100, 100]","[100, 100]","[100, 100]","[100, 100]","[100, 100]","[100, 100]","[100, 100]","[100, 100]","[100, 100]","[100, 100]","[100, 100]","[100, 100]",ok.png,"[0, -375]","[150, 100]",414,both,16,3,m,1,1,1,1,0,0,0,0,0,0,0,0.712684094906,0.7126840949058533,0,90,90,216,216,1,1,0,0,0,0,0,0,0,1.29395401478,1.293954014778137,0,-52,-52,-268,-268,255
32.png,dots1.png,08.png,16.png,14.png,06.png,04.png,33.png,27.png,23.png,17.png,13.png,07.png,03.png,tray1.png,24.png,"[-246, 223]","[-96, 223]","[54, 223]","[204, 223]","[-246, 73]","[-96, 73]","[54, 73]","[204, 73]","[-246, -77]","[-96, -77]","[54, -77]","[204, -77]","[-246, -227]","[-96, -227]","[54, -227]","[204, -227]","[100, 100]","[100, 100]","[100, 100]","[100, 100]","[100, 100]","[100, 100]","[100, 100]","[100, 100]","[100, 100]","[100, 100]","[100, 100]","[100, 100]","[100, 100]","[100, 100]","[100, 100]","[100, 100]",ok.png,"[0, -375]","[150, 100]",415,both,16,3,m,1,1,1,1,0,0,0,0,0,0,0,1.97448194027,1.97448194026947,0,42,42,-222,-222,1,1,0,0,0,0,0,0,0,0.544292032719,0.5442920327186584,0,-75,-75,206,206,157
dots1.png,20.png,30.png,02.png,12.png,16.png,03.png,04.png,24.png,23.png,33.png,27.png,14.png,07.png,17.png,tray1.png,"[-226, 212]","[-76, 212]","[74, 212]","[224, 212]","[-226, 62]","[-76, 62]","[74, 62]","[224, 62]","[-226, -88]","[-76, -88]","[74, -88]","[224, -88]","[-226, -238]","[-76, -238]","[74, -238]","[224, -238]","[100, 100]","[100, 100]","[100, 100]","[100, 100]","[100, 100]","[100, 100]","[100, 100]","[100, 100]","[100, 100]","[100, 100]","[100, 100]","[100, 100]","[100, 100]","[100, 100]","[100, 100]","[100, 100]",ok.png,"[0, -375]","[150, 100]",416,both,16,3,m,1,1,1,1,0,0,0,0,0,0,0,0.933577537537,0.9335775375366212,0,-191,-191,228,228,1,1,0,0,0,0,0,0,0,1.04289066792,1.042890667915344,0,220,220,-268,-268,392
03.png,dots1.png,29.png,09.png,25.png,02.png,32.png,11.png,12.png,22.png,16.png,31.png,13.png,04.png,tray1.png,18.png,"[-220, 249]","[-70, 249]","[80, 249]","[230, 249]","[-220, 99]","[-70, 99]","[80, 99]","[230, 99]","[-220, -51]","[-70, -51]","[80, -51]","[230, -51]","[-220, -201]","[-70, -201]","[80, -201]","[230, -201]","[100, 100]","[100, 100]","[100, 100]","[100, 100]","[100, 100]","[100, 100]","[100, 100]","[100, 100]","[100, 100]","[100, 100]","[100, 100]","[100, 100]","[100, 100]","[100, 100]","[100, 100]","[100, 100]",ok.png,"[0, -375]","[150, 100]",417,both,16,3,m,1,1,1,1,0,0,0,0,0,0,0,1.58678412437,1.58678412437439,0,-66,-66,229,229,1,1,0,0,0,0,0,0,0,1.49297189713,1.492971897125244,0,88,88,-188,-188,138
16.png,13.png,dots1.png,05.png,21.png,30.png,07.png,23.png,01.png,27.png,28.png,25.png,03.png,tray1.png,08.png,15.png,"[-202, 203]","[-52, 203]","[98, 203]","[248, 203]","[-202, 53]","[-52, 53]","[98, 53]","[248, 53]","[-202, -97]","[-52, -97]","[98, -97]","[248, -97]","[-202, -247]","[-52, -247]","[98, -247]","[248, -247]","[100, 100]","[100, 100]","[100, 100]","[100, 100]","[100, 100]","[100, 100]","[100, 100]","[100, 100]","[100, 100]","[100, 100]","[100, 100]","[100, 100]","[100, 100]","[100, 100]","[100, 100]","[100, 100]",ok.png,"[0, -375]","[150, 100]",418,both,16,3,m,1,1,1,1,0,0,0,0,0,0,0,1.0387032032,1.038703203201294,0,109,109,211,211,1,1,0,0,0,0,0,0,0,1.55731570721,1.557315707206726,0,-36,-36,-251,-251,10
06.png,21.png,15.png,dots1.png,20.png,05.png,16.png,28.png,29.png,09.png,02.png,23.png,tray1.png,14.png,07.png,32.png,"[-205, 246]","[-55, 246]","[95, 246]","[245, 246]","[-205, 96]","[-55, 96]","[95, 96]","[245, 96]","[-205, -54]","[-55, -54]","[95, -54]","[245, -54]","[-205, -204]","[-55, -204]","[95, -204]","[245, -204]","[100, 100]","[100, 100]","[100, 100]","[100, 100]","[100, 100]","[100, 100]","[100, 100]","[100, 100]","[100, 100]","[100, 100]","[100, 100]","[100, 100]","[100, 100]","[100, 100]","[100, 100]","[100, 100]",ok.png,"[0, -375]","[150, 100]",419,both,16,3,m,1,1,1,1,0,0,0,0,0,0,0,1.10024499893,1.100244998931885,0,284,284,250,250,1,1,0,0,0,0,0,0,0,2.16601133347,2.166011333465576,0,-180,-180,-184,-184,220
06.png,11.png,01.png,28.png,dots1.png,17.png,19.png,34.png,15.png,30.png,08.png,tray1.png,31.png,21.png,32.png,03.png,"[-203, 231]","[-53, 231]","[97, 231]","[247, 231]","[-203, 81]","[-53, 81]","[97, 81]","[247, 81]","[-203, -69]","[-53, -69]","[97, -69]","[247, -69]","[-203, -219]","[-53, -219]","[97, -219]","[247, -219]","[100, 100]","[100, 100]","[100, 100]","[100, 100]","[100, 100]","[100, 100]","[100, 100]","[100, 100]","[100, 100]","[100, 100]","[100, 100]","[100, 100]","[100, 100]","[100, 100]","[100, 100]","[100, 100]",ok.png,"[0, -375]","[150, 100]",420,both,16,3,m,1,1,1,1,0,0,0,0,0,0,0,0.788170158863,0.7881701588630676,0,-178,-178,81,81,1,1,0,0,0,0,0,0,0,1.3397718668,1.339771866798401,0,248,248,-63,-63,260
09.png,03.png,12.png,04.png,32.png,dots1.png,24.png,27.png,07.png,09.png,tray1.png,10.png,13.png,16.png,22.png,28.png,"[-234, 228]","[-84, 228]","[66, 228]","[216, 228]","[-234, 78]","[-84, 78]","[66, 78]","[216, 78]","[-234, -72]","[-84, -72]","[66, -72]","[216, -72]","[-234, -222]","[-84, -222]","[66, -222]","[216, -222]","[100, 100]","[100, 100]","[100, 100]","[100, 100]","[100, 100]","[100, 100]","[100, 100]","[100, 100]","[100, 100]","[100, 100]","[100, 100]","[100, 100]","[100, 100]","[100, 100]","[100, 100]","[100, 100]",ok.png,"[0, -375]","[150, 100]",421,both,16,3,m,1,1,1,1,0,0,0,0,0,0,0,0.588830649853,0.5888306498527527,0,-88,-88,93,93,1,1,0,0,0,0,0,0,0,1.3226130008700001,1.322613000869751,0,64,64,-116,-116,302
18.png,14.png,25.png,12.png,33.png,19.png,dots1.png,08.png,01.png,tray1.png,07.png,10.png,34.png,20.png,26.png,30.png,"[-230, 242]","[-80, 242]","[70, 242]","[220, 242]","[-230, 92]","[-80, 92]","[70, 92]","[220, 92]","[-230, -58]","[-80, -58]","[70, -58]","[220, -58]","[-230, -208]","[-80, -208]","[70, -208]","[220, -208]","[100, 100]","[100, 100]","[100, 100]","[100, 100]","[100, 100]","[100, 100]","[100, 100]","[100, 100]","[100, 100]","[100, 100]","[100, 100]","[100, 100]","[100, 100]","[100, 100]","[100, 100]","[100, 100]",ok.png,"[0, -375]","[150, 100]",422,both,16,3,m,1,1,1,1,0,0,0,0,0,0,0,0.741598010063,0.7415980100631714,0,72,72,83,83,1,1,0,0,0,0,0,0,0,0.604577898979,0.604577898979187,0,-84,-84,-76,-76,92
11.png,13.png,17.png,18.png,21.png,14.png,25.png,dots1.png,tray1.png,02.png,04.png,30.png,26.png,24.png,33.png,01.png,"[-245, 208]","[-95, 208]","[55, 208]","[205, 208]","[-245, 58]","[-95, 58]","[55, 58]","[205, 58]","[-245, -92]","[-95, -92]","[55, -92]","[205, -92]","[-245, -242]","[-95, -242]","[55, -242]","[205, -242]","[100, 100]","[100, 100]","[100, 100]","[100, 100]","[100, 100]","[100, 100]","[100, 100]","[100, 100]","[100, 100]","[100, 100]","[100, 100]","[100, 100]","[100, 100]","[100, 100]","[100, 100]","[100, 100]",ok.png,"[0, -375]","[150, 100]",423,both,16,3,m,1,1,1,1,0,0,0,0,0,0,0,0.790931046009,0.7909310460090637,0,191,191,46,46,1,1,0,0,0,0,0,0,0,0.869832873344,0.8698328733444214,0,-43,-43,-346,-346,316
08.png,14.png,10.png,20.png,11.png,07.png,22.png,tray1.png,dots1.png,31.png,26.png,30.png,09.png,29.png,03.png,19.png,"[-241, 231]","[-91, 231]","[59, 231]","[209, 231]","[-241, 81]","[-91, 81]","[59, 81]","[209, 81]","[-241, -69]","[-91, -69]","[59, -69]","[209, -69]","[-241, -219]","[-91, -219]","[59, -219]","[209, -219]","[100, 100]","[100, 100]","[100, 100]","[100, 100]","[100, 100]","[100, 100]","[100, 100]","[100, 100]","[100, 100]","[100, 100]","[100, 100]","[100, 100]","[100, 100]","[100, 100]","[100, 100]","[100, 100]",ok.png,"[0, -375]","[150, 100]",424,both,16,3,m,1,1,1,1,0,0,0,0,0,0,0,0.884886264801,0.8848862648010254,0,-233,-233,-65,-65,1,1,0,0,0,0,0,0,0,0.526390135288,0.5263901352882385,0,218,218,69,69,404
31.png,03.png,13.png,11.png,23.png,21.png,tray1.png,30.png,33.png,dots1.png,14.png,05.png,19.png,32.png,29.png,26.png,"[-217, 240]","[-67, 240]","[83, 240]","[233, 240]","[-217, 90]","[-67, 90]","[83, 90]","[233, 90]","[-217, -60]","[-67, -60]","[83, -60]","[233, -60]","[-217, -210]","[-67, -210]","[83, -210]","[233, -210]","[100, 100]","[100, 100]","[100, 100]","[100, 100]","[100, 100]","[100, 100]","[100, 100]","[100, 100]","[100, 100]","[100, 100]","[100, 100]","[100, 100]","[100, 100]","[100, 100]","[100, 100]","[100, 100]",ok.png,"[0, -375]","[150, 100]",425,both,16,3,m,1,1,1,1,0,0,0,0,0,0,0,0.790730893612,0.790730893611908,0,-69,-69,-73,-73,1,1,0,0,0,0,0,0,0,0.731771051884,0.7317710518836975,0,55,55,83,83,373
dots2.png,14.png,13.png,12.png,11.png,10.png,09.png,08.png,07.png,06.png,05.png,04.png,03.png,02.png,01.png,tray2.png,"[-229, 218]","[-79, 218]","[71, 218]","[221, 218]","[-229, 68]","[-79, 68]","[71, 68]","[221, 68]","[-229, -82]","[-79, -82]","[71, -82]","[221, -82]","[-229, -232]","[-79, -232]","[71, -232]","[221, -232]","[100, 100]","[100, 100]","[100, 100]","[100, 100]","[100, 100]","[100, 100]","[100, 100]","[100, 100]","[100, 100]","[100, 100]","[100, 100]","[100, 100]","[100, 100]","[100, 100]","[100, 100]","[100, 100]",ok.png,"[0, -375]","[150, 100]",426,both,16,3,m,1,1,1,1,0,0,0,0,0,0,0,0.786949157715,0.7869491577148436,0,-211,-211,218,218,1,1,0,0,0,0,0,0,0,0.761936426163,0.7619364261627197,0,228,228,-242,-242,164
23.png,dots2.png,31.png,32.png,33.png,34.png,14.png,15.png,13.png,12.png,11.png,10.png,01.png,09.png,tray2.png,08.png,"[-236, 223]","[-86, 223]","[64, 223]","[214, 223]","[-236, 73]","[-86, 73]","[64, 73]","[214, 73]","[-236, -77]","[-86, -77]","[64, -77]","[214, -77]","[-236, -227]","[-86, -227]","[64, -227]","[214, -227]","[100, 100]","[100, 100]","[100, 100]","[100, 100]","[100, 100]","[100, 100]","[100, 100]","[100, 100]","[100, 100]","[100, 100]","[100, 100]","[100, 100]","[100, 100]","[100, 100]","[100, 100]","[100, 100]",ok.png,"[0, -375]","[150, 100]",427,both,16,3,m,1,1,1,1,0,0,0,0,0,0,0,0.821147084236,0.821147084236145,0,-85,-85,199,199,1,1,0,0,0,0,0,0,0,0.823020160198,0.8230201601982117,0,79,79,-223,-223,54
27.png,30.png,dots2.png,24.png,23.png,22.png,21.png,20.png,19.png,18.png,17.png,16.png,15.png,tray2.png,06.png,05.png,"[-202, 223]","[-52, 223]","[98, 223]","[248, 223]","[-202, 73]","[-52, 73]","[98, 73]","[248, 73]","[-202, -77]","[-52, -77]","[98, -77]","[248, -77]","[-202, -227]","[-52, -227]","[98, -227]","[248, -227]","[100, 100]","[100, 100]","[100, 100]","[100, 100]","[100, 100]","[100, 100]","[100, 100]","[100, 100]","[100, 100]","[100, 100]","[100, 100]","[100, 100]","[100, 100]","[100, 100]","[100, 100]","[100, 100]",ok.png,"[0, -375]","[150, 100]",428,both,16,3,m,1,1,1,1,0,0,0,0,0,0,0,1.16595137119,1.165951371192932,0,-48,-48,-210,-210,1,1,0,0,0,0,0,0,0,0.869681656361,0.8696816563606262,0,107,107,241,241,46
33.png,32.png,30.png,dots2.png,08.png,02.png,31.png,27.png,26.png,28.png,12.png,03.png,tray2.png,24.png,23.png,22.png,"[-217, 204]","[-67, 204]","[83, 204]","[233, 204]","[-217, 54]","[-67, 54]","[83, 54]","[233, 54]","[-217, -96]","[-67, -96]","[83, -96]","[233, -96]","[-217, -246]","[-67, -246]","[83, -246]","[233, -246]","[100, 100]","[100, 100]","[100, 100]","[100, 100]","[100, 100]","[100, 100]","[100, 100]","[100, 100]","[100, 100]","[100, 100]","[100, 100]","[100, 100]","[100, 100]","[100, 100]","[100, 100]","[100, 100]",ok.png,"[0, -375]","[150, 100]",429,both,16,3,m,1,1,1,1,0,0,0,0,0,0,0,0.788800358772,0.7888003587722778,0,225,225,211,211,1,1,0,0,0,0,0,0,0,1.55710113049,1.557101130485535,0,-206,-206,-221,-221,331
28.png,26.png,24.png,22.png,dots2.png,34.png,33.png,32.png,31.png,30.png,29.png,tray2.png,08.png,06.png,04.png,02.png,"[-245, 202]","[-95, 202]","[55, 202]","[205, 202]","[-245, 52]","[-95, 52]","[55, 52]","[205, 52]","[-245, -98]","[-95, -98]","[55, -98]","[205, -98]","[-245, -248]","[-95, -248]","[55, -248]","[205, -248]","[100, 100]","[100, 100]","[100, 100]","[100, 100]","[100, 100]","[100, 100]","[100, 100]","[100, 100]","[100, 100]","[100, 100]","[100, 100]","[100, 100]","[100, 100]","[100, 100]","[100, 100]","[100, 100]",ok.png,"[0, -375]","[150, 100]",430,both,16,3,m,1,1,1,1,0,0,0,0,0,0,0,0.881755590439,0.8817555904388428,0,203,203,-108,-108,1,1,0,0,0,0,0,0,0,0.825063586235,0.8250635862350464,0,-208,-208,58,58,420
32.png,30.png,23.png,17.png,29.png,dots2.png,15.png,06.png,26.png,11.png,tray2.png,04.png,27.png,07.png,34.png,01.png,"[-248, 208]","[-98, 208]","[52, 208]","[202, 208]","[-248, 58]","[-98, 58]","[52, 58]","[202, 58]","[-248, -92]","[-98, -92]","[52, -92]","[202, -92]","[-248, -242]","[-98, -242]","[52, -242]","[202, -242]","[100, 100]","[100, 100]","[100, 100]","[100, 100]","[100, 100]","[100, 100]","[100, 100]","[100, 100]","[100, 100]","[100, 100]","[100, 100]","[100, 100]","[100, 100]","[100, 100]","[100, 100]","[100, 100]",ok.png,"[0, -375]","[150, 100]",431,both,16,3,m,1,1,1,1,0,0,0,0,0,0,0,0.914251446724,0.914251446723938,0,-111,-111,51,51,1,1,0,0,0,0,0,0,0,0.401222318411,0.4012223184108734,0,64,64,-88,-88,53
17.png,09.png,22.png,06.png,27.png,13.png,dots2.png,18.png,25.png,tray2.png,03.png,07.png,05.png,02.png,24.png,12.png,"[-229, 224]","[-79, 224]","[71, 224]","[221, 224]","[-229, 74]","[-79, 74]","[71, 74]","[221, 74]","[-229, -76]","[-79, -76]","[71, -76]","[221, -76]","[-229, -226]","[-79, -226]","[71, -226]","[221, -226]","[100, 100]","[100, 100]","[100, 100]","[100, 100]","[100, 100]","[100, 100]","[100, 100]","[100, 100]","[100, 100]","[100, 100]","[100, 100]","[100, 100]","[100, 100]","[100, 100]","[100, 100]","[100, 100]",ok.png,"[0, -375]","[150, 100]",432,both,16,3,m,1,1,1,1,0,0,0,0,0,0,0,0.85552251339,0.8555225133895874,0,85,85,50,50,1,1,0,0,0,0,0,0,0,0.556805551052,0.5568055510520935,0,-84,-84,-102,-102,202
22.png,33.png,01.png,09.png,31.png,25.png,17.png,dots2.png,tray2.png,27.png,15.png,20.png,07.png,33.png,05.png,13.png,"[-226, 214]","[-76, 214]","[74, 214]","[224, 214]","[-226, 64]","[-76, 64]","[74, 64]","[224, 64]","[-226, -86]","[-76, -86]","[74, -86]","[224, -86]","[-226, -236]","[-76, -236]","[74, -236]","[224, -236]","[100, 100]","[100, 100]","[100, 100]","[100, 100]","[100, 100]","[100, 100]","[100, 100]","[100, 100]","[100, 100]","[100, 100]","[100, 100]","[100, 100]","[100, 100]","[100, 100]","[100, 100]","[100, 100]",ok.png,"[0, -375]","[150, 100]",433,both,16,3,m,1,1,1,1,0,0,0,0,0,0,0,0.973447024822,0.9734470248222352,0,-211,-211,-102,-102,1,1,0,0,0,0,0,0,0,0.718838393688,0.7188383936882019,0,257,257,41,41,333
33.png,31.png,25.png,21.png,27.png,23.png,29.png,tray2.png,dots2.png,04.png,08.png,02.png,16.png,13.png,10.png,07.png,"[-215, 208]","[-65, 208]","[85, 208]","[235, 208]","[-215, 58]","[-65, 58]","[85, 58]","[235, 58]","[-215, -92]","[-65, -92]","[85, -92]","[235, -92]","[-215, -242]","[-65, -242]","[85, -242]","[235, -242]","[100, 100]","[100, 100]","[100, 100]","[100, 100]","[100, 100]","[100, 100]","[100, 100]","[100, 100]","[100, 100]","[100, 100]","[100, 100]","[100, 100]","[100, 100]","[100, 100]","[100, 100]","[100, 100]",ok.png,"[0, -375]","[150, 100]",434,both,16,3,m,1,1,1,1,0,0,0,0,0,0,0,0.837680160999,0.8376801609992981,0,223,223,50,50,1,1,0,0,0,0,0,0,0,0.870038449764,0.8700384497642517,0,-222,-222,-95,-95,242
30.png,32.png,27.png,21.png,26.png,24.png,tray2.png,22.png,20.png,dots2.png,16.png,14.png,03.png,05.png,07.png,09.png,"[-212, 228]","[-62, 228]","[88, 228]","[238, 228]","[-212, 78]","[-62, 78]","[88, 78]","[238, 78]","[-212, -72]","[-62, -72]","[88, -72]","[238, -72]","[-212, -222]","[-62, -222]","[88, -222]","[238, -222]","[100, 100]","[100, 100]","[100, 100]","[100, 100]","[100, 100]","[100, 100]","[100, 100]","[100, 100]","[100, 100]","[100, 100]","[100, 100]","[100, 100]","[100, 100]","[100, 100]","[100, 100]","[100, 100]",ok.png,"[0, -375]","[150, 100]",435,both,16,3,m,1,1,1,1,0,0,0,0,0,0,0,1.17991483212,1.179914832115173,0,86,86,82,82,1,1,0,0,0,0,0,0,0,0.823362588882,0.8233625888824463,0,-44,-44,-66,-66,48
01.png,18.png,27.png,24.png,21.png,tray2.png,19.png,16.png,32.png,34.png,dots2.png,13.png,31.png,33.png,14.png,05.png,"[-218, 204]","[-68, 204]","[82, 204]","[232, 204]","[-218, 54]","[-68, 54]","[82, 54]","[232, 54]","[-218, -96]","[-68, -96]","[82, -96]","[232, -96]","[-218, -246]","[-68, -246]","[82, -246]","[232, -246]","[100, 100]","[100, 100]","[100, 100]","[100, 100]","[100, 100]","[100, 100]","[100, 100]","[100, 100]","[100, 100]","[100, 100]","[100, 100]","[100, 100]","[100, 100]","[100, 100]","[100, 100]","[100, 100]",ok.png,"[0, -375]","[150, 100]",436,both,16,3,m,1,1,1,1,0,0,0,0,0,0,0,0.710108995438,0.7101089954376221,0,76,76,-124,-124,1,1,0,0,0,0,0,0,0,0.559909939766,0.5599099397659302,0,-42,-42,75,75,112
34.png,27.png,08.png,18.png,tray2.png,11.png,16.png,21.png,17.png,04.png,24.png,dots2.png,25.png,20.png,15.png,10.png,"[-204, 216]","[-54, 216]","[96, 216]","[246, 216]","[-204, 66]","[-54, 66]","[96, 66]","[246, 66]","[-204, -84]","[-54, -84]","[96, -84]","[246, -84]","[-204, -234]","[-54, -234]","[96, -234]","[246, -234]","[100, 100]","[100, 100]","[100, 100]","[100, 100]","[100, 100]","[100, 100]","[100, 100]","[100, 100]","[100, 100]","[100, 100]","[100, 100]","[100, 100]","[100, 100]","[100, 100]","[100, 100]","[100, 100]",ok.png,"[0, -375]","[150, 100]",437,both,16,3,m,1,1,1,1,0,0,0,0,0,0,0,1.25431883335,1.254318833351135,0,-205,-205,53,53,1,1,0,0,0,0,0,0,0,0.78098231554,0.7809823155403137,0,265,265,-90,-90,153
04.png,02.png,05.png,tray2.png,08.png,07.png,01.png,03.png,26.png,29.png,32.png,28.png,dots2.png,20.png,10.png,16.png,"[-207, 235]","[-57, 235]","[93, 235]","[243, 235]","[-207, 85]","[-57, 85]","[93, 85]","[243, 85]","[-207, -65]","[-57, -65]","[93, -65]","[243, -65]","[-207, -215]","[-57, -215]","[93, -215]","[243, -215]","[100, 100]","[100, 100]","[100, 100]","[100, 100]","[100, 100]","[100, 100]","[100, 100]","[100, 100]","[100, 100]","[100, 100]","[100, 100]","[100, 100]","[100, 100]","[100, 100]","[100, 100]","[100, 100]",ok.png,"[0, -375]","[150, 100]",438,both,16,3,m,1,1,1,1,0,0,0,0,0,0,0,1.24372828007,1.243728280067444,0,254,254,255,255,1,1,0,0,0,0,0,0,0,1.02570831776,1.025708317756653,0,-205,-205,-223,-223,433
01.png,12.png,tray2.png,23.png,10.png,02.png,28.png,13.png,08.png,33.png,03.png,15.png,16.png,dots2.png,17.png,29.png,"[-208, 232]","[-58, 232]","[92, 232]","[242, 232]","[-208, 82]","[-58, 82]","[92, 82]","[242, 82]","[-208, -68]","[-58, -68]","[92, -68]","[242, -68]","[-208, -218]","[-58, -218]","[92, -218]","[242, -218]","[100, 100]","[100, 100]","[100, 100]","[100, 100]","[100, 100]","[100, 100]","[100, 100]","[100, 100]","[100, 100]","[100, 100]","[100, 100]","[100, 100]","[100, 100]","[100, 100]","[100, 100]","[100, 100]",ok.png,"[0, -375]","[150, 100]",439,both,16,3,m,1,1,1,1,0,0,0,0,0,0,0,1.19539356232,1.195393562316895,0,-52,-52,-214,-214,1,1,0,0,0,0,0,0,0,0.621258795261,0.6212587952613831,0,68,68,247,247,360
24.png,tray2.png,03.png,07.png,13.png,17.png,23.png,27.png,33.png,04.png,06.png,14.png,16.png,08.png,dots2.png,32.png,"[-206, 239]","[-56, 239]","[94, 239]","[244, 239]","[-206, 89]","[-56, 89]","[94, 89]","[244, 89]","[-206, -61]","[-56, -61]","[94, -61]","[244, -61]","[-206, -211]","[-56, -211]","[94, -211]","[244, -211]","[100, 100]","[100, 100]","[100, 100]","[100, 100]","[100, 100]","[100, 100]","[100, 100]","[100, 100]","[100, 100]","[100, 100]","[100, 100]","[100, 100]","[100, 100]","[100, 100]","[100, 100]","[100, 100]",ok.png,"[0, -375]","[150, 100]",440,both,16,3,m,1,1,1,1,0,0,0,0,0,0,0,1.31766951084,1.31766951084137,0,-58,-58,238,238,1,1,0,0,0,0,0,0,0,0.809258878231,0.8092588782310486,0,105,105,-202,-202,204
tray2.png,17.png,07.png,14.png,27.png,33.png,23.png,24.png,04.png,03.png,16.png,12.png,02.png,30.png,20.png,dots2.png,"[-220, 216]","[-70, 216]","[80, 216]","[230, 216]","[-220, 66]","[-70, 66]","[80, 66]","[230, 66]","[-220, -84]","[-70, -84]","[80, -84]","[230, -84]","[-220, -234]","[-70, -234]","[80, -234]","[230, -234]","[100, 100]","[100, 100]","[100, 100]","[100, 100]","[100, 100]","[100, 100]","[100, 100]","[100, 100]","[100, 100]","[100, 100]","[100, 100]","[100, 100]","[100, 100]","[100, 100]","[100, 100]","[100, 100]",ok.png,"[0, -375]","[150, 100]",441,both,16,3,m,1,1,1,1,0,0,0,0,0,0,0,0.64995443821,0.6499544382095337,0,-205,-205,230,230,1,1,0,0,0,0,0,0,0,1.52698886395,1.526988863945007,0,176,176,-241,-241,288
18.png,tray2.png,04.png,13.png,31.png,16.png,22.png,12.png,11.png,32.png,02.png,25.png,09.png,29.png,dots2.png,03.png,"[-201, 247]","[-51, 247]","[99, 247]","[249, 247]","[-201, 97]","[-51, 97]","[99, 97]","[249, 97]","[-201, -53]","[-51, -53]","[99, -53]","[249, -53]","[-201, -203]","[-51, -203]","[99, -203]","[249, -203]","[100, 100]","[100, 100]","[100, 100]","[100, 100]","[100, 100]","[100, 100]","[100, 100]","[100, 100]","[100, 100]","[100, 100]","[100, 100]","[100, 100]","[100, 100]","[100, 100]","[100, 100]","[100, 100]",ok.png,"[0, -375]","[150, 100]",442,both,16,3,m,1,1,1,1,0,0,0,0,0,0,0,1.19140720367,1.191407203674316,0,-34,-34,233,233,1,1,0,0,0,0,0,0,0,0.999086201191,0.9990862011909484,0,91,91,-161,-161,285
15.png,08.png,tray2.png,03.png,25.png,28.png,27.png,01.png,23.png,07.png,30.png,21.png,05.png,dots2.png,13.png,16.png,"[-204, 224]","[-54, 224]","[96, 224]","[246, 224]","[-204, 74]","[-54, 74]","[96, 74]","[246, 74]","[-204, -76]","[-54, -76]","[96, -76]","[246, -76]","[-204, -226]","[-54, -226]","[96, -226]","[246, -226]","[100, 100]","[100, 100]","[100, 100]","[100, 100]","[100, 100]","[100, 100]","[100, 100]","[100, 100]","[100, 100]","[100, 100]","[100, 100]","[100, 100]","[100, 100]","[100, 100]","[100, 100]","[100, 100]",ok.png,"[0, -375]","[150, 100]",443,both,16,3,m,1,1,1,1,0,0,0,0,0,0,0,0.853372991085,0.8533729910850525,0,-201,-201,191,191,1,1,0,0,0,0,0,0,0,1.37224173546,1.372241735458374,0,92,92,201,201,393
32.png,07.png,14.png,tray2.png,23.png,02.png,09.png,29.png,28.png,16.png,05.png,20.png,dots2.png,15.png,21.png,06.png,"[-228, 236]","[-78, 236]","[72, 236]","[222, 236]","[-228, 86]","[-78, 86]","[72, 86]","[222, 86]","[-228, -64]","[-78, -64]","[72, -64]","[222, -64]","[-228, -214]","[-78, -214]","[72, -214]","[222, -214]","[100, 100]","[100, 100]","[100, 100]","[100, 100]","[100, 100]","[100, 100]","[100, 100]","[100, 100]","[100, 100]","[100, 100]","[100, 100]","[100, 100]","[100, 100]","[100, 100]","[100, 100]","[100, 100]",ok.png,"[0, -375]","[150, 100]",444,both,16,3,m,1,1,1,1,0,0,0,0,0,0,0,1.11708426476,1.117084264755249,0,219,219,232,232,1,1,0,0,0,0,0,0,0,0.83976328373,0.8397632837295532,0,-229,-229,-217,-217,375
03.png,32.png,21.png,31.png,tray2.png,08.png,30.png,15.png,34.png,19.png,17.png,dots2.png,28.png,01.png,11.png,06.png,"[-245, 208]","[-95, 208]","[55, 208]","[205, 208]","[-245, 58]","[-95, 58]","[55, 58]","[205, 58]","[-245, -92]","[-95, -92]","[55, -92]","[205, -92]","[-245, -242]","[-95, -242]","[55, -242]","[205, -242]","[100, 100]","[100, 100]","[100, 100]","[100, 100]","[100, 100]","[100, 100]","[100, 100]","[100, 100]","[100, 100]","[100, 100]","[100, 100]","[100, 100]","[100, 100]","[100, 100]","[100, 100]","[100, 100]",ok.png,"[0, -375]","[150, 100]",445,both,16,3,m,1,1,1,1,0,0,0,0,0,0,0,1.02674937248,1.0267493724823,0,-258,-258,44,44,1,1,0,0,0,0,0,0,0,0.557171285152,0.5571712851524353,0,218,218,-98,-98,263
28.png,22.png,16.png,13.png,10.png,tray2.png,09.png,07.png,27.png,24.png,dots2.png,32.png,04.png,12.png,03.png,09.png,"[-230, 233]","[-80, 233]","[70, 233]","[220, 233]","[-230, 83]","[-80, 83]","[70, 83]","[220, 83]","[-230, -67]","[-80, -67]","[70, -67]","[220, -67]","[-230, -217]","[-80, -217]","[70, -217]","[220, -217]","[100, 100]","[100, 100]","[100, 100]","[100, 100]","[100, 100]","[100, 100]","[100, 100]","[100, 100]","[100, 100]","[100, 100]","[100, 100]","[100, 100]","[100, 100]","[100, 100]","[100, 100]","[100, 100]",ok.png,"[0, -375]","[150, 100]",446,both,16,3,m,1,1,1,1,0,0,0,0,0,0,0,0.866810619831,0.8668106198310852,0,80,80,-77,-77,1,1,0,0,0,0,0,0,0,0.901439547539,0.9014395475387572,0,-62,-62,58,58,425
30.png,26.png,20.png,34.png,10.png,07.png,tray2.png,01.png,08.png,dots2.png,19.png,33.png,12.png,25.png,14.png,18.png,"[-234, 211]","[-84, 211]","[66, 211]","[216, 211]","[-234, 61]","[-84, 61]","[66, 61]","[216, 61]","[-234, -89]","[-84, -89]","[66, -89]","[216, -89]","[-234, -239]","[-84, -239]","[66, -239]","[216, -239]","[100, 100]","[100, 100]","[100, 100]","[100, 100]","[100, 100]","[100, 100]","[100, 100]","[100, 100]","[100, 100]","[100, 100]","[100, 100]","[100, 100]","[100, 100]","[100, 100]","[100, 100]","[100, 100]",ok.png,"[0, -375]","[150, 100]",447,both,16,3,m,1,1,1,1,0,0,0,0,0,0,0,2.17765450478,2.177654504776001,0,-56,-56,-94,-94,1,1,0,0,0,0,0,0,0,0.83828908205,0.8382890820503235,0,55,55,83,83,1
01.png,33.png,24.png,26.png,30.png,04.png,02.png,tray2.png,dots2.png,25.png,14.png,21.png,18.png,17.png,13.png,11.png,"[-234, 211]","[-84, 211]","[66, 211]","[216, 211]","[-234, 61]","[-84, 61]","[66, 61]","[216, 61]","[-234, -89]","[-84, -89]","[66, -89]","[216, -89]","[-234, -239]","[-84, -239]","[66, -239]","[216, -239]","[100, 100]","[100, 100]","[100, 100]","[100, 100]","[100, 100]","[100, 100]","[100, 100]","[100, 100]","[100, 100]","[100, 100]","[100, 100]","[100, 100]","[100, 100]","[100, 100]","[100, 100]","[100, 100]",ok.png,"[0, -375]","[150, 100]",448,both,16,3,m,1,1,1,1,0,0,0,0,0,0,0,1.28615617752,1.286156177520752,0,-271,-271,-98,-98,1,1,0,0,0,0,0,0,0,0.452226966619,0.4522269666194916,0,290,290,73,73,238
19.png,03.png,29.png,09.png,30.png,26.png,31.png,dots2.png,tray2.png,22.png,07.png,11.png,20.png,10.png,14.png,08.png,"[-250, 247]","[-100, 247]","[50, 247]","[200, 247]","[-250, 97]","[-100, 97]","[50, 97]","[200, 97]","[-250, -53]","[-100, -53]","[50, -53]","[200, -53]","[-250, -203]","[-100, -203]","[50, -203]","[200, -203]","[100, 100]","[100, 100]","[100, 100]","[100, 100]","[100, 100]","[100, 100]","[100, 100]","[100, 100]","[100, 100]","[100, 100]","[100, 100]","[100, 100]","[100, 100]","[100, 100]","[100, 100]","[100, 100]",ok.png,"[0, -375]","[150, 100]",449,both,16,3,m,1,1,1,1,0,0,0,0,0,0,0,0.883933126926,0.8839331269264221,0,218,218,97,97,1,1,0,0,0,0,0,0,0,0.747423171997,0.7474231719970703,0,-244,-244,-55,-55,136
26.png,29.png,32.png,19.png,05.png,14.png,dots2.png,33.png,30.png,tray2.png,21.png,23.png,11.png,13.png,03.png,31.png,"[-222, 214]","[-72, 214]","[78, 214]","[228, 214]","[-222, 64]","[-72, 64]","[78, 64]","[228, 64]","[-222, -86]","[-72, -86]","[78, -86]","[228, -86]","[-222, -236]","[-72, -236]","[78, -236]","[228, -236]","[100, 100]","[100, 100]","[100, 100]","[100, 100]","[100, 100]","[100, 100]","[100, 100]","[100, 100]","[100, 100]","[100, 100]","[100, 100]","[100, 100]","[100, 100]","[100, 100]","[100, 100]","[100, 100]",ok.png,"[0, -375]","[150, 100]",450,both,16,3,m,1,1,1,1,0,0,0,0,0,0,0,0.821262001991,0.821262001991272,0,-51,-51,-101,-101,1,1,0,0,0,0,0,0,0,0.572824120522,0.5728241205215454,0,54,54,38,38,184
NA,NA,NA,NA,NA,NA,NA,NA,NA,NA,NA,NA,NA,NA,NA,NA,NA,NA,NA,NA,NA,NA,NA,NA,NA,NA,NA,NA,NA,NA,NA,NA,NA,NA,NA,NA,NA,NA,NA,NA,NA,NA,NA,NA,NA,NA,NA,NA,NA,NA,NA,NA,NA,NA,NA,NA,NA,NA,NA,NA,NA,NA,NA,NA,NA,NA,NA,NA,NA,NA,NA,NA,NA,NA,NA,NA,NA,NA,NA,NA,NA,NA,NA,NA,NA,NA,NA,NA,NA,NA,NA
extraInfo,NA,NA,NA,NA,NA,NA,NA,NA,NA,NA,NA,NA,NA,NA,NA,NA,NA,NA,NA,NA,NA,NA,NA,NA,NA,NA,NA,NA,NA,NA,NA,NA,NA,NA,NA,NA,NA,NA,NA,NA,NA,NA,NA,NA,NA,NA,NA,NA,NA,NA,NA,NA,NA,NA,NA,NA,NA,NA,NA,NA,NA,NA,NA,NA,NA,NA,NA,NA,NA,NA,NA,NA,NA,NA,NA,NA,NA,NA,NA,NA,NA,NA,NA,NA,NA,NA,NA,NA,NA,NA
expName,sharexp,NA,NA,NA,NA,NA,NA,NA,NA,NA,NA,NA,NA,NA,NA,NA,NA,NA,NA,NA,NA,NA,NA,NA,NA,NA,NA,NA,NA,NA,NA,NA,NA,NA,NA,NA,NA,NA,NA,NA,NA,NA,NA,NA,NA,NA,NA,NA,NA,NA,NA,NA,NA,NA,NA,NA,NA,NA,NA,NA,NA,NA,NA,NA,NA,NA,NA,NA,NA,NA,NA,NA,NA,NA,NA,NA,NA,NA,NA,NA,NA,NA,NA,NA,NA,NA,NA,NA,NA,NA
age,20,NA,NA,NA,NA,NA,NA,NA,NA,NA,NA,NA,NA,NA,NA,NA,NA,NA,NA,NA,NA,NA,NA,NA,NA,NA,NA,NA,NA,NA,NA,NA,NA,NA,NA,NA,NA,NA,NA,NA,NA,NA,NA,NA,NA,NA,NA,NA,NA,NA,NA,NA,NA,NA,NA,NA,NA,NA,NA,NA,NA,NA,NA,NA,NA,NA,NA,NA,NA,NA,NA,NA,NA,NA,NA,NA,NA,NA,NA,NA,NA,NA,NA,NA,NA,NA,NA,NA,NA,NA
frameRate,NA,NA,NA,NA,NA,NA,NA,NA,NA,NA,NA,NA,NA,NA,NA,NA,NA,NA,NA,NA,NA,NA,NA,NA,NA,NA,NA,NA,NA,NA,NA,NA,NA,NA,NA,NA,NA,NA,NA,NA,NA,NA,NA,NA,NA,NA,NA,NA,NA,NA,NA,NA,NA,NA,NA,NA,NA,NA,NA,NA,NA,NA,NA,NA,NA,NA,NA,NA,NA,NA,NA,NA,NA,NA,NA,NA,NA,NA,NA,NA,NA,NA,NA,NA,NA,NA,NA,NA,NA,NA
session,1,NA,NA,NA,NA,NA,NA,NA,NA,NA,NA,NA,NA,NA,NA,NA,NA,NA,NA,NA,NA,NA,NA,NA,NA,NA,NA,NA,NA,NA,NA,NA,NA,NA,NA,NA,NA,NA,NA,NA,NA,NA,NA,NA,NA,NA,NA,NA,NA,NA,NA,NA,NA,NA,NA,NA,NA,NA,NA,NA,NA,NA,NA,NA,NA,NA,NA,NA,NA,NA,NA,NA,NA,NA,NA,NA,NA,NA,NA,NA,NA,NA,NA,NA,NA,NA,NA,NA,NA,NA
date,2019_May_16_1032,NA,NA,NA,NA,NA,NA,NA,NA,NA,NA,NA,NA,NA,NA,NA,NA,NA,NA,NA,NA,NA,NA,NA,NA,NA,NA,NA,NA,NA,NA,NA,NA,NA,NA,NA,NA,NA,NA,NA,NA,NA,NA,NA,NA,NA,NA,NA,NA,NA,NA,NA,NA,NA,NA,NA,NA,NA,NA,NA,NA,NA,NA,NA,NA,NA,NA,NA,NA,NA,NA,NA,NA,NA,NA,NA,NA,NA,NA,NA,NA,NA,NA,NA,NA,NA,NA,NA,NA,NA
participant,27,NA,NA,NA,NA,NA,NA,NA,NA,NA,NA,NA,NA,NA,NA,NA,NA,NA,NA,NA,NA,NA,NA,NA,NA,NA,NA,NA,NA,NA,NA,NA,NA,NA,NA,NA,NA,NA,NA,NA,NA,NA,NA,NA,NA,NA,NA,NA,NA,NA,NA,NA,NA,NA,NA,NA,NA,NA,NA,NA,NA,NA,NA,NA,NA,NA,NA,NA,NA,NA,NA,NA,NA,NA,NA,NA,NA,NA,NA,NA,NA,NA,NA,NA,NA,NA,NA,NA,NA,NA
